arch,method,width,driver,run,label,selectivity,bpts,btps,round,seed,start
a64fx,pivot,128,main_scan_int,1,"and 1",0.00,48.6003,33.2977,1,1,2026-10-07T01:15:33+02:00
a64fx,pivot,128,main_scan_int,1,"and 1",0.00,48.2882,33.7488,1,1,2026-10-07T01:15:33+02:00
a64fx,pivot,128,main_scan_int,1,"and 1",0.00,48.0003,33.7468,1,1,2026-10-07T01:15:33+02:00
a64fx,pivot,128,main_scan_int,1,"and 1",0.00,49.0793,33.8984,1,1,2026-10-07T01:15:33+02:00
a64fx,pivot,128,main_scan_int,1,"and 1",0.00,48.3850,30.2648,1,1,2026-10-07T01:15:33+02:00
a64fx,pivot,128,main_scan_int,1,"and 2",0.03,14.4222,18.1430,1,1,2026-10-07T01:15:33+02:00
a64fx,pivot,128,main_scan_int,1,"and 2",0.03,13.9750,18.2016,1,1,2026-10-07T01:15:33+02:00
a64fx,pivot,128,main_scan_int,1,"and 2",0.03,14.4784,17.8855,1,1,2026-10-07T01:15:33+02:00
a64fx,pivot,128,main_scan_int,1,"and 2",0.03,14.3027,17.3139,1,1,2026-10-07T01:15:33+02:00
a64fx,pivot,128,main_scan_int,1,"and 2",0.03,14.4482,17.9055,1,1,2026-10-07T01:15:33+02:00
a64fx,pivot,128,main_scan_int,1,"and 3",0.10,10.1438,13.3335,1,1,2026-10-07T01:15:33+02:00
a64fx,pivot,128,main_scan_int,1,"and 3",0.10,10.0031,12.9100,1,1,2026-10-07T01:15:33+02:00
a64fx,pivot,128,main_scan_int,1,"and 3",0.10,10.1450,13.3772,1,1,2026-10-07T01:15:33+02:00
a64fx,pivot,128,main_scan_int,1,"and 3",0.10,9.8083,13.3342,1,1,2026-10-07T01:15:33+02:00
a64fx,pivot,128,main_scan_int,1,"and 3",0.10,10.1427,13.3500,1,1,2026-10-07T01:15:33+02:00
a64fx,pivot,128,main_scan_int,1,"and 1",0.00,42.8118,30.9620,1,1,2026-10-07T01:15:33+02:00
a64fx,pivot,128,main_scan_int,1,"and 1",0.00,42.6916,30.7820,1,1,2026-10-07T01:15:33+02:00
a64fx,pivot,128,main_scan_int,1,"and 1",0.00,42.5412,30.8375,1,1,2026-10-07T01:15:33+02:00
a64fx,pivot,128,main_scan_int,1,"and 1",0.00,37.7341,30.6332,1,1,2026-10-07T01:15:33+02:00
a64fx,pivot,128,main_scan_int,1,"and 1",0.00,42.6978,25.8763,1,1,2026-10-07T01:15:33+02:00
a64fx,pivot,128,main_scan_int,1,"and 2",0.04,14.7741,18.1684,1,1,2026-10-07T01:15:33+02:00
a64fx,pivot,128,main_scan_int,1,"and 2",0.04,14.8217,18.1365,1,1,2026-10-07T01:15:33+02:00
a64fx,pivot,128,main_scan_int,1,"and 2",0.04,14.8168,18.1655,1,1,2026-10-07T01:15:33+02:00
a64fx,pivot,128,main_scan_int,1,"and 2",0.04,14.6376,17.6251,1,1,2026-10-07T01:15:33+02:00
a64fx,pivot,128,main_scan_int,1,"and 2",0.04,14.8269,17.7894,1,1,2026-10-07T01:15:33+02:00
a64fx,pivot,128,main_scan_int,1,"and 3",0.13,8.7009,12.1238,1,1,2026-10-07T01:15:33+02:00
a64fx,pivot,128,main_scan_int,1,"and 3",0.13,8.6179,12.1736,1,1,2026-10-07T01:15:33+02:00
a64fx,pivot,128,main_scan_int,1,"and 3",0.13,8.5039,11.6411,1,1,2026-10-07T01:15:33+02:00
a64fx,pivot,128,main_scan_int,1,"and 3",0.13,8.6940,12.1559,1,1,2026-10-07T01:15:33+02:00
a64fx,pivot,128,main_scan_int,1,"and 3",0.13,8.6129,12.1670,1,1,2026-10-07T01:15:33+02:00
a64fx,pivot,128,main_scan_int,1,"and 1",0.01,31.8649,25.7590,1,1,2026-10-07T01:15:33+02:00
a64fx,pivot,128,main_scan_int,1,"and 1",0.01,31.9606,25.7732,1,1,2026-10-07T01:15:33+02:00
a64fx,pivot,128,main_scan_int,1,"and 1",0.01,31.9474,25.8000,1,1,2026-10-07T01:15:33+02:00
a64fx,pivot,128,main_scan_int,1,"and 1",0.01,32.0204,25.8408,1,1,2026-10-07T01:15:33+02:00
a64fx,pivot,128,main_scan_int,1,"and 1",0.01,31.8073,25.8446,1,1,2026-10-07T01:15:33+02:00
a64fx,pivot,128,main_scan_int,1,"and 2",0.07,12.8126,16.4345,1,1,2026-10-07T01:15:33+02:00
a64fx,pivot,128,main_scan_int,1,"and 2",0.07,12.8554,16.4484,1,1,2026-10-07T01:15:33+02:00
a64fx,pivot,128,main_scan_int,1,"and 2",0.07,12.4692,16.4936,1,1,2026-10-07T01:15:33+02:00
a64fx,pivot,128,main_scan_int,1,"and 2",0.07,12.8461,16.4674,1,1,2026-10-07T01:15:33+02:00
a64fx,pivot,128,main_scan_int,1,"and 2",0.07,12.8308,16.4259,1,1,2026-10-07T01:15:33+02:00
a64fx,pivot,128,main_scan_int,1,"and 3",0.17,7.3923,11.1281,1,1,2026-10-07T01:15:33+02:00
a64fx,pivot,128,main_scan_int,1,"and 3",0.17,7.3577,10.8887,1,1,2026-10-07T01:15:33+02:00
a64fx,pivot,128,main_scan_int,1,"and 3",0.17,7.4448,11.1829,1,1,2026-10-07T01:15:33+02:00
a64fx,pivot,128,main_scan_int,1,"and 3",0.17,7.3304,11.1744,1,1,2026-10-07T01:15:33+02:00
a64fx,pivot,128,main_scan_int,1,"and 3",0.17,7.3971,11.0744,1,1,2026-10-07T01:15:33+02:00
a64fx,pivot,128,main_scan_int,1,"and 1",0.01,24.8245,21.2900,1,1,2026-10-07T01:15:33+02:00
a64fx,pivot,128,main_scan_int,1,"and 1",0.01,24.7454,21.2917,1,1,2026-10-07T01:15:33+02:00
a64fx,pivot,128,main_scan_int,1,"and 1",0.01,24.6769,21.3348,1,1,2026-10-07T01:15:33+02:00
a64fx,pivot,128,main_scan_int,1,"and 1",0.01,24.7886,21.3332,1,1,2026-10-07T01:15:33+02:00
a64fx,pivot,128,main_scan_int,1,"and 1",0.01,22.1978,21.2105,1,1,2026-10-07T01:15:33+02:00
a64fx,pivot,128,main_scan_int,1,"and 2",0.10,10.5034,13.6761,1,1,2026-10-07T01:15:33+02:00
a64fx,pivot,128,main_scan_int,1,"and 2",0.10,10.6055,14.2556,1,1,2026-10-07T01:15:33+02:00
a64fx,pivot,128,main_scan_int,1,"and 2",0.10,10.4133,13.8183,1,1,2026-10-07T01:15:33+02:00
a64fx,pivot,128,main_scan_int,1,"and 2",0.10,10.6106,14.2553,1,1,2026-10-07T01:15:33+02:00
a64fx,pivot,128,main_scan_int,1,"and 2",0.10,10.3102,13.7971,1,1,2026-10-07T01:15:33+02:00
a64fx,pivot,128,main_scan_int,1,"and 3",0.22,6.6848,10.6932,1,1,2026-10-07T01:15:33+02:00
a64fx,pivot,128,main_scan_int,1,"and 3",0.22,6.6027,10.6595,1,1,2026-10-07T01:15:33+02:00
a64fx,pivot,128,main_scan_int,1,"and 3",0.22,6.4491,10.5774,1,1,2026-10-07T01:15:33+02:00
a64fx,pivot,128,main_scan_int,1,"and 3",0.22,6.5636,10.2048,1,1,2026-10-07T01:15:33+02:00
a64fx,pivot,128,main_scan_int,1,"and 3",0.22,6.6485,10.4548,1,1,2026-10-07T01:15:33+02:00
a64fx,pivot,128,main_scan_int,1,"and 1",0.02,20.9445,16.6918,1,1,2026-10-07T01:15:33+02:00
a64fx,pivot,128,main_scan_int,1,"and 1",0.02,21.0511,16.7605,1,1,2026-10-07T01:15:33+02:00
a64fx,pivot,128,main_scan_int,1,"and 1",0.02,20.9746,16.7045,1,1,2026-10-07T01:15:33+02:00
a64fx,pivot,128,main_scan_int,1,"and 1",0.02,20.3750,15.8792,1,1,2026-10-07T01:15:33+02:00
a64fx,pivot,128,main_scan_int,1,"and 1",0.02,20.9474,16.7222,1,1,2026-10-07T01:15:33+02:00
a64fx,pivot,128,main_scan_int,1,"and 2",0.14,8.5565,11.8211,1,1,2026-10-07T01:15:33+02:00
a64fx,pivot,128,main_scan_int,1,"and 2",0.14,8.6444,11.7302,1,1,2026-10-07T01:15:33+02:00
a64fx,pivot,128,main_scan_int,1,"and 2",0.14,8.8108,11.8094,1,1,2026-10-07T01:15:33+02:00
a64fx,pivot,128,main_scan_int,1,"and 2",0.14,8.6729,11.6817,1,1,2026-10-07T01:15:33+02:00
a64fx,pivot,128,main_scan_int,1,"and 2",0.14,8.8216,11.8508,1,1,2026-10-07T01:15:33+02:00
a64fx,pivot,128,main_scan_int,1,"and 3",0.27,5.5869,9.3935,1,1,2026-10-07T01:15:33+02:00
a64fx,pivot,128,main_scan_int,1,"and 3",0.27,5.6196,9.3377,1,1,2026-10-07T01:15:33+02:00
a64fx,pivot,128,main_scan_int,1,"and 3",0.27,5.5881,9.1916,1,1,2026-10-07T01:15:33+02:00
a64fx,pivot,128,main_scan_int,1,"and 3",0.27,5.5948,9.2649,1,1,2026-10-07T01:15:33+02:00
a64fx,pivot,128,main_scan_int,1,"and 3",0.27,5.6118,9.1849,1,1,2026-10-07T01:15:33+02:00
a64fx,pivot,128,main_scan_int,1,"and 1",0.05,25.4298,11.9761,1,1,2026-10-07T01:15:33+02:00
a64fx,pivot,128,main_scan_int,1,"and 1",0.05,25.5093,11.9658,1,1,2026-10-07T01:15:33+02:00
a64fx,pivot,128,main_scan_int,1,"and 1",0.05,25.5600,11.9522,1,1,2026-10-07T01:15:33+02:00
a64fx,pivot,128,main_scan_int,1,"and 1",0.05,25.5363,11.3289,1,1,2026-10-07T01:15:33+02:00
a64fx,pivot,128,main_scan_int,1,"and 1",0.05,25.4760,11.9492,1,1,2026-10-07T01:15:33+02:00
a64fx,pivot,128,main_scan_int,1,"and 2",0.22,7.7449,8.9893,1,1,2026-10-07T01:15:33+02:00
a64fx,pivot,128,main_scan_int,1,"and 2",0.22,7.8581,8.8553,1,1,2026-10-07T01:15:33+02:00
a64fx,pivot,128,main_scan_int,1,"and 2",0.22,7.8034,8.9948,1,1,2026-10-07T01:15:33+02:00
a64fx,pivot,128,main_scan_int,1,"and 2",0.22,7.8441,9.2505,1,1,2026-10-07T01:15:33+02:00
a64fx,pivot,128,main_scan_int,1,"and 2",0.22,7.6853,9.2419,1,1,2026-10-07T01:15:33+02:00
a64fx,pivot,128,main_scan_int,1,"and 3",0.37,4.5701,7.5105,1,1,2026-10-07T01:15:33+02:00
a64fx,pivot,128,main_scan_int,1,"and 3",0.37,4.5789,7.4896,1,1,2026-10-07T01:15:33+02:00
a64fx,pivot,128,main_scan_int,1,"and 3",0.37,4.5853,7.5606,1,1,2026-10-07T01:15:33+02:00
a64fx,pivot,128,main_scan_int,1,"and 3",0.37,4.5708,7.3553,1,1,2026-10-07T01:15:33+02:00
a64fx,pivot,128,main_scan_int,1,"and 3",0.37,4.5854,7.3914,1,1,2026-10-07T01:15:33+02:00
a64fx,pivot,128,main_scan_int,1,"and 1",0.10,19.0577,9.4697,1,1,2026-10-07T01:15:33+02:00
a64fx,pivot,128,main_scan_int,1,"and 1",0.10,19.0998,9.7089,1,1,2026-10-07T01:15:33+02:00
a64fx,pivot,128,main_scan_int,1,"and 1",0.10,19.0559,9.5357,1,1,2026-10-07T01:15:33+02:00
a64fx,pivot,128,main_scan_int,1,"and 1",0.10,19.0646,9.7027,1,1,2026-10-07T01:15:33+02:00
a64fx,pivot,128,main_scan_int,1,"and 1",0.10,18.3793,9.4868,1,1,2026-10-07T01:15:33+02:00
a64fx,pivot,128,main_scan_int,1,"and 2",0.32,5.8525,7.6966,1,1,2026-10-07T01:15:33+02:00
a64fx,pivot,128,main_scan_int,1,"and 2",0.32,5.8459,7.7027,1,1,2026-10-07T01:15:33+02:00
a64fx,pivot,128,main_scan_int,1,"and 2",0.32,5.8023,7.8559,1,1,2026-10-07T01:15:33+02:00
a64fx,pivot,128,main_scan_int,1,"and 2",0.32,5.8798,7.7231,1,1,2026-10-07T01:15:33+02:00
a64fx,pivot,128,main_scan_int,1,"and 2",0.32,5.8276,7.6682,1,1,2026-10-07T01:15:33+02:00
a64fx,pivot,128,main_scan_int,1,"and 3",0.46,3.6776,6.4921,1,1,2026-10-07T01:15:33+02:00
a64fx,pivot,128,main_scan_int,1,"and 3",0.46,3.6197,6.5992,1,1,2026-10-07T01:15:33+02:00
a64fx,pivot,128,main_scan_int,1,"and 3",0.46,3.6483,6.5145,1,1,2026-10-07T01:15:33+02:00
a64fx,pivot,128,main_scan_int,1,"and 3",0.46,3.6572,6.5483,1,1,2026-10-07T01:15:33+02:00
a64fx,pivot,128,main_scan_int,1,"and 3",0.46,3.6629,6.5126,1,1,2026-10-07T01:15:33+02:00
a64fx,pivot,128,main_scan_int,1,"and 1",0.20,11.3995,8.3679,1,1,2026-10-07T01:15:33+02:00
a64fx,pivot,128,main_scan_int,1,"and 1",0.20,11.7179,8.4002,1,1,2026-10-07T01:15:33+02:00
a64fx,pivot,128,main_scan_int,1,"and 1",0.20,11.7236,8.4858,1,1,2026-10-07T01:15:33+02:00
a64fx,pivot,128,main_scan_int,1,"and 1",0.20,11.3668,8.3053,1,1,2026-10-07T01:15:33+02:00
a64fx,pivot,128,main_scan_int,1,"and 1",0.20,11.6999,8.2369,1,1,2026-10-07T01:15:33+02:00
a64fx,pivot,128,main_scan_int,1,"and 2",0.45,4.2550,6.9128,1,1,2026-10-07T01:15:33+02:00
a64fx,pivot,128,main_scan_int,1,"and 2",0.45,4.2507,6.9138,1,1,2026-10-07T01:15:33+02:00
a64fx,pivot,128,main_scan_int,1,"and 2",0.45,4.2854,7.0222,1,1,2026-10-07T01:15:33+02:00
a64fx,pivot,128,main_scan_int,1,"and 2",0.45,4.2582,6.8994,1,1,2026-10-07T01:15:33+02:00
a64fx,pivot,128,main_scan_int,1,"and 2",0.45,3.8950,6.9682,1,1,2026-10-07T01:15:33+02:00
a64fx,pivot,128,main_scan_int,1,"and 3",0.58,3.4756,5.9544,1,1,2026-10-07T01:15:33+02:00
a64fx,pivot,128,main_scan_int,1,"and 3",0.58,3.4730,5.9474,1,1,2026-10-07T01:15:33+02:00
a64fx,pivot,128,main_scan_int,1,"and 3",0.58,3.3946,5.9733,1,1,2026-10-07T01:15:33+02:00
a64fx,pivot,128,main_scan_int,1,"and 3",0.58,3.3068,5.9519,1,1,2026-10-07T01:15:33+02:00
a64fx,pivot,128,main_scan_int,1,"and 3",0.58,3.4892,5.8888,1,1,2026-10-07T01:15:33+02:00
a64fx,pivot,128,main_scan_int,1,"and 1",0.50,5.8299,7.5083,1,1,2026-10-07T01:15:33+02:00
a64fx,pivot,128,main_scan_int,1,"and 1",0.50,5.9102,7.4606,1,1,2026-10-07T01:15:33+02:00
a64fx,pivot,128,main_scan_int,1,"and 1",0.50,5.8654,7.2487,1,1,2026-10-07T01:15:33+02:00
a64fx,pivot,128,main_scan_int,1,"and 1",0.50,5.8085,7.5184,1,1,2026-10-07T01:15:33+02:00
a64fx,pivot,128,main_scan_int,1,"and 1",0.50,5.8248,7.5068,1,1,2026-10-07T01:15:33+02:00
a64fx,pivot,128,main_scan_int,1,"and 2",0.71,5.2928,6.3039,1,1,2026-10-07T01:15:33+02:00
a64fx,pivot,128,main_scan_int,1,"and 2",0.71,5.4069,6.1913,1,1,2026-10-07T01:15:33+02:00
a64fx,pivot,128,main_scan_int,1,"and 2",0.71,5.3958,6.2603,1,1,2026-10-07T01:15:33+02:00
a64fx,pivot,128,main_scan_int,1,"and 2",0.71,5.4134,6.3542,1,1,2026-10-07T01:15:33+02:00
a64fx,pivot,128,main_scan_int,1,"and 2",0.71,5.4701,6.2627,1,1,2026-10-07T01:15:33+02:00
a64fx,pivot,128,main_scan_int,1,"and 3",0.79,5.1847,5.4762,1,1,2026-10-07T01:15:33+02:00
a64fx,pivot,128,main_scan_int,1,"and 3",0.79,5.1751,5.4647,1,1,2026-10-07T01:15:33+02:00
a64fx,pivot,128,main_scan_int,1,"and 3",0.79,5.2138,5.4721,1,1,2026-10-07T01:15:33+02:00
a64fx,pivot,128,main_scan_int,1,"and 3",0.79,5.2188,5.4454,1,1,2026-10-07T01:15:33+02:00
a64fx,pivot,128,main_scan_int,1,"and 3",0.79,5.1630,5.4861,1,1,2026-10-07T01:15:33+02:00
a64fx,pivot,128,main_scan_int,1,"and 1",1.00,31.9241,27.5886,1,1,2026-10-07T01:15:33+02:00
a64fx,pivot,128,main_scan_int,1,"and 1",1.00,32.0198,27.7033,1,1,2026-10-07T01:15:33+02:00
a64fx,pivot,128,main_scan_int,1,"and 1",1.00,31.9023,27.3709,1,1,2026-10-07T01:15:33+02:00
a64fx,pivot,128,main_scan_int,1,"and 1",1.00,31.8039,27.6077,1,1,2026-10-07T01:15:33+02:00
a64fx,pivot,128,main_scan_int,1,"and 1",1.00,31.8562,27.5983,1,1,2026-10-07T01:15:33+02:00
a64fx,pivot,128,main_scan_int,1,"and 2",1.00,25.0862,17.0516,1,1,2026-10-07T01:15:33+02:00
a64fx,pivot,128,main_scan_int,1,"and 2",1.00,24.8577,16.3578,1,1,2026-10-07T01:15:33+02:00
a64fx,pivot,128,main_scan_int,1,"and 2",1.00,26.0429,16.5284,1,1,2026-10-07T01:15:33+02:00
a64fx,pivot,128,main_scan_int,1,"and 2",1.00,26.3236,17.1616,1,1,2026-10-07T01:15:33+02:00
a64fx,pivot,128,main_scan_int,1,"and 2",1.00,26.2630,17.2038,1,1,2026-10-07T01:15:33+02:00
a64fx,pivot,128,main_scan_int,1,"and 3",1.00,9.5335,11.6815,1,1,2026-10-07T01:15:33+02:00
a64fx,pivot,128,main_scan_int,1,"and 3",1.00,9.8094,12.1590,1,1,2026-10-07T01:15:33+02:00
a64fx,pivot,128,main_scan_int,1,"and 3",1.00,9.5134,12.1378,1,1,2026-10-07T01:15:33+02:00
a64fx,pivot,128,main_scan_int,1,"and 3",1.00,9.4881,11.8599,1,1,2026-10-07T01:15:33+02:00
a64fx,pivot,128,main_scan_int,1,"and 3",1.00,9.6528,11.7002,1,1,2026-10-07T01:15:33+02:00
a64fx,pivot,256,main_scan_int,1,"and 1",0.00,48.8034,26.4727,1,1,2026-10-07T01:15:41+02:00
a64fx,pivot,256,main_scan_int,1,"and 1",0.00,48.4417,27.3002,1,1,2026-10-07T01:15:41+02:00
a64fx,pivot,256,main_scan_int,1,"and 1",0.00,48.0695,27.4053,1,1,2026-10-07T01:15:41+02:00
a64fx,pivot,256,main_scan_int,1,"and 1",0.00,48.4778,27.2443,1,1,2026-10-07T01:15:41+02:00
a64fx,pivot,256,main_scan_int,1,"and 1",0.00,48.4027,27.4173,1,1,2026-10-07T01:15:41+02:00
a64fx,pivot,256,main_scan_int,1,"and 2",0.03,14.2706,15.1056,1,1,2026-10-07T01:15:41+02:00
a64fx,pivot,256,main_scan_int,1,"and 2",0.03,14.4593,15.1320,1,1,2026-10-07T01:15:41+02:00
a64fx,pivot,256,main_scan_int,1,"and 2",0.03,14.1826,14.4897,1,1,2026-10-07T01:15:41+02:00
a64fx,pivot,256,main_scan_int,1,"and 2",0.03,14.4652,15.2169,1,1,2026-10-07T01:15:41+02:00
a64fx,pivot,256,main_scan_int,1,"and 2",0.03,14.4625,15.1261,1,1,2026-10-07T01:15:41+02:00
a64fx,pivot,256,main_scan_int,1,"and 3",0.10,9.9047,10.8265,1,1,2026-10-07T01:15:41+02:00
a64fx,pivot,256,main_scan_int,1,"and 3",0.10,9.8458,10.9042,1,1,2026-10-07T01:15:41+02:00
a64fx,pivot,256,main_scan_int,1,"and 3",0.10,10.0914,11.0692,1,1,2026-10-07T01:15:41+02:00
a64fx,pivot,256,main_scan_int,1,"and 3",0.10,9.5720,10.9783,1,1,2026-10-07T01:15:41+02:00
a64fx,pivot,256,main_scan_int,1,"and 3",0.10,10.1298,11.0947,1,1,2026-10-07T01:15:41+02:00
a64fx,pivot,256,main_scan_int,1,"and 1",0.00,36.5083,24.8816,1,1,2026-10-07T01:15:41+02:00
a64fx,pivot,256,main_scan_int,1,"and 1",0.00,37.3477,24.8365,1,1,2026-10-07T01:15:41+02:00
a64fx,pivot,256,main_scan_int,1,"and 1",0.00,38.9213,24.8435,1,1,2026-10-07T01:15:41+02:00
a64fx,pivot,256,main_scan_int,1,"and 1",0.00,42.1066,24.8723,1,1,2026-10-07T01:15:41+02:00
a64fx,pivot,256,main_scan_int,1,"and 1",0.00,42.1457,24.8601,1,1,2026-10-07T01:15:41+02:00
a64fx,pivot,256,main_scan_int,1,"and 2",0.04,14.4905,15.0812,1,1,2026-10-07T01:15:41+02:00
a64fx,pivot,256,main_scan_int,1,"and 2",0.04,14.9400,14.8011,1,1,2026-10-07T01:15:41+02:00
a64fx,pivot,256,main_scan_int,1,"and 2",0.04,14.9507,15.1208,1,1,2026-10-07T01:15:41+02:00
a64fx,pivot,256,main_scan_int,1,"and 2",0.04,14.2818,14.4524,1,1,2026-10-07T01:15:41+02:00
a64fx,pivot,256,main_scan_int,1,"and 2",0.04,14.8992,15.0937,1,1,2026-10-07T01:15:41+02:00
a64fx,pivot,256,main_scan_int,1,"and 3",0.13,8.5566,9.8855,1,1,2026-10-07T01:15:41+02:00
a64fx,pivot,256,main_scan_int,1,"and 3",0.13,8.6614,10.0191,1,1,2026-10-07T01:15:41+02:00
a64fx,pivot,256,main_scan_int,1,"and 3",0.13,8.5969,10.0488,1,1,2026-10-07T01:15:41+02:00
a64fx,pivot,256,main_scan_int,1,"and 3",0.13,8.5341,9.6767,1,1,2026-10-07T01:15:41+02:00
a64fx,pivot,256,main_scan_int,1,"and 3",0.13,8.6658,10.0675,1,1,2026-10-07T01:15:41+02:00
a64fx,pivot,256,main_scan_int,1,"and 1",0.01,32.0607,19.5400,1,1,2026-10-07T01:15:41+02:00
a64fx,pivot,256,main_scan_int,1,"and 1",0.01,31.8124,19.8091,1,1,2026-10-07T01:15:41+02:00
a64fx,pivot,256,main_scan_int,1,"and 1",0.01,31.5745,19.8824,1,1,2026-10-07T01:15:41+02:00
a64fx,pivot,256,main_scan_int,1,"and 1",0.01,31.8645,20.6222,1,1,2026-10-07T01:15:41+02:00
a64fx,pivot,256,main_scan_int,1,"and 1",0.01,31.8471,20.6247,1,1,2026-10-07T01:15:41+02:00
a64fx,pivot,256,main_scan_int,1,"and 2",0.07,12.4584,13.3456,1,1,2026-10-07T01:15:41+02:00
a64fx,pivot,256,main_scan_int,1,"and 2",0.07,12.8249,12.6439,1,1,2026-10-07T01:15:41+02:00
a64fx,pivot,256,main_scan_int,1,"and 2",0.07,12.8329,13.4496,1,1,2026-10-07T01:15:41+02:00
a64fx,pivot,256,main_scan_int,1,"and 2",0.07,11.8765,12.8302,1,1,2026-10-07T01:15:41+02:00
a64fx,pivot,256,main_scan_int,1,"and 2",0.07,12.8495,13.4646,1,1,2026-10-07T01:15:41+02:00
a64fx,pivot,256,main_scan_int,1,"and 3",0.17,7.3373,8.9711,1,1,2026-10-07T01:15:41+02:00
a64fx,pivot,256,main_scan_int,1,"and 3",0.17,7.3296,8.8913,1,1,2026-10-07T01:15:41+02:00
a64fx,pivot,256,main_scan_int,1,"and 3",0.17,7.3986,9.0207,1,1,2026-10-07T01:15:41+02:00
a64fx,pivot,256,main_scan_int,1,"and 3",0.17,7.4025,9.0662,1,1,2026-10-07T01:15:41+02:00
a64fx,pivot,256,main_scan_int,1,"and 3",0.17,7.4078,9.0021,1,1,2026-10-07T01:15:41+02:00
a64fx,pivot,256,main_scan_int,1,"and 1",0.01,24.5456,16.9353,1,1,2026-10-07T01:15:41+02:00
a64fx,pivot,256,main_scan_int,1,"and 1",0.01,24.7619,17.4331,1,1,2026-10-07T01:15:41+02:00
a64fx,pivot,256,main_scan_int,1,"and 1",0.01,24.6875,17.4998,1,1,2026-10-07T01:15:41+02:00
a64fx,pivot,256,main_scan_int,1,"and 1",0.01,24.7411,17.5016,1,1,2026-10-07T01:15:41+02:00
a64fx,pivot,256,main_scan_int,1,"and 1",0.01,24.7020,17.5099,1,1,2026-10-07T01:15:41+02:00
a64fx,pivot,256,main_scan_int,1,"and 2",0.10,10.1250,11.4758,1,1,2026-10-07T01:15:41+02:00
a64fx,pivot,256,main_scan_int,1,"and 2",0.10,10.6053,11.7240,1,1,2026-10-07T01:15:41+02:00
a64fx,pivot,256,main_scan_int,1,"and 2",0.10,10.2849,11.4762,1,1,2026-10-07T01:15:41+02:00
a64fx,pivot,256,main_scan_int,1,"and 2",0.10,10.6065,11.7404,1,1,2026-10-07T01:15:41+02:00
a64fx,pivot,256,main_scan_int,1,"and 2",0.10,8.5762,11.7594,1,1,2026-10-07T01:15:41+02:00
a64fx,pivot,256,main_scan_int,1,"and 3",0.22,6.6532,8.7255,1,1,2026-10-07T01:15:41+02:00
a64fx,pivot,256,main_scan_int,1,"and 3",0.22,6.5909,8.7522,1,1,2026-10-07T01:15:41+02:00
a64fx,pivot,256,main_scan_int,1,"and 3",0.22,6.5590,8.7396,1,1,2026-10-07T01:15:41+02:00
a64fx,pivot,256,main_scan_int,1,"and 3",0.22,6.5910,8.7324,1,1,2026-10-07T01:15:41+02:00
a64fx,pivot,256,main_scan_int,1,"and 3",0.22,6.6100,8.7215,1,1,2026-10-07T01:15:41+02:00
a64fx,pivot,256,main_scan_int,1,"and 1",0.02,20.8123,14.2524,1,1,2026-10-07T01:15:41+02:00
a64fx,pivot,256,main_scan_int,1,"and 1",0.02,20.1288,13.7933,1,1,2026-10-07T01:15:41+02:00
a64fx,pivot,256,main_scan_int,1,"and 1",0.02,20.8135,14.0644,1,1,2026-10-07T01:15:41+02:00
a64fx,pivot,256,main_scan_int,1,"and 1",0.02,20.8150,14.2108,1,1,2026-10-07T01:15:41+02:00
a64fx,pivot,256,main_scan_int,1,"and 1",0.02,20.8940,14.2254,1,1,2026-10-07T01:15:41+02:00
a64fx,pivot,256,main_scan_int,1,"and 2",0.14,8.7779,9.9654,1,1,2026-10-07T01:15:41+02:00
a64fx,pivot,256,main_scan_int,1,"and 2",0.14,8.7792,9.9540,1,1,2026-10-07T01:15:41+02:00
a64fx,pivot,256,main_scan_int,1,"and 2",0.14,8.6746,9.8799,1,1,2026-10-07T01:15:41+02:00
a64fx,pivot,256,main_scan_int,1,"and 2",0.14,8.7065,9.7488,1,1,2026-10-07T01:15:41+02:00
a64fx,pivot,256,main_scan_int,1,"and 2",0.14,8.7904,9.9454,1,1,2026-10-07T01:15:41+02:00
a64fx,pivot,256,main_scan_int,1,"and 3",0.27,5.5931,7.7587,1,1,2026-10-07T01:15:41+02:00
a64fx,pivot,256,main_scan_int,1,"and 3",0.27,5.6091,7.7721,1,1,2026-10-07T01:15:41+02:00
a64fx,pivot,256,main_scan_int,1,"and 3",0.27,5.6160,7.7439,1,1,2026-10-07T01:15:41+02:00
a64fx,pivot,256,main_scan_int,1,"and 3",0.27,5.6055,7.8631,1,1,2026-10-07T01:15:41+02:00
a64fx,pivot,256,main_scan_int,1,"and 3",0.27,5.6153,7.8467,1,1,2026-10-07T01:15:41+02:00
a64fx,pivot,256,main_scan_int,1,"and 1",0.05,23.7602,10.5549,1,1,2026-10-07T01:15:41+02:00
a64fx,pivot,256,main_scan_int,1,"and 1",0.05,25.5699,10.6983,1,1,2026-10-07T01:15:41+02:00
a64fx,pivot,256,main_scan_int,1,"and 1",0.05,25.1795,10.4059,1,1,2026-10-07T01:15:41+02:00
a64fx,pivot,256,main_scan_int,1,"and 1",0.05,25.1334,10.5711,1,1,2026-10-07T01:15:41+02:00
a64fx,pivot,256,main_scan_int,1,"and 1",0.05,25.1605,10.6115,1,1,2026-10-07T01:15:41+02:00
a64fx,pivot,256,main_scan_int,1,"and 2",0.22,7.7170,7.9779,1,1,2026-10-07T01:15:41+02:00
a64fx,pivot,256,main_scan_int,1,"and 2",0.22,7.7113,7.9040,1,1,2026-10-07T01:15:41+02:00
a64fx,pivot,256,main_scan_int,1,"and 2",0.22,7.6563,8.0399,1,1,2026-10-07T01:15:41+02:00
a64fx,pivot,256,main_scan_int,1,"and 2",0.22,7.7253,8.0213,1,1,2026-10-07T01:15:41+02:00
a64fx,pivot,256,main_scan_int,1,"and 2",0.22,7.7366,7.9984,1,1,2026-10-07T01:15:41+02:00
a64fx,pivot,256,main_scan_int,1,"and 3",0.37,4.5599,6.2786,1,1,2026-10-07T01:15:41+02:00
a64fx,pivot,256,main_scan_int,1,"and 3",0.37,4.5606,6.4463,1,1,2026-10-07T01:15:41+02:00
a64fx,pivot,256,main_scan_int,1,"and 3",0.37,4.5990,6.5183,1,1,2026-10-07T01:15:41+02:00
a64fx,pivot,256,main_scan_int,1,"and 3",0.37,4.5651,6.4633,1,1,2026-10-07T01:15:41+02:00
a64fx,pivot,256,main_scan_int,1,"and 3",0.37,4.5563,6.5189,1,1,2026-10-07T01:15:41+02:00
a64fx,pivot,256,main_scan_int,1,"and 1",0.10,18.0915,8.7673,1,1,2026-10-07T01:15:41+02:00
a64fx,pivot,256,main_scan_int,1,"and 1",0.10,19.0634,8.8655,1,1,2026-10-07T01:15:41+02:00
a64fx,pivot,256,main_scan_int,1,"and 1",0.10,19.1215,8.7720,1,1,2026-10-07T01:15:41+02:00
a64fx,pivot,256,main_scan_int,1,"and 1",0.10,19.1249,8.7558,1,1,2026-10-07T01:15:41+02:00
a64fx,pivot,256,main_scan_int,1,"and 1",0.10,19.0997,8.8539,1,1,2026-10-07T01:15:41+02:00
a64fx,pivot,256,main_scan_int,1,"and 2",0.32,5.8745,6.8932,1,1,2026-10-07T01:15:41+02:00
a64fx,pivot,256,main_scan_int,1,"and 2",0.32,5.8838,6.8285,1,1,2026-10-07T01:15:41+02:00
a64fx,pivot,256,main_scan_int,1,"and 2",0.32,5.8794,6.8571,1,1,2026-10-07T01:15:41+02:00
a64fx,pivot,256,main_scan_int,1,"and 2",0.32,5.9098,6.9683,1,1,2026-10-07T01:15:41+02:00
a64fx,pivot,256,main_scan_int,1,"and 2",0.32,5.9151,6.8437,1,1,2026-10-07T01:15:41+02:00
a64fx,pivot,256,main_scan_int,1,"and 3",0.46,3.6749,5.7068,1,1,2026-10-07T01:15:41+02:00
a64fx,pivot,256,main_scan_int,1,"and 3",0.46,3.6629,5.6687,1,1,2026-10-07T01:15:41+02:00
a64fx,pivot,256,main_scan_int,1,"and 3",0.46,3.6750,5.6726,1,1,2026-10-07T01:15:41+02:00
a64fx,pivot,256,main_scan_int,1,"and 3",0.46,3.6483,5.6345,1,1,2026-10-07T01:15:41+02:00
a64fx,pivot,256,main_scan_int,1,"and 3",0.46,3.6884,5.6871,1,1,2026-10-07T01:15:41+02:00
a64fx,pivot,256,main_scan_int,1,"and 1",0.20,11.7335,7.6380,1,1,2026-10-07T01:15:41+02:00
a64fx,pivot,256,main_scan_int,1,"and 1",0.20,11.7549,7.6884,1,1,2026-10-07T01:15:41+02:00
a64fx,pivot,256,main_scan_int,1,"and 1",0.20,11.7404,7.6944,1,1,2026-10-07T01:15:41+02:00
a64fx,pivot,256,main_scan_int,1,"and 1",0.20,11.4870,7.6187,1,1,2026-10-07T01:15:41+02:00
a64fx,pivot,256,main_scan_int,1,"and 1",0.20,11.7405,7.5648,1,1,2026-10-07T01:15:41+02:00
a64fx,pivot,256,main_scan_int,1,"and 2",0.45,4.2601,6.1199,1,1,2026-10-07T01:15:41+02:00
a64fx,pivot,256,main_scan_int,1,"and 2",0.45,4.2735,6.1379,1,1,2026-10-07T01:15:41+02:00
a64fx,pivot,256,main_scan_int,1,"and 2",0.45,4.2526,6.1146,1,1,2026-10-07T01:15:41+02:00
a64fx,pivot,256,main_scan_int,1,"and 2",0.45,4.2677,6.1957,1,1,2026-10-07T01:15:41+02:00
a64fx,pivot,256,main_scan_int,1,"and 2",0.45,4.2602,6.1180,1,1,2026-10-07T01:15:41+02:00
a64fx,pivot,256,main_scan_int,1,"and 3",0.58,3.4960,5.2036,1,1,2026-10-07T01:15:41+02:00
a64fx,pivot,256,main_scan_int,1,"and 3",0.58,3.4995,5.1985,1,1,2026-10-07T01:15:41+02:00
a64fx,pivot,256,main_scan_int,1,"and 3",0.58,3.5149,5.2032,1,1,2026-10-07T01:15:41+02:00
a64fx,pivot,256,main_scan_int,1,"and 3",0.58,3.5095,5.2159,1,1,2026-10-07T01:15:41+02:00
a64fx,pivot,256,main_scan_int,1,"and 3",0.58,3.5054,5.1970,1,1,2026-10-07T01:15:41+02:00
a64fx,pivot,256,main_scan_int,1,"and 1",0.50,5.8529,6.7992,1,1,2026-10-07T01:15:41+02:00
a64fx,pivot,256,main_scan_int,1,"and 1",0.50,5.8970,6.7496,1,1,2026-10-07T01:15:41+02:00
a64fx,pivot,256,main_scan_int,1,"and 1",0.50,5.8646,6.7424,1,1,2026-10-07T01:15:41+02:00
a64fx,pivot,256,main_scan_int,1,"and 1",0.50,5.8068,6.7833,1,1,2026-10-07T01:15:41+02:00
a64fx,pivot,256,main_scan_int,1,"and 1",0.50,5.8008,6.6537,1,1,2026-10-07T01:15:41+02:00
a64fx,pivot,256,main_scan_int,1,"and 2",0.71,5.4427,5.5543,1,1,2026-10-07T01:15:41+02:00
a64fx,pivot,256,main_scan_int,1,"and 2",0.71,5.3570,5.5619,1,1,2026-10-07T01:15:41+02:00
a64fx,pivot,256,main_scan_int,1,"and 2",0.71,5.4040,5.5676,1,1,2026-10-07T01:15:41+02:00
a64fx,pivot,256,main_scan_int,1,"and 2",0.71,5.4412,5.5065,1,1,2026-10-07T01:15:41+02:00
a64fx,pivot,256,main_scan_int,1,"and 2",0.71,5.4401,5.5273,1,1,2026-10-07T01:15:41+02:00
a64fx,pivot,256,main_scan_int,1,"and 3",0.79,5.1705,4.7559,1,1,2026-10-07T01:15:41+02:00
a64fx,pivot,256,main_scan_int,1,"and 3",0.79,5.1933,4.7592,1,1,2026-10-07T01:15:41+02:00
a64fx,pivot,256,main_scan_int,1,"and 3",0.79,5.1952,4.7128,1,1,2026-10-07T01:15:41+02:00
a64fx,pivot,256,main_scan_int,1,"and 3",0.79,5.2002,4.7330,1,1,2026-10-07T01:15:41+02:00
a64fx,pivot,256,main_scan_int,1,"and 3",0.79,5.1875,4.7743,1,1,2026-10-07T01:15:41+02:00
a64fx,pivot,256,main_scan_int,1,"and 1",1.00,31.7431,25.1849,1,1,2026-10-07T01:15:41+02:00
a64fx,pivot,256,main_scan_int,1,"and 1",1.00,31.8399,24.9200,1,1,2026-10-07T01:15:41+02:00
a64fx,pivot,256,main_scan_int,1,"and 1",1.00,31.6503,25.0519,1,1,2026-10-07T01:15:41+02:00
a64fx,pivot,256,main_scan_int,1,"and 1",1.00,31.6850,25.2126,1,1,2026-10-07T01:15:41+02:00
a64fx,pivot,256,main_scan_int,1,"and 1",1.00,30.2967,25.3571,1,1,2026-10-07T01:15:41+02:00
a64fx,pivot,256,main_scan_int,1,"and 2",1.00,26.2086,14.4195,1,1,2026-10-07T01:15:41+02:00
a64fx,pivot,256,main_scan_int,1,"and 2",1.00,25.7702,14.7628,1,1,2026-10-07T01:15:41+02:00
a64fx,pivot,256,main_scan_int,1,"and 2",1.00,26.0024,13.9772,1,1,2026-10-07T01:15:41+02:00
a64fx,pivot,256,main_scan_int,1,"and 2",1.00,26.2466,14.8232,1,1,2026-10-07T01:15:41+02:00
a64fx,pivot,256,main_scan_int,1,"and 2",1.00,26.0511,14.8398,1,1,2026-10-07T01:15:41+02:00
a64fx,pivot,256,main_scan_int,1,"and 3",1.00,9.5291,9.8911,1,1,2026-10-07T01:15:41+02:00
a64fx,pivot,256,main_scan_int,1,"and 3",1.00,9.3097,9.8910,1,1,2026-10-07T01:15:41+02:00
a64fx,pivot,256,main_scan_int,1,"and 3",1.00,9.7778,9.9034,1,1,2026-10-07T01:15:41+02:00
a64fx,pivot,256,main_scan_int,1,"and 3",1.00,9.7812,10.1667,1,1,2026-10-07T01:15:41+02:00
a64fx,pivot,256,main_scan_int,1,"and 3",1.00,9.6549,10.0203,1,1,2026-10-07T01:15:41+02:00
a64fx,pivot,512,main_scan_int,1,"and 1",0.00,48.8916,37.0189,1,1,2026-10-07T01:15:49+02:00
a64fx,pivot,512,main_scan_int,1,"and 1",0.00,48.3004,36.6536,1,1,2026-10-07T01:15:49+02:00
a64fx,pivot,512,main_scan_int,1,"and 1",0.00,48.6599,37.4947,1,1,2026-10-07T01:15:49+02:00
a64fx,pivot,512,main_scan_int,1,"and 1",0.00,46.7880,37.5499,1,1,2026-10-07T01:15:49+02:00
a64fx,pivot,512,main_scan_int,1,"and 1",0.00,48.6732,37.4075,1,1,2026-10-07T01:15:49+02:00
a64fx,pivot,512,main_scan_int,1,"and 2",0.03,14.3830,19.7579,1,1,2026-10-07T01:15:49+02:00
a64fx,pivot,512,main_scan_int,1,"and 2",0.03,14.6013,20.2573,1,1,2026-10-07T01:15:49+02:00
a64fx,pivot,512,main_scan_int,1,"and 2",0.03,14.6229,20.3617,1,1,2026-10-07T01:15:49+02:00
a64fx,pivot,512,main_scan_int,1,"and 2",0.03,14.2388,20.3623,1,1,2026-10-07T01:15:49+02:00
a64fx,pivot,512,main_scan_int,1,"and 2",0.03,13.9744,18.7737,1,1,2026-10-07T01:15:49+02:00
a64fx,pivot,512,main_scan_int,1,"and 3",0.10,10.1267,14.6435,1,1,2026-10-07T01:15:49+02:00
a64fx,pivot,512,main_scan_int,1,"and 3",0.10,9.7782,14.0575,1,1,2026-10-07T01:15:49+02:00
a64fx,pivot,512,main_scan_int,1,"and 3",0.10,10.1472,14.6255,1,1,2026-10-07T01:15:49+02:00
a64fx,pivot,512,main_scan_int,1,"and 3",0.10,10.0491,14.6497,1,1,2026-10-07T01:15:49+02:00
a64fx,pivot,512,main_scan_int,1,"and 3",0.10,10.0847,14.6050,1,1,2026-10-07T01:15:49+02:00
a64fx,pivot,512,main_scan_int,1,"and 1",0.00,42.5767,35.4155,1,1,2026-10-07T01:15:49+02:00
a64fx,pivot,512,main_scan_int,1,"and 1",0.00,42.5702,35.4979,1,1,2026-10-07T01:15:49+02:00
a64fx,pivot,512,main_scan_int,1,"and 1",0.00,42.6392,35.4396,1,1,2026-10-07T01:15:49+02:00
a64fx,pivot,512,main_scan_int,1,"and 1",0.00,42.5477,35.3746,1,1,2026-10-07T01:15:49+02:00
a64fx,pivot,512,main_scan_int,1,"and 1",0.00,42.6992,35.4293,1,1,2026-10-07T01:15:49+02:00
a64fx,pivot,512,main_scan_int,1,"and 2",0.04,15.0049,20.8311,1,1,2026-10-07T01:15:49+02:00
a64fx,pivot,512,main_scan_int,1,"and 2",0.04,15.0033,20.9719,1,1,2026-10-07T01:15:49+02:00
a64fx,pivot,512,main_scan_int,1,"and 2",0.04,14.5300,19.7012,1,1,2026-10-07T01:15:49+02:00
a64fx,pivot,512,main_scan_int,1,"and 2",0.04,15.0103,20.9302,1,1,2026-10-07T01:15:49+02:00
a64fx,pivot,512,main_scan_int,1,"and 2",0.04,14.9593,20.3841,1,1,2026-10-07T01:15:49+02:00
a64fx,pivot,512,main_scan_int,1,"and 3",0.13,8.5507,13.1887,1,1,2026-10-07T01:15:49+02:00
a64fx,pivot,512,main_scan_int,1,"and 3",0.13,8.6703,13.5722,1,1,2026-10-07T01:15:49+02:00
a64fx,pivot,512,main_scan_int,1,"and 3",0.13,8.3353,13.5991,1,1,2026-10-07T01:15:49+02:00
a64fx,pivot,512,main_scan_int,1,"and 3",0.13,8.3410,12.6563,1,1,2026-10-07T01:15:49+02:00
a64fx,pivot,512,main_scan_int,1,"and 3",0.13,8.6742,13.5478,1,1,2026-10-07T01:15:49+02:00
a64fx,pivot,512,main_scan_int,1,"and 1",0.01,32.0705,32.1685,1,1,2026-10-07T01:15:49+02:00
a64fx,pivot,512,main_scan_int,1,"and 1",0.01,28.4471,32.1053,1,1,2026-10-07T01:15:49+02:00
a64fx,pivot,512,main_scan_int,1,"and 1",0.01,29.7636,32.1631,1,1,2026-10-07T01:15:49+02:00
a64fx,pivot,512,main_scan_int,1,"and 1",0.01,32.0243,32.0693,1,1,2026-10-07T01:15:49+02:00
a64fx,pivot,512,main_scan_int,1,"and 1",0.01,31.9895,32.1074,1,1,2026-10-07T01:15:49+02:00
a64fx,pivot,512,main_scan_int,1,"and 2",0.07,12.4627,19.7266,1,1,2026-10-07T01:15:49+02:00
a64fx,pivot,512,main_scan_int,1,"and 2",0.07,12.9341,19.8417,1,1,2026-10-07T01:15:49+02:00
a64fx,pivot,512,main_scan_int,1,"and 2",0.07,12.9396,19.8161,1,1,2026-10-07T01:15:49+02:00
a64fx,pivot,512,main_scan_int,1,"and 2",0.07,12.3533,18.7787,1,1,2026-10-07T01:15:49+02:00
a64fx,pivot,512,main_scan_int,1,"and 2",0.07,12.8598,19.7965,1,1,2026-10-07T01:15:49+02:00
a64fx,pivot,512,main_scan_int,1,"and 3",0.17,7.3305,12.6021,1,1,2026-10-07T01:15:49+02:00
a64fx,pivot,512,main_scan_int,1,"and 3",0.17,7.4109,13.0021,1,1,2026-10-07T01:15:49+02:00
a64fx,pivot,512,main_scan_int,1,"and 3",0.17,7.3229,13.0040,1,1,2026-10-07T01:15:49+02:00
a64fx,pivot,512,main_scan_int,1,"and 3",0.17,7.3082,12.4265,1,1,2026-10-07T01:15:49+02:00
a64fx,pivot,512,main_scan_int,1,"and 3",0.17,7.4498,12.9734,1,1,2026-10-07T01:15:49+02:00
a64fx,pivot,512,main_scan_int,1,"and 1",0.01,23.1945,29.0280,1,1,2026-10-07T01:15:49+02:00
a64fx,pivot,512,main_scan_int,1,"and 1",0.01,24.7721,29.1088,1,1,2026-10-07T01:15:49+02:00
a64fx,pivot,512,main_scan_int,1,"and 1",0.01,24.7722,29.0430,1,1,2026-10-07T01:15:49+02:00
a64fx,pivot,512,main_scan_int,1,"and 1",0.01,24.7187,29.0201,1,1,2026-10-07T01:15:49+02:00
a64fx,pivot,512,main_scan_int,1,"and 1",0.01,24.7210,29.1144,1,1,2026-10-07T01:15:49+02:00
a64fx,pivot,512,main_scan_int,1,"and 2",0.10,10.5874,18.0786,1,1,2026-10-07T01:15:49+02:00
a64fx,pivot,512,main_scan_int,1,"and 2",0.10,10.4510,17.4780,1,1,2026-10-07T01:15:49+02:00
a64fx,pivot,512,main_scan_int,1,"and 2",0.10,10.5761,18.0294,1,1,2026-10-07T01:15:49+02:00
a64fx,pivot,512,main_scan_int,1,"and 2",0.10,10.5663,18.0484,1,1,2026-10-07T01:15:49+02:00
a64fx,pivot,512,main_scan_int,1,"and 2",0.10,10.3403,17.0275,1,1,2026-10-07T01:15:49+02:00
a64fx,pivot,512,main_scan_int,1,"and 3",0.22,6.6772,12.9968,1,1,2026-10-07T01:15:49+02:00
a64fx,pivot,512,main_scan_int,1,"and 3",0.22,6.6870,12.9891,1,1,2026-10-07T01:15:49+02:00
a64fx,pivot,512,main_scan_int,1,"and 3",0.22,6.5617,13.0393,1,1,2026-10-07T01:15:49+02:00
a64fx,pivot,512,main_scan_int,1,"and 3",0.22,6.6448,12.6509,1,1,2026-10-07T01:15:49+02:00
a64fx,pivot,512,main_scan_int,1,"and 3",0.22,6.5639,12.5284,1,1,2026-10-07T01:15:49+02:00
a64fx,pivot,512,main_scan_int,1,"and 1",0.02,18.7452,25.7874,1,1,2026-10-07T01:15:49+02:00
a64fx,pivot,512,main_scan_int,1,"and 1",0.02,20.8945,26.0722,1,1,2026-10-07T01:15:49+02:00
a64fx,pivot,512,main_scan_int,1,"and 1",0.02,20.8851,25.8275,1,1,2026-10-07T01:15:49+02:00
a64fx,pivot,512,main_scan_int,1,"and 1",0.02,20.8483,25.7914,1,1,2026-10-07T01:15:49+02:00
a64fx,pivot,512,main_scan_int,1,"and 1",0.02,19.0257,25.8486,1,1,2026-10-07T01:15:49+02:00
a64fx,pivot,512,main_scan_int,1,"and 2",0.14,8.5934,16.3231,1,1,2026-10-07T01:15:49+02:00
a64fx,pivot,512,main_scan_int,1,"and 2",0.14,8.5820,15.7119,1,1,2026-10-07T01:15:49+02:00
a64fx,pivot,512,main_scan_int,1,"and 2",0.14,8.8353,16.3260,1,1,2026-10-07T01:15:49+02:00
a64fx,pivot,512,main_scan_int,1,"and 2",0.14,8.5342,15.1938,1,1,2026-10-07T01:15:49+02:00
a64fx,pivot,512,main_scan_int,1,"and 2",0.14,8.8270,16.2930,1,1,2026-10-07T01:15:49+02:00
a64fx,pivot,512,main_scan_int,1,"and 3",0.27,5.6131,12.3272,1,1,2026-10-07T01:15:49+02:00
a64fx,pivot,512,main_scan_int,1,"and 3",0.27,5.5034,12.3560,1,1,2026-10-07T01:15:49+02:00
a64fx,pivot,512,main_scan_int,1,"and 3",0.27,5.4558,12.3449,1,1,2026-10-07T01:15:49+02:00
a64fx,pivot,512,main_scan_int,1,"and 3",0.27,5.6199,12.3659,1,1,2026-10-07T01:15:49+02:00
a64fx,pivot,512,main_scan_int,1,"and 3",0.27,5.6019,12.3661,1,1,2026-10-07T01:15:49+02:00
a64fx,pivot,512,main_scan_int,1,"and 1",0.05,25.5005,22.7665,1,1,2026-10-07T01:15:49+02:00
a64fx,pivot,512,main_scan_int,1,"and 1",0.05,25.4267,22.6450,1,1,2026-10-07T01:15:49+02:00
a64fx,pivot,512,main_scan_int,1,"and 1",0.05,25.5823,22.7877,1,1,2026-10-07T01:15:49+02:00
a64fx,pivot,512,main_scan_int,1,"and 1",0.05,22.4683,22.6848,1,1,2026-10-07T01:15:49+02:00
a64fx,pivot,512,main_scan_int,1,"and 1",0.05,24.9480,22.8000,1,1,2026-10-07T01:15:49+02:00
a64fx,pivot,512,main_scan_int,1,"and 2",0.22,7.8344,14.9449,1,1,2026-10-07T01:15:49+02:00
a64fx,pivot,512,main_scan_int,1,"and 2",0.22,7.7278,14.8018,1,1,2026-10-07T01:15:49+02:00
a64fx,pivot,512,main_scan_int,1,"and 2",0.22,7.7445,14.2751,1,1,2026-10-07T01:15:49+02:00
a64fx,pivot,512,main_scan_int,1,"and 2",0.22,7.8639,14.9672,1,1,2026-10-07T01:15:49+02:00
a64fx,pivot,512,main_scan_int,1,"and 2",0.22,7.6895,14.9896,1,1,2026-10-07T01:15:49+02:00
a64fx,pivot,512,main_scan_int,1,"and 3",0.37,4.5882,11.4212,1,1,2026-10-07T01:15:49+02:00
a64fx,pivot,512,main_scan_int,1,"and 3",0.37,4.5663,11.4193,1,1,2026-10-07T01:15:49+02:00
a64fx,pivot,512,main_scan_int,1,"and 3",0.37,4.5619,11.3141,1,1,2026-10-07T01:15:49+02:00
a64fx,pivot,512,main_scan_int,1,"and 3",0.37,4.5685,11.0407,1,1,2026-10-07T01:15:49+02:00
a64fx,pivot,512,main_scan_int,1,"and 3",0.37,4.5824,11.2735,1,1,2026-10-07T01:15:49+02:00
a64fx,pivot,512,main_scan_int,1,"and 1",0.10,19.0482,22.2046,1,1,2026-10-07T01:15:49+02:00
a64fx,pivot,512,main_scan_int,1,"and 1",0.10,19.0571,22.2285,1,1,2026-10-07T01:15:49+02:00
a64fx,pivot,512,main_scan_int,1,"and 1",0.10,18.0541,22.1378,1,1,2026-10-07T01:15:49+02:00
a64fx,pivot,512,main_scan_int,1,"and 1",0.10,19.1498,22.1500,1,1,2026-10-07T01:15:49+02:00
a64fx,pivot,512,main_scan_int,1,"and 1",0.10,19.0818,4.6036,1,1,2026-10-07T01:15:49+02:00
a64fx,pivot,512,main_scan_int,1,"and 2",0.32,5.8877,13.9372,1,1,2026-10-07T01:15:49+02:00
a64fx,pivot,512,main_scan_int,1,"and 2",0.32,5.8774,14.5476,1,1,2026-10-07T01:15:49+02:00
a64fx,pivot,512,main_scan_int,1,"and 2",0.32,5.9449,14.8445,1,1,2026-10-07T01:15:49+02:00
a64fx,pivot,512,main_scan_int,1,"and 2",0.32,5.9062,14.8737,1,1,2026-10-07T01:15:49+02:00
a64fx,pivot,512,main_scan_int,1,"and 2",0.32,5.8291,14.8370,1,1,2026-10-07T01:15:49+02:00
a64fx,pivot,512,main_scan_int,1,"and 3",0.46,3.6826,10.9011,1,1,2026-10-07T01:15:49+02:00
a64fx,pivot,512,main_scan_int,1,"and 3",0.46,3.6820,11.0641,1,1,2026-10-07T01:15:49+02:00
a64fx,pivot,512,main_scan_int,1,"and 3",0.46,3.6714,10.9734,1,1,2026-10-07T01:15:49+02:00
a64fx,pivot,512,main_scan_int,1,"and 3",0.46,3.6659,11.0684,1,1,2026-10-07T01:15:49+02:00
a64fx,pivot,512,main_scan_int,1,"and 3",0.46,3.6356,10.8609,1,1,2026-10-07T01:15:49+02:00
a64fx,pivot,512,main_scan_int,1,"and 1",0.20,11.7502,19.7929,1,1,2026-10-07T01:15:49+02:00
a64fx,pivot,512,main_scan_int,1,"and 1",0.20,11.4328,19.7613,1,1,2026-10-07T01:15:49+02:00
a64fx,pivot,512,main_scan_int,1,"and 1",0.20,11.6167,18.9997,1,1,2026-10-07T01:15:49+02:00
a64fx,pivot,512,main_scan_int,1,"and 1",0.20,11.7515,19.8194,1,1,2026-10-07T01:15:49+02:00
a64fx,pivot,512,main_scan_int,1,"and 1",0.20,11.4773,19.6823,1,1,2026-10-07T01:15:49+02:00
a64fx,pivot,512,main_scan_int,1,"and 2",0.45,3.9109,12.9700,1,1,2026-10-07T01:15:49+02:00
a64fx,pivot,512,main_scan_int,1,"and 2",0.45,4.2815,13.2549,1,1,2026-10-07T01:15:49+02:00
a64fx,pivot,512,main_scan_int,1,"and 2",0.45,4.2211,13.7417,1,1,2026-10-07T01:15:49+02:00
a64fx,pivot,512,main_scan_int,1,"and 2",0.45,4.2857,13.7314,1,1,2026-10-07T01:15:49+02:00
a64fx,pivot,512,main_scan_int,1,"and 2",0.45,4.2401,13.7387,1,1,2026-10-07T01:15:49+02:00
a64fx,pivot,512,main_scan_int,1,"and 3",0.58,3.4929,10.5080,1,1,2026-10-07T01:15:49+02:00
a64fx,pivot,512,main_scan_int,1,"and 3",0.58,3.4879,10.2312,1,1,2026-10-07T01:15:49+02:00
a64fx,pivot,512,main_scan_int,1,"and 3",0.58,3.4922,10.2320,1,1,2026-10-07T01:15:49+02:00
a64fx,pivot,512,main_scan_int,1,"and 3",0.58,3.5041,10.5098,1,1,2026-10-07T01:15:49+02:00
a64fx,pivot,512,main_scan_int,1,"and 3",0.58,3.4948,10.3713,1,1,2026-10-07T01:15:49+02:00
a64fx,pivot,512,main_scan_int,1,"and 1",0.50,5.8494,14.9509,1,1,2026-10-07T01:15:49+02:00
a64fx,pivot,512,main_scan_int,1,"and 1",0.50,5.8100,14.8330,1,1,2026-10-07T01:15:49+02:00
a64fx,pivot,512,main_scan_int,1,"and 1",0.50,5.8984,15.4127,1,1,2026-10-07T01:15:49+02:00
a64fx,pivot,512,main_scan_int,1,"and 1",0.50,5.7800,15.4359,1,1,2026-10-07T01:15:49+02:00
a64fx,pivot,512,main_scan_int,1,"and 1",0.50,5.7592,15.4302,1,1,2026-10-07T01:15:49+02:00
a64fx,pivot,512,main_scan_int,1,"and 2",0.71,5.3615,11.4177,1,1,2026-10-07T01:15:49+02:00
a64fx,pivot,512,main_scan_int,1,"and 2",0.71,5.3751,11.1074,1,1,2026-10-07T01:15:49+02:00
a64fx,pivot,512,main_scan_int,1,"and 2",0.71,5.3766,11.1977,1,1,2026-10-07T01:15:49+02:00
a64fx,pivot,512,main_scan_int,1,"and 2",0.71,5.3707,11.1953,1,1,2026-10-07T01:15:49+02:00
a64fx,pivot,512,main_scan_int,1,"and 2",0.71,5.4011,11.0896,1,1,2026-10-07T01:15:49+02:00
a64fx,pivot,512,main_scan_int,1,"and 3",0.79,5.1429,8.8998,1,1,2026-10-07T01:15:49+02:00
a64fx,pivot,512,main_scan_int,1,"and 3",0.79,5.1724,9.1382,1,1,2026-10-07T01:15:49+02:00
a64fx,pivot,512,main_scan_int,1,"and 3",0.79,5.1722,9.1321,1,1,2026-10-07T01:15:49+02:00
a64fx,pivot,512,main_scan_int,1,"and 3",0.79,5.2038,8.7657,1,1,2026-10-07T01:15:49+02:00
a64fx,pivot,512,main_scan_int,1,"and 3",0.79,5.2120,8.9722,1,1,2026-10-07T01:15:49+02:00
a64fx,pivot,512,main_scan_int,1,"and 1",1.00,31.9376,32.0874,1,1,2026-10-07T01:15:49+02:00
a64fx,pivot,512,main_scan_int,1,"and 1",1.00,31.8913,32.6166,1,1,2026-10-07T01:15:49+02:00
a64fx,pivot,512,main_scan_int,1,"and 1",1.00,30.1771,32.9137,1,1,2026-10-07T01:15:49+02:00
a64fx,pivot,512,main_scan_int,1,"and 1",1.00,31.7942,32.0440,1,1,2026-10-07T01:15:49+02:00
a64fx,pivot,512,main_scan_int,1,"and 1",1.00,28.9440,32.4001,1,1,2026-10-07T01:15:49+02:00
a64fx,pivot,512,main_scan_int,1,"and 2",1.00,24.6438,19.5030,1,1,2026-10-07T01:15:49+02:00
a64fx,pivot,512,main_scan_int,1,"and 2",1.00,26.0864,18.3308,1,1,2026-10-07T01:15:49+02:00
a64fx,pivot,512,main_scan_int,1,"and 2",1.00,25.9913,19.4463,1,1,2026-10-07T01:15:49+02:00
a64fx,pivot,512,main_scan_int,1,"and 2",1.00,26.1704,19.5152,1,1,2026-10-07T01:15:49+02:00
a64fx,pivot,512,main_scan_int,1,"and 2",1.00,26.0917,19.3362,1,1,2026-10-07T01:15:49+02:00
a64fx,pivot,512,main_scan_int,1,"and 3",1.00,9.4249,13.1298,1,1,2026-10-07T01:15:49+02:00
a64fx,pivot,512,main_scan_int,1,"and 3",1.00,9.7766,13.5412,1,1,2026-10-07T01:15:49+02:00
a64fx,pivot,512,main_scan_int,1,"and 3",1.00,9.2343,13.2353,1,1,2026-10-07T01:15:49+02:00
a64fx,pivot,512,main_scan_int,1,"and 3",1.00,9.6897,13.0078,1,1,2026-10-07T01:15:49+02:00
a64fx,pivot,512,main_scan_int,1,"and 3",1.00,9.7710,13.5157,1,1,2026-10-07T01:15:49+02:00
a64fx,pivot,128,main_scan_enc,1,"and 1",0.00,18.1332,8.9622,1,1,2026-10-07T01:16:28+02:00
a64fx,pivot,128,main_scan_enc,1,"and 1",0.00,18.0509,8.9445,1,1,2026-10-07T01:16:28+02:00
a64fx,pivot,128,main_scan_enc,1,"and 1",0.00,17.6006,8.8543,1,1,2026-10-07T01:16:28+02:00
a64fx,pivot,128,main_scan_enc,1,"and 1",0.00,18.0737,8.9500,1,1,2026-10-07T01:16:28+02:00
a64fx,pivot,128,main_scan_enc,1,"and 1",0.00,18.0459,8.8113,1,1,2026-10-07T01:16:28+02:00
a64fx,pivot,128,main_scan_enc,1,"and 2",0.03,13.9701,6.1231,1,1,2026-10-07T01:16:28+02:00
a64fx,pivot,128,main_scan_enc,1,"and 2",0.03,13.9907,6.0935,1,1,2026-10-07T01:16:28+02:00
a64fx,pivot,128,main_scan_enc,1,"and 2",0.03,14.0230,6.2075,1,1,2026-10-07T01:16:28+02:00
a64fx,pivot,128,main_scan_enc,1,"and 2",0.03,13.6294,6.1463,1,1,2026-10-07T01:16:28+02:00
a64fx,pivot,128,main_scan_enc,1,"and 2",0.03,13.4632,6.1181,1,1,2026-10-07T01:16:28+02:00
a64fx,pivot,128,main_scan_enc,1,"and 3",0.10,7.6702,4.1676,1,1,2026-10-07T01:16:28+02:00
a64fx,pivot,128,main_scan_enc,1,"and 3",0.10,7.8075,4.1833,1,1,2026-10-07T01:16:28+02:00
a64fx,pivot,128,main_scan_enc,1,"and 3",0.10,7.7042,4.1134,1,1,2026-10-07T01:16:28+02:00
a64fx,pivot,128,main_scan_enc,1,"and 3",0.10,7.7991,4.1670,1,1,2026-10-07T01:16:28+02:00
a64fx,pivot,128,main_scan_enc,1,"and 3",0.10,7.6463,4.1684,1,1,2026-10-07T01:16:28+02:00
a64fx,pivot,128,main_scan_enc,1,"and 1",0.00,16.4956,8.5085,1,1,2026-10-07T01:16:28+02:00
a64fx,pivot,128,main_scan_enc,1,"and 1",0.00,16.1822,8.5590,1,1,2026-10-07T01:16:28+02:00
a64fx,pivot,128,main_scan_enc,1,"and 1",0.00,17.1063,8.7371,1,1,2026-10-07T01:16:28+02:00
a64fx,pivot,128,main_scan_enc,1,"and 1",0.00,17.1196,8.5075,1,1,2026-10-07T01:16:28+02:00
a64fx,pivot,128,main_scan_enc,1,"and 1",0.00,17.1463,8.7360,1,1,2026-10-07T01:16:28+02:00
a64fx,pivot,128,main_scan_enc,1,"and 2",0.04,12.5637,5.6811,1,1,2026-10-07T01:16:28+02:00
a64fx,pivot,128,main_scan_enc,1,"and 2",0.04,12.2474,5.6018,1,1,2026-10-07T01:16:28+02:00
a64fx,pivot,128,main_scan_enc,1,"and 2",0.04,12.4208,5.6474,1,1,2026-10-07T01:16:28+02:00
a64fx,pivot,128,main_scan_enc,1,"and 2",0.04,12.2758,5.6420,1,1,2026-10-07T01:16:28+02:00
a64fx,pivot,128,main_scan_enc,1,"and 2",0.04,12.4146,5.5877,1,1,2026-10-07T01:16:28+02:00
a64fx,pivot,128,main_scan_enc,1,"and 3",0.13,4.0268,3.8949,1,1,2026-10-07T01:16:28+02:00
a64fx,pivot,128,main_scan_enc,1,"and 3",0.13,6.9336,3.9141,1,1,2026-10-07T01:16:28+02:00
a64fx,pivot,128,main_scan_enc,1,"and 3",0.13,6.9039,3.9006,1,1,2026-10-07T01:16:28+02:00
a64fx,pivot,128,main_scan_enc,1,"and 3",0.13,6.9597,3.9074,1,1,2026-10-07T01:16:28+02:00
a64fx,pivot,128,main_scan_enc,1,"and 3",0.13,6.9732,3.9100,1,1,2026-10-07T01:16:28+02:00
a64fx,pivot,128,main_scan_enc,1,"and 1",0.01,15.1100,8.0714,1,1,2026-10-07T01:16:28+02:00
a64fx,pivot,128,main_scan_enc,1,"and 1",0.01,15.0745,8.2464,1,1,2026-10-07T01:16:28+02:00
a64fx,pivot,128,main_scan_enc,1,"and 1",0.01,15.1138,8.1697,1,1,2026-10-07T01:16:28+02:00
a64fx,pivot,128,main_scan_enc,1,"and 1",0.01,15.1154,8.2794,1,1,2026-10-07T01:16:28+02:00
a64fx,pivot,128,main_scan_enc,1,"and 1",0.01,14.7228,8.1300,1,1,2026-10-07T01:16:28+02:00
a64fx,pivot,128,main_scan_enc,1,"and 2",0.07,10.2046,4.9420,1,1,2026-10-07T01:16:28+02:00
a64fx,pivot,128,main_scan_enc,1,"and 2",0.07,10.2052,4.9724,1,1,2026-10-07T01:16:28+02:00
a64fx,pivot,128,main_scan_enc,1,"and 2",0.07,10.0576,4.9466,1,1,2026-10-07T01:16:28+02:00
a64fx,pivot,128,main_scan_enc,1,"and 2",0.07,9.9162,4.9959,1,1,2026-10-07T01:16:28+02:00
a64fx,pivot,128,main_scan_enc,1,"and 2",0.07,10.2138,4.9419,1,1,2026-10-07T01:16:28+02:00
a64fx,pivot,128,main_scan_enc,1,"and 3",0.17,6.0055,3.4679,1,1,2026-10-07T01:16:28+02:00
a64fx,pivot,128,main_scan_enc,1,"and 3",0.17,6.0727,3.5005,1,1,2026-10-07T01:16:28+02:00
a64fx,pivot,128,main_scan_enc,1,"and 3",0.17,6.0801,3.1523,1,1,2026-10-07T01:16:28+02:00
a64fx,pivot,128,main_scan_enc,1,"and 3",0.17,6.0742,3.5239,1,1,2026-10-07T01:16:28+02:00
a64fx,pivot,128,main_scan_enc,1,"and 3",0.17,6.0320,3.5201,1,1,2026-10-07T01:16:28+02:00
a64fx,pivot,128,main_scan_enc,1,"and 1",0.01,12.9066,7.6284,1,1,2026-10-07T01:16:28+02:00
a64fx,pivot,128,main_scan_enc,1,"and 1",0.01,13.3226,7.7055,1,1,2026-10-07T01:16:28+02:00
a64fx,pivot,128,main_scan_enc,1,"and 1",0.01,13.2491,7.7700,1,1,2026-10-07T01:16:28+02:00
a64fx,pivot,128,main_scan_enc,1,"and 1",0.01,13.0957,7.6741,1,1,2026-10-07T01:16:28+02:00
a64fx,pivot,128,main_scan_enc,1,"and 1",0.01,12.8605,7.5500,1,1,2026-10-07T01:16:28+02:00
a64fx,pivot,128,main_scan_enc,1,"and 2",0.10,8.3023,4.5132,1,1,2026-10-07T01:16:28+02:00
a64fx,pivot,128,main_scan_enc,1,"and 2",0.10,8.1657,4.5247,1,1,2026-10-07T01:16:28+02:00
a64fx,pivot,128,main_scan_enc,1,"and 2",0.10,8.3748,4.4548,1,1,2026-10-07T01:16:28+02:00
a64fx,pivot,128,main_scan_enc,1,"and 2",0.10,8.2350,4.5202,1,1,2026-10-07T01:16:28+02:00
a64fx,pivot,128,main_scan_enc,1,"and 2",0.10,8.2598,4.5077,1,1,2026-10-07T01:16:28+02:00
a64fx,pivot,128,main_scan_enc,1,"and 3",0.22,4.9686,3.1725,1,1,2026-10-07T01:16:28+02:00
a64fx,pivot,128,main_scan_enc,1,"and 3",0.22,5.0180,3.1848,1,1,2026-10-07T01:16:28+02:00
a64fx,pivot,128,main_scan_enc,1,"and 3",0.22,5.0694,3.2103,1,1,2026-10-07T01:16:28+02:00
a64fx,pivot,128,main_scan_enc,1,"and 3",0.22,5.0937,3.2057,1,1,2026-10-07T01:16:28+02:00
a64fx,pivot,128,main_scan_enc,1,"and 3",0.22,5.0731,3.2055,1,1,2026-10-07T01:16:28+02:00
a64fx,pivot,128,main_scan_enc,1,"and 1",0.02,12.0621,7.0228,1,1,2026-10-07T01:16:28+02:00
a64fx,pivot,128,main_scan_enc,1,"and 1",0.02,12.0108,7.0731,1,1,2026-10-07T01:16:28+02:00
a64fx,pivot,128,main_scan_enc,1,"and 1",0.02,11.6723,6.9217,1,1,2026-10-07T01:16:28+02:00
a64fx,pivot,128,main_scan_enc,1,"and 1",0.02,12.0127,6.9821,1,1,2026-10-07T01:16:28+02:00
a64fx,pivot,128,main_scan_enc,1,"and 1",0.02,12.0635,6.8883,1,1,2026-10-07T01:16:28+02:00
a64fx,pivot,128,main_scan_enc,1,"and 2",0.14,6.9592,4.0775,1,1,2026-10-07T01:16:28+02:00
a64fx,pivot,128,main_scan_enc,1,"and 2",0.14,6.8922,4.0540,1,1,2026-10-07T01:16:28+02:00
a64fx,pivot,128,main_scan_enc,1,"and 2",0.14,6.9515,4.0924,1,1,2026-10-07T01:16:28+02:00
a64fx,pivot,128,main_scan_enc,1,"and 2",0.14,6.8948,4.0903,1,1,2026-10-07T01:16:28+02:00
a64fx,pivot,128,main_scan_enc,1,"and 2",0.14,6.9102,4.0694,1,1,2026-10-07T01:16:28+02:00
a64fx,pivot,128,main_scan_enc,1,"and 3",0.27,4.2709,2.8723,1,1,2026-10-07T01:16:28+02:00
a64fx,pivot,128,main_scan_enc,1,"and 3",0.27,4.3045,2.8894,1,1,2026-10-07T01:16:28+02:00
a64fx,pivot,128,main_scan_enc,1,"and 3",0.27,4.3037,2.8966,1,1,2026-10-07T01:16:28+02:00
a64fx,pivot,128,main_scan_enc,1,"and 3",0.27,4.3032,2.8949,1,1,2026-10-07T01:16:28+02:00
a64fx,pivot,128,main_scan_enc,1,"and 3",0.27,4.3012,2.8995,1,1,2026-10-07T01:16:28+02:00
a64fx,pivot,128,main_scan_enc,1,"and 1",0.05,12.8275,5.9714,1,1,2026-10-07T01:16:28+02:00
a64fx,pivot,128,main_scan_enc,1,"and 1",0.05,12.7381,5.9935,1,1,2026-10-07T01:16:28+02:00
a64fx,pivot,128,main_scan_enc,1,"and 1",0.05,13.0497,5.9699,1,1,2026-10-07T01:16:28+02:00
a64fx,pivot,128,main_scan_enc,1,"and 1",0.05,13.0326,5.9505,1,1,2026-10-07T01:16:28+02:00
a64fx,pivot,128,main_scan_enc,1,"and 1",0.05,13.0576,5.8915,1,1,2026-10-07T01:16:28+02:00
a64fx,pivot,128,main_scan_enc,1,"and 2",0.22,5.7904,3.6007,1,1,2026-10-07T01:16:28+02:00
a64fx,pivot,128,main_scan_enc,1,"and 2",0.22,5.9302,3.6353,1,1,2026-10-07T01:16:28+02:00
a64fx,pivot,128,main_scan_enc,1,"and 2",0.22,5.8501,3.6254,1,1,2026-10-07T01:16:28+02:00
a64fx,pivot,128,main_scan_enc,1,"and 2",0.22,5.8760,3.5956,1,1,2026-10-07T01:16:28+02:00
a64fx,pivot,128,main_scan_enc,1,"and 2",0.22,5.8392,3.6265,1,1,2026-10-07T01:16:28+02:00
a64fx,pivot,128,main_scan_enc,1,"and 3",0.37,3.2862,2.5554,1,1,2026-10-07T01:16:28+02:00
a64fx,pivot,128,main_scan_enc,1,"and 3",0.37,3.2095,2.5653,1,1,2026-10-07T01:16:28+02:00
a64fx,pivot,128,main_scan_enc,1,"and 3",0.37,3.2225,2.5660,1,1,2026-10-07T01:16:28+02:00
a64fx,pivot,128,main_scan_enc,1,"and 3",0.37,3.2071,2.5018,1,1,2026-10-07T01:16:28+02:00
a64fx,pivot,128,main_scan_enc,1,"and 3",0.37,3.2024,2.5602,1,1,2026-10-07T01:16:28+02:00
a64fx,pivot,128,main_scan_enc,1,"and 1",0.10,10.5245,5.3614,1,1,2026-10-07T01:16:28+02:00
a64fx,pivot,128,main_scan_enc,1,"and 1",0.10,10.6113,5.3010,1,1,2026-10-07T01:16:28+02:00
a64fx,pivot,128,main_scan_enc,1,"and 1",0.10,10.5577,5.3603,1,1,2026-10-07T01:16:28+02:00
a64fx,pivot,128,main_scan_enc,1,"and 1",0.10,10.7809,5.3627,1,1,2026-10-07T01:16:28+02:00
a64fx,pivot,128,main_scan_enc,1,"and 1",0.10,10.7832,5.3234,1,1,2026-10-07T01:16:28+02:00
a64fx,pivot,128,main_scan_enc,1,"and 2",0.32,4.3299,3.4133,1,1,2026-10-07T01:16:28+02:00
a64fx,pivot,128,main_scan_enc,1,"and 2",0.32,4.3450,3.4023,1,1,2026-10-07T01:16:28+02:00
a64fx,pivot,128,main_scan_enc,1,"and 2",0.32,4.3439,3.3899,1,1,2026-10-07T01:16:28+02:00
a64fx,pivot,128,main_scan_enc,1,"and 2",0.32,4.3771,3.4106,1,1,2026-10-07T01:16:28+02:00
a64fx,pivot,128,main_scan_enc,1,"and 2",0.32,4.3479,3.4087,1,1,2026-10-07T01:16:28+02:00
a64fx,pivot,128,main_scan_enc,1,"and 3",0.46,2.6130,2.3939,1,1,2026-10-07T01:16:28+02:00
a64fx,pivot,128,main_scan_enc,1,"and 3",0.46,2.5883,2.3878,1,1,2026-10-07T01:16:28+02:00
a64fx,pivot,128,main_scan_enc,1,"and 3",0.46,2.5981,2.3925,1,1,2026-10-07T01:16:28+02:00
a64fx,pivot,128,main_scan_enc,1,"and 3",0.46,2.6000,2.4015,1,1,2026-10-07T01:16:28+02:00
a64fx,pivot,128,main_scan_enc,1,"and 3",0.46,2.5994,2.3911,1,1,2026-10-07T01:16:28+02:00
a64fx,pivot,128,main_scan_enc,1,"and 1",0.20,7.6730,4.9632,1,1,2026-10-07T01:16:28+02:00
a64fx,pivot,128,main_scan_enc,1,"and 1",0.20,7.4966,4.9431,1,1,2026-10-07T01:16:28+02:00
a64fx,pivot,128,main_scan_enc,1,"and 1",0.20,7.7129,4.9598,1,1,2026-10-07T01:16:28+02:00
a64fx,pivot,128,main_scan_enc,1,"and 1",0.20,7.5985,4.9545,1,1,2026-10-07T01:16:28+02:00
a64fx,pivot,128,main_scan_enc,1,"and 1",0.20,7.5754,4.9191,1,1,2026-10-07T01:16:28+02:00
a64fx,pivot,128,main_scan_enc,1,"and 2",0.45,3.0815,3.2175,1,1,2026-10-07T01:16:28+02:00
a64fx,pivot,128,main_scan_enc,1,"and 2",0.45,3.0875,3.2479,1,1,2026-10-07T01:16:28+02:00
a64fx,pivot,128,main_scan_enc,1,"and 2",0.45,3.0882,3.2296,1,1,2026-10-07T01:16:28+02:00
a64fx,pivot,128,main_scan_enc,1,"and 2",0.45,3.0707,3.2511,1,1,2026-10-07T01:16:28+02:00
a64fx,pivot,128,main_scan_enc,1,"and 2",0.45,3.0907,3.2317,1,1,2026-10-07T01:16:28+02:00
a64fx,pivot,128,main_scan_enc,1,"and 3",0.58,2.4326,2.3286,1,1,2026-10-07T01:16:28+02:00
a64fx,pivot,128,main_scan_enc,1,"and 3",0.58,2.4279,2.3228,1,1,2026-10-07T01:16:28+02:00
a64fx,pivot,128,main_scan_enc,1,"and 3",0.58,2.4305,2.3247,1,1,2026-10-07T01:16:28+02:00
a64fx,pivot,128,main_scan_enc,1,"and 3",0.58,2.4320,2.3257,1,1,2026-10-07T01:16:28+02:00
a64fx,pivot,128,main_scan_enc,1,"and 3",0.58,2.4355,2.3234,1,1,2026-10-07T01:16:28+02:00
a64fx,pivot,128,main_scan_enc,1,"and 1",0.50,4.2727,4.6034,1,1,2026-10-07T01:16:28+02:00
a64fx,pivot,128,main_scan_enc,1,"and 1",0.50,4.2545,4.5790,1,1,2026-10-07T01:16:28+02:00
a64fx,pivot,128,main_scan_enc,1,"and 1",0.50,4.2606,4.6175,1,1,2026-10-07T01:16:28+02:00
a64fx,pivot,128,main_scan_enc,1,"and 1",0.50,4.2661,4.5391,1,1,2026-10-07T01:16:28+02:00
a64fx,pivot,128,main_scan_enc,1,"and 1",0.50,4.2472,4.5983,1,1,2026-10-07T01:16:28+02:00
a64fx,pivot,128,main_scan_enc,1,"and 2",0.71,3.5597,3.0752,1,1,2026-10-07T01:16:28+02:00
a64fx,pivot,128,main_scan_enc,1,"and 2",0.71,3.5614,3.0877,1,1,2026-10-07T01:16:28+02:00
a64fx,pivot,128,main_scan_enc,1,"and 2",0.71,3.5571,3.0950,1,1,2026-10-07T01:16:28+02:00
a64fx,pivot,128,main_scan_enc,1,"and 2",0.71,3.5569,3.0823,1,1,2026-10-07T01:16:28+02:00
a64fx,pivot,128,main_scan_enc,1,"and 2",0.71,3.5456,3.0849,1,1,2026-10-07T01:16:28+02:00
a64fx,pivot,128,main_scan_enc,1,"and 3",0.79,3.2340,2.2342,1,1,2026-10-07T01:16:28+02:00
a64fx,pivot,128,main_scan_enc,1,"and 3",0.79,3.2293,2.2393,1,1,2026-10-07T01:16:28+02:00
a64fx,pivot,128,main_scan_enc,1,"and 3",0.79,3.2053,2.2411,1,1,2026-10-07T01:16:28+02:00
a64fx,pivot,128,main_scan_enc,1,"and 3",0.79,2.2381,2.2470,1,1,2026-10-07T01:16:28+02:00
a64fx,pivot,128,main_scan_enc,1,"and 3",0.79,3.2298,2.2481,1,1,2026-10-07T01:16:28+02:00
a64fx,pivot,128,main_scan_enc,1,"and 1",1.00,16.5310,4.1627,1,1,2026-10-07T01:16:28+02:00
a64fx,pivot,128,main_scan_enc,1,"and 1",1.00,16.1501,4.1697,1,1,2026-10-07T01:16:28+02:00
a64fx,pivot,128,main_scan_enc,1,"and 1",1.00,16.5236,4.1640,1,1,2026-10-07T01:16:28+02:00
a64fx,pivot,128,main_scan_enc,1,"and 1",1.00,15.6664,4.1491,1,1,2026-10-07T01:16:28+02:00
a64fx,pivot,128,main_scan_enc,1,"and 1",1.00,16.5271,4.1308,1,1,2026-10-07T01:16:28+02:00
a64fx,pivot,128,main_scan_enc,1,"and 2",1.00,9.4154,2.8695,1,1,2026-10-07T01:16:28+02:00
a64fx,pivot,128,main_scan_enc,1,"and 2",1.00,9.4100,2.8756,1,1,2026-10-07T01:16:28+02:00
a64fx,pivot,128,main_scan_enc,1,"and 2",1.00,9.4027,2.8856,1,1,2026-10-07T01:16:28+02:00
a64fx,pivot,128,main_scan_enc,1,"and 2",1.00,9.4215,2.8873,1,1,2026-10-07T01:16:28+02:00
a64fx,pivot,128,main_scan_enc,1,"and 2",1.00,9.4161,2.8864,1,1,2026-10-07T01:16:28+02:00
a64fx,pivot,128,main_scan_enc,1,"and 3",1.00,6.2793,2.1347,1,1,2026-10-07T01:16:28+02:00
a64fx,pivot,128,main_scan_enc,1,"and 3",1.00,6.1994,2.1385,1,1,2026-10-07T01:16:28+02:00
a64fx,pivot,128,main_scan_enc,1,"and 3",1.00,6.2330,2.1355,1,1,2026-10-07T01:16:28+02:00
a64fx,pivot,128,main_scan_enc,1,"and 3",1.00,6.2841,2.1359,1,1,2026-10-07T01:16:28+02:00
a64fx,pivot,128,main_scan_enc,1,"and 3",1.00,6.2191,2.1344,1,1,2026-10-07T01:16:28+02:00
a64fx,pivot,256,main_scan_enc,1,"and 1",0.00,8.4604,2.1742,1,1,2026-10-07T01:16:37+02:00
a64fx,pivot,256,main_scan_enc,1,"and 1",0.00,18.0431,4.4525,1,1,2026-10-07T01:16:37+02:00
a64fx,pivot,256,main_scan_enc,1,"and 1",0.00,18.0329,2.0683,1,1,2026-10-07T01:16:37+02:00
a64fx,pivot,256,main_scan_enc,1,"and 1",0.00,18.0696,19.6116,1,1,2026-10-07T01:16:37+02:00
a64fx,pivot,256,main_scan_enc,1,"and 1",0.00,1.5346,9.9532,1,1,2026-10-07T01:16:37+02:00
a64fx,pivot,256,main_scan_enc,1,"and 2",0.03,13.9461,12.9101,1,1,2026-10-07T01:16:37+02:00
a64fx,pivot,256,main_scan_enc,1,"and 2",0.03,13.9112,6.4901,1,1,2026-10-07T01:16:37+02:00
a64fx,pivot,256,main_scan_enc,1,"and 2",0.03,1.4919,12.9419,1,1,2026-10-07T01:16:37+02:00
a64fx,pivot,256,main_scan_enc,1,"and 2",0.03,7.0060,12.9490,1,1,2026-10-07T01:16:37+02:00
a64fx,pivot,256,main_scan_enc,1,"and 2",0.03,2.1192,1.2568,1,1,2026-10-07T01:16:37+02:00
a64fx,pivot,256,main_scan_enc,1,"and 3",0.10,7.7955,8.2865,1,1,2026-10-07T01:16:37+02:00
a64fx,pivot,256,main_scan_enc,1,"and 3",0.10,7.7979,4.1724,1,1,2026-10-07T01:16:37+02:00
a64fx,pivot,256,main_scan_enc,1,"and 3",0.10,7.8111,3.8169,1,1,2026-10-07T01:16:37+02:00
a64fx,pivot,256,main_scan_enc,1,"and 3",0.10,7.7917,3.8864,1,1,2026-10-07T01:16:37+02:00
a64fx,pivot,256,main_scan_enc,1,"and 3",0.10,7.7895,8.3142,1,1,2026-10-07T01:16:37+02:00
a64fx,pivot,256,main_scan_enc,1,"and 1",0.00,8.1694,18.2866,1,1,2026-10-07T01:16:37+02:00
a64fx,pivot,256,main_scan_enc,1,"and 1",0.00,8.3249,1.5152,1,1,2026-10-07T01:16:37+02:00
a64fx,pivot,256,main_scan_enc,1,"and 1",0.00,8.0947,18.2824,1,1,2026-10-07T01:16:37+02:00
a64fx,pivot,256,main_scan_enc,1,"and 1",0.00,8.0766,2.7165,1,1,2026-10-07T01:16:37+02:00
a64fx,pivot,256,main_scan_enc,1,"and 1",0.00,17.1380,8.3151,1,1,2026-10-07T01:16:37+02:00
a64fx,pivot,256,main_scan_enc,1,"and 2",0.04,6.3406,1.3514,1,1,2026-10-07T01:16:37+02:00
a64fx,pivot,256,main_scan_enc,1,"and 2",0.04,6.3444,5.2288,1,1,2026-10-07T01:16:37+02:00
a64fx,pivot,256,main_scan_enc,1,"and 2",0.04,12.5776,5.9519,1,1,2026-10-07T01:16:37+02:00
a64fx,pivot,256,main_scan_enc,1,"and 2",0.04,1.4173,1.5262,1,1,2026-10-07T01:16:37+02:00
a64fx,pivot,256,main_scan_enc,1,"and 2",0.04,2.0809,5.9466,1,1,2026-10-07T01:16:37+02:00
a64fx,pivot,256,main_scan_enc,1,"and 3",0.13,1.2997,3.0541,1,1,2026-10-07T01:16:37+02:00
a64fx,pivot,256,main_scan_enc,1,"and 3",0.13,7.0114,1.3473,1,1,2026-10-07T01:16:37+02:00
a64fx,pivot,256,main_scan_enc,1,"and 3",0.13,7.0056,3.0475,1,1,2026-10-07T01:16:37+02:00
a64fx,pivot,256,main_scan_enc,1,"and 3",0.13,7.0142,2.9385,1,1,2026-10-07T01:16:37+02:00
a64fx,pivot,256,main_scan_enc,1,"and 3",0.13,3.3813,1.3422,1,1,2026-10-07T01:16:37+02:00
a64fx,pivot,256,main_scan_enc,1,"and 1",0.01,15.1606,15.9019,1,1,2026-10-07T01:16:37+02:00
a64fx,pivot,256,main_scan_enc,1,"and 1",0.01,7.4769,1.5200,1,1,2026-10-07T01:16:37+02:00
a64fx,pivot,256,main_scan_enc,1,"and 1",0.01,7.4103,15.9110,1,1,2026-10-07T01:16:37+02:00
a64fx,pivot,256,main_scan_enc,1,"and 1",0.01,3.7197,7.6938,1,1,2026-10-07T01:16:37+02:00
a64fx,pivot,256,main_scan_enc,1,"and 1",0.01,15.1421,7.6843,1,1,2026-10-07T01:16:37+02:00
a64fx,pivot,256,main_scan_enc,1,"and 2",0.07,1.5372,4.1755,1,1,2026-10-07T01:16:37+02:00
a64fx,pivot,256,main_scan_enc,1,"and 2",0.07,10.2214,5.0977,1,1,2026-10-07T01:16:37+02:00
a64fx,pivot,256,main_scan_enc,1,"and 2",0.07,1.4467,2.5596,1,1,2026-10-07T01:16:37+02:00
a64fx,pivot,256,main_scan_enc,1,"and 2",0.07,10.2133,2.0189,1,1,2026-10-07T01:16:37+02:00
a64fx,pivot,256,main_scan_enc,1,"and 2",0.07,2.1251,5.0639,1,1,2026-10-07T01:16:37+02:00
a64fx,pivot,256,main_scan_enc,1,"and 3",0.17,1.2862,7.0874,1,1,2026-10-07T01:16:37+02:00
a64fx,pivot,256,main_scan_enc,1,"and 3",0.17,2.7586,1.5033,1,1,2026-10-07T01:16:37+02:00
a64fx,pivot,256,main_scan_enc,1,"and 3",0.17,6.0789,3.5502,1,1,2026-10-07T01:16:37+02:00
a64fx,pivot,256,main_scan_enc,1,"and 3",0.17,6.0759,7.0954,1,1,2026-10-07T01:16:37+02:00
a64fx,pivot,256,main_scan_enc,1,"and 3",0.17,1.2681,3.5531,1,1,2026-10-07T01:16:37+02:00
a64fx,pivot,256,main_scan_enc,1,"and 1",0.01,13.3421,3.7305,1,1,2026-10-07T01:16:37+02:00
a64fx,pivot,256,main_scan_enc,1,"and 1",0.01,13.3403,14.0370,1,1,2026-10-07T01:16:37+02:00
a64fx,pivot,256,main_scan_enc,1,"and 1",0.01,5.9051,14.0398,1,1,2026-10-07T01:16:37+02:00
a64fx,pivot,256,main_scan_enc,1,"and 1",0.01,6.7368,14.0264,1,1,2026-10-07T01:16:37+02:00
a64fx,pivot,256,main_scan_enc,1,"and 1",0.01,6.7288,14.0593,1,1,2026-10-07T01:16:37+02:00
a64fx,pivot,256,main_scan_enc,1,"and 2",0.10,3.9560,1.3695,1,1,2026-10-07T01:16:37+02:00
a64fx,pivot,256,main_scan_enc,1,"and 2",0.10,4.2284,8.9259,1,1,2026-10-07T01:16:37+02:00
a64fx,pivot,256,main_scan_enc,1,"and 2",0.10,4.2091,1.9680,1,1,2026-10-07T01:16:37+02:00
a64fx,pivot,256,main_scan_enc,1,"and 2",0.10,4.2114,4.4740,1,1,2026-10-07T01:16:37+02:00
a64fx,pivot,256,main_scan_enc,1,"and 2",0.10,8.3980,4.4766,1,1,2026-10-07T01:16:37+02:00
a64fx,pivot,256,main_scan_enc,1,"and 3",0.22,5.1227,2.2771,1,1,2026-10-07T01:16:37+02:00
a64fx,pivot,256,main_scan_enc,1,"and 3",0.22,5.1138,6.4150,1,1,2026-10-07T01:16:37+02:00
a64fx,pivot,256,main_scan_enc,1,"and 3",0.22,2.5676,6.4297,1,1,2026-10-07T01:16:37+02:00
a64fx,pivot,256,main_scan_enc,1,"and 3",0.22,1.2727,3.2245,1,1,2026-10-07T01:16:37+02:00
a64fx,pivot,256,main_scan_enc,1,"and 3",0.22,5.1217,2.1608,1,1,2026-10-07T01:16:37+02:00
a64fx,pivot,256,main_scan_enc,1,"and 1",0.02,11.9813,2.6218,1,1,2026-10-07T01:16:37+02:00
a64fx,pivot,256,main_scan_enc,1,"and 1",0.02,11.9662,11.8683,1,1,2026-10-07T01:16:37+02:00
a64fx,pivot,256,main_scan_enc,1,"and 1",0.02,1.4762,6.0217,1,1,2026-10-07T01:16:37+02:00
a64fx,pivot,256,main_scan_enc,1,"and 1",0.02,11.9726,5.7663,1,1,2026-10-07T01:16:37+02:00
a64fx,pivot,256,main_scan_enc,1,"and 1",0.02,11.9873,1.2778,1,1,2026-10-07T01:16:37+02:00
a64fx,pivot,256,main_scan_enc,1,"and 2",0.14,2.8200,1.5574,1,1,2026-10-07T01:16:37+02:00
a64fx,pivot,256,main_scan_enc,1,"and 2",0.14,6.9754,2.3201,1,1,2026-10-07T01:16:37+02:00
a64fx,pivot,256,main_scan_enc,1,"and 2",0.14,1.3535,2.1705,1,1,2026-10-07T01:16:37+02:00
a64fx,pivot,256,main_scan_enc,1,"and 2",0.14,2.9555,1.6355,1,1,2026-10-07T01:16:37+02:00
a64fx,pivot,256,main_scan_enc,1,"and 2",0.14,6.9756,7.7804,1,1,2026-10-07T01:16:37+02:00
a64fx,pivot,256,main_scan_enc,1,"and 3",0.27,1.5668,1.2999,1,1,2026-10-07T01:16:37+02:00
a64fx,pivot,256,main_scan_enc,1,"and 3",0.27,1.2071,1.7535,1,1,2026-10-07T01:16:37+02:00
a64fx,pivot,256,main_scan_enc,1,"and 3",0.27,1.2097,2.8692,1,1,2026-10-07T01:16:37+02:00
a64fx,pivot,256,main_scan_enc,1,"and 3",0.27,4.3123,1.2979,1,1,2026-10-07T01:16:37+02:00
a64fx,pivot,256,main_scan_enc,1,"and 3",0.27,1.1816,2.8772,1,1,2026-10-07T01:16:37+02:00
a64fx,pivot,256,main_scan_enc,1,"and 1",0.05,12.9987,4.0389,1,1,2026-10-07T01:16:37+02:00
a64fx,pivot,256,main_scan_enc,1,"and 1",0.05,13.0042,3.1305,1,1,2026-10-07T01:16:37+02:00
a64fx,pivot,256,main_scan_enc,1,"and 1",0.05,1.4908,4.3430,1,1,2026-10-07T01:16:37+02:00
a64fx,pivot,256,main_scan_enc,1,"and 1",0.05,6.5432,9.2475,1,1,2026-10-07T01:16:37+02:00
a64fx,pivot,256,main_scan_enc,1,"and 1",0.05,6.5330,4.5290,1,1,2026-10-07T01:16:37+02:00
a64fx,pivot,256,main_scan_enc,1,"and 2",0.22,5.9154,3.2621,1,1,2026-10-07T01:16:37+02:00
a64fx,pivot,256,main_scan_enc,1,"and 2",0.22,5.9185,3.2676,1,1,2026-10-07T01:16:37+02:00
a64fx,pivot,256,main_scan_enc,1,"and 2",0.22,5.9154,2.7133,1,1,2026-10-07T01:16:37+02:00
a64fx,pivot,256,main_scan_enc,1,"and 2",0.22,0.7687,2.9519,1,1,2026-10-07T01:16:37+02:00
a64fx,pivot,256,main_scan_enc,1,"and 2",0.22,1.7705,3.2600,1,1,2026-10-07T01:16:37+02:00
a64fx,pivot,256,main_scan_enc,1,"and 3",0.37,3.2973,2.4053,1,1,2026-10-07T01:16:37+02:00
a64fx,pivot,256,main_scan_enc,1,"and 3",0.37,3.3052,1.2508,1,1,2026-10-07T01:16:37+02:00
a64fx,pivot,256,main_scan_enc,1,"and 3",0.37,3.3054,2.3980,1,1,2026-10-07T01:16:37+02:00
a64fx,pivot,256,main_scan_enc,1,"and 3",0.37,3.3074,1.2379,1,1,2026-10-07T01:16:37+02:00
a64fx,pivot,256,main_scan_enc,1,"and 3",0.37,1.6568,4.8748,1,1,2026-10-07T01:16:37+02:00
a64fx,pivot,256,main_scan_enc,1,"and 1",0.10,5.3941,7.8447,1,1,2026-10-07T01:16:37+02:00
a64fx,pivot,256,main_scan_enc,1,"and 1",0.10,10.7976,1.3813,1,1,2026-10-07T01:16:37+02:00
a64fx,pivot,256,main_scan_enc,1,"and 1",0.10,3.2565,7.8320,1,1,2026-10-07T01:16:37+02:00
a64fx,pivot,256,main_scan_enc,1,"and 1",0.10,5.3988,3.7780,1,1,2026-10-07T01:16:37+02:00
a64fx,pivot,256,main_scan_enc,1,"and 1",0.10,10.7945,1.5734,1,1,2026-10-07T01:16:37+02:00
a64fx,pivot,256,main_scan_enc,1,"and 2",0.32,2.0080,5.8084,1,1,2026-10-07T01:16:37+02:00
a64fx,pivot,256,main_scan_enc,1,"and 2",0.32,2.0134,5.8083,1,1,2026-10-07T01:16:37+02:00
a64fx,pivot,256,main_scan_enc,1,"and 2",0.32,2.1992,5.8114,1,1,2026-10-07T01:16:37+02:00
a64fx,pivot,256,main_scan_enc,1,"and 2",0.32,2.2036,5.7849,1,1,2026-10-07T01:16:37+02:00
a64fx,pivot,256,main_scan_enc,1,"and 2",0.32,1.5759,1.2094,1,1,2026-10-07T01:16:37+02:00
a64fx,pivot,256,main_scan_enc,1,"and 3",0.46,1.2472,4.3750,1,1,2026-10-07T01:16:37+02:00
a64fx,pivot,256,main_scan_enc,1,"and 3",0.46,1.2444,4.2430,1,1,2026-10-07T01:16:37+02:00
a64fx,pivot,256,main_scan_enc,1,"and 3",0.46,2.5867,4.3546,1,1,2026-10-07T01:16:37+02:00
a64fx,pivot,256,main_scan_enc,1,"and 3",0.46,2.6005,4.3920,1,1,2026-10-07T01:16:37+02:00
a64fx,pivot,256,main_scan_enc,1,"and 3",0.46,2.6014,4.3582,1,1,2026-10-07T01:16:37+02:00
a64fx,pivot,256,main_scan_enc,1,"and 1",0.20,7.6319,6.8340,1,1,2026-10-07T01:16:37+02:00
a64fx,pivot,256,main_scan_enc,1,"and 1",0.20,7.6215,6.6833,1,1,2026-10-07T01:16:37+02:00
a64fx,pivot,256,main_scan_enc,1,"and 1",0.20,7.6643,6.9280,1,1,2026-10-07T01:16:37+02:00
a64fx,pivot,256,main_scan_enc,1,"and 1",0.20,7.6433,6.9262,1,1,2026-10-07T01:16:37+02:00
a64fx,pivot,256,main_scan_enc,1,"and 1",0.20,7.7257,6.8549,1,1,2026-10-07T01:16:37+02:00
a64fx,pivot,256,main_scan_enc,1,"and 2",0.45,3.0988,5.2457,1,1,2026-10-07T01:16:37+02:00
a64fx,pivot,256,main_scan_enc,1,"and 2",0.45,3.0874,5.2341,1,1,2026-10-07T01:16:37+02:00
a64fx,pivot,256,main_scan_enc,1,"and 2",0.45,3.0861,5.2525,1,1,2026-10-07T01:16:37+02:00
a64fx,pivot,256,main_scan_enc,1,"and 2",0.45,3.0940,5.1795,1,1,2026-10-07T01:16:37+02:00
a64fx,pivot,256,main_scan_enc,1,"and 2",0.45,3.0978,5.2419,1,1,2026-10-07T01:16:37+02:00
a64fx,pivot,256,main_scan_enc,1,"and 3",0.58,2.4181,4.1607,1,1,2026-10-07T01:16:37+02:00
a64fx,pivot,256,main_scan_enc,1,"and 3",0.58,2.4290,4.1659,1,1,2026-10-07T01:16:37+02:00
a64fx,pivot,256,main_scan_enc,1,"and 3",0.58,2.4323,4.1696,1,1,2026-10-07T01:16:37+02:00
a64fx,pivot,256,main_scan_enc,1,"and 3",0.58,2.4280,4.1543,1,1,2026-10-07T01:16:37+02:00
a64fx,pivot,256,main_scan_enc,1,"and 3",0.58,2.4284,3.8898,1,1,2026-10-07T01:16:37+02:00
a64fx,pivot,256,main_scan_enc,1,"and 1",0.50,4.2664,6.0975,1,1,2026-10-07T01:16:37+02:00
a64fx,pivot,256,main_scan_enc,1,"and 1",0.50,4.2762,6.1745,1,1,2026-10-07T01:16:37+02:00
a64fx,pivot,256,main_scan_enc,1,"and 1",0.50,4.0990,6.1104,1,1,2026-10-07T01:16:37+02:00
a64fx,pivot,256,main_scan_enc,1,"and 1",0.50,4.2784,6.1747,1,1,2026-10-07T01:16:37+02:00
a64fx,pivot,256,main_scan_enc,1,"and 1",0.50,4.2741,6.1323,1,1,2026-10-07T01:16:37+02:00
a64fx,pivot,256,main_scan_enc,1,"and 2",0.71,3.5353,4.7896,1,1,2026-10-07T01:16:37+02:00
a64fx,pivot,256,main_scan_enc,1,"and 2",0.71,3.5534,4.8139,1,1,2026-10-07T01:16:37+02:00
a64fx,pivot,256,main_scan_enc,1,"and 2",0.71,3.5703,4.8118,1,1,2026-10-07T01:16:37+02:00
a64fx,pivot,256,main_scan_enc,1,"and 2",0.71,3.5754,4.8140,1,1,2026-10-07T01:16:37+02:00
a64fx,pivot,256,main_scan_enc,1,"and 2",0.71,3.5775,4.8158,1,1,2026-10-07T01:16:37+02:00
a64fx,pivot,256,main_scan_enc,1,"and 3",0.79,3.2338,3.8834,1,1,2026-10-07T01:16:37+02:00
a64fx,pivot,256,main_scan_enc,1,"and 3",0.79,3.2340,3.9116,1,1,2026-10-07T01:16:37+02:00
a64fx,pivot,256,main_scan_enc,1,"and 3",0.79,3.2166,3.8709,1,1,2026-10-07T01:16:37+02:00
a64fx,pivot,256,main_scan_enc,1,"and 3",0.79,3.2375,3.8951,1,1,2026-10-07T01:16:37+02:00
a64fx,pivot,256,main_scan_enc,1,"and 3",0.79,3.0665,3.8776,1,1,2026-10-07T01:16:37+02:00
a64fx,pivot,256,main_scan_enc,1,"and 1",1.00,16.5008,5.2181,1,1,2026-10-07T01:16:37+02:00
a64fx,pivot,256,main_scan_enc,1,"and 1",1.00,16.5212,5.1676,1,1,2026-10-07T01:16:37+02:00
a64fx,pivot,256,main_scan_enc,1,"and 1",1.00,16.5216,5.1577,1,1,2026-10-07T01:16:37+02:00
a64fx,pivot,256,main_scan_enc,1,"and 1",1.00,16.4814,5.2146,1,1,2026-10-07T01:16:37+02:00
a64fx,pivot,256,main_scan_enc,1,"and 1",1.00,16.4927,5.2015,1,1,2026-10-07T01:16:37+02:00
a64fx,pivot,256,main_scan_enc,1,"and 2",1.00,9.2916,4.2036,1,1,2026-10-07T01:16:37+02:00
a64fx,pivot,256,main_scan_enc,1,"and 2",1.00,9.3510,4.1681,1,1,2026-10-07T01:16:37+02:00
a64fx,pivot,256,main_scan_enc,1,"and 2",1.00,9.4190,4.2152,1,1,2026-10-07T01:16:37+02:00
a64fx,pivot,256,main_scan_enc,1,"and 2",1.00,9.1978,4.1982,1,1,2026-10-07T01:16:37+02:00
a64fx,pivot,256,main_scan_enc,1,"and 2",1.00,9.2716,4.2168,1,1,2026-10-07T01:16:37+02:00
a64fx,pivot,256,main_scan_enc,1,"and 3",1.00,6.2242,3.5082,1,1,2026-10-07T01:16:37+02:00
a64fx,pivot,256,main_scan_enc,1,"and 3",1.00,6.1350,3.5046,1,1,2026-10-07T01:16:37+02:00
a64fx,pivot,256,main_scan_enc,1,"and 3",1.00,6.1730,3.5062,1,1,2026-10-07T01:16:37+02:00
a64fx,pivot,256,main_scan_enc,1,"and 3",1.00,6.2355,3.5016,1,1,2026-10-07T01:16:37+02:00
a64fx,pivot,256,main_scan_enc,1,"and 3",1.00,6.2479,3.5062,1,1,2026-10-07T01:16:37+02:00
a64fx,pivot,512,main_scan_enc,1,"and 1",0.00,18.1352,26.4961,1,1,2026-10-07T01:16:53+02:00
a64fx,pivot,512,main_scan_enc,1,"and 1",0.00,18.0061,26.5478,1,1,2026-10-07T01:16:53+02:00
a64fx,pivot,512,main_scan_enc,1,"and 1",0.00,18.0212,26.5206,1,1,2026-10-07T01:16:53+02:00
a64fx,pivot,512,main_scan_enc,1,"and 1",0.00,18.0830,26.5729,1,1,2026-10-07T01:16:53+02:00
a64fx,pivot,512,main_scan_enc,1,"and 1",0.00,17.3564,26.5636,1,1,2026-10-07T01:16:53+02:00
a64fx,pivot,512,main_scan_enc,1,"and 2",0.03,13.9820,17.2763,1,1,2026-10-07T01:16:53+02:00
a64fx,pivot,512,main_scan_enc,1,"and 2",0.03,13.9927,17.2773,1,1,2026-10-07T01:16:53+02:00
a64fx,pivot,512,main_scan_enc,1,"and 2",0.03,13.4624,16.6114,1,1,2026-10-07T01:16:53+02:00
a64fx,pivot,512,main_scan_enc,1,"and 2",0.03,14.0104,17.3652,1,1,2026-10-07T01:16:53+02:00
a64fx,pivot,512,main_scan_enc,1,"and 2",0.03,13.9676,17.2724,1,1,2026-10-07T01:16:53+02:00
a64fx,pivot,512,main_scan_enc,1,"and 3",0.10,7.6545,10.9245,1,1,2026-10-07T01:16:53+02:00
a64fx,pivot,512,main_scan_enc,1,"and 3",0.10,7.6698,10.2197,1,1,2026-10-07T01:16:53+02:00
a64fx,pivot,512,main_scan_enc,1,"and 3",0.10,7.6867,9.7027,1,1,2026-10-07T01:16:53+02:00
a64fx,pivot,512,main_scan_enc,1,"and 3",0.10,7.8110,10.9938,1,1,2026-10-07T01:16:53+02:00
a64fx,pivot,512,main_scan_enc,1,"and 3",0.10,7.7814,10.9555,1,1,2026-10-07T01:16:53+02:00
a64fx,pivot,512,main_scan_enc,1,"and 1",0.00,16.4321,25.3720,1,1,2026-10-07T01:16:53+02:00
a64fx,pivot,512,main_scan_enc,1,"and 1",0.00,17.2641,25.4940,1,1,2026-10-07T01:16:53+02:00
a64fx,pivot,512,main_scan_enc,1,"and 1",0.00,17.1473,25.4028,1,1,2026-10-07T01:16:53+02:00
a64fx,pivot,512,main_scan_enc,1,"and 1",0.00,17.1574,25.4536,1,1,2026-10-07T01:16:53+02:00
a64fx,pivot,512,main_scan_enc,1,"and 1",0.00,17.1236,25.3836,1,1,2026-10-07T01:16:53+02:00
a64fx,pivot,512,main_scan_enc,1,"and 2",0.04,12.1422,16.0506,1,1,2026-10-07T01:16:53+02:00
a64fx,pivot,512,main_scan_enc,1,"and 2",0.04,12.6172,16.0772,1,1,2026-10-07T01:16:53+02:00
a64fx,pivot,512,main_scan_enc,1,"and 2",0.04,12.6305,16.0758,1,1,2026-10-07T01:16:53+02:00
a64fx,pivot,512,main_scan_enc,1,"and 2",0.04,12.1648,15.6542,1,1,2026-10-07T01:16:53+02:00
a64fx,pivot,512,main_scan_enc,1,"and 2",0.04,12.5815,16.1027,1,1,2026-10-07T01:16:53+02:00
a64fx,pivot,512,main_scan_enc,1,"and 3",0.13,6.9269,10.1810,1,1,2026-10-07T01:16:53+02:00
a64fx,pivot,512,main_scan_enc,1,"and 3",0.13,6.9366,1.6904,1,1,2026-10-07T01:16:53+02:00
a64fx,pivot,512,main_scan_enc,1,"and 3",0.13,7.0291,10.4215,1,1,2026-10-07T01:16:53+02:00
a64fx,pivot,512,main_scan_enc,1,"and 3",0.13,7.0199,10.4485,1,1,2026-10-07T01:16:53+02:00
a64fx,pivot,512,main_scan_enc,1,"and 3",0.13,6.9325,10.3624,1,1,2026-10-07T01:16:53+02:00
a64fx,pivot,512,main_scan_enc,1,"and 1",0.01,13.9632,23.6909,1,1,2026-10-07T01:16:53+02:00
a64fx,pivot,512,main_scan_enc,1,"and 1",0.01,14.8306,21.3244,1,1,2026-10-07T01:16:53+02:00
a64fx,pivot,512,main_scan_enc,1,"and 1",0.01,15.1966,24.0060,1,1,2026-10-07T01:16:53+02:00
a64fx,pivot,512,main_scan_enc,1,"and 1",0.01,15.1640,23.8389,1,1,2026-10-07T01:16:53+02:00
a64fx,pivot,512,main_scan_enc,1,"and 1",0.01,15.1750,23.7783,1,1,2026-10-07T01:16:53+02:00
a64fx,pivot,512,main_scan_enc,1,"and 2",0.07,9.9488,13.8360,1,1,2026-10-07T01:16:53+02:00
a64fx,pivot,512,main_scan_enc,1,"and 2",0.07,10.2341,14.3015,1,1,2026-10-07T01:16:53+02:00
a64fx,pivot,512,main_scan_enc,1,"and 2",0.07,10.0371,14.3831,1,1,2026-10-07T01:16:53+02:00
a64fx,pivot,512,main_scan_enc,1,"and 2",0.07,9.9523,13.8651,1,1,2026-10-07T01:16:53+02:00
a64fx,pivot,512,main_scan_enc,1,"and 2",0.07,10.2263,14.3077,1,1,2026-10-07T01:16:53+02:00
a64fx,pivot,512,main_scan_enc,1,"and 3",0.17,5.9328,9.8046,1,1,2026-10-07T01:16:53+02:00
a64fx,pivot,512,main_scan_enc,1,"and 3",0.17,6.0309,9.8382,1,1,2026-10-07T01:16:53+02:00
a64fx,pivot,512,main_scan_enc,1,"and 3",0.17,6.0492,9.8376,1,1,2026-10-07T01:16:53+02:00
a64fx,pivot,512,main_scan_enc,1,"and 3",0.17,6.0340,9.8542,1,1,2026-10-07T01:16:53+02:00
a64fx,pivot,512,main_scan_enc,1,"and 3",0.17,6.0110,9.8700,1,1,2026-10-07T01:16:53+02:00
a64fx,pivot,512,main_scan_enc,1,"and 1",0.01,12.9277,22.1195,1,1,2026-10-07T01:16:53+02:00
a64fx,pivot,512,main_scan_enc,1,"and 1",0.01,13.2260,20.3200,1,1,2026-10-07T01:16:53+02:00
a64fx,pivot,512,main_scan_enc,1,"and 1",0.01,13.2564,22.0587,1,1,2026-10-07T01:16:53+02:00
a64fx,pivot,512,main_scan_enc,1,"and 1",0.01,13.2839,22.3124,1,1,2026-10-07T01:16:53+02:00
a64fx,pivot,512,main_scan_enc,1,"and 1",0.01,12.8536,21.1910,1,1,2026-10-07T01:16:53+02:00
a64fx,pivot,512,main_scan_enc,1,"and 2",0.10,8.4043,13.0936,1,1,2026-10-07T01:16:53+02:00
a64fx,pivot,512,main_scan_enc,1,"and 2",0.10,8.2541,13.1234,1,1,2026-10-07T01:16:53+02:00
a64fx,pivot,512,main_scan_enc,1,"and 2",0.10,8.1687,12.4577,1,1,2026-10-07T01:16:53+02:00
a64fx,pivot,512,main_scan_enc,1,"and 2",0.10,8.4048,13.1092,1,1,2026-10-07T01:16:53+02:00
a64fx,pivot,512,main_scan_enc,1,"and 2",0.10,8.2573,12.6925,1,1,2026-10-07T01:16:53+02:00
a64fx,pivot,512,main_scan_enc,1,"and 3",0.22,5.0712,9.0361,1,1,2026-10-07T01:16:53+02:00
a64fx,pivot,512,main_scan_enc,1,"and 3",0.22,5.1112,9.2732,1,1,2026-10-07T01:16:53+02:00
a64fx,pivot,512,main_scan_enc,1,"and 3",0.22,5.0384,9.2843,1,1,2026-10-07T01:16:53+02:00
a64fx,pivot,512,main_scan_enc,1,"and 3",0.22,5.0641,9.2662,1,1,2026-10-07T01:16:53+02:00
a64fx,pivot,512,main_scan_enc,1,"and 3",0.22,5.1240,9.2122,1,1,2026-10-07T01:16:53+02:00
a64fx,pivot,512,main_scan_enc,1,"and 1",0.02,12.0109,20.0922,1,1,2026-10-07T01:16:53+02:00
a64fx,pivot,512,main_scan_enc,1,"and 1",0.02,11.4176,19.1247,1,1,2026-10-07T01:16:53+02:00
a64fx,pivot,512,main_scan_enc,1,"and 1",0.02,12.0121,20.1227,1,1,2026-10-07T01:16:53+02:00
a64fx,pivot,512,main_scan_enc,1,"and 1",0.02,12.0105,20.3834,1,1,2026-10-07T01:16:53+02:00
a64fx,pivot,512,main_scan_enc,1,"and 1",0.02,11.0845,18.8728,1,1,2026-10-07T01:16:53+02:00
a64fx,pivot,512,main_scan_enc,1,"and 2",0.14,6.9517,12.0438,1,1,2026-10-07T01:16:53+02:00
a64fx,pivot,512,main_scan_enc,1,"and 2",0.14,6.9146,12.0093,1,1,2026-10-07T01:16:53+02:00
a64fx,pivot,512,main_scan_enc,1,"and 2",0.14,6.9242,11.7850,1,1,2026-10-07T01:16:53+02:00
a64fx,pivot,512,main_scan_enc,1,"and 2",0.14,6.8708,11.6145,1,1,2026-10-07T01:16:53+02:00
a64fx,pivot,512,main_scan_enc,1,"and 2",0.14,6.9492,12.0023,1,1,2026-10-07T01:16:53+02:00
a64fx,pivot,512,main_scan_enc,1,"and 3",0.27,4.3169,8.7057,1,1,2026-10-07T01:16:53+02:00
a64fx,pivot,512,main_scan_enc,1,"and 3",0.27,4.3112,8.6110,1,1,2026-10-07T01:16:53+02:00
a64fx,pivot,512,main_scan_enc,1,"and 3",0.27,4.2439,8.5058,1,1,2026-10-07T01:16:53+02:00
a64fx,pivot,512,main_scan_enc,1,"and 3",0.27,4.3027,8.7396,1,1,2026-10-07T01:16:53+02:00
a64fx,pivot,512,main_scan_enc,1,"and 3",0.27,4.1336,8.5744,1,1,2026-10-07T01:16:53+02:00
a64fx,pivot,512,main_scan_enc,1,"and 1",0.05,12.9716,17.9427,1,1,2026-10-07T01:16:53+02:00
a64fx,pivot,512,main_scan_enc,1,"and 1",0.05,12.8188,18.1446,1,1,2026-10-07T01:16:53+02:00
a64fx,pivot,512,main_scan_enc,1,"and 1",0.05,12.9966,18.1624,1,1,2026-10-07T01:16:53+02:00
a64fx,pivot,512,main_scan_enc,1,"and 1",0.05,13.0026,18.1852,1,1,2026-10-07T01:16:53+02:00
a64fx,pivot,512,main_scan_enc,1,"and 1",0.05,12.6915,18.1591,1,1,2026-10-07T01:16:53+02:00
a64fx,pivot,512,main_scan_enc,1,"and 2",0.22,5.7887,11.0925,1,1,2026-10-07T01:16:53+02:00
a64fx,pivot,512,main_scan_enc,1,"and 2",0.22,5.7953,10.9106,1,1,2026-10-07T01:16:53+02:00
a64fx,pivot,512,main_scan_enc,1,"and 2",0.22,5.9158,10.8441,1,1,2026-10-07T01:16:53+02:00
a64fx,pivot,512,main_scan_enc,1,"and 2",0.22,5.8233,10.7746,1,1,2026-10-07T01:16:53+02:00
a64fx,pivot,512,main_scan_enc,1,"and 2",0.22,5.8368,10.7362,1,1,2026-10-07T01:16:53+02:00
a64fx,pivot,512,main_scan_enc,1,"and 3",0.37,3.3006,8.2426,1,1,2026-10-07T01:16:53+02:00
a64fx,pivot,512,main_scan_enc,1,"and 3",0.37,3.2183,8.1247,1,1,2026-10-07T01:16:53+02:00
a64fx,pivot,512,main_scan_enc,1,"and 3",0.37,3.2003,8.1688,1,1,2026-10-07T01:16:53+02:00
a64fx,pivot,512,main_scan_enc,1,"and 3",0.37,3.2051,8.0961,1,1,2026-10-07T01:16:53+02:00
a64fx,pivot,512,main_scan_enc,1,"and 3",0.37,3.1223,8.0753,1,1,2026-10-07T01:16:53+02:00
a64fx,pivot,512,main_scan_enc,1,"and 1",0.10,10.8101,17.8433,1,1,2026-10-07T01:16:53+02:00
a64fx,pivot,512,main_scan_enc,1,"and 1",0.10,10.6454,17.4184,1,1,2026-10-07T01:16:53+02:00
a64fx,pivot,512,main_scan_enc,1,"and 1",0.10,10.4838,17.0884,1,1,2026-10-07T01:16:53+02:00
a64fx,pivot,512,main_scan_enc,1,"and 1",0.10,10.8043,17.8396,1,1,2026-10-07T01:16:53+02:00
a64fx,pivot,512,main_scan_enc,1,"and 1",0.10,10.3254,17.8782,1,1,2026-10-07T01:16:53+02:00
a64fx,pivot,512,main_scan_enc,1,"and 2",0.32,4.3705,10.8927,1,1,2026-10-07T01:16:53+02:00
a64fx,pivot,512,main_scan_enc,1,"and 2",0.32,4.3697,11.1986,1,1,2026-10-07T01:16:53+02:00
a64fx,pivot,512,main_scan_enc,1,"and 2",0.32,4.2958,11.2195,1,1,2026-10-07T01:16:53+02:00
a64fx,pivot,512,main_scan_enc,1,"and 2",0.32,4.3246,11.1752,1,1,2026-10-07T01:16:53+02:00
a64fx,pivot,512,main_scan_enc,1,"and 2",0.32,4.2885,10.9437,1,1,2026-10-07T01:16:53+02:00
a64fx,pivot,512,main_scan_enc,1,"and 3",0.46,2.6018,8.0562,1,1,2026-10-07T01:16:53+02:00
a64fx,pivot,512,main_scan_enc,1,"and 3",0.46,2.5966,8.0442,1,1,2026-10-07T01:16:53+02:00
a64fx,pivot,512,main_scan_enc,1,"and 3",0.46,2.5997,8.1757,1,1,2026-10-07T01:16:53+02:00
a64fx,pivot,512,main_scan_enc,1,"and 3",0.46,2.6054,7.9447,1,1,2026-10-07T01:16:53+02:00
a64fx,pivot,512,main_scan_enc,1,"and 3",0.46,2.5992,7.9220,1,1,2026-10-07T01:16:53+02:00
a64fx,pivot,512,main_scan_enc,1,"and 1",0.20,7.5722,15.4768,1,1,2026-10-07T01:16:53+02:00
a64fx,pivot,512,main_scan_enc,1,"and 1",0.20,7.7255,16.1823,1,1,2026-10-07T01:16:53+02:00
a64fx,pivot,512,main_scan_enc,1,"and 1",0.20,7.6200,16.1755,1,1,2026-10-07T01:16:53+02:00
a64fx,pivot,512,main_scan_enc,1,"and 1",0.20,7.5658,16.1787,1,1,2026-10-07T01:16:53+02:00
a64fx,pivot,512,main_scan_enc,1,"and 1",0.20,7.7270,16.1671,1,1,2026-10-07T01:16:53+02:00
a64fx,pivot,512,main_scan_enc,1,"and 2",0.45,3.0788,10.4208,1,1,2026-10-07T01:16:53+02:00
a64fx,pivot,512,main_scan_enc,1,"and 2",0.45,3.0813,10.2321,1,1,2026-10-07T01:16:53+02:00
a64fx,pivot,512,main_scan_enc,1,"and 2",0.45,3.0947,10.5498,1,1,2026-10-07T01:16:53+02:00
a64fx,pivot,512,main_scan_enc,1,"and 2",0.45,3.0827,10.4647,1,1,2026-10-07T01:16:53+02:00
a64fx,pivot,512,main_scan_enc,1,"and 2",0.45,3.0930,10.5617,1,1,2026-10-07T01:16:53+02:00
a64fx,pivot,512,main_scan_enc,1,"and 3",0.58,2.4265,8.0020,1,1,2026-10-07T01:16:53+02:00
a64fx,pivot,512,main_scan_enc,1,"and 3",0.58,2.3486,7.9638,1,1,2026-10-07T01:16:53+02:00
a64fx,pivot,512,main_scan_enc,1,"and 3",0.58,2.4234,8.0789,1,1,2026-10-07T01:16:53+02:00
a64fx,pivot,512,main_scan_enc,1,"and 3",0.58,2.4260,7.9582,1,1,2026-10-07T01:16:53+02:00
a64fx,pivot,512,main_scan_enc,1,"and 3",0.58,2.4299,7.9299,1,1,2026-10-07T01:16:53+02:00
a64fx,pivot,512,main_scan_enc,1,"and 1",0.50,4.2612,13.1479,1,1,2026-10-07T01:16:53+02:00
a64fx,pivot,512,main_scan_enc,1,"and 1",0.50,4.0402,12.9055,1,1,2026-10-07T01:16:53+02:00
a64fx,pivot,512,main_scan_enc,1,"and 1",0.50,4.2636,13.1458,1,1,2026-10-07T01:16:53+02:00
a64fx,pivot,512,main_scan_enc,1,"and 1",0.50,4.2726,13.1245,1,1,2026-10-07T01:16:53+02:00
a64fx,pivot,512,main_scan_enc,1,"and 1",0.50,4.2621,13.1568,1,1,2026-10-07T01:16:53+02:00
a64fx,pivot,512,main_scan_enc,1,"and 2",0.71,3.5558,9.1820,1,1,2026-10-07T01:16:53+02:00
a64fx,pivot,512,main_scan_enc,1,"and 2",0.71,3.5539,9.1323,1,1,2026-10-07T01:16:53+02:00
a64fx,pivot,512,main_scan_enc,1,"and 2",0.71,3.5513,9.0140,1,1,2026-10-07T01:16:53+02:00
a64fx,pivot,512,main_scan_enc,1,"and 2",0.71,3.5635,9.2089,1,1,2026-10-07T01:16:53+02:00
a64fx,pivot,512,main_scan_enc,1,"and 2",0.71,3.5374,8.9723,1,1,2026-10-07T01:16:53+02:00
a64fx,pivot,512,main_scan_enc,1,"and 3",0.79,3.2181,7.1352,1,1,2026-10-07T01:16:53+02:00
a64fx,pivot,512,main_scan_enc,1,"and 3",0.79,3.2116,7.1047,1,1,2026-10-07T01:16:53+02:00
a64fx,pivot,512,main_scan_enc,1,"and 3",0.79,3.2111,7.1627,1,1,2026-10-07T01:16:53+02:00
a64fx,pivot,512,main_scan_enc,1,"and 3",0.79,3.2334,7.1307,1,1,2026-10-07T01:16:53+02:00
a64fx,pivot,512,main_scan_enc,1,"and 3",0.79,3.2316,7.1653,1,1,2026-10-07T01:16:53+02:00
a64fx,pivot,512,main_scan_enc,1,"and 1",1.00,16.4747,9.7254,1,1,2026-10-07T01:16:53+02:00
a64fx,pivot,512,main_scan_enc,1,"and 1",1.00,16.5052,9.7418,1,1,2026-10-07T01:16:53+02:00
a64fx,pivot,512,main_scan_enc,1,"and 1",1.00,15.7678,9.5127,1,1,2026-10-07T01:16:53+02:00
a64fx,pivot,512,main_scan_enc,1,"and 1",1.00,16.5252,9.7487,1,1,2026-10-07T01:16:53+02:00
a64fx,pivot,512,main_scan_enc,1,"and 1",1.00,16.0681,9.4635,1,1,2026-10-07T01:16:53+02:00
a64fx,pivot,512,main_scan_enc,1,"and 2",1.00,9.1328,7.2572,1,1,2026-10-07T01:16:53+02:00
a64fx,pivot,512,main_scan_enc,1,"and 2",1.00,9.3901,7.3253,1,1,2026-10-07T01:16:53+02:00
a64fx,pivot,512,main_scan_enc,1,"and 2",1.00,9.3931,7.2234,1,1,2026-10-07T01:16:53+02:00
a64fx,pivot,512,main_scan_enc,1,"and 2",1.00,9.4056,7.3362,1,1,2026-10-07T01:16:53+02:00
a64fx,pivot,512,main_scan_enc,1,"and 2",1.00,9.3942,7.3189,1,1,2026-10-07T01:16:53+02:00
a64fx,pivot,512,main_scan_enc,1,"and 3",1.00,6.2859,6.0379,1,1,2026-10-07T01:16:53+02:00
a64fx,pivot,512,main_scan_enc,1,"and 3",1.00,6.1796,6.0504,1,1,2026-10-07T01:16:53+02:00
a64fx,pivot,512,main_scan_enc,1,"and 3",1.00,6.1618,5.9981,1,1,2026-10-07T01:16:53+02:00
a64fx,pivot,512,main_scan_enc,1,"and 3",1.00,6.1741,5.7914,1,1,2026-10-07T01:16:53+02:00
a64fx,pivot,512,main_scan_enc,1,"and 3",1.00,6.2881,6.0206,1,1,2026-10-07T01:16:53+02:00
a64fx,pivot,128,main_gather,1,"gather_byte",100.00,0.074668,0.074668,1,1,2026-10-07T01:31:14+02:00
a64fx,pivot,128,main_gather,1,"gather_short",100.00,0.062549,0.062549,1,1,2026-10-07T01:31:14+02:00
a64fx,pivot,128,main_gather,1,"gather_int",100.00,0.065503,0.065503,1,1,2026-10-07T01:31:14+02:00
a64fx,pivot,128,main_gather,1,"gather_long",100.00,0.060305,0.060305,1,1,2026-10-07T01:31:14+02:00
a64fx,pivot,128,main_gather,1,"gather_char",100.00,0.007820,0.007820,1,1,2026-10-07T01:31:14+02:00
a64fx,pivot,128,main_gather,1,"gather_encoded",100.00,0.049442,0.049442,1,1,2026-10-07T01:31:14+02:00
a64fx,pivot,128,main_gather,1,"copy_encoded",100.00,0.340354,0.340354,1,1,2026-10-07T01:31:14+02:00
a64fx,pivot,256,main_gather,1,"gather_byte",100.00,0.075735,0.075735,1,1,2026-10-07T01:35:59+02:00
a64fx,pivot,256,main_gather,1,"gather_short",100.00,0.063189,0.063189,1,1,2026-10-07T01:35:59+02:00
a64fx,pivot,256,main_gather,1,"gather_int",100.00,0.055447,0.055447,1,1,2026-10-07T01:35:59+02:00
a64fx,pivot,256,main_gather,1,"gather_long",100.00,0.052483,0.052483,1,1,2026-10-07T01:35:59+02:00
a64fx,pivot,256,main_gather,1,"gather_char",100.00,0.010748,0.010748,1,1,2026-10-07T01:35:59+02:00
a64fx,pivot,256,main_gather,1,"gather_encoded",100.00,0.048304,0.048304,1,1,2026-10-07T01:35:59+02:00
a64fx,pivot,256,main_gather,1,"copy_encoded",100.00,1.228592,1.228592,1,1,2026-10-07T01:35:59+02:00
a64fx,pivot,512,main_gather,1,"gather_byte",100.00,0.073326,0.073326,1,1,2026-10-07T01:40:39+02:00
a64fx,pivot,512,main_gather,1,"gather_short",100.00,0.063860,0.063860,1,1,2026-10-07T01:40:39+02:00
a64fx,pivot,512,main_gather,1,"gather_int",100.00,0.053706,0.053706,1,1,2026-10-07T01:40:39+02:00
a64fx,pivot,512,main_gather,1,"gather_long",100.00,0.057641,0.057641,1,1,2026-10-07T01:40:39+02:00
a64fx,pivot,512,main_gather,1,"gather_char",100.00,0.007508,0.007508,1,1,2026-10-07T01:40:39+02:00
a64fx,pivot,512,main_gather,1,"gather_encoded",100.00,0.077758,0.077758,1,1,2026-10-07T01:40:39+02:00
a64fx,pivot,512,main_gather,1,"copy_encoded",100.00,3.453749,3.453749,1,1,2026-10-07T01:40:39+02:00
a64fx,pivot,128,main_hash,1,"jenkins_hash",100.00,0.006543,0.006543,1,1,2026-10-07T01:50:36+02:00
a64fx,pivot,128,main_hash,1,"fnv_hash",100.00,0.008180,0.008180,1,1,2026-10-07T01:50:36+02:00
a64fx,pivot,128,main_hash,1,"murmur_hash",100.00,0.022732,0.022732,1,1,2026-10-07T01:50:36+02:00
a64fx,pivot,256,main_hash,1,"jenkins_hash",100.00,0.005263,0.005263,1,1,2026-10-07T01:52:01+02:00
a64fx,pivot,256,main_hash,1,"fnv_hash",100.00,0.005706,0.005706,1,1,2026-10-07T01:52:01+02:00
a64fx,pivot,256,main_hash,1,"murmur_hash",100.00,0.014750,0.014750,1,1,2026-10-07T01:52:01+02:00
a64fx,pivot,512,main_hash,1,"jenkins_hash",100.00,0.005764,0.005764,1,1,2026-10-07T01:53:32+02:00
a64fx,pivot,512,main_hash,1,"fnv_hash",100.00,0.006381,0.006381,1,1,2026-10-07T01:53:32+02:00
a64fx,pivot,512,main_hash,1,"murmur_hash",100.00,0.018075,0.018075,1,1,2026-10-07T01:53:32+02:00
a64fx,pivot,128,main_select,1,"select_byte",100.00,0.630533,0.630533,1,1,2026-10-07T02:04:44+02:00
a64fx,pivot,128,main_select,1,"select_short",100.00,0.744622,0.744622,1,1,2026-10-07T02:04:44+02:00
a64fx,pivot,128,main_select,1,"select_int",100.00,0.820277,0.820277,1,1,2026-10-07T02:04:44+02:00
a64fx,pivot,128,main_select,1,"select_long",100.00,0.609843,0.609843,1,1,2026-10-07T02:04:44+02:00
a64fx,pivot,128,main_select,1,"select_float",100.00,0.820105,0.820105,1,1,2026-10-07T02:04:44+02:00
a64fx,pivot,128,main_select,1,"select_double",100.00,0.610488,0.610488,1,1,2026-10-07T02:04:44+02:00
a64fx,pivot,128,main_select,1,"select_char",100.00,0.035591,0.035591,1,1,2026-10-07T02:04:44+02:00
a64fx,pivot,128,main_select,1,"select_encoded",100.00,0.177627,0.177627,1,1,2026-10-07T02:04:44+02:00
a64fx,pivot,256,main_select,1,"select_byte",100.00,0.709523,0.709523,1,1,2026-10-07T02:07:16+02:00
a64fx,pivot,256,main_select,1,"select_short",100.00,0.686542,0.686542,1,1,2026-10-07T02:07:16+02:00
a64fx,pivot,256,main_select,1,"select_int",100.00,0.679432,0.679432,1,1,2026-10-07T02:07:16+02:00
a64fx,pivot,256,main_select,1,"select_long",100.00,0.510444,0.510444,1,1,2026-10-07T02:07:16+02:00
a64fx,pivot,256,main_select,1,"select_float",100.00,0.679491,0.679491,1,1,2026-10-07T02:07:16+02:00
a64fx,pivot,256,main_select,1,"select_double",100.00,0.510560,0.510560,1,1,2026-10-07T02:07:16+02:00
a64fx,pivot,256,main_select,1,"select_char",100.00,0.042876,0.042876,1,1,2026-10-07T02:07:16+02:00
a64fx,pivot,256,main_select,1,"select_encoded",100.00,0.438806,0.438806,1,1,2026-10-07T02:07:16+02:00
a64fx,pivot,512,main_select,1,"select_byte",100.00,0.962929,0.962929,1,1,2026-10-07T02:09:14+02:00
a64fx,pivot,512,main_select,1,"select_short",100.00,0.932679,0.932679,1,1,2026-10-07T02:09:14+02:00
a64fx,pivot,512,main_select,1,"select_int",100.00,0.914434,0.914434,1,1,2026-10-07T02:09:14+02:00
a64fx,pivot,512,main_select,1,"select_long",100.00,0.624480,0.624480,1,1,2026-10-07T02:09:14+02:00
a64fx,pivot,512,main_select,1,"select_float",100.00,0.914175,0.914175,1,1,2026-10-07T02:09:14+02:00
a64fx,pivot,512,main_select,1,"select_double",100.00,0.624999,0.624999,1,1,2026-10-07T02:09:14+02:00
a64fx,pivot,512,main_select,1,"select_char",100.00,0.040332,0.040332,1,1,2026-10-07T02:09:14+02:00
a64fx,pivot,512,main_select,1,"select_encoded",100.00,0.638064,0.638064,1,1,2026-10-07T02:09:14+02:00
a64fx,pivot,128,main_filter,1,"filter_byte_eq",100.00,0.026097,0.026097,1,1,2026-10-07T02:19:34+02:00
a64fx,pivot,128,main_filter,1,"filter_byte_lt",100.00,0.026156,0.026156,1,1,2026-10-07T02:19:34+02:00
a64fx,pivot,128,main_filter,1,"filter_byte_gt",100.00,0.026166,0.026166,1,1,2026-10-07T02:19:34+02:00
a64fx,pivot,128,main_filter,1,"filter_byte_ne",100.00,0.025742,0.025742,1,1,2026-10-07T02:19:34+02:00
a64fx,pivot,128,main_filter,1,"filter_byte_le",100.00,0.026158,0.026158,1,1,2026-10-07T02:19:34+02:00
a64fx,pivot,128,main_filter,1,"filter_byte_ge",100.00,0.026159,0.026159,1,1,2026-10-07T02:19:34+02:00
a64fx,pivot,128,main_filter,1,"filter_short_eq",100.00,0.024247,0.024247,1,1,2026-10-07T02:19:34+02:00
a64fx,pivot,128,main_filter,1,"filter_short_lt",100.00,0.024234,0.024234,1,1,2026-10-07T02:19:34+02:00
a64fx,pivot,128,main_filter,1,"filter_short_gt",100.00,0.024240,0.024240,1,1,2026-10-07T02:19:34+02:00
a64fx,pivot,128,main_filter,1,"filter_short_ne",100.00,0.022488,0.022488,1,1,2026-10-07T02:19:34+02:00
a64fx,pivot,128,main_filter,1,"filter_short_le",100.00,0.024244,0.024244,1,1,2026-10-07T02:19:34+02:00
a64fx,pivot,128,main_filter,1,"filter_short_ge",100.00,0.024248,0.024248,1,1,2026-10-07T02:19:34+02:00
a64fx,pivot,128,main_filter,1,"filter_int_eq",100.00,0.020897,0.020897,1,1,2026-10-07T02:19:34+02:00
a64fx,pivot,128,main_filter,1,"filter_int_lt",100.00,0.020997,0.020997,1,1,2026-10-07T02:19:34+02:00
a64fx,pivot,128,main_filter,1,"filter_int_gt",100.00,0.021001,0.021001,1,1,2026-10-07T02:19:34+02:00
a64fx,pivot,128,main_filter,1,"filter_int_ne",100.00,0.022324,0.022324,1,1,2026-10-07T02:19:34+02:00
a64fx,pivot,128,main_filter,1,"filter_int_le",100.00,0.020998,0.020998,1,1,2026-10-07T02:19:34+02:00
a64fx,pivot,128,main_filter,1,"filter_int_ge",100.00,0.021012,0.021012,1,1,2026-10-07T02:19:34+02:00
a64fx,pivot,128,main_filter,1,"filter_long_eq",100.00,0.004299,0.004299,1,1,2026-10-07T02:19:34+02:00
a64fx,pivot,128,main_filter,1,"filter_long_lt",100.00,0.004305,0.004305,1,1,2026-10-07T02:19:34+02:00
a64fx,pivot,128,main_filter,1,"filter_long_gt",100.00,0.004303,0.004303,1,1,2026-10-07T02:19:34+02:00
a64fx,pivot,128,main_filter,1,"filter_long_ne",100.00,0.004344,0.004344,1,1,2026-10-07T02:19:34+02:00
a64fx,pivot,128,main_filter,1,"filter_long_le",100.00,0.004305,0.004305,1,1,2026-10-07T02:19:34+02:00
a64fx,pivot,128,main_filter,1,"filter_long_ge",100.00,0.004302,0.004302,1,1,2026-10-07T02:19:34+02:00
a64fx,pivot,128,main_filter,1,"filter_float_eq",100.00,0.020984,0.020984,1,1,2026-10-07T02:19:34+02:00
a64fx,pivot,128,main_filter,1,"filter_float_lt",100.00,0.021055,0.021055,1,1,2026-10-07T02:19:34+02:00
a64fx,pivot,128,main_filter,1,"filter_float_gt",100.00,0.021054,0.021054,1,1,2026-10-07T02:19:34+02:00
a64fx,pivot,128,main_filter,1,"filter_float_ne",100.00,0.023921,0.023921,1,1,2026-10-07T02:19:34+02:00
a64fx,pivot,128,main_filter,1,"filter_float_le",100.00,0.021043,0.021043,1,1,2026-10-07T02:19:34+02:00
a64fx,pivot,128,main_filter,1,"filter_float_ge",100.00,0.021042,0.021042,1,1,2026-10-07T02:19:34+02:00
a64fx,pivot,128,main_filter,1,"filter_double_eq",100.00,0.004300,0.004300,1,1,2026-10-07T02:19:34+02:00
a64fx,pivot,128,main_filter,1,"filter_double_lt",100.00,0.004301,0.004301,1,1,2026-10-07T02:19:34+02:00
a64fx,pivot,128,main_filter,1,"filter_double_gt",100.00,0.004304,0.004304,1,1,2026-10-07T02:19:34+02:00
a64fx,pivot,128,main_filter,1,"filter_double_ne",100.00,0.004320,0.004320,1,1,2026-10-07T02:19:34+02:00
a64fx,pivot,128,main_filter,1,"filter_double_le",100.00,0.004304,0.004304,1,1,2026-10-07T02:19:34+02:00
a64fx,pivot,128,main_filter,1,"filter_double_ge",100.00,0.004302,0.004302,1,1,2026-10-07T02:19:34+02:00
a64fx,pivot,128,main_filter,1,"filter_char_eq",100.00,0.003336,0.003336,1,1,2026-10-07T02:19:34+02:00
a64fx,pivot,128,main_filter,1,"filter_char_lt",100.00,0.003163,0.003163,1,1,2026-10-07T02:19:34+02:00
a64fx,pivot,128,main_filter,1,"filter_char_gt",100.00,0.003163,0.003163,1,1,2026-10-07T02:19:34+02:00
a64fx,pivot,128,main_filter,1,"filter_char_ne",100.00,0.003351,0.003351,1,1,2026-10-07T02:19:34+02:00
a64fx,pivot,128,main_filter,1,"filter_char_le",100.00,0.003156,0.003156,1,1,2026-10-07T02:19:34+02:00
a64fx,pivot,128,main_filter,1,"filter_char_ge",100.00,0.003169,0.003169,1,1,2026-10-07T02:19:34+02:00
a64fx,pivot,256,main_filter,1,"filter_byte_eq",100.00,0.023836,0.023836,1,1,2026-10-07T02:22:08+02:00
a64fx,pivot,256,main_filter,1,"filter_byte_lt",100.00,0.023976,0.023976,1,1,2026-10-07T02:22:08+02:00
a64fx,pivot,256,main_filter,1,"filter_byte_gt",100.00,0.023984,0.023984,1,1,2026-10-07T02:22:08+02:00
a64fx,pivot,256,main_filter,1,"filter_byte_ne",100.00,0.024590,0.024590,1,1,2026-10-07T02:22:08+02:00
a64fx,pivot,256,main_filter,1,"filter_byte_le",100.00,0.023994,0.023994,1,1,2026-10-07T02:22:08+02:00
a64fx,pivot,256,main_filter,1,"filter_byte_ge",100.00,0.023993,0.023993,1,1,2026-10-07T02:22:08+02:00
a64fx,pivot,256,main_filter,1,"filter_short_eq",100.00,0.023475,0.023475,1,1,2026-10-07T02:22:08+02:00
a64fx,pivot,256,main_filter,1,"filter_short_lt",100.00,0.023348,0.023348,1,1,2026-10-07T02:22:08+02:00
a64fx,pivot,256,main_filter,1,"filter_short_gt",100.00,0.023347,0.023347,1,1,2026-10-07T02:22:08+02:00
a64fx,pivot,256,main_filter,1,"filter_short_ne",100.00,0.024045,0.024045,1,1,2026-10-07T02:22:08+02:00
a64fx,pivot,256,main_filter,1,"filter_short_le",100.00,0.023357,0.023357,1,1,2026-10-07T02:22:08+02:00
a64fx,pivot,256,main_filter,1,"filter_short_ge",100.00,0.023347,0.023347,1,1,2026-10-07T02:22:08+02:00
a64fx,pivot,256,main_filter,1,"filter_int_eq",100.00,0.022474,0.022474,1,1,2026-10-07T02:22:08+02:00
a64fx,pivot,256,main_filter,1,"filter_int_lt",100.00,0.022158,0.022158,1,1,2026-10-07T02:22:08+02:00
a64fx,pivot,256,main_filter,1,"filter_int_gt",100.00,0.022164,0.022164,1,1,2026-10-07T02:22:08+02:00
a64fx,pivot,256,main_filter,1,"filter_int_ne",100.00,0.023365,0.023365,1,1,2026-10-07T02:22:08+02:00
a64fx,pivot,256,main_filter,1,"filter_int_le",100.00,0.022162,0.022162,1,1,2026-10-07T02:22:08+02:00
a64fx,pivot,256,main_filter,1,"filter_int_ge",100.00,0.022144,0.022144,1,1,2026-10-07T02:22:08+02:00
a64fx,pivot,256,main_filter,1,"filter_long_eq",100.00,0.004205,0.004205,1,1,2026-10-07T02:22:08+02:00
a64fx,pivot,256,main_filter,1,"filter_long_lt",100.00,0.004213,0.004213,1,1,2026-10-07T02:22:08+02:00
a64fx,pivot,256,main_filter,1,"filter_long_gt",100.00,0.004210,0.004210,1,1,2026-10-07T02:22:08+02:00
a64fx,pivot,256,main_filter,1,"filter_long_ne",100.00,0.004229,0.004229,1,1,2026-10-07T02:22:08+02:00
a64fx,pivot,256,main_filter,1,"filter_long_le",100.00,0.004212,0.004212,1,1,2026-10-07T02:22:08+02:00
a64fx,pivot,256,main_filter,1,"filter_long_ge",100.00,0.004191,0.004191,1,1,2026-10-07T02:22:08+02:00
a64fx,pivot,256,main_filter,1,"filter_float_eq",100.00,0.022253,0.022253,1,1,2026-10-07T02:22:08+02:00
a64fx,pivot,256,main_filter,1,"filter_float_lt",100.00,0.022132,0.022132,1,1,2026-10-07T02:22:08+02:00
a64fx,pivot,256,main_filter,1,"filter_float_gt",100.00,0.022136,0.022136,1,1,2026-10-07T02:22:08+02:00
a64fx,pivot,256,main_filter,1,"filter_float_ne",100.00,0.023184,0.023184,1,1,2026-10-07T02:22:08+02:00
a64fx,pivot,256,main_filter,1,"filter_float_le",100.00,0.022119,0.022119,1,1,2026-10-07T02:22:08+02:00
a64fx,pivot,256,main_filter,1,"filter_float_ge",100.00,0.022134,0.022134,1,1,2026-10-07T02:22:08+02:00
a64fx,pivot,256,main_filter,1,"filter_double_eq",100.00,0.004156,0.004156,1,1,2026-10-07T02:22:08+02:00
a64fx,pivot,256,main_filter,1,"filter_double_lt",100.00,0.004154,0.004154,1,1,2026-10-07T02:22:08+02:00
a64fx,pivot,256,main_filter,1,"filter_double_gt",100.00,0.004157,0.004157,1,1,2026-10-07T02:22:08+02:00
a64fx,pivot,256,main_filter,1,"filter_double_ne",100.00,0.004198,0.004198,1,1,2026-10-07T02:22:08+02:00
a64fx,pivot,256,main_filter,1,"filter_double_le",100.00,0.004157,0.004157,1,1,2026-10-07T02:22:08+02:00
a64fx,pivot,256,main_filter,1,"filter_double_ge",100.00,0.004160,0.004160,1,1,2026-10-07T02:22:08+02:00
a64fx,pivot,256,main_filter,1,"filter_char_eq",100.00,0.003284,0.003284,1,1,2026-10-07T02:22:08+02:00
a64fx,pivot,256,main_filter,1,"filter_char_lt",100.00,0.002864,0.002864,1,1,2026-10-07T02:22:08+02:00
a64fx,pivot,256,main_filter,1,"filter_char_gt",100.00,0.002922,0.002922,1,1,2026-10-07T02:22:08+02:00
a64fx,pivot,256,main_filter,1,"filter_char_ne",100.00,0.003265,0.003265,1,1,2026-10-07T02:22:08+02:00
a64fx,pivot,256,main_filter,1,"filter_char_le",100.00,0.002917,0.002917,1,1,2026-10-07T02:22:08+02:00
a64fx,pivot,256,main_filter,1,"filter_char_ge",100.00,0.002901,0.002901,1,1,2026-10-07T02:22:08+02:00
a64fx,pivot,512,main_filter,1,"filter_byte_eq",100.00,0.026316,0.026316,1,1,2026-10-07T02:24:46+02:00
a64fx,pivot,512,main_filter,1,"filter_byte_lt",100.00,0.027850,0.027850,1,1,2026-10-07T02:24:46+02:00
a64fx,pivot,512,main_filter,1,"filter_byte_gt",100.00,0.027850,0.027850,1,1,2026-10-07T02:24:46+02:00
a64fx,pivot,512,main_filter,1,"filter_byte_ne",100.00,0.028371,0.028371,1,1,2026-10-07T02:24:46+02:00
a64fx,pivot,512,main_filter,1,"filter_byte_le",100.00,0.027854,0.027854,1,1,2026-10-07T02:24:46+02:00
a64fx,pivot,512,main_filter,1,"filter_byte_ge",100.00,0.027853,0.027853,1,1,2026-10-07T02:24:46+02:00
a64fx,pivot,512,main_filter,1,"filter_short_eq",100.00,0.023546,0.023546,1,1,2026-10-07T02:24:46+02:00
a64fx,pivot,512,main_filter,1,"filter_short_lt",100.00,0.025974,0.025974,1,1,2026-10-07T02:24:46+02:00
a64fx,pivot,512,main_filter,1,"filter_short_gt",100.00,0.025985,0.025985,1,1,2026-10-07T02:24:46+02:00
a64fx,pivot,512,main_filter,1,"filter_short_ne",100.00,0.026795,0.026795,1,1,2026-10-07T02:24:46+02:00
a64fx,pivot,512,main_filter,1,"filter_short_le",100.00,0.026007,0.026007,1,1,2026-10-07T02:24:46+02:00
a64fx,pivot,512,main_filter,1,"filter_short_ge",100.00,0.026006,0.026006,1,1,2026-10-07T02:24:46+02:00
a64fx,pivot,512,main_filter,1,"filter_int_eq",100.00,0.023088,0.023088,1,1,2026-10-07T02:24:46+02:00
a64fx,pivot,512,main_filter,1,"filter_int_lt",100.00,0.023976,0.023976,1,1,2026-10-07T02:24:46+02:00
a64fx,pivot,512,main_filter,1,"filter_int_gt",100.00,0.023970,0.023970,1,1,2026-10-07T02:24:46+02:00
a64fx,pivot,512,main_filter,1,"filter_int_ne",100.00,0.025096,0.025096,1,1,2026-10-07T02:24:46+02:00
a64fx,pivot,512,main_filter,1,"filter_int_le",100.00,0.023990,0.023990,1,1,2026-10-07T02:24:46+02:00
a64fx,pivot,512,main_filter,1,"filter_int_ge",100.00,0.023995,0.023995,1,1,2026-10-07T02:24:46+02:00
a64fx,pivot,512,main_filter,1,"filter_long_eq",100.00,0.004227,0.004227,1,1,2026-10-07T02:24:46+02:00
a64fx,pivot,512,main_filter,1,"filter_long_lt",100.00,0.004216,0.004216,1,1,2026-10-07T02:24:46+02:00
a64fx,pivot,512,main_filter,1,"filter_long_gt",100.00,0.004217,0.004217,1,1,2026-10-07T02:24:46+02:00
a64fx,pivot,512,main_filter,1,"filter_long_ne",100.00,0.004219,0.004219,1,1,2026-10-07T02:24:46+02:00
a64fx,pivot,512,main_filter,1,"filter_long_le",100.00,0.004216,0.004216,1,1,2026-10-07T02:24:46+02:00
a64fx,pivot,512,main_filter,1,"filter_long_ge",100.00,0.004214,0.004214,1,1,2026-10-07T02:24:46+02:00
a64fx,pivot,512,main_filter,1,"filter_float_eq",100.00,0.023146,0.023146,1,1,2026-10-07T02:24:46+02:00
a64fx,pivot,512,main_filter,1,"filter_float_lt",100.00,0.024412,0.024412,1,1,2026-10-07T02:24:46+02:00
a64fx,pivot,512,main_filter,1,"filter_float_gt",100.00,0.024405,0.024405,1,1,2026-10-07T02:24:46+02:00
a64fx,pivot,512,main_filter,1,"filter_float_ne",100.00,0.025685,0.025685,1,1,2026-10-07T02:24:46+02:00
a64fx,pivot,512,main_filter,1,"filter_float_le",100.00,0.024404,0.024404,1,1,2026-10-07T02:24:46+02:00
a64fx,pivot,512,main_filter,1,"filter_float_ge",100.00,0.024402,0.024402,1,1,2026-10-07T02:24:46+02:00
a64fx,pivot,512,main_filter,1,"filter_double_eq",100.00,0.004258,0.004258,1,1,2026-10-07T02:24:46+02:00
a64fx,pivot,512,main_filter,1,"filter_double_lt",100.00,0.004255,0.004255,1,1,2026-10-07T02:24:46+02:00
a64fx,pivot,512,main_filter,1,"filter_double_gt",100.00,0.004246,0.004246,1,1,2026-10-07T02:24:46+02:00
a64fx,pivot,512,main_filter,1,"filter_double_ne",100.00,0.004236,0.004236,1,1,2026-10-07T02:24:46+02:00
a64fx,pivot,512,main_filter,1,"filter_double_le",100.00,0.004256,0.004256,1,1,2026-10-07T02:24:46+02:00
a64fx,pivot,512,main_filter,1,"filter_double_ge",100.00,0.004255,0.004255,1,1,2026-10-07T02:24:46+02:00
a64fx,pivot,512,main_filter,1,"filter_char_eq",100.00,0.003297,0.003297,1,1,2026-10-07T02:24:46+02:00
a64fx,pivot,512,main_filter,1,"filter_char_lt",100.00,0.003121,0.003121,1,1,2026-10-07T02:24:46+02:00
a64fx,pivot,512,main_filter,1,"filter_char_gt",100.00,0.003117,0.003117,1,1,2026-10-07T02:24:46+02:00
a64fx,pivot,512,main_filter,1,"filter_char_ne",100.00,0.003304,0.003304,1,1,2026-10-07T02:24:46+02:00
a64fx,pivot,512,main_filter,1,"filter_char_le",100.00,0.003121,0.003121,1,1,2026-10-07T02:24:46+02:00
a64fx,pivot,512,main_filter,1,"filter_char_ge",100.00,0.003119,0.003119,1,1,2026-10-07T02:24:46+02:00
a64fx,pivot,128,main_shuffle,1,"shuffle_offset",100.00,0.039217,0.039217,1,1,2026-10-07T02:51:27+02:00
a64fx,pivot,128,main_shuffle,1,"shuffle_byte",100.00,0.209344,0.209344,1,1,2026-10-07T02:51:27+02:00
a64fx,pivot,128,main_shuffle,1,"flush_byte",100.00,640.537561,640.537561,1,1,2026-10-07T02:51:27+02:00
a64fx,pivot,128,main_shuffle,1,"shuffle_short",100.00,0.142010,0.142010,1,1,2026-10-07T02:51:27+02:00
a64fx,pivot,128,main_shuffle,1,"flush_short",100.00,637.422532,637.422532,1,1,2026-10-07T02:51:27+02:00
a64fx,pivot,128,main_shuffle,1,"shuffle_int",100.00,0.113068,0.113068,1,1,2026-10-07T02:51:27+02:00
a64fx,pivot,128,main_shuffle,1,"flush_int",100.00,731.607186,731.607186,1,1,2026-10-07T02:51:27+02:00
a64fx,pivot,128,main_shuffle,1,"shuffle_long",100.00,0.085361,0.085361,1,1,2026-10-07T02:51:27+02:00
a64fx,pivot,128,main_shuffle,1,"flush_long",100.00,813.164793,813.164793,1,1,2026-10-07T02:51:27+02:00
a64fx,pivot,128,main_shuffle,1,"shuffle_char",100.00,0.011897,0.011897,1,1,2026-10-07T02:51:27+02:00
a64fx,pivot,128,main_shuffle,1,"flush_char",100.00,641.434570,641.434570,1,1,2026-10-07T02:51:27+02:00
a64fx,pivot,256,main_shuffle,1,"shuffle_offset",100.00,0.053242,0.053242,1,1,2026-10-07T02:59:08+02:00
a64fx,pivot,256,main_shuffle,1,"shuffle_byte",100.00,0.181432,0.181432,1,1,2026-10-07T02:59:08+02:00
a64fx,pivot,256,main_shuffle,1,"flush_byte",100.00,621.185113,621.185113,1,1,2026-10-07T02:59:08+02:00
a64fx,pivot,256,main_shuffle,1,"shuffle_short",100.00,0.144905,0.144905,1,1,2026-10-07T02:59:08+02:00
a64fx,pivot,256,main_shuffle,1,"flush_short",100.00,657.290792,657.290792,1,1,2026-10-07T02:59:08+02:00
a64fx,pivot,256,main_shuffle,1,"shuffle_int",100.00,0.133400,0.133400,1,1,2026-10-07T02:59:08+02:00
a64fx,pivot,256,main_shuffle,1,"flush_int",100.00,715.995903,715.995903,1,1,2026-10-07T02:59:08+02:00
a64fx,pivot,256,main_shuffle,1,"shuffle_long",100.00,0.087902,0.087902,1,1,2026-10-07T02:59:08+02:00
a64fx,pivot,256,main_shuffle,1,"flush_long",100.00,872.540878,872.540878,1,1,2026-10-07T02:59:08+02:00
a64fx,pivot,256,main_shuffle,1,"shuffle_char",100.00,0.014161,0.014161,1,1,2026-10-07T02:59:08+02:00
a64fx,pivot,256,main_shuffle,1,"flush_char",100.00,608.621156,608.621156,1,1,2026-10-07T02:59:08+02:00
a64fx,pivot,512,main_shuffle,1,"shuffle_offset",100.00,0.091486,0.091486,1,1,2026-10-07T03:06:43+02:00
a64fx,pivot,512,main_shuffle,1,"shuffle_byte",100.00,0.182778,0.182778,1,1,2026-10-07T03:06:43+02:00
a64fx,pivot,512,main_shuffle,1,"flush_byte",100.00,587.190816,587.190816,1,1,2026-10-07T03:06:43+02:00
a64fx,pivot,512,main_shuffle,1,"shuffle_short",100.00,0.153077,0.153077,1,1,2026-10-07T03:06:43+02:00
a64fx,pivot,512,main_shuffle,1,"flush_short",100.00,633.284112,633.284112,1,1,2026-10-07T03:06:43+02:00
a64fx,pivot,512,main_shuffle,1,"shuffle_int",100.00,0.133652,0.133652,1,1,2026-10-07T03:06:43+02:00
a64fx,pivot,512,main_shuffle,1,"flush_int",100.00,674.650796,674.650796,1,1,2026-10-07T03:06:43+02:00
a64fx,pivot,512,main_shuffle,1,"shuffle_long",100.00,0.099162,0.099162,1,1,2026-10-07T03:06:43+02:00
a64fx,pivot,512,main_shuffle,1,"flush_long",100.00,786.923827,786.923827,1,1,2026-10-07T03:06:43+02:00
a64fx,pivot,512,main_shuffle,1,"shuffle_char",100.00,0.017570,0.017570,1,1,2026-10-07T03:06:43+02:00
a64fx,pivot,512,main_shuffle,1,"flush_char",100.00,562.361910,562.361910,1,1,2026-10-07T03:06:43+02:00
a64fx,pivot,128,main_expr,1,"expr_float/+",100.00,2.470528,2.470528,1,1,2026-10-07T03:14:47+02:00
a64fx,pivot,128,main_expr,1,"expr_float/-",100.00,2.578476,2.578476,1,1,2026-10-07T03:14:47+02:00
a64fx,pivot,128,main_expr,1,"expr_float/*",100.00,2.233296,2.233296,1,1,2026-10-07T03:14:47+02:00
a64fx,pivot,128,main_expr,1,"expr_float//",100.00,0.245296,0.245296,1,1,2026-10-07T03:14:47+02:00
a64fx,pivot,128,main_expr,1,"expr_double/+",100.00,1.240177,1.240177,1,1,2026-10-07T03:14:47+02:00
a64fx,pivot,128,main_expr,1,"expr_double/-",100.00,1.284752,1.284752,1,1,2026-10-07T03:14:47+02:00
a64fx,pivot,128,main_expr,1,"expr_double/*",100.00,1.116408,1.116408,1,1,2026-10-07T03:14:47+02:00
a64fx,pivot,128,main_expr,1,"expr_double//",100.00,0.083301,0.083301,1,1,2026-10-07T03:14:47+02:00
a64fx,pivot,128,main_expr,1,"expr_decimal/+",100.00,0.639306,0.639306,1,1,2026-10-07T03:14:47+02:00
a64fx,pivot,128,main_expr,1,"expr_decimal/-",100.00,0.656877,0.656877,1,1,2026-10-07T03:14:47+02:00
a64fx,pivot,128,main_expr,1,"expr_decimal/*",100.00,0.426535,0.426535,1,1,2026-10-07T03:14:47+02:00
a64fx,pivot,128,main_expr,1,"expr_decimal//",100.00,0.080262,0.080262,1,1,2026-10-07T03:14:47+02:00
a64fx,pivot,256,main_expr,1,"expr_float/+",100.00,4.119567,4.119567,1,1,2026-10-07T03:14:58+02:00
a64fx,pivot,256,main_expr,1,"expr_float/-",100.00,4.422327,4.422327,1,1,2026-10-07T03:14:58+02:00
a64fx,pivot,256,main_expr,1,"expr_float/*",100.00,4.423176,4.423176,1,1,2026-10-07T03:14:58+02:00
a64fx,pivot,256,main_expr,1,"expr_float//",100.00,0.271083,0.271083,1,1,2026-10-07T03:14:58+02:00
a64fx,pivot,256,main_expr,1,"expr_double/+",100.00,2.086472,2.086472,1,1,2026-10-07T03:14:58+02:00
a64fx,pivot,256,main_expr,1,"expr_double/-",100.00,2.241181,2.241181,1,1,2026-10-07T03:14:58+02:00
a64fx,pivot,256,main_expr,1,"expr_double/*",100.00,2.240693,2.240693,1,1,2026-10-07T03:14:58+02:00
a64fx,pivot,256,main_expr,1,"expr_double//",100.00,0.088693,0.088693,1,1,2026-10-07T03:14:58+02:00
a64fx,pivot,256,main_expr,1,"expr_decimal/+",100.00,0.788182,0.788182,1,1,2026-10-07T03:14:58+02:00
a64fx,pivot,256,main_expr,1,"expr_decimal/-",100.00,0.807273,0.807273,1,1,2026-10-07T03:14:58+02:00
a64fx,pivot,256,main_expr,1,"expr_decimal/*",100.00,0.482957,0.482957,1,1,2026-10-07T03:14:58+02:00
a64fx,pivot,256,main_expr,1,"expr_decimal//",100.00,0.089510,0.089510,1,1,2026-10-07T03:14:58+02:00
a64fx,pivot,512,main_expr,1,"expr_float/+",100.00,4.610463,4.610463,1,1,2026-10-07T03:15:09+02:00
a64fx,pivot,512,main_expr,1,"expr_float/-",100.00,5.035677,5.035677,1,1,2026-10-07T03:15:09+02:00
a64fx,pivot,512,main_expr,1,"expr_float/*",100.00,5.041988,5.041988,1,1,2026-10-07T03:15:09+02:00
a64fx,pivot,512,main_expr,1,"expr_float//",100.00,0.290206,0.290206,1,1,2026-10-07T03:15:09+02:00
a64fx,pivot,512,main_expr,1,"expr_double/+",100.00,1.633947,1.633947,1,1,2026-10-07T03:15:09+02:00
a64fx,pivot,512,main_expr,1,"expr_double/-",100.00,1.726933,1.726933,1,1,2026-10-07T03:15:09+02:00
a64fx,pivot,512,main_expr,1,"expr_double/*",100.00,1.725237,1.725237,1,1,2026-10-07T03:15:09+02:00
a64fx,pivot,512,main_expr,1,"expr_double//",100.00,0.092679,0.092679,1,1,2026-10-07T03:15:09+02:00
a64fx,pivot,512,main_expr,1,"expr_decimal/+",100.00,1.245575,1.245575,1,1,2026-10-07T03:15:09+02:00
a64fx,pivot,512,main_expr,1,"expr_decimal/-",100.00,1.300995,1.300995,1,1,2026-10-07T03:15:09+02:00
a64fx,pivot,512,main_expr,1,"expr_decimal/*",100.00,0.746041,0.746041,1,1,2026-10-07T03:15:09+02:00
a64fx,pivot,512,main_expr,1,"expr_decimal//",100.00,0.093129,0.093129,1,1,2026-10-07T03:15:09+02:00
a64fx,pivot-no-nto1,128,main_expr,1,"expr_float/+",100.00,2.470420,2.470420,1,1,2026-10-07T03:15:19+02:00
a64fx,pivot-no-nto1,128,main_expr,1,"expr_float/-",100.00,2.574980,2.574980,1,1,2026-10-07T03:15:19+02:00
a64fx,pivot-no-nto1,128,main_expr,1,"expr_float/*",100.00,2.236205,2.236205,1,1,2026-10-07T03:15:19+02:00
a64fx,pivot-no-nto1,128,main_expr,1,"expr_float//",100.00,0.245297,0.245297,1,1,2026-10-07T03:15:19+02:00
a64fx,pivot-no-nto1,128,main_expr,1,"expr_double/+",100.00,1.238512,1.238512,1,1,2026-10-07T03:15:19+02:00
a64fx,pivot-no-nto1,128,main_expr,1,"expr_double/-",100.00,1.290387,1.290387,1,1,2026-10-07T03:15:19+02:00
a64fx,pivot-no-nto1,128,main_expr,1,"expr_double/*",100.00,1.117446,1.117446,1,1,2026-10-07T03:15:19+02:00
a64fx,pivot-no-nto1,128,main_expr,1,"expr_double//",100.00,0.083296,0.083296,1,1,2026-10-07T03:15:19+02:00
a64fx,pivot-no-nto1,128,main_expr,1,"expr_decimal/+",100.00,0.639869,0.639869,1,1,2026-10-07T03:15:19+02:00
a64fx,pivot-no-nto1,128,main_expr,1,"expr_decimal/-",100.00,0.657000,0.657000,1,1,2026-10-07T03:15:19+02:00
a64fx,pivot-no-nto1,128,main_expr,1,"expr_decimal/*",100.00,0.085153,0.085153,1,1,2026-10-07T03:15:19+02:00
a64fx,pivot-no-nto1,128,main_expr,1,"expr_decimal//",100.00,0.045987,0.045987,1,1,2026-10-07T03:15:19+02:00
a64fx,pivot-no-nto1,256,main_expr,1,"expr_float/+",100.00,4.119255,4.119255,1,1,2026-10-07T03:15:31+02:00
a64fx,pivot-no-nto1,256,main_expr,1,"expr_float/-",100.00,4.422417,4.422417,1,1,2026-10-07T03:15:31+02:00
a64fx,pivot-no-nto1,256,main_expr,1,"expr_float/*",100.00,4.431245,4.431245,1,1,2026-10-07T03:15:31+02:00
a64fx,pivot-no-nto1,256,main_expr,1,"expr_float//",100.00,0.271130,0.271130,1,1,2026-10-07T03:15:31+02:00
a64fx,pivot-no-nto1,256,main_expr,1,"expr_double/+",100.00,2.093837,2.093837,1,1,2026-10-07T03:15:31+02:00
a64fx,pivot-no-nto1,256,main_expr,1,"expr_double/-",100.00,2.245565,2.245565,1,1,2026-10-07T03:15:31+02:00
a64fx,pivot-no-nto1,256,main_expr,1,"expr_double/*",100.00,2.242490,2.242490,1,1,2026-10-07T03:15:31+02:00
a64fx,pivot-no-nto1,256,main_expr,1,"expr_double//",100.00,0.088671,0.088671,1,1,2026-10-07T03:15:31+02:00
a64fx,pivot-no-nto1,256,main_expr,1,"expr_decimal/+",100.00,0.787901,0.787901,1,1,2026-10-07T03:15:31+02:00
a64fx,pivot-no-nto1,256,main_expr,1,"expr_decimal/-",100.00,0.806505,0.806505,1,1,2026-10-07T03:15:31+02:00
a64fx,pivot-no-nto1,256,main_expr,1,"expr_decimal/*",100.00,0.189895,0.189895,1,1,2026-10-07T03:15:31+02:00
a64fx,pivot-no-nto1,256,main_expr,1,"expr_decimal//",100.00,0.070723,0.070723,1,1,2026-10-07T03:15:31+02:00
a64fx,pivot-no-nto1,512,main_expr,1,"expr_float/+",100.00,4.628571,4.628571,1,1,2026-10-07T03:15:42+02:00
a64fx,pivot-no-nto1,512,main_expr,1,"expr_float/-",100.00,5.039968,5.039968,1,1,2026-10-07T03:15:42+02:00
a64fx,pivot-no-nto1,512,main_expr,1,"expr_float/*",100.00,5.028418,5.028418,1,1,2026-10-07T03:15:42+02:00
a64fx,pivot-no-nto1,512,main_expr,1,"expr_float//",100.00,0.290294,0.290294,1,1,2026-10-07T03:15:42+02:00
a64fx,pivot-no-nto1,512,main_expr,1,"expr_double/+",100.00,1.640504,1.640504,1,1,2026-10-07T03:15:42+02:00
a64fx,pivot-no-nto1,512,main_expr,1,"expr_double/-",100.00,1.729332,1.729332,1,1,2026-10-07T03:15:42+02:00
a64fx,pivot-no-nto1,512,main_expr,1,"expr_double/*",100.00,1.731561,1.731561,1,1,2026-10-07T03:15:42+02:00
a64fx,pivot-no-nto1,512,main_expr,1,"expr_double//",100.00,0.092689,0.092689,1,1,2026-10-07T03:15:42+02:00
a64fx,pivot-no-nto1,512,main_expr,1,"expr_decimal/+",100.00,1.244287,1.244287,1,1,2026-10-07T03:15:42+02:00
a64fx,pivot-no-nto1,512,main_expr,1,"expr_decimal/-",100.00,1.300029,1.300029,1,1,2026-10-07T03:15:42+02:00
a64fx,pivot-no-nto1,512,main_expr,1,"expr_decimal/*",100.00,0.197586,0.197586,1,1,2026-10-07T03:15:42+02:00
a64fx,pivot-no-nto1,512,main_expr,1,"expr_decimal//",100.00,0.086795,0.086795,1,1,2026-10-07T03:15:42+02:00
a64fx,pivot,128,main_part,1,"int * 1 | 2^4",,1.1594,1.1594,1,1,2026-10-07T03:16:18+02:00
a64fx,pivot,128,main_part,1,"int * 1 | 2^4",,1.1584,1.1584,1,1,2026-10-07T03:16:18+02:00
a64fx,pivot,128,main_part,1,"int * 1 | 2^4",,1.1576,1.1576,1,1,2026-10-07T03:16:18+02:00
a64fx,pivot,128,main_part,1,"int * 1 | 2^4",,1.1576,1.1576,1,1,2026-10-07T03:16:18+02:00
a64fx,pivot,128,main_part,1,"int * 1 | 2^4",,1.1398,1.1398,1,1,2026-10-07T03:16:18+02:00
a64fx,pivot,128,main_part,1,"int * 1 | 2^5",,1.1249,1.1249,1,1,2026-10-07T03:16:18+02:00
a64fx,pivot,128,main_part,1,"int * 1 | 2^5",,1.1260,1.1260,1,1,2026-10-07T03:16:18+02:00
a64fx,pivot,128,main_part,1,"int * 1 | 2^5",,1.1208,1.1208,1,1,2026-10-07T03:16:18+02:00
a64fx,pivot,128,main_part,1,"int * 1 | 2^5",,1.1249,1.1249,1,1,2026-10-07T03:16:18+02:00
a64fx,pivot,128,main_part,1,"int * 1 | 2^5",,1.1258,1.1258,1,1,2026-10-07T03:16:18+02:00
a64fx,pivot,128,main_part,1,"int * 1 | 2^6",,1.1082,1.1082,1,1,2026-10-07T03:16:18+02:00
a64fx,pivot,128,main_part,1,"int * 1 | 2^6",,1.1237,1.1237,1,1,2026-10-07T03:16:18+02:00
a64fx,pivot,128,main_part,1,"int * 1 | 2^6",,1.1226,1.1226,1,1,2026-10-07T03:16:18+02:00
a64fx,pivot,128,main_part,1,"int * 1 | 2^6",,1.1220,1.1220,1,1,2026-10-07T03:16:18+02:00
a64fx,pivot,128,main_part,1,"int * 1 | 2^6",,1.1230,1.1230,1,1,2026-10-07T03:16:18+02:00
a64fx,pivot,128,main_part,1,"int * 1 | 2^7",,1.1238,1.1238,1,1,2026-10-07T03:16:18+02:00
a64fx,pivot,128,main_part,1,"int * 1 | 2^7",,1.1108,1.1108,1,1,2026-10-07T03:16:18+02:00
a64fx,pivot,128,main_part,1,"int * 1 | 2^7",,1.1254,1.1254,1,1,2026-10-07T03:16:18+02:00
a64fx,pivot,128,main_part,1,"int * 1 | 2^7",,1.1133,1.1133,1,1,2026-10-07T03:16:18+02:00
a64fx,pivot,128,main_part,1,"int * 1 | 2^7",,1.1254,1.1254,1,1,2026-10-07T03:16:18+02:00
a64fx,pivot,128,main_part,1,"int * 1 | 2^8",,1.1182,1.1182,1,1,2026-10-07T03:16:18+02:00
a64fx,pivot,128,main_part,1,"int * 1 | 2^8",,1.1233,1.1233,1,1,2026-10-07T03:16:18+02:00
a64fx,pivot,128,main_part,1,"int * 1 | 2^8",,1.1112,1.1112,1,1,2026-10-07T03:16:18+02:00
a64fx,pivot,128,main_part,1,"int * 1 | 2^8",,1.1236,1.1236,1,1,2026-10-07T03:16:18+02:00
a64fx,pivot,128,main_part,1,"int * 1 | 2^8",,1.1234,1.1234,1,1,2026-10-07T03:16:18+02:00
a64fx,pivot,128,main_part,1,"int * 2 | 2^4",,0.9691,0.9691,1,1,2026-10-07T03:16:18+02:00
a64fx,pivot,128,main_part,1,"int * 2 | 2^4",,0.9686,0.9686,1,1,2026-10-07T03:16:18+02:00
a64fx,pivot,128,main_part,1,"int * 2 | 2^4",,0.9664,0.9664,1,1,2026-10-07T03:16:18+02:00
a64fx,pivot,128,main_part,1,"int * 2 | 2^4",,0.9577,0.9577,1,1,2026-10-07T03:16:18+02:00
a64fx,pivot,128,main_part,1,"int * 2 | 2^4",,0.9687,0.9687,1,1,2026-10-07T03:16:18+02:00
a64fx,pivot,128,main_part,1,"int * 2 | 2^5",,0.9407,0.9407,1,1,2026-10-07T03:16:18+02:00
a64fx,pivot,128,main_part,1,"int * 2 | 2^5",,0.9387,0.9387,1,1,2026-10-07T03:16:18+02:00
a64fx,pivot,128,main_part,1,"int * 2 | 2^5",,0.9412,0.9412,1,1,2026-10-07T03:16:18+02:00
a64fx,pivot,128,main_part,1,"int * 2 | 2^5",,0.9328,0.9328,1,1,2026-10-07T03:16:18+02:00
a64fx,pivot,128,main_part,1,"int * 2 | 2^5",,0.9409,0.9409,1,1,2026-10-07T03:16:18+02:00
a64fx,pivot,128,main_part,1,"int * 2 | 2^6",,0.9332,0.9332,1,1,2026-10-07T03:16:18+02:00
a64fx,pivot,128,main_part,1,"int * 2 | 2^6",,0.9332,0.9332,1,1,2026-10-07T03:16:18+02:00
a64fx,pivot,128,main_part,1,"int * 2 | 2^6",,0.9259,0.9259,1,1,2026-10-07T03:16:18+02:00
a64fx,pivot,128,main_part,1,"int * 2 | 2^6",,0.9234,0.9234,1,1,2026-10-07T03:16:18+02:00
a64fx,pivot,128,main_part,1,"int * 2 | 2^6",,0.9328,0.9328,1,1,2026-10-07T03:16:18+02:00
a64fx,pivot,128,main_part,1,"int * 2 | 2^7",,0.9321,0.9321,1,1,2026-10-07T03:16:18+02:00
a64fx,pivot,128,main_part,1,"int * 2 | 2^7",,0.9327,0.9327,1,1,2026-10-07T03:16:18+02:00
a64fx,pivot,128,main_part,1,"int * 2 | 2^7",,0.9332,0.9332,1,1,2026-10-07T03:16:18+02:00
a64fx,pivot,128,main_part,1,"int * 2 | 2^7",,0.9332,0.9332,1,1,2026-10-07T03:16:18+02:00
a64fx,pivot,128,main_part,1,"int * 2 | 2^7",,0.9330,0.9330,1,1,2026-10-07T03:16:18+02:00
a64fx,pivot,128,main_part,1,"int * 2 | 2^8",,0.9263,0.9263,1,1,2026-10-07T03:16:18+02:00
a64fx,pivot,128,main_part,1,"int * 2 | 2^8",,0.3140,0.3140,1,1,2026-10-07T03:16:18+02:00
a64fx,pivot,128,main_part,1,"int * 2 | 2^8",,0.5321,0.5321,1,1,2026-10-07T03:16:18+02:00
a64fx,pivot,128,main_part,1,"int * 2 | 2^8",,0.5955,0.5955,1,1,2026-10-07T03:16:18+02:00
a64fx,pivot,128,main_part,1,"int * 2 | 2^8",,0.5063,0.5063,1,1,2026-10-07T03:16:18+02:00
a64fx,pivot,128,main_part,1,"int * 3 | 2^4",,0.5490,0.5490,1,1,2026-10-07T03:16:18+02:00
a64fx,pivot,128,main_part,1,"int * 3 | 2^4",,0.4189,0.4189,1,1,2026-10-07T03:16:18+02:00
a64fx,pivot,128,main_part,1,"int * 3 | 2^4",,0.4182,0.4182,1,1,2026-10-07T03:16:18+02:00
a64fx,pivot,128,main_part,1,"int * 3 | 2^4",,0.5028,0.5028,1,1,2026-10-07T03:16:18+02:00
a64fx,pivot,128,main_part,1,"int * 3 | 2^4",,0.4191,0.4191,1,1,2026-10-07T03:16:18+02:00
a64fx,pivot,128,main_part,1,"int * 3 | 2^5",,0.7832,0.7832,1,1,2026-10-07T03:16:18+02:00
a64fx,pivot,128,main_part,1,"int * 3 | 2^5",,0.6175,0.6175,1,1,2026-10-07T03:16:18+02:00
a64fx,pivot,128,main_part,1,"int * 3 | 2^5",,0.7974,0.7974,1,1,2026-10-07T03:16:18+02:00
a64fx,pivot,128,main_part,1,"int * 3 | 2^5",,0.8024,0.8024,1,1,2026-10-07T03:16:18+02:00
a64fx,pivot,128,main_part,1,"int * 3 | 2^5",,0.7967,0.7967,1,1,2026-10-07T03:16:18+02:00
a64fx,pivot,128,main_part,1,"int * 3 | 2^6",,0.7966,0.7966,1,1,2026-10-07T03:16:18+02:00
a64fx,pivot,128,main_part,1,"int * 3 | 2^6",,0.7893,0.7893,1,1,2026-10-07T03:16:18+02:00
a64fx,pivot,128,main_part,1,"int * 3 | 2^6",,0.7972,0.7972,1,1,2026-10-07T03:16:18+02:00
a64fx,pivot,128,main_part,1,"int * 3 | 2^6",,0.7963,0.7963,1,1,2026-10-07T03:16:18+02:00
a64fx,pivot,128,main_part,1,"int * 3 | 2^6",,0.7969,0.7969,1,1,2026-10-07T03:16:18+02:00
a64fx,pivot,128,main_part,1,"int * 3 | 2^7",,0.7947,0.7947,1,1,2026-10-07T03:16:18+02:00
a64fx,pivot,128,main_part,1,"int * 3 | 2^7",,0.7891,0.7891,1,1,2026-10-07T03:16:18+02:00
a64fx,pivot,128,main_part,1,"int * 3 | 2^7",,0.7962,0.7962,1,1,2026-10-07T03:16:18+02:00
a64fx,pivot,128,main_part,1,"int * 3 | 2^7",,0.7956,0.7956,1,1,2026-10-07T03:16:18+02:00
a64fx,pivot,128,main_part,1,"int * 3 | 2^7",,0.7947,0.7947,1,1,2026-10-07T03:16:18+02:00
a64fx,pivot,128,main_part,1,"int * 3 | 2^8",,0.7783,0.7783,1,1,2026-10-07T03:16:18+02:00
a64fx,pivot,128,main_part,1,"int * 3 | 2^8",,0.7759,0.7759,1,1,2026-10-07T03:16:18+02:00
a64fx,pivot,128,main_part,1,"int * 3 | 2^8",,0.7716,0.7716,1,1,2026-10-07T03:16:18+02:00
a64fx,pivot,128,main_part,1,"int * 3 | 2^8",,0.7787,0.7787,1,1,2026-10-07T03:16:18+02:00
a64fx,pivot,128,main_part,1,"int * 3 | 2^8",,0.7167,0.7167,1,1,2026-10-07T03:16:18+02:00
a64fx,pivot,256,main_part,1,"int * 1 | 2^4",,1.3757,1.3757,1,1,2026-10-07T03:16:24+02:00
a64fx,pivot,256,main_part,1,"int * 1 | 2^4",,1.3675,1.3675,1,1,2026-10-07T03:16:24+02:00
a64fx,pivot,256,main_part,1,"int * 1 | 2^4",,1.3753,1.3753,1,1,2026-10-07T03:16:24+02:00
a64fx,pivot,256,main_part,1,"int * 1 | 2^4",,1.3938,1.3938,1,1,2026-10-07T03:16:24+02:00
a64fx,pivot,256,main_part,1,"int * 1 | 2^4",,1.3888,1.3888,1,1,2026-10-07T03:16:24+02:00
a64fx,pivot,256,main_part,1,"int * 1 | 2^5",,1.3614,1.3614,1,1,2026-10-07T03:16:24+02:00
a64fx,pivot,256,main_part,1,"int * 1 | 2^5",,1.3641,1.3641,1,1,2026-10-07T03:16:24+02:00
a64fx,pivot,256,main_part,1,"int * 1 | 2^5",,1.3661,1.3661,1,1,2026-10-07T03:16:24+02:00
a64fx,pivot,256,main_part,1,"int * 1 | 2^5",,1.3381,1.3381,1,1,2026-10-07T03:16:24+02:00
a64fx,pivot,256,main_part,1,"int * 1 | 2^5",,1.3622,1.3622,1,1,2026-10-07T03:16:24+02:00
a64fx,pivot,256,main_part,1,"int * 1 | 2^6",,1.3593,1.3593,1,1,2026-10-07T03:16:24+02:00
a64fx,pivot,256,main_part,1,"int * 1 | 2^6",,1.3562,1.3562,1,1,2026-10-07T03:16:24+02:00
a64fx,pivot,256,main_part,1,"int * 1 | 2^6",,1.3566,1.3566,1,1,2026-10-07T03:16:24+02:00
a64fx,pivot,256,main_part,1,"int * 1 | 2^6",,1.3500,1.3500,1,1,2026-10-07T03:16:24+02:00
a64fx,pivot,256,main_part,1,"int * 1 | 2^6",,1.3593,1.3593,1,1,2026-10-07T03:16:24+02:00
a64fx,pivot,256,main_part,1,"int * 1 | 2^7",,1.3554,1.3554,1,1,2026-10-07T03:16:24+02:00
a64fx,pivot,256,main_part,1,"int * 1 | 2^7",,1.3550,1.3550,1,1,2026-10-07T03:16:24+02:00
a64fx,pivot,256,main_part,1,"int * 1 | 2^7",,1.3579,1.3579,1,1,2026-10-07T03:16:24+02:00
a64fx,pivot,256,main_part,1,"int * 1 | 2^7",,1.1528,1.1528,1,1,2026-10-07T03:16:24+02:00
a64fx,pivot,256,main_part,1,"int * 1 | 2^7",,1.3570,1.3570,1,1,2026-10-07T03:16:24+02:00
a64fx,pivot,256,main_part,1,"int * 1 | 2^8",,1.3532,1.3532,1,1,2026-10-07T03:16:24+02:00
a64fx,pivot,256,main_part,1,"int * 1 | 2^8",,1.3515,1.3515,1,1,2026-10-07T03:16:24+02:00
a64fx,pivot,256,main_part,1,"int * 1 | 2^8",,1.3270,1.3270,1,1,2026-10-07T03:16:24+02:00
a64fx,pivot,256,main_part,1,"int * 1 | 2^8",,1.3444,1.3444,1,1,2026-10-07T03:16:24+02:00
a64fx,pivot,256,main_part,1,"int * 1 | 2^8",,1.3469,1.3469,1,1,2026-10-07T03:16:24+02:00
a64fx,pivot,256,main_part,1,"int * 2 | 2^4",,1.1617,1.1617,1,1,2026-10-07T03:16:24+02:00
a64fx,pivot,256,main_part,1,"int * 2 | 2^4",,1.1559,1.1559,1,1,2026-10-07T03:16:24+02:00
a64fx,pivot,256,main_part,1,"int * 2 | 2^4",,1.1600,1.1600,1,1,2026-10-07T03:16:24+02:00
a64fx,pivot,256,main_part,1,"int * 2 | 2^4",,1.1575,1.1575,1,1,2026-10-07T03:16:24+02:00
a64fx,pivot,256,main_part,1,"int * 2 | 2^4",,1.1615,1.1615,1,1,2026-10-07T03:16:24+02:00
a64fx,pivot,256,main_part,1,"int * 2 | 2^5",,1.1337,1.1337,1,1,2026-10-07T03:16:24+02:00
a64fx,pivot,256,main_part,1,"int * 2 | 2^5",,1.1346,1.1346,1,1,2026-10-07T03:16:24+02:00
a64fx,pivot,256,main_part,1,"int * 2 | 2^5",,1.1289,1.1289,1,1,2026-10-07T03:16:24+02:00
a64fx,pivot,256,main_part,1,"int * 2 | 2^5",,1.1329,1.1329,1,1,2026-10-07T03:16:24+02:00
a64fx,pivot,256,main_part,1,"int * 2 | 2^5",,1.1325,1.1325,1,1,2026-10-07T03:16:24+02:00
a64fx,pivot,256,main_part,1,"int * 2 | 2^6",,1.1200,1.1200,1,1,2026-10-07T03:16:24+02:00
a64fx,pivot,256,main_part,1,"int * 2 | 2^6",,1.1245,1.1245,1,1,2026-10-07T03:16:24+02:00
a64fx,pivot,256,main_part,1,"int * 2 | 2^6",,1.1246,1.1246,1,1,2026-10-07T03:16:24+02:00
a64fx,pivot,256,main_part,1,"int * 2 | 2^6",,1.1246,1.1246,1,1,2026-10-07T03:16:24+02:00
a64fx,pivot,256,main_part,1,"int * 2 | 2^6",,1.1249,1.1249,1,1,2026-10-07T03:16:24+02:00
a64fx,pivot,256,main_part,1,"int * 2 | 2^7",,1.1196,1.1196,1,1,2026-10-07T03:16:24+02:00
a64fx,pivot,256,main_part,1,"int * 2 | 2^7",,1.1203,1.1203,1,1,2026-10-07T03:16:24+02:00
a64fx,pivot,256,main_part,1,"int * 2 | 2^7",,1.1188,1.1188,1,1,2026-10-07T03:16:24+02:00
a64fx,pivot,256,main_part,1,"int * 2 | 2^7",,1.1183,1.1183,1,1,2026-10-07T03:16:24+02:00
a64fx,pivot,256,main_part,1,"int * 2 | 2^7",,1.1198,1.1198,1,1,2026-10-07T03:16:24+02:00
a64fx,pivot,256,main_part,1,"int * 2 | 2^8",,1.0973,1.0973,1,1,2026-10-07T03:16:24+02:00
a64fx,pivot,256,main_part,1,"int * 2 | 2^8",,1.1118,1.1118,1,1,2026-10-07T03:16:24+02:00
a64fx,pivot,256,main_part,1,"int * 2 | 2^8",,1.1133,1.1133,1,1,2026-10-07T03:16:24+02:00
a64fx,pivot,256,main_part,1,"int * 2 | 2^8",,1.1111,1.1111,1,1,2026-10-07T03:16:24+02:00
a64fx,pivot,256,main_part,1,"int * 2 | 2^8",,1.1125,1.1125,1,1,2026-10-07T03:16:24+02:00
a64fx,pivot,256,main_part,1,"int * 3 | 2^4",,0.9994,0.9994,1,1,2026-10-07T03:16:24+02:00
a64fx,pivot,256,main_part,1,"int * 3 | 2^4",,0.9997,0.9997,1,1,2026-10-07T03:16:24+02:00
a64fx,pivot,256,main_part,1,"int * 3 | 2^4",,0.9856,0.9856,1,1,2026-10-07T03:16:24+02:00
a64fx,pivot,256,main_part,1,"int * 3 | 2^4",,1.0000,1.0000,1,1,2026-10-07T03:16:24+02:00
a64fx,pivot,256,main_part,1,"int * 3 | 2^4",,0.9995,0.9995,1,1,2026-10-07T03:16:24+02:00
a64fx,pivot,256,main_part,1,"int * 3 | 2^5",,0.9603,0.9603,1,1,2026-10-07T03:16:24+02:00
a64fx,pivot,256,main_part,1,"int * 3 | 2^5",,0.9680,0.9680,1,1,2026-10-07T03:16:24+02:00
a64fx,pivot,256,main_part,1,"int * 3 | 2^5",,0.9682,0.9682,1,1,2026-10-07T03:16:24+02:00
a64fx,pivot,256,main_part,1,"int * 3 | 2^5",,0.9623,0.9623,1,1,2026-10-07T03:16:24+02:00
a64fx,pivot,256,main_part,1,"int * 3 | 2^5",,0.9680,0.9680,1,1,2026-10-07T03:16:24+02:00
a64fx,pivot,256,main_part,1,"int * 3 | 2^6",,0.9573,0.9573,1,1,2026-10-07T03:16:24+02:00
a64fx,pivot,256,main_part,1,"int * 3 | 2^6",,0.9553,0.9553,1,1,2026-10-07T03:16:24+02:00
a64fx,pivot,256,main_part,1,"int * 3 | 2^6",,0.9565,0.9565,1,1,2026-10-07T03:16:24+02:00
a64fx,pivot,256,main_part,1,"int * 3 | 2^6",,0.9499,0.9499,1,1,2026-10-07T03:16:24+02:00
a64fx,pivot,256,main_part,1,"int * 3 | 2^6",,0.9567,0.9567,1,1,2026-10-07T03:16:24+02:00
a64fx,pivot,256,main_part,1,"int * 3 | 2^7",,0.9525,0.9525,1,1,2026-10-07T03:16:24+02:00
a64fx,pivot,256,main_part,1,"int * 3 | 2^7",,0.9516,0.9516,1,1,2026-10-07T03:16:24+02:00
a64fx,pivot,256,main_part,1,"int * 3 | 2^7",,0.9530,0.9530,1,1,2026-10-07T03:16:24+02:00
a64fx,pivot,256,main_part,1,"int * 3 | 2^7",,0.9531,0.9531,1,1,2026-10-07T03:16:24+02:00
a64fx,pivot,256,main_part,1,"int * 3 | 2^7",,0.9522,0.9522,1,1,2026-10-07T03:16:24+02:00
a64fx,pivot,256,main_part,1,"int * 3 | 2^8",,0.9291,0.9291,1,1,2026-10-07T03:16:24+02:00
a64fx,pivot,256,main_part,1,"int * 3 | 2^8",,0.9271,0.9271,1,1,2026-10-07T03:16:24+02:00
a64fx,pivot,256,main_part,1,"int * 3 | 2^8",,0.9218,0.9218,1,1,2026-10-07T03:16:24+02:00
a64fx,pivot,256,main_part,1,"int * 3 | 2^8",,0.9225,0.9225,1,1,2026-10-07T03:16:24+02:00
a64fx,pivot,256,main_part,1,"int * 3 | 2^8",,0.9221,0.9221,1,1,2026-10-07T03:16:24+02:00
a64fx,pivot,512,main_part,1,"int * 1 | 2^4",,1.8700,1.8700,1,1,2026-10-07T03:16:30+02:00
a64fx,pivot,512,main_part,1,"int * 1 | 2^4",,1.8640,1.8640,1,1,2026-10-07T03:16:30+02:00
a64fx,pivot,512,main_part,1,"int * 1 | 2^4",,1.8600,1.8600,1,1,2026-10-07T03:16:30+02:00
a64fx,pivot,512,main_part,1,"int * 1 | 2^4",,1.8675,1.8675,1,1,2026-10-07T03:16:30+02:00
a64fx,pivot,512,main_part,1,"int * 1 | 2^4",,1.8694,1.8694,1,1,2026-10-07T03:16:30+02:00
a64fx,pivot,512,main_part,1,"int * 1 | 2^5",,1.8128,1.8128,1,1,2026-10-07T03:16:30+02:00
a64fx,pivot,512,main_part,1,"int * 1 | 2^5",,1.8117,1.8117,1,1,2026-10-07T03:16:30+02:00
a64fx,pivot,512,main_part,1,"int * 1 | 2^5",,1.8130,1.8130,1,1,2026-10-07T03:16:30+02:00
a64fx,pivot,512,main_part,1,"int * 1 | 2^5",,1.8105,1.8105,1,1,2026-10-07T03:16:30+02:00
a64fx,pivot,512,main_part,1,"int * 1 | 2^5",,1.8151,1.8151,1,1,2026-10-07T03:16:30+02:00
a64fx,pivot,512,main_part,1,"int * 1 | 2^6",,1.7971,1.7971,1,1,2026-10-07T03:16:30+02:00
a64fx,pivot,512,main_part,1,"int * 1 | 2^6",,1.7974,1.7974,1,1,2026-10-07T03:16:30+02:00
a64fx,pivot,512,main_part,1,"int * 1 | 2^6",,1.7975,1.7975,1,1,2026-10-07T03:16:30+02:00
a64fx,pivot,512,main_part,1,"int * 1 | 2^6",,1.7917,1.7917,1,1,2026-10-07T03:16:30+02:00
a64fx,pivot,512,main_part,1,"int * 1 | 2^6",,1.8003,1.8003,1,1,2026-10-07T03:16:30+02:00
a64fx,pivot,512,main_part,1,"int * 1 | 2^7",,1.7882,1.7882,1,1,2026-10-07T03:16:30+02:00
a64fx,pivot,512,main_part,1,"int * 1 | 2^7",,1.7887,1.7887,1,1,2026-10-07T03:16:30+02:00
a64fx,pivot,512,main_part,1,"int * 1 | 2^7",,1.7925,1.7925,1,1,2026-10-07T03:16:30+02:00
a64fx,pivot,512,main_part,1,"int * 1 | 2^7",,1.7891,1.7891,1,1,2026-10-07T03:16:30+02:00
a64fx,pivot,512,main_part,1,"int * 1 | 2^7",,1.7889,1.7889,1,1,2026-10-07T03:16:30+02:00
a64fx,pivot,512,main_part,1,"int * 1 | 2^8",,1.7763,1.7763,1,1,2026-10-07T03:16:30+02:00
a64fx,pivot,512,main_part,1,"int * 1 | 2^8",,1.7751,1.7751,1,1,2026-10-07T03:16:30+02:00
a64fx,pivot,512,main_part,1,"int * 1 | 2^8",,1.7759,1.7759,1,1,2026-10-07T03:16:30+02:00
a64fx,pivot,512,main_part,1,"int * 1 | 2^8",,1.7789,1.7789,1,1,2026-10-07T03:16:30+02:00
a64fx,pivot,512,main_part,1,"int * 1 | 2^8",,1.7764,1.7764,1,1,2026-10-07T03:16:30+02:00
a64fx,pivot,512,main_part,1,"int * 2 | 2^4",,1.4664,1.4664,1,1,2026-10-07T03:16:30+02:00
a64fx,pivot,512,main_part,1,"int * 2 | 2^4",,1.4524,1.4524,1,1,2026-10-07T03:16:30+02:00
a64fx,pivot,512,main_part,1,"int * 2 | 2^4",,1.4715,1.4715,1,1,2026-10-07T03:16:30+02:00
a64fx,pivot,512,main_part,1,"int * 2 | 2^4",,1.4700,1.4700,1,1,2026-10-07T03:16:30+02:00
a64fx,pivot,512,main_part,1,"int * 2 | 2^4",,1.4732,1.4732,1,1,2026-10-07T03:16:30+02:00
a64fx,pivot,512,main_part,1,"int * 2 | 2^5",,1.4322,1.4322,1,1,2026-10-07T03:16:30+02:00
a64fx,pivot,512,main_part,1,"int * 2 | 2^5",,1.4084,1.4084,1,1,2026-10-07T03:16:30+02:00
a64fx,pivot,512,main_part,1,"int * 2 | 2^5",,1.4252,1.4252,1,1,2026-10-07T03:16:30+02:00
a64fx,pivot,512,main_part,1,"int * 2 | 2^5",,1.4298,1.4298,1,1,2026-10-07T03:16:30+02:00
a64fx,pivot,512,main_part,1,"int * 2 | 2^5",,1.4312,1.4312,1,1,2026-10-07T03:16:30+02:00
a64fx,pivot,512,main_part,1,"int * 2 | 2^6",,1.4119,1.4119,1,1,2026-10-07T03:16:30+02:00
a64fx,pivot,512,main_part,1,"int * 2 | 2^6",,1.4135,1.4135,1,1,2026-10-07T03:16:30+02:00
a64fx,pivot,512,main_part,1,"int * 2 | 2^6",,1.4110,1.4110,1,1,2026-10-07T03:16:30+02:00
a64fx,pivot,512,main_part,1,"int * 2 | 2^6",,1.4131,1.4131,1,1,2026-10-07T03:16:30+02:00
a64fx,pivot,512,main_part,1,"int * 2 | 2^6",,1.4142,1.4142,1,1,2026-10-07T03:16:30+02:00
a64fx,pivot,512,main_part,1,"int * 2 | 2^7",,1.4014,1.4014,1,1,2026-10-07T03:16:30+02:00
a64fx,pivot,512,main_part,1,"int * 2 | 2^7",,1.4037,1.4037,1,1,2026-10-07T03:16:30+02:00
a64fx,pivot,512,main_part,1,"int * 2 | 2^7",,1.4022,1.4022,1,1,2026-10-07T03:16:30+02:00
a64fx,pivot,512,main_part,1,"int * 2 | 2^7",,1.4009,1.4009,1,1,2026-10-07T03:16:30+02:00
a64fx,pivot,512,main_part,1,"int * 2 | 2^7",,1.4005,1.4005,1,1,2026-10-07T03:16:30+02:00
a64fx,pivot,512,main_part,1,"int * 2 | 2^8",,1.3885,1.3885,1,1,2026-10-07T03:16:30+02:00
a64fx,pivot,512,main_part,1,"int * 2 | 2^8",,1.3866,1.3866,1,1,2026-10-07T03:16:30+02:00
a64fx,pivot,512,main_part,1,"int * 2 | 2^8",,1.3835,1.3835,1,1,2026-10-07T03:16:30+02:00
a64fx,pivot,512,main_part,1,"int * 2 | 2^8",,1.3867,1.3867,1,1,2026-10-07T03:16:30+02:00
a64fx,pivot,512,main_part,1,"int * 2 | 2^8",,1.3868,1.3868,1,1,2026-10-07T03:16:30+02:00
a64fx,pivot,512,main_part,1,"int * 3 | 2^4",,1.2112,1.2112,1,1,2026-10-07T03:16:30+02:00
a64fx,pivot,512,main_part,1,"int * 3 | 2^4",,1.2234,1.2234,1,1,2026-10-07T03:16:30+02:00
a64fx,pivot,512,main_part,1,"int * 3 | 2^4",,1.2232,1.2232,1,1,2026-10-07T03:16:30+02:00
a64fx,pivot,512,main_part,1,"int * 3 | 2^4",,1.2230,1.2230,1,1,2026-10-07T03:16:30+02:00
a64fx,pivot,512,main_part,1,"int * 3 | 2^4",,1.2077,1.2077,1,1,2026-10-07T03:16:30+02:00
a64fx,pivot,512,main_part,1,"int * 3 | 2^5",,1.1799,1.1799,1,1,2026-10-07T03:16:30+02:00
a64fx,pivot,512,main_part,1,"int * 3 | 2^5",,1.1803,1.1803,1,1,2026-10-07T03:16:30+02:00
a64fx,pivot,512,main_part,1,"int * 3 | 2^5",,1.1805,1.1805,1,1,2026-10-07T03:16:30+02:00
a64fx,pivot,512,main_part,1,"int * 3 | 2^5",,1.1782,1.1782,1,1,2026-10-07T03:16:30+02:00
a64fx,pivot,512,main_part,1,"int * 3 | 2^5",,1.1802,1.1802,1,1,2026-10-07T03:16:30+02:00
a64fx,pivot,512,main_part,1,"int * 3 | 2^6",,1.1628,1.1628,1,1,2026-10-07T03:16:30+02:00
a64fx,pivot,512,main_part,1,"int * 3 | 2^6",,1.1630,1.1630,1,1,2026-10-07T03:16:30+02:00
a64fx,pivot,512,main_part,1,"int * 3 | 2^6",,1.1604,1.1604,1,1,2026-10-07T03:16:30+02:00
a64fx,pivot,512,main_part,1,"int * 3 | 2^6",,1.1486,1.1486,1,1,2026-10-07T03:16:30+02:00
a64fx,pivot,512,main_part,1,"int * 3 | 2^6",,1.1620,1.1620,1,1,2026-10-07T03:16:30+02:00
a64fx,pivot,512,main_part,1,"int * 3 | 2^7",,1.1515,1.1515,1,1,2026-10-07T03:16:30+02:00
a64fx,pivot,512,main_part,1,"int * 3 | 2^7",,1.1507,1.1507,1,1,2026-10-07T03:16:30+02:00
a64fx,pivot,512,main_part,1,"int * 3 | 2^7",,1.1508,1.1508,1,1,2026-10-07T03:16:30+02:00
a64fx,pivot,512,main_part,1,"int * 3 | 2^7",,1.1522,1.1522,1,1,2026-10-07T03:16:30+02:00
a64fx,pivot,512,main_part,1,"int * 3 | 2^7",,1.1510,1.1510,1,1,2026-10-07T03:16:30+02:00
a64fx,pivot,512,main_part,1,"int * 3 | 2^8",,1.1158,1.1158,1,1,2026-10-07T03:16:30+02:00
a64fx,pivot,512,main_part,1,"int * 3 | 2^8",,1.1174,1.1174,1,1,2026-10-07T03:16:30+02:00
a64fx,pivot,512,main_part,1,"int * 3 | 2^8",,1.1144,1.1144,1,1,2026-10-07T03:16:30+02:00
a64fx,pivot,512,main_part,1,"int * 3 | 2^8",,1.1122,1.1122,1,1,2026-10-07T03:16:30+02:00
a64fx,pivot,512,main_part,1,"int * 3 | 2^8",,1.1185,1.1185,1,1,2026-10-07T03:16:30+02:00
a64fx,pivot,128,main_aggr,1,"Codegen 1 sum",,0.1329,0.1329,1,1,2026-10-07T03:17:22+02:00
a64fx,pivot,128,main_aggr,1,"Codegen 1 sum",,0.1332,0.1332,1,1,2026-10-07T03:17:22+02:00
a64fx,pivot,128,main_aggr,1,"Codegen 1 sum",,0.1332,0.1332,1,1,2026-10-07T03:17:22+02:00
a64fx,pivot,128,main_aggr,1,"Codegen 1 sum",,0.1331,0.1331,1,1,2026-10-07T03:17:22+02:00
a64fx,pivot,128,main_aggr,1,"Codegen 1 sum",,0.1332,0.1332,1,1,2026-10-07T03:17:22+02:00
a64fx,pivot,128,main_aggr,1,"Codegen 2 sum",,0.1138,0.1138,1,1,2026-10-07T03:17:22+02:00
a64fx,pivot,128,main_aggr,1,"Codegen 2 sum",,0.1139,0.1139,1,1,2026-10-07T03:17:22+02:00
a64fx,pivot,128,main_aggr,1,"Codegen 2 sum",,0.1138,0.1138,1,1,2026-10-07T03:17:22+02:00
a64fx,pivot,128,main_aggr,1,"Codegen 2 sum",,0.1138,0.1138,1,1,2026-10-07T03:17:22+02:00
a64fx,pivot,128,main_aggr,1,"Codegen 2 sum",,0.1139,0.1139,1,1,2026-10-07T03:17:22+02:00
a64fx,pivot,128,main_aggr,1,"Codegen 3 sum",,0.1120,0.1120,1,1,2026-10-07T03:17:22+02:00
a64fx,pivot,128,main_aggr,1,"Codegen 3 sum",,0.1121,0.1121,1,1,2026-10-07T03:17:22+02:00
a64fx,pivot,128,main_aggr,1,"Codegen 3 sum",,0.1120,0.1120,1,1,2026-10-07T03:17:22+02:00
a64fx,pivot,128,main_aggr,1,"Codegen 3 sum",,0.1120,0.1120,1,1,2026-10-07T03:17:22+02:00
a64fx,pivot,128,main_aggr,1,"Codegen 3 sum",,0.1119,0.1119,1,1,2026-10-07T03:17:22+02:00
a64fx,pivot,128,main_aggr,1,"Engine 1 sum",,0.1759,0.1759,1,1,2026-10-07T03:17:22+02:00
a64fx,pivot,128,main_aggr,1,"Engine 1 sum",,0.1758,0.1758,1,1,2026-10-07T03:17:22+02:00
a64fx,pivot,128,main_aggr,1,"Engine 1 sum",,0.1757,0.1757,1,1,2026-10-07T03:17:22+02:00
a64fx,pivot,128,main_aggr,1,"Engine 1 sum",,0.1757,0.1757,1,1,2026-10-07T03:17:22+02:00
a64fx,pivot,128,main_aggr,1,"Engine 1 sum",,0.1758,0.1758,1,1,2026-10-07T03:17:22+02:00
a64fx,pivot,128,main_aggr,1,"Engine 2 sum",,0.1515,0.1515,1,1,2026-10-07T03:17:22+02:00
a64fx,pivot,128,main_aggr,1,"Engine 2 sum",,0.1513,0.1513,1,1,2026-10-07T03:17:22+02:00
a64fx,pivot,128,main_aggr,1,"Engine 2 sum",,0.1514,0.1514,1,1,2026-10-07T03:17:22+02:00
a64fx,pivot,128,main_aggr,1,"Engine 2 sum",,0.1515,0.1515,1,1,2026-10-07T03:17:22+02:00
a64fx,pivot,128,main_aggr,1,"Engine 2 sum",,0.1515,0.1515,1,1,2026-10-07T03:17:22+02:00
a64fx,pivot,128,main_aggr,1,"Engine 3 sum",,0.1332,0.1332,1,1,2026-10-07T03:17:22+02:00
a64fx,pivot,128,main_aggr,1,"Engine 3 sum",,0.1332,0.1332,1,1,2026-10-07T03:17:22+02:00
a64fx,pivot,128,main_aggr,1,"Engine 3 sum",,0.1332,0.1332,1,1,2026-10-07T03:17:22+02:00
a64fx,pivot,128,main_aggr,1,"Engine 3 sum",,0.1331,0.1331,1,1,2026-10-07T03:17:22+02:00
a64fx,pivot,128,main_aggr,1,"Engine 3 sum",,0.1332,0.1332,1,1,2026-10-07T03:17:22+02:00
a64fx,pivot,256,main_aggr,1,"Codegen 1 sum",,0.1308,0.1308,1,1,2026-10-07T03:17:35+02:00
a64fx,pivot,256,main_aggr,1,"Codegen 1 sum",,0.1309,0.1309,1,1,2026-10-07T03:17:35+02:00
a64fx,pivot,256,main_aggr,1,"Codegen 1 sum",,0.1308,0.1308,1,1,2026-10-07T03:17:35+02:00
a64fx,pivot,256,main_aggr,1,"Codegen 1 sum",,0.1308,0.1308,1,1,2026-10-07T03:17:35+02:00
a64fx,pivot,256,main_aggr,1,"Codegen 1 sum",,0.1308,0.1308,1,1,2026-10-07T03:17:35+02:00
a64fx,pivot,256,main_aggr,1,"Codegen 2 sum",,0.1130,0.1130,1,1,2026-10-07T03:17:35+02:00
a64fx,pivot,256,main_aggr,1,"Codegen 2 sum",,0.1131,0.1131,1,1,2026-10-07T03:17:35+02:00
a64fx,pivot,256,main_aggr,1,"Codegen 2 sum",,0.1130,0.1130,1,1,2026-10-07T03:17:35+02:00
a64fx,pivot,256,main_aggr,1,"Codegen 2 sum",,0.1130,0.1130,1,1,2026-10-07T03:17:35+02:00
a64fx,pivot,256,main_aggr,1,"Codegen 2 sum",,0.1130,0.1130,1,1,2026-10-07T03:17:35+02:00
a64fx,pivot,256,main_aggr,1,"Codegen 3 sum",,0.1110,0.1110,1,1,2026-10-07T03:17:35+02:00
a64fx,pivot,256,main_aggr,1,"Codegen 3 sum",,0.1111,0.1111,1,1,2026-10-07T03:17:35+02:00
a64fx,pivot,256,main_aggr,1,"Codegen 3 sum",,0.1110,0.1110,1,1,2026-10-07T03:17:35+02:00
a64fx,pivot,256,main_aggr,1,"Codegen 3 sum",,0.1110,0.1110,1,1,2026-10-07T03:17:35+02:00
a64fx,pivot,256,main_aggr,1,"Codegen 3 sum",,0.1111,0.1111,1,1,2026-10-07T03:17:35+02:00
a64fx,pivot,256,main_aggr,1,"Engine 1 sum",,0.1877,0.1877,1,1,2026-10-07T03:17:35+02:00
a64fx,pivot,256,main_aggr,1,"Engine 1 sum",,0.1877,0.1877,1,1,2026-10-07T03:17:35+02:00
a64fx,pivot,256,main_aggr,1,"Engine 1 sum",,0.1880,0.1880,1,1,2026-10-07T03:17:35+02:00
a64fx,pivot,256,main_aggr,1,"Engine 1 sum",,0.1880,0.1880,1,1,2026-10-07T03:17:35+02:00
a64fx,pivot,256,main_aggr,1,"Engine 1 sum",,0.1877,0.1877,1,1,2026-10-07T03:17:35+02:00
a64fx,pivot,256,main_aggr,1,"Engine 2 sum",,0.1584,0.1584,1,1,2026-10-07T03:17:35+02:00
a64fx,pivot,256,main_aggr,1,"Engine 2 sum",,0.1583,0.1583,1,1,2026-10-07T03:17:35+02:00
a64fx,pivot,256,main_aggr,1,"Engine 2 sum",,0.1584,0.1584,1,1,2026-10-07T03:17:35+02:00
a64fx,pivot,256,main_aggr,1,"Engine 2 sum",,0.1584,0.1584,1,1,2026-10-07T03:17:35+02:00
a64fx,pivot,256,main_aggr,1,"Engine 2 sum",,0.1584,0.1584,1,1,2026-10-07T03:17:35+02:00
a64fx,pivot,256,main_aggr,1,"Engine 3 sum",,0.1372,0.1372,1,1,2026-10-07T03:17:35+02:00
a64fx,pivot,256,main_aggr,1,"Engine 3 sum",,0.1371,0.1371,1,1,2026-10-07T03:17:35+02:00
a64fx,pivot,256,main_aggr,1,"Engine 3 sum",,0.1371,0.1371,1,1,2026-10-07T03:17:35+02:00
a64fx,pivot,256,main_aggr,1,"Engine 3 sum",,0.1372,0.1372,1,1,2026-10-07T03:17:35+02:00
a64fx,pivot,256,main_aggr,1,"Engine 3 sum",,0.1372,0.1372,1,1,2026-10-07T03:17:35+02:00
a64fx,pivot,512,main_aggr,1,"Codegen 1 sum",,0.1315,0.1315,1,1,2026-10-07T03:17:48+02:00
a64fx,pivot,512,main_aggr,1,"Codegen 1 sum",,0.1317,0.1317,1,1,2026-10-07T03:17:48+02:00
a64fx,pivot,512,main_aggr,1,"Codegen 1 sum",,0.1317,0.1317,1,1,2026-10-07T03:17:48+02:00
a64fx,pivot,512,main_aggr,1,"Codegen 1 sum",,0.1318,0.1318,1,1,2026-10-07T03:17:48+02:00
a64fx,pivot,512,main_aggr,1,"Codegen 1 sum",,0.1318,0.1318,1,1,2026-10-07T03:17:48+02:00
a64fx,pivot,512,main_aggr,1,"Codegen 2 sum",,0.1138,0.1138,1,1,2026-10-07T03:17:48+02:00
a64fx,pivot,512,main_aggr,1,"Codegen 2 sum",,0.1138,0.1138,1,1,2026-10-07T03:17:48+02:00
a64fx,pivot,512,main_aggr,1,"Codegen 2 sum",,0.1137,0.1137,1,1,2026-10-07T03:17:48+02:00
a64fx,pivot,512,main_aggr,1,"Codegen 2 sum",,0.1138,0.1138,1,1,2026-10-07T03:17:48+02:00
a64fx,pivot,512,main_aggr,1,"Codegen 2 sum",,0.1138,0.1138,1,1,2026-10-07T03:17:48+02:00
a64fx,pivot,512,main_aggr,1,"Codegen 3 sum",,0.1118,0.1118,1,1,2026-10-07T03:17:48+02:00
a64fx,pivot,512,main_aggr,1,"Codegen 3 sum",,0.1117,0.1117,1,1,2026-10-07T03:17:48+02:00
a64fx,pivot,512,main_aggr,1,"Codegen 3 sum",,0.1117,0.1117,1,1,2026-10-07T03:17:48+02:00
a64fx,pivot,512,main_aggr,1,"Codegen 3 sum",,0.1117,0.1117,1,1,2026-10-07T03:17:48+02:00
a64fx,pivot,512,main_aggr,1,"Codegen 3 sum",,0.1117,0.1117,1,1,2026-10-07T03:17:48+02:00
a64fx,pivot,512,main_aggr,1,"Engine 1 sum",,0.2481,0.2481,1,1,2026-10-07T03:17:48+02:00
a64fx,pivot,512,main_aggr,1,"Engine 1 sum",,0.2481,0.2481,1,1,2026-10-07T03:17:48+02:00
a64fx,pivot,512,main_aggr,1,"Engine 1 sum",,0.2478,0.2478,1,1,2026-10-07T03:17:48+02:00
a64fx,pivot,512,main_aggr,1,"Engine 1 sum",,0.2480,0.2480,1,1,2026-10-07T03:17:48+02:00
a64fx,pivot,512,main_aggr,1,"Engine 1 sum",,0.2477,0.2477,1,1,2026-10-07T03:17:48+02:00
a64fx,pivot,512,main_aggr,1,"Engine 2 sum",,0.2034,0.2034,1,1,2026-10-07T03:17:48+02:00
a64fx,pivot,512,main_aggr,1,"Engine 2 sum",,0.2035,0.2035,1,1,2026-10-07T03:17:48+02:00
a64fx,pivot,512,main_aggr,1,"Engine 2 sum",,0.2033,0.2033,1,1,2026-10-07T03:17:48+02:00
a64fx,pivot,512,main_aggr,1,"Engine 2 sum",,0.2032,0.2032,1,1,2026-10-07T03:17:48+02:00
a64fx,pivot,512,main_aggr,1,"Engine 2 sum",,0.2033,0.2033,1,1,2026-10-07T03:17:48+02:00
a64fx,pivot,512,main_aggr,1,"Engine 3 sum",,0.1723,0.1723,1,1,2026-10-07T03:17:48+02:00
a64fx,pivot,512,main_aggr,1,"Engine 3 sum",,0.1722,0.1722,1,1,2026-10-07T03:17:48+02:00
a64fx,pivot,512,main_aggr,1,"Engine 3 sum",,0.1722,0.1722,1,1,2026-10-07T03:17:48+02:00
a64fx,pivot,512,main_aggr,1,"Engine 3 sum",,0.1722,0.1722,1,1,2026-10-07T03:17:48+02:00
a64fx,pivot,512,main_aggr,1,"Engine 3 sum",,0.1722,0.1722,1,1,2026-10-07T03:17:48+02:00
a64fx,pivot,128,main_join,1,"Engine  1-1",,0.1635,0.1635,1,1,2026-10-07T03:18:22+02:00
a64fx,pivot,128,main_join,1,"Engine  1-3",,0.1380,0.1380,1,1,2026-10-07T03:18:22+02:00
a64fx,pivot,128,main_join,1,"Engine  3-1",,0.1541,0.1541,1,1,2026-10-07T03:18:22+02:00
a64fx,pivot,128,main_join,1,"Engine  3-3",,0.1310,0.1310,1,1,2026-10-07T03:18:22+02:00
a64fx,pivot,128,main_join,1,"Codegen 1-1",,0.1139,0.1139,1,1,2026-10-07T03:18:22+02:00
a64fx,pivot,128,main_join,1,"Codegen 1-1",,0.1139,0.1139,1,1,2026-10-07T03:18:22+02:00
a64fx,pivot,128,main_join,1,"Codegen 1-1",,0.1140,0.1140,1,1,2026-10-07T03:18:22+02:00
a64fx,pivot,128,main_join,1,"Codegen 1-1",,0.1140,0.1140,1,1,2026-10-07T03:18:22+02:00
a64fx,pivot,128,main_join,1,"Codegen 1-1",,0.1140,0.1140,1,1,2026-10-07T03:18:22+02:00
a64fx,pivot,128,main_join,1,"Codegen 1-3",,0.1133,0.1133,1,1,2026-10-07T03:18:22+02:00
a64fx,pivot,128,main_join,1,"Codegen 1-3",,0.1133,0.1133,1,1,2026-10-07T03:18:22+02:00
a64fx,pivot,128,main_join,1,"Codegen 1-3",,0.1133,0.1133,1,1,2026-10-07T03:18:22+02:00
a64fx,pivot,128,main_join,1,"Codegen 1-3",,0.1132,0.1132,1,1,2026-10-07T03:18:22+02:00
a64fx,pivot,128,main_join,1,"Codegen 1-3",,0.1133,0.1133,1,1,2026-10-07T03:18:22+02:00
a64fx,pivot,128,main_join,1,"Codegen 3-1",,0.1006,0.1006,1,1,2026-10-07T03:18:22+02:00
a64fx,pivot,128,main_join,1,"Codegen 3-1",,0.1007,0.1007,1,1,2026-10-07T03:18:22+02:00
a64fx,pivot,128,main_join,1,"Codegen 3-1",,0.1007,0.1007,1,1,2026-10-07T03:18:22+02:00
a64fx,pivot,128,main_join,1,"Codegen 3-1",,0.1007,0.1007,1,1,2026-10-07T03:18:22+02:00
a64fx,pivot,128,main_join,1,"Codegen 3-1",,0.1007,0.1007,1,1,2026-10-07T03:18:22+02:00
a64fx,pivot,128,main_join,1,"Codegen 3-3",,0.0946,0.0946,1,1,2026-10-07T03:18:22+02:00
a64fx,pivot,128,main_join,1,"Codegen 3-3",,0.0946,0.0946,1,1,2026-10-07T03:18:22+02:00
a64fx,pivot,128,main_join,1,"Codegen 3-3",,0.0945,0.0945,1,1,2026-10-07T03:18:22+02:00
a64fx,pivot,128,main_join,1,"Codegen 3-3",,0.0953,0.0953,1,1,2026-10-07T03:18:22+02:00
a64fx,pivot,128,main_join,1,"Codegen 3-3",,0.0946,0.0946,1,1,2026-10-07T03:18:22+02:00
a64fx,pivot,256,main_join,1,"Engine  1-1",,0.1813,0.1813,1,1,2026-10-07T03:18:28+02:00
a64fx,pivot,256,main_join,1,"Engine  1-3",,0.1534,0.1534,1,1,2026-10-07T03:18:28+02:00
a64fx,pivot,256,main_join,1,"Engine  3-1",,0.1701,0.1701,1,1,2026-10-07T03:18:28+02:00
a64fx,pivot,256,main_join,1,"Engine  3-3",,0.1445,0.1445,1,1,2026-10-07T03:18:28+02:00
a64fx,pivot,256,main_join,1,"Codegen 1-1",,0.1094,0.1094,1,1,2026-10-07T03:18:28+02:00
a64fx,pivot,256,main_join,1,"Codegen 1-1",,0.1096,0.1096,1,1,2026-10-07T03:18:28+02:00
a64fx,pivot,256,main_join,1,"Codegen 1-1",,0.1094,0.1094,1,1,2026-10-07T03:18:28+02:00
a64fx,pivot,256,main_join,1,"Codegen 1-1",,0.1097,0.1097,1,1,2026-10-07T03:18:28+02:00
a64fx,pivot,256,main_join,1,"Codegen 1-1",,0.1094,0.1094,1,1,2026-10-07T03:18:28+02:00
a64fx,pivot,256,main_join,1,"Codegen 1-3",,0.1082,0.1082,1,1,2026-10-07T03:18:28+02:00
a64fx,pivot,256,main_join,1,"Codegen 1-3",,0.1082,0.1082,1,1,2026-10-07T03:18:28+02:00
a64fx,pivot,256,main_join,1,"Codegen 1-3",,0.1082,0.1082,1,1,2026-10-07T03:18:28+02:00
a64fx,pivot,256,main_join,1,"Codegen 1-3",,0.1082,0.1082,1,1,2026-10-07T03:18:28+02:00
a64fx,pivot,256,main_join,1,"Codegen 1-3",,0.1082,0.1082,1,1,2026-10-07T03:18:28+02:00
a64fx,pivot,256,main_join,1,"Codegen 3-1",,0.1002,0.1002,1,1,2026-10-07T03:18:28+02:00
a64fx,pivot,256,main_join,1,"Codegen 3-1",,0.1002,0.1002,1,1,2026-10-07T03:18:28+02:00
a64fx,pivot,256,main_join,1,"Codegen 3-1",,0.1002,0.1002,1,1,2026-10-07T03:18:28+02:00
a64fx,pivot,256,main_join,1,"Codegen 3-1",,0.1002,0.1002,1,1,2026-10-07T03:18:28+02:00
a64fx,pivot,256,main_join,1,"Codegen 3-1",,0.1002,0.1002,1,1,2026-10-07T03:18:28+02:00
a64fx,pivot,256,main_join,1,"Codegen 3-3",,0.0926,0.0926,1,1,2026-10-07T03:18:28+02:00
a64fx,pivot,256,main_join,1,"Codegen 3-3",,0.0927,0.0927,1,1,2026-10-07T03:18:28+02:00
a64fx,pivot,256,main_join,1,"Codegen 3-3",,0.0926,0.0926,1,1,2026-10-07T03:18:28+02:00
a64fx,pivot,256,main_join,1,"Codegen 3-3",,0.0926,0.0926,1,1,2026-10-07T03:18:28+02:00
a64fx,pivot,256,main_join,1,"Codegen 3-3",,0.0926,0.0926,1,1,2026-10-07T03:18:28+02:00
a64fx,pivot,512,main_join,1,"Engine  1-1",,0.1851,0.1851,1,1,2026-10-07T03:18:34+02:00
a64fx,pivot,512,main_join,1,"Engine  1-3",,0.1561,0.1561,1,1,2026-10-07T03:18:34+02:00
a64fx,pivot,512,main_join,1,"Engine  3-1",,0.1739,0.1739,1,1,2026-10-07T03:18:34+02:00
a64fx,pivot,512,main_join,1,"Engine  3-3",,0.1474,0.1474,1,1,2026-10-07T03:18:34+02:00
a64fx,pivot,512,main_join,1,"Codegen 1-1",,0.1122,0.1122,1,1,2026-10-07T03:18:34+02:00
a64fx,pivot,512,main_join,1,"Codegen 1-1",,0.1122,0.1122,1,1,2026-10-07T03:18:34+02:00
a64fx,pivot,512,main_join,1,"Codegen 1-1",,0.1122,0.1122,1,1,2026-10-07T03:18:34+02:00
a64fx,pivot,512,main_join,1,"Codegen 1-1",,0.1122,0.1122,1,1,2026-10-07T03:18:34+02:00
a64fx,pivot,512,main_join,1,"Codegen 1-1",,0.1122,0.1122,1,1,2026-10-07T03:18:34+02:00
a64fx,pivot,512,main_join,1,"Codegen 1-3",,0.1112,0.1112,1,1,2026-10-07T03:18:34+02:00
a64fx,pivot,512,main_join,1,"Codegen 1-3",,0.1110,0.1110,1,1,2026-10-07T03:18:34+02:00
a64fx,pivot,512,main_join,1,"Codegen 1-3",,0.1111,0.1111,1,1,2026-10-07T03:18:34+02:00
a64fx,pivot,512,main_join,1,"Codegen 1-3",,0.1112,0.1112,1,1,2026-10-07T03:18:34+02:00
a64fx,pivot,512,main_join,1,"Codegen 1-3",,0.1112,0.1112,1,1,2026-10-07T03:18:34+02:00
a64fx,pivot,512,main_join,1,"Codegen 3-1",,0.1011,0.1011,1,1,2026-10-07T03:18:34+02:00
a64fx,pivot,512,main_join,1,"Codegen 3-1",,0.1010,0.1010,1,1,2026-10-07T03:18:34+02:00
a64fx,pivot,512,main_join,1,"Codegen 3-1",,0.1011,0.1011,1,1,2026-10-07T03:18:34+02:00
a64fx,pivot,512,main_join,1,"Codegen 3-1",,0.1010,0.1010,1,1,2026-10-07T03:18:34+02:00
a64fx,pivot,512,main_join,1,"Codegen 3-1",,0.1010,0.1010,1,1,2026-10-07T03:18:34+02:00
a64fx,pivot,512,main_join,1,"Codegen 3-3",,0.0943,0.0943,1,1,2026-10-07T03:18:34+02:00
a64fx,pivot,512,main_join,1,"Codegen 3-3",,0.0942,0.0942,1,1,2026-10-07T03:18:34+02:00
a64fx,pivot,512,main_join,1,"Codegen 3-3",,0.0943,0.0943,1,1,2026-10-07T03:18:34+02:00
a64fx,pivot,512,main_join,1,"Codegen 3-3",,0.0943,0.0943,1,1,2026-10-07T03:18:34+02:00
a64fx,pivot,512,main_join,1,"Codegen 3-3",,0.0942,0.0942,1,1,2026-10-07T03:18:34+02:00
a64fx,pivot,128,main_scan_int,2,"and 1",0.00,48.6590,32.7849,2,2,2026-10-07T03:19:07+02:00
a64fx,pivot,128,main_scan_int,2,"and 1",0.00,46.2338,33.9341,2,2,2026-10-07T03:19:07+02:00
a64fx,pivot,128,main_scan_int,2,"and 1",0.00,48.4159,33.8189,2,2,2026-10-07T03:19:07+02:00
a64fx,pivot,128,main_scan_int,2,"and 1",0.00,48.7639,33.7714,2,2,2026-10-07T03:19:07+02:00
a64fx,pivot,128,main_scan_int,2,"and 1",0.00,48.7724,33.8727,2,2,2026-10-07T03:19:07+02:00
a64fx,pivot,128,main_scan_int,2,"and 2",0.03,14.5461,18.0550,2,2,2026-10-07T03:19:07+02:00
a64fx,pivot,128,main_scan_int,2,"and 2",0.03,14.5186,17.6606,2,2,2026-10-07T03:19:07+02:00
a64fx,pivot,128,main_scan_int,2,"and 2",0.03,14.5331,18.3862,2,2,2026-10-07T03:19:07+02:00
a64fx,pivot,128,main_scan_int,2,"and 2",0.03,14.5389,18.1332,2,2,2026-10-07T03:19:07+02:00
a64fx,pivot,128,main_scan_int,2,"and 2",0.03,14.2806,18.1223,2,2,2026-10-07T03:19:07+02:00
a64fx,pivot,128,main_scan_int,2,"and 3",0.10,10.0126,13.2686,2,2,2026-10-07T03:19:07+02:00
a64fx,pivot,128,main_scan_int,2,"and 3",0.10,9.8709,13.0234,2,2,2026-10-07T03:19:07+02:00
a64fx,pivot,128,main_scan_int,2,"and 3",0.10,10.1048,13.2866,2,2,2026-10-07T03:19:07+02:00
a64fx,pivot,128,main_scan_int,2,"and 3",0.10,9.8965,11.5903,2,2,2026-10-07T03:19:07+02:00
a64fx,pivot,128,main_scan_int,2,"and 3",0.10,10.1046,13.2977,2,2,2026-10-07T03:19:07+02:00
a64fx,pivot,128,main_scan_int,2,"and 1",0.00,42.2640,30.7667,2,2,2026-10-07T03:19:07+02:00
a64fx,pivot,128,main_scan_int,2,"and 1",0.00,40.9460,30.7068,2,2,2026-10-07T03:19:07+02:00
a64fx,pivot,128,main_scan_int,2,"and 1",0.00,42.2012,30.8666,2,2,2026-10-07T03:19:07+02:00
a64fx,pivot,128,main_scan_int,2,"and 1",0.00,42.2972,30.7714,2,2,2026-10-07T03:19:07+02:00
a64fx,pivot,128,main_scan_int,2,"and 1",0.00,42.2808,30.8868,2,2,2026-10-07T03:19:07+02:00
a64fx,pivot,128,main_scan_int,2,"and 2",0.04,14.9803,18.4044,2,2,2026-10-07T03:19:07+02:00
a64fx,pivot,128,main_scan_int,2,"and 2",0.04,14.3177,18.3769,2,2,2026-10-07T03:19:07+02:00
a64fx,pivot,128,main_scan_int,2,"and 2",0.04,15.0473,18.3212,2,2,2026-10-07T03:19:07+02:00
a64fx,pivot,128,main_scan_int,2,"and 2",0.04,15.0731,18.2323,2,2,2026-10-07T03:19:07+02:00
a64fx,pivot,128,main_scan_int,2,"and 2",0.04,14.5936,18.3454,2,2,2026-10-07T03:19:07+02:00
a64fx,pivot,128,main_scan_int,2,"and 3",0.13,8.5358,12.0862,2,2,2026-10-07T03:19:07+02:00
a64fx,pivot,128,main_scan_int,2,"and 3",0.13,8.4633,11.7555,2,2,2026-10-07T03:19:07+02:00
a64fx,pivot,128,main_scan_int,2,"and 3",0.13,8.6553,12.1403,2,2,2026-10-07T03:19:07+02:00
a64fx,pivot,128,main_scan_int,2,"and 3",0.13,8.5822,11.7850,2,2,2026-10-07T03:19:07+02:00
a64fx,pivot,128,main_scan_int,2,"and 3",0.13,8.5362,11.7159,2,2,2026-10-07T03:19:07+02:00
a64fx,pivot,128,main_scan_int,2,"and 1",0.01,31.9318,23.3467,2,2,2026-10-07T03:19:07+02:00
a64fx,pivot,128,main_scan_int,2,"and 1",0.01,31.1289,22.1234,2,2,2026-10-07T03:19:07+02:00
a64fx,pivot,128,main_scan_int,2,"and 1",0.01,31.8181,23.1899,2,2,2026-10-07T03:19:07+02:00
a64fx,pivot,128,main_scan_int,2,"and 1",0.01,31.8011,25.6586,2,2,2026-10-07T03:19:07+02:00
a64fx,pivot,128,main_scan_int,2,"and 1",0.01,31.8702,25.7046,2,2,2026-10-07T03:19:07+02:00
a64fx,pivot,128,main_scan_int,2,"and 2",0.07,12.7999,16.3826,2,2,2026-10-07T03:19:07+02:00
a64fx,pivot,128,main_scan_int,2,"and 2",0.07,12.3682,15.5457,2,2,2026-10-07T03:19:07+02:00
a64fx,pivot,128,main_scan_int,2,"and 2",0.07,12.8046,16.4894,2,2,2026-10-07T03:19:07+02:00
a64fx,pivot,128,main_scan_int,2,"and 2",0.07,12.8031,16.4882,2,2,2026-10-07T03:19:07+02:00
a64fx,pivot,128,main_scan_int,2,"and 2",0.07,12.4668,16.0377,2,2,2026-10-07T03:19:07+02:00
a64fx,pivot,128,main_scan_int,2,"and 3",0.17,7.4181,11.0957,2,2,2026-10-07T03:19:07+02:00
a64fx,pivot,128,main_scan_int,2,"and 3",0.17,7.1917,11.0966,2,2,2026-10-07T03:19:07+02:00
a64fx,pivot,128,main_scan_int,2,"and 3",0.17,7.0846,10.9747,2,2,2026-10-07T03:19:07+02:00
a64fx,pivot,128,main_scan_int,2,"and 3",0.17,7.3120,10.8705,2,2,2026-10-07T03:19:07+02:00
a64fx,pivot,128,main_scan_int,2,"and 3",0.17,7.2543,10.9508,2,2,2026-10-07T03:19:07+02:00
a64fx,pivot,128,main_scan_int,2,"and 1",0.01,24.6673,21.1991,2,2,2026-10-07T03:19:07+02:00
a64fx,pivot,128,main_scan_int,2,"and 1",0.01,24.7350,21.2207,2,2,2026-10-07T03:19:07+02:00
a64fx,pivot,128,main_scan_int,2,"and 1",0.01,24.6783,21.2516,2,2,2026-10-07T03:19:07+02:00
a64fx,pivot,128,main_scan_int,2,"and 1",0.01,23.9062,21.3665,2,2,2026-10-07T03:19:07+02:00
a64fx,pivot,128,main_scan_int,2,"and 1",0.01,23.4242,21.2665,2,2,2026-10-07T03:19:07+02:00
a64fx,pivot,128,main_scan_int,2,"and 2",0.10,10.3621,13.1462,2,2,2026-10-07T03:19:07+02:00
a64fx,pivot,128,main_scan_int,2,"and 2",0.10,10.5782,14.2186,2,2,2026-10-07T03:19:07+02:00
a64fx,pivot,128,main_scan_int,2,"and 2",0.10,10.0843,13.7435,2,2,2026-10-07T03:19:07+02:00
a64fx,pivot,128,main_scan_int,2,"and 2",0.10,10.5757,14.2154,2,2,2026-10-07T03:19:07+02:00
a64fx,pivot,128,main_scan_int,2,"and 2",0.10,10.2454,13.8309,2,2,2026-10-07T03:19:07+02:00
a64fx,pivot,128,main_scan_int,2,"and 3",0.22,6.6286,10.2434,2,2,2026-10-07T03:19:07+02:00
a64fx,pivot,128,main_scan_int,2,"and 3",0.22,6.5276,10.2589,2,2,2026-10-07T03:19:07+02:00
a64fx,pivot,128,main_scan_int,2,"and 3",0.22,6.4438,10.2438,2,2,2026-10-07T03:19:07+02:00
a64fx,pivot,128,main_scan_int,2,"and 3",0.22,6.5334,10.3966,2,2,2026-10-07T03:19:07+02:00
a64fx,pivot,128,main_scan_int,2,"and 3",0.22,6.6829,10.6206,2,2,2026-10-07T03:19:07+02:00
a64fx,pivot,128,main_scan_int,2,"and 1",0.02,19.4948,15.9466,2,2,2026-10-07T03:19:07+02:00
a64fx,pivot,128,main_scan_int,2,"and 1",0.02,20.9628,16.6522,2,2,2026-10-07T03:19:07+02:00
a64fx,pivot,128,main_scan_int,2,"and 1",0.02,20.9272,16.6159,2,2,2026-10-07T03:19:07+02:00
a64fx,pivot,128,main_scan_int,2,"and 1",0.02,20.8504,16.6406,2,2,2026-10-07T03:19:07+02:00
a64fx,pivot,128,main_scan_int,2,"and 1",0.02,18.5772,16.6230,2,2,2026-10-07T03:19:07+02:00
a64fx,pivot,128,main_scan_int,2,"and 2",0.14,8.8208,11.8001,2,2,2026-10-07T03:19:07+02:00
a64fx,pivot,128,main_scan_int,2,"and 2",0.14,8.8041,11.8221,2,2,2026-10-07T03:19:07+02:00
a64fx,pivot,128,main_scan_int,2,"and 2",0.14,8.7031,11.5893,2,2,2026-10-07T03:19:07+02:00
a64fx,pivot,128,main_scan_int,2,"and 2",0.14,8.8159,11.8175,2,2,2026-10-07T03:19:07+02:00
a64fx,pivot,128,main_scan_int,2,"and 2",0.14,8.6200,11.8349,2,2,2026-10-07T03:19:07+02:00
a64fx,pivot,128,main_scan_int,2,"and 3",0.27,5.6259,9.2691,2,2,2026-10-07T03:19:07+02:00
a64fx,pivot,128,main_scan_int,2,"and 3",0.27,5.5957,9.3263,2,2,2026-10-07T03:19:07+02:00
a64fx,pivot,128,main_scan_int,2,"and 3",0.27,5.5980,9.3773,2,2,2026-10-07T03:19:07+02:00
a64fx,pivot,128,main_scan_int,2,"and 3",0.27,5.5980,9.3793,2,2,2026-10-07T03:19:07+02:00
a64fx,pivot,128,main_scan_int,2,"and 3",0.27,5.6290,9.3523,2,2,2026-10-07T03:19:07+02:00
a64fx,pivot,128,main_scan_int,2,"and 1",0.05,25.4254,11.9302,2,2,2026-10-07T03:19:07+02:00
a64fx,pivot,128,main_scan_int,2,"and 1",0.05,24.4849,11.7040,2,2,2026-10-07T03:19:07+02:00
a64fx,pivot,128,main_scan_int,2,"and 1",0.05,25.3918,11.9307,2,2,2026-10-07T03:19:07+02:00
a64fx,pivot,128,main_scan_int,2,"and 1",0.05,24.9312,11.2391,2,2,2026-10-07T03:19:07+02:00
a64fx,pivot,128,main_scan_int,2,"and 1",0.05,25.3695,11.6972,2,2,2026-10-07T03:19:07+02:00
a64fx,pivot,128,main_scan_int,2,"and 2",0.22,7.7292,8.9369,2,2,2026-10-07T03:19:07+02:00
a64fx,pivot,128,main_scan_int,2,"and 2",0.22,7.8597,9.2064,2,2,2026-10-07T03:19:07+02:00
a64fx,pivot,128,main_scan_int,2,"and 2",0.22,7.8430,9.2235,2,2,2026-10-07T03:19:07+02:00
a64fx,pivot,128,main_scan_int,2,"and 2",0.22,7.7807,9.2348,2,2,2026-10-07T03:19:07+02:00
a64fx,pivot,128,main_scan_int,2,"and 2",0.22,7.5489,8.8712,2,2,2026-10-07T03:19:07+02:00
a64fx,pivot,128,main_scan_int,2,"and 3",0.37,4.5905,7.5532,2,2,2026-10-07T03:19:07+02:00
a64fx,pivot,128,main_scan_int,2,"and 3",0.37,4.5299,7.4475,2,2,2026-10-07T03:19:07+02:00
a64fx,pivot,128,main_scan_int,2,"and 3",0.37,4.5856,7.5677,2,2,2026-10-07T03:19:07+02:00
a64fx,pivot,128,main_scan_int,2,"and 3",0.37,4.5666,7.3600,2,2,2026-10-07T03:19:07+02:00
a64fx,pivot,128,main_scan_int,2,"and 3",0.37,4.5287,7.4323,2,2,2026-10-07T03:19:07+02:00
a64fx,pivot,128,main_scan_int,2,"and 1",0.10,19.0242,9.7069,2,2,2026-10-07T03:19:07+02:00
a64fx,pivot,128,main_scan_int,2,"and 1",0.10,18.8660,9.5200,2,2,2026-10-07T03:19:07+02:00
a64fx,pivot,128,main_scan_int,2,"and 1",0.10,18.9978,9.7092,2,2,2026-10-07T03:19:07+02:00
a64fx,pivot,128,main_scan_int,2,"and 1",0.10,19.0413,9.5881,2,2,2026-10-07T03:19:07+02:00
a64fx,pivot,128,main_scan_int,2,"and 1",0.10,19.0222,9.5419,2,2,2026-10-07T03:19:07+02:00
a64fx,pivot,128,main_scan_int,2,"and 2",0.32,5.9024,7.8649,2,2,2026-10-07T03:19:07+02:00
a64fx,pivot,128,main_scan_int,2,"and 2",0.32,5.8925,7.8483,2,2,2026-10-07T03:19:07+02:00
a64fx,pivot,128,main_scan_int,2,"and 2",0.32,5.8803,7.8257,2,2,2026-10-07T03:19:07+02:00
a64fx,pivot,128,main_scan_int,2,"and 2",0.32,5.9049,7.5948,2,2,2026-10-07T03:19:07+02:00
a64fx,pivot,128,main_scan_int,2,"and 2",0.32,5.8727,7.7463,2,2,2026-10-07T03:19:07+02:00
a64fx,pivot,128,main_scan_int,2,"and 3",0.46,3.6758,6.5028,2,2,2026-10-07T03:19:07+02:00
a64fx,pivot,128,main_scan_int,2,"and 3",0.46,3.6849,6.4915,2,2,2026-10-07T03:19:07+02:00
a64fx,pivot,128,main_scan_int,2,"and 3",0.46,3.6614,6.5966,2,2,2026-10-07T03:19:07+02:00
a64fx,pivot,128,main_scan_int,2,"and 3",0.46,3.6523,6.5122,2,2,2026-10-07T03:19:07+02:00
a64fx,pivot,128,main_scan_int,2,"and 3",0.46,3.6604,6.5369,2,2,2026-10-07T03:19:07+02:00
a64fx,pivot,128,main_scan_int,2,"and 1",0.20,11.7023,8.2437,2,2,2026-10-07T03:19:07+02:00
a64fx,pivot,128,main_scan_int,2,"and 1",0.20,11.7829,8.4305,2,2,2026-10-07T03:19:07+02:00
a64fx,pivot,128,main_scan_int,2,"and 1",0.20,11.5747,8.2342,2,2,2026-10-07T03:19:07+02:00
a64fx,pivot,128,main_scan_int,2,"and 1",0.20,11.7334,8.3146,2,2,2026-10-07T03:19:07+02:00
a64fx,pivot,128,main_scan_int,2,"and 1",0.20,11.6941,8.4561,2,2,2026-10-07T03:19:07+02:00
a64fx,pivot,128,main_scan_int,2,"and 2",0.45,4.2572,6.9062,2,2,2026-10-07T03:19:07+02:00
a64fx,pivot,128,main_scan_int,2,"and 2",0.45,4.2642,6.8332,2,2,2026-10-07T03:19:07+02:00
a64fx,pivot,128,main_scan_int,2,"and 2",0.45,4.2496,7.0276,2,2,2026-10-07T03:19:07+02:00
a64fx,pivot,128,main_scan_int,2,"and 2",0.45,4.2664,6.9086,2,2,2026-10-07T03:19:07+02:00
a64fx,pivot,128,main_scan_int,2,"and 2",0.45,4.2773,6.8750,2,2,2026-10-07T03:19:07+02:00
a64fx,pivot,128,main_scan_int,2,"and 3",0.58,3.5118,5.9665,2,2,2026-10-07T03:19:07+02:00
a64fx,pivot,128,main_scan_int,2,"and 3",0.58,3.5015,5.9959,2,2,2026-10-07T03:19:07+02:00
a64fx,pivot,128,main_scan_int,2,"and 3",0.58,3.4907,5.9273,2,2,2026-10-07T03:19:07+02:00
a64fx,pivot,128,main_scan_int,2,"and 3",0.58,3.4834,5.9449,2,2,2026-10-07T03:19:07+02:00
a64fx,pivot,128,main_scan_int,2,"and 3",0.58,3.4985,5.9754,2,2,2026-10-07T03:19:07+02:00
a64fx,pivot,128,main_scan_int,2,"and 1",0.50,5.8222,7.5078,2,2,2026-10-07T03:19:07+02:00
a64fx,pivot,128,main_scan_int,2,"and 1",0.50,5.8220,7.4365,2,2,2026-10-07T03:19:07+02:00
a64fx,pivot,128,main_scan_int,2,"and 1",0.50,5.8488,7.3688,2,2,2026-10-07T03:19:07+02:00
a64fx,pivot,128,main_scan_int,2,"and 1",0.50,5.7720,7.4821,2,2,2026-10-07T03:19:07+02:00
a64fx,pivot,128,main_scan_int,2,"and 1",0.50,5.8472,7.4869,2,2,2026-10-07T03:19:07+02:00
a64fx,pivot,128,main_scan_int,2,"and 2",0.71,5.4143,6.2584,2,2,2026-10-07T03:19:07+02:00
a64fx,pivot,128,main_scan_int,2,"and 2",0.71,5.4007,6.3588,2,2,2026-10-07T03:19:07+02:00
a64fx,pivot,128,main_scan_int,2,"and 2",0.71,5.3943,6.3127,2,2,2026-10-07T03:19:07+02:00
a64fx,pivot,128,main_scan_int,2,"and 2",0.71,5.2684,6.2843,2,2,2026-10-07T03:19:07+02:00
a64fx,pivot,128,main_scan_int,2,"and 2",0.71,5.3877,6.3616,2,2,2026-10-07T03:19:07+02:00
a64fx,pivot,128,main_scan_int,2,"and 3",0.79,5.2143,5.4601,2,2,2026-10-07T03:19:07+02:00
a64fx,pivot,128,main_scan_int,2,"and 3",0.79,5.1674,5.4520,2,2,2026-10-07T03:19:07+02:00
a64fx,pivot,128,main_scan_int,2,"and 3",0.79,5.1611,5.5239,2,2,2026-10-07T03:19:07+02:00
a64fx,pivot,128,main_scan_int,2,"and 3",0.79,5.2396,5.4881,2,2,2026-10-07T03:19:07+02:00
a64fx,pivot,128,main_scan_int,2,"and 3",0.79,5.1754,5.4603,2,2,2026-10-07T03:19:07+02:00
a64fx,pivot,128,main_scan_int,2,"and 1",1.00,30.4649,26.3798,2,2,2026-10-07T03:19:07+02:00
a64fx,pivot,128,main_scan_int,2,"and 1",1.00,32.0724,27.5741,2,2,2026-10-07T03:19:07+02:00
a64fx,pivot,128,main_scan_int,2,"and 1",1.00,31.8475,27.6123,2,2,2026-10-07T03:19:07+02:00
a64fx,pivot,128,main_scan_int,2,"and 1",1.00,31.8181,27.6540,2,2,2026-10-07T03:19:07+02:00
a64fx,pivot,128,main_scan_int,2,"and 1",1.00,31.7494,27.5831,2,2,2026-10-07T03:19:07+02:00
a64fx,pivot,128,main_scan_int,2,"and 2",1.00,25.6526,17.0213,2,2,2026-10-07T03:19:07+02:00
a64fx,pivot,128,main_scan_int,2,"and 2",1.00,24.0828,16.3963,2,2,2026-10-07T03:19:07+02:00
a64fx,pivot,128,main_scan_int,2,"and 2",1.00,25.9723,16.2243,2,2,2026-10-07T03:19:07+02:00
a64fx,pivot,128,main_scan_int,2,"and 2",1.00,25.9853,17.0827,2,2,2026-10-07T03:19:07+02:00
a64fx,pivot,128,main_scan_int,2,"and 2",1.00,24.6774,16.1883,2,2,2026-10-07T03:19:07+02:00
a64fx,pivot,128,main_scan_int,2,"and 3",1.00,9.7632,12.1369,2,2,2026-10-07T03:19:07+02:00
a64fx,pivot,128,main_scan_int,2,"and 3",1.00,9.5944,12.1505,2,2,2026-10-07T03:19:07+02:00
a64fx,pivot,128,main_scan_int,2,"and 3",1.00,9.4991,11.6317,2,2,2026-10-07T03:19:07+02:00
a64fx,pivot,128,main_scan_int,2,"and 3",1.00,9.7576,12.1353,2,2,2026-10-07T03:19:07+02:00
a64fx,pivot,128,main_scan_int,2,"and 3",1.00,9.7580,12.1457,2,2,2026-10-07T03:19:07+02:00
a64fx,pivot,256,main_scan_int,2,"and 1",0.00,48.5592,27.0436,2,2,2026-10-07T03:19:15+02:00
a64fx,pivot,256,main_scan_int,2,"and 1",0.00,48.0848,27.2167,2,2,2026-10-07T03:19:15+02:00
a64fx,pivot,256,main_scan_int,2,"and 1",0.00,48.9697,26.3117,2,2,2026-10-07T03:19:15+02:00
a64fx,pivot,256,main_scan_int,2,"and 1",0.00,48.4483,25.8357,2,2,2026-10-07T03:19:15+02:00
a64fx,pivot,256,main_scan_int,2,"and 1",0.00,48.4154,25.9556,2,2,2026-10-07T03:19:15+02:00
a64fx,pivot,256,main_scan_int,2,"and 2",0.03,14.7007,15.3606,2,2,2026-10-07T03:19:15+02:00
a64fx,pivot,256,main_scan_int,2,"and 2",0.03,14.7117,15.4048,2,2,2026-10-07T03:19:15+02:00
a64fx,pivot,256,main_scan_int,2,"and 2",0.03,14.4880,14.9868,2,2,2026-10-07T03:19:15+02:00
a64fx,pivot,256,main_scan_int,2,"and 2",0.03,14.7040,15.3620,2,2,2026-10-07T03:19:15+02:00
a64fx,pivot,256,main_scan_int,2,"and 2",0.03,14.2826,15.3661,2,2,2026-10-07T03:19:15+02:00
a64fx,pivot,256,main_scan_int,2,"and 3",0.10,9.9673,11.0761,2,2,2026-10-07T03:19:15+02:00
a64fx,pivot,256,main_scan_int,2,"and 3",0.10,9.9246,10.7614,2,2,2026-10-07T03:19:15+02:00
a64fx,pivot,256,main_scan_int,2,"and 3",0.10,10.0576,11.1113,2,2,2026-10-07T03:19:15+02:00
a64fx,pivot,256,main_scan_int,2,"and 3",0.10,9.9467,10.4724,2,2,2026-10-07T03:19:15+02:00
a64fx,pivot,256,main_scan_int,2,"and 3",0.10,10.0541,10.8629,2,2,2026-10-07T03:19:15+02:00
a64fx,pivot,256,main_scan_int,2,"and 1",0.00,42.0034,23.5495,2,2,2026-10-07T03:19:15+02:00
a64fx,pivot,256,main_scan_int,2,"and 1",0.00,42.1386,24.7803,2,2,2026-10-07T03:19:15+02:00
a64fx,pivot,256,main_scan_int,2,"and 1",0.00,42.7398,24.8629,2,2,2026-10-07T03:19:15+02:00
a64fx,pivot,256,main_scan_int,2,"and 1",0.00,42.1553,24.9565,2,2,2026-10-07T03:19:15+02:00
a64fx,pivot,256,main_scan_int,2,"and 1",0.00,42.2557,24.7975,2,2,2026-10-07T03:19:15+02:00
a64fx,pivot,256,main_scan_int,2,"and 2",0.04,14.9613,15.1701,2,2,2026-10-07T03:19:15+02:00
a64fx,pivot,256,main_scan_int,2,"and 2",0.04,13.9290,14.5168,2,2,2026-10-07T03:19:15+02:00
a64fx,pivot,256,main_scan_int,2,"and 2",0.04,14.9547,15.1580,2,2,2026-10-07T03:19:15+02:00
a64fx,pivot,256,main_scan_int,2,"and 2",0.04,14.9638,15.1334,2,2,2026-10-07T03:19:15+02:00
a64fx,pivot,256,main_scan_int,2,"and 2",0.04,14.3747,13.9425,2,2,2026-10-07T03:19:15+02:00
a64fx,pivot,256,main_scan_int,2,"and 3",0.13,8.6647,10.0429,2,2,2026-10-07T03:19:15+02:00
a64fx,pivot,256,main_scan_int,2,"and 3",0.13,8.6000,10.0786,2,2,2026-10-07T03:19:15+02:00
a64fx,pivot,256,main_scan_int,2,"and 3",0.13,8.3950,9.7940,2,2,2026-10-07T03:19:15+02:00
a64fx,pivot,256,main_scan_int,2,"and 3",0.13,8.5503,9.5352,2,2,2026-10-07T03:19:15+02:00
a64fx,pivot,256,main_scan_int,2,"and 3",0.13,8.6451,10.0663,2,2,2026-10-07T03:19:15+02:00
a64fx,pivot,256,main_scan_int,2,"and 1",0.01,31.8221,19.9652,2,2,2026-10-07T03:19:15+02:00
a64fx,pivot,256,main_scan_int,2,"and 1",0.01,31.8625,19.9430,2,2,2026-10-07T03:19:15+02:00
a64fx,pivot,256,main_scan_int,2,"and 1",0.01,32.0024,19.9397,2,2,2026-10-07T03:19:15+02:00
a64fx,pivot,256,main_scan_int,2,"and 1",0.01,31.7649,19.6106,2,2,2026-10-07T03:19:15+02:00
a64fx,pivot,256,main_scan_int,2,"and 1",0.01,31.8562,17.8276,2,2,2026-10-07T03:19:15+02:00
a64fx,pivot,256,main_scan_int,2,"and 2",0.07,12.8417,13.4870,2,2,2026-10-07T03:19:15+02:00
a64fx,pivot,256,main_scan_int,2,"and 2",0.07,12.4428,12.9418,2,2,2026-10-07T03:19:15+02:00
a64fx,pivot,256,main_scan_int,2,"and 2",0.07,12.8482,13.5008,2,2,2026-10-07T03:19:15+02:00
a64fx,pivot,256,main_scan_int,2,"and 2",0.07,12.8541,13.5113,2,2,2026-10-07T03:19:15+02:00
a64fx,pivot,256,main_scan_int,2,"and 2",0.07,12.9178,13.3845,2,2,2026-10-07T03:19:15+02:00
a64fx,pivot,256,main_scan_int,2,"and 3",0.17,7.2473,9.0887,2,2,2026-10-07T03:19:15+02:00
a64fx,pivot,256,main_scan_int,2,"and 3",0.17,7.3583,8.9058,2,2,2026-10-07T03:19:15+02:00
a64fx,pivot,256,main_scan_int,2,"and 3",0.17,7.3482,8.9415,2,2,2026-10-07T03:19:15+02:00
a64fx,pivot,256,main_scan_int,2,"and 3",0.17,7.2843,8.8991,2,2,2026-10-07T03:19:15+02:00
a64fx,pivot,256,main_scan_int,2,"and 3",0.17,7.4079,8.8657,2,2,2026-10-07T03:19:15+02:00
a64fx,pivot,256,main_scan_int,2,"and 1",0.01,24.7575,16.9990,2,2,2026-10-07T03:19:15+02:00
a64fx,pivot,256,main_scan_int,2,"and 1",0.01,24.6057,17.5436,2,2,2026-10-07T03:19:15+02:00
a64fx,pivot,256,main_scan_int,2,"and 1",0.01,24.6275,17.6143,2,2,2026-10-07T03:19:15+02:00
a64fx,pivot,256,main_scan_int,2,"and 1",0.01,24.6392,17.5049,2,2,2026-10-07T03:19:15+02:00
a64fx,pivot,256,main_scan_int,2,"and 1",0.01,24.5656,17.5040,2,2,2026-10-07T03:19:15+02:00
a64fx,pivot,256,main_scan_int,2,"and 2",0.10,9.5790,11.7428,2,2,2026-10-07T03:19:15+02:00
a64fx,pivot,256,main_scan_int,2,"and 2",0.10,10.4255,11.2137,2,2,2026-10-07T03:19:15+02:00
a64fx,pivot,256,main_scan_int,2,"and 2",0.10,10.5292,11.7540,2,2,2026-10-07T03:19:15+02:00
a64fx,pivot,256,main_scan_int,2,"and 2",0.10,10.1793,11.4818,2,2,2026-10-07T03:19:15+02:00
a64fx,pivot,256,main_scan_int,2,"and 2",0.10,10.4402,11.4937,2,2,2026-10-07T03:19:15+02:00
a64fx,pivot,256,main_scan_int,2,"and 3",0.22,6.6900,8.3621,2,2,2026-10-07T03:19:15+02:00
a64fx,pivot,256,main_scan_int,2,"and 3",0.22,6.6874,8.7320,2,2,2026-10-07T03:19:15+02:00
a64fx,pivot,256,main_scan_int,2,"and 3",0.22,6.6836,8.6469,2,2,2026-10-07T03:19:15+02:00
a64fx,pivot,256,main_scan_int,2,"and 3",0.22,6.6695,8.7327,2,2,2026-10-07T03:19:15+02:00
a64fx,pivot,256,main_scan_int,2,"and 3",0.22,6.6430,8.7352,2,2,2026-10-07T03:19:15+02:00
a64fx,pivot,256,main_scan_int,2,"and 1",0.02,20.6998,13.8175,2,2,2026-10-07T03:19:15+02:00
a64fx,pivot,256,main_scan_int,2,"and 1",0.02,20.8364,14.2476,2,2,2026-10-07T03:19:15+02:00
a64fx,pivot,256,main_scan_int,2,"and 1",0.02,20.5277,14.1094,2,2,2026-10-07T03:19:15+02:00
a64fx,pivot,256,main_scan_int,2,"and 1",0.02,20.9477,13.7967,2,2,2026-10-07T03:19:15+02:00
a64fx,pivot,256,main_scan_int,2,"and 1",0.02,20.8495,14.2442,2,2,2026-10-07T03:19:15+02:00
a64fx,pivot,256,main_scan_int,2,"and 2",0.14,8.6594,9.8199,2,2,2026-10-07T03:19:15+02:00
a64fx,pivot,256,main_scan_int,2,"and 2",0.14,8.8142,10.0150,2,2,2026-10-07T03:19:15+02:00
a64fx,pivot,256,main_scan_int,2,"and 2",0.14,8.8325,9.9961,2,2,2026-10-07T03:19:15+02:00
a64fx,pivot,256,main_scan_int,2,"and 2",0.14,8.4477,9.8370,2,2,2026-10-07T03:19:15+02:00
a64fx,pivot,256,main_scan_int,2,"and 2",0.14,8.6969,9.5367,2,2,2026-10-07T03:19:15+02:00
a64fx,pivot,256,main_scan_int,2,"and 3",0.27,5.5714,7.7315,2,2,2026-10-07T03:19:15+02:00
a64fx,pivot,256,main_scan_int,2,"and 3",0.27,5.5712,7.7770,2,2,2026-10-07T03:19:15+02:00
a64fx,pivot,256,main_scan_int,2,"and 3",0.27,5.6635,7.7472,2,2,2026-10-07T03:19:15+02:00
a64fx,pivot,256,main_scan_int,2,"and 3",0.27,5.5761,7.7272,2,2,2026-10-07T03:19:15+02:00
a64fx,pivot,256,main_scan_int,2,"and 3",0.27,5.5944,7.7291,2,2,2026-10-07T03:19:15+02:00
a64fx,pivot,256,main_scan_int,2,"and 1",0.05,25.3270,10.6710,2,2,2026-10-07T03:19:15+02:00
a64fx,pivot,256,main_scan_int,2,"and 1",0.05,24.5764,10.5678,2,2,2026-10-07T03:19:15+02:00
a64fx,pivot,256,main_scan_int,2,"and 1",0.05,25.4224,10.4855,2,2,2026-10-07T03:19:15+02:00
a64fx,pivot,256,main_scan_int,2,"and 1",0.05,25.2688,7.3971,2,2,2026-10-07T03:19:15+02:00
a64fx,pivot,256,main_scan_int,2,"and 1",0.05,25.2741,10.6875,2,2,2026-10-07T03:19:15+02:00
a64fx,pivot,256,main_scan_int,2,"and 2",0.22,7.6293,7.9526,2,2,2026-10-07T03:19:15+02:00
a64fx,pivot,256,main_scan_int,2,"and 2",0.22,7.7417,7.8422,2,2,2026-10-07T03:19:15+02:00
a64fx,pivot,256,main_scan_int,2,"and 2",0.22,7.6900,7.9892,2,2,2026-10-07T03:19:15+02:00
a64fx,pivot,256,main_scan_int,2,"and 2",0.22,7.7591,7.9705,2,2,2026-10-07T03:19:15+02:00
a64fx,pivot,256,main_scan_int,2,"and 2",0.22,7.6972,7.8527,2,2,2026-10-07T03:19:15+02:00
a64fx,pivot,256,main_scan_int,2,"and 3",0.37,4.5771,6.4353,2,2,2026-10-07T03:19:15+02:00
a64fx,pivot,256,main_scan_int,2,"and 3",0.37,4.5933,6.3728,2,2,2026-10-07T03:19:15+02:00
a64fx,pivot,256,main_scan_int,2,"and 3",0.37,4.5666,6.4353,2,2,2026-10-07T03:19:15+02:00
a64fx,pivot,256,main_scan_int,2,"and 3",0.37,4.5887,6.5154,2,2,2026-10-07T03:19:15+02:00
a64fx,pivot,256,main_scan_int,2,"and 3",0.37,4.5449,6.4572,2,2,2026-10-07T03:19:15+02:00
a64fx,pivot,256,main_scan_int,2,"and 1",0.10,19.0390,8.8450,2,2,2026-10-07T03:19:15+02:00
a64fx,pivot,256,main_scan_int,2,"and 1",0.10,19.0057,8.7336,2,2,2026-10-07T03:19:15+02:00
a64fx,pivot,256,main_scan_int,2,"and 1",0.10,19.0641,8.8586,2,2,2026-10-07T03:19:15+02:00
a64fx,pivot,256,main_scan_int,2,"and 1",0.10,19.0855,8.6997,2,2,2026-10-07T03:19:15+02:00
a64fx,pivot,256,main_scan_int,2,"and 1",0.10,18.3439,8.6361,2,2,2026-10-07T03:19:15+02:00
a64fx,pivot,256,main_scan_int,2,"and 2",0.32,5.8758,6.9169,2,2,2026-10-07T03:19:15+02:00
a64fx,pivot,256,main_scan_int,2,"and 2",0.32,5.8721,6.9765,2,2,2026-10-07T03:19:15+02:00
a64fx,pivot,256,main_scan_int,2,"and 2",0.32,5.9117,6.8392,2,2,2026-10-07T03:19:15+02:00
a64fx,pivot,256,main_scan_int,2,"and 2",0.32,5.9090,6.8700,2,2,2026-10-07T03:19:15+02:00
a64fx,pivot,256,main_scan_int,2,"and 2",0.32,5.8776,6.8311,2,2,2026-10-07T03:19:15+02:00
a64fx,pivot,256,main_scan_int,2,"and 3",0.46,3.6678,5.6935,2,2,2026-10-07T03:19:15+02:00
a64fx,pivot,256,main_scan_int,2,"and 3",0.46,3.6572,5.6097,2,2,2026-10-07T03:19:15+02:00
a64fx,pivot,256,main_scan_int,2,"and 3",0.46,3.6706,5.6574,2,2,2026-10-07T03:19:15+02:00
a64fx,pivot,256,main_scan_int,2,"and 3",0.46,3.6818,5.6363,2,2,2026-10-07T03:19:15+02:00
a64fx,pivot,256,main_scan_int,2,"and 3",0.46,3.6777,5.6768,2,2,2026-10-07T03:19:15+02:00
a64fx,pivot,256,main_scan_int,2,"and 1",0.20,11.4432,7.5529,2,2,2026-10-07T03:19:15+02:00
a64fx,pivot,256,main_scan_int,2,"and 1",0.20,11.6465,7.6098,2,2,2026-10-07T03:19:15+02:00
a64fx,pivot,256,main_scan_int,2,"and 1",0.20,11.7308,7.6863,2,2,2026-10-07T03:19:15+02:00
a64fx,pivot,256,main_scan_int,2,"and 1",0.20,11.3699,7.5524,2,2,2026-10-07T03:19:15+02:00
a64fx,pivot,256,main_scan_int,2,"and 1",0.20,11.7473,7.5544,2,2,2026-10-07T03:19:15+02:00
a64fx,pivot,256,main_scan_int,2,"and 2",0.45,4.2517,6.2310,2,2,2026-10-07T03:19:15+02:00
a64fx,pivot,256,main_scan_int,2,"and 2",0.45,4.2571,6.1367,2,2,2026-10-07T03:19:15+02:00
a64fx,pivot,256,main_scan_int,2,"and 2",0.45,4.2852,6.1561,2,2,2026-10-07T03:19:15+02:00
a64fx,pivot,256,main_scan_int,2,"and 2",0.45,4.2470,6.0395,2,2,2026-10-07T03:19:15+02:00
a64fx,pivot,256,main_scan_int,2,"and 2",0.45,4.2884,6.1609,2,2,2026-10-07T03:19:15+02:00
a64fx,pivot,256,main_scan_int,2,"and 3",0.58,3.5080,5.2097,2,2,2026-10-07T03:19:15+02:00
a64fx,pivot,256,main_scan_int,2,"and 3",0.58,3.4937,5.1988,2,2,2026-10-07T03:19:15+02:00
a64fx,pivot,256,main_scan_int,2,"and 3",0.58,3.5149,5.1593,2,2,2026-10-07T03:19:15+02:00
a64fx,pivot,256,main_scan_int,2,"and 3",0.58,3.5060,5.2065,2,2,2026-10-07T03:19:15+02:00
a64fx,pivot,256,main_scan_int,2,"and 3",0.58,3.4916,5.2038,2,2,2026-10-07T03:19:15+02:00
a64fx,pivot,256,main_scan_int,2,"and 1",0.50,5.8294,6.7342,2,2,2026-10-07T03:19:15+02:00
a64fx,pivot,256,main_scan_int,2,"and 1",0.50,5.8390,6.7813,2,2,2026-10-07T03:19:15+02:00
a64fx,pivot,256,main_scan_int,2,"and 1",0.50,5.8969,6.6324,2,2,2026-10-07T03:19:15+02:00
a64fx,pivot,256,main_scan_int,2,"and 1",0.50,5.8370,6.7196,2,2,2026-10-07T03:19:15+02:00
a64fx,pivot,256,main_scan_int,2,"and 1",0.50,5.8360,6.6912,2,2,2026-10-07T03:19:15+02:00
a64fx,pivot,256,main_scan_int,2,"and 2",0.71,5.3824,5.4925,2,2,2026-10-07T03:19:15+02:00
a64fx,pivot,256,main_scan_int,2,"and 2",0.71,5.4157,5.6171,2,2,2026-10-07T03:19:15+02:00
a64fx,pivot,256,main_scan_int,2,"and 2",0.71,5.4285,5.5505,2,2,2026-10-07T03:19:15+02:00
a64fx,pivot,256,main_scan_int,2,"and 2",0.71,5.4046,5.4898,2,2,2026-10-07T03:19:15+02:00
a64fx,pivot,256,main_scan_int,2,"and 2",0.71,5.4043,5.5605,2,2,2026-10-07T03:19:15+02:00
a64fx,pivot,256,main_scan_int,2,"and 3",0.79,5.1764,4.7571,2,2,2026-10-07T03:19:15+02:00
a64fx,pivot,256,main_scan_int,2,"and 3",0.79,5.1681,4.7145,2,2,2026-10-07T03:19:15+02:00
a64fx,pivot,256,main_scan_int,2,"and 3",0.79,5.2051,4.7824,2,2,2026-10-07T03:19:15+02:00
a64fx,pivot,256,main_scan_int,2,"and 3",0.79,5.1463,4.7714,2,2,2026-10-07T03:19:15+02:00
a64fx,pivot,256,main_scan_int,2,"and 3",0.79,5.1675,4.7734,2,2,2026-10-07T03:19:15+02:00
a64fx,pivot,256,main_scan_int,2,"and 1",1.00,31.4421,25.2850,2,2,2026-10-07T03:19:15+02:00
a64fx,pivot,256,main_scan_int,2,"and 1",1.00,32.1148,25.0859,2,2,2026-10-07T03:19:15+02:00
a64fx,pivot,256,main_scan_int,2,"and 1",1.00,30.7653,25.4686,2,2,2026-10-07T03:19:15+02:00
a64fx,pivot,256,main_scan_int,2,"and 1",1.00,29.9959,25.1864,2,2,2026-10-07T03:19:15+02:00
a64fx,pivot,256,main_scan_int,2,"and 1",1.00,31.5027,23.5040,2,2,2026-10-07T03:19:15+02:00
a64fx,pivot,256,main_scan_int,2,"and 2",1.00,26.0168,14.7355,2,2,2026-10-07T03:19:15+02:00
a64fx,pivot,256,main_scan_int,2,"and 2",1.00,26.1097,14.4833,2,2,2026-10-07T03:19:15+02:00
a64fx,pivot,256,main_scan_int,2,"and 2",1.00,23.7552,14.3817,2,2,2026-10-07T03:19:15+02:00
a64fx,pivot,256,main_scan_int,2,"and 2",1.00,26.0371,14.7641,2,2,2026-10-07T03:19:15+02:00
a64fx,pivot,256,main_scan_int,2,"and 2",1.00,26.0793,14.7807,2,2,2026-10-07T03:19:15+02:00
a64fx,pivot,256,main_scan_int,2,"and 3",1.00,9.4946,9.9461,2,2,2026-10-07T03:19:15+02:00
a64fx,pivot,256,main_scan_int,2,"and 3",1.00,9.5374,9.9181,2,2,2026-10-07T03:19:15+02:00
a64fx,pivot,256,main_scan_int,2,"and 3",1.00,9.7701,9.8782,2,2,2026-10-07T03:19:15+02:00
a64fx,pivot,256,main_scan_int,2,"and 3",1.00,9.7613,10.0443,2,2,2026-10-07T03:19:15+02:00
a64fx,pivot,256,main_scan_int,2,"and 3",1.00,9.7647,10.2239,2,2,2026-10-07T03:19:15+02:00
a64fx,pivot,512,main_scan_int,2,"and 1",0.00,48.7311,37.7803,2,2,2026-10-07T03:19:23+02:00
a64fx,pivot,512,main_scan_int,2,"and 1",0.00,49.1121,26.7960,2,2,2026-10-07T03:19:23+02:00
a64fx,pivot,512,main_scan_int,2,"and 1",0.00,48.7629,37.4770,2,2,2026-10-07T03:19:23+02:00
a64fx,pivot,512,main_scan_int,2,"and 1",0.00,48.5404,37.4114,2,2,2026-10-07T03:19:23+02:00
a64fx,pivot,512,main_scan_int,2,"and 1",0.00,48.4590,34.1266,2,2,2026-10-07T03:19:23+02:00
a64fx,pivot,512,main_scan_int,2,"and 2",0.03,14.4453,19.7112,2,2,2026-10-07T03:19:23+02:00
a64fx,pivot,512,main_scan_int,2,"and 2",0.03,14.4521,20.2290,2,2,2026-10-07T03:19:23+02:00
a64fx,pivot,512,main_scan_int,2,"and 2",0.03,14.4662,20.2326,2,2,2026-10-07T03:19:23+02:00
a64fx,pivot,512,main_scan_int,2,"and 2",0.03,14.0166,20.1600,2,2,2026-10-07T03:19:23+02:00
a64fx,pivot,512,main_scan_int,2,"and 2",0.03,14.3165,19.3038,2,2,2026-10-07T03:19:23+02:00
a64fx,pivot,512,main_scan_int,2,"and 3",0.10,10.0774,14.6028,2,2,2026-10-07T03:19:23+02:00
a64fx,pivot,512,main_scan_int,2,"and 3",0.10,10.0722,13.5386,2,2,2026-10-07T03:19:23+02:00
a64fx,pivot,512,main_scan_int,2,"and 3",0.10,10.0678,14.6291,2,2,2026-10-07T03:19:23+02:00
a64fx,pivot,512,main_scan_int,2,"and 3",0.10,9.9030,14.2690,2,2,2026-10-07T03:19:23+02:00
a64fx,pivot,512,main_scan_int,2,"and 3",0.10,10.0738,14.6416,2,2,2026-10-07T03:19:23+02:00
a64fx,pivot,512,main_scan_int,2,"and 1",0.00,42.4610,35.1971,2,2,2026-10-07T03:19:23+02:00
a64fx,pivot,512,main_scan_int,2,"and 1",0.00,42.3743,35.4014,2,2,2026-10-07T03:19:23+02:00
a64fx,pivot,512,main_scan_int,2,"and 1",0.00,42.1805,35.2529,2,2,2026-10-07T03:19:23+02:00
a64fx,pivot,512,main_scan_int,2,"and 1",0.00,42.3728,35.4182,2,2,2026-10-07T03:19:23+02:00
a64fx,pivot,512,main_scan_int,2,"and 1",0.00,42.2711,35.1881,2,2,2026-10-07T03:19:23+02:00
a64fx,pivot,512,main_scan_int,2,"and 2",0.04,14.7965,20.7093,2,2,2026-10-07T03:19:23+02:00
a64fx,pivot,512,main_scan_int,2,"and 2",0.04,14.5805,20.8503,2,2,2026-10-07T03:19:23+02:00
a64fx,pivot,512,main_scan_int,2,"and 2",0.04,14.5027,20.8574,2,2,2026-10-07T03:19:23+02:00
a64fx,pivot,512,main_scan_int,2,"and 2",0.04,14.9290,20.8305,2,2,2026-10-07T03:19:23+02:00
a64fx,pivot,512,main_scan_int,2,"and 2",0.04,14.9399,20.7740,2,2,2026-10-07T03:19:23+02:00
a64fx,pivot,512,main_scan_int,2,"and 3",0.13,8.5559,13.2888,2,2,2026-10-07T03:19:23+02:00
a64fx,pivot,512,main_scan_int,2,"and 3",0.13,8.6563,13.4251,2,2,2026-10-07T03:19:23+02:00
a64fx,pivot,512,main_scan_int,2,"and 3",0.13,8.6435,13.5451,2,2,2026-10-07T03:19:23+02:00
a64fx,pivot,512,main_scan_int,2,"and 3",0.13,8.4840,13.3203,2,2,2026-10-07T03:19:23+02:00
a64fx,pivot,512,main_scan_int,2,"and 3",0.13,8.6615,13.4869,2,2,2026-10-07T03:19:23+02:00
a64fx,pivot,512,main_scan_int,2,"and 1",0.01,31.7821,32.2667,2,2,2026-10-07T03:19:23+02:00
a64fx,pivot,512,main_scan_int,2,"and 1",0.01,31.8710,32.0956,2,2,2026-10-07T03:19:23+02:00
a64fx,pivot,512,main_scan_int,2,"and 1",0.01,31.9029,31.9825,2,2,2026-10-07T03:19:23+02:00
a64fx,pivot,512,main_scan_int,2,"and 1",0.01,31.9202,31.7804,2,2,2026-10-07T03:19:23+02:00
a64fx,pivot,512,main_scan_int,2,"and 1",0.01,29.4487,31.9641,2,2,2026-10-07T03:19:23+02:00
a64fx,pivot,512,main_scan_int,2,"and 2",0.07,12.6047,18.8747,2,2,2026-10-07T03:19:23+02:00
a64fx,pivot,512,main_scan_int,2,"and 2",0.07,12.9257,19.7044,2,2,2026-10-07T03:19:23+02:00
a64fx,pivot,512,main_scan_int,2,"and 2",0.07,12.8858,19.8671,2,2,2026-10-07T03:19:23+02:00
a64fx,pivot,512,main_scan_int,2,"and 2",0.07,12.4239,19.7386,2,2,2026-10-07T03:19:23+02:00
a64fx,pivot,512,main_scan_int,2,"and 2",0.07,12.3916,17.6203,2,2,2026-10-07T03:19:23+02:00
a64fx,pivot,512,main_scan_int,2,"and 3",0.17,7.4046,12.9142,2,2,2026-10-07T03:19:23+02:00
a64fx,pivot,512,main_scan_int,2,"and 3",0.17,7.3165,12.9455,2,2,2026-10-07T03:19:23+02:00
a64fx,pivot,512,main_scan_int,2,"and 3",0.17,7.2157,12.3337,2,2,2026-10-07T03:19:23+02:00
a64fx,pivot,512,main_scan_int,2,"and 3",0.17,7.4052,12.9194,2,2,2026-10-07T03:19:23+02:00
a64fx,pivot,512,main_scan_int,2,"and 3",0.17,7.3756,12.8821,2,2,2026-10-07T03:19:23+02:00
a64fx,pivot,512,main_scan_int,2,"and 1",0.01,24.6304,28.2873,2,2,2026-10-07T03:19:23+02:00
a64fx,pivot,512,main_scan_int,2,"and 1",0.01,24.6483,27.7132,2,2,2026-10-07T03:19:23+02:00
a64fx,pivot,512,main_scan_int,2,"and 1",0.01,24.8148,28.9923,2,2,2026-10-07T03:19:23+02:00
a64fx,pivot,512,main_scan_int,2,"and 1",0.01,22.6748,28.9703,2,2,2026-10-07T03:19:23+02:00
a64fx,pivot,512,main_scan_int,2,"and 1",0.01,24.9307,26.7180,2,2,2026-10-07T03:19:23+02:00
a64fx,pivot,512,main_scan_int,2,"and 2",0.10,10.5668,18.1116,2,2,2026-10-07T03:19:23+02:00
a64fx,pivot,512,main_scan_int,2,"and 2",0.10,10.1753,18.0794,2,2,2026-10-07T03:19:23+02:00
a64fx,pivot,512,main_scan_int,2,"and 2",0.10,10.4376,18.0645,2,2,2026-10-07T03:19:23+02:00
a64fx,pivot,512,main_scan_int,2,"and 2",0.10,10.5328,18.2203,2,2,2026-10-07T03:19:23+02:00
a64fx,pivot,512,main_scan_int,2,"and 2",0.10,10.2829,17.3997,2,2,2026-10-07T03:19:23+02:00
a64fx,pivot,512,main_scan_int,2,"and 3",0.22,6.5619,12.5760,2,2,2026-10-07T03:19:23+02:00
a64fx,pivot,512,main_scan_int,2,"and 3",0.22,6.6789,12.8925,2,2,2026-10-07T03:19:23+02:00
a64fx,pivot,512,main_scan_int,2,"and 3",0.22,6.5549,12.8734,2,2,2026-10-07T03:19:23+02:00
a64fx,pivot,512,main_scan_int,2,"and 3",0.22,6.5723,12.9208,2,2,2026-10-07T03:19:23+02:00
a64fx,pivot,512,main_scan_int,2,"and 3",0.22,6.5861,12.4899,2,2,2026-10-07T03:19:23+02:00
a64fx,pivot,512,main_scan_int,2,"and 1",0.02,20.7602,25.7533,2,2,2026-10-07T03:19:23+02:00
a64fx,pivot,512,main_scan_int,2,"and 1",0.02,20.8274,25.7597,2,2,2026-10-07T03:19:23+02:00
a64fx,pivot,512,main_scan_int,2,"and 1",0.02,20.7574,25.7653,2,2,2026-10-07T03:19:23+02:00
a64fx,pivot,512,main_scan_int,2,"and 1",0.02,20.8461,25.8614,2,2,2026-10-07T03:19:23+02:00
a64fx,pivot,512,main_scan_int,2,"and 1",0.02,20.8615,25.8013,2,2,2026-10-07T03:19:23+02:00
a64fx,pivot,512,main_scan_int,2,"and 2",0.14,8.4306,15.6509,2,2,2026-10-07T03:19:23+02:00
a64fx,pivot,512,main_scan_int,2,"and 2",0.14,8.6786,14.0972,2,2,2026-10-07T03:19:23+02:00
a64fx,pivot,512,main_scan_int,2,"and 2",0.14,8.7790,16.3673,2,2,2026-10-07T03:19:23+02:00
a64fx,pivot,512,main_scan_int,2,"and 2",0.14,8.6992,15.4971,2,2,2026-10-07T03:19:23+02:00
a64fx,pivot,512,main_scan_int,2,"and 2",0.14,8.7945,16.2373,2,2,2026-10-07T03:19:23+02:00
a64fx,pivot,512,main_scan_int,2,"and 3",0.27,5.6193,12.3733,2,2,2026-10-07T03:19:23+02:00
a64fx,pivot,512,main_scan_int,2,"and 3",0.27,5.5932,12.3611,2,2,2026-10-07T03:19:23+02:00
a64fx,pivot,512,main_scan_int,2,"and 3",0.27,5.5869,12.3630,2,2,2026-10-07T03:19:23+02:00
a64fx,pivot,512,main_scan_int,2,"and 3",0.27,5.5911,12.0507,2,2,2026-10-07T03:19:23+02:00
a64fx,pivot,512,main_scan_int,2,"and 3",0.27,5.6074,11.9281,2,2,2026-10-07T03:19:23+02:00
a64fx,pivot,512,main_scan_int,2,"and 1",0.05,25.3618,22.6911,2,2,2026-10-07T03:19:23+02:00
a64fx,pivot,512,main_scan_int,2,"and 1",0.05,25.4473,22.7786,2,2,2026-10-07T03:19:23+02:00
a64fx,pivot,512,main_scan_int,2,"and 1",0.05,24.1835,22.9228,2,2,2026-10-07T03:19:23+02:00
a64fx,pivot,512,main_scan_int,2,"and 1",0.05,25.2975,21.4839,2,2,2026-10-07T03:19:23+02:00
a64fx,pivot,512,main_scan_int,2,"and 1",0.05,25.4610,20.1567,2,2,2026-10-07T03:19:23+02:00
a64fx,pivot,512,main_scan_int,2,"and 2",0.22,7.8008,14.9956,2,2,2026-10-07T03:19:23+02:00
a64fx,pivot,512,main_scan_int,2,"and 2",0.22,7.6734,14.9891,2,2,2026-10-07T03:19:23+02:00
a64fx,pivot,512,main_scan_int,2,"and 2",0.22,7.6123,14.9964,2,2,2026-10-07T03:19:23+02:00
a64fx,pivot,512,main_scan_int,2,"and 2",0.22,7.6575,14.1766,2,2,2026-10-07T03:19:23+02:00
a64fx,pivot,512,main_scan_int,2,"and 2",0.22,7.8209,14.9845,2,2,2026-10-07T03:19:23+02:00
a64fx,pivot,512,main_scan_int,2,"and 3",0.37,4.5761,11.3851,2,2,2026-10-07T03:19:23+02:00
a64fx,pivot,512,main_scan_int,2,"and 3",0.37,4.5881,11.3983,2,2,2026-10-07T03:19:23+02:00
a64fx,pivot,512,main_scan_int,2,"and 3",0.37,4.5818,11.2364,2,2,2026-10-07T03:19:23+02:00
a64fx,pivot,512,main_scan_int,2,"and 3",0.37,4.5660,11.4033,2,2,2026-10-07T03:19:23+02:00
a64fx,pivot,512,main_scan_int,2,"and 3",0.37,4.5715,11.3893,2,2,2026-10-07T03:19:23+02:00
a64fx,pivot,512,main_scan_int,2,"and 1",0.10,17.7134,22.1828,2,2,2026-10-07T03:19:23+02:00
a64fx,pivot,512,main_scan_int,2,"and 1",0.10,19.0183,21.5114,2,2,2026-10-07T03:19:23+02:00
a64fx,pivot,512,main_scan_int,2,"and 1",0.10,19.0096,22.1088,2,2,2026-10-07T03:19:23+02:00
a64fx,pivot,512,main_scan_int,2,"and 1",0.10,19.0047,22.1162,2,2,2026-10-07T03:19:23+02:00
a64fx,pivot,512,main_scan_int,2,"and 1",0.10,19.0018,22.1748,2,2,2026-10-07T03:19:23+02:00
a64fx,pivot,512,main_scan_int,2,"and 2",0.32,5.8785,14.8342,2,2,2026-10-07T03:19:23+02:00
a64fx,pivot,512,main_scan_int,2,"and 2",0.32,5.9152,14.4631,2,2,2026-10-07T03:19:23+02:00
a64fx,pivot,512,main_scan_int,2,"and 2",0.32,5.8696,14.0235,2,2,2026-10-07T03:19:23+02:00
a64fx,pivot,512,main_scan_int,2,"and 2",0.32,5.8889,14.0548,2,2,2026-10-07T03:19:23+02:00
a64fx,pivot,512,main_scan_int,2,"and 2",0.32,5.9026,14.0554,2,2,2026-10-07T03:19:23+02:00
a64fx,pivot,512,main_scan_int,2,"and 3",0.46,3.6835,11.0644,2,2,2026-10-07T03:19:23+02:00
a64fx,pivot,512,main_scan_int,2,"and 3",0.46,3.6298,10.8804,2,2,2026-10-07T03:19:23+02:00
a64fx,pivot,512,main_scan_int,2,"and 3",0.46,3.6772,11.0399,2,2,2026-10-07T03:19:23+02:00
a64fx,pivot,512,main_scan_int,2,"and 3",0.46,3.6550,10.6809,2,2,2026-10-07T03:19:23+02:00
a64fx,pivot,512,main_scan_int,2,"and 3",0.46,3.6539,11.0201,2,2,2026-10-07T03:19:23+02:00
a64fx,pivot,512,main_scan_int,2,"and 1",0.20,11.5452,19.3552,2,2,2026-10-07T03:19:23+02:00
a64fx,pivot,512,main_scan_int,2,"and 1",0.20,11.6443,18.8073,2,2,2026-10-07T03:19:23+02:00
a64fx,pivot,512,main_scan_int,2,"and 1",0.20,11.5237,19.7221,2,2,2026-10-07T03:19:23+02:00
a64fx,pivot,512,main_scan_int,2,"and 1",0.20,11.5455,19.7691,2,2,2026-10-07T03:19:23+02:00
a64fx,pivot,512,main_scan_int,2,"and 1",0.20,11.3198,18.8487,2,2,2026-10-07T03:19:23+02:00
a64fx,pivot,512,main_scan_int,2,"and 2",0.45,4.2557,13.6921,2,2,2026-10-07T03:19:23+02:00
a64fx,pivot,512,main_scan_int,2,"and 2",0.45,4.2805,13.6994,2,2,2026-10-07T03:19:23+02:00
a64fx,pivot,512,main_scan_int,2,"and 2",0.45,4.2672,13.7474,2,2,2026-10-07T03:19:23+02:00
a64fx,pivot,512,main_scan_int,2,"and 2",0.45,4.1256,13.0729,2,2,2026-10-07T03:19:23+02:00
a64fx,pivot,512,main_scan_int,2,"and 2",0.45,4.2906,13.4197,2,2,2026-10-07T03:19:23+02:00
a64fx,pivot,512,main_scan_int,2,"and 3",0.58,3.4908,10.4865,2,2,2026-10-07T03:19:23+02:00
a64fx,pivot,512,main_scan_int,2,"and 3",0.58,3.4839,10.4839,2,2,2026-10-07T03:19:23+02:00
a64fx,pivot,512,main_scan_int,2,"and 3",0.58,3.4813,10.2600,2,2,2026-10-07T03:19:23+02:00
a64fx,pivot,512,main_scan_int,2,"and 3",0.58,3.5014,10.5103,2,2,2026-10-07T03:19:23+02:00
a64fx,pivot,512,main_scan_int,2,"and 3",0.58,3.3134,10.3077,2,2,2026-10-07T03:19:23+02:00
a64fx,pivot,512,main_scan_int,2,"and 1",0.50,5.7869,14.8061,2,2,2026-10-07T03:19:23+02:00
a64fx,pivot,512,main_scan_int,2,"and 1",0.50,5.8217,15.3587,2,2,2026-10-07T03:19:23+02:00
a64fx,pivot,512,main_scan_int,2,"and 1",0.50,5.8239,15.3771,2,2,2026-10-07T03:19:23+02:00
a64fx,pivot,512,main_scan_int,2,"and 1",0.50,5.7612,15.0648,2,2,2026-10-07T03:19:23+02:00
a64fx,pivot,512,main_scan_int,2,"and 1",0.50,5.8435,15.0734,2,2,2026-10-07T03:19:23+02:00
a64fx,pivot,512,main_scan_int,2,"and 2",0.71,5.3769,10.9828,2,2,2026-10-07T03:19:23+02:00
a64fx,pivot,512,main_scan_int,2,"and 2",0.71,5.4002,10.9813,2,2,2026-10-07T03:19:23+02:00
a64fx,pivot,512,main_scan_int,2,"and 2",0.71,5.4216,11.1744,2,2,2026-10-07T03:19:23+02:00
a64fx,pivot,512,main_scan_int,2,"and 2",0.71,5.4208,10.8450,2,2,2026-10-07T03:19:23+02:00
a64fx,pivot,512,main_scan_int,2,"and 2",0.71,5.3458,11.0363,2,2,2026-10-07T03:19:23+02:00
a64fx,pivot,512,main_scan_int,2,"and 3",0.79,5.1178,8.8643,2,2,2026-10-07T03:19:23+02:00
a64fx,pivot,512,main_scan_int,2,"and 3",0.79,5.1689,9.1076,2,2,2026-10-07T03:19:23+02:00
a64fx,pivot,512,main_scan_int,2,"and 3",0.79,5.1494,9.0365,2,2,2026-10-07T03:19:23+02:00
a64fx,pivot,512,main_scan_int,2,"and 3",0.79,5.1935,9.0700,2,2,2026-10-07T03:19:23+02:00
a64fx,pivot,512,main_scan_int,2,"and 3",0.79,5.1954,9.0280,2,2,2026-10-07T03:19:23+02:00
a64fx,pivot,512,main_scan_int,2,"and 1",1.00,32.1315,32.6274,2,2,2026-10-07T03:19:23+02:00
a64fx,pivot,512,main_scan_int,2,"and 1",1.00,32.1179,32.7761,2,2,2026-10-07T03:19:23+02:00
a64fx,pivot,512,main_scan_int,2,"and 1",1.00,31.7657,32.9315,2,2,2026-10-07T03:19:23+02:00
a64fx,pivot,512,main_scan_int,2,"and 1",1.00,32.0996,32.8732,2,2,2026-10-07T03:19:23+02:00
a64fx,pivot,512,main_scan_int,2,"and 1",1.00,31.7679,32.1632,2,2,2026-10-07T03:19:23+02:00
a64fx,pivot,512,main_scan_int,2,"and 2",1.00,26.0655,19.4593,2,2,2026-10-07T03:19:23+02:00
a64fx,pivot,512,main_scan_int,2,"and 2",1.00,26.2375,19.1896,2,2,2026-10-07T03:19:23+02:00
a64fx,pivot,512,main_scan_int,2,"and 2",1.00,26.1946,19.4388,2,2,2026-10-07T03:19:23+02:00
a64fx,pivot,512,main_scan_int,2,"and 2",1.00,26.1743,18.4841,2,2,2026-10-07T03:19:23+02:00
a64fx,pivot,512,main_scan_int,2,"and 2",1.00,26.2316,19.4489,2,2,2026-10-07T03:19:23+02:00
a64fx,pivot,512,main_scan_int,2,"and 3",1.00,9.7905,13.5986,2,2,2026-10-07T03:19:23+02:00
a64fx,pivot,512,main_scan_int,2,"and 3",1.00,9.7949,13.6187,2,2,2026-10-07T03:19:23+02:00
a64fx,pivot,512,main_scan_int,2,"and 3",1.00,9.5754,13.4587,2,2,2026-10-07T03:19:23+02:00
a64fx,pivot,512,main_scan_int,2,"and 3",1.00,9.7758,13.6155,2,2,2026-10-07T03:19:23+02:00
a64fx,pivot,512,main_scan_int,2,"and 3",1.00,9.5650,13.5715,2,2,2026-10-07T03:19:23+02:00
a64fx,pivot,128,main_scan_enc,2,"and 1",0.00,18.0877,8.8591,2,2,2026-10-07T03:20:01+02:00
a64fx,pivot,128,main_scan_enc,2,"and 1",0.00,18.0517,8.8823,2,2,2026-10-07T03:20:01+02:00
a64fx,pivot,128,main_scan_enc,2,"and 1",0.00,18.2023,8.9625,2,2,2026-10-07T03:20:01+02:00
a64fx,pivot,128,main_scan_enc,2,"and 1",0.00,17.6664,8.7853,2,2,2026-10-07T03:20:01+02:00
a64fx,pivot,128,main_scan_enc,2,"and 1",0.00,18.0132,8.9510,2,2,2026-10-07T03:20:01+02:00
a64fx,pivot,128,main_scan_enc,2,"and 2",0.03,13.6304,6.1691,2,2,2026-10-07T03:20:01+02:00
a64fx,pivot,128,main_scan_enc,2,"and 2",0.03,13.9913,6.1464,2,2,2026-10-07T03:20:01+02:00
a64fx,pivot,128,main_scan_enc,2,"and 2",0.03,13.9736,6.2103,2,2,2026-10-07T03:20:01+02:00
a64fx,pivot,128,main_scan_enc,2,"and 2",0.03,13.6137,6.1576,2,2,2026-10-07T03:20:01+02:00
a64fx,pivot,128,main_scan_enc,2,"and 2",0.03,13.6233,6.1383,2,2,2026-10-07T03:20:01+02:00
a64fx,pivot,128,main_scan_enc,2,"and 3",0.10,7.6283,4.1699,2,2,2026-10-07T03:20:01+02:00
a64fx,pivot,128,main_scan_enc,2,"and 3",0.10,7.7460,4.1984,2,2,2026-10-07T03:20:01+02:00
a64fx,pivot,128,main_scan_enc,2,"and 3",0.10,7.7330,4.1056,2,2,2026-10-07T03:20:01+02:00
a64fx,pivot,128,main_scan_enc,2,"and 3",0.10,7.8083,4.1759,2,2,2026-10-07T03:20:01+02:00
a64fx,pivot,128,main_scan_enc,2,"and 3",0.10,7.7008,4.1416,2,2,2026-10-07T03:20:01+02:00
a64fx,pivot,128,main_scan_enc,2,"and 1",0.00,17.1362,8.5172,2,2,2026-10-07T03:20:01+02:00
a64fx,pivot,128,main_scan_enc,2,"and 1",0.00,17.2609,8.7377,2,2,2026-10-07T03:20:01+02:00
a64fx,pivot,128,main_scan_enc,2,"and 1",0.00,16.5775,8.6084,2,2,2026-10-07T03:20:01+02:00
a64fx,pivot,128,main_scan_enc,2,"and 1",0.00,17.1571,8.7305,2,2,2026-10-07T03:20:01+02:00
a64fx,pivot,128,main_scan_enc,2,"and 1",0.00,16.5272,8.6075,2,2,2026-10-07T03:20:01+02:00
a64fx,pivot,128,main_scan_enc,2,"and 2",0.04,12.5597,5.6464,2,2,2026-10-07T03:20:01+02:00
a64fx,pivot,128,main_scan_enc,2,"and 2",0.04,12.6206,5.6227,2,2,2026-10-07T03:20:01+02:00
a64fx,pivot,128,main_scan_enc,2,"and 2",0.04,12.6099,5.6235,2,2,2026-10-07T03:20:01+02:00
a64fx,pivot,128,main_scan_enc,2,"and 2",0.04,12.6184,5.5104,2,2,2026-10-07T03:20:01+02:00
a64fx,pivot,128,main_scan_enc,2,"and 2",0.04,12.6314,5.6457,2,2,2026-10-07T03:20:01+02:00
a64fx,pivot,128,main_scan_enc,2,"and 3",0.13,7.0022,3.8762,2,2,2026-10-07T03:20:01+02:00
a64fx,pivot,128,main_scan_enc,2,"and 3",0.13,6.9639,3.9100,2,2,2026-10-07T03:20:01+02:00
a64fx,pivot,128,main_scan_enc,2,"and 3",0.13,6.9153,3.9135,2,2,2026-10-07T03:20:01+02:00
a64fx,pivot,128,main_scan_enc,2,"and 3",0.13,6.9639,3.9139,2,2,2026-10-07T03:20:01+02:00
a64fx,pivot,128,main_scan_enc,2,"and 3",0.13,6.9673,3.8767,2,2,2026-10-07T03:20:01+02:00
a64fx,pivot,128,main_scan_enc,2,"and 1",0.01,15.0344,8.2935,2,2,2026-10-07T03:20:01+02:00
a64fx,pivot,128,main_scan_enc,2,"and 1",0.01,14.9442,8.1685,2,2,2026-10-07T03:20:01+02:00
a64fx,pivot,128,main_scan_enc,2,"and 1",0.01,15.1359,8.3202,2,2,2026-10-07T03:20:01+02:00
a64fx,pivot,128,main_scan_enc,2,"and 1",0.01,14.8656,8.1131,2,2,2026-10-07T03:20:01+02:00
a64fx,pivot,128,main_scan_enc,2,"and 1",0.01,15.1442,8.1215,2,2,2026-10-07T03:20:01+02:00
a64fx,pivot,128,main_scan_enc,2,"and 2",0.07,10.1780,4.9643,2,2,2026-10-07T03:20:01+02:00
a64fx,pivot,128,main_scan_enc,2,"and 2",0.07,10.1715,4.9604,2,2,2026-10-07T03:20:01+02:00
a64fx,pivot,128,main_scan_enc,2,"and 2",0.07,10.1876,4.9791,2,2,2026-10-07T03:20:01+02:00
a64fx,pivot,128,main_scan_enc,2,"and 2",0.07,10.1823,4.9037,2,2,2026-10-07T03:20:01+02:00
a64fx,pivot,128,main_scan_enc,2,"and 2",0.07,10.1762,4.9368,2,2,2026-10-07T03:20:01+02:00
a64fx,pivot,128,main_scan_enc,2,"and 3",0.17,6.0304,3.2669,2,2,2026-10-07T03:20:01+02:00
a64fx,pivot,128,main_scan_enc,2,"and 3",0.17,6.0203,3.4834,2,2,2026-10-07T03:20:01+02:00
a64fx,pivot,128,main_scan_enc,2,"and 3",0.17,6.0185,3.4866,2,2,2026-10-07T03:20:01+02:00
a64fx,pivot,128,main_scan_enc,2,"and 3",0.17,6.0179,3.4959,2,2,2026-10-07T03:20:01+02:00
a64fx,pivot,128,main_scan_enc,2,"and 3",0.17,6.0601,3.5080,2,2,2026-10-07T03:20:01+02:00
a64fx,pivot,128,main_scan_enc,2,"and 1",0.01,13.2850,7.7757,2,2,2026-10-07T03:20:01+02:00
a64fx,pivot,128,main_scan_enc,2,"and 1",0.01,13.0949,7.7018,2,2,2026-10-07T03:20:01+02:00
a64fx,pivot,128,main_scan_enc,2,"and 1",0.01,12.9631,7.6535,2,2,2026-10-07T03:20:01+02:00
a64fx,pivot,128,main_scan_enc,2,"and 1",0.01,13.2827,7.7763,2,2,2026-10-07T03:20:01+02:00
a64fx,pivot,128,main_scan_enc,2,"and 1",0.01,13.0033,7.6140,2,2,2026-10-07T03:20:01+02:00
a64fx,pivot,128,main_scan_enc,2,"and 2",0.10,8.2779,4.5171,2,2,2026-10-07T03:20:01+02:00
a64fx,pivot,128,main_scan_enc,2,"and 2",0.10,8.2256,4.5045,2,2,2026-10-07T03:20:01+02:00
a64fx,pivot,128,main_scan_enc,2,"and 2",0.10,8.3921,4.5336,2,2,2026-10-07T03:20:01+02:00
a64fx,pivot,128,main_scan_enc,2,"and 2",0.10,8.3331,4.4951,2,2,2026-10-07T03:20:01+02:00
a64fx,pivot,128,main_scan_enc,2,"and 2",0.10,8.2646,4.4864,2,2,2026-10-07T03:20:01+02:00
a64fx,pivot,128,main_scan_enc,2,"and 3",0.22,5.0620,3.1734,2,2,2026-10-07T03:20:01+02:00
a64fx,pivot,128,main_scan_enc,2,"and 3",0.22,5.0949,3.2027,2,2,2026-10-07T03:20:01+02:00
a64fx,pivot,128,main_scan_enc,2,"and 3",0.22,5.0917,3.2045,2,2,2026-10-07T03:20:01+02:00
a64fx,pivot,128,main_scan_enc,2,"and 3",0.22,5.0990,3.1855,2,2,2026-10-07T03:20:01+02:00
a64fx,pivot,128,main_scan_enc,2,"and 3",0.22,5.1041,3.1902,2,2,2026-10-07T03:20:01+02:00
a64fx,pivot,128,main_scan_enc,2,"and 1",0.02,12.0229,7.0651,2,2,2026-10-07T03:20:01+02:00
a64fx,pivot,128,main_scan_enc,2,"and 1",0.02,12.0246,7.0712,2,2,2026-10-07T03:20:01+02:00
a64fx,pivot,128,main_scan_enc,2,"and 1",0.02,11.7619,7.0212,2,2,2026-10-07T03:20:01+02:00
a64fx,pivot,128,main_scan_enc,2,"and 1",0.02,12.0066,6.9647,2,2,2026-10-07T03:20:01+02:00
a64fx,pivot,128,main_scan_enc,2,"and 1",0.02,6.0229,6.9148,2,2,2026-10-07T03:20:01+02:00
a64fx,pivot,128,main_scan_enc,2,"and 2",0.14,6.8768,4.0797,2,2,2026-10-07T03:20:01+02:00
a64fx,pivot,128,main_scan_enc,2,"and 2",0.14,6.9260,4.1068,2,2,2026-10-07T03:20:01+02:00
a64fx,pivot,128,main_scan_enc,2,"and 2",0.14,6.9524,4.1129,2,2,2026-10-07T03:20:01+02:00
a64fx,pivot,128,main_scan_enc,2,"and 2",0.14,6.8955,4.0839,2,2,2026-10-07T03:20:01+02:00
a64fx,pivot,128,main_scan_enc,2,"and 2",0.14,6.8775,4.1154,2,2,2026-10-07T03:20:01+02:00
a64fx,pivot,128,main_scan_enc,2,"and 3",0.27,4.3028,2.8926,2,2,2026-10-07T03:20:01+02:00
a64fx,pivot,128,main_scan_enc,2,"and 3",0.27,4.3049,2.8861,2,2,2026-10-07T03:20:01+02:00
a64fx,pivot,128,main_scan_enc,2,"and 3",0.27,4.3103,2.8910,2,2,2026-10-07T03:20:01+02:00
a64fx,pivot,128,main_scan_enc,2,"and 3",0.27,4.3198,2.8793,2,2,2026-10-07T03:20:01+02:00
a64fx,pivot,128,main_scan_enc,2,"and 3",0.27,4.2995,2.8984,2,2,2026-10-07T03:20:01+02:00
a64fx,pivot,128,main_scan_enc,2,"and 1",0.05,12.9194,5.9653,2,2,2026-10-07T03:20:01+02:00
a64fx,pivot,128,main_scan_enc,2,"and 1",0.05,12.8842,5.9771,2,2,2026-10-07T03:20:01+02:00
a64fx,pivot,128,main_scan_enc,2,"and 1",0.05,13.0233,5.9596,2,2,2026-10-07T03:20:01+02:00
a64fx,pivot,128,main_scan_enc,2,"and 1",0.05,12.7116,5.9698,2,2,2026-10-07T03:20:01+02:00
a64fx,pivot,128,main_scan_enc,2,"and 1",0.05,12.6359,5.9902,2,2,2026-10-07T03:20:01+02:00
a64fx,pivot,128,main_scan_enc,2,"and 2",0.22,5.8644,3.6339,2,2,2026-10-07T03:20:01+02:00
a64fx,pivot,128,main_scan_enc,2,"and 2",0.22,5.8498,3.6015,2,2,2026-10-07T03:20:01+02:00
a64fx,pivot,128,main_scan_enc,2,"and 2",0.22,5.8832,3.5925,2,2,2026-10-07T03:20:01+02:00
a64fx,pivot,128,main_scan_enc,2,"and 2",0.22,5.7592,3.6363,2,2,2026-10-07T03:20:01+02:00
a64fx,pivot,128,main_scan_enc,2,"and 2",0.22,5.9240,3.6379,2,2,2026-10-07T03:20:01+02:00
a64fx,pivot,128,main_scan_enc,2,"and 3",0.37,3.2862,2.5514,2,2,2026-10-07T03:20:01+02:00
a64fx,pivot,128,main_scan_enc,2,"and 3",0.37,3.2001,2.5519,2,2,2026-10-07T03:20:01+02:00
a64fx,pivot,128,main_scan_enc,2,"and 3",0.37,3.2166,2.5652,2,2,2026-10-07T03:20:01+02:00
a64fx,pivot,128,main_scan_enc,2,"and 3",0.37,3.2114,2.5490,2,2,2026-10-07T03:20:01+02:00
a64fx,pivot,128,main_scan_enc,2,"and 3",0.37,3.2860,2.5654,2,2,2026-10-07T03:20:01+02:00
a64fx,pivot,128,main_scan_enc,2,"and 1",0.10,10.6854,5.4159,2,2,2026-10-07T03:20:01+02:00
a64fx,pivot,128,main_scan_enc,2,"and 1",0.10,10.8213,5.3742,2,2,2026-10-07T03:20:01+02:00
a64fx,pivot,128,main_scan_enc,2,"and 1",0.10,10.8231,5.3454,2,2,2026-10-07T03:20:01+02:00
a64fx,pivot,128,main_scan_enc,2,"and 1",0.10,10.7608,5.3615,2,2,2026-10-07T03:20:01+02:00
a64fx,pivot,128,main_scan_enc,2,"and 1",0.10,10.8241,5.3667,2,2,2026-10-07T03:20:01+02:00
a64fx,pivot,128,main_scan_enc,2,"and 2",0.32,4.3672,3.4114,2,2,2026-10-07T03:20:01+02:00
a64fx,pivot,128,main_scan_enc,2,"and 2",0.32,4.3682,3.4071,2,2,2026-10-07T03:20:01+02:00
a64fx,pivot,128,main_scan_enc,2,"and 2",0.32,4.3778,3.3835,2,2,2026-10-07T03:20:01+02:00
a64fx,pivot,128,main_scan_enc,2,"and 2",0.32,4.3649,3.3813,2,2,2026-10-07T03:20:01+02:00
a64fx,pivot,128,main_scan_enc,2,"and 2",0.32,4.3824,3.3888,2,2,2026-10-07T03:20:01+02:00
a64fx,pivot,128,main_scan_enc,2,"and 3",0.46,2.6204,2.3941,2,2,2026-10-07T03:20:01+02:00
a64fx,pivot,128,main_scan_enc,2,"and 3",0.46,2.5973,2.3907,2,2,2026-10-07T03:20:01+02:00
a64fx,pivot,128,main_scan_enc,2,"and 3",0.46,2.5985,2.3899,2,2,2026-10-07T03:20:01+02:00
a64fx,pivot,128,main_scan_enc,2,"and 3",0.46,2.6032,2.3815,2,2,2026-10-07T03:20:01+02:00
a64fx,pivot,128,main_scan_enc,2,"and 3",0.46,2.5997,2.3920,2,2,2026-10-07T03:20:01+02:00
a64fx,pivot,128,main_scan_enc,2,"and 1",0.20,7.7152,4.9757,2,2,2026-10-07T03:20:01+02:00
a64fx,pivot,128,main_scan_enc,2,"and 1",0.20,7.7244,4.9557,2,2,2026-10-07T03:20:01+02:00
a64fx,pivot,128,main_scan_enc,2,"and 1",0.20,7.4979,4.9609,2,2,2026-10-07T03:20:01+02:00
a64fx,pivot,128,main_scan_enc,2,"and 1",0.20,7.6124,4.9630,2,2,2026-10-07T03:20:01+02:00
a64fx,pivot,128,main_scan_enc,2,"and 1",0.20,7.7319,4.9433,2,2,2026-10-07T03:20:01+02:00
a64fx,pivot,128,main_scan_enc,2,"and 2",0.45,3.0822,3.1937,2,2,2026-10-07T03:20:01+02:00
a64fx,pivot,128,main_scan_enc,2,"and 2",0.45,3.0253,3.2233,2,2,2026-10-07T03:20:01+02:00
a64fx,pivot,128,main_scan_enc,2,"and 2",0.45,3.0763,3.2258,2,2,2026-10-07T03:20:01+02:00
a64fx,pivot,128,main_scan_enc,2,"and 2",0.45,3.0809,3.2332,2,2,2026-10-07T03:20:01+02:00
a64fx,pivot,128,main_scan_enc,2,"and 2",0.45,3.1030,3.2401,2,2,2026-10-07T03:20:01+02:00
a64fx,pivot,128,main_scan_enc,2,"and 3",0.58,2.4251,2.3259,2,2,2026-10-07T03:20:01+02:00
a64fx,pivot,128,main_scan_enc,2,"and 3",0.58,2.4276,2.3270,2,2,2026-10-07T03:20:01+02:00
a64fx,pivot,128,main_scan_enc,2,"and 3",0.58,2.4257,2.3257,2,2,2026-10-07T03:20:01+02:00
a64fx,pivot,128,main_scan_enc,2,"and 3",0.58,2.4292,2.2483,2,2,2026-10-07T03:20:01+02:00
a64fx,pivot,128,main_scan_enc,2,"and 3",0.58,2.4285,2.3258,2,2,2026-10-07T03:20:01+02:00
a64fx,pivot,128,main_scan_enc,2,"and 1",0.50,4.2695,4.6071,2,2,2026-10-07T03:20:01+02:00
a64fx,pivot,128,main_scan_enc,2,"and 1",0.50,4.2749,4.5961,2,2,2026-10-07T03:20:01+02:00
a64fx,pivot,128,main_scan_enc,2,"and 1",0.50,4.2724,4.5903,2,2,2026-10-07T03:20:01+02:00
a64fx,pivot,128,main_scan_enc,2,"and 1",0.50,4.2350,4.5931,2,2,2026-10-07T03:20:01+02:00
a64fx,pivot,128,main_scan_enc,2,"and 1",0.50,4.2782,4.6170,2,2,2026-10-07T03:20:01+02:00
a64fx,pivot,128,main_scan_enc,2,"and 2",0.71,3.5623,2.9473,2,2,2026-10-07T03:20:01+02:00
a64fx,pivot,128,main_scan_enc,2,"and 2",0.71,3.5542,3.0847,2,2,2026-10-07T03:20:01+02:00
a64fx,pivot,128,main_scan_enc,2,"and 2",0.71,3.5456,2.9722,2,2,2026-10-07T03:20:01+02:00
a64fx,pivot,128,main_scan_enc,2,"and 2",0.71,3.5312,3.0876,2,2,2026-10-07T03:20:01+02:00
a64fx,pivot,128,main_scan_enc,2,"and 2",0.71,3.5756,3.1005,2,2,2026-10-07T03:20:01+02:00
a64fx,pivot,128,main_scan_enc,2,"and 3",0.79,3.2399,2.2481,2,2,2026-10-07T03:20:01+02:00
a64fx,pivot,128,main_scan_enc,2,"and 3",0.79,3.2188,2.2256,2,2,2026-10-07T03:20:01+02:00
a64fx,pivot,128,main_scan_enc,2,"and 3",0.79,3.2291,2.2255,2,2,2026-10-07T03:20:01+02:00
a64fx,pivot,128,main_scan_enc,2,"and 3",0.79,3.2302,2.2451,2,2,2026-10-07T03:20:01+02:00
a64fx,pivot,128,main_scan_enc,2,"and 3",0.79,3.2368,2.2427,2,2,2026-10-07T03:20:01+02:00
a64fx,pivot,128,main_scan_enc,2,"and 1",1.00,16.0093,4.1571,2,2,2026-10-07T03:20:01+02:00
a64fx,pivot,128,main_scan_enc,2,"and 1",1.00,16.4801,4.1513,2,2,2026-10-07T03:20:01+02:00
a64fx,pivot,128,main_scan_enc,2,"and 1",1.00,16.4879,4.1576,2,2,2026-10-07T03:20:01+02:00
a64fx,pivot,128,main_scan_enc,2,"and 1",1.00,15.8981,4.1389,2,2,2026-10-07T03:20:01+02:00
a64fx,pivot,128,main_scan_enc,2,"and 1",1.00,16.5149,4.1382,2,2,2026-10-07T03:20:01+02:00
a64fx,pivot,128,main_scan_enc,2,"and 2",1.00,9.3018,2.8721,2,2,2026-10-07T03:20:01+02:00
a64fx,pivot,128,main_scan_enc,2,"and 2",1.00,9.4128,2.8682,2,2,2026-10-07T03:20:01+02:00
a64fx,pivot,128,main_scan_enc,2,"and 2",1.00,9.4026,2.8578,2,2,2026-10-07T03:20:01+02:00
a64fx,pivot,128,main_scan_enc,2,"and 2",1.00,9.4180,2.8813,2,2,2026-10-07T03:20:01+02:00
a64fx,pivot,128,main_scan_enc,2,"and 2",1.00,9.3190,2.8746,2,2,2026-10-07T03:20:01+02:00
a64fx,pivot,128,main_scan_enc,2,"and 3",1.00,6.2388,2.1321,2,2,2026-10-07T03:20:01+02:00
a64fx,pivot,128,main_scan_enc,2,"and 3",1.00,6.1950,2.1399,2,2,2026-10-07T03:20:01+02:00
a64fx,pivot,128,main_scan_enc,2,"and 3",1.00,6.1939,2.1343,2,2,2026-10-07T03:20:01+02:00
a64fx,pivot,128,main_scan_enc,2,"and 3",1.00,6.1980,2.1189,2,2,2026-10-07T03:20:01+02:00
a64fx,pivot,128,main_scan_enc,2,"and 3",1.00,6.2222,2.1072,2,2,2026-10-07T03:20:01+02:00
a64fx,pivot,256,main_scan_enc,2,"and 1",0.00,17.6332,19.1521,2,2,2026-10-07T03:20:10+02:00
a64fx,pivot,256,main_scan_enc,2,"and 1",0.00,18.0848,19.7151,2,2,2026-10-07T03:20:10+02:00
a64fx,pivot,256,main_scan_enc,2,"and 1",0.00,17.6691,19.2786,2,2,2026-10-07T03:20:10+02:00
a64fx,pivot,256,main_scan_enc,2,"and 1",0.00,17.6106,19.6480,2,2,2026-10-07T03:20:10+02:00
a64fx,pivot,256,main_scan_enc,2,"and 1",0.00,17.9149,18.9597,2,2,2026-10-07T03:20:10+02:00
a64fx,pivot,256,main_scan_enc,2,"and 2",0.03,14.0139,12.3043,2,2,2026-10-07T03:20:10+02:00
a64fx,pivot,256,main_scan_enc,2,"and 2",0.03,14.0324,12.9290,2,2,2026-10-07T03:20:10+02:00
a64fx,pivot,256,main_scan_enc,2,"and 2",0.03,13.6433,12.3252,2,2,2026-10-07T03:20:10+02:00
a64fx,pivot,256,main_scan_enc,2,"and 2",0.03,13.1461,12.9468,2,2,2026-10-07T03:20:10+02:00
a64fx,pivot,256,main_scan_enc,2,"and 2",0.03,13.6321,12.3584,2,2,2026-10-07T03:20:10+02:00
a64fx,pivot,256,main_scan_enc,2,"and 3",0.10,7.7873,8.3114,2,2,2026-10-07T03:20:10+02:00
a64fx,pivot,256,main_scan_enc,2,"and 3",0.10,7.6390,8.3269,2,2,2026-10-07T03:20:10+02:00
a64fx,pivot,256,main_scan_enc,2,"and 3",0.10,7.6429,8.3175,2,2,2026-10-07T03:20:10+02:00
a64fx,pivot,256,main_scan_enc,2,"and 3",0.10,7.7183,8.1768,2,2,2026-10-07T03:20:10+02:00
a64fx,pivot,256,main_scan_enc,2,"and 3",0.10,7.7072,8.1380,2,2,2026-10-07T03:20:10+02:00
a64fx,pivot,256,main_scan_enc,2,"and 1",0.00,17.2143,18.3673,2,2,2026-10-07T03:20:10+02:00
a64fx,pivot,256,main_scan_enc,2,"and 1",0.00,17.2086,18.3907,2,2,2026-10-07T03:20:10+02:00
a64fx,pivot,256,main_scan_enc,2,"and 1",0.00,16.8834,17.1384,2,2,2026-10-07T03:20:10+02:00
a64fx,pivot,256,main_scan_enc,2,"and 1",0.00,17.1115,18.3448,2,2,2026-10-07T03:20:10+02:00
a64fx,pivot,256,main_scan_enc,2,"and 1",0.00,16.9682,18.4165,2,2,2026-10-07T03:20:10+02:00
a64fx,pivot,256,main_scan_enc,2,"and 2",0.04,11.8922,11.4108,2,2,2026-10-07T03:20:10+02:00
a64fx,pivot,256,main_scan_enc,2,"and 2",0.04,12.5882,11.8530,2,2,2026-10-07T03:20:10+02:00
a64fx,pivot,256,main_scan_enc,2,"and 2",0.04,12.0302,11.5549,2,2,2026-10-07T03:20:10+02:00
a64fx,pivot,256,main_scan_enc,2,"and 2",0.04,12.6022,11.8522,2,2,2026-10-07T03:20:10+02:00
a64fx,pivot,256,main_scan_enc,2,"and 2",0.04,12.1610,11.6002,2,2,2026-10-07T03:20:10+02:00
a64fx,pivot,256,main_scan_enc,2,"and 3",0.13,6.9010,7.6368,2,2,2026-10-07T03:20:10+02:00
a64fx,pivot,256,main_scan_enc,2,"and 3",0.13,6.9121,7.4848,2,2,2026-10-07T03:20:10+02:00
a64fx,pivot,256,main_scan_enc,2,"and 3",0.13,6.6629,7.6095,2,2,2026-10-07T03:20:10+02:00
a64fx,pivot,256,main_scan_enc,2,"and 3",0.13,6.9470,7.5593,2,2,2026-10-07T03:20:10+02:00
a64fx,pivot,256,main_scan_enc,2,"and 3",0.13,6.8399,7.8168,2,2,2026-10-07T03:20:10+02:00
a64fx,pivot,256,main_scan_enc,2,"and 1",0.01,14.3140,15.2870,2,2,2026-10-07T03:20:10+02:00
a64fx,pivot,256,main_scan_enc,2,"and 1",0.01,15.1972,16.0027,2,2,2026-10-07T03:20:10+02:00
a64fx,pivot,256,main_scan_enc,2,"and 1",0.01,15.1960,15.4615,2,2,2026-10-07T03:20:10+02:00
a64fx,pivot,256,main_scan_enc,2,"and 1",0.01,14.7897,14.7758,2,2,2026-10-07T03:20:10+02:00
a64fx,pivot,256,main_scan_enc,2,"and 1",0.01,15.2198,15.8548,2,2,2026-10-07T03:20:10+02:00
a64fx,pivot,256,main_scan_enc,2,"and 2",0.07,9.9370,9.9199,2,2,2026-10-07T03:20:10+02:00
a64fx,pivot,256,main_scan_enc,2,"and 2",0.07,10.2078,10.0978,2,2,2026-10-07T03:20:10+02:00
a64fx,pivot,256,main_scan_enc,2,"and 2",0.07,10.0136,9.9439,2,2,2026-10-07T03:20:10+02:00
a64fx,pivot,256,main_scan_enc,2,"and 2",0.07,9.8269,9.8102,2,2,2026-10-07T03:20:10+02:00
a64fx,pivot,256,main_scan_enc,2,"and 2",0.07,10.2111,10.1206,2,2,2026-10-07T03:20:10+02:00
a64fx,pivot,256,main_scan_enc,2,"and 3",0.17,6.0736,6.9565,2,2,2026-10-07T03:20:10+02:00
a64fx,pivot,256,main_scan_enc,2,"and 3",0.17,6.0251,6.8656,2,2,2026-10-07T03:20:10+02:00
a64fx,pivot,256,main_scan_enc,2,"and 3",0.17,6.0175,6.9905,2,2,2026-10-07T03:20:10+02:00
a64fx,pivot,256,main_scan_enc,2,"and 3",0.17,5.9518,7.0563,2,2,2026-10-07T03:20:10+02:00
a64fx,pivot,256,main_scan_enc,2,"and 3",0.17,6.0366,7.0617,2,2,2026-10-07T03:20:10+02:00
a64fx,pivot,256,main_scan_enc,2,"and 1",0.01,12.6125,13.9459,2,2,2026-10-07T03:20:10+02:00
a64fx,pivot,256,main_scan_enc,2,"and 1",0.01,13.2732,14.1031,2,2,2026-10-07T03:20:10+02:00
a64fx,pivot,256,main_scan_enc,2,"and 1",0.01,12.5163,13.5285,2,2,2026-10-07T03:20:10+02:00
a64fx,pivot,256,main_scan_enc,2,"and 1",0.01,13.2825,14.0236,2,2,2026-10-07T03:20:10+02:00
a64fx,pivot,256,main_scan_enc,2,"and 1",0.01,13.2213,14.0645,2,2,2026-10-07T03:20:10+02:00
a64fx,pivot,256,main_scan_enc,2,"and 2",0.10,8.2665,8.9513,2,2,2026-10-07T03:20:10+02:00
a64fx,pivot,256,main_scan_enc,2,"and 2",0.10,8.2146,8.9397,2,2,2026-10-07T03:20:10+02:00
a64fx,pivot,256,main_scan_enc,2,"and 2",0.10,8.0807,8.5989,2,2,2026-10-07T03:20:10+02:00
a64fx,pivot,256,main_scan_enc,2,"and 2",0.10,8.1220,8.6858,2,2,2026-10-07T03:20:10+02:00
a64fx,pivot,256,main_scan_enc,2,"and 2",0.10,8.3890,8.7956,2,2,2026-10-07T03:20:10+02:00
a64fx,pivot,256,main_scan_enc,2,"and 3",0.22,5.0409,6.3476,2,2,2026-10-07T03:20:10+02:00
a64fx,pivot,256,main_scan_enc,2,"and 3",0.22,5.0433,6.3647,2,2,2026-10-07T03:20:10+02:00
a64fx,pivot,256,main_scan_enc,2,"and 3",0.22,5.0855,6.3304,2,2,2026-10-07T03:20:10+02:00
a64fx,pivot,256,main_scan_enc,2,"and 3",0.22,5.0571,6.3896,2,2,2026-10-07T03:20:10+02:00
a64fx,pivot,256,main_scan_enc,2,"and 3",0.22,4.1954,6.3718,2,2,2026-10-07T03:20:10+02:00
a64fx,pivot,256,main_scan_enc,2,"and 1",0.02,11.7760,11.5784,2,2,2026-10-07T03:20:10+02:00
a64fx,pivot,256,main_scan_enc,2,"and 1",0.02,11.9885,11.8831,2,2,2026-10-07T03:20:10+02:00
a64fx,pivot,256,main_scan_enc,2,"and 1",0.02,11.5508,11.8839,2,2,2026-10-07T03:20:10+02:00
a64fx,pivot,256,main_scan_enc,2,"and 1",0.02,11.9668,11.8663,2,2,2026-10-07T03:20:10+02:00
a64fx,pivot,256,main_scan_enc,2,"and 1",0.02,11.9921,11.8882,2,2,2026-10-07T03:20:10+02:00
a64fx,pivot,256,main_scan_enc,2,"and 2",0.14,6.8054,7.6650,2,2,2026-10-07T03:20:10+02:00
a64fx,pivot,256,main_scan_enc,2,"and 2",0.14,6.9520,7.7075,2,2,2026-10-07T03:20:10+02:00
a64fx,pivot,256,main_scan_enc,2,"and 2",0.14,6.8906,7.5774,2,2,2026-10-07T03:20:10+02:00
a64fx,pivot,256,main_scan_enc,2,"and 2",0.14,6.8608,7.8065,2,2,2026-10-07T03:20:10+02:00
a64fx,pivot,256,main_scan_enc,2,"and 2",0.14,6.9097,7.8093,2,2,2026-10-07T03:20:10+02:00
a64fx,pivot,256,main_scan_enc,2,"and 3",0.27,4.2918,5.6349,2,2,2026-10-07T03:20:10+02:00
a64fx,pivot,256,main_scan_enc,2,"and 3",0.27,4.3022,5.6245,2,2,2026-10-07T03:20:10+02:00
a64fx,pivot,256,main_scan_enc,2,"and 3",0.27,4.2887,5.6779,2,2,2026-10-07T03:20:10+02:00
a64fx,pivot,256,main_scan_enc,2,"and 3",0.27,4.2860,5.6672,2,2,2026-10-07T03:20:10+02:00
a64fx,pivot,256,main_scan_enc,2,"and 3",0.27,4.2608,5.6874,2,2,2026-10-07T03:20:10+02:00
a64fx,pivot,256,main_scan_enc,2,"and 1",0.05,12.4418,9.1275,2,2,2026-10-07T03:20:10+02:00
a64fx,pivot,256,main_scan_enc,2,"and 1",0.05,13.0119,9.2579,2,2,2026-10-07T03:20:10+02:00
a64fx,pivot,256,main_scan_enc,2,"and 1",0.05,12.5614,9.1017,2,2,2026-10-07T03:20:10+02:00
a64fx,pivot,256,main_scan_enc,2,"and 1",0.05,13.0343,9.2542,2,2,2026-10-07T03:20:10+02:00
a64fx,pivot,256,main_scan_enc,2,"and 1",0.05,12.7499,9.2012,2,2,2026-10-07T03:20:10+02:00
a64fx,pivot,256,main_scan_enc,2,"and 2",0.22,5.8247,6.3367,2,2,2026-10-07T03:20:10+02:00
a64fx,pivot,256,main_scan_enc,2,"and 2",0.22,5.8336,6.3114,2,2,2026-10-07T03:20:10+02:00
a64fx,pivot,256,main_scan_enc,2,"and 2",0.22,5.8141,6.4129,2,2,2026-10-07T03:20:10+02:00
a64fx,pivot,256,main_scan_enc,2,"and 2",0.22,5.9119,6.3978,2,2,2026-10-07T03:20:10+02:00
a64fx,pivot,256,main_scan_enc,2,"and 2",0.22,5.8255,6.4486,2,2,2026-10-07T03:20:10+02:00
a64fx,pivot,256,main_scan_enc,2,"and 3",0.37,3.2826,4.8741,2,2,2026-10-07T03:20:10+02:00
a64fx,pivot,256,main_scan_enc,2,"and 3",0.37,3.2248,4.8530,2,2,2026-10-07T03:20:10+02:00
a64fx,pivot,256,main_scan_enc,2,"and 3",0.37,3.2084,4.8735,2,2,2026-10-07T03:20:10+02:00
a64fx,pivot,256,main_scan_enc,2,"and 3",0.37,3.1990,4.8596,2,2,2026-10-07T03:20:10+02:00
a64fx,pivot,256,main_scan_enc,2,"and 3",0.37,3.2172,4.8613,2,2,2026-10-07T03:20:10+02:00
a64fx,pivot,256,main_scan_enc,2,"and 1",0.10,10.8027,7.7190,2,2,2026-10-07T03:20:10+02:00
a64fx,pivot,256,main_scan_enc,2,"and 1",0.10,10.8005,7.8319,2,2,2026-10-07T03:20:10+02:00
a64fx,pivot,256,main_scan_enc,2,"and 1",0.10,10.6094,7.7061,2,2,2026-10-07T03:20:10+02:00
a64fx,pivot,256,main_scan_enc,2,"and 1",0.10,10.5443,7.6694,2,2,2026-10-07T03:20:10+02:00
a64fx,pivot,256,main_scan_enc,2,"and 1",0.10,10.5350,7.6119,2,2,2026-10-07T03:20:10+02:00
a64fx,pivot,256,main_scan_enc,2,"and 2",0.32,4.3355,5.7436,2,2,2026-10-07T03:20:10+02:00
a64fx,pivot,256,main_scan_enc,2,"and 2",0.32,4.3482,5.7471,2,2,2026-10-07T03:20:10+02:00
a64fx,pivot,256,main_scan_enc,2,"and 2",0.32,4.3298,5.7442,2,2,2026-10-07T03:20:10+02:00
a64fx,pivot,256,main_scan_enc,2,"and 2",0.32,4.3428,5.7381,2,2,2026-10-07T03:20:10+02:00
a64fx,pivot,256,main_scan_enc,2,"and 2",0.32,4.3630,5.6961,2,2,2026-10-07T03:20:10+02:00
a64fx,pivot,256,main_scan_enc,2,"and 3",0.46,2.6016,4.3845,2,2,2026-10-07T03:20:10+02:00
a64fx,pivot,256,main_scan_enc,2,"and 3",0.46,2.5992,4.3779,2,2,2026-10-07T03:20:10+02:00
a64fx,pivot,256,main_scan_enc,2,"and 3",0.46,2.5797,4.3738,2,2,2026-10-07T03:20:10+02:00
a64fx,pivot,256,main_scan_enc,2,"and 3",0.46,2.5965,4.3885,2,2,2026-10-07T03:20:10+02:00
a64fx,pivot,256,main_scan_enc,2,"and 3",0.46,2.5977,4.3382,2,2,2026-10-07T03:20:10+02:00
a64fx,pivot,256,main_scan_enc,2,"and 1",0.20,7.7177,6.9226,2,2,2026-10-07T03:20:10+02:00
a64fx,pivot,256,main_scan_enc,2,"and 1",0.20,7.5999,6.8570,2,2,2026-10-07T03:20:10+02:00
a64fx,pivot,256,main_scan_enc,2,"and 1",0.20,7.6310,6.8020,2,2,2026-10-07T03:20:10+02:00
a64fx,pivot,256,main_scan_enc,2,"and 1",0.20,7.6897,6.8745,2,2,2026-10-07T03:20:10+02:00
a64fx,pivot,256,main_scan_enc,2,"and 1",0.20,7.6281,6.8426,2,2,2026-10-07T03:20:10+02:00
a64fx,pivot,256,main_scan_enc,2,"and 2",0.45,3.0830,5.2474,2,2,2026-10-07T03:20:10+02:00
a64fx,pivot,256,main_scan_enc,2,"and 2",0.45,3.0927,5.2416,2,2,2026-10-07T03:20:10+02:00
a64fx,pivot,256,main_scan_enc,2,"and 2",0.45,3.1064,5.2366,2,2,2026-10-07T03:20:10+02:00
a64fx,pivot,256,main_scan_enc,2,"and 2",0.45,3.0914,5.2633,2,2,2026-10-07T03:20:10+02:00
a64fx,pivot,256,main_scan_enc,2,"and 2",0.45,3.1007,5.2179,2,2,2026-10-07T03:20:10+02:00
a64fx,pivot,256,main_scan_enc,2,"and 3",0.58,2.4254,4.1550,2,2,2026-10-07T03:20:10+02:00
a64fx,pivot,256,main_scan_enc,2,"and 3",0.58,2.4204,4.1827,2,2,2026-10-07T03:20:10+02:00
a64fx,pivot,256,main_scan_enc,2,"and 3",0.58,2.3517,4.1831,2,2,2026-10-07T03:20:10+02:00
a64fx,pivot,256,main_scan_enc,2,"and 3",0.58,2.4288,4.1708,2,2,2026-10-07T03:20:10+02:00
a64fx,pivot,256,main_scan_enc,2,"and 3",0.58,2.4279,4.1867,2,2,2026-10-07T03:20:10+02:00
a64fx,pivot,256,main_scan_enc,2,"and 1",0.50,4.2814,6.1033,2,2,2026-10-07T03:20:10+02:00
a64fx,pivot,256,main_scan_enc,2,"and 1",0.50,4.2811,6.1629,2,2,2026-10-07T03:20:10+02:00
a64fx,pivot,256,main_scan_enc,2,"and 1",0.50,4.2795,6.0998,2,2,2026-10-07T03:20:10+02:00
a64fx,pivot,256,main_scan_enc,2,"and 1",0.50,4.2805,6.1321,2,2,2026-10-07T03:20:10+02:00
a64fx,pivot,256,main_scan_enc,2,"and 1",0.50,4.2670,6.1025,2,2,2026-10-07T03:20:10+02:00
a64fx,pivot,256,main_scan_enc,2,"and 2",0.71,3.5655,4.7914,2,2,2026-10-07T03:20:10+02:00
a64fx,pivot,256,main_scan_enc,2,"and 2",0.71,3.5767,4.8136,2,2,2026-10-07T03:20:10+02:00
a64fx,pivot,256,main_scan_enc,2,"and 2",0.71,3.5624,4.7866,2,2,2026-10-07T03:20:10+02:00
a64fx,pivot,256,main_scan_enc,2,"and 2",0.71,3.5468,4.8214,2,2,2026-10-07T03:20:10+02:00
a64fx,pivot,256,main_scan_enc,2,"and 2",0.71,3.5527,4.8057,2,2,2026-10-07T03:20:10+02:00
a64fx,pivot,256,main_scan_enc,2,"and 3",0.79,3.2340,3.9041,2,2,2026-10-07T03:20:10+02:00
a64fx,pivot,256,main_scan_enc,2,"and 3",0.79,3.2086,3.8972,2,2,2026-10-07T03:20:10+02:00
a64fx,pivot,256,main_scan_enc,2,"and 3",0.79,3.1751,3.9024,2,2,2026-10-07T03:20:10+02:00
a64fx,pivot,256,main_scan_enc,2,"and 3",0.79,3.2099,3.9083,2,2,2026-10-07T03:20:10+02:00
a64fx,pivot,256,main_scan_enc,2,"and 3",0.79,3.2236,3.9101,2,2,2026-10-07T03:20:10+02:00
a64fx,pivot,256,main_scan_enc,2,"and 1",1.00,16.5887,5.1803,2,2,2026-10-07T03:20:10+02:00
a64fx,pivot,256,main_scan_enc,2,"and 1",1.00,16.5887,5.1686,2,2,2026-10-07T03:20:10+02:00
a64fx,pivot,256,main_scan_enc,2,"and 1",1.00,16.5722,5.2199,2,2,2026-10-07T03:20:10+02:00
a64fx,pivot,256,main_scan_enc,2,"and 1",1.00,16.5832,5.1931,2,2,2026-10-07T03:20:10+02:00
a64fx,pivot,256,main_scan_enc,2,"and 1",1.00,16.5258,5.1927,2,2,2026-10-07T03:20:10+02:00
a64fx,pivot,256,main_scan_enc,2,"and 2",1.00,9.2765,4.2209,2,2,2026-10-07T03:20:10+02:00
a64fx,pivot,256,main_scan_enc,2,"and 2",1.00,9.4232,4.2402,2,2,2026-10-07T03:20:10+02:00
a64fx,pivot,256,main_scan_enc,2,"and 2",1.00,9.4285,4.2243,2,2,2026-10-07T03:20:10+02:00
a64fx,pivot,256,main_scan_enc,2,"and 2",1.00,9.2073,4.1880,2,2,2026-10-07T03:20:10+02:00
a64fx,pivot,256,main_scan_enc,2,"and 2",1.00,9.4238,4.2140,2,2,2026-10-07T03:20:10+02:00
a64fx,pivot,256,main_scan_enc,2,"and 3",1.00,6.2275,3.5086,2,2,2026-10-07T03:20:10+02:00
a64fx,pivot,256,main_scan_enc,2,"and 3",1.00,6.1789,3.4930,2,2,2026-10-07T03:20:10+02:00
a64fx,pivot,256,main_scan_enc,2,"and 3",1.00,6.2534,3.4877,2,2,2026-10-07T03:20:10+02:00
a64fx,pivot,256,main_scan_enc,2,"and 3",1.00,6.1047,3.4813,2,2,2026-10-07T03:20:10+02:00
a64fx,pivot,256,main_scan_enc,2,"and 3",1.00,6.1884,3.4942,2,2,2026-10-07T03:20:10+02:00
a64fx,pivot,512,main_scan_enc,2,"and 1",0.00,17.8419,25.6993,2,2,2026-10-07T03:20:19+02:00
a64fx,pivot,512,main_scan_enc,2,"and 1",0.00,18.1670,26.7139,2,2,2026-10-07T03:20:19+02:00
a64fx,pivot,512,main_scan_enc,2,"and 1",0.00,17.7938,26.7460,2,2,2026-10-07T03:20:19+02:00
a64fx,pivot,512,main_scan_enc,2,"and 1",0.00,17.9165,25.4610,2,2,2026-10-07T03:20:19+02:00
a64fx,pivot,512,main_scan_enc,2,"and 1",0.00,18.1187,25.3824,2,2,2026-10-07T03:20:19+02:00
a64fx,pivot,512,main_scan_enc,2,"and 2",0.03,14.0572,16.6952,2,2,2026-10-07T03:20:19+02:00
a64fx,pivot,512,main_scan_enc,2,"and 2",0.03,14.0355,17.3245,2,2,2026-10-07T03:20:19+02:00
a64fx,pivot,512,main_scan_enc,2,"and 2",0.03,14.0165,17.2752,2,2,2026-10-07T03:20:19+02:00
a64fx,pivot,512,main_scan_enc,2,"and 2",0.03,13.6569,17.3623,2,2,2026-10-07T03:20:19+02:00
a64fx,pivot,512,main_scan_enc,2,"and 2",0.03,13.4089,16.3129,2,2,2026-10-07T03:20:19+02:00
a64fx,pivot,512,main_scan_enc,2,"and 3",0.10,7.7859,10.9829,2,2,2026-10-07T03:20:19+02:00
a64fx,pivot,512,main_scan_enc,2,"and 3",0.10,7.7372,10.9955,2,2,2026-10-07T03:20:19+02:00
a64fx,pivot,512,main_scan_enc,2,"and 3",0.10,7.7330,10.7712,2,2,2026-10-07T03:20:19+02:00
a64fx,pivot,512,main_scan_enc,2,"and 3",0.10,7.7332,10.7398,2,2,2026-10-07T03:20:19+02:00
a64fx,pivot,512,main_scan_enc,2,"and 3",0.10,7.8329,10.9756,2,2,2026-10-07T03:20:19+02:00
a64fx,pivot,512,main_scan_enc,2,"and 1",0.00,17.2064,22.6380,2,2,2026-10-07T03:20:19+02:00
a64fx,pivot,512,main_scan_enc,2,"and 1",0.00,17.0668,24.6567,2,2,2026-10-07T03:20:19+02:00
a64fx,pivot,512,main_scan_enc,2,"and 1",0.00,17.1463,25.5398,2,2,2026-10-07T03:20:19+02:00
a64fx,pivot,512,main_scan_enc,2,"and 1",0.00,17.1847,25.4872,2,2,2026-10-07T03:20:19+02:00
a64fx,pivot,512,main_scan_enc,2,"and 1",0.00,17.1943,25.5522,2,2,2026-10-07T03:20:19+02:00
a64fx,pivot,512,main_scan_enc,2,"and 2",0.04,12.6075,16.0847,2,2,2026-10-07T03:20:19+02:00
a64fx,pivot,512,main_scan_enc,2,"and 2",0.04,12.3144,15.1627,2,2,2026-10-07T03:20:19+02:00
a64fx,pivot,512,main_scan_enc,2,"and 2",0.04,12.5885,14.7808,2,2,2026-10-07T03:20:19+02:00
a64fx,pivot,512,main_scan_enc,2,"and 2",0.04,12.6115,16.1009,2,2,2026-10-07T03:20:19+02:00
a64fx,pivot,512,main_scan_enc,2,"and 2",0.04,12.2409,15.4725,2,2,2026-10-07T03:20:19+02:00
a64fx,pivot,512,main_scan_enc,2,"and 3",0.13,7.0171,10.1588,2,2,2026-10-07T03:20:19+02:00
a64fx,pivot,512,main_scan_enc,2,"and 3",0.13,7.0063,10.4567,2,2,2026-10-07T03:20:19+02:00
a64fx,pivot,512,main_scan_enc,2,"and 3",0.13,6.9763,10.4545,2,2,2026-10-07T03:20:19+02:00
a64fx,pivot,512,main_scan_enc,2,"and 3",0.13,6.9692,10.2289,2,2,2026-10-07T03:20:19+02:00
a64fx,pivot,512,main_scan_enc,2,"and 3",0.13,6.8402,10.2613,2,2,2026-10-07T03:20:19+02:00
a64fx,pivot,512,main_scan_enc,2,"and 1",0.01,15.1400,23.8881,2,2,2026-10-07T03:20:19+02:00
a64fx,pivot,512,main_scan_enc,2,"and 1",0.01,15.1971,23.8379,2,2,2026-10-07T03:20:19+02:00
a64fx,pivot,512,main_scan_enc,2,"and 1",0.01,15.1997,23.6091,2,2,2026-10-07T03:20:19+02:00
a64fx,pivot,512,main_scan_enc,2,"and 1",0.01,14.7966,23.8568,2,2,2026-10-07T03:20:19+02:00
a64fx,pivot,512,main_scan_enc,2,"and 1",0.01,14.8721,23.7440,2,2,2026-10-07T03:20:19+02:00
a64fx,pivot,512,main_scan_enc,2,"and 2",0.07,10.2227,14.3313,2,2,2026-10-07T03:20:19+02:00
a64fx,pivot,512,main_scan_enc,2,"and 2",0.07,9.9975,13.4716,2,2,2026-10-07T03:20:19+02:00
a64fx,pivot,512,main_scan_enc,2,"and 2",0.07,10.1940,14.3224,2,2,2026-10-07T03:20:19+02:00
a64fx,pivot,512,main_scan_enc,2,"and 2",0.07,10.1296,14.3103,2,2,2026-10-07T03:20:19+02:00
a64fx,pivot,512,main_scan_enc,2,"and 2",0.07,10.0917,14.3619,2,2,2026-10-07T03:20:19+02:00
a64fx,pivot,512,main_scan_enc,2,"and 3",0.17,6.0024,9.7028,2,2,2026-10-07T03:20:19+02:00
a64fx,pivot,512,main_scan_enc,2,"and 3",0.17,5.9370,9.6042,2,2,2026-10-07T03:20:19+02:00
a64fx,pivot,512,main_scan_enc,2,"and 3",0.17,5.9594,9.6344,2,2,2026-10-07T03:20:19+02:00
a64fx,pivot,512,main_scan_enc,2,"and 3",0.17,6.0926,9.5242,2,2,2026-10-07T03:20:19+02:00
a64fx,pivot,512,main_scan_enc,2,"and 3",0.17,6.1019,9.8601,2,2,2026-10-07T03:20:19+02:00
a64fx,pivot,512,main_scan_enc,2,"and 1",0.01,13.1296,21.5843,2,2,2026-10-07T03:20:19+02:00
a64fx,pivot,512,main_scan_enc,2,"and 1",0.01,13.3250,22.2356,2,2,2026-10-07T03:20:19+02:00
a64fx,pivot,512,main_scan_enc,2,"and 1",0.01,12.9513,22.2611,2,2,2026-10-07T03:20:19+02:00
a64fx,pivot,512,main_scan_enc,2,"and 1",0.01,12.4763,21.2448,2,2,2026-10-07T03:20:19+02:00
a64fx,pivot,512,main_scan_enc,2,"and 1",0.01,13.2787,22.2396,2,2,2026-10-07T03:20:19+02:00
a64fx,pivot,512,main_scan_enc,2,"and 2",0.10,8.3984,13.1212,2,2,2026-10-07T03:20:19+02:00
a64fx,pivot,512,main_scan_enc,2,"and 2",0.10,8.3510,13.1437,2,2,2026-10-07T03:20:19+02:00
a64fx,pivot,512,main_scan_enc,2,"and 2",0.10,8.3081,12.2353,2,2,2026-10-07T03:20:19+02:00
a64fx,pivot,512,main_scan_enc,2,"and 2",0.10,8.4149,13.1373,2,2,2026-10-07T03:20:19+02:00
a64fx,pivot,512,main_scan_enc,2,"and 2",0.10,8.2712,12.8255,2,2,2026-10-07T03:20:19+02:00
a64fx,pivot,512,main_scan_enc,2,"and 3",0.22,5.0406,9.1746,2,2,2026-10-07T03:20:19+02:00
a64fx,pivot,512,main_scan_enc,2,"and 3",0.22,5.0877,9.0390,2,2,2026-10-07T03:20:19+02:00
a64fx,pivot,512,main_scan_enc,2,"and 3",0.22,5.0987,9.2811,2,2,2026-10-07T03:20:19+02:00
a64fx,pivot,512,main_scan_enc,2,"and 3",0.22,5.0969,9.2774,2,2,2026-10-07T03:20:19+02:00
a64fx,pivot,512,main_scan_enc,2,"and 3",0.22,5.1140,9.2939,2,2,2026-10-07T03:20:19+02:00
a64fx,pivot,512,main_scan_enc,2,"and 1",0.02,11.9657,19.7598,2,2,2026-10-07T03:20:19+02:00
a64fx,pivot,512,main_scan_enc,2,"and 1",0.02,11.8792,20.3490,2,2,2026-10-07T03:20:19+02:00
a64fx,pivot,512,main_scan_enc,2,"and 1",0.02,11.8342,20.3541,2,2,2026-10-07T03:20:19+02:00
a64fx,pivot,512,main_scan_enc,2,"and 1",0.02,11.8329,19.7389,2,2,2026-10-07T03:20:19+02:00
a64fx,pivot,512,main_scan_enc,2,"and 1",0.02,11.9382,20.2775,2,2,2026-10-07T03:20:19+02:00
a64fx,pivot,512,main_scan_enc,2,"and 2",0.14,6.7936,11.8536,2,2,2026-10-07T03:20:19+02:00
a64fx,pivot,512,main_scan_enc,2,"and 2",0.14,6.9365,11.6244,2,2,2026-10-07T03:20:19+02:00
a64fx,pivot,512,main_scan_enc,2,"and 2",0.14,6.9797,12.0416,2,2,2026-10-07T03:20:19+02:00
a64fx,pivot,512,main_scan_enc,2,"and 2",0.14,7.0002,12.0372,2,2,2026-10-07T03:20:19+02:00
a64fx,pivot,512,main_scan_enc,2,"and 2",0.14,6.9231,12.0112,2,2,2026-10-07T03:20:19+02:00
a64fx,pivot,512,main_scan_enc,2,"and 3",0.27,4.2250,8.6006,2,2,2026-10-07T03:20:19+02:00
a64fx,pivot,512,main_scan_enc,2,"and 3",0.27,4.3133,8.6457,2,2,2026-10-07T03:20:19+02:00
a64fx,pivot,512,main_scan_enc,2,"and 3",0.27,4.3103,8.7538,2,2,2026-10-07T03:20:19+02:00
a64fx,pivot,512,main_scan_enc,2,"and 3",0.27,4.3113,8.6011,2,2,2026-10-07T03:20:19+02:00
a64fx,pivot,512,main_scan_enc,2,"and 3",0.27,4.3068,8.4547,2,2,2026-10-07T03:20:19+02:00
a64fx,pivot,512,main_scan_enc,2,"and 1",0.05,13.0487,18.3376,2,2,2026-10-07T03:20:19+02:00
a64fx,pivot,512,main_scan_enc,2,"and 1",0.05,12.2975,17.7106,2,2,2026-10-07T03:20:19+02:00
a64fx,pivot,512,main_scan_enc,2,"and 1",0.05,13.0734,18.3103,2,2,2026-10-07T03:20:19+02:00
a64fx,pivot,512,main_scan_enc,2,"and 1",0.05,13.0764,18.3099,2,2,2026-10-07T03:20:19+02:00
a64fx,pivot,512,main_scan_enc,2,"and 1",0.05,12.9224,17.6851,2,2,2026-10-07T03:20:19+02:00
a64fx,pivot,512,main_scan_enc,2,"and 2",0.22,5.8615,10.9275,2,2,2026-10-07T03:20:19+02:00
a64fx,pivot,512,main_scan_enc,2,"and 2",0.22,5.8352,10.7203,2,2,2026-10-07T03:20:19+02:00
a64fx,pivot,512,main_scan_enc,2,"and 2",0.22,5.8376,10.9615,2,2,2026-10-07T03:20:19+02:00
a64fx,pivot,512,main_scan_enc,2,"and 2",0.22,5.8383,10.7788,2,2,2026-10-07T03:20:19+02:00
a64fx,pivot,512,main_scan_enc,2,"and 2",0.22,5.9140,11.1542,2,2,2026-10-07T03:20:19+02:00
a64fx,pivot,512,main_scan_enc,2,"and 3",0.37,3.2934,8.2610,2,2,2026-10-07T03:20:19+02:00
a64fx,pivot,512,main_scan_enc,2,"and 3",0.37,3.1866,8.1182,2,2,2026-10-07T03:20:19+02:00
a64fx,pivot,512,main_scan_enc,2,"and 3",0.37,3.1832,8.0937,2,2,2026-10-07T03:20:19+02:00
a64fx,pivot,512,main_scan_enc,2,"and 3",0.37,3.2062,8.0469,2,2,2026-10-07T03:20:19+02:00
a64fx,pivot,512,main_scan_enc,2,"and 3",0.37,3.2179,8.2562,2,2,2026-10-07T03:20:19+02:00
a64fx,pivot,512,main_scan_enc,2,"and 1",0.10,10.8349,17.9555,2,2,2026-10-07T03:20:19+02:00
a64fx,pivot,512,main_scan_enc,2,"and 1",0.10,10.5408,17.9282,2,2,2026-10-07T03:20:19+02:00
a64fx,pivot,512,main_scan_enc,2,"and 1",0.10,10.7012,17.5398,2,2,2026-10-07T03:20:19+02:00
a64fx,pivot,512,main_scan_enc,2,"and 1",0.10,10.8268,17.9838,2,2,2026-10-07T03:20:19+02:00
a64fx,pivot,512,main_scan_enc,2,"and 1",0.10,10.6739,17.1354,2,2,2026-10-07T03:20:19+02:00
a64fx,pivot,512,main_scan_enc,2,"and 2",0.32,4.3551,10.8517,2,2,2026-10-07T03:20:19+02:00
a64fx,pivot,512,main_scan_enc,2,"and 2",0.32,4.3828,10.5074,2,2,2026-10-07T03:20:19+02:00
a64fx,pivot,512,main_scan_enc,2,"and 2",0.32,4.3524,11.2136,2,2,2026-10-07T03:20:19+02:00
a64fx,pivot,512,main_scan_enc,2,"and 2",0.32,4.3767,11.1549,2,2,2026-10-07T03:20:19+02:00
a64fx,pivot,512,main_scan_enc,2,"and 2",0.32,4.3538,11.1633,2,2,2026-10-07T03:20:19+02:00
a64fx,pivot,512,main_scan_enc,2,"and 3",0.46,2.6114,8.0289,2,2,2026-10-07T03:20:19+02:00
a64fx,pivot,512,main_scan_enc,2,"and 3",0.46,2.5942,8.0213,2,2,2026-10-07T03:20:19+02:00
a64fx,pivot,512,main_scan_enc,2,"and 3",0.46,2.5952,8.1636,2,2,2026-10-07T03:20:19+02:00
a64fx,pivot,512,main_scan_enc,2,"and 3",0.46,2.5984,8.1549,2,2,2026-10-07T03:20:19+02:00
a64fx,pivot,512,main_scan_enc,2,"and 3",0.46,2.6025,8.0748,2,2,2026-10-07T03:20:19+02:00
a64fx,pivot,512,main_scan_enc,2,"and 1",0.20,7.7240,16.1711,2,2,2026-10-07T03:20:19+02:00
a64fx,pivot,512,main_scan_enc,2,"and 1",0.20,7.6549,16.1713,2,2,2026-10-07T03:20:19+02:00
a64fx,pivot,512,main_scan_enc,2,"and 1",0.20,7.6275,16.1848,2,2,2026-10-07T03:20:19+02:00
a64fx,pivot,512,main_scan_enc,2,"and 1",0.20,7.7206,16.1938,2,2,2026-10-07T03:20:19+02:00
a64fx,pivot,512,main_scan_enc,2,"and 1",0.20,7.6504,15.4224,2,2,2026-10-07T03:20:19+02:00
a64fx,pivot,512,main_scan_enc,2,"and 2",0.45,3.1027,10.5447,2,2,2026-10-07T03:20:19+02:00
a64fx,pivot,512,main_scan_enc,2,"and 2",0.45,3.0858,10.5531,2,2,2026-10-07T03:20:19+02:00
a64fx,pivot,512,main_scan_enc,2,"and 2",0.45,3.0953,10.5468,2,2,2026-10-07T03:20:19+02:00
a64fx,pivot,512,main_scan_enc,2,"and 2",0.45,3.0895,10.2707,2,2,2026-10-07T03:20:19+02:00
a64fx,pivot,512,main_scan_enc,2,"and 2",0.45,3.0623,10.4003,2,2,2026-10-07T03:20:19+02:00
a64fx,pivot,512,main_scan_enc,2,"and 3",0.58,2.4258,7.8975,2,2,2026-10-07T03:20:19+02:00
a64fx,pivot,512,main_scan_enc,2,"and 3",0.58,2.4194,8.0715,2,2,2026-10-07T03:20:19+02:00
a64fx,pivot,512,main_scan_enc,2,"and 3",0.58,2.4238,7.9055,2,2,2026-10-07T03:20:19+02:00
a64fx,pivot,512,main_scan_enc,2,"and 3",0.58,2.4269,7.9727,2,2,2026-10-07T03:20:19+02:00
a64fx,pivot,512,main_scan_enc,2,"and 3",0.58,2.4296,7.9283,2,2,2026-10-07T03:20:19+02:00
a64fx,pivot,512,main_scan_enc,2,"and 1",0.50,3.3005,13.0200,2,2,2026-10-07T03:20:19+02:00
a64fx,pivot,512,main_scan_enc,2,"and 1",0.50,4.2718,12.7660,2,2,2026-10-07T03:20:19+02:00
a64fx,pivot,512,main_scan_enc,2,"and 1",0.50,4.2661,13.1694,2,2,2026-10-07T03:20:19+02:00
a64fx,pivot,512,main_scan_enc,2,"and 1",0.50,4.2463,13.2003,2,2,2026-10-07T03:20:19+02:00
a64fx,pivot,512,main_scan_enc,2,"and 1",0.50,4.2798,12.9589,2,2,2026-10-07T03:20:19+02:00
a64fx,pivot,512,main_scan_enc,2,"and 2",0.71,3.5708,9.1852,2,2,2026-10-07T03:20:19+02:00
a64fx,pivot,512,main_scan_enc,2,"and 2",0.71,3.5377,9.0738,2,2,2026-10-07T03:20:19+02:00
a64fx,pivot,512,main_scan_enc,2,"and 2",0.71,3.5528,9.1841,2,2,2026-10-07T03:20:19+02:00
a64fx,pivot,512,main_scan_enc,2,"and 2",0.71,3.5544,8.9756,2,2,2026-10-07T03:20:19+02:00
a64fx,pivot,512,main_scan_enc,2,"and 2",0.71,3.5530,9.0955,2,2,2026-10-07T03:20:19+02:00
a64fx,pivot,512,main_scan_enc,2,"and 3",0.79,3.2375,7.2744,2,2,2026-10-07T03:20:19+02:00
a64fx,pivot,512,main_scan_enc,2,"and 3",0.79,3.2346,7.2782,2,2,2026-10-07T03:20:19+02:00
a64fx,pivot,512,main_scan_enc,2,"and 3",0.79,3.2218,7.1883,2,2,2026-10-07T03:20:19+02:00
a64fx,pivot,512,main_scan_enc,2,"and 3",0.79,3.2148,7.1498,2,2,2026-10-07T03:20:19+02:00
a64fx,pivot,512,main_scan_enc,2,"and 3",0.79,3.1913,7.1793,2,2,2026-10-07T03:20:19+02:00
a64fx,pivot,512,main_scan_enc,2,"and 1",1.00,16.0049,9.5169,2,2,2026-10-07T03:20:19+02:00
a64fx,pivot,512,main_scan_enc,2,"and 1",1.00,16.5518,9.7723,2,2,2026-10-07T03:20:19+02:00
a64fx,pivot,512,main_scan_enc,2,"and 1",1.00,15.7926,9.5868,2,2,2026-10-07T03:20:19+02:00
a64fx,pivot,512,main_scan_enc,2,"and 1",1.00,16.5335,9.7349,2,2,2026-10-07T03:20:19+02:00
a64fx,pivot,512,main_scan_enc,2,"and 1",1.00,16.5271,9.5285,2,2,2026-10-07T03:20:19+02:00
a64fx,pivot,512,main_scan_enc,2,"and 2",1.00,9.3272,7.3035,2,2,2026-10-07T03:20:19+02:00
a64fx,pivot,512,main_scan_enc,2,"and 2",1.00,9.3365,7.2203,2,2,2026-10-07T03:20:19+02:00
a64fx,pivot,512,main_scan_enc,2,"and 2",1.00,9.4192,7.3181,2,2,2026-10-07T03:20:19+02:00
a64fx,pivot,512,main_scan_enc,2,"and 2",1.00,9.3932,7.3226,2,2,2026-10-07T03:20:19+02:00
a64fx,pivot,512,main_scan_enc,2,"and 2",1.00,9.4135,7.4221,2,2,2026-10-07T03:20:19+02:00
a64fx,pivot,512,main_scan_enc,2,"and 3",1.00,6.1929,5.9634,2,2,2026-10-07T03:20:19+02:00
a64fx,pivot,512,main_scan_enc,2,"and 3",1.00,6.2440,6.0998,2,2,2026-10-07T03:20:19+02:00
a64fx,pivot,512,main_scan_enc,2,"and 3",1.00,6.2841,6.0434,2,2,2026-10-07T03:20:19+02:00
a64fx,pivot,512,main_scan_enc,2,"and 3",1.00,6.2320,6.0061,2,2,2026-10-07T03:20:19+02:00
a64fx,pivot,512,main_scan_enc,2,"and 3",1.00,6.2388,6.0074,2,2,2026-10-07T03:20:19+02:00
a64fx,pivot,128,main_gather,2,"gather_byte",100.00,0.073737,0.073737,2,2,2026-10-07T03:34:41+02:00
a64fx,pivot,128,main_gather,2,"gather_short",100.00,0.062528,0.062528,2,2,2026-10-07T03:34:41+02:00
a64fx,pivot,128,main_gather,2,"gather_int",100.00,0.065066,0.065066,2,2,2026-10-07T03:34:41+02:00
a64fx,pivot,128,main_gather,2,"gather_long",100.00,0.060706,0.060706,2,2,2026-10-07T03:34:41+02:00
a64fx,pivot,128,main_gather,2,"gather_char",100.00,0.007462,0.007462,2,2,2026-10-07T03:34:41+02:00
a64fx,pivot,128,main_gather,2,"gather_encoded",100.00,0.054082,0.054082,2,2,2026-10-07T03:34:41+02:00
a64fx,pivot,128,main_gather,2,"copy_encoded",100.00,0.342211,0.342211,2,2,2026-10-07T03:34:41+02:00
a64fx,pivot,256,main_gather,2,"gather_byte",100.00,0.072309,0.072309,2,2,2026-10-07T03:39:25+02:00
a64fx,pivot,256,main_gather,2,"gather_short",100.00,0.063148,0.063148,2,2,2026-10-07T03:39:25+02:00
a64fx,pivot,256,main_gather,2,"gather_int",100.00,0.054564,0.054564,2,2,2026-10-07T03:39:25+02:00
a64fx,pivot,256,main_gather,2,"gather_long",100.00,0.052637,0.052637,2,2,2026-10-07T03:39:25+02:00
a64fx,pivot,256,main_gather,2,"gather_char",100.00,0.013921,0.013921,2,2,2026-10-07T03:39:25+02:00
a64fx,pivot,256,main_gather,2,"gather_encoded",100.00,0.048403,0.048403,2,2,2026-10-07T03:39:25+02:00
a64fx,pivot,256,main_gather,2,"copy_encoded",100.00,1.227230,1.227230,2,2,2026-10-07T03:39:25+02:00
a64fx,pivot,512,main_gather,2,"gather_byte",100.00,0.071725,0.071725,2,2,2026-10-07T03:44:05+02:00
a64fx,pivot,512,main_gather,2,"gather_short",100.00,0.063774,0.063774,2,2,2026-10-07T03:44:05+02:00
a64fx,pivot,512,main_gather,2,"gather_int",100.00,0.053307,0.053307,2,2,2026-10-07T03:44:05+02:00
a64fx,pivot,512,main_gather,2,"gather_long",100.00,0.050652,0.050652,2,2,2026-10-07T03:44:05+02:00
a64fx,pivot,512,main_gather,2,"gather_char",100.00,0.008371,0.008371,2,2,2026-10-07T03:44:05+02:00
a64fx,pivot,512,main_gather,2,"gather_encoded",100.00,0.074764,0.074764,2,2,2026-10-07T03:44:05+02:00
a64fx,pivot,512,main_gather,2,"copy_encoded",100.00,3.415010,3.415010,2,2,2026-10-07T03:44:05+02:00
a64fx,pivot,128,main_hash,2,"jenkins_hash",100.00,0.006569,0.006569,2,2,2026-10-07T03:54:00+02:00
a64fx,pivot,128,main_hash,2,"fnv_hash",100.00,0.008215,0.008215,2,2,2026-10-07T03:54:00+02:00
a64fx,pivot,128,main_hash,2,"murmur_hash",100.00,0.023245,0.023245,2,2,2026-10-07T03:54:00+02:00
a64fx,pivot,256,main_hash,2,"jenkins_hash",100.00,0.005272,0.005272,2,2,2026-10-07T03:55:25+02:00
a64fx,pivot,256,main_hash,2,"fnv_hash",100.00,0.005723,0.005723,2,2,2026-10-07T03:55:25+02:00
a64fx,pivot,256,main_hash,2,"murmur_hash",100.00,0.015094,0.015094,2,2,2026-10-07T03:55:25+02:00
a64fx,pivot,512,main_hash,2,"jenkins_hash",100.00,0.005777,0.005777,2,2,2026-10-07T03:56:56+02:00
a64fx,pivot,512,main_hash,2,"fnv_hash",100.00,0.006395,0.006395,2,2,2026-10-07T03:56:56+02:00
a64fx,pivot,512,main_hash,2,"murmur_hash",100.00,0.018469,0.018469,2,2,2026-10-07T03:56:56+02:00
a64fx,pivot,128,main_select,2,"select_byte",100.00,0.630532,0.630532,2,2,2026-10-07T04:08:08+02:00
a64fx,pivot,128,main_select,2,"select_short",100.00,0.744848,0.744848,2,2,2026-10-07T04:08:08+02:00
a64fx,pivot,128,main_select,2,"select_int",100.00,0.820214,0.820214,2,2,2026-10-07T04:08:08+02:00
a64fx,pivot,128,main_select,2,"select_long",100.00,0.609630,0.609630,2,2,2026-10-07T04:08:08+02:00
a64fx,pivot,128,main_select,2,"select_float",100.00,0.819980,0.819980,2,2,2026-10-07T04:08:08+02:00
a64fx,pivot,128,main_select,2,"select_double",100.00,0.610497,0.610497,2,2,2026-10-07T04:08:08+02:00
a64fx,pivot,128,main_select,2,"select_char",100.00,0.035332,0.035332,2,2,2026-10-07T04:08:08+02:00
a64fx,pivot,128,main_select,2,"select_encoded",100.00,0.177632,0.177632,2,2,2026-10-07T04:08:08+02:00
a64fx,pivot,256,main_select,2,"select_byte",100.00,0.709770,0.709770,2,2,2026-10-07T04:10:41+02:00
a64fx,pivot,256,main_select,2,"select_short",100.00,0.686113,0.686113,2,2,2026-10-07T04:10:41+02:00
a64fx,pivot,256,main_select,2,"select_int",100.00,0.679654,0.679654,2,2,2026-10-07T04:10:41+02:00
a64fx,pivot,256,main_select,2,"select_long",100.00,0.510455,0.510455,2,2,2026-10-07T04:10:41+02:00
a64fx,pivot,256,main_select,2,"select_float",100.00,0.679392,0.679392,2,2,2026-10-07T04:10:41+02:00
a64fx,pivot,256,main_select,2,"select_double",100.00,0.510553,0.510553,2,2,2026-10-07T04:10:41+02:00
a64fx,pivot,256,main_select,2,"select_char",100.00,0.042517,0.042517,2,2,2026-10-07T04:10:41+02:00
a64fx,pivot,256,main_select,2,"select_encoded",100.00,0.438761,0.438761,2,2,2026-10-07T04:10:41+02:00
a64fx,pivot,512,main_select,2,"select_byte",100.00,0.963362,0.963362,2,2,2026-10-07T04:12:39+02:00
a64fx,pivot,512,main_select,2,"select_short",100.00,0.932699,0.932699,2,2,2026-10-07T04:12:39+02:00
a64fx,pivot,512,main_select,2,"select_int",100.00,0.914750,0.914750,2,2,2026-10-07T04:12:39+02:00
a64fx,pivot,512,main_select,2,"select_long",100.00,0.624321,0.624321,2,2,2026-10-07T04:12:39+02:00
a64fx,pivot,512,main_select,2,"select_float",100.00,0.913245,0.913245,2,2,2026-10-07T04:12:39+02:00
a64fx,pivot,512,main_select,2,"select_double",100.00,0.625072,0.625072,2,2,2026-10-07T04:12:39+02:00
a64fx,pivot,512,main_select,2,"select_char",100.00,0.040018,0.040018,2,2,2026-10-07T04:12:39+02:00
a64fx,pivot,512,main_select,2,"select_encoded",100.00,0.638014,0.638014,2,2,2026-10-07T04:12:39+02:00
a64fx,pivot,128,main_filter,2,"filter_byte_eq",100.00,0.026112,0.026112,2,2,2026-10-07T04:23:00+02:00
a64fx,pivot,128,main_filter,2,"filter_byte_lt",100.00,0.026195,0.026195,2,2,2026-10-07T04:23:00+02:00
a64fx,pivot,128,main_filter,2,"filter_byte_gt",100.00,0.026193,0.026193,2,2,2026-10-07T04:23:00+02:00
a64fx,pivot,128,main_filter,2,"filter_byte_ne",100.00,0.025789,0.025789,2,2,2026-10-07T04:23:00+02:00
a64fx,pivot,128,main_filter,2,"filter_byte_le",100.00,0.026192,0.026192,2,2,2026-10-07T04:23:00+02:00
a64fx,pivot,128,main_filter,2,"filter_byte_ge",100.00,0.026189,0.026189,2,2,2026-10-07T04:23:00+02:00
a64fx,pivot,128,main_filter,2,"filter_short_eq",100.00,0.024250,0.024250,2,2,2026-10-07T04:23:00+02:00
a64fx,pivot,128,main_filter,2,"filter_short_lt",100.00,0.024216,0.024216,2,2,2026-10-07T04:23:00+02:00
a64fx,pivot,128,main_filter,2,"filter_short_gt",100.00,0.024253,0.024253,2,2,2026-10-07T04:23:00+02:00
a64fx,pivot,128,main_filter,2,"filter_short_ne",100.00,0.022484,0.022484,2,2,2026-10-07T04:23:00+02:00
a64fx,pivot,128,main_filter,2,"filter_short_le",100.00,0.024257,0.024257,2,2,2026-10-07T04:23:00+02:00
a64fx,pivot,128,main_filter,2,"filter_short_ge",100.00,0.024263,0.024263,2,2,2026-10-07T04:23:00+02:00
a64fx,pivot,128,main_filter,2,"filter_int_eq",100.00,0.020891,0.020891,2,2,2026-10-07T04:23:00+02:00
a64fx,pivot,128,main_filter,2,"filter_int_lt",100.00,0.020997,0.020997,2,2,2026-10-07T04:23:00+02:00
a64fx,pivot,128,main_filter,2,"filter_int_gt",100.00,0.021009,0.021009,2,2,2026-10-07T04:23:00+02:00
a64fx,pivot,128,main_filter,2,"filter_int_ne",100.00,0.022323,0.022323,2,2,2026-10-07T04:23:00+02:00
a64fx,pivot,128,main_filter,2,"filter_int_le",100.00,0.021010,0.021010,2,2,2026-10-07T04:23:00+02:00
a64fx,pivot,128,main_filter,2,"filter_int_ge",100.00,0.020993,0.020993,2,2,2026-10-07T04:23:00+02:00
a64fx,pivot,128,main_filter,2,"filter_long_eq",100.00,0.004282,0.004282,2,2,2026-10-07T04:23:00+02:00
a64fx,pivot,128,main_filter,2,"filter_long_lt",100.00,0.004286,0.004286,2,2,2026-10-07T04:23:00+02:00
a64fx,pivot,128,main_filter,2,"filter_long_gt",100.00,0.004285,0.004285,2,2,2026-10-07T04:23:00+02:00
a64fx,pivot,128,main_filter,2,"filter_long_ne",100.00,0.004327,0.004327,2,2,2026-10-07T04:23:00+02:00
a64fx,pivot,128,main_filter,2,"filter_long_le",100.00,0.004288,0.004288,2,2,2026-10-07T04:23:00+02:00
a64fx,pivot,128,main_filter,2,"filter_long_ge",100.00,0.004283,0.004283,2,2,2026-10-07T04:23:00+02:00
a64fx,pivot,128,main_filter,2,"filter_float_eq",100.00,0.020984,0.020984,2,2,2026-10-07T04:23:00+02:00
a64fx,pivot,128,main_filter,2,"filter_float_lt",100.00,0.021037,0.021037,2,2,2026-10-07T04:23:00+02:00
a64fx,pivot,128,main_filter,2,"filter_float_gt",100.00,0.021056,0.021056,2,2,2026-10-07T04:23:00+02:00
a64fx,pivot,128,main_filter,2,"filter_float_ne",100.00,0.023894,0.023894,2,2,2026-10-07T04:23:00+02:00
a64fx,pivot,128,main_filter,2,"filter_float_le",100.00,0.021058,0.021058,2,2,2026-10-07T04:23:00+02:00
a64fx,pivot,128,main_filter,2,"filter_float_ge",100.00,0.021055,0.021055,2,2,2026-10-07T04:23:00+02:00
a64fx,pivot,128,main_filter,2,"filter_double_eq",100.00,0.004282,0.004282,2,2,2026-10-07T04:23:00+02:00
a64fx,pivot,128,main_filter,2,"filter_double_lt",100.00,0.004284,0.004284,2,2,2026-10-07T04:23:00+02:00
a64fx,pivot,128,main_filter,2,"filter_double_gt",100.00,0.004286,0.004286,2,2,2026-10-07T04:23:00+02:00
a64fx,pivot,128,main_filter,2,"filter_double_ne",100.00,0.004301,0.004301,2,2,2026-10-07T04:23:00+02:00
a64fx,pivot,128,main_filter,2,"filter_double_le",100.00,0.004286,0.004286,2,2,2026-10-07T04:23:00+02:00
a64fx,pivot,128,main_filter,2,"filter_double_ge",100.00,0.004285,0.004285,2,2,2026-10-07T04:23:00+02:00
a64fx,pivot,128,main_filter,2,"filter_char_eq",100.00,0.003326,0.003326,2,2,2026-10-07T04:23:00+02:00
a64fx,pivot,128,main_filter,2,"filter_char_lt",100.00,0.003154,0.003154,2,2,2026-10-07T04:23:00+02:00
a64fx,pivot,128,main_filter,2,"filter_char_gt",100.00,0.003154,0.003154,2,2,2026-10-07T04:23:00+02:00
a64fx,pivot,128,main_filter,2,"filter_char_ne",100.00,0.003340,0.003340,2,2,2026-10-07T04:23:00+02:00
a64fx,pivot,128,main_filter,2,"filter_char_le",100.00,0.003146,0.003146,2,2,2026-10-07T04:23:00+02:00
a64fx,pivot,128,main_filter,2,"filter_char_ge",100.00,0.003159,0.003159,2,2,2026-10-07T04:23:00+02:00
a64fx,pivot,256,main_filter,2,"filter_byte_eq",100.00,0.023882,0.023882,2,2,2026-10-07T04:25:35+02:00
a64fx,pivot,256,main_filter,2,"filter_byte_lt",100.00,0.024005,0.024005,2,2,2026-10-07T04:25:35+02:00
a64fx,pivot,256,main_filter,2,"filter_byte_gt",100.00,0.024005,0.024005,2,2,2026-10-07T04:25:35+02:00
a64fx,pivot,256,main_filter,2,"filter_byte_ne",100.00,0.024615,0.024615,2,2,2026-10-07T04:25:35+02:00
a64fx,pivot,256,main_filter,2,"filter_byte_le",100.00,0.024018,0.024018,2,2,2026-10-07T04:25:35+02:00
a64fx,pivot,256,main_filter,2,"filter_byte_ge",100.00,0.024009,0.024009,2,2,2026-10-07T04:25:35+02:00
a64fx,pivot,256,main_filter,2,"filter_short_eq",100.00,0.023495,0.023495,2,2,2026-10-07T04:25:35+02:00
a64fx,pivot,256,main_filter,2,"filter_short_lt",100.00,0.023359,0.023359,2,2,2026-10-07T04:25:35+02:00
a64fx,pivot,256,main_filter,2,"filter_short_gt",100.00,0.023361,0.023361,2,2,2026-10-07T04:25:35+02:00
a64fx,pivot,256,main_filter,2,"filter_short_ne",100.00,0.024068,0.024068,2,2,2026-10-07T04:25:35+02:00
a64fx,pivot,256,main_filter,2,"filter_short_le",100.00,0.023363,0.023363,2,2,2026-10-07T04:25:35+02:00
a64fx,pivot,256,main_filter,2,"filter_short_ge",100.00,0.023363,0.023363,2,2,2026-10-07T04:25:35+02:00
a64fx,pivot,256,main_filter,2,"filter_int_eq",100.00,0.022503,0.022503,2,2,2026-10-07T04:25:35+02:00
a64fx,pivot,256,main_filter,2,"filter_int_lt",100.00,0.022151,0.022151,2,2,2026-10-07T04:25:35+02:00
a64fx,pivot,256,main_filter,2,"filter_int_gt",100.00,0.022171,0.022171,2,2,2026-10-07T04:25:35+02:00
a64fx,pivot,256,main_filter,2,"filter_int_ne",100.00,0.023369,0.023369,2,2,2026-10-07T04:25:35+02:00
a64fx,pivot,256,main_filter,2,"filter_int_le",100.00,0.022182,0.022182,2,2,2026-10-07T04:25:35+02:00
a64fx,pivot,256,main_filter,2,"filter_int_ge",100.00,0.022145,0.022145,2,2,2026-10-07T04:25:35+02:00
a64fx,pivot,256,main_filter,2,"filter_long_eq",100.00,0.004209,0.004209,2,2,2026-10-07T04:25:35+02:00
a64fx,pivot,256,main_filter,2,"filter_long_lt",100.00,0.004213,0.004213,2,2,2026-10-07T04:25:35+02:00
a64fx,pivot,256,main_filter,2,"filter_long_gt",100.00,0.004212,0.004212,2,2,2026-10-07T04:25:35+02:00
a64fx,pivot,256,main_filter,2,"filter_long_ne",100.00,0.004230,0.004230,2,2,2026-10-07T04:25:35+02:00
a64fx,pivot,256,main_filter,2,"filter_long_le",100.00,0.004214,0.004214,2,2,2026-10-07T04:25:35+02:00
a64fx,pivot,256,main_filter,2,"filter_long_ge",100.00,0.004191,0.004191,2,2,2026-10-07T04:25:35+02:00
a64fx,pivot,256,main_filter,2,"filter_float_eq",100.00,0.022244,0.022244,2,2,2026-10-07T04:25:35+02:00
a64fx,pivot,256,main_filter,2,"filter_float_lt",100.00,0.022144,0.022144,2,2,2026-10-07T04:25:35+02:00
a64fx,pivot,256,main_filter,2,"filter_float_gt",100.00,0.022158,0.022158,2,2,2026-10-07T04:25:35+02:00
a64fx,pivot,256,main_filter,2,"filter_float_ne",100.00,0.023177,0.023177,2,2,2026-10-07T04:25:35+02:00
a64fx,pivot,256,main_filter,2,"filter_float_le",100.00,0.022119,0.022119,2,2,2026-10-07T04:25:35+02:00
a64fx,pivot,256,main_filter,2,"filter_float_ge",100.00,0.022133,0.022133,2,2,2026-10-07T04:25:35+02:00
a64fx,pivot,256,main_filter,2,"filter_double_eq",100.00,0.004164,0.004164,2,2,2026-10-07T04:25:35+02:00
a64fx,pivot,256,main_filter,2,"filter_double_lt",100.00,0.004160,0.004160,2,2,2026-10-07T04:25:35+02:00
a64fx,pivot,256,main_filter,2,"filter_double_gt",100.00,0.004163,0.004163,2,2,2026-10-07T04:25:35+02:00
a64fx,pivot,256,main_filter,2,"filter_double_ne",100.00,0.004197,0.004197,2,2,2026-10-07T04:25:35+02:00
a64fx,pivot,256,main_filter,2,"filter_double_le",100.00,0.004161,0.004161,2,2,2026-10-07T04:25:35+02:00
a64fx,pivot,256,main_filter,2,"filter_double_ge",100.00,0.004161,0.004161,2,2,2026-10-07T04:25:35+02:00
a64fx,pivot,256,main_filter,2,"filter_char_eq",100.00,0.003285,0.003285,2,2,2026-10-07T04:25:35+02:00
a64fx,pivot,256,main_filter,2,"filter_char_lt",100.00,0.002865,0.002865,2,2,2026-10-07T04:25:35+02:00
a64fx,pivot,256,main_filter,2,"filter_char_gt",100.00,0.002923,0.002923,2,2,2026-10-07T04:25:35+02:00
a64fx,pivot,256,main_filter,2,"filter_char_ne",100.00,0.003267,0.003267,2,2,2026-10-07T04:25:35+02:00
a64fx,pivot,256,main_filter,2,"filter_char_le",100.00,0.002918,0.002918,2,2,2026-10-07T04:25:35+02:00
a64fx,pivot,256,main_filter,2,"filter_char_ge",100.00,0.002903,0.002903,2,2,2026-10-07T04:25:35+02:00
a64fx,pivot,512,main_filter,2,"filter_byte_eq",100.00,0.026352,0.026352,2,2,2026-10-07T04:28:13+02:00
a64fx,pivot,512,main_filter,2,"filter_byte_lt",100.00,0.027875,0.027875,2,2,2026-10-07T04:28:13+02:00
a64fx,pivot,512,main_filter,2,"filter_byte_gt",100.00,0.027866,0.027866,2,2,2026-10-07T04:28:13+02:00
a64fx,pivot,512,main_filter,2,"filter_byte_ne",100.00,0.028378,0.028378,2,2,2026-10-07T04:28:13+02:00
a64fx,pivot,512,main_filter,2,"filter_byte_le",100.00,0.027864,0.027864,2,2,2026-10-07T04:28:13+02:00
a64fx,pivot,512,main_filter,2,"filter_byte_ge",100.00,0.027869,0.027869,2,2,2026-10-07T04:28:13+02:00
a64fx,pivot,512,main_filter,2,"filter_short_eq",100.00,0.023559,0.023559,2,2,2026-10-07T04:28:13+02:00
a64fx,pivot,512,main_filter,2,"filter_short_lt",100.00,0.025976,0.025976,2,2,2026-10-07T04:28:13+02:00
a64fx,pivot,512,main_filter,2,"filter_short_gt",100.00,0.025983,0.025983,2,2,2026-10-07T04:28:13+02:00
a64fx,pivot,512,main_filter,2,"filter_short_ne",100.00,0.026805,0.026805,2,2,2026-10-07T04:28:13+02:00
a64fx,pivot,512,main_filter,2,"filter_short_le",100.00,0.026016,0.026016,2,2,2026-10-07T04:28:13+02:00
a64fx,pivot,512,main_filter,2,"filter_short_ge",100.00,0.026010,0.026010,2,2,2026-10-07T04:28:13+02:00
a64fx,pivot,512,main_filter,2,"filter_int_eq",100.00,0.023085,0.023085,2,2,2026-10-07T04:28:13+02:00
a64fx,pivot,512,main_filter,2,"filter_int_lt",100.00,0.023991,0.023991,2,2,2026-10-07T04:28:13+02:00
a64fx,pivot,512,main_filter,2,"filter_int_gt",100.00,0.023966,0.023966,2,2,2026-10-07T04:28:13+02:00
a64fx,pivot,512,main_filter,2,"filter_int_ne",100.00,0.025119,0.025119,2,2,2026-10-07T04:28:13+02:00
a64fx,pivot,512,main_filter,2,"filter_int_le",100.00,0.023971,0.023971,2,2,2026-10-07T04:28:13+02:00
a64fx,pivot,512,main_filter,2,"filter_int_ge",100.00,0.023993,0.023993,2,2,2026-10-07T04:28:13+02:00
a64fx,pivot,512,main_filter,2,"filter_long_eq",100.00,0.004230,0.004230,2,2,2026-10-07T04:28:13+02:00
a64fx,pivot,512,main_filter,2,"filter_long_lt",100.00,0.004212,0.004212,2,2,2026-10-07T04:28:13+02:00
a64fx,pivot,512,main_filter,2,"filter_long_gt",100.00,0.004214,0.004214,2,2,2026-10-07T04:28:13+02:00
a64fx,pivot,512,main_filter,2,"filter_long_ne",100.00,0.004218,0.004218,2,2,2026-10-07T04:28:13+02:00
a64fx,pivot,512,main_filter,2,"filter_long_le",100.00,0.004216,0.004216,2,2,2026-10-07T04:28:13+02:00
a64fx,pivot,512,main_filter,2,"filter_long_ge",100.00,0.004213,0.004213,2,2,2026-10-07T04:28:13+02:00
a64fx,pivot,512,main_filter,2,"filter_float_eq",100.00,0.023223,0.023223,2,2,2026-10-07T04:28:13+02:00
a64fx,pivot,512,main_filter,2,"filter_float_lt",100.00,0.024417,0.024417,2,2,2026-10-07T04:28:13+02:00
a64fx,pivot,512,main_filter,2,"filter_float_gt",100.00,0.024419,0.024419,2,2,2026-10-07T04:28:13+02:00
a64fx,pivot,512,main_filter,2,"filter_float_ne",100.00,0.025698,0.025698,2,2,2026-10-07T04:28:13+02:00
a64fx,pivot,512,main_filter,2,"filter_float_le",100.00,0.024426,0.024426,2,2,2026-10-07T04:28:13+02:00
a64fx,pivot,512,main_filter,2,"filter_float_ge",100.00,0.024420,0.024420,2,2,2026-10-07T04:28:13+02:00
a64fx,pivot,512,main_filter,2,"filter_double_eq",100.00,0.004257,0.004257,2,2,2026-10-07T04:28:13+02:00
a64fx,pivot,512,main_filter,2,"filter_double_lt",100.00,0.004253,0.004253,2,2,2026-10-07T04:28:13+02:00
a64fx,pivot,512,main_filter,2,"filter_double_gt",100.00,0.004242,0.004242,2,2,2026-10-07T04:28:13+02:00
a64fx,pivot,512,main_filter,2,"filter_double_ne",100.00,0.004244,0.004244,2,2,2026-10-07T04:28:13+02:00
a64fx,pivot,512,main_filter,2,"filter_double_le",100.00,0.004254,0.004254,2,2,2026-10-07T04:28:13+02:00
a64fx,pivot,512,main_filter,2,"filter_double_ge",100.00,0.004251,0.004251,2,2,2026-10-07T04:28:13+02:00
a64fx,pivot,512,main_filter,2,"filter_char_eq",100.00,0.003308,0.003308,2,2,2026-10-07T04:28:13+02:00
a64fx,pivot,512,main_filter,2,"filter_char_lt",100.00,0.003130,0.003130,2,2,2026-10-07T04:28:13+02:00
a64fx,pivot,512,main_filter,2,"filter_char_gt",100.00,0.003128,0.003128,2,2,2026-10-07T04:28:13+02:00
a64fx,pivot,512,main_filter,2,"filter_char_ne",100.00,0.003315,0.003315,2,2,2026-10-07T04:28:13+02:00
a64fx,pivot,512,main_filter,2,"filter_char_le",100.00,0.003131,0.003131,2,2,2026-10-07T04:28:13+02:00
a64fx,pivot,512,main_filter,2,"filter_char_ge",100.00,0.003128,0.003128,2,2,2026-10-07T04:28:13+02:00
a64fx,pivot,128,main_shuffle,2,"shuffle_offset",100.00,0.039214,0.039214,2,2,2026-10-07T04:54:53+02:00
a64fx,pivot,128,main_shuffle,2,"shuffle_byte",100.00,0.209448,0.209448,2,2,2026-10-07T04:54:53+02:00
a64fx,pivot,128,main_shuffle,2,"flush_byte",100.00,633.867916,633.867916,2,2,2026-10-07T04:54:53+02:00
a64fx,pivot,128,main_shuffle,2,"shuffle_short",100.00,0.142044,0.142044,2,2,2026-10-07T04:54:53+02:00
a64fx,pivot,128,main_shuffle,2,"flush_short",100.00,611.851614,611.851614,2,2,2026-10-07T04:54:53+02:00
a64fx,pivot,128,main_shuffle,2,"shuffle_int",100.00,0.112972,0.112972,2,2,2026-10-07T04:54:53+02:00
a64fx,pivot,128,main_shuffle,2,"flush_int",100.00,712.456727,712.456727,2,2,2026-10-07T04:54:53+02:00
a64fx,pivot,128,main_shuffle,2,"shuffle_long",100.00,0.085538,0.085538,2,2,2026-10-07T04:54:53+02:00
a64fx,pivot,128,main_shuffle,2,"flush_long",100.00,787.795872,787.795872,2,2,2026-10-07T04:54:53+02:00
a64fx,pivot,128,main_shuffle,2,"shuffle_char",100.00,0.011866,0.011866,2,2,2026-10-07T04:54:53+02:00
a64fx,pivot,128,main_shuffle,2,"flush_char",100.00,625.276922,625.276922,2,2,2026-10-07T04:54:53+02:00
a64fx,pivot,256,main_shuffle,2,"shuffle_offset",100.00,0.053176,0.053176,2,2,2026-10-07T05:02:34+02:00
a64fx,pivot,256,main_shuffle,2,"shuffle_byte",100.00,0.181481,0.181481,2,2,2026-10-07T05:02:34+02:00
a64fx,pivot,256,main_shuffle,2,"flush_byte",100.00,599.006584,599.006584,2,2,2026-10-07T05:02:34+02:00
a64fx,pivot,256,main_shuffle,2,"shuffle_short",100.00,0.144842,0.144842,2,2,2026-10-07T05:02:34+02:00
a64fx,pivot,256,main_shuffle,2,"flush_short",100.00,631.672289,631.672289,2,2,2026-10-07T05:02:34+02:00
a64fx,pivot,256,main_shuffle,2,"shuffle_int",100.00,0.133468,0.133468,2,2,2026-10-07T05:02:34+02:00
a64fx,pivot,256,main_shuffle,2,"flush_int",100.00,724.392325,724.392325,2,2,2026-10-07T05:02:34+02:00
a64fx,pivot,256,main_shuffle,2,"shuffle_long",100.00,0.088042,0.088042,2,2,2026-10-07T05:02:34+02:00
a64fx,pivot,256,main_shuffle,2,"flush_long",100.00,827.932096,827.932096,2,2,2026-10-07T05:02:34+02:00
a64fx,pivot,256,main_shuffle,2,"shuffle_char",100.00,0.013966,0.013966,2,2,2026-10-07T05:02:34+02:00
a64fx,pivot,256,main_shuffle,2,"flush_char",100.00,589.924472,589.924472,2,2,2026-10-07T05:02:34+02:00
a64fx,pivot,512,main_shuffle,2,"shuffle_offset",100.00,0.091488,0.091488,2,2,2026-10-07T05:10:09+02:00
a64fx,pivot,512,main_shuffle,2,"shuffle_byte",100.00,0.182103,0.182103,2,2,2026-10-07T05:10:09+02:00
a64fx,pivot,512,main_shuffle,2,"flush_byte",100.00,566.338644,566.338644,2,2,2026-10-07T05:10:09+02:00
a64fx,pivot,512,main_shuffle,2,"shuffle_short",100.00,0.154494,0.154494,2,2,2026-10-07T05:10:09+02:00
a64fx,pivot,512,main_shuffle,2,"flush_short",100.00,592.750707,592.750707,2,2,2026-10-07T05:10:09+02:00
a64fx,pivot,512,main_shuffle,2,"shuffle_int",100.00,0.133383,0.133383,2,2,2026-10-07T05:10:09+02:00
a64fx,pivot,512,main_shuffle,2,"flush_int",100.00,690.875309,690.875309,2,2,2026-10-07T05:10:09+02:00
a64fx,pivot,512,main_shuffle,2,"shuffle_long",100.00,0.099023,0.099023,2,2,2026-10-07T05:10:09+02:00
a64fx,pivot,512,main_shuffle,2,"flush_long",100.00,769.738301,769.738301,2,2,2026-10-07T05:10:09+02:00
a64fx,pivot,512,main_shuffle,2,"shuffle_char",100.00,0.017865,0.017865,2,2,2026-10-07T05:10:09+02:00
a64fx,pivot,512,main_shuffle,2,"flush_char",100.00,563.052128,563.052128,2,2,2026-10-07T05:10:09+02:00
a64fx,pivot,128,main_expr,2,"expr_float/+",100.00,2.473435,2.473435,2,2,2026-10-07T05:18:13+02:00
a64fx,pivot,128,main_expr,2,"expr_float/-",100.00,2.580747,2.580747,2,2,2026-10-07T05:18:13+02:00
a64fx,pivot,128,main_expr,2,"expr_float/*",100.00,2.237708,2.237708,2,2,2026-10-07T05:18:13+02:00
a64fx,pivot,128,main_expr,2,"expr_float//",100.00,0.245249,0.245249,2,2,2026-10-07T05:18:13+02:00
a64fx,pivot,128,main_expr,2,"expr_double/+",100.00,1.240802,1.240802,2,2,2026-10-07T05:18:13+02:00
a64fx,pivot,128,main_expr,2,"expr_double/-",100.00,1.284108,1.284108,2,2,2026-10-07T05:18:13+02:00
a64fx,pivot,128,main_expr,2,"expr_double/*",100.00,1.115597,1.115597,2,2,2026-10-07T05:18:13+02:00
a64fx,pivot,128,main_expr,2,"expr_double//",100.00,0.083299,0.083299,2,2,2026-10-07T05:18:13+02:00
a64fx,pivot,128,main_expr,2,"expr_decimal/+",100.00,0.639699,0.639699,2,2,2026-10-07T05:18:13+02:00
a64fx,pivot,128,main_expr,2,"expr_decimal/-",100.00,0.656869,0.656869,2,2,2026-10-07T05:18:13+02:00
a64fx,pivot,128,main_expr,2,"expr_decimal/*",100.00,0.426851,0.426851,2,2,2026-10-07T05:18:13+02:00
a64fx,pivot,128,main_expr,2,"expr_decimal//",100.00,0.080271,0.080271,2,2,2026-10-07T05:18:13+02:00
a64fx,pivot,256,main_expr,2,"expr_float/+",100.00,4.121092,4.121092,2,2,2026-10-07T05:18:24+02:00
a64fx,pivot,256,main_expr,2,"expr_float/-",100.00,4.437645,4.437645,2,2,2026-10-07T05:18:24+02:00
a64fx,pivot,256,main_expr,2,"expr_float/*",100.00,4.430753,4.430753,2,2,2026-10-07T05:18:24+02:00
a64fx,pivot,256,main_expr,2,"expr_float//",100.00,0.271045,0.271045,2,2,2026-10-07T05:18:24+02:00
a64fx,pivot,256,main_expr,2,"expr_double/+",100.00,2.091573,2.091573,2,2,2026-10-07T05:18:24+02:00
a64fx,pivot,256,main_expr,2,"expr_double/-",100.00,2.243569,2.243569,2,2,2026-10-07T05:18:24+02:00
a64fx,pivot,256,main_expr,2,"expr_double/*",100.00,2.242399,2.242399,2,2,2026-10-07T05:18:24+02:00
a64fx,pivot,256,main_expr,2,"expr_double//",100.00,0.088676,0.088676,2,2,2026-10-07T05:18:24+02:00
a64fx,pivot,256,main_expr,2,"expr_decimal/+",100.00,0.788164,0.788164,2,2,2026-10-07T05:18:24+02:00
a64fx,pivot,256,main_expr,2,"expr_decimal/-",100.00,0.806524,0.806524,2,2,2026-10-07T05:18:24+02:00
a64fx,pivot,256,main_expr,2,"expr_decimal/*",100.00,0.482910,0.482910,2,2,2026-10-07T05:18:24+02:00
a64fx,pivot,256,main_expr,2,"expr_decimal//",100.00,0.089490,0.089490,2,2,2026-10-07T05:18:24+02:00
a64fx,pivot,512,main_expr,2,"expr_float/+",100.00,4.612581,4.612581,2,2,2026-10-07T05:18:35+02:00
a64fx,pivot,512,main_expr,2,"expr_float/-",100.00,5.025802,5.025802,2,2,2026-10-07T05:18:35+02:00
a64fx,pivot,512,main_expr,2,"expr_float/*",100.00,5.030201,5.030201,2,2,2026-10-07T05:18:35+02:00
a64fx,pivot,512,main_expr,2,"expr_float//",100.00,0.290158,0.290158,2,2,2026-10-07T05:18:35+02:00
a64fx,pivot,512,main_expr,2,"expr_double/+",100.00,1.639132,1.639132,2,2,2026-10-07T05:18:35+02:00
a64fx,pivot,512,main_expr,2,"expr_double/-",100.00,1.730904,1.730904,2,2,2026-10-07T05:18:35+02:00
a64fx,pivot,512,main_expr,2,"expr_double/*",100.00,1.728253,1.728253,2,2,2026-10-07T05:18:35+02:00
a64fx,pivot,512,main_expr,2,"expr_double//",100.00,0.092677,0.092677,2,2,2026-10-07T05:18:35+02:00
a64fx,pivot,512,main_expr,2,"expr_decimal/+",100.00,1.242845,1.242845,2,2,2026-10-07T05:18:35+02:00
a64fx,pivot,512,main_expr,2,"expr_decimal/-",100.00,1.299652,1.299652,2,2,2026-10-07T05:18:35+02:00
a64fx,pivot,512,main_expr,2,"expr_decimal/*",100.00,0.746021,0.746021,2,2,2026-10-07T05:18:35+02:00
a64fx,pivot,512,main_expr,2,"expr_decimal//",100.00,0.093126,0.093126,2,2,2026-10-07T05:18:35+02:00
a64fx,pivot-no-nto1,128,main_expr,2,"expr_float/+",100.00,2.464720,2.464720,2,2,2026-10-07T05:18:45+02:00
a64fx,pivot-no-nto1,128,main_expr,2,"expr_float/-",100.00,2.568872,2.568872,2,2,2026-10-07T05:18:45+02:00
a64fx,pivot-no-nto1,128,main_expr,2,"expr_float/*",100.00,2.234656,2.234656,2,2,2026-10-07T05:18:45+02:00
a64fx,pivot-no-nto1,128,main_expr,2,"expr_float//",100.00,0.245265,0.245265,2,2,2026-10-07T05:18:45+02:00
a64fx,pivot-no-nto1,128,main_expr,2,"expr_double/+",100.00,1.240374,1.240374,2,2,2026-10-07T05:18:45+02:00
a64fx,pivot-no-nto1,128,main_expr,2,"expr_double/-",100.00,1.287979,1.287979,2,2,2026-10-07T05:18:45+02:00
a64fx,pivot-no-nto1,128,main_expr,2,"expr_double/*",100.00,1.116721,1.116721,2,2,2026-10-07T05:18:45+02:00
a64fx,pivot-no-nto1,128,main_expr,2,"expr_double//",100.00,0.083300,0.083300,2,2,2026-10-07T05:18:45+02:00
a64fx,pivot-no-nto1,128,main_expr,2,"expr_decimal/+",100.00,0.639061,0.639061,2,2,2026-10-07T05:18:45+02:00
a64fx,pivot-no-nto1,128,main_expr,2,"expr_decimal/-",100.00,0.656479,0.656479,2,2,2026-10-07T05:18:45+02:00
a64fx,pivot-no-nto1,128,main_expr,2,"expr_decimal/*",100.00,0.085109,0.085109,2,2,2026-10-07T05:18:45+02:00
a64fx,pivot-no-nto1,128,main_expr,2,"expr_decimal//",100.00,0.046031,0.046031,2,2,2026-10-07T05:18:45+02:00
a64fx,pivot-no-nto1,256,main_expr,2,"expr_float/+",100.00,4.118954,4.118954,2,2,2026-10-07T05:18:57+02:00
a64fx,pivot-no-nto1,256,main_expr,2,"expr_float/-",100.00,4.414271,4.414271,2,2,2026-10-07T05:18:57+02:00
a64fx,pivot-no-nto1,256,main_expr,2,"expr_float/*",100.00,4.436357,4.436357,2,2,2026-10-07T05:18:57+02:00
a64fx,pivot-no-nto1,256,main_expr,2,"expr_float//",100.00,0.271119,0.271119,2,2,2026-10-07T05:18:57+02:00
a64fx,pivot-no-nto1,256,main_expr,2,"expr_double/+",100.00,2.091235,2.091235,2,2,2026-10-07T05:18:57+02:00
a64fx,pivot-no-nto1,256,main_expr,2,"expr_double/-",100.00,2.233863,2.233863,2,2,2026-10-07T05:18:57+02:00
a64fx,pivot-no-nto1,256,main_expr,2,"expr_double/*",100.00,2.245336,2.245336,2,2,2026-10-07T05:18:57+02:00
a64fx,pivot-no-nto1,256,main_expr,2,"expr_double//",100.00,0.088674,0.088674,2,2,2026-10-07T05:18:57+02:00
a64fx,pivot-no-nto1,256,main_expr,2,"expr_decimal/+",100.00,0.786713,0.786713,2,2,2026-10-07T05:18:57+02:00
a64fx,pivot-no-nto1,256,main_expr,2,"expr_decimal/-",100.00,0.807346,0.807346,2,2,2026-10-07T05:18:57+02:00
a64fx,pivot-no-nto1,256,main_expr,2,"expr_decimal/*",100.00,0.189877,0.189877,2,2,2026-10-07T05:18:57+02:00
a64fx,pivot-no-nto1,256,main_expr,2,"expr_decimal//",100.00,0.070905,0.070905,2,2,2026-10-07T05:18:57+02:00
a64fx,pivot-no-nto1,512,main_expr,2,"expr_float/+",100.00,4.633531,4.633531,2,2,2026-10-07T05:19:08+02:00
a64fx,pivot-no-nto1,512,main_expr,2,"expr_float/-",100.00,5.011968,5.011968,2,2,2026-10-07T05:19:08+02:00
a64fx,pivot-no-nto1,512,main_expr,2,"expr_float/*",100.00,4.996307,4.996307,2,2,2026-10-07T05:19:08+02:00
a64fx,pivot-no-nto1,512,main_expr,2,"expr_float//",100.00,0.290048,0.290048,2,2,2026-10-07T05:19:08+02:00
a64fx,pivot-no-nto1,512,main_expr,2,"expr_double/+",100.00,1.636739,1.636739,2,2,2026-10-07T05:19:08+02:00
a64fx,pivot-no-nto1,512,main_expr,2,"expr_double/-",100.00,1.728999,1.728999,2,2,2026-10-07T05:19:08+02:00
a64fx,pivot-no-nto1,512,main_expr,2,"expr_double/*",100.00,1.732361,1.732361,2,2,2026-10-07T05:19:08+02:00
a64fx,pivot-no-nto1,512,main_expr,2,"expr_double//",100.00,0.092677,0.092677,2,2,2026-10-07T05:19:08+02:00
a64fx,pivot-no-nto1,512,main_expr,2,"expr_decimal/+",100.00,1.244825,1.244825,2,2,2026-10-07T05:19:08+02:00
a64fx,pivot-no-nto1,512,main_expr,2,"expr_decimal/-",100.00,1.300841,1.300841,2,2,2026-10-07T05:19:08+02:00
a64fx,pivot-no-nto1,512,main_expr,2,"expr_decimal/*",100.00,0.196020,0.196020,2,2,2026-10-07T05:19:08+02:00
a64fx,pivot-no-nto1,512,main_expr,2,"expr_decimal//",100.00,0.086804,0.086804,2,2,2026-10-07T05:19:08+02:00
a64fx,pivot,128,main_part,2,"int * 1 | 2^4",,1.1579,1.1579,2,2,2026-10-07T05:19:44+02:00
a64fx,pivot,128,main_part,2,"int * 1 | 2^4",,1.1542,1.1542,2,2,2026-10-07T05:19:44+02:00
a64fx,pivot,128,main_part,2,"int * 1 | 2^4",,1.1595,1.1595,2,2,2026-10-07T05:19:44+02:00
a64fx,pivot,128,main_part,2,"int * 1 | 2^4",,1.1521,1.1521,2,2,2026-10-07T05:19:44+02:00
a64fx,pivot,128,main_part,2,"int * 1 | 2^4",,1.1588,1.1588,2,2,2026-10-07T05:19:44+02:00
a64fx,pivot,128,main_part,2,"int * 1 | 2^5",,1.1253,1.1253,2,2,2026-10-07T05:19:44+02:00
a64fx,pivot,128,main_part,2,"int * 1 | 2^5",,1.1074,1.1074,2,2,2026-10-07T05:19:44+02:00
a64fx,pivot,128,main_part,2,"int * 1 | 2^5",,1.1275,1.1275,2,2,2026-10-07T05:19:44+02:00
a64fx,pivot,128,main_part,2,"int * 1 | 2^5",,1.1253,1.1253,2,2,2026-10-07T05:19:44+02:00
a64fx,pivot,128,main_part,2,"int * 1 | 2^5",,1.1194,1.1194,2,2,2026-10-07T05:19:44+02:00
a64fx,pivot,128,main_part,2,"int * 1 | 2^6",,1.1247,1.1247,2,2,2026-10-07T05:19:44+02:00
a64fx,pivot,128,main_part,2,"int * 1 | 2^6",,1.1228,1.1228,2,2,2026-10-07T05:19:44+02:00
a64fx,pivot,128,main_part,2,"int * 1 | 2^6",,1.1043,1.1043,2,2,2026-10-07T05:19:44+02:00
a64fx,pivot,128,main_part,2,"int * 1 | 2^6",,1.1240,1.1240,2,2,2026-10-07T05:19:44+02:00
a64fx,pivot,128,main_part,2,"int * 1 | 2^6",,1.1204,1.1204,2,2,2026-10-07T05:19:44+02:00
a64fx,pivot,128,main_part,2,"int * 1 | 2^7",,1.1226,1.1226,2,2,2026-10-07T05:19:44+02:00
a64fx,pivot,128,main_part,2,"int * 1 | 2^7",,1.1249,1.1249,2,2,2026-10-07T05:19:44+02:00
a64fx,pivot,128,main_part,2,"int * 1 | 2^7",,1.1255,1.1255,2,2,2026-10-07T05:19:44+02:00
a64fx,pivot,128,main_part,2,"int * 1 | 2^7",,1.1059,1.1059,2,2,2026-10-07T05:19:44+02:00
a64fx,pivot,128,main_part,2,"int * 1 | 2^7",,1.1258,1.1258,2,2,2026-10-07T05:19:44+02:00
a64fx,pivot,128,main_part,2,"int * 1 | 2^8",,1.1246,1.1246,2,2,2026-10-07T05:19:44+02:00
a64fx,pivot,128,main_part,2,"int * 1 | 2^8",,1.1107,1.1107,2,2,2026-10-07T05:19:44+02:00
a64fx,pivot,128,main_part,2,"int * 1 | 2^8",,1.1244,1.1244,2,2,2026-10-07T05:19:44+02:00
a64fx,pivot,128,main_part,2,"int * 1 | 2^8",,1.1243,1.1243,2,2,2026-10-07T05:19:44+02:00
a64fx,pivot,128,main_part,2,"int * 1 | 2^8",,1.1050,1.1050,2,2,2026-10-07T05:19:44+02:00
a64fx,pivot,128,main_part,2,"int * 2 | 2^4",,0.9685,0.9685,2,2,2026-10-07T05:19:44+02:00
a64fx,pivot,128,main_part,2,"int * 2 | 2^4",,0.9659,0.9659,2,2,2026-10-07T05:19:44+02:00
a64fx,pivot,128,main_part,2,"int * 2 | 2^4",,0.9687,0.9687,2,2,2026-10-07T05:19:44+02:00
a64fx,pivot,128,main_part,2,"int * 2 | 2^4",,0.9663,0.9663,2,2,2026-10-07T05:19:44+02:00
a64fx,pivot,128,main_part,2,"int * 2 | 2^4",,0.9663,0.9663,2,2,2026-10-07T05:19:44+02:00
a64fx,pivot,128,main_part,2,"int * 2 | 2^5",,0.9379,0.9379,2,2,2026-10-07T05:19:44+02:00
a64fx,pivot,128,main_part,2,"int * 2 | 2^5",,0.9414,0.9414,2,2,2026-10-07T05:19:44+02:00
a64fx,pivot,128,main_part,2,"int * 2 | 2^5",,0.9419,0.9419,2,2,2026-10-07T05:19:44+02:00
a64fx,pivot,128,main_part,2,"int * 2 | 2^5",,0.9383,0.9383,2,2,2026-10-07T05:19:44+02:00
a64fx,pivot,128,main_part,2,"int * 2 | 2^5",,0.9354,0.9354,2,2,2026-10-07T05:19:44+02:00
a64fx,pivot,128,main_part,2,"int * 2 | 2^6",,0.9192,0.9192,2,2,2026-10-07T05:19:44+02:00
a64fx,pivot,128,main_part,2,"int * 2 | 2^6",,0.9335,0.9335,2,2,2026-10-07T05:19:44+02:00
a64fx,pivot,128,main_part,2,"int * 2 | 2^6",,0.9334,0.9334,2,2,2026-10-07T05:19:44+02:00
a64fx,pivot,128,main_part,2,"int * 2 | 2^6",,0.9336,0.9336,2,2,2026-10-07T05:19:44+02:00
a64fx,pivot,128,main_part,2,"int * 2 | 2^6",,0.9322,0.9322,2,2,2026-10-07T05:19:44+02:00
a64fx,pivot,128,main_part,2,"int * 2 | 2^7",,0.9188,0.9188,2,2,2026-10-07T05:19:44+02:00
a64fx,pivot,128,main_part,2,"int * 2 | 2^7",,0.9308,0.9308,2,2,2026-10-07T05:19:44+02:00
a64fx,pivot,128,main_part,2,"int * 2 | 2^7",,0.9334,0.9334,2,2,2026-10-07T05:19:44+02:00
a64fx,pivot,128,main_part,2,"int * 2 | 2^7",,0.9306,0.9306,2,2,2026-10-07T05:19:44+02:00
a64fx,pivot,128,main_part,2,"int * 2 | 2^7",,0.9329,0.9329,2,2,2026-10-07T05:19:44+02:00
a64fx,pivot,128,main_part,2,"int * 2 | 2^8",,0.9156,0.9156,2,2,2026-10-07T05:19:44+02:00
a64fx,pivot,128,main_part,2,"int * 2 | 2^8",,0.9291,0.9291,2,2,2026-10-07T05:19:44+02:00
a64fx,pivot,128,main_part,2,"int * 2 | 2^8",,0.9256,0.9256,2,2,2026-10-07T05:19:44+02:00
a64fx,pivot,128,main_part,2,"int * 2 | 2^8",,0.9281,0.9281,2,2,2026-10-07T05:19:44+02:00
a64fx,pivot,128,main_part,2,"int * 2 | 2^8",,0.9296,0.9296,2,2,2026-10-07T05:19:44+02:00
a64fx,pivot,128,main_part,2,"int * 3 | 2^4",,0.8270,0.8270,2,2,2026-10-07T05:19:44+02:00
a64fx,pivot,128,main_part,2,"int * 3 | 2^4",,0.8207,0.8207,2,2,2026-10-07T05:19:44+02:00
a64fx,pivot,128,main_part,2,"int * 3 | 2^4",,0.8362,0.8362,2,2,2026-10-07T05:19:44+02:00
a64fx,pivot,128,main_part,2,"int * 3 | 2^4",,0.8372,0.8372,2,2,2026-10-07T05:19:44+02:00
a64fx,pivot,128,main_part,2,"int * 3 | 2^4",,0.8372,0.8372,2,2,2026-10-07T05:19:44+02:00
a64fx,pivot,128,main_part,2,"int * 3 | 2^5",,0.7964,0.7964,2,2,2026-10-07T05:19:44+02:00
a64fx,pivot,128,main_part,2,"int * 3 | 2^5",,0.8064,0.8064,2,2,2026-10-07T05:19:44+02:00
a64fx,pivot,128,main_part,2,"int * 3 | 2^5",,0.8064,0.8064,2,2,2026-10-07T05:19:44+02:00
a64fx,pivot,128,main_part,2,"int * 3 | 2^5",,0.8064,0.8064,2,2,2026-10-07T05:19:44+02:00
a64fx,pivot,128,main_part,2,"int * 3 | 2^5",,0.8053,0.8053,2,2,2026-10-07T05:19:44+02:00
a64fx,pivot,128,main_part,2,"int * 3 | 2^6",,0.7868,0.7868,2,2,2026-10-07T05:19:44+02:00
a64fx,pivot,128,main_part,2,"int * 3 | 2^6",,0.7936,0.7936,2,2,2026-10-07T05:19:44+02:00
a64fx,pivot,128,main_part,2,"int * 3 | 2^6",,0.7967,0.7967,2,2,2026-10-07T05:19:44+02:00
a64fx,pivot,128,main_part,2,"int * 3 | 2^6",,0.7977,0.7977,2,2,2026-10-07T05:19:44+02:00
a64fx,pivot,128,main_part,2,"int * 3 | 2^6",,0.7877,0.7877,2,2,2026-10-07T05:19:44+02:00
a64fx,pivot,128,main_part,2,"int * 3 | 2^7",,0.7950,0.7950,2,2,2026-10-07T05:19:44+02:00
a64fx,pivot,128,main_part,2,"int * 3 | 2^7",,0.7954,0.7954,2,2,2026-10-07T05:19:44+02:00
a64fx,pivot,128,main_part,2,"int * 3 | 2^7",,0.7957,0.7957,2,2,2026-10-07T05:19:44+02:00
a64fx,pivot,128,main_part,2,"int * 3 | 2^7",,0.7957,0.7957,2,2,2026-10-07T05:19:44+02:00
a64fx,pivot,128,main_part,2,"int * 3 | 2^7",,0.7861,0.7861,2,2,2026-10-07T05:19:44+02:00
a64fx,pivot,128,main_part,2,"int * 3 | 2^8",,0.7758,0.7758,2,2,2026-10-07T05:19:44+02:00
a64fx,pivot,128,main_part,2,"int * 3 | 2^8",,0.7789,0.7789,2,2,2026-10-07T05:19:44+02:00
a64fx,pivot,128,main_part,2,"int * 3 | 2^8",,0.7794,0.7794,2,2,2026-10-07T05:19:44+02:00
a64fx,pivot,128,main_part,2,"int * 3 | 2^8",,0.7729,0.7729,2,2,2026-10-07T05:19:44+02:00
a64fx,pivot,128,main_part,2,"int * 3 | 2^8",,0.7780,0.7780,2,2,2026-10-07T05:19:44+02:00
a64fx,pivot,256,main_part,2,"int * 1 | 2^4",,1.3766,1.3766,2,2,2026-10-07T05:19:50+02:00
a64fx,pivot,256,main_part,2,"int * 1 | 2^4",,1.3893,1.3893,2,2,2026-10-07T05:19:50+02:00
a64fx,pivot,256,main_part,2,"int * 1 | 2^4",,1.3925,1.3925,2,2,2026-10-07T05:19:50+02:00
a64fx,pivot,256,main_part,2,"int * 1 | 2^4",,1.3896,1.3896,2,2,2026-10-07T05:19:50+02:00
a64fx,pivot,256,main_part,2,"int * 1 | 2^4",,1.3862,1.3862,2,2,2026-10-07T05:19:50+02:00
a64fx,pivot,256,main_part,2,"int * 1 | 2^5",,1.3641,1.3641,2,2,2026-10-07T05:19:50+02:00
a64fx,pivot,256,main_part,2,"int * 1 | 2^5",,1.3334,1.3334,2,2,2026-10-07T05:19:50+02:00
a64fx,pivot,256,main_part,2,"int * 1 | 2^5",,1.3545,1.3545,2,2,2026-10-07T05:19:50+02:00
a64fx,pivot,256,main_part,2,"int * 1 | 2^5",,1.3637,1.3637,2,2,2026-10-07T05:19:50+02:00
a64fx,pivot,256,main_part,2,"int * 1 | 2^5",,1.3644,1.3644,2,2,2026-10-07T05:19:50+02:00
a64fx,pivot,256,main_part,2,"int * 1 | 2^6",,1.3528,1.3528,2,2,2026-10-07T05:19:50+02:00
a64fx,pivot,256,main_part,2,"int * 1 | 2^6",,1.3578,1.3578,2,2,2026-10-07T05:19:50+02:00
a64fx,pivot,256,main_part,2,"int * 1 | 2^6",,1.3570,1.3570,2,2,2026-10-07T05:19:50+02:00
a64fx,pivot,256,main_part,2,"int * 1 | 2^6",,1.3404,1.3404,2,2,2026-10-07T05:19:50+02:00
a64fx,pivot,256,main_part,2,"int * 1 | 2^6",,1.3565,1.3565,2,2,2026-10-07T05:19:50+02:00
a64fx,pivot,256,main_part,2,"int * 1 | 2^7",,1.3566,1.3566,2,2,2026-10-07T05:19:50+02:00
a64fx,pivot,256,main_part,2,"int * 1 | 2^7",,1.3511,1.3511,2,2,2026-10-07T05:19:50+02:00
a64fx,pivot,256,main_part,2,"int * 1 | 2^7",,1.3480,1.3480,2,2,2026-10-07T05:19:50+02:00
a64fx,pivot,256,main_part,2,"int * 1 | 2^7",,1.3560,1.3560,2,2,2026-10-07T05:19:50+02:00
a64fx,pivot,256,main_part,2,"int * 1 | 2^7",,1.3573,1.3573,2,2,2026-10-07T05:19:50+02:00
a64fx,pivot,256,main_part,2,"int * 1 | 2^8",,1.3458,1.3458,2,2,2026-10-07T05:19:50+02:00
a64fx,pivot,256,main_part,2,"int * 1 | 2^8",,1.3506,1.3506,2,2,2026-10-07T05:19:50+02:00
a64fx,pivot,256,main_part,2,"int * 1 | 2^8",,1.3522,1.3522,2,2,2026-10-07T05:19:50+02:00
a64fx,pivot,256,main_part,2,"int * 1 | 2^8",,1.3508,1.3508,2,2,2026-10-07T05:19:50+02:00
a64fx,pivot,256,main_part,2,"int * 1 | 2^8",,1.3503,1.3503,2,2,2026-10-07T05:19:50+02:00
a64fx,pivot,256,main_part,2,"int * 2 | 2^4",,1.1622,1.1622,2,2,2026-10-07T05:19:50+02:00
a64fx,pivot,256,main_part,2,"int * 2 | 2^4",,1.1611,1.1611,2,2,2026-10-07T05:19:50+02:00
a64fx,pivot,256,main_part,2,"int * 2 | 2^4",,1.1405,1.1405,2,2,2026-10-07T05:19:50+02:00
a64fx,pivot,256,main_part,2,"int * 2 | 2^4",,1.1613,1.1613,2,2,2026-10-07T05:19:50+02:00
a64fx,pivot,256,main_part,2,"int * 2 | 2^4",,1.1607,1.1607,2,2,2026-10-07T05:19:50+02:00
a64fx,pivot,256,main_part,2,"int * 2 | 2^5",,1.1297,1.1297,2,2,2026-10-07T05:19:50+02:00
a64fx,pivot,256,main_part,2,"int * 2 | 2^5",,1.1288,1.1288,2,2,2026-10-07T05:19:50+02:00
a64fx,pivot,256,main_part,2,"int * 2 | 2^5",,1.1303,1.1303,2,2,2026-10-07T05:19:50+02:00
a64fx,pivot,256,main_part,2,"int * 2 | 2^5",,1.1120,1.1120,2,2,2026-10-07T05:19:50+02:00
a64fx,pivot,256,main_part,2,"int * 2 | 2^5",,1.1336,1.1336,2,2,2026-10-07T05:19:50+02:00
a64fx,pivot,256,main_part,2,"int * 2 | 2^6",,1.1224,1.1224,2,2,2026-10-07T05:19:50+02:00
a64fx,pivot,256,main_part,2,"int * 2 | 2^6",,1.1243,1.1243,2,2,2026-10-07T05:19:50+02:00
a64fx,pivot,256,main_part,2,"int * 2 | 2^6",,1.1188,1.1188,2,2,2026-10-07T05:19:50+02:00
a64fx,pivot,256,main_part,2,"int * 2 | 2^6",,1.1233,1.1233,2,2,2026-10-07T05:19:50+02:00
a64fx,pivot,256,main_part,2,"int * 2 | 2^6",,1.1213,1.1213,2,2,2026-10-07T05:19:50+02:00
a64fx,pivot,256,main_part,2,"int * 2 | 2^7",,1.1194,1.1194,2,2,2026-10-07T05:19:50+02:00
a64fx,pivot,256,main_part,2,"int * 2 | 2^7",,1.1197,1.1197,2,2,2026-10-07T05:19:50+02:00
a64fx,pivot,256,main_part,2,"int * 2 | 2^7",,1.1203,1.1203,2,2,2026-10-07T05:19:50+02:00
a64fx,pivot,256,main_part,2,"int * 2 | 2^7",,1.0992,1.0992,2,2,2026-10-07T05:19:50+02:00
a64fx,pivot,256,main_part,2,"int * 2 | 2^7",,1.1209,1.1209,2,2,2026-10-07T05:19:50+02:00
a64fx,pivot,256,main_part,2,"int * 2 | 2^8",,1.1035,1.1035,2,2,2026-10-07T05:19:50+02:00
a64fx,pivot,256,main_part,2,"int * 2 | 2^8",,1.1140,1.1140,2,2,2026-10-07T05:19:50+02:00
a64fx,pivot,256,main_part,2,"int * 2 | 2^8",,1.1136,1.1136,2,2,2026-10-07T05:19:50+02:00
a64fx,pivot,256,main_part,2,"int * 2 | 2^8",,1.1132,1.1132,2,2,2026-10-07T05:19:50+02:00
a64fx,pivot,256,main_part,2,"int * 2 | 2^8",,1.1126,1.1126,2,2,2026-10-07T05:19:50+02:00
a64fx,pivot,256,main_part,2,"int * 3 | 2^4",,0.9989,0.9989,2,2,2026-10-07T05:19:50+02:00
a64fx,pivot,256,main_part,2,"int * 3 | 2^4",,0.9836,0.9836,2,2,2026-10-07T05:19:50+02:00
a64fx,pivot,256,main_part,2,"int * 3 | 2^4",,1.0003,1.0003,2,2,2026-10-07T05:19:50+02:00
a64fx,pivot,256,main_part,2,"int * 3 | 2^4",,0.9996,0.9996,2,2,2026-10-07T05:19:50+02:00
a64fx,pivot,256,main_part,2,"int * 3 | 2^4",,0.9997,0.9997,2,2,2026-10-07T05:19:50+02:00
a64fx,pivot,256,main_part,2,"int * 3 | 2^5",,0.9683,0.9683,2,2,2026-10-07T05:19:50+02:00
a64fx,pivot,256,main_part,2,"int * 3 | 2^5",,0.9683,0.9683,2,2,2026-10-07T05:19:50+02:00
a64fx,pivot,256,main_part,2,"int * 3 | 2^5",,0.9526,0.9526,2,2,2026-10-07T05:19:50+02:00
a64fx,pivot,256,main_part,2,"int * 3 | 2^5",,0.9656,0.9656,2,2,2026-10-07T05:19:50+02:00
a64fx,pivot,256,main_part,2,"int * 3 | 2^5",,0.9647,0.9647,2,2,2026-10-07T05:19:50+02:00
a64fx,pivot,256,main_part,2,"int * 3 | 2^6",,0.9570,0.9570,2,2,2026-10-07T05:19:50+02:00
a64fx,pivot,256,main_part,2,"int * 3 | 2^6",,0.9562,0.9562,2,2,2026-10-07T05:19:50+02:00
a64fx,pivot,256,main_part,2,"int * 3 | 2^6",,0.6963,0.6963,2,2,2026-10-07T05:19:50+02:00
a64fx,pivot,256,main_part,2,"int * 3 | 2^6",,0.9544,0.9544,2,2,2026-10-07T05:19:50+02:00
a64fx,pivot,256,main_part,2,"int * 3 | 2^6",,0.9564,0.9564,2,2,2026-10-07T05:19:50+02:00
a64fx,pivot,256,main_part,2,"int * 3 | 2^7",,0.9519,0.9519,2,2,2026-10-07T05:19:50+02:00
a64fx,pivot,256,main_part,2,"int * 3 | 2^7",,0.9519,0.9519,2,2,2026-10-07T05:19:50+02:00
a64fx,pivot,256,main_part,2,"int * 3 | 2^7",,0.9357,0.9357,2,2,2026-10-07T05:19:50+02:00
a64fx,pivot,256,main_part,2,"int * 3 | 2^7",,0.9521,0.9521,2,2,2026-10-07T05:19:50+02:00
a64fx,pivot,256,main_part,2,"int * 3 | 2^7",,0.9527,0.9527,2,2,2026-10-07T05:19:50+02:00
a64fx,pivot,256,main_part,2,"int * 3 | 2^8",,0.9324,0.9324,2,2,2026-10-07T05:19:50+02:00
a64fx,pivot,256,main_part,2,"int * 3 | 2^8",,0.9287,0.9287,2,2,2026-10-07T05:19:50+02:00
a64fx,pivot,256,main_part,2,"int * 3 | 2^8",,0.9205,0.9205,2,2,2026-10-07T05:19:50+02:00
a64fx,pivot,256,main_part,2,"int * 3 | 2^8",,0.9308,0.9308,2,2,2026-10-07T05:19:50+02:00
a64fx,pivot,256,main_part,2,"int * 3 | 2^8",,0.9288,0.9288,2,2,2026-10-07T05:19:50+02:00
a64fx,pivot,512,main_part,2,"int * 1 | 2^4",,1.8521,1.8521,2,2,2026-10-07T05:19:55+02:00
a64fx,pivot,512,main_part,2,"int * 1 | 2^4",,1.8621,1.8621,2,2,2026-10-07T05:19:55+02:00
a64fx,pivot,512,main_part,2,"int * 1 | 2^4",,1.8666,1.8666,2,2,2026-10-07T05:19:55+02:00
a64fx,pivot,512,main_part,2,"int * 1 | 2^4",,1.8666,1.8666,2,2,2026-10-07T05:19:55+02:00
a64fx,pivot,512,main_part,2,"int * 1 | 2^4",,1.8658,1.8658,2,2,2026-10-07T05:19:55+02:00
a64fx,pivot,512,main_part,2,"int * 1 | 2^5",,1.8103,1.8103,2,2,2026-10-07T05:19:55+02:00
a64fx,pivot,512,main_part,2,"int * 1 | 2^5",,1.8099,1.8099,2,2,2026-10-07T05:19:55+02:00
a64fx,pivot,512,main_part,2,"int * 1 | 2^5",,1.7621,1.7621,2,2,2026-10-07T05:19:55+02:00
a64fx,pivot,512,main_part,2,"int * 1 | 2^5",,1.8143,1.8143,2,2,2026-10-07T05:19:55+02:00
a64fx,pivot,512,main_part,2,"int * 1 | 2^5",,1.8113,1.8113,2,2,2026-10-07T05:19:55+02:00
a64fx,pivot,512,main_part,2,"int * 1 | 2^6",,1.7928,1.7928,2,2,2026-10-07T05:19:55+02:00
a64fx,pivot,512,main_part,2,"int * 1 | 2^6",,1.8030,1.8030,2,2,2026-10-07T05:19:55+02:00
a64fx,pivot,512,main_part,2,"int * 1 | 2^6",,1.7986,1.7986,2,2,2026-10-07T05:19:55+02:00
a64fx,pivot,512,main_part,2,"int * 1 | 2^6",,1.7746,1.7746,2,2,2026-10-07T05:19:55+02:00
a64fx,pivot,512,main_part,2,"int * 1 | 2^6",,1.8012,1.8012,2,2,2026-10-07T05:19:55+02:00
a64fx,pivot,512,main_part,2,"int * 1 | 2^7",,1.7910,1.7910,2,2,2026-10-07T05:19:55+02:00
a64fx,pivot,512,main_part,2,"int * 1 | 2^7",,1.7445,1.7445,2,2,2026-10-07T05:19:55+02:00
a64fx,pivot,512,main_part,2,"int * 1 | 2^7",,1.7900,1.7900,2,2,2026-10-07T05:19:55+02:00
a64fx,pivot,512,main_part,2,"int * 1 | 2^7",,1.7923,1.7923,2,2,2026-10-07T05:19:55+02:00
a64fx,pivot,512,main_part,2,"int * 1 | 2^7",,1.7918,1.7918,2,2,2026-10-07T05:19:55+02:00
a64fx,pivot,512,main_part,2,"int * 1 | 2^8",,1.7764,1.7764,2,2,2026-10-07T05:19:55+02:00
a64fx,pivot,512,main_part,2,"int * 1 | 2^8",,1.7763,1.7763,2,2,2026-10-07T05:19:55+02:00
a64fx,pivot,512,main_part,2,"int * 1 | 2^8",,1.7815,1.7815,2,2,2026-10-07T05:19:55+02:00
a64fx,pivot,512,main_part,2,"int * 1 | 2^8",,1.7776,1.7776,2,2,2026-10-07T05:19:55+02:00
a64fx,pivot,512,main_part,2,"int * 1 | 2^8",,1.7764,1.7764,2,2,2026-10-07T05:19:55+02:00
a64fx,pivot,512,main_part,2,"int * 2 | 2^4",,1.4737,1.4737,2,2,2026-10-07T05:19:55+02:00
a64fx,pivot,512,main_part,2,"int * 2 | 2^4",,1.4736,1.4736,2,2,2026-10-07T05:19:55+02:00
a64fx,pivot,512,main_part,2,"int * 2 | 2^4",,1.4737,1.4737,2,2,2026-10-07T05:19:55+02:00
a64fx,pivot,512,main_part,2,"int * 2 | 2^4",,1.4731,1.4731,2,2,2026-10-07T05:19:55+02:00
a64fx,pivot,512,main_part,2,"int * 2 | 2^4",,1.4660,1.4660,2,2,2026-10-07T05:19:55+02:00
a64fx,pivot,512,main_part,2,"int * 2 | 2^5",,1.4324,1.4324,2,2,2026-10-07T05:19:55+02:00
a64fx,pivot,512,main_part,2,"int * 2 | 2^5",,1.4299,1.4299,2,2,2026-10-07T05:19:55+02:00
a64fx,pivot,512,main_part,2,"int * 2 | 2^5",,1.4314,1.4314,2,2,2026-10-07T05:19:55+02:00
a64fx,pivot,512,main_part,2,"int * 2 | 2^5",,1.4049,1.4049,2,2,2026-10-07T05:19:55+02:00
a64fx,pivot,512,main_part,2,"int * 2 | 2^5",,1.4277,1.4277,2,2,2026-10-07T05:19:55+02:00
a64fx,pivot,512,main_part,2,"int * 2 | 2^6",,1.4135,1.4135,2,2,2026-10-07T05:19:55+02:00
a64fx,pivot,512,main_part,2,"int * 2 | 2^6",,1.4143,1.4143,2,2,2026-10-07T05:19:55+02:00
a64fx,pivot,512,main_part,2,"int * 2 | 2^6",,1.4166,1.4166,2,2,2026-10-07T05:19:55+02:00
a64fx,pivot,512,main_part,2,"int * 2 | 2^6",,1.4114,1.4114,2,2,2026-10-07T05:19:55+02:00
a64fx,pivot,512,main_part,2,"int * 2 | 2^6",,1.4138,1.4138,2,2,2026-10-07T05:19:55+02:00
a64fx,pivot,512,main_part,2,"int * 2 | 2^7",,1.3799,1.3799,2,2,2026-10-07T05:19:55+02:00
a64fx,pivot,512,main_part,2,"int * 2 | 2^7",,1.3999,1.3999,2,2,2026-10-07T05:19:55+02:00
a64fx,pivot,512,main_part,2,"int * 2 | 2^7",,1.2632,1.2632,2,2,2026-10-07T05:19:55+02:00
a64fx,pivot,512,main_part,2,"int * 2 | 2^7",,1.3981,1.3981,2,2,2026-10-07T05:19:55+02:00
a64fx,pivot,512,main_part,2,"int * 2 | 2^7",,1.3977,1.3977,2,2,2026-10-07T05:19:55+02:00
a64fx,pivot,512,main_part,2,"int * 2 | 2^8",,1.3878,1.3878,2,2,2026-10-07T05:19:55+02:00
a64fx,pivot,512,main_part,2,"int * 2 | 2^8",,1.3862,1.3862,2,2,2026-10-07T05:19:55+02:00
a64fx,pivot,512,main_part,2,"int * 2 | 2^8",,1.3886,1.3886,2,2,2026-10-07T05:19:55+02:00
a64fx,pivot,512,main_part,2,"int * 2 | 2^8",,1.3798,1.3798,2,2,2026-10-07T05:19:55+02:00
a64fx,pivot,512,main_part,2,"int * 2 | 2^8",,1.3867,1.3867,2,2,2026-10-07T05:19:55+02:00
a64fx,pivot,512,main_part,2,"int * 3 | 2^4",,1.2233,1.2233,2,2,2026-10-07T05:19:55+02:00
a64fx,pivot,512,main_part,2,"int * 3 | 2^4",,1.2226,1.2226,2,2,2026-10-07T05:19:55+02:00
a64fx,pivot,512,main_part,2,"int * 3 | 2^4",,1.2082,1.2082,2,2,2026-10-07T05:19:55+02:00
a64fx,pivot,512,main_part,2,"int * 3 | 2^4",,1.2210,1.2210,2,2,2026-10-07T05:19:55+02:00
a64fx,pivot,512,main_part,2,"int * 3 | 2^4",,1.1991,1.1991,2,2,2026-10-07T05:19:55+02:00
a64fx,pivot,512,main_part,2,"int * 3 | 2^5",,1.1804,1.1804,2,2,2026-10-07T05:19:55+02:00
a64fx,pivot,512,main_part,2,"int * 3 | 2^5",,1.1798,1.1798,2,2,2026-10-07T05:19:55+02:00
a64fx,pivot,512,main_part,2,"int * 3 | 2^5",,1.1800,1.1800,2,2,2026-10-07T05:19:55+02:00
a64fx,pivot,512,main_part,2,"int * 3 | 2^5",,1.1794,1.1794,2,2,2026-10-07T05:19:55+02:00
a64fx,pivot,512,main_part,2,"int * 3 | 2^5",,1.1768,1.1768,2,2,2026-10-07T05:19:55+02:00
a64fx,pivot,512,main_part,2,"int * 3 | 2^6",,1.1587,1.1587,2,2,2026-10-07T05:19:55+02:00
a64fx,pivot,512,main_part,2,"int * 3 | 2^6",,1.1627,1.1627,2,2,2026-10-07T05:19:55+02:00
a64fx,pivot,512,main_part,2,"int * 3 | 2^6",,1.1622,1.1622,2,2,2026-10-07T05:19:55+02:00
a64fx,pivot,512,main_part,2,"int * 3 | 2^6",,1.1615,1.1615,2,2,2026-10-07T05:19:55+02:00
a64fx,pivot,512,main_part,2,"int * 3 | 2^6",,1.1619,1.1619,2,2,2026-10-07T05:19:55+02:00
a64fx,pivot,512,main_part,2,"int * 3 | 2^7",,1.1478,1.1478,2,2,2026-10-07T05:19:55+02:00
a64fx,pivot,512,main_part,2,"int * 3 | 2^7",,1.1497,1.1497,2,2,2026-10-07T05:19:55+02:00
a64fx,pivot,512,main_part,2,"int * 3 | 2^7",,1.1376,1.1376,2,2,2026-10-07T05:19:55+02:00
a64fx,pivot,512,main_part,2,"int * 3 | 2^7",,1.1466,1.1466,2,2,2026-10-07T05:19:55+02:00
a64fx,pivot,512,main_part,2,"int * 3 | 2^7",,1.1513,1.1513,2,2,2026-10-07T05:19:55+02:00
a64fx,pivot,512,main_part,2,"int * 3 | 2^8",,1.1167,1.1167,2,2,2026-10-07T05:19:55+02:00
a64fx,pivot,512,main_part,2,"int * 3 | 2^8",,1.1098,1.1098,2,2,2026-10-07T05:19:55+02:00
a64fx,pivot,512,main_part,2,"int * 3 | 2^8",,1.1102,1.1102,2,2,2026-10-07T05:19:55+02:00
a64fx,pivot,512,main_part,2,"int * 3 | 2^8",,1.1030,1.1030,2,2,2026-10-07T05:19:55+02:00
a64fx,pivot,512,main_part,2,"int * 3 | 2^8",,1.1108,1.1108,2,2,2026-10-07T05:19:55+02:00
a64fx,pivot,128,main_aggr,2,"Codegen 1 sum",,0.1352,0.1352,2,2,2026-10-07T05:20:48+02:00
a64fx,pivot,128,main_aggr,2,"Codegen 1 sum",,0.1357,0.1357,2,2,2026-10-07T05:20:48+02:00
a64fx,pivot,128,main_aggr,2,"Codegen 1 sum",,0.1354,0.1354,2,2,2026-10-07T05:20:48+02:00
a64fx,pivot,128,main_aggr,2,"Codegen 1 sum",,0.1356,0.1356,2,2,2026-10-07T05:20:48+02:00
a64fx,pivot,128,main_aggr,2,"Codegen 1 sum",,0.1355,0.1355,2,2,2026-10-07T05:20:48+02:00
a64fx,pivot,128,main_aggr,2,"Codegen 2 sum",,0.1161,0.1161,2,2,2026-10-07T05:20:48+02:00
a64fx,pivot,128,main_aggr,2,"Codegen 2 sum",,0.1161,0.1161,2,2,2026-10-07T05:20:48+02:00
a64fx,pivot,128,main_aggr,2,"Codegen 2 sum",,0.1161,0.1161,2,2,2026-10-07T05:20:48+02:00
a64fx,pivot,128,main_aggr,2,"Codegen 2 sum",,0.1161,0.1161,2,2,2026-10-07T05:20:48+02:00
a64fx,pivot,128,main_aggr,2,"Codegen 2 sum",,0.1161,0.1161,2,2,2026-10-07T05:20:48+02:00
a64fx,pivot,128,main_aggr,2,"Codegen 3 sum",,0.1142,0.1142,2,2,2026-10-07T05:20:48+02:00
a64fx,pivot,128,main_aggr,2,"Codegen 3 sum",,0.1142,0.1142,2,2,2026-10-07T05:20:48+02:00
a64fx,pivot,128,main_aggr,2,"Codegen 3 sum",,0.1142,0.1142,2,2,2026-10-07T05:20:48+02:00
a64fx,pivot,128,main_aggr,2,"Codegen 3 sum",,0.1142,0.1142,2,2,2026-10-07T05:20:48+02:00
a64fx,pivot,128,main_aggr,2,"Codegen 3 sum",,0.1142,0.1142,2,2,2026-10-07T05:20:48+02:00
a64fx,pivot,128,main_aggr,2,"Engine 1 sum",,0.1759,0.1759,2,2,2026-10-07T05:20:48+02:00
a64fx,pivot,128,main_aggr,2,"Engine 1 sum",,0.1760,0.1760,2,2,2026-10-07T05:20:48+02:00
a64fx,pivot,128,main_aggr,2,"Engine 1 sum",,0.1760,0.1760,2,2,2026-10-07T05:20:48+02:00
a64fx,pivot,128,main_aggr,2,"Engine 1 sum",,0.1759,0.1759,2,2,2026-10-07T05:20:48+02:00
a64fx,pivot,128,main_aggr,2,"Engine 1 sum",,0.1760,0.1760,2,2,2026-10-07T05:20:48+02:00
a64fx,pivot,128,main_aggr,2,"Engine 2 sum",,0.1516,0.1516,2,2,2026-10-07T05:20:48+02:00
a64fx,pivot,128,main_aggr,2,"Engine 2 sum",,0.1516,0.1516,2,2,2026-10-07T05:20:48+02:00
a64fx,pivot,128,main_aggr,2,"Engine 2 sum",,0.1515,0.1515,2,2,2026-10-07T05:20:48+02:00
a64fx,pivot,128,main_aggr,2,"Engine 2 sum",,0.1515,0.1515,2,2,2026-10-07T05:20:48+02:00
a64fx,pivot,128,main_aggr,2,"Engine 2 sum",,0.1515,0.1515,2,2,2026-10-07T05:20:48+02:00
a64fx,pivot,128,main_aggr,2,"Engine 3 sum",,0.1331,0.1331,2,2,2026-10-07T05:20:48+02:00
a64fx,pivot,128,main_aggr,2,"Engine 3 sum",,0.1332,0.1332,2,2,2026-10-07T05:20:48+02:00
a64fx,pivot,128,main_aggr,2,"Engine 3 sum",,0.1332,0.1332,2,2,2026-10-07T05:20:48+02:00
a64fx,pivot,128,main_aggr,2,"Engine 3 sum",,0.1331,0.1331,2,2,2026-10-07T05:20:48+02:00
a64fx,pivot,128,main_aggr,2,"Engine 3 sum",,0.1332,0.1332,2,2,2026-10-07T05:20:48+02:00
a64fx,pivot,256,main_aggr,2,"Codegen 1 sum",,0.1363,0.1363,2,2,2026-10-07T05:21:01+02:00
a64fx,pivot,256,main_aggr,2,"Codegen 1 sum",,0.1361,0.1361,2,2,2026-10-07T05:21:01+02:00
a64fx,pivot,256,main_aggr,2,"Codegen 1 sum",,0.1363,0.1363,2,2,2026-10-07T05:21:01+02:00
a64fx,pivot,256,main_aggr,2,"Codegen 1 sum",,0.1363,0.1363,2,2,2026-10-07T05:21:01+02:00
a64fx,pivot,256,main_aggr,2,"Codegen 1 sum",,0.1363,0.1363,2,2,2026-10-07T05:21:01+02:00
a64fx,pivot,256,main_aggr,2,"Codegen 2 sum",,0.1140,0.1140,2,2,2026-10-07T05:21:01+02:00
a64fx,pivot,256,main_aggr,2,"Codegen 2 sum",,0.1140,0.1140,2,2,2026-10-07T05:21:01+02:00
a64fx,pivot,256,main_aggr,2,"Codegen 2 sum",,0.1140,0.1140,2,2,2026-10-07T05:21:01+02:00
a64fx,pivot,256,main_aggr,2,"Codegen 2 sum",,0.1140,0.1140,2,2,2026-10-07T05:21:01+02:00
a64fx,pivot,256,main_aggr,2,"Codegen 2 sum",,0.1140,0.1140,2,2,2026-10-07T05:21:01+02:00
a64fx,pivot,256,main_aggr,2,"Codegen 3 sum",,0.1120,0.1120,2,2,2026-10-07T05:21:01+02:00
a64fx,pivot,256,main_aggr,2,"Codegen 3 sum",,0.1119,0.1119,2,2,2026-10-07T05:21:01+02:00
a64fx,pivot,256,main_aggr,2,"Codegen 3 sum",,0.1121,0.1121,2,2,2026-10-07T05:21:01+02:00
a64fx,pivot,256,main_aggr,2,"Codegen 3 sum",,0.1120,0.1120,2,2,2026-10-07T05:21:01+02:00
a64fx,pivot,256,main_aggr,2,"Codegen 3 sum",,0.1120,0.1120,2,2,2026-10-07T05:21:01+02:00
a64fx,pivot,256,main_aggr,2,"Engine 1 sum",,0.1879,0.1879,2,2,2026-10-07T05:21:01+02:00
a64fx,pivot,256,main_aggr,2,"Engine 1 sum",,0.1879,0.1879,2,2,2026-10-07T05:21:01+02:00
a64fx,pivot,256,main_aggr,2,"Engine 1 sum",,0.1875,0.1875,2,2,2026-10-07T05:21:01+02:00
a64fx,pivot,256,main_aggr,2,"Engine 1 sum",,0.1878,0.1878,2,2,2026-10-07T05:21:01+02:00
a64fx,pivot,256,main_aggr,2,"Engine 1 sum",,0.1879,0.1879,2,2,2026-10-07T05:21:01+02:00
a64fx,pivot,256,main_aggr,2,"Engine 2 sum",,0.1585,0.1585,2,2,2026-10-07T05:21:01+02:00
a64fx,pivot,256,main_aggr,2,"Engine 2 sum",,0.1585,0.1585,2,2,2026-10-07T05:21:01+02:00
a64fx,pivot,256,main_aggr,2,"Engine 2 sum",,0.1585,0.1585,2,2,2026-10-07T05:21:01+02:00
a64fx,pivot,256,main_aggr,2,"Engine 2 sum",,0.1585,0.1585,2,2,2026-10-07T05:21:01+02:00
a64fx,pivot,256,main_aggr,2,"Engine 2 sum",,0.1585,0.1585,2,2,2026-10-07T05:21:01+02:00
a64fx,pivot,256,main_aggr,2,"Engine 3 sum",,0.1372,0.1372,2,2,2026-10-07T05:21:01+02:00
a64fx,pivot,256,main_aggr,2,"Engine 3 sum",,0.1372,0.1372,2,2,2026-10-07T05:21:01+02:00
a64fx,pivot,256,main_aggr,2,"Engine 3 sum",,0.1372,0.1372,2,2,2026-10-07T05:21:01+02:00
a64fx,pivot,256,main_aggr,2,"Engine 3 sum",,0.1372,0.1372,2,2,2026-10-07T05:21:01+02:00
a64fx,pivot,256,main_aggr,2,"Engine 3 sum",,0.1372,0.1372,2,2,2026-10-07T05:21:01+02:00
a64fx,pivot,512,main_aggr,2,"Codegen 1 sum",,0.1338,0.1338,2,2,2026-10-07T05:21:14+02:00
a64fx,pivot,512,main_aggr,2,"Codegen 1 sum",,0.1339,0.1339,2,2,2026-10-07T05:21:14+02:00
a64fx,pivot,512,main_aggr,2,"Codegen 1 sum",,0.1338,0.1338,2,2,2026-10-07T05:21:14+02:00
a64fx,pivot,512,main_aggr,2,"Codegen 1 sum",,0.1338,0.1338,2,2,2026-10-07T05:21:14+02:00
a64fx,pivot,512,main_aggr,2,"Codegen 1 sum",,0.1340,0.1340,2,2,2026-10-07T05:21:14+02:00
a64fx,pivot,512,main_aggr,2,"Codegen 2 sum",,0.1145,0.1145,2,2,2026-10-07T05:21:14+02:00
a64fx,pivot,512,main_aggr,2,"Codegen 2 sum",,0.1146,0.1146,2,2,2026-10-07T05:21:14+02:00
a64fx,pivot,512,main_aggr,2,"Codegen 2 sum",,0.1145,0.1145,2,2,2026-10-07T05:21:14+02:00
a64fx,pivot,512,main_aggr,2,"Codegen 2 sum",,0.1146,0.1146,2,2,2026-10-07T05:21:14+02:00
a64fx,pivot,512,main_aggr,2,"Codegen 2 sum",,0.1145,0.1145,2,2,2026-10-07T05:21:14+02:00
a64fx,pivot,512,main_aggr,2,"Codegen 3 sum",,0.1125,0.1125,2,2,2026-10-07T05:21:14+02:00
a64fx,pivot,512,main_aggr,2,"Codegen 3 sum",,0.1124,0.1124,2,2,2026-10-07T05:21:14+02:00
a64fx,pivot,512,main_aggr,2,"Codegen 3 sum",,0.1122,0.1122,2,2,2026-10-07T05:21:14+02:00
a64fx,pivot,512,main_aggr,2,"Codegen 3 sum",,0.1118,0.1118,2,2,2026-10-07T05:21:14+02:00
a64fx,pivot,512,main_aggr,2,"Codegen 3 sum",,0.1121,0.1121,2,2,2026-10-07T05:21:14+02:00
a64fx,pivot,512,main_aggr,2,"Engine 1 sum",,0.2484,0.2484,2,2,2026-10-07T05:21:14+02:00
a64fx,pivot,512,main_aggr,2,"Engine 1 sum",,0.2483,0.2483,2,2,2026-10-07T05:21:14+02:00
a64fx,pivot,512,main_aggr,2,"Engine 1 sum",,0.2485,0.2485,2,2,2026-10-07T05:21:14+02:00
a64fx,pivot,512,main_aggr,2,"Engine 1 sum",,0.2481,0.2481,2,2,2026-10-07T05:21:14+02:00
a64fx,pivot,512,main_aggr,2,"Engine 1 sum",,0.2481,0.2481,2,2,2026-10-07T05:21:14+02:00
a64fx,pivot,512,main_aggr,2,"Engine 2 sum",,0.2032,0.2032,2,2,2026-10-07T05:21:14+02:00
a64fx,pivot,512,main_aggr,2,"Engine 2 sum",,0.2032,0.2032,2,2,2026-10-07T05:21:14+02:00
a64fx,pivot,512,main_aggr,2,"Engine 2 sum",,0.2031,0.2031,2,2,2026-10-07T05:21:14+02:00
a64fx,pivot,512,main_aggr,2,"Engine 2 sum",,0.2032,0.2032,2,2,2026-10-07T05:21:14+02:00
a64fx,pivot,512,main_aggr,2,"Engine 2 sum",,0.1980,0.1980,2,2,2026-10-07T05:21:14+02:00
a64fx,pivot,512,main_aggr,2,"Engine 3 sum",,0.1719,0.1719,2,2,2026-10-07T05:21:14+02:00
a64fx,pivot,512,main_aggr,2,"Engine 3 sum",,0.1720,0.1720,2,2,2026-10-07T05:21:14+02:00
a64fx,pivot,512,main_aggr,2,"Engine 3 sum",,0.1720,0.1720,2,2,2026-10-07T05:21:14+02:00
a64fx,pivot,512,main_aggr,2,"Engine 3 sum",,0.1721,0.1721,2,2,2026-10-07T05:21:14+02:00
a64fx,pivot,512,main_aggr,2,"Engine 3 sum",,0.1721,0.1721,2,2,2026-10-07T05:21:14+02:00
a64fx,pivot,128,main_join,2,"Engine  1-1",,0.1640,0.1640,2,2,2026-10-07T05:21:47+02:00
a64fx,pivot,128,main_join,2,"Engine  1-3",,0.1378,0.1378,2,2,2026-10-07T05:21:47+02:00
a64fx,pivot,128,main_join,2,"Engine  3-1",,0.1540,0.1540,2,2,2026-10-07T05:21:47+02:00
a64fx,pivot,128,main_join,2,"Engine  3-3",,0.1306,0.1306,2,2,2026-10-07T05:21:47+02:00
a64fx,pivot,128,main_join,2,"Codegen 1-1",,0.1123,0.1123,2,2,2026-10-07T05:21:47+02:00
a64fx,pivot,128,main_join,2,"Codegen 1-1",,0.1124,0.1124,2,2,2026-10-07T05:21:47+02:00
a64fx,pivot,128,main_join,2,"Codegen 1-1",,0.1124,0.1124,2,2,2026-10-07T05:21:47+02:00
a64fx,pivot,128,main_join,2,"Codegen 1-1",,0.1124,0.1124,2,2,2026-10-07T05:21:47+02:00
a64fx,pivot,128,main_join,2,"Codegen 1-1",,0.1123,0.1123,2,2,2026-10-07T05:21:47+02:00
a64fx,pivot,128,main_join,2,"Codegen 1-3",,0.1114,0.1114,2,2,2026-10-07T05:21:47+02:00
a64fx,pivot,128,main_join,2,"Codegen 1-3",,0.1115,0.1115,2,2,2026-10-07T05:21:47+02:00
a64fx,pivot,128,main_join,2,"Codegen 1-3",,0.1114,0.1114,2,2,2026-10-07T05:21:47+02:00
a64fx,pivot,128,main_join,2,"Codegen 1-3",,0.1114,0.1114,2,2,2026-10-07T05:21:47+02:00
a64fx,pivot,128,main_join,2,"Codegen 1-3",,0.1115,0.1115,2,2,2026-10-07T05:21:47+02:00
a64fx,pivot,128,main_join,2,"Codegen 3-1",,0.1012,0.1012,2,2,2026-10-07T05:21:47+02:00
a64fx,pivot,128,main_join,2,"Codegen 3-1",,0.1012,0.1012,2,2,2026-10-07T05:21:47+02:00
a64fx,pivot,128,main_join,2,"Codegen 3-1",,0.1012,0.1012,2,2,2026-10-07T05:21:47+02:00
a64fx,pivot,128,main_join,2,"Codegen 3-1",,0.1012,0.1012,2,2,2026-10-07T05:21:47+02:00
a64fx,pivot,128,main_join,2,"Codegen 3-1",,0.1012,0.1012,2,2,2026-10-07T05:21:47+02:00
a64fx,pivot,128,main_join,2,"Codegen 3-3",,0.0945,0.0945,2,2,2026-10-07T05:21:47+02:00
a64fx,pivot,128,main_join,2,"Codegen 3-3",,0.0948,0.0948,2,2,2026-10-07T05:21:47+02:00
a64fx,pivot,128,main_join,2,"Codegen 3-3",,0.0945,0.0945,2,2,2026-10-07T05:21:47+02:00
a64fx,pivot,128,main_join,2,"Codegen 3-3",,0.0945,0.0945,2,2,2026-10-07T05:21:47+02:00
a64fx,pivot,128,main_join,2,"Codegen 3-3",,0.0945,0.0945,2,2,2026-10-07T05:21:47+02:00
a64fx,pivot,256,main_join,2,"Engine  1-1",,0.1812,0.1812,2,2,2026-10-07T05:21:53+02:00
a64fx,pivot,256,main_join,2,"Engine  1-3",,0.1534,0.1534,2,2,2026-10-07T05:21:53+02:00
a64fx,pivot,256,main_join,2,"Engine  3-1",,0.1699,0.1699,2,2,2026-10-07T05:21:53+02:00
a64fx,pivot,256,main_join,2,"Engine  3-3",,0.1449,0.1449,2,2,2026-10-07T05:21:53+02:00
a64fx,pivot,256,main_join,2,"Codegen 1-1",,0.1089,0.1089,2,2,2026-10-07T05:21:53+02:00
a64fx,pivot,256,main_join,2,"Codegen 1-1",,0.1090,0.1090,2,2,2026-10-07T05:21:53+02:00
a64fx,pivot,256,main_join,2,"Codegen 1-1",,0.1090,0.1090,2,2,2026-10-07T05:21:53+02:00
a64fx,pivot,256,main_join,2,"Codegen 1-1",,0.1089,0.1089,2,2,2026-10-07T05:21:53+02:00
a64fx,pivot,256,main_join,2,"Codegen 1-1",,0.1091,0.1091,2,2,2026-10-07T05:21:53+02:00
a64fx,pivot,256,main_join,2,"Codegen 1-3",,0.1091,0.1091,2,2,2026-10-07T05:21:53+02:00
a64fx,pivot,256,main_join,2,"Codegen 1-3",,0.1076,0.1076,2,2,2026-10-07T05:21:53+02:00
a64fx,pivot,256,main_join,2,"Codegen 1-3",,0.1091,0.1091,2,2,2026-10-07T05:21:53+02:00
a64fx,pivot,256,main_join,2,"Codegen 1-3",,0.1073,0.1073,2,2,2026-10-07T05:21:53+02:00
a64fx,pivot,256,main_join,2,"Codegen 1-3",,0.1090,0.1090,2,2,2026-10-07T05:21:53+02:00
a64fx,pivot,256,main_join,2,"Codegen 3-1",,0.1006,0.1006,2,2,2026-10-07T05:21:53+02:00
a64fx,pivot,256,main_join,2,"Codegen 3-1",,0.1005,0.1005,2,2,2026-10-07T05:21:53+02:00
a64fx,pivot,256,main_join,2,"Codegen 3-1",,0.1005,0.1005,2,2,2026-10-07T05:21:53+02:00
a64fx,pivot,256,main_join,2,"Codegen 3-1",,0.1005,0.1005,2,2,2026-10-07T05:21:53+02:00
a64fx,pivot,256,main_join,2,"Codegen 3-1",,0.1005,0.1005,2,2,2026-10-07T05:21:53+02:00
a64fx,pivot,256,main_join,2,"Codegen 3-3",,0.0942,0.0942,2,2,2026-10-07T05:21:53+02:00
a64fx,pivot,256,main_join,2,"Codegen 3-3",,0.0942,0.0942,2,2,2026-10-07T05:21:53+02:00
a64fx,pivot,256,main_join,2,"Codegen 3-3",,0.0942,0.0942,2,2,2026-10-07T05:21:53+02:00
a64fx,pivot,256,main_join,2,"Codegen 3-3",,0.0942,0.0942,2,2,2026-10-07T05:21:53+02:00
a64fx,pivot,256,main_join,2,"Codegen 3-3",,0.0942,0.0942,2,2,2026-10-07T05:21:53+02:00
a64fx,pivot,512,main_join,2,"Engine  1-1",,0.1853,0.1853,2,2,2026-10-07T05:21:59+02:00
a64fx,pivot,512,main_join,2,"Engine  1-3",,0.1567,0.1567,2,2,2026-10-07T05:21:59+02:00
a64fx,pivot,512,main_join,2,"Engine  3-1",,0.1739,0.1739,2,2,2026-10-07T05:21:59+02:00
a64fx,pivot,512,main_join,2,"Engine  3-3",,0.1481,0.1481,2,2,2026-10-07T05:21:59+02:00
a64fx,pivot,512,main_join,2,"Codegen 1-1",,0.1116,0.1116,2,2,2026-10-07T05:21:59+02:00
a64fx,pivot,512,main_join,2,"Codegen 1-1",,0.1119,0.1119,2,2,2026-10-07T05:21:59+02:00
a64fx,pivot,512,main_join,2,"Codegen 1-1",,0.1119,0.1119,2,2,2026-10-07T05:21:59+02:00
a64fx,pivot,512,main_join,2,"Codegen 1-1",,0.1117,0.1117,2,2,2026-10-07T05:21:59+02:00
a64fx,pivot,512,main_join,2,"Codegen 1-1",,0.1120,0.1120,2,2,2026-10-07T05:21:59+02:00
a64fx,pivot,512,main_join,2,"Codegen 1-3",,0.1115,0.1115,2,2,2026-10-07T05:21:59+02:00
a64fx,pivot,512,main_join,2,"Codegen 1-3",,0.1115,0.1115,2,2,2026-10-07T05:21:59+02:00
a64fx,pivot,512,main_join,2,"Codegen 1-3",,0.1114,0.1114,2,2,2026-10-07T05:21:59+02:00
a64fx,pivot,512,main_join,2,"Codegen 1-3",,0.1115,0.1115,2,2,2026-10-07T05:21:59+02:00
a64fx,pivot,512,main_join,2,"Codegen 1-3",,0.1115,0.1115,2,2,2026-10-07T05:21:59+02:00
a64fx,pivot,512,main_join,2,"Codegen 3-1",,0.1006,0.1006,2,2,2026-10-07T05:21:59+02:00
a64fx,pivot,512,main_join,2,"Codegen 3-1",,0.1006,0.1006,2,2,2026-10-07T05:21:59+02:00
a64fx,pivot,512,main_join,2,"Codegen 3-1",,0.1006,0.1006,2,2,2026-10-07T05:21:59+02:00
a64fx,pivot,512,main_join,2,"Codegen 3-1",,0.1006,0.1006,2,2,2026-10-07T05:21:59+02:00
a64fx,pivot,512,main_join,2,"Codegen 3-1",,0.1006,0.1006,2,2,2026-10-07T05:21:59+02:00
a64fx,pivot,512,main_join,2,"Codegen 3-3",,0.0947,0.0947,2,2,2026-10-07T05:21:59+02:00
a64fx,pivot,512,main_join,2,"Codegen 3-3",,0.0947,0.0947,2,2,2026-10-07T05:21:59+02:00
a64fx,pivot,512,main_join,2,"Codegen 3-3",,0.0947,0.0947,2,2,2026-10-07T05:21:59+02:00
a64fx,pivot,512,main_join,2,"Codegen 3-3",,0.0947,0.0947,2,2,2026-10-07T05:21:59+02:00
a64fx,pivot,512,main_join,2,"Codegen 3-3",,0.0947,0.0947,2,2,2026-10-07T05:21:59+02:00
a64fx,pivot,128,main_scan_int,3,"and 1",0.00,48.9793,32.5802,3,3,2026-10-07T05:22:32+02:00
a64fx,pivot,128,main_scan_int,3,"and 1",0.00,48.8091,32.3743,3,3,2026-10-07T05:22:32+02:00
a64fx,pivot,128,main_scan_int,3,"and 1",0.00,48.6675,34.0599,3,3,2026-10-07T05:22:32+02:00
a64fx,pivot,128,main_scan_int,3,"and 1",0.00,49.0596,33.9155,3,3,2026-10-07T05:22:32+02:00
a64fx,pivot,128,main_scan_int,3,"and 1",0.00,46.5406,33.0165,3,3,2026-10-07T05:22:32+02:00
a64fx,pivot,128,main_scan_int,3,"and 2",0.03,14.3874,17.6578,3,3,2026-10-07T05:22:32+02:00
a64fx,pivot,128,main_scan_int,3,"and 2",0.03,14.5977,18.3245,3,3,2026-10-07T05:22:32+02:00
a64fx,pivot,128,main_scan_int,3,"and 2",0.03,14.5918,18.3313,3,3,2026-10-07T05:22:32+02:00
a64fx,pivot,128,main_scan_int,3,"and 2",0.03,14.3050,18.3760,3,3,2026-10-07T05:22:32+02:00
a64fx,pivot,128,main_scan_int,3,"and 2",0.03,14.6078,17.5482,3,3,2026-10-07T05:22:32+02:00
a64fx,pivot,128,main_scan_int,3,"and 3",0.10,10.0956,13.2656,3,3,2026-10-07T05:22:32+02:00
a64fx,pivot,128,main_scan_int,3,"and 3",0.10,10.0990,13.2996,3,3,2026-10-07T05:22:32+02:00
a64fx,pivot,128,main_scan_int,3,"and 3",0.10,9.8526,12.7878,3,3,2026-10-07T05:22:32+02:00
a64fx,pivot,128,main_scan_int,3,"and 3",0.10,10.0984,13.3163,3,3,2026-10-07T05:22:32+02:00
a64fx,pivot,128,main_scan_int,3,"and 3",0.10,9.9959,12.8990,3,3,2026-10-07T05:22:32+02:00
a64fx,pivot,128,main_scan_int,3,"and 1",0.00,42.1674,30.6793,3,3,2026-10-07T05:22:32+02:00
a64fx,pivot,128,main_scan_int,3,"and 1",0.00,42.6072,29.1084,3,3,2026-10-07T05:22:32+02:00
a64fx,pivot,128,main_scan_int,3,"and 1",0.00,42.1116,30.3797,3,3,2026-10-07T05:22:32+02:00
a64fx,pivot,128,main_scan_int,3,"and 1",0.00,42.4679,27.9807,3,3,2026-10-07T05:22:32+02:00
a64fx,pivot,128,main_scan_int,3,"and 1",0.00,42.2194,30.7735,3,3,2026-10-07T05:22:32+02:00
a64fx,pivot,128,main_scan_int,3,"and 2",0.04,15.0239,17.7800,3,3,2026-10-07T05:22:32+02:00
a64fx,pivot,128,main_scan_int,3,"and 2",0.04,15.0570,18.3398,3,3,2026-10-07T05:22:32+02:00
a64fx,pivot,128,main_scan_int,3,"and 2",0.04,14.7065,17.3263,3,3,2026-10-07T05:22:32+02:00
a64fx,pivot,128,main_scan_int,3,"and 2",0.04,15.0976,18.2865,3,3,2026-10-07T05:22:32+02:00
a64fx,pivot,128,main_scan_int,3,"and 2",0.04,15.0009,18.3785,3,3,2026-10-07T05:22:32+02:00
a64fx,pivot,128,main_scan_int,3,"and 3",0.13,8.5781,11.9217,3,3,2026-10-07T05:22:32+02:00
a64fx,pivot,128,main_scan_int,3,"and 3",0.13,8.6668,12.1510,3,3,2026-10-07T05:22:32+02:00
a64fx,pivot,128,main_scan_int,3,"and 3",0.13,8.4281,12.1797,3,3,2026-10-07T05:22:32+02:00
a64fx,pivot,128,main_scan_int,3,"and 3",0.13,8.4567,12.0014,3,3,2026-10-07T05:22:32+02:00
a64fx,pivot,128,main_scan_int,3,"and 3",0.13,8.6644,12.1340,3,3,2026-10-07T05:22:32+02:00
a64fx,pivot,128,main_scan_int,3,"and 1",0.01,31.7155,25.5283,3,3,2026-10-07T05:22:32+02:00
a64fx,pivot,128,main_scan_int,3,"and 1",0.01,31.6844,25.5866,3,3,2026-10-07T05:22:32+02:00
a64fx,pivot,128,main_scan_int,3,"and 1",0.01,31.6876,25.7700,3,3,2026-10-07T05:22:32+02:00
a64fx,pivot,128,main_scan_int,3,"and 1",0.01,29.7109,25.7052,3,3,2026-10-07T05:22:32+02:00
a64fx,pivot,128,main_scan_int,3,"and 1",0.01,29.6350,25.7556,3,3,2026-10-07T05:22:32+02:00
a64fx,pivot,128,main_scan_int,3,"and 2",0.07,12.5363,15.7443,3,3,2026-10-07T05:22:32+02:00
a64fx,pivot,128,main_scan_int,3,"and 2",0.07,12.8723,16.5423,3,3,2026-10-07T05:22:32+02:00
a64fx,pivot,128,main_scan_int,3,"and 2",0.07,12.3890,16.5496,3,3,2026-10-07T05:22:32+02:00
a64fx,pivot,128,main_scan_int,3,"and 2",0.07,12.9046,16.6600,3,3,2026-10-07T05:22:32+02:00
a64fx,pivot,128,main_scan_int,3,"and 2",0.07,12.8653,16.5201,3,3,2026-10-07T05:22:32+02:00
a64fx,pivot,128,main_scan_int,3,"and 3",0.17,7.3526,11.0392,3,3,2026-10-07T05:22:32+02:00
a64fx,pivot,128,main_scan_int,3,"and 3",0.17,7.3201,10.9598,3,3,2026-10-07T05:22:32+02:00
a64fx,pivot,128,main_scan_int,3,"and 3",0.17,7.3664,11.1388,3,3,2026-10-07T05:22:32+02:00
a64fx,pivot,128,main_scan_int,3,"and 3",0.17,7.4250,10.9289,3,3,2026-10-07T05:22:32+02:00
a64fx,pivot,128,main_scan_int,3,"and 3",0.17,7.4273,11.1352,3,3,2026-10-07T05:22:32+02:00
a64fx,pivot,128,main_scan_int,3,"and 1",0.01,23.9262,21.2167,3,3,2026-10-07T05:22:32+02:00
a64fx,pivot,128,main_scan_int,3,"and 1",0.01,23.9989,20.5286,3,3,2026-10-07T05:22:32+02:00
a64fx,pivot,128,main_scan_int,3,"and 1",0.01,24.5206,20.8167,3,3,2026-10-07T05:22:32+02:00
a64fx,pivot,128,main_scan_int,3,"and 1",0.01,24.5078,19.4351,3,3,2026-10-07T05:22:32+02:00
a64fx,pivot,128,main_scan_int,3,"and 1",0.01,23.7903,20.9377,3,3,2026-10-07T05:22:32+02:00
a64fx,pivot,128,main_scan_int,3,"and 2",0.10,10.2830,13.0269,3,3,2026-10-07T05:22:32+02:00
a64fx,pivot,128,main_scan_int,3,"and 2",0.10,10.5046,14.2014,3,3,2026-10-07T05:22:32+02:00
a64fx,pivot,128,main_scan_int,3,"and 2",0.10,10.3445,13.6312,3,3,2026-10-07T05:22:32+02:00
a64fx,pivot,128,main_scan_int,3,"and 2",0.10,10.4890,14.1974,3,3,2026-10-07T05:22:32+02:00
a64fx,pivot,128,main_scan_int,3,"and 2",0.10,10.3241,14.0935,3,3,2026-10-07T05:22:32+02:00
a64fx,pivot,128,main_scan_int,3,"and 3",0.22,6.4623,10.3634,3,3,2026-10-07T05:22:32+02:00
a64fx,pivot,128,main_scan_int,3,"and 3",0.22,6.6016,10.3055,3,3,2026-10-07T05:22:32+02:00
a64fx,pivot,128,main_scan_int,3,"and 3",0.22,6.5200,10.3521,3,3,2026-10-07T05:22:32+02:00
a64fx,pivot,128,main_scan_int,3,"and 3",0.22,6.6664,10.4811,3,3,2026-10-07T05:22:32+02:00
a64fx,pivot,128,main_scan_int,3,"and 3",0.22,6.7011,10.6635,3,3,2026-10-07T05:22:32+02:00
a64fx,pivot,128,main_scan_int,3,"and 1",0.02,19.5730,16.1939,3,3,2026-10-07T05:22:32+02:00
a64fx,pivot,128,main_scan_int,3,"and 1",0.02,20.9888,15.9959,3,3,2026-10-07T05:22:32+02:00
a64fx,pivot,128,main_scan_int,3,"and 1",0.02,20.9625,16.2413,3,3,2026-10-07T05:22:32+02:00
a64fx,pivot,128,main_scan_int,3,"and 1",0.02,20.9836,16.3880,3,3,2026-10-07T05:22:32+02:00
a64fx,pivot,128,main_scan_int,3,"and 1",0.02,20.9594,16.6857,3,3,2026-10-07T05:22:32+02:00
a64fx,pivot,128,main_scan_int,3,"and 2",0.14,8.6358,11.8309,3,3,2026-10-07T05:22:32+02:00
a64fx,pivot,128,main_scan_int,3,"and 2",0.14,8.6786,11.8149,3,3,2026-10-07T05:22:32+02:00
a64fx,pivot,128,main_scan_int,3,"and 2",0.14,8.5989,11.4559,3,3,2026-10-07T05:22:32+02:00
a64fx,pivot,128,main_scan_int,3,"and 2",0.14,8.8218,11.8162,3,3,2026-10-07T05:22:32+02:00
a64fx,pivot,128,main_scan_int,3,"and 2",0.14,8.6893,11.8415,3,3,2026-10-07T05:22:32+02:00
a64fx,pivot,128,main_scan_int,3,"and 3",0.27,5.6357,9.3727,3,3,2026-10-07T05:22:32+02:00
a64fx,pivot,128,main_scan_int,3,"and 3",0.27,5.6146,9.3547,3,3,2026-10-07T05:22:32+02:00
a64fx,pivot,128,main_scan_int,3,"and 3",0.27,5.6213,9.3716,3,3,2026-10-07T05:22:32+02:00
a64fx,pivot,128,main_scan_int,3,"and 3",0.27,5.6026,9.3822,3,3,2026-10-07T05:22:32+02:00
a64fx,pivot,128,main_scan_int,3,"and 3",0.27,5.4830,9.3783,3,3,2026-10-07T05:22:32+02:00
a64fx,pivot,128,main_scan_int,3,"and 1",0.05,24.2768,11.7297,3,3,2026-10-07T05:22:32+02:00
a64fx,pivot,128,main_scan_int,3,"and 1",0.05,25.3578,11.9024,3,3,2026-10-07T05:22:32+02:00
a64fx,pivot,128,main_scan_int,3,"and 1",0.05,24.0588,11.5543,3,3,2026-10-07T05:22:32+02:00
a64fx,pivot,128,main_scan_int,3,"and 1",0.05,25.3640,11.4995,3,3,2026-10-07T05:22:32+02:00
a64fx,pivot,128,main_scan_int,3,"and 1",0.05,25.4126,11.9151,3,3,2026-10-07T05:22:32+02:00
a64fx,pivot,128,main_scan_int,3,"and 2",0.22,7.7112,9.0830,3,3,2026-10-07T05:22:32+02:00
a64fx,pivot,128,main_scan_int,3,"and 2",0.22,7.7130,9.0860,3,3,2026-10-07T05:22:32+02:00
a64fx,pivot,128,main_scan_int,3,"and 2",0.22,7.6126,9.0107,3,3,2026-10-07T05:22:32+02:00
a64fx,pivot,128,main_scan_int,3,"and 2",0.22,7.8598,8.8251,3,3,2026-10-07T05:22:32+02:00
a64fx,pivot,128,main_scan_int,3,"and 2",0.22,7.8679,9.2373,3,3,2026-10-07T05:22:32+02:00
a64fx,pivot,128,main_scan_int,3,"and 3",0.37,1.9482,7.5927,3,3,2026-10-07T05:22:32+02:00
a64fx,pivot,128,main_scan_int,3,"and 3",0.37,4.5951,7.3712,3,3,2026-10-07T05:22:32+02:00
a64fx,pivot,128,main_scan_int,3,"and 3",0.37,4.5901,7.4339,3,3,2026-10-07T05:22:32+02:00
a64fx,pivot,128,main_scan_int,3,"and 3",0.37,4.5951,7.5052,3,3,2026-10-07T05:22:32+02:00
a64fx,pivot,128,main_scan_int,3,"and 3",0.37,4.6006,7.5866,3,3,2026-10-07T05:22:32+02:00
a64fx,pivot,128,main_scan_int,3,"and 1",0.10,18.6865,9.5746,3,3,2026-10-07T05:22:32+02:00
a64fx,pivot,128,main_scan_int,3,"and 1",0.10,19.1487,9.7410,3,3,2026-10-07T05:22:32+02:00
a64fx,pivot,128,main_scan_int,3,"and 1",0.10,19.1391,9.4954,3,3,2026-10-07T05:22:32+02:00
a64fx,pivot,128,main_scan_int,3,"and 1",0.10,19.0772,9.4747,3,3,2026-10-07T05:22:32+02:00
a64fx,pivot,128,main_scan_int,3,"and 1",0.10,19.1776,9.7241,3,3,2026-10-07T05:22:32+02:00
a64fx,pivot,128,main_scan_int,3,"and 2",0.32,5.9384,7.8286,3,3,2026-10-07T05:22:32+02:00
a64fx,pivot,128,main_scan_int,3,"and 2",0.32,5.9567,7.7910,3,3,2026-10-07T05:22:32+02:00
a64fx,pivot,128,main_scan_int,3,"and 2",0.32,5.9070,7.7080,3,3,2026-10-07T05:22:32+02:00
a64fx,pivot,128,main_scan_int,3,"and 2",0.32,5.8974,7.8799,3,3,2026-10-07T05:22:32+02:00
a64fx,pivot,128,main_scan_int,3,"and 2",0.32,5.8955,7.8676,3,3,2026-10-07T05:22:32+02:00
a64fx,pivot,128,main_scan_int,3,"and 3",0.46,3.6609,6.4863,3,3,2026-10-07T05:22:32+02:00
a64fx,pivot,128,main_scan_int,3,"and 3",0.46,3.6743,6.5340,3,3,2026-10-07T05:22:32+02:00
a64fx,pivot,128,main_scan_int,3,"and 3",0.46,3.6710,6.5211,3,3,2026-10-07T05:22:32+02:00
a64fx,pivot,128,main_scan_int,3,"and 3",0.46,3.6830,6.6013,3,3,2026-10-07T05:22:32+02:00
a64fx,pivot,128,main_scan_int,3,"and 3",0.46,3.6514,6.5107,3,3,2026-10-07T05:22:32+02:00
a64fx,pivot,128,main_scan_int,3,"and 1",0.20,11.7398,8.3651,3,3,2026-10-07T05:22:32+02:00
a64fx,pivot,128,main_scan_int,3,"and 1",0.20,11.7929,8.4658,3,3,2026-10-07T05:22:32+02:00
a64fx,pivot,128,main_scan_int,3,"and 1",0.20,11.4543,8.3120,3,3,2026-10-07T05:22:32+02:00
a64fx,pivot,128,main_scan_int,3,"and 1",0.20,11.7448,8.3007,3,3,2026-10-07T05:22:32+02:00
a64fx,pivot,128,main_scan_int,3,"and 1",0.20,11.7597,8.3639,3,3,2026-10-07T05:22:32+02:00
a64fx,pivot,128,main_scan_int,3,"and 2",0.45,4.3016,6.9444,3,3,2026-10-07T05:22:32+02:00
a64fx,pivot,128,main_scan_int,3,"and 2",0.45,4.2839,6.9832,3,3,2026-10-07T05:22:32+02:00
a64fx,pivot,128,main_scan_int,3,"and 2",0.45,4.2819,6.8759,3,3,2026-10-07T05:22:32+02:00
a64fx,pivot,128,main_scan_int,3,"and 2",0.45,4.2425,6.9579,3,3,2026-10-07T05:22:32+02:00
a64fx,pivot,128,main_scan_int,3,"and 2",0.45,4.2718,6.8852,3,3,2026-10-07T05:22:32+02:00
a64fx,pivot,128,main_scan_int,3,"and 3",0.58,3.5026,5.9478,3,3,2026-10-07T05:22:32+02:00
a64fx,pivot,128,main_scan_int,3,"and 3",0.58,3.4906,5.9704,3,3,2026-10-07T05:22:32+02:00
a64fx,pivot,128,main_scan_int,3,"and 3",0.58,3.5207,5.9822,3,3,2026-10-07T05:22:32+02:00
a64fx,pivot,128,main_scan_int,3,"and 3",0.58,3.5248,5.9329,3,3,2026-10-07T05:22:32+02:00
a64fx,pivot,128,main_scan_int,3,"and 3",0.58,3.5138,5.9676,3,3,2026-10-07T05:22:32+02:00
a64fx,pivot,128,main_scan_int,3,"and 1",0.50,5.7937,7.3438,3,3,2026-10-07T05:22:32+02:00
a64fx,pivot,128,main_scan_int,3,"and 1",0.50,5.8379,7.5256,3,3,2026-10-07T05:22:32+02:00
a64fx,pivot,128,main_scan_int,3,"and 1",0.50,5.8646,7.4717,3,3,2026-10-07T05:22:32+02:00
a64fx,pivot,128,main_scan_int,3,"and 1",0.50,5.8274,7.3677,3,3,2026-10-07T05:22:32+02:00
a64fx,pivot,128,main_scan_int,3,"and 1",0.50,5.8478,7.4431,3,3,2026-10-07T05:22:32+02:00
a64fx,pivot,128,main_scan_int,3,"and 2",0.71,5.2635,6.3577,3,3,2026-10-07T05:22:32+02:00
a64fx,pivot,128,main_scan_int,3,"and 2",0.71,5.4722,6.3094,3,3,2026-10-07T05:22:32+02:00
a64fx,pivot,128,main_scan_int,3,"and 2",0.71,5.4409,6.1811,3,3,2026-10-07T05:22:32+02:00
a64fx,pivot,128,main_scan_int,3,"and 2",0.71,5.4287,6.2520,3,3,2026-10-07T05:22:32+02:00
a64fx,pivot,128,main_scan_int,3,"and 2",0.71,5.3902,6.3006,3,3,2026-10-07T05:22:32+02:00
a64fx,pivot,128,main_scan_int,3,"and 3",0.79,5.2065,5.5319,3,3,2026-10-07T05:22:32+02:00
a64fx,pivot,128,main_scan_int,3,"and 3",0.79,5.2376,5.4888,3,3,2026-10-07T05:22:32+02:00
a64fx,pivot,128,main_scan_int,3,"and 3",0.79,5.1842,5.4720,3,3,2026-10-07T05:22:32+02:00
a64fx,pivot,128,main_scan_int,3,"and 3",0.79,5.2062,5.5168,3,3,2026-10-07T05:22:32+02:00
a64fx,pivot,128,main_scan_int,3,"and 3",0.79,5.2447,5.4671,3,3,2026-10-07T05:22:32+02:00
a64fx,pivot,128,main_scan_int,3,"and 1",1.00,32.0071,27.6636,3,3,2026-10-07T05:22:32+02:00
a64fx,pivot,128,main_scan_int,3,"and 1",1.00,32.0422,27.6250,3,3,2026-10-07T05:22:32+02:00
a64fx,pivot,128,main_scan_int,3,"and 1",1.00,31.9378,27.7518,3,3,2026-10-07T05:22:32+02:00
a64fx,pivot,128,main_scan_int,3,"and 1",1.00,32.1097,27.6555,3,3,2026-10-07T05:22:32+02:00
a64fx,pivot,128,main_scan_int,3,"and 1",1.00,31.7683,27.7107,3,3,2026-10-07T05:22:32+02:00
a64fx,pivot,128,main_scan_int,3,"and 2",1.00,26.2224,17.1819,3,3,2026-10-07T05:22:32+02:00
a64fx,pivot,128,main_scan_int,3,"and 2",1.00,25.3456,16.9701,3,3,2026-10-07T05:22:32+02:00
a64fx,pivot,128,main_scan_int,3,"and 2",1.00,26.1019,17.0627,3,3,2026-10-07T05:22:32+02:00
a64fx,pivot,128,main_scan_int,3,"and 2",1.00,26.1842,16.4562,3,3,2026-10-07T05:22:32+02:00
a64fx,pivot,128,main_scan_int,3,"and 2",1.00,26.1594,17.0940,3,3,2026-10-07T05:22:32+02:00
a64fx,pivot,128,main_scan_int,3,"and 3",1.00,9.7818,12.1780,3,3,2026-10-07T05:22:32+02:00
a64fx,pivot,128,main_scan_int,3,"and 3",1.00,9.8118,12.2026,3,3,2026-10-07T05:22:32+02:00
a64fx,pivot,128,main_scan_int,3,"and 3",1.00,9.5612,11.9513,3,3,2026-10-07T05:22:32+02:00
a64fx,pivot,128,main_scan_int,3,"and 3",1.00,9.7425,12.0877,3,3,2026-10-07T05:22:32+02:00
a64fx,pivot,128,main_scan_int,3,"and 3",1.00,9.6754,12.0791,3,3,2026-10-07T05:22:32+02:00
a64fx,pivot,256,main_scan_int,3,"and 1",0.00,48.3069,26.8640,3,3,2026-10-07T05:22:40+02:00
a64fx,pivot,256,main_scan_int,3,"and 1",0.00,48.6382,27.4074,3,3,2026-10-07T05:22:40+02:00
a64fx,pivot,256,main_scan_int,3,"and 1",0.00,49.1720,27.3877,3,3,2026-10-07T05:22:40+02:00
a64fx,pivot,256,main_scan_int,3,"and 1",0.00,48.9942,26.6785,3,3,2026-10-07T05:22:40+02:00
a64fx,pivot,256,main_scan_int,3,"and 1",0.00,49.0269,27.4604,3,3,2026-10-07T05:22:40+02:00
a64fx,pivot,256,main_scan_int,3,"and 2",0.03,14.4689,14.7774,3,3,2026-10-07T05:22:40+02:00
a64fx,pivot,256,main_scan_int,3,"and 2",0.03,14.4670,15.2856,3,3,2026-10-07T05:22:40+02:00
a64fx,pivot,256,main_scan_int,3,"and 2",0.03,14.0589,14.7054,3,3,2026-10-07T05:22:40+02:00
a64fx,pivot,256,main_scan_int,3,"and 2",0.03,14.6083,15.2857,3,3,2026-10-07T05:22:40+02:00
a64fx,pivot,256,main_scan_int,3,"and 2",0.03,14.6397,15.3055,3,3,2026-10-07T05:22:40+02:00
a64fx,pivot,256,main_scan_int,3,"and 3",0.10,9.8601,10.8433,3,3,2026-10-07T05:22:40+02:00
a64fx,pivot,256,main_scan_int,3,"and 3",0.10,10.1097,11.1082,3,3,2026-10-07T05:22:40+02:00
a64fx,pivot,256,main_scan_int,3,"and 3",0.10,9.9537,10.7095,3,3,2026-10-07T05:22:40+02:00
a64fx,pivot,256,main_scan_int,3,"and 3",0.10,10.1201,11.0917,3,3,2026-10-07T05:22:40+02:00
a64fx,pivot,256,main_scan_int,3,"and 3",0.10,9.9367,10.7291,3,3,2026-10-07T05:22:40+02:00
a64fx,pivot,256,main_scan_int,3,"and 1",0.00,42.4784,24.9241,3,3,2026-10-07T05:22:40+02:00
a64fx,pivot,256,main_scan_int,3,"and 1",0.00,42.5492,24.0344,3,3,2026-10-07T05:22:40+02:00
a64fx,pivot,256,main_scan_int,3,"and 1",0.00,42.5459,24.9659,3,3,2026-10-07T05:22:40+02:00
a64fx,pivot,256,main_scan_int,3,"and 1",0.00,42.6206,24.9592,3,3,2026-10-07T05:22:40+02:00
a64fx,pivot,256,main_scan_int,3,"and 1",0.00,42.5669,25.0382,3,3,2026-10-07T05:22:40+02:00
a64fx,pivot,256,main_scan_int,3,"and 2",0.04,14.9942,15.1777,3,3,2026-10-07T05:22:40+02:00
a64fx,pivot,256,main_scan_int,3,"and 2",0.04,14.9670,15.1941,3,3,2026-10-07T05:22:40+02:00
a64fx,pivot,256,main_scan_int,3,"and 2",0.04,14.7044,14.9013,3,3,2026-10-07T05:22:40+02:00
a64fx,pivot,256,main_scan_int,3,"and 2",0.04,14.9915,14.9427,3,3,2026-10-07T05:22:40+02:00
a64fx,pivot,256,main_scan_int,3,"and 2",0.04,14.8818,15.1951,3,3,2026-10-07T05:22:40+02:00
a64fx,pivot,256,main_scan_int,3,"and 3",0.13,8.4811,9.5880,3,3,2026-10-07T05:22:40+02:00
a64fx,pivot,256,main_scan_int,3,"and 3",0.13,8.6847,10.0248,3,3,2026-10-07T05:22:40+02:00
a64fx,pivot,256,main_scan_int,3,"and 3",0.13,8.6892,10.0602,3,3,2026-10-07T05:22:40+02:00
a64fx,pivot,256,main_scan_int,3,"and 3",0.13,8.5608,10.0565,3,3,2026-10-07T05:22:40+02:00
a64fx,pivot,256,main_scan_int,3,"and 3",0.13,8.3940,9.7112,3,3,2026-10-07T05:22:40+02:00
a64fx,pivot,256,main_scan_int,3,"and 1",0.01,31.5454,20.4757,3,3,2026-10-07T05:22:40+02:00
a64fx,pivot,256,main_scan_int,3,"and 1",0.01,31.6497,20.5050,3,3,2026-10-07T05:22:40+02:00
a64fx,pivot,256,main_scan_int,3,"and 1",0.01,31.6189,20.5219,3,3,2026-10-07T05:22:40+02:00
a64fx,pivot,256,main_scan_int,3,"and 1",0.01,31.5644,20.4708,3,3,2026-10-07T05:22:40+02:00
a64fx,pivot,256,main_scan_int,3,"and 1",0.01,31.6225,20.5354,3,3,2026-10-07T05:22:40+02:00
a64fx,pivot,256,main_scan_int,3,"and 2",0.07,12.4476,12.6835,3,3,2026-10-07T05:22:40+02:00
a64fx,pivot,256,main_scan_int,3,"and 2",0.07,12.8671,13.4584,3,3,2026-10-07T05:22:40+02:00
a64fx,pivot,256,main_scan_int,3,"and 2",0.07,12.9162,13.4548,3,3,2026-10-07T05:22:40+02:00
a64fx,pivot,256,main_scan_int,3,"and 2",0.07,12.4655,11.2805,3,3,2026-10-07T05:22:40+02:00
a64fx,pivot,256,main_scan_int,3,"and 2",0.07,12.8373,13.4789,3,3,2026-10-07T05:22:40+02:00
a64fx,pivot,256,main_scan_int,3,"and 3",0.17,7.2116,9.0874,3,3,2026-10-07T05:22:40+02:00
a64fx,pivot,256,main_scan_int,3,"and 3",0.17,7.3451,9.0620,3,3,2026-10-07T05:22:40+02:00
a64fx,pivot,256,main_scan_int,3,"and 3",0.17,7.3441,8.8800,3,3,2026-10-07T05:22:40+02:00
a64fx,pivot,256,main_scan_int,3,"and 3",0.17,7.3471,8.8438,3,3,2026-10-07T05:22:40+02:00
a64fx,pivot,256,main_scan_int,3,"and 3",0.17,7.4530,8.9488,3,3,2026-10-07T05:22:40+02:00
a64fx,pivot,256,main_scan_int,3,"and 1",0.01,24.5915,16.2968,3,3,2026-10-07T05:22:40+02:00
a64fx,pivot,256,main_scan_int,3,"and 1",0.01,24.6641,16.9706,3,3,2026-10-07T05:22:40+02:00
a64fx,pivot,256,main_scan_int,3,"and 1",0.01,24.6445,17.4335,3,3,2026-10-07T05:22:40+02:00
a64fx,pivot,256,main_scan_int,3,"and 1",0.01,24.5475,17.4387,3,3,2026-10-07T05:22:40+02:00
a64fx,pivot,256,main_scan_int,3,"and 1",0.01,24.7435,17.4059,3,3,2026-10-07T05:22:40+02:00
a64fx,pivot,256,main_scan_int,3,"and 2",0.10,10.4192,11.7564,3,3,2026-10-07T05:22:40+02:00
a64fx,pivot,256,main_scan_int,3,"and 2",0.10,10.4031,11.3218,3,3,2026-10-07T05:22:40+02:00
a64fx,pivot,256,main_scan_int,3,"and 2",0.10,10.5826,11.7731,3,3,2026-10-07T05:22:40+02:00
a64fx,pivot,256,main_scan_int,3,"and 2",0.10,10.2700,11.3305,3,3,2026-10-07T05:22:40+02:00
a64fx,pivot,256,main_scan_int,3,"and 2",0.10,10.5831,11.7837,3,3,2026-10-07T05:22:40+02:00
a64fx,pivot,256,main_scan_int,3,"and 3",0.22,6.6011,8.7255,3,3,2026-10-07T05:22:40+02:00
a64fx,pivot,256,main_scan_int,3,"and 3",0.22,6.6890,8.7452,3,3,2026-10-07T05:22:40+02:00
a64fx,pivot,256,main_scan_int,3,"and 3",0.22,6.6191,8.7300,3,3,2026-10-07T05:22:40+02:00
a64fx,pivot,256,main_scan_int,3,"and 3",0.22,6.6214,8.7356,3,3,2026-10-07T05:22:40+02:00
a64fx,pivot,256,main_scan_int,3,"and 3",0.22,6.6809,8.7300,3,3,2026-10-07T05:22:40+02:00
a64fx,pivot,256,main_scan_int,3,"and 1",0.02,20.8852,14.0321,3,3,2026-10-07T05:22:40+02:00
a64fx,pivot,256,main_scan_int,3,"and 1",0.02,20.8322,14.2203,3,3,2026-10-07T05:22:40+02:00
a64fx,pivot,256,main_scan_int,3,"and 1",0.02,20.5529,13.9345,3,3,2026-10-07T05:22:40+02:00
a64fx,pivot,256,main_scan_int,3,"and 1",0.02,20.9314,13.7327,3,3,2026-10-07T05:22:40+02:00
a64fx,pivot,256,main_scan_int,3,"and 1",0.02,20.9865,14.3025,3,3,2026-10-07T05:22:40+02:00
a64fx,pivot,256,main_scan_int,3,"and 2",0.14,8.7121,9.6064,3,3,2026-10-07T05:22:40+02:00
a64fx,pivot,256,main_scan_int,3,"and 2",0.14,8.8101,9.8808,3,3,2026-10-07T05:22:40+02:00
a64fx,pivot,256,main_scan_int,3,"and 2",0.14,8.8220,9.9847,3,3,2026-10-07T05:22:40+02:00
a64fx,pivot,256,main_scan_int,3,"and 2",0.14,8.7234,9.7621,3,3,2026-10-07T05:22:40+02:00
a64fx,pivot,256,main_scan_int,3,"and 2",0.14,8.5306,9.6687,3,3,2026-10-07T05:22:40+02:00
a64fx,pivot,256,main_scan_int,3,"and 3",0.27,5.6007,7.7729,3,3,2026-10-07T05:22:40+02:00
a64fx,pivot,256,main_scan_int,3,"and 3",0.27,5.6135,7.5978,3,3,2026-10-07T05:22:40+02:00
a64fx,pivot,256,main_scan_int,3,"and 3",0.27,5.5243,7.6947,3,3,2026-10-07T05:22:40+02:00
a64fx,pivot,256,main_scan_int,3,"and 3",0.27,5.6258,7.7512,3,3,2026-10-07T05:22:40+02:00
a64fx,pivot,256,main_scan_int,3,"and 3",0.27,5.6275,7.7645,3,3,2026-10-07T05:22:40+02:00
a64fx,pivot,256,main_scan_int,3,"and 1",0.05,25.5725,10.7249,3,3,2026-10-07T05:22:40+02:00
a64fx,pivot,256,main_scan_int,3,"and 1",0.05,25.3313,10.7121,3,3,2026-10-07T05:22:40+02:00
a64fx,pivot,256,main_scan_int,3,"and 1",0.05,23.9021,10.4004,3,3,2026-10-07T05:22:40+02:00
a64fx,pivot,256,main_scan_int,3,"and 1",0.05,25.4019,10.5666,3,3,2026-10-07T05:22:40+02:00
a64fx,pivot,256,main_scan_int,3,"and 1",0.05,25.4703,10.6186,3,3,2026-10-07T05:22:40+02:00
a64fx,pivot,256,main_scan_int,3,"and 2",0.22,7.6686,8.0305,3,3,2026-10-07T05:22:40+02:00
a64fx,pivot,256,main_scan_int,3,"and 2",0.22,7.7036,7.7946,3,3,2026-10-07T05:22:40+02:00
a64fx,pivot,256,main_scan_int,3,"and 2",0.22,7.7761,8.0509,3,3,2026-10-07T05:22:40+02:00
a64fx,pivot,256,main_scan_int,3,"and 2",0.22,7.6917,8.0324,3,3,2026-10-07T05:22:40+02:00
a64fx,pivot,256,main_scan_int,3,"and 2",0.22,7.6995,7.7400,3,3,2026-10-07T05:22:40+02:00
a64fx,pivot,256,main_scan_int,3,"and 3",0.37,4.5515,6.5360,3,3,2026-10-07T05:22:40+02:00
a64fx,pivot,256,main_scan_int,3,"and 3",0.37,4.5675,6.5118,3,3,2026-10-07T05:22:40+02:00
a64fx,pivot,256,main_scan_int,3,"and 3",0.37,4.5640,6.4870,3,3,2026-10-07T05:22:40+02:00
a64fx,pivot,256,main_scan_int,3,"and 3",0.37,4.5910,6.5230,3,3,2026-10-07T05:22:40+02:00
a64fx,pivot,256,main_scan_int,3,"and 3",0.37,4.5838,6.4407,3,3,2026-10-07T05:22:40+02:00
a64fx,pivot,256,main_scan_int,3,"and 1",0.10,19.0225,8.6139,3,3,2026-10-07T05:22:40+02:00
a64fx,pivot,256,main_scan_int,3,"and 1",0.10,19.0639,8.8507,3,3,2026-10-07T05:22:40+02:00
a64fx,pivot,256,main_scan_int,3,"and 1",0.10,17.8003,8.7065,3,3,2026-10-07T05:22:40+02:00
a64fx,pivot,256,main_scan_int,3,"and 1",0.10,18.9243,8.6030,3,3,2026-10-07T05:22:40+02:00
a64fx,pivot,256,main_scan_int,3,"and 1",0.10,18.3705,8.8580,3,3,2026-10-07T05:22:40+02:00
a64fx,pivot,256,main_scan_int,3,"and 2",0.32,5.8661,6.9620,3,3,2026-10-07T05:22:40+02:00
a64fx,pivot,256,main_scan_int,3,"and 2",0.32,5.8797,6.8696,3,3,2026-10-07T05:22:40+02:00
a64fx,pivot,256,main_scan_int,3,"and 2",0.32,5.8830,6.9131,3,3,2026-10-07T05:22:40+02:00
a64fx,pivot,256,main_scan_int,3,"and 2",0.32,5.8572,6.8966,3,3,2026-10-07T05:22:40+02:00
a64fx,pivot,256,main_scan_int,3,"and 2",0.32,5.8868,6.9597,3,3,2026-10-07T05:22:40+02:00
a64fx,pivot,256,main_scan_int,3,"and 3",0.46,3.6671,5.6984,3,3,2026-10-07T05:22:40+02:00
a64fx,pivot,256,main_scan_int,3,"and 3",0.46,3.6450,5.6612,3,3,2026-10-07T05:22:40+02:00
a64fx,pivot,256,main_scan_int,3,"and 3",0.46,3.6227,5.6741,3,3,2026-10-07T05:22:40+02:00
a64fx,pivot,256,main_scan_int,3,"and 3",0.46,3.6693,5.6698,3,3,2026-10-07T05:22:40+02:00
a64fx,pivot,256,main_scan_int,3,"and 3",0.46,3.6504,5.7184,3,3,2026-10-07T05:22:40+02:00
a64fx,pivot,256,main_scan_int,3,"and 1",0.20,11.7136,7.6878,3,3,2026-10-07T05:22:40+02:00
a64fx,pivot,256,main_scan_int,3,"and 1",0.20,11.4501,7.5537,3,3,2026-10-07T05:22:40+02:00
a64fx,pivot,256,main_scan_int,3,"and 1",0.20,11.2830,7.5339,3,3,2026-10-07T05:22:40+02:00
a64fx,pivot,256,main_scan_int,3,"and 1",0.20,11.7461,7.5061,3,3,2026-10-07T05:22:40+02:00
a64fx,pivot,256,main_scan_int,3,"and 1",0.20,5.3321,7.5231,3,3,2026-10-07T05:22:40+02:00
a64fx,pivot,256,main_scan_int,3,"and 2",0.45,4.2709,6.1367,3,3,2026-10-07T05:22:40+02:00
a64fx,pivot,256,main_scan_int,3,"and 2",0.45,4.2902,6.1828,3,3,2026-10-07T05:22:40+02:00
a64fx,pivot,256,main_scan_int,3,"and 2",0.45,4.2585,6.1682,3,3,2026-10-07T05:22:40+02:00
a64fx,pivot,256,main_scan_int,3,"and 2",0.45,4.2869,6.1728,3,3,2026-10-07T05:22:40+02:00
a64fx,pivot,256,main_scan_int,3,"and 2",0.45,4.2546,6.1758,3,3,2026-10-07T05:22:40+02:00
a64fx,pivot,256,main_scan_int,3,"and 3",0.58,3.4830,5.1865,3,3,2026-10-07T05:22:40+02:00
a64fx,pivot,256,main_scan_int,3,"and 3",0.58,3.4976,5.1890,3,3,2026-10-07T05:22:40+02:00
a64fx,pivot,256,main_scan_int,3,"and 3",0.58,3.5171,5.2087,3,3,2026-10-07T05:22:40+02:00
a64fx,pivot,256,main_scan_int,3,"and 3",0.58,3.5085,5.2080,3,3,2026-10-07T05:22:40+02:00
a64fx,pivot,256,main_scan_int,3,"and 3",0.58,3.5148,5.2088,3,3,2026-10-07T05:22:40+02:00
a64fx,pivot,256,main_scan_int,3,"and 1",0.50,5.8239,6.6752,3,3,2026-10-07T05:22:40+02:00
a64fx,pivot,256,main_scan_int,3,"and 1",0.50,5.8668,6.7891,3,3,2026-10-07T05:22:40+02:00
a64fx,pivot,256,main_scan_int,3,"and 1",0.50,5.8394,6.7393,3,3,2026-10-07T05:22:40+02:00
a64fx,pivot,256,main_scan_int,3,"and 1",0.50,5.8100,6.7278,3,3,2026-10-07T05:22:40+02:00
a64fx,pivot,256,main_scan_int,3,"and 1",0.50,5.8135,6.7868,3,3,2026-10-07T05:22:40+02:00
a64fx,pivot,256,main_scan_int,3,"and 2",0.71,5.4004,5.5872,3,3,2026-10-07T05:22:40+02:00
a64fx,pivot,256,main_scan_int,3,"and 2",0.71,5.3944,5.5398,3,3,2026-10-07T05:22:40+02:00
a64fx,pivot,256,main_scan_int,3,"and 2",0.71,5.3923,5.5736,3,3,2026-10-07T05:22:40+02:00
a64fx,pivot,256,main_scan_int,3,"and 2",0.71,5.4224,5.4671,3,3,2026-10-07T05:22:40+02:00
a64fx,pivot,256,main_scan_int,3,"and 2",0.71,5.4004,5.4501,3,3,2026-10-07T05:22:40+02:00
a64fx,pivot,256,main_scan_int,3,"and 3",0.79,5.1894,4.7532,3,3,2026-10-07T05:22:40+02:00
a64fx,pivot,256,main_scan_int,3,"and 3",0.79,5.2075,4.7721,3,3,2026-10-07T05:22:40+02:00
a64fx,pivot,256,main_scan_int,3,"and 3",0.79,5.1861,4.7240,3,3,2026-10-07T05:22:40+02:00
a64fx,pivot,256,main_scan_int,3,"and 3",0.79,5.1848,4.7684,3,3,2026-10-07T05:22:40+02:00
a64fx,pivot,256,main_scan_int,3,"and 3",0.79,5.1967,4.7813,3,3,2026-10-07T05:22:40+02:00
a64fx,pivot,256,main_scan_int,3,"and 1",1.00,31.7637,25.1359,3,3,2026-10-07T05:22:40+02:00
a64fx,pivot,256,main_scan_int,3,"and 1",1.00,31.8542,25.4166,3,3,2026-10-07T05:22:40+02:00
a64fx,pivot,256,main_scan_int,3,"and 1",1.00,31.8834,25.5794,3,3,2026-10-07T05:22:40+02:00
a64fx,pivot,256,main_scan_int,3,"and 1",1.00,31.8899,23.8847,3,3,2026-10-07T05:22:40+02:00
a64fx,pivot,256,main_scan_int,3,"and 1",1.00,31.8734,25.1607,3,3,2026-10-07T05:22:40+02:00
a64fx,pivot,256,main_scan_int,3,"and 2",1.00,26.0901,14.7443,3,3,2026-10-07T05:22:40+02:00
a64fx,pivot,256,main_scan_int,3,"and 2",1.00,24.2952,14.6673,3,3,2026-10-07T05:22:40+02:00
a64fx,pivot,256,main_scan_int,3,"and 2",1.00,26.0852,14.2321,3,3,2026-10-07T05:22:40+02:00
a64fx,pivot,256,main_scan_int,3,"and 2",1.00,26.0097,14.7808,3,3,2026-10-07T05:22:40+02:00
a64fx,pivot,256,main_scan_int,3,"and 2",1.00,26.1033,14.8407,3,3,2026-10-07T05:22:40+02:00
a64fx,pivot,256,main_scan_int,3,"and 3",1.00,9.5243,10.1739,3,3,2026-10-07T05:22:40+02:00
a64fx,pivot,256,main_scan_int,3,"and 3",1.00,9.4516,9.9602,3,3,2026-10-07T05:22:40+02:00
a64fx,pivot,256,main_scan_int,3,"and 3",1.00,9.5732,9.8603,3,3,2026-10-07T05:22:40+02:00
a64fx,pivot,256,main_scan_int,3,"and 3",1.00,9.7513,9.8900,3,3,2026-10-07T05:22:40+02:00
a64fx,pivot,256,main_scan_int,3,"and 3",1.00,9.7778,10.1635,3,3,2026-10-07T05:22:40+02:00
a64fx,pivot,512,main_scan_int,3,"and 1",0.00,49.2427,37.2672,3,3,2026-10-07T05:22:48+02:00
a64fx,pivot,512,main_scan_int,3,"and 1",0.00,48.5154,37.5454,3,3,2026-10-07T05:22:48+02:00
a64fx,pivot,512,main_scan_int,3,"and 1",0.00,48.4656,37.8713,3,3,2026-10-07T05:22:48+02:00
a64fx,pivot,512,main_scan_int,3,"and 1",0.00,48.4478,38.1618,3,3,2026-10-07T05:22:48+02:00
a64fx,pivot,512,main_scan_int,3,"and 1",0.00,48.5329,37.6398,3,3,2026-10-07T05:22:48+02:00
a64fx,pivot,512,main_scan_int,3,"and 2",0.03,14.4927,20.3319,3,3,2026-10-07T05:22:48+02:00
a64fx,pivot,512,main_scan_int,3,"and 2",0.03,14.6441,20.2838,3,3,2026-10-07T05:22:48+02:00
a64fx,pivot,512,main_scan_int,3,"and 2",0.03,14.1443,19.3409,3,3,2026-10-07T05:22:48+02:00
a64fx,pivot,512,main_scan_int,3,"and 2",0.03,14.5068,20.2392,3,3,2026-10-07T05:22:48+02:00
a64fx,pivot,512,main_scan_int,3,"and 2",0.03,14.5298,20.3426,3,3,2026-10-07T05:22:48+02:00
a64fx,pivot,512,main_scan_int,3,"and 3",0.10,9.9757,14.1397,3,3,2026-10-07T05:22:48+02:00
a64fx,pivot,512,main_scan_int,3,"and 3",0.10,10.0685,14.5735,3,3,2026-10-07T05:22:48+02:00
a64fx,pivot,512,main_scan_int,3,"and 3",0.10,10.0642,14.6298,3,3,2026-10-07T05:22:48+02:00
a64fx,pivot,512,main_scan_int,3,"and 3",0.10,9.9028,14.1561,3,3,2026-10-07T05:22:48+02:00
a64fx,pivot,512,main_scan_int,3,"and 3",0.10,10.0693,14.6341,3,3,2026-10-07T05:22:48+02:00
a64fx,pivot,512,main_scan_int,3,"and 1",0.00,42.3535,35.2062,3,3,2026-10-07T05:22:48+02:00
a64fx,pivot,512,main_scan_int,3,"and 1",0.00,42.3898,35.2186,3,3,2026-10-07T05:22:48+02:00
a64fx,pivot,512,main_scan_int,3,"and 1",0.00,42.1816,35.2696,3,3,2026-10-07T05:22:48+02:00
a64fx,pivot,512,main_scan_int,3,"and 1",0.00,42.1482,35.1619,3,3,2026-10-07T05:22:48+02:00
a64fx,pivot,512,main_scan_int,3,"and 1",0.00,42.1691,34.0413,3,3,2026-10-07T05:22:48+02:00
a64fx,pivot,512,main_scan_int,3,"and 2",0.04,15.0190,20.7358,3,3,2026-10-07T05:22:48+02:00
a64fx,pivot,512,main_scan_int,3,"and 2",0.04,15.0234,20.8390,3,3,2026-10-07T05:22:48+02:00
a64fx,pivot,512,main_scan_int,3,"and 2",0.04,15.0327,20.7849,3,3,2026-10-07T05:22:48+02:00
a64fx,pivot,512,main_scan_int,3,"and 2",0.04,14.8806,20.8590,3,3,2026-10-07T05:22:48+02:00
a64fx,pivot,512,main_scan_int,3,"and 2",0.04,14.9493,20.7638,3,3,2026-10-07T05:22:48+02:00
a64fx,pivot,512,main_scan_int,3,"and 3",0.13,8.4885,13.0127,3,3,2026-10-07T05:22:48+02:00
a64fx,pivot,512,main_scan_int,3,"and 3",0.13,8.7154,13.5638,3,3,2026-10-07T05:22:48+02:00
a64fx,pivot,512,main_scan_int,3,"and 3",0.13,8.5931,12.8979,3,3,2026-10-07T05:22:48+02:00
a64fx,pivot,512,main_scan_int,3,"and 3",0.13,8.6599,13.6003,3,3,2026-10-07T05:22:48+02:00
a64fx,pivot,512,main_scan_int,3,"and 3",0.13,8.2726,13.5524,3,3,2026-10-07T05:22:48+02:00
a64fx,pivot,512,main_scan_int,3,"and 1",0.01,31.8239,32.0693,3,3,2026-10-07T05:22:48+02:00
a64fx,pivot,512,main_scan_int,3,"and 1",0.01,31.8444,31.9233,3,3,2026-10-07T05:22:48+02:00
a64fx,pivot,512,main_scan_int,3,"and 1",0.01,31.8373,31.6105,3,3,2026-10-07T05:22:48+02:00
a64fx,pivot,512,main_scan_int,3,"and 1",0.01,31.8730,31.9586,3,3,2026-10-07T05:22:48+02:00
a64fx,pivot,512,main_scan_int,3,"and 1",0.01,31.8893,32.2179,3,3,2026-10-07T05:22:48+02:00
a64fx,pivot,512,main_scan_int,3,"and 2",0.07,12.5317,19.8036,3,3,2026-10-07T05:22:48+02:00
a64fx,pivot,512,main_scan_int,3,"and 2",0.07,12.4728,18.8960,3,3,2026-10-07T05:22:48+02:00
a64fx,pivot,512,main_scan_int,3,"and 2",0.07,12.8616,19.8031,3,3,2026-10-07T05:22:48+02:00
a64fx,pivot,512,main_scan_int,3,"and 2",0.07,12.8208,19.8549,3,3,2026-10-07T05:22:48+02:00
a64fx,pivot,512,main_scan_int,3,"and 2",0.07,12.6216,18.1997,3,3,2026-10-07T05:22:48+02:00
a64fx,pivot,512,main_scan_int,3,"and 3",0.17,7.4293,12.9514,3,3,2026-10-07T05:22:48+02:00
a64fx,pivot,512,main_scan_int,3,"and 3",0.17,7.3380,12.9285,3,3,2026-10-07T05:22:48+02:00
a64fx,pivot,512,main_scan_int,3,"and 3",0.17,7.2457,12.4583,3,3,2026-10-07T05:22:48+02:00
a64fx,pivot,512,main_scan_int,3,"and 3",0.17,7.1982,12.4426,3,3,2026-10-07T05:22:48+02:00
a64fx,pivot,512,main_scan_int,3,"and 3",0.17,7.4300,12.9345,3,3,2026-10-07T05:22:48+02:00
a64fx,pivot,512,main_scan_int,3,"and 1",0.01,24.8540,26.6274,3,3,2026-10-07T05:22:48+02:00
a64fx,pivot,512,main_scan_int,3,"and 1",0.01,24.6392,27.0721,3,3,2026-10-07T05:22:48+02:00
a64fx,pivot,512,main_scan_int,3,"and 1",0.01,24.7569,28.8841,3,3,2026-10-07T05:22:48+02:00
a64fx,pivot,512,main_scan_int,3,"and 1",0.01,24.7699,28.9497,3,3,2026-10-07T05:22:48+02:00
a64fx,pivot,512,main_scan_int,3,"and 1",0.01,24.6468,22.5147,3,3,2026-10-07T05:22:48+02:00
a64fx,pivot,512,main_scan_int,3,"and 2",0.10,10.5999,18.1227,3,3,2026-10-07T05:22:48+02:00
a64fx,pivot,512,main_scan_int,3,"and 2",0.10,10.2840,17.3590,3,3,2026-10-07T05:22:48+02:00
a64fx,pivot,512,main_scan_int,3,"and 2",0.10,9.9847,18.0484,3,3,2026-10-07T05:22:48+02:00
a64fx,pivot,512,main_scan_int,3,"and 2",0.10,10.1214,18.1075,3,3,2026-10-07T05:22:48+02:00
a64fx,pivot,512,main_scan_int,3,"and 2",0.10,10.5643,18.0979,3,3,2026-10-07T05:22:48+02:00
a64fx,pivot,512,main_scan_int,3,"and 3",0.22,6.5917,12.7241,3,3,2026-10-07T05:22:48+02:00
a64fx,pivot,512,main_scan_int,3,"and 3",0.22,6.5238,12.5005,3,3,2026-10-07T05:22:48+02:00
a64fx,pivot,512,main_scan_int,3,"and 3",0.22,6.5869,12.7001,3,3,2026-10-07T05:22:48+02:00
a64fx,pivot,512,main_scan_int,3,"and 3",0.22,6.6343,12.8587,3,3,2026-10-07T05:22:48+02:00
a64fx,pivot,512,main_scan_int,3,"and 3",0.22,6.5905,12.9321,3,3,2026-10-07T05:22:48+02:00
a64fx,pivot,512,main_scan_int,3,"and 1",0.02,21.0090,25.8342,3,3,2026-10-07T05:22:48+02:00
a64fx,pivot,512,main_scan_int,3,"and 1",0.02,19.9537,25.7884,3,3,2026-10-07T05:22:48+02:00
a64fx,pivot,512,main_scan_int,3,"and 1",0.02,19.7796,25.8640,3,3,2026-10-07T05:22:48+02:00
a64fx,pivot,512,main_scan_int,3,"and 1",0.02,19.3210,24.5513,3,3,2026-10-07T05:22:48+02:00
a64fx,pivot,512,main_scan_int,3,"and 1",0.02,20.9030,23.9539,3,3,2026-10-07T05:22:48+02:00
a64fx,pivot,512,main_scan_int,3,"and 2",0.14,8.7679,16.3263,3,3,2026-10-07T05:22:48+02:00
a64fx,pivot,512,main_scan_int,3,"and 2",0.14,8.6839,16.3783,3,3,2026-10-07T05:22:48+02:00
a64fx,pivot,512,main_scan_int,3,"and 2",0.14,8.7189,15.9680,3,3,2026-10-07T05:22:48+02:00
a64fx,pivot,512,main_scan_int,3,"and 2",0.14,8.8260,16.3900,3,3,2026-10-07T05:22:48+02:00
a64fx,pivot,512,main_scan_int,3,"and 2",0.14,8.5371,16.4010,3,3,2026-10-07T05:22:48+02:00
a64fx,pivot,512,main_scan_int,3,"and 3",0.27,5.6188,11.8974,3,3,2026-10-07T05:22:48+02:00
a64fx,pivot,512,main_scan_int,3,"and 3",0.27,5.6446,12.0369,3,3,2026-10-07T05:22:48+02:00
a64fx,pivot,512,main_scan_int,3,"and 3",0.27,5.5936,11.4692,3,3,2026-10-07T05:22:48+02:00
a64fx,pivot,512,main_scan_int,3,"and 3",0.27,5.6200,11.8192,3,3,2026-10-07T05:22:48+02:00
a64fx,pivot,512,main_scan_int,3,"and 3",0.27,5.4913,11.8697,3,3,2026-10-07T05:22:48+02:00
a64fx,pivot,512,main_scan_int,3,"and 1",0.05,25.5403,21.2780,3,3,2026-10-07T05:22:48+02:00
a64fx,pivot,512,main_scan_int,3,"and 1",0.05,25.5539,21.8565,3,3,2026-10-07T05:22:48+02:00
a64fx,pivot,512,main_scan_int,3,"and 1",0.05,25.6178,22.8326,3,3,2026-10-07T05:22:48+02:00
a64fx,pivot,512,main_scan_int,3,"and 1",0.05,25.5476,22.7660,3,3,2026-10-07T05:22:48+02:00
a64fx,pivot,512,main_scan_int,3,"and 1",0.05,25.5298,22.7641,3,3,2026-10-07T05:22:48+02:00
a64fx,pivot,512,main_scan_int,3,"and 2",0.22,7.7334,14.9302,3,3,2026-10-07T05:22:48+02:00
a64fx,pivot,512,main_scan_int,3,"and 2",0.22,7.7900,14.3573,3,3,2026-10-07T05:22:48+02:00
a64fx,pivot,512,main_scan_int,3,"and 2",0.22,7.8207,14.9457,3,3,2026-10-07T05:22:48+02:00
a64fx,pivot,512,main_scan_int,3,"and 2",0.22,7.6477,14.9457,3,3,2026-10-07T05:22:48+02:00
a64fx,pivot,512,main_scan_int,3,"and 2",0.22,7.6204,14.3810,3,3,2026-10-07T05:22:48+02:00
a64fx,pivot,512,main_scan_int,3,"and 3",0.37,4.5842,10.9080,3,3,2026-10-07T05:22:48+02:00
a64fx,pivot,512,main_scan_int,3,"and 3",0.37,4.5726,11.4065,3,3,2026-10-07T05:22:48+02:00
a64fx,pivot,512,main_scan_int,3,"and 3",0.37,4.5734,11.3812,3,3,2026-10-07T05:22:48+02:00
a64fx,pivot,512,main_scan_int,3,"and 3",0.37,4.5611,11.2257,3,3,2026-10-07T05:22:48+02:00
a64fx,pivot,512,main_scan_int,3,"and 3",0.37,4.5556,11.0266,3,3,2026-10-07T05:22:48+02:00
a64fx,pivot,512,main_scan_int,3,"and 1",0.10,19.0782,22.1573,3,3,2026-10-07T05:22:48+02:00
a64fx,pivot,512,main_scan_int,3,"and 1",0.10,18.5339,22.1976,3,3,2026-10-07T05:22:48+02:00
a64fx,pivot,512,main_scan_int,3,"and 1",0.10,19.0517,21.1996,3,3,2026-10-07T05:22:48+02:00
a64fx,pivot,512,main_scan_int,3,"and 1",0.10,19.0350,21.7958,3,3,2026-10-07T05:22:48+02:00
a64fx,pivot,512,main_scan_int,3,"and 1",0.10,19.0003,22.0885,3,3,2026-10-07T05:22:48+02:00
a64fx,pivot,512,main_scan_int,3,"and 2",0.32,5.9034,14.0409,3,3,2026-10-07T05:22:48+02:00
a64fx,pivot,512,main_scan_int,3,"and 2",0.32,5.8475,14.8429,3,3,2026-10-07T05:22:48+02:00
a64fx,pivot,512,main_scan_int,3,"and 2",0.32,5.9400,14.8471,3,3,2026-10-07T05:22:48+02:00
a64fx,pivot,512,main_scan_int,3,"and 2",0.32,5.8667,14.8457,3,3,2026-10-07T05:22:48+02:00
a64fx,pivot,512,main_scan_int,3,"and 2",0.32,5.8311,14.8764,3,3,2026-10-07T05:22:48+02:00
a64fx,pivot,512,main_scan_int,3,"and 3",0.46,3.6546,10.5979,3,3,2026-10-07T05:22:48+02:00
a64fx,pivot,512,main_scan_int,3,"and 3",0.46,3.6664,11.0989,3,3,2026-10-07T05:22:48+02:00
a64fx,pivot,512,main_scan_int,3,"and 3",0.46,3.6536,10.8105,3,3,2026-10-07T05:22:48+02:00
a64fx,pivot,512,main_scan_int,3,"and 3",0.46,3.6618,11.0967,3,3,2026-10-07T05:22:48+02:00
a64fx,pivot,512,main_scan_int,3,"and 3",0.46,3.6823,11.0767,3,3,2026-10-07T05:22:48+02:00
a64fx,pivot,512,main_scan_int,3,"and 1",0.20,11.7231,19.6148,3,3,2026-10-07T05:22:48+02:00
a64fx,pivot,512,main_scan_int,3,"and 1",0.20,11.7626,19.4873,3,3,2026-10-07T05:22:48+02:00
a64fx,pivot,512,main_scan_int,3,"and 1",0.20,11.4085,18.3123,3,3,2026-10-07T05:22:48+02:00
a64fx,pivot,512,main_scan_int,3,"and 1",0.20,11.7835,19.7289,3,3,2026-10-07T05:22:48+02:00
a64fx,pivot,512,main_scan_int,3,"and 1",0.20,11.7774,19.7017,3,3,2026-10-07T05:22:48+02:00
a64fx,pivot,512,main_scan_int,3,"and 2",0.45,4.2799,13.0034,3,3,2026-10-07T05:22:48+02:00
a64fx,pivot,512,main_scan_int,3,"and 2",0.45,4.2619,13.7260,3,3,2026-10-07T05:22:48+02:00
a64fx,pivot,512,main_scan_int,3,"and 2",0.45,4.2648,13.7121,3,3,2026-10-07T05:22:48+02:00
a64fx,pivot,512,main_scan_int,3,"and 2",0.45,4.2631,13.6877,3,3,2026-10-07T05:22:48+02:00
a64fx,pivot,512,main_scan_int,3,"and 2",0.45,4.2578,13.4136,3,3,2026-10-07T05:22:48+02:00
a64fx,pivot,512,main_scan_int,3,"and 3",0.58,3.5060,10.4848,3,3,2026-10-07T05:22:48+02:00
a64fx,pivot,512,main_scan_int,3,"and 3",0.58,3.5043,10.2328,3,3,2026-10-07T05:22:48+02:00
a64fx,pivot,512,main_scan_int,3,"and 3",0.58,3.5191,10.4887,3,3,2026-10-07T05:22:48+02:00
a64fx,pivot,512,main_scan_int,3,"and 3",0.58,3.4994,10.3365,3,3,2026-10-07T05:22:48+02:00
a64fx,pivot,512,main_scan_int,3,"and 3",0.58,3.5087,10.2863,3,3,2026-10-07T05:22:48+02:00
a64fx,pivot,512,main_scan_int,3,"and 1",0.50,5.8281,15.3743,3,3,2026-10-07T05:22:48+02:00
a64fx,pivot,512,main_scan_int,3,"and 1",0.50,5.9064,14.9918,3,3,2026-10-07T05:22:48+02:00
a64fx,pivot,512,main_scan_int,3,"and 1",0.50,5.8504,14.4513,3,3,2026-10-07T05:22:48+02:00
a64fx,pivot,512,main_scan_int,3,"and 1",0.50,5.9051,15.4259,3,3,2026-10-07T05:22:48+02:00
a64fx,pivot,512,main_scan_int,3,"and 1",0.50,5.9005,15.4171,3,3,2026-10-07T05:22:48+02:00
a64fx,pivot,512,main_scan_int,3,"and 2",0.71,5.3637,11.4305,3,3,2026-10-07T05:22:48+02:00
a64fx,pivot,512,main_scan_int,3,"and 2",0.71,5.3690,11.4448,3,3,2026-10-07T05:22:48+02:00
a64fx,pivot,512,main_scan_int,3,"and 2",0.71,5.3885,11.4413,3,3,2026-10-07T05:22:48+02:00
a64fx,pivot,512,main_scan_int,3,"and 2",0.71,5.4742,11.1824,3,3,2026-10-07T05:22:48+02:00
a64fx,pivot,512,main_scan_int,3,"and 2",0.71,5.3769,11.1175,3,3,2026-10-07T05:22:48+02:00
a64fx,pivot,512,main_scan_int,3,"and 3",0.79,5.1966,8.8458,3,3,2026-10-07T05:22:48+02:00
a64fx,pivot,512,main_scan_int,3,"and 3",0.79,5.1976,8.9657,3,3,2026-10-07T05:22:48+02:00
a64fx,pivot,512,main_scan_int,3,"and 3",0.79,5.1397,9.1225,3,3,2026-10-07T05:22:48+02:00
a64fx,pivot,512,main_scan_int,3,"and 3",0.79,5.1717,8.9437,3,3,2026-10-07T05:22:48+02:00
a64fx,pivot,512,main_scan_int,3,"and 3",0.79,5.2075,9.0169,3,3,2026-10-07T05:22:48+02:00
a64fx,pivot,512,main_scan_int,3,"and 1",1.00,31.9770,32.5097,3,3,2026-10-07T05:22:48+02:00
a64fx,pivot,512,main_scan_int,3,"and 1",1.00,31.7909,31.9843,3,3,2026-10-07T05:22:48+02:00
a64fx,pivot,512,main_scan_int,3,"and 1",1.00,31.7912,32.5243,3,3,2026-10-07T05:22:48+02:00
a64fx,pivot,512,main_scan_int,3,"and 1",1.00,31.7748,32.6794,3,3,2026-10-07T05:22:48+02:00
a64fx,pivot,512,main_scan_int,3,"and 1",1.00,31.8976,31.8844,3,3,2026-10-07T05:22:48+02:00
a64fx,pivot,512,main_scan_int,3,"and 2",1.00,25.7391,19.4297,3,3,2026-10-07T05:22:48+02:00
a64fx,pivot,512,main_scan_int,3,"and 2",1.00,24.2932,19.2645,3,3,2026-10-07T05:22:48+02:00
a64fx,pivot,512,main_scan_int,3,"and 2",1.00,26.0765,18.8988,3,3,2026-10-07T05:22:48+02:00
a64fx,pivot,512,main_scan_int,3,"and 2",1.00,25.9409,19.4400,3,3,2026-10-07T05:22:48+02:00
a64fx,pivot,512,main_scan_int,3,"and 2",1.00,22.4486,17.9557,3,3,2026-10-07T05:22:48+02:00
a64fx,pivot,512,main_scan_int,3,"and 3",1.00,9.7719,13.5135,3,3,2026-10-07T05:22:48+02:00
a64fx,pivot,512,main_scan_int,3,"and 3",1.00,9.6304,13.1649,3,3,2026-10-07T05:22:48+02:00
a64fx,pivot,512,main_scan_int,3,"and 3",1.00,9.7606,13.5212,3,3,2026-10-07T05:22:48+02:00
a64fx,pivot,512,main_scan_int,3,"and 3",1.00,9.7677,13.5574,3,3,2026-10-07T05:22:48+02:00
a64fx,pivot,512,main_scan_int,3,"and 3",1.00,9.4700,13.1770,3,3,2026-10-07T05:22:48+02:00
a64fx,pivot,128,main_scan_enc,3,"and 1",0.00,18.1402,8.9458,3,3,2026-10-07T05:23:26+02:00
a64fx,pivot,128,main_scan_enc,3,"and 1",0.00,17.9378,8.9123,3,3,2026-10-07T05:23:26+02:00
a64fx,pivot,128,main_scan_enc,3,"and 1",0.00,18.1133,8.8961,3,3,2026-10-07T05:23:26+02:00
a64fx,pivot,128,main_scan_enc,3,"and 1",0.00,18.1074,8.9774,3,3,2026-10-07T05:23:26+02:00
a64fx,pivot,128,main_scan_enc,3,"and 1",0.00,17.8345,8.7520,3,3,2026-10-07T05:23:26+02:00
a64fx,pivot,128,main_scan_enc,3,"and 2",0.03,14.0081,6.1665,3,3,2026-10-07T05:23:26+02:00
a64fx,pivot,128,main_scan_enc,3,"and 2",0.03,14.0072,6.1385,3,3,2026-10-07T05:23:26+02:00
a64fx,pivot,128,main_scan_enc,3,"and 2",0.03,13.7677,6.1405,3,3,2026-10-07T05:23:26+02:00
a64fx,pivot,128,main_scan_enc,3,"and 2",0.03,13.8705,6.1693,3,3,2026-10-07T05:23:26+02:00
a64fx,pivot,128,main_scan_enc,3,"and 2",0.03,14.0234,6.1810,3,3,2026-10-07T05:23:26+02:00
a64fx,pivot,128,main_scan_enc,3,"and 3",0.10,7.8148,4.1617,3,3,2026-10-07T05:23:26+02:00
a64fx,pivot,128,main_scan_enc,3,"and 3",0.10,7.7502,4.1741,3,3,2026-10-07T05:23:26+02:00
a64fx,pivot,128,main_scan_enc,3,"and 3",0.10,7.7612,4.1732,3,3,2026-10-07T05:23:26+02:00
a64fx,pivot,128,main_scan_enc,3,"and 3",0.10,7.7733,4.1383,3,3,2026-10-07T05:23:26+02:00
a64fx,pivot,128,main_scan_enc,3,"and 3",0.10,7.8313,3.8085,3,3,2026-10-07T05:23:26+02:00
a64fx,pivot,128,main_scan_enc,3,"and 1",0.00,17.1613,8.5322,3,3,2026-10-07T05:23:26+02:00
a64fx,pivot,128,main_scan_enc,3,"and 1",0.00,17.1421,8.6464,3,3,2026-10-07T05:23:26+02:00
a64fx,pivot,128,main_scan_enc,3,"and 1",0.00,17.1715,8.6460,3,3,2026-10-07T05:23:26+02:00
a64fx,pivot,128,main_scan_enc,3,"and 1",0.00,16.8770,8.6561,3,3,2026-10-07T05:23:26+02:00
a64fx,pivot,128,main_scan_enc,3,"and 1",0.00,17.1386,8.7349,3,3,2026-10-07T05:23:26+02:00
a64fx,pivot,128,main_scan_enc,3,"and 2",0.04,12.2883,5.6381,3,3,2026-10-07T05:23:26+02:00
a64fx,pivot,128,main_scan_enc,3,"and 2",0.04,12.3398,5.6428,3,3,2026-10-07T05:23:26+02:00
a64fx,pivot,128,main_scan_enc,3,"and 2",0.04,12.3577,5.6510,3,3,2026-10-07T05:23:26+02:00
a64fx,pivot,128,main_scan_enc,3,"and 2",0.04,12.1930,5.6501,3,3,2026-10-07T05:23:26+02:00
a64fx,pivot,128,main_scan_enc,3,"and 2",0.04,12.1865,5.6353,3,3,2026-10-07T05:23:26+02:00
a64fx,pivot,128,main_scan_enc,3,"and 3",0.13,6.9226,3.8974,3,3,2026-10-07T05:23:26+02:00
a64fx,pivot,128,main_scan_enc,3,"and 3",0.13,7.0383,3.9018,3,3,2026-10-07T05:23:26+02:00
a64fx,pivot,128,main_scan_enc,3,"and 3",0.13,6.9891,3.9154,3,3,2026-10-07T05:23:26+02:00
a64fx,pivot,128,main_scan_enc,3,"and 3",0.13,6.9852,3.9181,3,3,2026-10-07T05:23:26+02:00
a64fx,pivot,128,main_scan_enc,3,"and 3",0.13,6.9268,3.8886,3,3,2026-10-07T05:23:26+02:00
a64fx,pivot,128,main_scan_enc,3,"and 1",0.01,15.1316,8.1652,3,3,2026-10-07T05:23:26+02:00
a64fx,pivot,128,main_scan_enc,3,"and 1",0.01,15.1528,8.2515,3,3,2026-10-07T05:23:26+02:00
a64fx,pivot,128,main_scan_enc,3,"and 1",0.01,15.1823,8.0522,3,3,2026-10-07T05:23:26+02:00
a64fx,pivot,128,main_scan_enc,3,"and 1",0.01,15.1706,8.2537,3,3,2026-10-07T05:23:26+02:00
a64fx,pivot,128,main_scan_enc,3,"and 1",0.01,12.4195,8.1417,3,3,2026-10-07T05:23:26+02:00
a64fx,pivot,128,main_scan_enc,3,"and 2",0.07,10.1914,4.9738,3,3,2026-10-07T05:23:26+02:00
a64fx,pivot,128,main_scan_enc,3,"and 2",0.07,10.1964,4.9731,3,3,2026-10-07T05:23:26+02:00
a64fx,pivot,128,main_scan_enc,3,"and 2",0.07,10.0297,4.9931,3,3,2026-10-07T05:23:26+02:00
a64fx,pivot,128,main_scan_enc,3,"and 2",0.07,10.0997,4.9723,3,3,2026-10-07T05:23:26+02:00
a64fx,pivot,128,main_scan_enc,3,"and 2",0.07,10.0580,4.9186,3,3,2026-10-07T05:23:26+02:00
a64fx,pivot,128,main_scan_enc,3,"and 3",0.17,6.0208,3.5004,3,3,2026-10-07T05:23:26+02:00
a64fx,pivot,128,main_scan_enc,3,"and 3",0.17,5.9915,3.5097,3,3,2026-10-07T05:23:26+02:00
a64fx,pivot,128,main_scan_enc,3,"and 3",0.17,6.0163,3.5113,3,3,2026-10-07T05:23:26+02:00
a64fx,pivot,128,main_scan_enc,3,"and 3",0.17,6.0441,3.5188,3,3,2026-10-07T05:23:26+02:00
a64fx,pivot,128,main_scan_enc,3,"and 3",0.17,6.0473,3.4961,3,3,2026-10-07T05:23:26+02:00
a64fx,pivot,128,main_scan_enc,3,"and 1",0.01,12.9603,7.6485,3,3,2026-10-07T05:23:26+02:00
a64fx,pivot,128,main_scan_enc,3,"and 1",0.01,13.2778,7.7668,3,3,2026-10-07T05:23:26+02:00
a64fx,pivot,128,main_scan_enc,3,"and 1",0.01,13.2831,7.7763,3,3,2026-10-07T05:23:26+02:00
a64fx,pivot,128,main_scan_enc,3,"and 1",0.01,13.0326,7.6787,3,3,2026-10-07T05:23:26+02:00
a64fx,pivot,128,main_scan_enc,3,"and 1",0.01,13.2933,7.6767,3,3,2026-10-07T05:23:26+02:00
a64fx,pivot,128,main_scan_enc,3,"and 2",0.10,8.2713,4.4886,3,3,2026-10-07T05:23:26+02:00
a64fx,pivot,128,main_scan_enc,3,"and 2",0.10,8.1935,4.4609,3,3,2026-10-07T05:23:26+02:00
a64fx,pivot,128,main_scan_enc,3,"and 2",0.10,8.2299,4.5150,3,3,2026-10-07T05:23:26+02:00
a64fx,pivot,128,main_scan_enc,3,"and 2",0.10,8.3822,4.5058,3,3,2026-10-07T05:23:26+02:00
a64fx,pivot,128,main_scan_enc,3,"and 2",0.10,8.2604,4.5014,3,3,2026-10-07T05:23:26+02:00
a64fx,pivot,128,main_scan_enc,3,"and 3",0.22,5.0400,3.1643,3,3,2026-10-07T05:23:26+02:00
a64fx,pivot,128,main_scan_enc,3,"and 3",0.22,5.0836,3.2051,3,3,2026-10-07T05:23:26+02:00
a64fx,pivot,128,main_scan_enc,3,"and 3",0.22,5.0888,3.1888,3,3,2026-10-07T05:23:26+02:00
a64fx,pivot,128,main_scan_enc,3,"and 3",0.22,5.1210,3.1878,3,3,2026-10-07T05:23:26+02:00
a64fx,pivot,128,main_scan_enc,3,"and 3",0.22,5.0884,3.1831,3,3,2026-10-07T05:23:26+02:00
a64fx,pivot,128,main_scan_enc,3,"and 1",0.02,11.9726,6.8950,3,3,2026-10-07T05:23:26+02:00
a64fx,pivot,128,main_scan_enc,3,"and 1",0.02,11.9842,7.0343,3,3,2026-10-07T05:23:26+02:00
a64fx,pivot,128,main_scan_enc,3,"and 1",0.02,11.6762,6.9801,3,3,2026-10-07T05:23:26+02:00
a64fx,pivot,128,main_scan_enc,3,"and 1",0.02,11.8084,6.9819,3,3,2026-10-07T05:23:26+02:00
a64fx,pivot,128,main_scan_enc,3,"and 1",0.02,11.9887,6.9437,3,3,2026-10-07T05:23:26+02:00
a64fx,pivot,128,main_scan_enc,3,"and 2",0.14,6.9653,3.9511,3,3,2026-10-07T05:23:26+02:00
a64fx,pivot,128,main_scan_enc,3,"and 2",0.14,6.9185,4.0914,3,3,2026-10-07T05:23:26+02:00
a64fx,pivot,128,main_scan_enc,3,"and 2",0.14,6.8983,4.0930,3,3,2026-10-07T05:23:26+02:00
a64fx,pivot,128,main_scan_enc,3,"and 2",0.14,6.8451,4.0865,3,3,2026-10-07T05:23:26+02:00
a64fx,pivot,128,main_scan_enc,3,"and 2",0.14,6.9687,4.1041,3,3,2026-10-07T05:23:26+02:00
a64fx,pivot,128,main_scan_enc,3,"and 3",0.27,4.2989,2.8758,3,3,2026-10-07T05:23:26+02:00
a64fx,pivot,128,main_scan_enc,3,"and 3",0.27,4.2722,2.8808,3,3,2026-10-07T05:23:26+02:00
a64fx,pivot,128,main_scan_enc,3,"and 3",0.27,4.2710,2.8822,3,3,2026-10-07T05:23:26+02:00
a64fx,pivot,128,main_scan_enc,3,"and 3",0.27,4.2979,2.8866,3,3,2026-10-07T05:23:26+02:00
a64fx,pivot,128,main_scan_enc,3,"and 3",0.27,4.2937,2.8748,3,3,2026-10-07T05:23:26+02:00
a64fx,pivot,128,main_scan_enc,3,"and 1",0.05,12.9774,5.9366,3,3,2026-10-07T05:23:26+02:00
a64fx,pivot,128,main_scan_enc,3,"and 1",0.05,12.9621,6.0253,3,3,2026-10-07T05:23:26+02:00
a64fx,pivot,128,main_scan_enc,3,"and 1",0.05,12.9448,5.9663,3,3,2026-10-07T05:23:26+02:00
a64fx,pivot,128,main_scan_enc,3,"and 1",0.05,12.9543,6.0236,3,3,2026-10-07T05:23:26+02:00
a64fx,pivot,128,main_scan_enc,3,"and 1",0.05,12.9733,6.0196,3,3,2026-10-07T05:23:26+02:00
a64fx,pivot,128,main_scan_enc,3,"and 2",0.22,5.9109,3.6160,3,3,2026-10-07T05:23:26+02:00
a64fx,pivot,128,main_scan_enc,3,"and 2",0.22,5.7900,3.6351,3,3,2026-10-07T05:23:26+02:00
a64fx,pivot,128,main_scan_enc,3,"and 2",0.22,5.8618,3.6398,3,3,2026-10-07T05:23:26+02:00
a64fx,pivot,128,main_scan_enc,3,"and 2",0.22,5.8509,3.6434,3,3,2026-10-07T05:23:26+02:00
a64fx,pivot,128,main_scan_enc,3,"and 2",0.22,5.8137,3.6190,3,3,2026-10-07T05:23:26+02:00
a64fx,pivot,128,main_scan_enc,3,"and 3",0.37,3.2934,2.4524,3,3,2026-10-07T05:23:26+02:00
a64fx,pivot,128,main_scan_enc,3,"and 3",0.37,3.2042,2.5572,3,3,2026-10-07T05:23:26+02:00
a64fx,pivot,128,main_scan_enc,3,"and 3",0.37,3.2057,2.5593,3,3,2026-10-07T05:23:26+02:00
a64fx,pivot,128,main_scan_enc,3,"and 3",0.37,3.2051,2.5728,3,3,2026-10-07T05:23:26+02:00
a64fx,pivot,128,main_scan_enc,3,"and 3",0.37,3.2001,2.5547,3,3,2026-10-07T05:23:26+02:00
a64fx,pivot,128,main_scan_enc,3,"and 1",0.10,10.6014,5.3057,3,3,2026-10-07T05:23:26+02:00
a64fx,pivot,128,main_scan_enc,3,"and 1",0.10,10.5729,5.3636,3,3,2026-10-07T05:23:26+02:00
a64fx,pivot,128,main_scan_enc,3,"and 1",0.10,10.4218,5.3443,3,3,2026-10-07T05:23:26+02:00
a64fx,pivot,128,main_scan_enc,3,"and 1",0.10,10.5311,5.3641,3,3,2026-10-07T05:23:26+02:00
a64fx,pivot,128,main_scan_enc,3,"and 1",0.10,10.6435,5.4061,3,3,2026-10-07T05:23:26+02:00
a64fx,pivot,128,main_scan_enc,3,"and 2",0.32,4.3687,3.3805,3,3,2026-10-07T05:23:26+02:00
a64fx,pivot,128,main_scan_enc,3,"and 2",0.32,4.3827,3.3808,3,3,2026-10-07T05:23:26+02:00
a64fx,pivot,128,main_scan_enc,3,"and 2",0.32,4.3744,3.4070,3,3,2026-10-07T05:23:26+02:00
a64fx,pivot,128,main_scan_enc,3,"and 2",0.32,4.3672,3.3957,3,3,2026-10-07T05:23:26+02:00
a64fx,pivot,128,main_scan_enc,3,"and 2",0.32,4.3107,3.3980,3,3,2026-10-07T05:23:26+02:00
a64fx,pivot,128,main_scan_enc,3,"and 3",0.46,2.5110,2.3907,3,3,2026-10-07T05:23:26+02:00
a64fx,pivot,128,main_scan_enc,3,"and 3",0.46,2.5930,2.3867,3,3,2026-10-07T05:23:26+02:00
a64fx,pivot,128,main_scan_enc,3,"and 3",0.46,2.6068,2.3984,3,3,2026-10-07T05:23:26+02:00
a64fx,pivot,128,main_scan_enc,3,"and 3",0.46,2.5948,2.3922,3,3,2026-10-07T05:23:26+02:00
a64fx,pivot,128,main_scan_enc,3,"and 3",0.46,2.5997,2.3951,3,3,2026-10-07T05:23:26+02:00
a64fx,pivot,128,main_scan_enc,3,"and 1",0.20,7.7058,4.9614,3,3,2026-10-07T05:23:26+02:00
a64fx,pivot,128,main_scan_enc,3,"and 1",0.20,7.5208,4.9411,3,3,2026-10-07T05:23:26+02:00
a64fx,pivot,128,main_scan_enc,3,"and 1",0.20,7.6503,4.9412,3,3,2026-10-07T05:23:26+02:00
a64fx,pivot,128,main_scan_enc,3,"and 1",0.20,7.7131,4.9527,3,3,2026-10-07T05:23:26+02:00
a64fx,pivot,128,main_scan_enc,3,"and 1",0.20,7.5757,4.9497,3,3,2026-10-07T05:23:26+02:00
a64fx,pivot,128,main_scan_enc,3,"and 2",0.45,3.0860,3.2157,3,3,2026-10-07T05:23:26+02:00
a64fx,pivot,128,main_scan_enc,3,"and 2",0.45,3.0684,3.2553,3,3,2026-10-07T05:23:26+02:00
a64fx,pivot,128,main_scan_enc,3,"and 2",0.45,3.0852,3.2469,3,3,2026-10-07T05:23:26+02:00
a64fx,pivot,128,main_scan_enc,3,"and 2",0.45,3.0524,3.2339,3,3,2026-10-07T05:23:26+02:00
a64fx,pivot,128,main_scan_enc,3,"and 2",0.45,3.0847,3.2233,3,3,2026-10-07T05:23:26+02:00
a64fx,pivot,128,main_scan_enc,3,"and 3",0.58,2.4309,2.3183,3,3,2026-10-07T05:23:26+02:00
a64fx,pivot,128,main_scan_enc,3,"and 3",0.58,2.4245,2.3179,3,3,2026-10-07T05:23:26+02:00
a64fx,pivot,128,main_scan_enc,3,"and 3",0.58,2.3696,2.3236,3,3,2026-10-07T05:23:26+02:00
a64fx,pivot,128,main_scan_enc,3,"and 3",0.58,2.4241,2.3196,3,3,2026-10-07T05:23:26+02:00
a64fx,pivot,128,main_scan_enc,3,"and 3",0.58,2.4241,2.3241,3,3,2026-10-07T05:23:26+02:00
a64fx,pivot,128,main_scan_enc,3,"and 1",0.50,4.2744,4.6025,3,3,2026-10-07T05:23:26+02:00
a64fx,pivot,128,main_scan_enc,3,"and 1",0.50,4.2595,4.6055,3,3,2026-10-07T05:23:26+02:00
a64fx,pivot,128,main_scan_enc,3,"and 1",0.50,4.2766,4.5689,3,3,2026-10-07T05:23:26+02:00
a64fx,pivot,128,main_scan_enc,3,"and 1",0.50,4.2584,4.6144,3,3,2026-10-07T05:23:26+02:00
a64fx,pivot,128,main_scan_enc,3,"and 1",0.50,4.2622,4.5994,3,3,2026-10-07T05:23:26+02:00
a64fx,pivot,128,main_scan_enc,3,"and 2",0.71,3.5690,3.0854,3,3,2026-10-07T05:23:26+02:00
a64fx,pivot,128,main_scan_enc,3,"and 2",0.71,3.5537,3.0935,3,3,2026-10-07T05:23:26+02:00
a64fx,pivot,128,main_scan_enc,3,"and 2",0.71,3.5490,3.0732,3,3,2026-10-07T05:23:26+02:00
a64fx,pivot,128,main_scan_enc,3,"and 2",0.71,3.5636,3.0846,3,3,2026-10-07T05:23:26+02:00
a64fx,pivot,128,main_scan_enc,3,"and 2",0.71,3.5707,3.0937,3,3,2026-10-07T05:23:26+02:00
a64fx,pivot,128,main_scan_enc,3,"and 3",0.79,3.1997,2.2443,3,3,2026-10-07T05:23:26+02:00
a64fx,pivot,128,main_scan_enc,3,"and 3",0.79,3.2389,2.0891,3,3,2026-10-07T05:23:26+02:00
a64fx,pivot,128,main_scan_enc,3,"and 3",0.79,3.2196,2.2442,3,3,2026-10-07T05:23:26+02:00
a64fx,pivot,128,main_scan_enc,3,"and 3",0.79,3.2330,2.2549,3,3,2026-10-07T05:23:26+02:00
a64fx,pivot,128,main_scan_enc,3,"and 3",0.79,3.2243,2.2430,3,3,2026-10-07T05:23:26+02:00
a64fx,pivot,128,main_scan_enc,3,"and 1",1.00,16.5738,4.1699,3,3,2026-10-07T05:23:26+02:00
a64fx,pivot,128,main_scan_enc,3,"and 1",1.00,16.6176,4.1389,3,3,2026-10-07T05:23:26+02:00
a64fx,pivot,128,main_scan_enc,3,"and 1",1.00,16.0836,4.1513,3,3,2026-10-07T05:23:26+02:00
a64fx,pivot,128,main_scan_enc,3,"and 1",1.00,16.5224,4.1751,3,3,2026-10-07T05:23:26+02:00
a64fx,pivot,128,main_scan_enc,3,"and 1",1.00,16.5922,4.1494,3,3,2026-10-07T05:23:26+02:00
a64fx,pivot,128,main_scan_enc,3,"and 2",1.00,9.2631,2.8789,3,3,2026-10-07T05:23:26+02:00
a64fx,pivot,128,main_scan_enc,3,"and 2",1.00,9.1377,2.8727,3,3,2026-10-07T05:23:26+02:00
a64fx,pivot,128,main_scan_enc,3,"and 2",1.00,9.3708,2.8768,3,3,2026-10-07T05:23:26+02:00
a64fx,pivot,128,main_scan_enc,3,"and 2",1.00,9.4228,2.8710,3,3,2026-10-07T05:23:26+02:00
a64fx,pivot,128,main_scan_enc,3,"and 2",1.00,9.2790,2.8764,3,3,2026-10-07T05:23:26+02:00
a64fx,pivot,128,main_scan_enc,3,"and 3",1.00,6.1410,2.1360,3,3,2026-10-07T05:23:26+02:00
a64fx,pivot,128,main_scan_enc,3,"and 3",1.00,6.2058,2.1292,3,3,2026-10-07T05:23:26+02:00
a64fx,pivot,128,main_scan_enc,3,"and 3",1.00,6.2252,2.1306,3,3,2026-10-07T05:23:26+02:00
a64fx,pivot,128,main_scan_enc,3,"and 3",1.00,6.2536,2.1306,3,3,2026-10-07T05:23:26+02:00
a64fx,pivot,128,main_scan_enc,3,"and 3",1.00,6.2872,2.1379,3,3,2026-10-07T05:23:26+02:00
a64fx,pivot,256,main_scan_enc,3,"and 1",0.00,17.9822,19.5886,3,3,2026-10-07T05:23:36+02:00
a64fx,pivot,256,main_scan_enc,3,"and 1",0.00,17.5275,19.0412,3,3,2026-10-07T05:23:36+02:00
a64fx,pivot,256,main_scan_enc,3,"and 1",0.00,17.9672,19.0801,3,3,2026-10-07T05:23:36+02:00
a64fx,pivot,256,main_scan_enc,3,"and 1",0.00,18.1291,19.6537,3,3,2026-10-07T05:23:36+02:00
a64fx,pivot,256,main_scan_enc,3,"and 1",0.00,18.1698,19.5794,3,3,2026-10-07T05:23:36+02:00
a64fx,pivot,256,main_scan_enc,3,"and 2",0.03,13.9952,12.8494,3,3,2026-10-07T05:23:36+02:00
a64fx,pivot,256,main_scan_enc,3,"and 2",0.03,13.8038,12.6038,3,3,2026-10-07T05:23:36+02:00
a64fx,pivot,256,main_scan_enc,3,"and 2",0.03,12.8450,12.2356,3,3,2026-10-07T05:23:36+02:00
a64fx,pivot,256,main_scan_enc,3,"and 2",0.03,13.9992,12.8996,3,3,2026-10-07T05:23:36+02:00
a64fx,pivot,256,main_scan_enc,3,"and 2",0.03,13.4867,12.7347,3,3,2026-10-07T05:23:36+02:00
a64fx,pivot,256,main_scan_enc,3,"and 3",0.10,7.8104,8.3323,3,3,2026-10-07T05:23:36+02:00
a64fx,pivot,256,main_scan_enc,3,"and 3",0.10,7.7094,8.2294,3,3,2026-10-07T05:23:36+02:00
a64fx,pivot,256,main_scan_enc,3,"and 3",0.10,7.7112,8.1032,3,3,2026-10-07T05:23:36+02:00
a64fx,pivot,256,main_scan_enc,3,"and 3",0.10,7.6566,8.3013,3,3,2026-10-07T05:23:36+02:00
a64fx,pivot,256,main_scan_enc,3,"and 3",0.10,7.8145,8.2810,3,3,2026-10-07T05:23:36+02:00
a64fx,pivot,256,main_scan_enc,3,"and 1",0.00,17.1843,18.4408,3,3,2026-10-07T05:23:36+02:00
a64fx,pivot,256,main_scan_enc,3,"and 1",0.00,17.1624,18.3659,3,3,2026-10-07T05:23:36+02:00
a64fx,pivot,256,main_scan_enc,3,"and 1",0.00,17.2321,18.4581,3,3,2026-10-07T05:23:36+02:00
a64fx,pivot,256,main_scan_enc,3,"and 1",0.00,17.1884,18.3328,3,3,2026-10-07T05:23:36+02:00
a64fx,pivot,256,main_scan_enc,3,"and 1",0.00,16.5274,18.4166,3,3,2026-10-07T05:23:36+02:00
a64fx,pivot,256,main_scan_enc,3,"and 2",0.04,12.4732,11.6917,3,3,2026-10-07T05:23:36+02:00
a64fx,pivot,256,main_scan_enc,3,"and 2",0.04,12.6081,11.8420,3,3,2026-10-07T05:23:36+02:00
a64fx,pivot,256,main_scan_enc,3,"and 2",0.04,12.4722,11.6855,3,3,2026-10-07T05:23:36+02:00
a64fx,pivot,256,main_scan_enc,3,"and 2",0.04,12.6364,11.8238,3,3,2026-10-07T05:23:36+02:00
a64fx,pivot,256,main_scan_enc,3,"and 2",0.04,12.1465,11.5990,3,3,2026-10-07T05:23:36+02:00
a64fx,pivot,256,main_scan_enc,3,"and 3",0.13,6.8929,7.6135,3,3,2026-10-07T05:23:36+02:00
a64fx,pivot,256,main_scan_enc,3,"and 3",0.13,6.9366,7.6088,3,3,2026-10-07T05:23:36+02:00
a64fx,pivot,256,main_scan_enc,3,"and 3",0.13,6.9634,7.6975,3,3,2026-10-07T05:23:36+02:00
a64fx,pivot,256,main_scan_enc,3,"and 3",0.13,6.9678,7.6173,3,3,2026-10-07T05:23:36+02:00
a64fx,pivot,256,main_scan_enc,3,"and 3",0.13,6.9420,7.8273,3,3,2026-10-07T05:23:36+02:00
a64fx,pivot,256,main_scan_enc,3,"and 1",0.01,14.7066,15.6467,3,3,2026-10-07T05:23:36+02:00
a64fx,pivot,256,main_scan_enc,3,"and 1",0.01,14.4429,15.3034,3,3,2026-10-07T05:23:36+02:00
a64fx,pivot,256,main_scan_enc,3,"and 1",0.01,15.1928,15.8510,3,3,2026-10-07T05:23:36+02:00
a64fx,pivot,256,main_scan_enc,3,"and 1",0.01,15.2021,16.0089,3,3,2026-10-07T05:23:36+02:00
a64fx,pivot,256,main_scan_enc,3,"and 1",0.01,14.9865,15.2551,3,3,2026-10-07T05:23:36+02:00
a64fx,pivot,256,main_scan_enc,3,"and 2",0.07,10.2080,10.0979,3,3,2026-10-07T05:23:36+02:00
a64fx,pivot,256,main_scan_enc,3,"and 2",0.07,9.9757,9.8226,3,3,2026-10-07T05:23:36+02:00
a64fx,pivot,256,main_scan_enc,3,"and 2",0.07,10.1722,9.9620,3,3,2026-10-07T05:23:36+02:00
a64fx,pivot,256,main_scan_enc,3,"and 2",0.07,10.1751,10.1003,3,3,2026-10-07T05:23:36+02:00
a64fx,pivot,256,main_scan_enc,3,"and 2",0.07,9.9762,9.9149,3,3,2026-10-07T05:23:36+02:00
a64fx,pivot,256,main_scan_enc,3,"and 3",0.17,6.0055,7.0570,3,3,2026-10-07T05:23:36+02:00
a64fx,pivot,256,main_scan_enc,3,"and 3",0.17,6.0225,7.0776,3,3,2026-10-07T05:23:36+02:00
a64fx,pivot,256,main_scan_enc,3,"and 3",0.17,6.0890,6.9100,3,3,2026-10-07T05:23:36+02:00
a64fx,pivot,256,main_scan_enc,3,"and 3",0.17,6.0428,6.9524,3,3,2026-10-07T05:23:36+02:00
a64fx,pivot,256,main_scan_enc,3,"and 3",0.17,5.9787,6.9597,3,3,2026-10-07T05:23:36+02:00
a64fx,pivot,256,main_scan_enc,3,"and 1",0.01,13.2989,14.0809,3,3,2026-10-07T05:23:36+02:00
a64fx,pivot,256,main_scan_enc,3,"and 1",0.01,12.9382,13.4615,3,3,2026-10-07T05:23:36+02:00
a64fx,pivot,256,main_scan_enc,3,"and 1",0.01,13.3376,14.1154,3,3,2026-10-07T05:23:36+02:00
a64fx,pivot,256,main_scan_enc,3,"and 1",0.01,12.6707,14.0700,3,3,2026-10-07T05:23:36+02:00
a64fx,pivot,256,main_scan_enc,3,"and 1",0.01,13.3458,14.0306,3,3,2026-10-07T05:23:36+02:00
a64fx,pivot,256,main_scan_enc,3,"and 2",0.10,8.2319,8.8118,3,3,2026-10-07T05:23:36+02:00
a64fx,pivot,256,main_scan_enc,3,"and 2",0.10,8.2223,8.9048,3,3,2026-10-07T05:23:36+02:00
a64fx,pivot,256,main_scan_enc,3,"and 2",0.10,8.4012,8.7200,3,3,2026-10-07T05:23:36+02:00
a64fx,pivot,256,main_scan_enc,3,"and 2",0.10,8.4122,8.9059,3,3,2026-10-07T05:23:36+02:00
a64fx,pivot,256,main_scan_enc,3,"and 2",0.10,8.3982,8.9412,3,3,2026-10-07T05:23:36+02:00
a64fx,pivot,256,main_scan_enc,3,"and 3",0.22,5.0854,6.2547,3,3,2026-10-07T05:23:36+02:00
a64fx,pivot,256,main_scan_enc,3,"and 3",0.22,5.0891,6.3587,3,3,2026-10-07T05:23:36+02:00
a64fx,pivot,256,main_scan_enc,3,"and 3",0.22,4.2610,6.3431,3,3,2026-10-07T05:23:36+02:00
a64fx,pivot,256,main_scan_enc,3,"and 3",0.22,5.0743,6.3543,3,3,2026-10-07T05:23:36+02:00
a64fx,pivot,256,main_scan_enc,3,"and 3",0.22,5.0768,6.3450,3,3,2026-10-07T05:23:36+02:00
a64fx,pivot,256,main_scan_enc,3,"and 1",0.02,12.0163,11.8907,3,3,2026-10-07T05:23:36+02:00
a64fx,pivot,256,main_scan_enc,3,"and 1",0.02,11.7834,11.9506,3,3,2026-10-07T05:23:36+02:00
a64fx,pivot,256,main_scan_enc,3,"and 1",0.02,11.6830,11.5936,3,3,2026-10-07T05:23:36+02:00
a64fx,pivot,256,main_scan_enc,3,"and 1",0.02,12.0006,11.8734,3,3,2026-10-07T05:23:36+02:00
a64fx,pivot,256,main_scan_enc,3,"and 1",0.02,11.6268,11.2216,3,3,2026-10-07T05:23:36+02:00
a64fx,pivot,256,main_scan_enc,3,"and 2",0.14,7.0036,7.6559,3,3,2026-10-07T05:23:36+02:00
a64fx,pivot,256,main_scan_enc,3,"and 2",0.14,7.0081,7.6157,3,3,2026-10-07T05:23:36+02:00
a64fx,pivot,256,main_scan_enc,3,"and 2",0.14,7.0051,7.6539,3,3,2026-10-07T05:23:36+02:00
a64fx,pivot,256,main_scan_enc,3,"and 2",0.14,7.0105,7.6215,3,3,2026-10-07T05:23:36+02:00
a64fx,pivot,256,main_scan_enc,3,"and 2",0.14,7.0059,7.6767,3,3,2026-10-07T05:23:36+02:00
a64fx,pivot,256,main_scan_enc,3,"and 3",0.27,4.2795,5.6803,3,3,2026-10-07T05:23:36+02:00
a64fx,pivot,256,main_scan_enc,3,"and 3",0.27,4.2993,5.6738,3,3,2026-10-07T05:23:36+02:00
a64fx,pivot,256,main_scan_enc,3,"and 3",0.27,4.0789,5.6209,3,3,2026-10-07T05:23:36+02:00
a64fx,pivot,256,main_scan_enc,3,"and 3",0.27,4.3046,5.6779,3,3,2026-10-07T05:23:36+02:00
a64fx,pivot,256,main_scan_enc,3,"and 3",0.27,4.3055,5.7174,3,3,2026-10-07T05:23:36+02:00
a64fx,pivot,256,main_scan_enc,3,"and 1",0.05,12.9005,8.9840,3,3,2026-10-07T05:23:36+02:00
a64fx,pivot,256,main_scan_enc,3,"and 1",0.05,12.9444,8.9443,3,3,2026-10-07T05:23:36+02:00
a64fx,pivot,256,main_scan_enc,3,"and 1",0.05,12.9656,9.2667,3,3,2026-10-07T05:23:36+02:00
a64fx,pivot,256,main_scan_enc,3,"and 1",0.05,12.7373,9.1572,3,3,2026-10-07T05:23:36+02:00
a64fx,pivot,256,main_scan_enc,3,"and 1",0.05,12.9549,9.2618,3,3,2026-10-07T05:23:36+02:00
a64fx,pivot,256,main_scan_enc,3,"and 2",0.22,5.8456,6.4563,3,3,2026-10-07T05:23:36+02:00
a64fx,pivot,256,main_scan_enc,3,"and 2",0.22,5.8401,6.4806,3,3,2026-10-07T05:23:36+02:00
a64fx,pivot,256,main_scan_enc,3,"and 2",0.22,5.8301,6.4473,3,3,2026-10-07T05:23:36+02:00
a64fx,pivot,256,main_scan_enc,3,"and 2",0.22,5.8350,6.4867,3,3,2026-10-07T05:23:36+02:00
a64fx,pivot,256,main_scan_enc,3,"and 2",0.22,5.8636,6.4623,3,3,2026-10-07T05:23:36+02:00
a64fx,pivot,256,main_scan_enc,3,"and 3",0.37,3.2731,4.8313,3,3,2026-10-07T05:23:36+02:00
a64fx,pivot,256,main_scan_enc,3,"and 3",0.37,3.1817,4.8182,3,3,2026-10-07T05:23:36+02:00
a64fx,pivot,256,main_scan_enc,3,"and 3",0.37,1.4263,1.8281,3,3,2026-10-07T05:23:36+02:00
a64fx,pivot,256,main_scan_enc,3,"and 3",0.37,3.2317,4.8581,3,3,2026-10-07T05:23:36+02:00
a64fx,pivot,256,main_scan_enc,3,"and 3",0.37,3.1993,4.8424,3,3,2026-10-07T05:23:36+02:00
a64fx,pivot,256,main_scan_enc,3,"and 1",0.10,10.8080,7.7393,3,3,2026-10-07T05:23:36+02:00
a64fx,pivot,256,main_scan_enc,3,"and 1",0.10,10.8260,7.8604,3,3,2026-10-07T05:23:36+02:00
a64fx,pivot,256,main_scan_enc,3,"and 1",0.10,10.7202,7.8589,3,3,2026-10-07T05:23:36+02:00
a64fx,pivot,256,main_scan_enc,3,"and 1",0.10,10.6132,7.6968,3,3,2026-10-07T05:23:36+02:00
a64fx,pivot,256,main_scan_enc,3,"and 1",0.10,10.4760,7.7521,3,3,2026-10-07T05:23:36+02:00
a64fx,pivot,256,main_scan_enc,3,"and 2",0.32,4.3710,5.7289,3,3,2026-10-07T05:23:36+02:00
a64fx,pivot,256,main_scan_enc,3,"and 2",0.32,4.3847,5.6960,3,3,2026-10-07T05:23:36+02:00
a64fx,pivot,256,main_scan_enc,3,"and 2",0.32,4.3341,5.7416,3,3,2026-10-07T05:23:36+02:00
a64fx,pivot,256,main_scan_enc,3,"and 2",0.32,4.3815,5.7574,3,3,2026-10-07T05:23:36+02:00
a64fx,pivot,256,main_scan_enc,3,"and 2",0.32,4.3884,5.7415,3,3,2026-10-07T05:23:36+02:00
a64fx,pivot,256,main_scan_enc,3,"and 3",0.46,2.6157,4.3643,3,3,2026-10-07T05:23:36+02:00
a64fx,pivot,256,main_scan_enc,3,"and 3",0.46,2.5095,4.3762,3,3,2026-10-07T05:23:36+02:00
a64fx,pivot,256,main_scan_enc,3,"and 3",0.46,2.5959,4.3818,3,3,2026-10-07T05:23:36+02:00
a64fx,pivot,256,main_scan_enc,3,"and 3",0.46,2.5974,4.3826,3,3,2026-10-07T05:23:36+02:00
a64fx,pivot,256,main_scan_enc,3,"and 3",0.46,2.5915,4.3920,3,3,2026-10-07T05:23:36+02:00
a64fx,pivot,256,main_scan_enc,3,"and 1",0.20,7.7238,6.8822,3,3,2026-10-07T05:23:36+02:00
a64fx,pivot,256,main_scan_enc,3,"and 1",0.20,7.6404,6.7943,3,3,2026-10-07T05:23:36+02:00
a64fx,pivot,256,main_scan_enc,3,"and 1",0.20,7.6030,6.8018,3,3,2026-10-07T05:23:36+02:00
a64fx,pivot,256,main_scan_enc,3,"and 1",0.20,7.5905,6.8577,3,3,2026-10-07T05:23:36+02:00
a64fx,pivot,256,main_scan_enc,3,"and 1",0.20,7.5999,6.7606,3,3,2026-10-07T05:23:36+02:00
a64fx,pivot,256,main_scan_enc,3,"and 2",0.45,3.0774,5.2491,3,3,2026-10-07T05:23:36+02:00
a64fx,pivot,256,main_scan_enc,3,"and 2",0.45,3.0831,5.2516,3,3,2026-10-07T05:23:36+02:00
a64fx,pivot,256,main_scan_enc,3,"and 2",0.45,3.0902,5.2053,3,3,2026-10-07T05:23:36+02:00
a64fx,pivot,256,main_scan_enc,3,"and 2",0.45,3.0697,5.2532,3,3,2026-10-07T05:23:36+02:00
a64fx,pivot,256,main_scan_enc,3,"and 2",0.45,3.0872,5.2469,3,3,2026-10-07T05:23:36+02:00
a64fx,pivot,256,main_scan_enc,3,"and 3",0.58,2.4217,4.1823,3,3,2026-10-07T05:23:36+02:00
a64fx,pivot,256,main_scan_enc,3,"and 3",0.58,2.3463,4.1544,3,3,2026-10-07T05:23:36+02:00
a64fx,pivot,256,main_scan_enc,3,"and 3",0.58,2.4274,4.1711,3,3,2026-10-07T05:23:36+02:00
a64fx,pivot,256,main_scan_enc,3,"and 3",0.58,2.4274,4.1794,3,3,2026-10-07T05:23:36+02:00
a64fx,pivot,256,main_scan_enc,3,"and 3",0.58,2.4307,4.1805,3,3,2026-10-07T05:23:36+02:00
a64fx,pivot,256,main_scan_enc,3,"and 1",0.50,4.2517,6.0643,3,3,2026-10-07T05:23:36+02:00
a64fx,pivot,256,main_scan_enc,3,"and 1",0.50,4.2529,6.1668,3,3,2026-10-07T05:23:36+02:00
a64fx,pivot,256,main_scan_enc,3,"and 1",0.50,4.2572,6.1163,3,3,2026-10-07T05:23:36+02:00
a64fx,pivot,256,main_scan_enc,3,"and 1",0.50,4.2674,6.1083,3,3,2026-10-07T05:23:36+02:00
a64fx,pivot,256,main_scan_enc,3,"and 1",0.50,4.2744,6.1596,3,3,2026-10-07T05:23:36+02:00
a64fx,pivot,256,main_scan_enc,3,"and 2",0.71,3.5775,4.7945,3,3,2026-10-07T05:23:36+02:00
a64fx,pivot,256,main_scan_enc,3,"and 2",0.71,3.5714,4.7959,3,3,2026-10-07T05:23:36+02:00
a64fx,pivot,256,main_scan_enc,3,"and 2",0.71,3.5530,4.8075,3,3,2026-10-07T05:23:36+02:00
a64fx,pivot,256,main_scan_enc,3,"and 2",0.71,3.5475,4.8137,3,3,2026-10-07T05:23:36+02:00
a64fx,pivot,256,main_scan_enc,3,"and 2",0.71,3.5077,4.8053,3,3,2026-10-07T05:23:36+02:00
a64fx,pivot,256,main_scan_enc,3,"and 3",0.79,3.2284,3.9049,3,3,2026-10-07T05:23:36+02:00
a64fx,pivot,256,main_scan_enc,3,"and 3",0.79,3.2289,3.9055,3,3,2026-10-07T05:23:36+02:00
a64fx,pivot,256,main_scan_enc,3,"and 3",0.79,3.2259,3.8988,3,3,2026-10-07T05:23:36+02:00
a64fx,pivot,256,main_scan_enc,3,"and 3",0.79,3.1174,3.8959,3,3,2026-10-07T05:23:36+02:00
a64fx,pivot,256,main_scan_enc,3,"and 3",0.79,3.2271,3.8957,3,3,2026-10-07T05:23:36+02:00
a64fx,pivot,256,main_scan_enc,3,"and 1",1.00,16.5092,5.2000,3,3,2026-10-07T05:23:36+02:00
a64fx,pivot,256,main_scan_enc,3,"and 1",1.00,16.5282,5.2053,3,3,2026-10-07T05:23:36+02:00
a64fx,pivot,256,main_scan_enc,3,"and 1",1.00,16.5324,5.1937,3,3,2026-10-07T05:23:36+02:00
a64fx,pivot,256,main_scan_enc,3,"and 1",1.00,16.5199,5.2496,3,3,2026-10-07T05:23:36+02:00
a64fx,pivot,256,main_scan_enc,3,"and 1",1.00,16.5256,5.1663,3,3,2026-10-07T05:23:36+02:00
a64fx,pivot,256,main_scan_enc,3,"and 2",1.00,9.2041,4.1922,3,3,2026-10-07T05:23:36+02:00
a64fx,pivot,256,main_scan_enc,3,"and 2",1.00,9.4030,4.2206,3,3,2026-10-07T05:23:36+02:00
a64fx,pivot,256,main_scan_enc,3,"and 2",1.00,9.2276,4.2263,3,3,2026-10-07T05:23:36+02:00
a64fx,pivot,256,main_scan_enc,3,"and 2",1.00,9.4038,4.2160,3,3,2026-10-07T05:23:36+02:00
a64fx,pivot,256,main_scan_enc,3,"and 2",1.00,9.2535,4.1964,3,3,2026-10-07T05:23:36+02:00
a64fx,pivot,256,main_scan_enc,3,"and 3",1.00,6.2850,3.4886,3,3,2026-10-07T05:23:36+02:00
a64fx,pivot,256,main_scan_enc,3,"and 3",1.00,6.2922,3.4923,3,3,2026-10-07T05:23:36+02:00
a64fx,pivot,256,main_scan_enc,3,"and 3",1.00,6.2402,3.4815,3,3,2026-10-07T05:23:36+02:00
a64fx,pivot,256,main_scan_enc,3,"and 3",1.00,6.2189,3.4799,3,3,2026-10-07T05:23:36+02:00
a64fx,pivot,256,main_scan_enc,3,"and 3",1.00,6.2134,3.5087,3,3,2026-10-07T05:23:36+02:00
a64fx,pivot,512,main_scan_enc,3,"and 1",0.00,18.1338,26.5795,3,3,2026-10-07T05:23:45+02:00
a64fx,pivot,512,main_scan_enc,3,"and 1",0.00,18.1710,26.7447,3,3,2026-10-07T05:23:45+02:00
a64fx,pivot,512,main_scan_enc,3,"and 1",0.00,18.1321,26.6962,3,3,2026-10-07T05:23:45+02:00
a64fx,pivot,512,main_scan_enc,3,"and 1",0.00,18.1286,26.7163,3,3,2026-10-07T05:23:45+02:00
a64fx,pivot,512,main_scan_enc,3,"and 1",0.00,17.8773,26.5568,3,3,2026-10-07T05:23:45+02:00
a64fx,pivot,512,main_scan_enc,3,"and 2",0.03,13.9821,8.1771,3,3,2026-10-07T05:23:45+02:00
a64fx,pivot,512,main_scan_enc,3,"and 2",0.03,14.0011,17.2984,3,3,2026-10-07T05:23:45+02:00
a64fx,pivot,512,main_scan_enc,3,"and 2",0.03,13.6656,16.3463,3,3,2026-10-07T05:23:45+02:00
a64fx,pivot,512,main_scan_enc,3,"and 2",0.03,13.5803,17.4119,3,3,2026-10-07T05:23:45+02:00
a64fx,pivot,512,main_scan_enc,3,"and 2",0.03,13.9908,17.3172,3,3,2026-10-07T05:23:45+02:00
a64fx,pivot,512,main_scan_enc,3,"and 3",0.10,7.5960,10.9612,3,3,2026-10-07T05:23:45+02:00
a64fx,pivot,512,main_scan_enc,3,"and 3",0.10,7.5298,10.7823,3,3,2026-10-07T05:23:45+02:00
a64fx,pivot,512,main_scan_enc,3,"and 3",0.10,7.6963,10.6441,3,3,2026-10-07T05:23:45+02:00
a64fx,pivot,512,main_scan_enc,3,"and 3",0.10,7.7199,10.5075,3,3,2026-10-07T05:23:45+02:00
a64fx,pivot,512,main_scan_enc,3,"and 3",0.10,7.7856,10.9597,3,3,2026-10-07T05:23:45+02:00
a64fx,pivot,512,main_scan_enc,3,"and 1",0.00,16.9803,25.4319,3,3,2026-10-07T05:23:45+02:00
a64fx,pivot,512,main_scan_enc,3,"and 1",0.00,16.4100,25.4657,3,3,2026-10-07T05:23:45+02:00
a64fx,pivot,512,main_scan_enc,3,"and 1",0.00,16.6264,25.4334,3,3,2026-10-07T05:23:45+02:00
a64fx,pivot,512,main_scan_enc,3,"and 1",0.00,16.7546,22.4592,3,3,2026-10-07T05:23:45+02:00
a64fx,pivot,512,main_scan_enc,3,"and 1",0.00,17.1882,25.5561,3,3,2026-10-07T05:23:45+02:00
a64fx,pivot,512,main_scan_enc,3,"and 2",0.04,12.6156,16.0893,3,3,2026-10-07T05:23:45+02:00
a64fx,pivot,512,main_scan_enc,3,"and 2",0.04,11.6044,16.0442,3,3,2026-10-07T05:23:45+02:00
a64fx,pivot,512,main_scan_enc,3,"and 2",0.04,12.6113,15.7688,3,3,2026-10-07T05:23:45+02:00
a64fx,pivot,512,main_scan_enc,3,"and 2",0.04,12.1511,16.0921,3,3,2026-10-07T05:23:45+02:00
a64fx,pivot,512,main_scan_enc,3,"and 2",0.04,12.6420,16.0285,3,3,2026-10-07T05:23:45+02:00
a64fx,pivot,512,main_scan_enc,3,"and 3",0.13,6.9459,10.3018,3,3,2026-10-07T05:23:45+02:00
a64fx,pivot,512,main_scan_enc,3,"and 3",0.13,6.9946,9.9746,3,3,2026-10-07T05:23:45+02:00
a64fx,pivot,512,main_scan_enc,3,"and 3",0.13,6.9950,10.4330,3,3,2026-10-07T05:23:45+02:00
a64fx,pivot,512,main_scan_enc,3,"and 3",0.13,6.9337,10.4203,3,3,2026-10-07T05:23:45+02:00
a64fx,pivot,512,main_scan_enc,3,"and 3",0.13,6.9722,10.4814,3,3,2026-10-07T05:23:45+02:00
a64fx,pivot,512,main_scan_enc,3,"and 1",0.01,15.2029,23.9603,3,3,2026-10-07T05:23:45+02:00
a64fx,pivot,512,main_scan_enc,3,"and 1",0.01,14.4410,23.8512,3,3,2026-10-07T05:23:45+02:00
a64fx,pivot,512,main_scan_enc,3,"and 1",0.01,14.8635,22.0833,3,3,2026-10-07T05:23:45+02:00
a64fx,pivot,512,main_scan_enc,3,"and 1",0.01,15.1643,23.7584,3,3,2026-10-07T05:23:45+02:00
a64fx,pivot,512,main_scan_enc,3,"and 1",0.01,15.1746,23.7233,3,3,2026-10-07T05:23:45+02:00
a64fx,pivot,512,main_scan_enc,3,"and 2",0.07,10.0530,13.9776,3,3,2026-10-07T05:23:45+02:00
a64fx,pivot,512,main_scan_enc,3,"and 2",0.07,10.2388,14.1294,3,3,2026-10-07T05:23:45+02:00
a64fx,pivot,512,main_scan_enc,3,"and 2",0.07,10.0853,13.8406,3,3,2026-10-07T05:23:45+02:00
a64fx,pivot,512,main_scan_enc,3,"and 2",0.07,10.1766,14.2723,3,3,2026-10-07T05:23:45+02:00
a64fx,pivot,512,main_scan_enc,3,"and 2",0.07,10.0503,13.8800,3,3,2026-10-07T05:23:45+02:00
a64fx,pivot,512,main_scan_enc,3,"and 3",0.17,6.0613,9.6875,3,3,2026-10-07T05:23:45+02:00
a64fx,pivot,512,main_scan_enc,3,"and 3",0.17,6.0855,9.6391,3,3,2026-10-07T05:23:45+02:00
a64fx,pivot,512,main_scan_enc,3,"and 3",0.17,6.0722,9.7238,3,3,2026-10-07T05:23:45+02:00
a64fx,pivot,512,main_scan_enc,3,"and 3",0.17,6.0671,9.7922,3,3,2026-10-07T05:23:45+02:00
a64fx,pivot,512,main_scan_enc,3,"and 3",0.17,6.0640,9.8040,3,3,2026-10-07T05:23:45+02:00
a64fx,pivot,512,main_scan_enc,3,"and 1",0.01,13.2498,22.2639,3,3,2026-10-07T05:23:45+02:00
a64fx,pivot,512,main_scan_enc,3,"and 1",0.01,13.2598,22.0812,3,3,2026-10-07T05:23:45+02:00
a64fx,pivot,512,main_scan_enc,3,"and 1",0.01,12.7326,20.1486,3,3,2026-10-07T05:23:45+02:00
a64fx,pivot,512,main_scan_enc,3,"and 1",0.01,13.2414,22.0848,3,3,2026-10-07T05:23:45+02:00
a64fx,pivot,512,main_scan_enc,3,"and 1",0.01,13.2869,22.3018,3,3,2026-10-07T05:23:45+02:00
a64fx,pivot,512,main_scan_enc,3,"and 2",0.10,8.3095,12.6204,3,3,2026-10-07T05:23:45+02:00
a64fx,pivot,512,main_scan_enc,3,"and 2",0.10,8.3808,13.0761,3,3,2026-10-07T05:23:45+02:00
a64fx,pivot,512,main_scan_enc,3,"and 2",0.10,8.1574,13.1033,3,3,2026-10-07T05:23:45+02:00
a64fx,pivot,512,main_scan_enc,3,"and 2",0.10,8.3026,13.0826,3,3,2026-10-07T05:23:45+02:00
a64fx,pivot,512,main_scan_enc,3,"and 2",0.10,8.3594,13.0873,3,3,2026-10-07T05:23:45+02:00
a64fx,pivot,512,main_scan_enc,3,"and 3",0.22,5.0596,9.2410,3,3,2026-10-07T05:23:45+02:00
a64fx,pivot,512,main_scan_enc,3,"and 3",0.22,5.0888,9.0993,3,3,2026-10-07T05:23:45+02:00
a64fx,pivot,512,main_scan_enc,3,"and 3",0.22,5.0749,8.8635,3,3,2026-10-07T05:23:45+02:00
a64fx,pivot,512,main_scan_enc,3,"and 3",0.22,5.0888,9.2772,3,3,2026-10-07T05:23:45+02:00
a64fx,pivot,512,main_scan_enc,3,"and 3",0.22,5.0779,9.2670,3,3,2026-10-07T05:23:45+02:00
a64fx,pivot,512,main_scan_enc,3,"and 1",0.02,11.7714,19.0343,3,3,2026-10-07T05:23:45+02:00
a64fx,pivot,512,main_scan_enc,3,"and 1",0.02,11.9997,20.1702,3,3,2026-10-07T05:23:45+02:00
a64fx,pivot,512,main_scan_enc,3,"and 1",0.02,11.9642,20.0119,3,3,2026-10-07T05:23:45+02:00
a64fx,pivot,512,main_scan_enc,3,"and 1",0.02,11.8828,19.6300,3,3,2026-10-07T05:23:45+02:00
a64fx,pivot,512,main_scan_enc,3,"and 1",0.02,12.0117,20.1774,3,3,2026-10-07T05:23:45+02:00
a64fx,pivot,512,main_scan_enc,3,"and 2",0.14,6.9166,11.6484,3,3,2026-10-07T05:23:45+02:00
a64fx,pivot,512,main_scan_enc,3,"and 2",0.14,7.0008,12.0107,3,3,2026-10-07T05:23:45+02:00
a64fx,pivot,512,main_scan_enc,3,"and 2",0.14,6.9379,11.8077,3,3,2026-10-07T05:23:45+02:00
a64fx,pivot,512,main_scan_enc,3,"and 2",0.14,6.9809,12.0035,3,3,2026-10-07T05:23:45+02:00
a64fx,pivot,512,main_scan_enc,3,"and 2",0.14,6.8988,11.8630,3,3,2026-10-07T05:23:45+02:00
a64fx,pivot,512,main_scan_enc,3,"and 3",0.27,4.2965,8.6942,3,3,2026-10-07T05:23:45+02:00
a64fx,pivot,512,main_scan_enc,3,"and 3",0.27,4.2846,8.5258,3,3,2026-10-07T05:23:45+02:00
a64fx,pivot,512,main_scan_enc,3,"and 3",0.27,4.2973,8.6857,3,3,2026-10-07T05:23:45+02:00
a64fx,pivot,512,main_scan_enc,3,"and 3",0.27,4.2717,8.6349,3,3,2026-10-07T05:23:45+02:00
a64fx,pivot,512,main_scan_enc,3,"and 3",0.27,4.2699,8.5834,3,3,2026-10-07T05:23:45+02:00
a64fx,pivot,512,main_scan_enc,3,"and 1",0.05,12.9977,18.2318,3,3,2026-10-07T05:23:45+02:00
a64fx,pivot,512,main_scan_enc,3,"and 1",0.05,12.7102,17.4868,3,3,2026-10-07T05:23:45+02:00
a64fx,pivot,512,main_scan_enc,3,"and 1",0.05,13.0079,18.1455,3,3,2026-10-07T05:23:45+02:00
a64fx,pivot,512,main_scan_enc,3,"and 1",0.05,12.6218,17.1171,3,3,2026-10-07T05:23:45+02:00
a64fx,pivot,512,main_scan_enc,3,"and 1",0.05,12.9926,18.2006,3,3,2026-10-07T05:23:45+02:00
a64fx,pivot,512,main_scan_enc,3,"and 2",0.22,5.8847,10.8160,3,3,2026-10-07T05:23:45+02:00
a64fx,pivot,512,main_scan_enc,3,"and 2",0.22,5.7827,10.6634,3,3,2026-10-07T05:23:45+02:00
a64fx,pivot,512,main_scan_enc,3,"and 2",0.22,5.7938,11.1229,3,3,2026-10-07T05:23:45+02:00
a64fx,pivot,512,main_scan_enc,3,"and 2",0.22,5.7992,11.1352,3,3,2026-10-07T05:23:45+02:00
a64fx,pivot,512,main_scan_enc,3,"and 2",0.22,5.7988,11.1172,3,3,2026-10-07T05:23:45+02:00
a64fx,pivot,512,main_scan_enc,3,"and 3",0.37,3.0943,7.9678,3,3,2026-10-07T05:23:45+02:00
a64fx,pivot,512,main_scan_enc,3,"and 3",0.37,3.1707,8.1647,3,3,2026-10-07T05:23:45+02:00
a64fx,pivot,512,main_scan_enc,3,"and 3",0.37,3.2152,8.1615,3,3,2026-10-07T05:23:45+02:00
a64fx,pivot,512,main_scan_enc,3,"and 3",0.37,3.2045,8.2400,3,3,2026-10-07T05:23:45+02:00
a64fx,pivot,512,main_scan_enc,3,"and 3",0.37,3.2118,8.1691,3,3,2026-10-07T05:23:45+02:00
a64fx,pivot,512,main_scan_enc,3,"and 1",0.10,10.8021,17.9771,3,3,2026-10-07T05:23:45+02:00
a64fx,pivot,512,main_scan_enc,3,"and 1",0.10,10.6663,17.8588,3,3,2026-10-07T05:23:45+02:00
a64fx,pivot,512,main_scan_enc,3,"and 1",0.10,10.8015,9.9759,3,3,2026-10-07T05:23:45+02:00
a64fx,pivot,512,main_scan_enc,3,"and 1",0.10,10.6438,17.2640,3,3,2026-10-07T05:23:45+02:00
a64fx,pivot,512,main_scan_enc,3,"and 1",0.10,10.8084,17.8079,3,3,2026-10-07T05:23:45+02:00
a64fx,pivot,512,main_scan_enc,3,"and 2",0.32,4.3364,11.2096,3,3,2026-10-07T05:23:45+02:00
a64fx,pivot,512,main_scan_enc,3,"and 2",0.32,4.3713,11.0629,3,3,2026-10-07T05:23:45+02:00
a64fx,pivot,512,main_scan_enc,3,"and 2",0.32,4.3642,10.9379,3,3,2026-10-07T05:23:45+02:00
a64fx,pivot,512,main_scan_enc,3,"and 2",0.32,4.2990,11.1845,3,3,2026-10-07T05:23:45+02:00
a64fx,pivot,512,main_scan_enc,3,"and 2",0.32,4.3821,11.2018,3,3,2026-10-07T05:23:45+02:00
a64fx,pivot,512,main_scan_enc,3,"and 3",0.46,2.6004,8.0098,3,3,2026-10-07T05:23:45+02:00
a64fx,pivot,512,main_scan_enc,3,"and 3",0.46,2.6013,8.0123,3,3,2026-10-07T05:23:45+02:00
a64fx,pivot,512,main_scan_enc,3,"and 3",0.46,2.5951,8.1464,3,3,2026-10-07T05:23:45+02:00
a64fx,pivot,512,main_scan_enc,3,"and 3",0.46,2.5904,8.1713,3,3,2026-10-07T05:23:45+02:00
a64fx,pivot,512,main_scan_enc,3,"and 3",0.46,2.5994,8.0914,3,3,2026-10-07T05:23:45+02:00
a64fx,pivot,512,main_scan_enc,3,"and 1",0.20,7.7091,16.0931,3,3,2026-10-07T05:23:45+02:00
a64fx,pivot,512,main_scan_enc,3,"and 1",0.20,7.5869,16.1486,3,3,2026-10-07T05:23:45+02:00
a64fx,pivot,512,main_scan_enc,3,"and 1",0.20,7.5373,15.7134,3,3,2026-10-07T05:23:45+02:00
a64fx,pivot,512,main_scan_enc,3,"and 1",0.20,7.7044,16.1446,3,3,2026-10-07T05:23:45+02:00
a64fx,pivot,512,main_scan_enc,3,"and 1",0.20,7.6514,16.0130,3,3,2026-10-07T05:23:45+02:00
a64fx,pivot,512,main_scan_enc,3,"and 2",0.45,3.0735,10.2670,3,3,2026-10-07T05:23:45+02:00
a64fx,pivot,512,main_scan_enc,3,"and 2",0.45,3.0743,10.2774,3,3,2026-10-07T05:23:45+02:00
a64fx,pivot,512,main_scan_enc,3,"and 2",0.45,3.0762,10.1553,3,3,2026-10-07T05:23:45+02:00
a64fx,pivot,512,main_scan_enc,3,"and 2",0.45,3.0719,10.5506,3,3,2026-10-07T05:23:45+02:00
a64fx,pivot,512,main_scan_enc,3,"and 2",0.45,3.1015,10.5474,3,3,2026-10-07T05:23:45+02:00
a64fx,pivot,512,main_scan_enc,3,"and 3",0.58,2.4245,8.0871,3,3,2026-10-07T05:23:45+02:00
a64fx,pivot,512,main_scan_enc,3,"and 3",0.58,2.4230,8.0208,3,3,2026-10-07T05:23:45+02:00
a64fx,pivot,512,main_scan_enc,3,"and 3",0.58,2.3965,7.9404,3,3,2026-10-07T05:23:45+02:00
a64fx,pivot,512,main_scan_enc,3,"and 3",0.58,2.3476,8.0830,3,3,2026-10-07T05:23:45+02:00
a64fx,pivot,512,main_scan_enc,3,"and 3",0.58,2.4276,7.9642,3,3,2026-10-07T05:23:45+02:00
a64fx,pivot,512,main_scan_enc,3,"and 1",0.50,4.2620,13.1416,3,3,2026-10-07T05:23:45+02:00
a64fx,pivot,512,main_scan_enc,3,"and 1",0.50,4.2403,13.1293,3,3,2026-10-07T05:23:45+02:00
a64fx,pivot,512,main_scan_enc,3,"and 1",0.50,4.2555,12.5490,3,3,2026-10-07T05:23:45+02:00
a64fx,pivot,512,main_scan_enc,3,"and 1",0.50,4.2409,13.0958,3,3,2026-10-07T05:23:45+02:00
a64fx,pivot,512,main_scan_enc,3,"and 1",0.50,4.2685,13.1498,3,3,2026-10-07T05:23:45+02:00
a64fx,pivot,512,main_scan_enc,3,"and 2",0.71,3.5523,9.0121,3,3,2026-10-07T05:23:45+02:00
a64fx,pivot,512,main_scan_enc,3,"and 2",0.71,3.5492,9.0203,3,3,2026-10-07T05:23:45+02:00
a64fx,pivot,512,main_scan_enc,3,"and 2",0.71,3.5565,9.2007,3,3,2026-10-07T05:23:45+02:00
a64fx,pivot,512,main_scan_enc,3,"and 2",0.71,3.5440,8.9831,3,3,2026-10-07T05:23:45+02:00
a64fx,pivot,512,main_scan_enc,3,"and 2",0.71,3.5623,9.0185,3,3,2026-10-07T05:23:45+02:00
a64fx,pivot,512,main_scan_enc,3,"and 3",0.79,3.2198,7.2722,3,3,2026-10-07T05:23:45+02:00
a64fx,pivot,512,main_scan_enc,3,"and 3",0.79,3.2298,7.2656,3,3,2026-10-07T05:23:45+02:00
a64fx,pivot,512,main_scan_enc,3,"and 3",0.79,3.2253,7.2811,3,3,2026-10-07T05:23:45+02:00
a64fx,pivot,512,main_scan_enc,3,"and 3",0.79,3.2287,7.2162,3,3,2026-10-07T05:23:45+02:00
a64fx,pivot,512,main_scan_enc,3,"and 3",0.79,3.2281,7.0697,3,3,2026-10-07T05:23:45+02:00
a64fx,pivot,512,main_scan_enc,3,"and 1",1.00,16.5203,9.7835,3,3,2026-10-07T05:23:45+02:00
a64fx,pivot,512,main_scan_enc,3,"and 1",1.00,16.4940,9.6471,3,3,2026-10-07T05:23:45+02:00
a64fx,pivot,512,main_scan_enc,3,"and 1",1.00,16.4985,9.7795,3,3,2026-10-07T05:23:45+02:00
a64fx,pivot,512,main_scan_enc,3,"and 1",1.00,15.9039,9.6265,3,3,2026-10-07T05:23:45+02:00
a64fx,pivot,512,main_scan_enc,3,"and 1",1.00,16.5439,9.7473,3,3,2026-10-07T05:23:45+02:00
a64fx,pivot,512,main_scan_enc,3,"and 2",1.00,9.3983,7.3941,3,3,2026-10-07T05:23:45+02:00
a64fx,pivot,512,main_scan_enc,3,"and 2",1.00,9.4066,7.3866,3,3,2026-10-07T05:23:45+02:00
a64fx,pivot,512,main_scan_enc,3,"and 2",1.00,9.4085,7.4156,3,3,2026-10-07T05:23:45+02:00
a64fx,pivot,512,main_scan_enc,3,"and 2",1.00,9.4078,7.2929,3,3,2026-10-07T05:23:45+02:00
a64fx,pivot,512,main_scan_enc,3,"and 2",1.00,9.4199,7.2607,3,3,2026-10-07T05:23:45+02:00
a64fx,pivot,512,main_scan_enc,3,"and 3",1.00,6.1606,6.0239,3,3,2026-10-07T05:23:45+02:00
a64fx,pivot,512,main_scan_enc,3,"and 3",1.00,6.1414,6.0548,3,3,2026-10-07T05:23:45+02:00
a64fx,pivot,512,main_scan_enc,3,"and 3",1.00,6.2847,6.0553,3,3,2026-10-07T05:23:45+02:00
a64fx,pivot,512,main_scan_enc,3,"and 3",1.00,6.1872,5.9254,3,3,2026-10-07T05:23:45+02:00
a64fx,pivot,512,main_scan_enc,3,"and 3",1.00,6.1382,6.0305,3,3,2026-10-07T05:23:45+02:00
a64fx,pivot,128,main_gather,3,"gather_byte",100.00,0.072073,0.072073,3,3,2026-10-07T05:38:05+02:00
a64fx,pivot,128,main_gather,3,"gather_short",100.00,0.065754,0.065754,3,3,2026-10-07T05:38:05+02:00
a64fx,pivot,128,main_gather,3,"gather_int",100.00,0.076337,0.076337,3,3,2026-10-07T05:38:05+02:00
a64fx,pivot,128,main_gather,3,"gather_long",100.00,0.073536,0.073536,3,3,2026-10-07T05:38:05+02:00
a64fx,pivot,128,main_gather,3,"gather_char",100.00,0.006481,0.006481,3,3,2026-10-07T05:38:05+02:00
a64fx,pivot,128,main_gather,3,"gather_encoded",100.00,0.055860,0.055860,3,3,2026-10-07T05:38:05+02:00
a64fx,pivot,128,main_gather,3,"copy_encoded",100.00,0.344216,0.344216,3,3,2026-10-07T05:38:05+02:00
a64fx,pivot,256,main_gather,3,"gather_byte",100.00,0.072934,0.072934,3,3,2026-10-07T05:42:49+02:00
a64fx,pivot,256,main_gather,3,"gather_short",100.00,0.062853,0.062853,3,3,2026-10-07T05:42:49+02:00
a64fx,pivot,256,main_gather,3,"gather_int",100.00,0.055320,0.055320,3,3,2026-10-07T05:42:49+02:00
a64fx,pivot,256,main_gather,3,"gather_long",100.00,0.052584,0.052584,3,3,2026-10-07T05:42:49+02:00
a64fx,pivot,256,main_gather,3,"gather_char",100.00,0.008107,0.008107,3,3,2026-10-07T05:42:49+02:00
a64fx,pivot,256,main_gather,3,"gather_encoded",100.00,0.055399,0.055399,3,3,2026-10-07T05:42:49+02:00
a64fx,pivot,256,main_gather,3,"copy_encoded",100.00,1.248629,1.248629,3,3,2026-10-07T05:42:49+02:00
a64fx,pivot,512,main_gather,3,"gather_byte",100.00,0.071415,0.071415,3,3,2026-10-07T05:47:30+02:00
a64fx,pivot,512,main_gather,3,"gather_short",100.00,0.063899,0.063899,3,3,2026-10-07T05:47:30+02:00
a64fx,pivot,512,main_gather,3,"gather_int",100.00,0.053932,0.053932,3,3,2026-10-07T05:47:30+02:00
a64fx,pivot,512,main_gather,3,"gather_long",100.00,0.050578,0.050578,3,3,2026-10-07T05:47:30+02:00
a64fx,pivot,512,main_gather,3,"gather_char",100.00,0.015198,0.015198,3,3,2026-10-07T05:47:30+02:00
a64fx,pivot,512,main_gather,3,"gather_encoded",100.00,0.063611,0.063611,3,3,2026-10-07T05:47:30+02:00
a64fx,pivot,512,main_gather,3,"copy_encoded",100.00,3.261407,3.261407,3,3,2026-10-07T05:47:30+02:00
a64fx,pivot,128,main_hash,3,"jenkins_hash",100.00,0.006540,0.006540,3,3,2026-10-07T05:57:25+02:00
a64fx,pivot,128,main_hash,3,"fnv_hash",100.00,0.008185,0.008185,3,3,2026-10-07T05:57:25+02:00
a64fx,pivot,128,main_hash,3,"murmur_hash",100.00,0.021860,0.021860,3,3,2026-10-07T05:57:25+02:00
a64fx,pivot,256,main_hash,3,"jenkins_hash",100.00,0.005266,0.005266,3,3,2026-10-07T05:58:51+02:00
a64fx,pivot,256,main_hash,3,"fnv_hash",100.00,0.005708,0.005708,3,3,2026-10-07T05:58:51+02:00
a64fx,pivot,256,main_hash,3,"murmur_hash",100.00,0.014091,0.014091,3,3,2026-10-07T05:58:51+02:00
a64fx,pivot,512,main_hash,3,"jenkins_hash",100.00,0.005770,0.005770,3,3,2026-10-07T06:00:21+02:00
a64fx,pivot,512,main_hash,3,"fnv_hash",100.00,0.006390,0.006390,3,3,2026-10-07T06:00:21+02:00
a64fx,pivot,512,main_hash,3,"murmur_hash",100.00,0.017130,0.017130,3,3,2026-10-07T06:00:21+02:00
a64fx,pivot,128,main_select,3,"select_byte",100.00,0.630328,0.630328,3,3,2026-10-07T06:11:34+02:00
a64fx,pivot,128,main_select,3,"select_short",100.00,0.744719,0.744719,3,3,2026-10-07T06:11:34+02:00
a64fx,pivot,128,main_select,3,"select_int",100.00,0.820053,0.820053,3,3,2026-10-07T06:11:34+02:00
a64fx,pivot,128,main_select,3,"select_long",100.00,0.609702,0.609702,3,3,2026-10-07T06:11:34+02:00
a64fx,pivot,128,main_select,3,"select_float",100.00,0.819719,0.819719,3,3,2026-10-07T06:11:34+02:00
a64fx,pivot,128,main_select,3,"select_double",100.00,0.610232,0.610232,3,3,2026-10-07T06:11:34+02:00
a64fx,pivot,128,main_select,3,"select_char",100.00,0.035265,0.035265,3,3,2026-10-07T06:11:34+02:00
a64fx,pivot,128,main_select,3,"select_encoded",100.00,0.177632,0.177632,3,3,2026-10-07T06:11:34+02:00
a64fx,pivot,256,main_select,3,"select_byte",100.00,0.709515,0.709515,3,3,2026-10-07T06:14:07+02:00
a64fx,pivot,256,main_select,3,"select_short",100.00,0.686501,0.686501,3,3,2026-10-07T06:14:07+02:00
a64fx,pivot,256,main_select,3,"select_int",100.00,0.679418,0.679418,3,3,2026-10-07T06:14:07+02:00
a64fx,pivot,256,main_select,3,"select_long",100.00,0.510475,0.510475,3,3,2026-10-07T06:14:07+02:00
a64fx,pivot,256,main_select,3,"select_float",100.00,0.679325,0.679325,3,3,2026-10-07T06:14:07+02:00
a64fx,pivot,256,main_select,3,"select_double",100.00,0.510528,0.510528,3,3,2026-10-07T06:14:07+02:00
a64fx,pivot,256,main_select,3,"select_char",100.00,0.042428,0.042428,3,3,2026-10-07T06:14:07+02:00
a64fx,pivot,256,main_select,3,"select_encoded",100.00,0.438774,0.438774,3,3,2026-10-07T06:14:07+02:00
a64fx,pivot,512,main_select,3,"select_byte",100.00,0.963400,0.963400,3,3,2026-10-07T06:16:05+02:00
a64fx,pivot,512,main_select,3,"select_short",100.00,0.932455,0.932455,3,3,2026-10-07T06:16:05+02:00
a64fx,pivot,512,main_select,3,"select_int",100.00,0.914379,0.914379,3,3,2026-10-07T06:16:05+02:00
a64fx,pivot,512,main_select,3,"select_long",100.00,0.624354,0.624354,3,3,2026-10-07T06:16:05+02:00
a64fx,pivot,512,main_select,3,"select_float",100.00,0.913880,0.913880,3,3,2026-10-07T06:16:05+02:00
a64fx,pivot,512,main_select,3,"select_double",100.00,0.624968,0.624968,3,3,2026-10-07T06:16:05+02:00
a64fx,pivot,512,main_select,3,"select_char",100.00,0.039934,0.039934,3,3,2026-10-07T06:16:05+02:00
a64fx,pivot,512,main_select,3,"select_encoded",100.00,0.638071,0.638071,3,3,2026-10-07T06:16:05+02:00
a64fx,pivot,128,main_filter,3,"filter_byte_eq",100.00,0.026146,0.026146,3,3,2026-10-07T06:26:26+02:00
a64fx,pivot,128,main_filter,3,"filter_byte_lt",100.00,0.026196,0.026196,3,3,2026-10-07T06:26:26+02:00
a64fx,pivot,128,main_filter,3,"filter_byte_gt",100.00,0.026203,0.026203,3,3,2026-10-07T06:26:26+02:00
a64fx,pivot,128,main_filter,3,"filter_byte_ne",100.00,0.025800,0.025800,3,3,2026-10-07T06:26:26+02:00
a64fx,pivot,128,main_filter,3,"filter_byte_le",100.00,0.026185,0.026185,3,3,2026-10-07T06:26:26+02:00
a64fx,pivot,128,main_filter,3,"filter_byte_ge",100.00,0.026198,0.026198,3,3,2026-10-07T06:26:26+02:00
a64fx,pivot,128,main_filter,3,"filter_short_eq",100.00,0.024248,0.024248,3,3,2026-10-07T06:26:26+02:00
a64fx,pivot,128,main_filter,3,"filter_short_lt",100.00,0.024227,0.024227,3,3,2026-10-07T06:26:26+02:00
a64fx,pivot,128,main_filter,3,"filter_short_gt",100.00,0.024229,0.024229,3,3,2026-10-07T06:26:26+02:00
a64fx,pivot,128,main_filter,3,"filter_short_ne",100.00,0.022492,0.022492,3,3,2026-10-07T06:26:26+02:00
a64fx,pivot,128,main_filter,3,"filter_short_le",100.00,0.024235,0.024235,3,3,2026-10-07T06:26:26+02:00
a64fx,pivot,128,main_filter,3,"filter_short_ge",100.00,0.024240,0.024240,3,3,2026-10-07T06:26:26+02:00
a64fx,pivot,128,main_filter,3,"filter_int_eq",100.00,0.020900,0.020900,3,3,2026-10-07T06:26:26+02:00
a64fx,pivot,128,main_filter,3,"filter_int_lt",100.00,0.021007,0.021007,3,3,2026-10-07T06:26:26+02:00
a64fx,pivot,128,main_filter,3,"filter_int_gt",100.00,0.021005,0.021005,3,3,2026-10-07T06:26:26+02:00
a64fx,pivot,128,main_filter,3,"filter_int_ne",100.00,0.022347,0.022347,3,3,2026-10-07T06:26:26+02:00
a64fx,pivot,128,main_filter,3,"filter_int_le",100.00,0.021001,0.021001,3,3,2026-10-07T06:26:26+02:00
a64fx,pivot,128,main_filter,3,"filter_int_ge",100.00,0.021018,0.021018,3,3,2026-10-07T06:26:26+02:00
a64fx,pivot,128,main_filter,3,"filter_long_eq",100.00,0.004282,0.004282,3,3,2026-10-07T06:26:26+02:00
a64fx,pivot,128,main_filter,3,"filter_long_lt",100.00,0.004287,0.004287,3,3,2026-10-07T06:26:26+02:00
a64fx,pivot,128,main_filter,3,"filter_long_gt",100.00,0.004285,0.004285,3,3,2026-10-07T06:26:26+02:00
a64fx,pivot,128,main_filter,3,"filter_long_ne",100.00,0.004329,0.004329,3,3,2026-10-07T06:26:26+02:00
a64fx,pivot,128,main_filter,3,"filter_long_le",100.00,0.004285,0.004285,3,3,2026-10-07T06:26:26+02:00
a64fx,pivot,128,main_filter,3,"filter_long_ge",100.00,0.004285,0.004285,3,3,2026-10-07T06:26:26+02:00
a64fx,pivot,128,main_filter,3,"filter_float_eq",100.00,0.021042,0.021042,3,3,2026-10-07T06:26:26+02:00
a64fx,pivot,128,main_filter,3,"filter_float_lt",100.00,0.021064,0.021064,3,3,2026-10-07T06:26:26+02:00
a64fx,pivot,128,main_filter,3,"filter_float_gt",100.00,0.021049,0.021049,3,3,2026-10-07T06:26:26+02:00
a64fx,pivot,128,main_filter,3,"filter_float_ne",100.00,0.023906,0.023906,3,3,2026-10-07T06:26:26+02:00
a64fx,pivot,128,main_filter,3,"filter_float_le",100.00,0.021050,0.021050,3,3,2026-10-07T06:26:26+02:00
a64fx,pivot,128,main_filter,3,"filter_float_ge",100.00,0.021043,0.021043,3,3,2026-10-07T06:26:26+02:00
a64fx,pivot,128,main_filter,3,"filter_double_eq",100.00,0.004281,0.004281,3,3,2026-10-07T06:26:26+02:00
a64fx,pivot,128,main_filter,3,"filter_double_lt",100.00,0.004285,0.004285,3,3,2026-10-07T06:26:26+02:00
a64fx,pivot,128,main_filter,3,"filter_double_gt",100.00,0.004286,0.004286,3,3,2026-10-07T06:26:26+02:00
a64fx,pivot,128,main_filter,3,"filter_double_ne",100.00,0.004302,0.004302,3,3,2026-10-07T06:26:26+02:00
a64fx,pivot,128,main_filter,3,"filter_double_le",100.00,0.004282,0.004282,3,3,2026-10-07T06:26:26+02:00
a64fx,pivot,128,main_filter,3,"filter_double_ge",100.00,0.004287,0.004287,3,3,2026-10-07T06:26:26+02:00
a64fx,pivot,128,main_filter,3,"filter_char_eq",100.00,0.003308,0.003308,3,3,2026-10-07T06:26:26+02:00
a64fx,pivot,128,main_filter,3,"filter_char_lt",100.00,0.003140,0.003140,3,3,2026-10-07T06:26:26+02:00
a64fx,pivot,128,main_filter,3,"filter_char_gt",100.00,0.003140,0.003140,3,3,2026-10-07T06:26:26+02:00
a64fx,pivot,128,main_filter,3,"filter_char_ne",100.00,0.003323,0.003323,3,3,2026-10-07T06:26:26+02:00
a64fx,pivot,128,main_filter,3,"filter_char_le",100.00,0.003132,0.003132,3,3,2026-10-07T06:26:26+02:00
a64fx,pivot,128,main_filter,3,"filter_char_ge",100.00,0.003146,0.003146,3,3,2026-10-07T06:26:26+02:00
a64fx,pivot,256,main_filter,3,"filter_byte_eq",100.00,0.023856,0.023856,3,3,2026-10-07T06:29:01+02:00
a64fx,pivot,256,main_filter,3,"filter_byte_lt",100.00,0.023993,0.023993,3,3,2026-10-07T06:29:01+02:00
a64fx,pivot,256,main_filter,3,"filter_byte_gt",100.00,0.023986,0.023986,3,3,2026-10-07T06:29:01+02:00
a64fx,pivot,256,main_filter,3,"filter_byte_ne",100.00,0.024602,0.024602,3,3,2026-10-07T06:29:01+02:00
a64fx,pivot,256,main_filter,3,"filter_byte_le",100.00,0.023992,0.023992,3,3,2026-10-07T06:29:01+02:00
a64fx,pivot,256,main_filter,3,"filter_byte_ge",100.00,0.023998,0.023998,3,3,2026-10-07T06:29:01+02:00
a64fx,pivot,256,main_filter,3,"filter_short_eq",100.00,0.023482,0.023482,3,3,2026-10-07T06:29:01+02:00
a64fx,pivot,256,main_filter,3,"filter_short_lt",100.00,0.023361,0.023361,3,3,2026-10-07T06:29:01+02:00
a64fx,pivot,256,main_filter,3,"filter_short_gt",100.00,0.023364,0.023364,3,3,2026-10-07T06:29:01+02:00
a64fx,pivot,256,main_filter,3,"filter_short_ne",100.00,0.024050,0.024050,3,3,2026-10-07T06:29:01+02:00
a64fx,pivot,256,main_filter,3,"filter_short_le",100.00,0.023355,0.023355,3,3,2026-10-07T06:29:01+02:00
a64fx,pivot,256,main_filter,3,"filter_short_ge",100.00,0.023352,0.023352,3,3,2026-10-07T06:29:01+02:00
a64fx,pivot,256,main_filter,3,"filter_int_eq",100.00,0.022455,0.022455,3,3,2026-10-07T06:29:01+02:00
a64fx,pivot,256,main_filter,3,"filter_int_lt",100.00,0.022175,0.022175,3,3,2026-10-07T06:29:01+02:00
a64fx,pivot,256,main_filter,3,"filter_int_gt",100.00,0.022175,0.022175,3,3,2026-10-07T06:29:01+02:00
a64fx,pivot,256,main_filter,3,"filter_int_ne",100.00,0.023372,0.023372,3,3,2026-10-07T06:29:01+02:00
a64fx,pivot,256,main_filter,3,"filter_int_le",100.00,0.022178,0.022178,3,3,2026-10-07T06:29:01+02:00
a64fx,pivot,256,main_filter,3,"filter_int_ge",100.00,0.022157,0.022157,3,3,2026-10-07T06:29:01+02:00
a64fx,pivot,256,main_filter,3,"filter_long_eq",100.00,0.004203,0.004203,3,3,2026-10-07T06:29:01+02:00
a64fx,pivot,256,main_filter,3,"filter_long_lt",100.00,0.004213,0.004213,3,3,2026-10-07T06:29:01+02:00
a64fx,pivot,256,main_filter,3,"filter_long_gt",100.00,0.004210,0.004210,3,3,2026-10-07T06:29:01+02:00
a64fx,pivot,256,main_filter,3,"filter_long_ne",100.00,0.004230,0.004230,3,3,2026-10-07T06:29:01+02:00
a64fx,pivot,256,main_filter,3,"filter_long_le",100.00,0.004211,0.004211,3,3,2026-10-07T06:29:01+02:00
a64fx,pivot,256,main_filter,3,"filter_long_ge",100.00,0.004192,0.004192,3,3,2026-10-07T06:29:01+02:00
a64fx,pivot,256,main_filter,3,"filter_float_eq",100.00,0.022327,0.022327,3,3,2026-10-07T06:29:01+02:00
a64fx,pivot,256,main_filter,3,"filter_float_lt",100.00,0.022139,0.022139,3,3,2026-10-07T06:29:01+02:00
a64fx,pivot,256,main_filter,3,"filter_float_gt",100.00,0.022125,0.022125,3,3,2026-10-07T06:29:01+02:00
a64fx,pivot,256,main_filter,3,"filter_float_ne",100.00,0.023200,0.023200,3,3,2026-10-07T06:29:01+02:00
a64fx,pivot,256,main_filter,3,"filter_float_le",100.00,0.022118,0.022118,3,3,2026-10-07T06:29:01+02:00
a64fx,pivot,256,main_filter,3,"filter_float_ge",100.00,0.022116,0.022116,3,3,2026-10-07T06:29:01+02:00
a64fx,pivot,256,main_filter,3,"filter_double_eq",100.00,0.004155,0.004155,3,3,2026-10-07T06:29:01+02:00
a64fx,pivot,256,main_filter,3,"filter_double_lt",100.00,0.004154,0.004154,3,3,2026-10-07T06:29:01+02:00
a64fx,pivot,256,main_filter,3,"filter_double_gt",100.00,0.004157,0.004157,3,3,2026-10-07T06:29:01+02:00
a64fx,pivot,256,main_filter,3,"filter_double_ne",100.00,0.004200,0.004200,3,3,2026-10-07T06:29:01+02:00
a64fx,pivot,256,main_filter,3,"filter_double_le",100.00,0.004157,0.004157,3,3,2026-10-07T06:29:01+02:00
a64fx,pivot,256,main_filter,3,"filter_double_ge",100.00,0.004163,0.004163,3,3,2026-10-07T06:29:01+02:00
a64fx,pivot,256,main_filter,3,"filter_char_eq",100.00,0.003292,0.003292,3,3,2026-10-07T06:29:01+02:00
a64fx,pivot,256,main_filter,3,"filter_char_lt",100.00,0.002872,0.002872,3,3,2026-10-07T06:29:01+02:00
a64fx,pivot,256,main_filter,3,"filter_char_gt",100.00,0.002930,0.002930,3,3,2026-10-07T06:29:01+02:00
a64fx,pivot,256,main_filter,3,"filter_char_ne",100.00,0.003276,0.003276,3,3,2026-10-07T06:29:01+02:00
a64fx,pivot,256,main_filter,3,"filter_char_le",100.00,0.002924,0.002924,3,3,2026-10-07T06:29:01+02:00
a64fx,pivot,256,main_filter,3,"filter_char_ge",100.00,0.002912,0.002912,3,3,2026-10-07T06:29:01+02:00
a64fx,pivot,512,main_filter,3,"filter_byte_eq",100.00,0.026373,0.026373,3,3,2026-10-07T06:31:40+02:00
a64fx,pivot,512,main_filter,3,"filter_byte_lt",100.00,0.027878,0.027878,3,3,2026-10-07T06:31:40+02:00
a64fx,pivot,512,main_filter,3,"filter_byte_gt",100.00,0.027864,0.027864,3,3,2026-10-07T06:31:40+02:00
a64fx,pivot,512,main_filter,3,"filter_byte_ne",100.00,0.028398,0.028398,3,3,2026-10-07T06:31:40+02:00
a64fx,pivot,512,main_filter,3,"filter_byte_le",100.00,0.027877,0.027877,3,3,2026-10-07T06:31:40+02:00
a64fx,pivot,512,main_filter,3,"filter_byte_ge",100.00,0.027883,0.027883,3,3,2026-10-07T06:31:40+02:00
a64fx,pivot,512,main_filter,3,"filter_short_eq",100.00,0.023566,0.023566,3,3,2026-10-07T06:31:40+02:00
a64fx,pivot,512,main_filter,3,"filter_short_lt",100.00,0.025989,0.025989,3,3,2026-10-07T06:31:40+02:00
a64fx,pivot,512,main_filter,3,"filter_short_gt",100.00,0.025992,0.025992,3,3,2026-10-07T06:31:40+02:00
a64fx,pivot,512,main_filter,3,"filter_short_ne",100.00,0.026785,0.026785,3,3,2026-10-07T06:31:40+02:00
a64fx,pivot,512,main_filter,3,"filter_short_le",100.00,0.026022,0.026022,3,3,2026-10-07T06:31:40+02:00
a64fx,pivot,512,main_filter,3,"filter_short_ge",100.00,0.025999,0.025999,3,3,2026-10-07T06:31:40+02:00
a64fx,pivot,512,main_filter,3,"filter_int_eq",100.00,0.023044,0.023044,3,3,2026-10-07T06:31:40+02:00
a64fx,pivot,512,main_filter,3,"filter_int_lt",100.00,0.023943,0.023943,3,3,2026-10-07T06:31:40+02:00
a64fx,pivot,512,main_filter,3,"filter_int_gt",100.00,0.023941,0.023941,3,3,2026-10-07T06:31:40+02:00
a64fx,pivot,512,main_filter,3,"filter_int_ne",100.00,0.025060,0.025060,3,3,2026-10-07T06:31:40+02:00
a64fx,pivot,512,main_filter,3,"filter_int_le",100.00,0.023938,0.023938,3,3,2026-10-07T06:31:40+02:00
a64fx,pivot,512,main_filter,3,"filter_int_ge",100.00,0.023988,0.023988,3,3,2026-10-07T06:31:40+02:00
a64fx,pivot,512,main_filter,3,"filter_long_eq",100.00,0.004201,0.004201,3,3,2026-10-07T06:31:40+02:00
a64fx,pivot,512,main_filter,3,"filter_long_lt",100.00,0.004188,0.004188,3,3,2026-10-07T06:31:40+02:00
a64fx,pivot,512,main_filter,3,"filter_long_gt",100.00,0.004188,0.004188,3,3,2026-10-07T06:31:40+02:00
a64fx,pivot,512,main_filter,3,"filter_long_ne",100.00,0.004193,0.004193,3,3,2026-10-07T06:31:40+02:00
a64fx,pivot,512,main_filter,3,"filter_long_le",100.00,0.004189,0.004189,3,3,2026-10-07T06:31:40+02:00
a64fx,pivot,512,main_filter,3,"filter_long_ge",100.00,0.004189,0.004189,3,3,2026-10-07T06:31:40+02:00
a64fx,pivot,512,main_filter,3,"filter_float_eq",100.00,0.023158,0.023158,3,3,2026-10-07T06:31:40+02:00
a64fx,pivot,512,main_filter,3,"filter_float_lt",100.00,0.024380,0.024380,3,3,2026-10-07T06:31:40+02:00
a64fx,pivot,512,main_filter,3,"filter_float_gt",100.00,0.024381,0.024381,3,3,2026-10-07T06:31:40+02:00
a64fx,pivot,512,main_filter,3,"filter_float_ne",100.00,0.025674,0.025674,3,3,2026-10-07T06:31:40+02:00
a64fx,pivot,512,main_filter,3,"filter_float_le",100.00,0.024408,0.024408,3,3,2026-10-07T06:31:40+02:00
a64fx,pivot,512,main_filter,3,"filter_float_ge",100.00,0.024419,0.024419,3,3,2026-10-07T06:31:40+02:00
a64fx,pivot,512,main_filter,3,"filter_double_eq",100.00,0.004232,0.004232,3,3,2026-10-07T06:31:40+02:00
a64fx,pivot,512,main_filter,3,"filter_double_lt",100.00,0.004230,0.004230,3,3,2026-10-07T06:31:40+02:00
a64fx,pivot,512,main_filter,3,"filter_double_gt",100.00,0.004217,0.004217,3,3,2026-10-07T06:31:40+02:00
a64fx,pivot,512,main_filter,3,"filter_double_ne",100.00,0.004214,0.004214,3,3,2026-10-07T06:31:40+02:00
a64fx,pivot,512,main_filter,3,"filter_double_le",100.00,0.004229,0.004229,3,3,2026-10-07T06:31:40+02:00
a64fx,pivot,512,main_filter,3,"filter_double_ge",100.00,0.004231,0.004231,3,3,2026-10-07T06:31:40+02:00
a64fx,pivot,512,main_filter,3,"filter_char_eq",100.00,0.003296,0.003296,3,3,2026-10-07T06:31:40+02:00
a64fx,pivot,512,main_filter,3,"filter_char_lt",100.00,0.003119,0.003119,3,3,2026-10-07T06:31:40+02:00
a64fx,pivot,512,main_filter,3,"filter_char_gt",100.00,0.003115,0.003115,3,3,2026-10-07T06:31:40+02:00
a64fx,pivot,512,main_filter,3,"filter_char_ne",100.00,0.003303,0.003303,3,3,2026-10-07T06:31:40+02:00
a64fx,pivot,512,main_filter,3,"filter_char_le",100.00,0.003117,0.003117,3,3,2026-10-07T06:31:40+02:00
a64fx,pivot,512,main_filter,3,"filter_char_ge",100.00,0.003117,0.003117,3,3,2026-10-07T06:31:40+02:00
a64fx,pivot,128,main_shuffle,3,"shuffle_offset",100.00,0.039210,0.039210,3,3,2026-10-07T06:58:20+02:00
a64fx,pivot,128,main_shuffle,3,"shuffle_byte",100.00,0.209488,0.209488,3,3,2026-10-07T06:58:20+02:00
a64fx,pivot,128,main_shuffle,3,"flush_byte",100.00,657.507172,657.507172,3,3,2026-10-07T06:58:20+02:00
a64fx,pivot,128,main_shuffle,3,"shuffle_short",100.00,0.142047,0.142047,3,3,2026-10-07T06:58:20+02:00
a64fx,pivot,128,main_shuffle,3,"flush_short",100.00,658.963708,658.963708,3,3,2026-10-07T06:58:20+02:00
a64fx,pivot,128,main_shuffle,3,"shuffle_int",100.00,0.112909,0.112909,3,3,2026-10-07T06:58:20+02:00
a64fx,pivot,128,main_shuffle,3,"flush_int",100.00,734.039902,734.039902,3,3,2026-10-07T06:58:20+02:00
a64fx,pivot,128,main_shuffle,3,"shuffle_long",100.00,0.085227,0.085227,3,3,2026-10-07T06:58:20+02:00
a64fx,pivot,128,main_shuffle,3,"flush_long",100.00,837.855374,837.855374,3,3,2026-10-07T06:58:20+02:00
a64fx,pivot,128,main_shuffle,3,"shuffle_char",100.00,0.011846,0.011846,3,3,2026-10-07T06:58:20+02:00
a64fx,pivot,128,main_shuffle,3,"flush_char",100.00,628.396462,628.396462,3,3,2026-10-07T06:58:20+02:00
a64fx,pivot,256,main_shuffle,3,"shuffle_offset",100.00,0.053237,0.053237,3,3,2026-10-07T07:06:02+02:00
a64fx,pivot,256,main_shuffle,3,"shuffle_byte",100.00,0.181468,0.181468,3,3,2026-10-07T07:06:02+02:00
a64fx,pivot,256,main_shuffle,3,"flush_byte",100.00,611.227467,611.227467,3,3,2026-10-07T07:06:02+02:00
a64fx,pivot,256,main_shuffle,3,"shuffle_short",100.00,0.144739,0.144739,3,3,2026-10-07T07:06:02+02:00
a64fx,pivot,256,main_shuffle,3,"flush_short",100.00,679.349530,679.349530,3,3,2026-10-07T07:06:02+02:00
a64fx,pivot,256,main_shuffle,3,"shuffle_int",100.00,0.133301,0.133301,3,3,2026-10-07T07:06:02+02:00
a64fx,pivot,256,main_shuffle,3,"flush_int",100.00,750.040951,750.040951,3,3,2026-10-07T07:06:02+02:00
a64fx,pivot,256,main_shuffle,3,"shuffle_long",100.00,0.087718,0.087718,3,3,2026-10-07T07:06:02+02:00
a64fx,pivot,256,main_shuffle,3,"flush_long",100.00,820.963789,820.963789,3,3,2026-10-07T07:06:02+02:00
a64fx,pivot,256,main_shuffle,3,"shuffle_char",100.00,0.014033,0.014033,3,3,2026-10-07T07:06:02+02:00
a64fx,pivot,256,main_shuffle,3,"flush_char",100.00,599.705214,599.705214,3,3,2026-10-07T07:06:02+02:00
a64fx,pivot,512,main_shuffle,3,"shuffle_offset",100.00,0.091474,0.091474,3,3,2026-10-07T07:13:36+02:00
a64fx,pivot,512,main_shuffle,3,"shuffle_byte",100.00,0.182256,0.182256,3,3,2026-10-07T07:13:36+02:00
a64fx,pivot,512,main_shuffle,3,"flush_byte",100.00,568.780885,568.780885,3,3,2026-10-07T07:13:36+02:00
a64fx,pivot,512,main_shuffle,3,"shuffle_short",100.00,0.154450,0.154450,3,3,2026-10-07T07:13:36+02:00
a64fx,pivot,512,main_shuffle,3,"flush_short",100.00,633.006942,633.006942,3,3,2026-10-07T07:13:36+02:00
a64fx,pivot,512,main_shuffle,3,"shuffle_int",100.00,0.132513,0.132513,3,3,2026-10-07T07:13:36+02:00
a64fx,pivot,512,main_shuffle,3,"flush_int",100.00,710.778512,710.778512,3,3,2026-10-07T07:13:36+02:00
a64fx,pivot,512,main_shuffle,3,"shuffle_long",100.00,0.098569,0.098569,3,3,2026-10-07T07:13:36+02:00
a64fx,pivot,512,main_shuffle,3,"flush_long",100.00,729.063793,729.063793,3,3,2026-10-07T07:13:36+02:00
a64fx,pivot,512,main_shuffle,3,"shuffle_char",100.00,0.017590,0.017590,3,3,2026-10-07T07:13:36+02:00
a64fx,pivot,512,main_shuffle,3,"flush_char",100.00,566.028563,566.028563,3,3,2026-10-07T07:13:36+02:00
a64fx,pivot,128,main_expr,3,"expr_float/+",100.00,2.467675,2.467675,3,3,2026-10-07T07:21:41+02:00
a64fx,pivot,128,main_expr,3,"expr_float/-",100.00,2.570592,2.570592,3,3,2026-10-07T07:21:41+02:00
a64fx,pivot,128,main_expr,3,"expr_float/*",100.00,2.234819,2.234819,3,3,2026-10-07T07:21:41+02:00
a64fx,pivot,128,main_expr,3,"expr_float//",100.00,0.245225,0.245225,3,3,2026-10-07T07:21:41+02:00
a64fx,pivot,128,main_expr,3,"expr_double/+",100.00,1.241353,1.241353,3,3,2026-10-07T07:21:41+02:00
a64fx,pivot,128,main_expr,3,"expr_double/-",100.00,1.289570,1.289570,3,3,2026-10-07T07:21:41+02:00
a64fx,pivot,128,main_expr,3,"expr_double/*",100.00,1.116667,1.116667,3,3,2026-10-07T07:21:41+02:00
a64fx,pivot,128,main_expr,3,"expr_double//",100.00,0.083292,0.083292,3,3,2026-10-07T07:21:41+02:00
a64fx,pivot,128,main_expr,3,"expr_decimal/+",100.00,0.639650,0.639650,3,3,2026-10-07T07:21:41+02:00
a64fx,pivot,128,main_expr,3,"expr_decimal/-",100.00,0.656974,0.656974,3,3,2026-10-07T07:21:41+02:00
a64fx,pivot,128,main_expr,3,"expr_decimal/*",100.00,0.426169,0.426169,3,3,2026-10-07T07:21:41+02:00
a64fx,pivot,128,main_expr,3,"expr_decimal//",100.00,0.080255,0.080255,3,3,2026-10-07T07:21:41+02:00
a64fx,pivot,256,main_expr,3,"expr_float/+",100.00,4.121227,4.121227,3,3,2026-10-07T07:21:52+02:00
a64fx,pivot,256,main_expr,3,"expr_float/-",100.00,4.430442,4.430442,3,3,2026-10-07T07:21:52+02:00
a64fx,pivot,256,main_expr,3,"expr_float/*",100.00,4.419347,4.419347,3,3,2026-10-07T07:21:52+02:00
a64fx,pivot,256,main_expr,3,"expr_float//",100.00,0.271059,0.271059,3,3,2026-10-07T07:21:52+02:00
a64fx,pivot,256,main_expr,3,"expr_double/+",100.00,2.080882,2.080882,3,3,2026-10-07T07:21:52+02:00
a64fx,pivot,256,main_expr,3,"expr_double/-",100.00,2.238115,2.238115,3,3,2026-10-07T07:21:52+02:00
a64fx,pivot,256,main_expr,3,"expr_double/*",100.00,2.229919,2.229919,3,3,2026-10-07T07:21:52+02:00
a64fx,pivot,256,main_expr,3,"expr_double//",100.00,0.088688,0.088688,3,3,2026-10-07T07:21:52+02:00
a64fx,pivot,256,main_expr,3,"expr_decimal/+",100.00,0.788333,0.788333,3,3,2026-10-07T07:21:52+02:00
a64fx,pivot,256,main_expr,3,"expr_decimal/-",100.00,0.807194,0.807194,3,3,2026-10-07T07:21:52+02:00
a64fx,pivot,256,main_expr,3,"expr_decimal/*",100.00,0.483129,0.483129,3,3,2026-10-07T07:21:52+02:00
a64fx,pivot,256,main_expr,3,"expr_decimal//",100.00,0.089482,0.089482,3,3,2026-10-07T07:21:52+02:00
a64fx,pivot,512,main_expr,3,"expr_float/+",100.00,4.620620,4.620620,3,3,2026-10-07T07:22:02+02:00
a64fx,pivot,512,main_expr,3,"expr_float/-",100.00,5.018669,5.018669,3,3,2026-10-07T07:22:02+02:00
a64fx,pivot,512,main_expr,3,"expr_float/*",100.00,5.020335,5.020335,3,3,2026-10-07T07:22:02+02:00
a64fx,pivot,512,main_expr,3,"expr_float//",100.00,0.290218,0.290218,3,3,2026-10-07T07:22:02+02:00
a64fx,pivot,512,main_expr,3,"expr_double/+",100.00,1.639049,1.639049,3,3,2026-10-07T07:22:02+02:00
a64fx,pivot,512,main_expr,3,"expr_double/-",100.00,1.724893,1.724893,3,3,2026-10-07T07:22:02+02:00
a64fx,pivot,512,main_expr,3,"expr_double/*",100.00,1.728373,1.728373,3,3,2026-10-07T07:22:02+02:00
a64fx,pivot,512,main_expr,3,"expr_double//",100.00,0.092676,0.092676,3,3,2026-10-07T07:22:02+02:00
a64fx,pivot,512,main_expr,3,"expr_decimal/+",100.00,1.242349,1.242349,3,3,2026-10-07T07:22:02+02:00
a64fx,pivot,512,main_expr,3,"expr_decimal/-",100.00,1.300357,1.300357,3,3,2026-10-07T07:22:02+02:00
a64fx,pivot,512,main_expr,3,"expr_decimal/*",100.00,0.746542,0.746542,3,3,2026-10-07T07:22:02+02:00
a64fx,pivot,512,main_expr,3,"expr_decimal//",100.00,0.093122,0.093122,3,3,2026-10-07T07:22:02+02:00
a64fx,pivot-no-nto1,128,main_expr,3,"expr_float/+",100.00,2.474163,2.474163,3,3,2026-10-07T07:22:13+02:00
a64fx,pivot-no-nto1,128,main_expr,3,"expr_float/-",100.00,2.577213,2.577213,3,3,2026-10-07T07:22:13+02:00
a64fx,pivot-no-nto1,128,main_expr,3,"expr_float/*",100.00,2.241874,2.241874,3,3,2026-10-07T07:22:13+02:00
a64fx,pivot-no-nto1,128,main_expr,3,"expr_float//",100.00,0.245283,0.245283,3,3,2026-10-07T07:22:13+02:00
a64fx,pivot-no-nto1,128,main_expr,3,"expr_double/+",100.00,1.239408,1.239408,3,3,2026-10-07T07:22:13+02:00
a64fx,pivot-no-nto1,128,main_expr,3,"expr_double/-",100.00,1.291469,1.291469,3,3,2026-10-07T07:22:13+02:00
a64fx,pivot-no-nto1,128,main_expr,3,"expr_double/*",100.00,1.118171,1.118171,3,3,2026-10-07T07:22:13+02:00
a64fx,pivot-no-nto1,128,main_expr,3,"expr_double//",100.00,0.083270,0.083270,3,3,2026-10-07T07:22:13+02:00
a64fx,pivot-no-nto1,128,main_expr,3,"expr_decimal/+",100.00,0.639480,0.639480,3,3,2026-10-07T07:22:13+02:00
a64fx,pivot-no-nto1,128,main_expr,3,"expr_decimal/-",100.00,0.656907,0.656907,3,3,2026-10-07T07:22:13+02:00
a64fx,pivot-no-nto1,128,main_expr,3,"expr_decimal/*",100.00,0.085123,0.085123,3,3,2026-10-07T07:22:13+02:00
a64fx,pivot-no-nto1,128,main_expr,3,"expr_decimal//",100.00,0.045996,0.045996,3,3,2026-10-07T07:22:13+02:00
a64fx,pivot-no-nto1,256,main_expr,3,"expr_float/+",100.00,4.122683,4.122683,3,3,2026-10-07T07:22:25+02:00
a64fx,pivot-no-nto1,256,main_expr,3,"expr_float/-",100.00,4.436624,4.436624,3,3,2026-10-07T07:22:25+02:00
a64fx,pivot-no-nto1,256,main_expr,3,"expr_float/*",100.00,4.420619,4.420619,3,3,2026-10-07T07:22:25+02:00
a64fx,pivot-no-nto1,256,main_expr,3,"expr_float//",100.00,0.271115,0.271115,3,3,2026-10-07T07:22:25+02:00
a64fx,pivot-no-nto1,256,main_expr,3,"expr_double/+",100.00,2.088752,2.088752,3,3,2026-10-07T07:22:25+02:00
a64fx,pivot-no-nto1,256,main_expr,3,"expr_double/-",100.00,2.239042,2.239042,3,3,2026-10-07T07:22:25+02:00
a64fx,pivot-no-nto1,256,main_expr,3,"expr_double/*",100.00,2.241825,2.241825,3,3,2026-10-07T07:22:25+02:00
a64fx,pivot-no-nto1,256,main_expr,3,"expr_double//",100.00,0.088699,0.088699,3,3,2026-10-07T07:22:25+02:00
a64fx,pivot-no-nto1,256,main_expr,3,"expr_decimal/+",100.00,0.788187,0.788187,3,3,2026-10-07T07:22:25+02:00
a64fx,pivot-no-nto1,256,main_expr,3,"expr_decimal/-",100.00,0.806495,0.806495,3,3,2026-10-07T07:22:25+02:00
a64fx,pivot-no-nto1,256,main_expr,3,"expr_decimal/*",100.00,0.189912,0.189912,3,3,2026-10-07T07:22:25+02:00
a64fx,pivot-no-nto1,256,main_expr,3,"expr_decimal//",100.00,0.070790,0.070790,3,3,2026-10-07T07:22:25+02:00
a64fx,pivot-no-nto1,512,main_expr,3,"expr_float/+",100.00,4.636246,4.636246,3,3,2026-10-07T07:22:36+02:00
a64fx,pivot-no-nto1,512,main_expr,3,"expr_float/-",100.00,5.037562,5.037562,3,3,2026-10-07T07:22:36+02:00
a64fx,pivot-no-nto1,512,main_expr,3,"expr_float/*",100.00,5.025255,5.025255,3,3,2026-10-07T07:22:36+02:00
a64fx,pivot-no-nto1,512,main_expr,3,"expr_float//",100.00,0.290152,0.290152,3,3,2026-10-07T07:22:36+02:00
a64fx,pivot-no-nto1,512,main_expr,3,"expr_double/+",100.00,1.631913,1.631913,3,3,2026-10-07T07:22:36+02:00
a64fx,pivot-no-nto1,512,main_expr,3,"expr_double/-",100.00,1.729937,1.729937,3,3,2026-10-07T07:22:36+02:00
a64fx,pivot-no-nto1,512,main_expr,3,"expr_double/*",100.00,1.724228,1.724228,3,3,2026-10-07T07:22:36+02:00
a64fx,pivot-no-nto1,512,main_expr,3,"expr_double//",100.00,0.092682,0.092682,3,3,2026-10-07T07:22:36+02:00
a64fx,pivot-no-nto1,512,main_expr,3,"expr_decimal/+",100.00,1.242876,1.242876,3,3,2026-10-07T07:22:36+02:00
a64fx,pivot-no-nto1,512,main_expr,3,"expr_decimal/-",100.00,1.300653,1.300653,3,3,2026-10-07T07:22:36+02:00
a64fx,pivot-no-nto1,512,main_expr,3,"expr_decimal/*",100.00,0.195631,0.195631,3,3,2026-10-07T07:22:36+02:00
a64fx,pivot-no-nto1,512,main_expr,3,"expr_decimal//",100.00,0.086789,0.086789,3,3,2026-10-07T07:22:36+02:00
a64fx,pivot,128,main_part,3,"int * 1 | 2^4",,1.1578,1.1578,3,3,2026-10-07T07:23:11+02:00
a64fx,pivot,128,main_part,3,"int * 1 | 2^4",,1.1597,1.1597,3,3,2026-10-07T07:23:11+02:00
a64fx,pivot,128,main_part,3,"int * 1 | 2^4",,1.1430,1.1430,3,3,2026-10-07T07:23:11+02:00
a64fx,pivot,128,main_part,3,"int * 1 | 2^4",,1.1571,1.1571,3,3,2026-10-07T07:23:11+02:00
a64fx,pivot,128,main_part,3,"int * 1 | 2^4",,1.1605,1.1605,3,3,2026-10-07T07:23:11+02:00
a64fx,pivot,128,main_part,3,"int * 1 | 2^5",,1.1239,1.1239,3,3,2026-10-07T07:23:11+02:00
a64fx,pivot,128,main_part,3,"int * 1 | 2^5",,1.1273,1.1273,3,3,2026-10-07T07:23:11+02:00
a64fx,pivot,128,main_part,3,"int * 1 | 2^5",,1.1277,1.1277,3,3,2026-10-07T07:23:11+02:00
a64fx,pivot,128,main_part,3,"int * 1 | 2^5",,1.1124,1.1124,3,3,2026-10-07T07:23:11+02:00
a64fx,pivot,128,main_part,3,"int * 1 | 2^5",,1.1275,1.1275,3,3,2026-10-07T07:23:11+02:00
a64fx,pivot,128,main_part,3,"int * 1 | 2^6",,1.1037,1.1037,3,3,2026-10-07T07:23:11+02:00
a64fx,pivot,128,main_part,3,"int * 1 | 2^6",,1.1232,1.1232,3,3,2026-10-07T07:23:11+02:00
a64fx,pivot,128,main_part,3,"int * 1 | 2^6",,1.1227,1.1227,3,3,2026-10-07T07:23:11+02:00
a64fx,pivot,128,main_part,3,"int * 1 | 2^6",,1.1226,1.1226,3,3,2026-10-07T07:23:11+02:00
a64fx,pivot,128,main_part,3,"int * 1 | 2^6",,1.1106,1.1106,3,3,2026-10-07T07:23:11+02:00
a64fx,pivot,128,main_part,3,"int * 1 | 2^7",,1.1208,1.1208,3,3,2026-10-07T07:23:11+02:00
a64fx,pivot,128,main_part,3,"int * 1 | 2^7",,1.1254,1.1254,3,3,2026-10-07T07:23:11+02:00
a64fx,pivot,128,main_part,3,"int * 1 | 2^7",,1.1259,1.1259,3,3,2026-10-07T07:23:11+02:00
a64fx,pivot,128,main_part,3,"int * 1 | 2^7",,1.1238,1.1238,3,3,2026-10-07T07:23:11+02:00
a64fx,pivot,128,main_part,3,"int * 1 | 2^7",,1.1109,1.1109,3,3,2026-10-07T07:23:11+02:00
a64fx,pivot,128,main_part,3,"int * 1 | 2^8",,1.1243,1.1243,3,3,2026-10-07T07:23:11+02:00
a64fx,pivot,128,main_part,3,"int * 1 | 2^8",,1.1241,1.1241,3,3,2026-10-07T07:23:11+02:00
a64fx,pivot,128,main_part,3,"int * 1 | 2^8",,1.1236,1.1236,3,3,2026-10-07T07:23:11+02:00
a64fx,pivot,128,main_part,3,"int * 1 | 2^8",,1.1122,1.1122,3,3,2026-10-07T07:23:11+02:00
a64fx,pivot,128,main_part,3,"int * 1 | 2^8",,1.1244,1.1244,3,3,2026-10-07T07:23:11+02:00
a64fx,pivot,128,main_part,3,"int * 2 | 2^4",,0.9689,0.9689,3,3,2026-10-07T07:23:11+02:00
a64fx,pivot,128,main_part,3,"int * 2 | 2^4",,0.9575,0.9575,3,3,2026-10-07T07:23:11+02:00
a64fx,pivot,128,main_part,3,"int * 2 | 2^4",,0.9686,0.9686,3,3,2026-10-07T07:23:11+02:00
a64fx,pivot,128,main_part,3,"int * 2 | 2^4",,0.9645,0.9645,3,3,2026-10-07T07:23:11+02:00
a64fx,pivot,128,main_part,3,"int * 2 | 2^4",,0.9611,0.9611,3,3,2026-10-07T07:23:11+02:00
a64fx,pivot,128,main_part,3,"int * 2 | 2^5",,0.8669,0.8669,3,3,2026-10-07T07:23:11+02:00
a64fx,pivot,128,main_part,3,"int * 2 | 2^5",,0.9407,0.9407,3,3,2026-10-07T07:23:11+02:00
a64fx,pivot,128,main_part,3,"int * 2 | 2^5",,0.9412,0.9412,3,3,2026-10-07T07:23:11+02:00
a64fx,pivot,128,main_part,3,"int * 2 | 2^5",,0.9413,0.9413,3,3,2026-10-07T07:23:11+02:00
a64fx,pivot,128,main_part,3,"int * 2 | 2^5",,0.9383,0.9383,3,3,2026-10-07T07:23:11+02:00
a64fx,pivot,128,main_part,3,"int * 2 | 2^6",,0.9341,0.9341,3,3,2026-10-07T07:23:11+02:00
a64fx,pivot,128,main_part,3,"int * 2 | 2^6",,0.9336,0.9336,3,3,2026-10-07T07:23:11+02:00
a64fx,pivot,128,main_part,3,"int * 2 | 2^6",,0.9250,0.9250,3,3,2026-10-07T07:23:11+02:00
a64fx,pivot,128,main_part,3,"int * 2 | 2^6",,0.9334,0.9334,3,3,2026-10-07T07:23:11+02:00
a64fx,pivot,128,main_part,3,"int * 2 | 2^6",,0.9259,0.9259,3,3,2026-10-07T07:23:11+02:00
a64fx,pivot,128,main_part,3,"int * 2 | 2^7",,0.9333,0.9333,3,3,2026-10-07T07:23:11+02:00
a64fx,pivot,128,main_part,3,"int * 2 | 2^7",,0.9329,0.9329,3,3,2026-10-07T07:23:11+02:00
a64fx,pivot,128,main_part,3,"int * 2 | 2^7",,0.9244,0.9244,3,3,2026-10-07T07:23:11+02:00
a64fx,pivot,128,main_part,3,"int * 2 | 2^7",,0.9329,0.9329,3,3,2026-10-07T07:23:11+02:00
a64fx,pivot,128,main_part,3,"int * 2 | 2^7",,0.9325,0.9325,3,3,2026-10-07T07:23:11+02:00
a64fx,pivot,128,main_part,3,"int * 2 | 2^8",,0.9278,0.9278,3,3,2026-10-07T07:23:11+02:00
a64fx,pivot,128,main_part,3,"int * 2 | 2^8",,0.9287,0.9287,3,3,2026-10-07T07:23:11+02:00
a64fx,pivot,128,main_part,3,"int * 2 | 2^8",,0.9231,0.9231,3,3,2026-10-07T07:23:11+02:00
a64fx,pivot,128,main_part,3,"int * 2 | 2^8",,0.9299,0.9299,3,3,2026-10-07T07:23:11+02:00
a64fx,pivot,128,main_part,3,"int * 2 | 2^8",,0.9289,0.9289,3,3,2026-10-07T07:23:11+02:00
a64fx,pivot,128,main_part,3,"int * 3 | 2^4",,0.8358,0.8358,3,3,2026-10-07T07:23:11+02:00
a64fx,pivot,128,main_part,3,"int * 3 | 2^4",,0.8348,0.8348,3,3,2026-10-07T07:23:11+02:00
a64fx,pivot,128,main_part,3,"int * 3 | 2^4",,0.8281,0.8281,3,3,2026-10-07T07:23:11+02:00
a64fx,pivot,128,main_part,3,"int * 3 | 2^4",,0.8370,0.8370,3,3,2026-10-07T07:23:11+02:00
a64fx,pivot,128,main_part,3,"int * 3 | 2^4",,0.8370,0.8370,3,3,2026-10-07T07:23:11+02:00
a64fx,pivot,128,main_part,3,"int * 3 | 2^5",,0.8045,0.8045,3,3,2026-10-07T07:23:11+02:00
a64fx,pivot,128,main_part,3,"int * 3 | 2^5",,0.8016,0.8016,3,3,2026-10-07T07:23:11+02:00
a64fx,pivot,128,main_part,3,"int * 3 | 2^5",,0.7989,0.7989,3,3,2026-10-07T07:23:11+02:00
a64fx,pivot,128,main_part,3,"int * 3 | 2^5",,0.8049,0.8049,3,3,2026-10-07T07:23:11+02:00
a64fx,pivot,128,main_part,3,"int * 3 | 2^5",,0.8067,0.8067,3,3,2026-10-07T07:23:11+02:00
a64fx,pivot,128,main_part,3,"int * 3 | 2^6",,0.7974,0.7974,3,3,2026-10-07T07:23:11+02:00
a64fx,pivot,128,main_part,3,"int * 3 | 2^6",,0.7910,0.7910,3,3,2026-10-07T07:23:11+02:00
a64fx,pivot,128,main_part,3,"int * 3 | 2^6",,0.7973,0.7973,3,3,2026-10-07T07:23:11+02:00
a64fx,pivot,128,main_part,3,"int * 3 | 2^6",,0.7977,0.7977,3,3,2026-10-07T07:23:11+02:00
a64fx,pivot,128,main_part,3,"int * 3 | 2^6",,0.7974,0.7974,3,3,2026-10-07T07:23:11+02:00
a64fx,pivot,128,main_part,3,"int * 3 | 2^7",,0.7955,0.7955,3,3,2026-10-07T07:23:11+02:00
a64fx,pivot,128,main_part,3,"int * 3 | 2^7",,0.7923,0.7923,3,3,2026-10-07T07:23:11+02:00
a64fx,pivot,128,main_part,3,"int * 3 | 2^7",,0.7956,0.7956,3,3,2026-10-07T07:23:11+02:00
a64fx,pivot,128,main_part,3,"int * 3 | 2^7",,0.7900,0.7900,3,3,2026-10-07T07:23:11+02:00
a64fx,pivot,128,main_part,3,"int * 3 | 2^7",,0.7960,0.7960,3,3,2026-10-07T07:23:11+02:00
a64fx,pivot,128,main_part,3,"int * 3 | 2^8",,0.7777,0.7777,3,3,2026-10-07T07:23:11+02:00
a64fx,pivot,128,main_part,3,"int * 3 | 2^8",,0.7808,0.7808,3,3,2026-10-07T07:23:11+02:00
a64fx,pivot,128,main_part,3,"int * 3 | 2^8",,0.7741,0.7741,3,3,2026-10-07T07:23:11+02:00
a64fx,pivot,128,main_part,3,"int * 3 | 2^8",,0.7789,0.7789,3,3,2026-10-07T07:23:11+02:00
a64fx,pivot,128,main_part,3,"int * 3 | 2^8",,0.7783,0.7783,3,3,2026-10-07T07:23:11+02:00
a64fx,pivot,256,main_part,3,"int * 1 | 2^4",,1.3861,1.3861,3,3,2026-10-07T07:23:17+02:00
a64fx,pivot,256,main_part,3,"int * 1 | 2^4",,1.3680,1.3680,3,3,2026-10-07T07:23:17+02:00
a64fx,pivot,256,main_part,3,"int * 1 | 2^4",,1.3948,1.3948,3,3,2026-10-07T07:23:17+02:00
a64fx,pivot,256,main_part,3,"int * 1 | 2^4",,1.3957,1.3957,3,3,2026-10-07T07:23:17+02:00
a64fx,pivot,256,main_part,3,"int * 1 | 2^4",,1.3847,1.3847,3,3,2026-10-07T07:23:17+02:00
a64fx,pivot,256,main_part,3,"int * 1 | 2^5",,1.3616,1.3616,3,3,2026-10-07T07:23:17+02:00
a64fx,pivot,256,main_part,3,"int * 1 | 2^5",,1.3582,1.3582,3,3,2026-10-07T07:23:17+02:00
a64fx,pivot,256,main_part,3,"int * 1 | 2^5",,1.3638,1.3638,3,3,2026-10-07T07:23:17+02:00
a64fx,pivot,256,main_part,3,"int * 1 | 2^5",,1.3389,1.3389,3,3,2026-10-07T07:23:17+02:00
a64fx,pivot,256,main_part,3,"int * 1 | 2^5",,1.3469,1.3469,3,3,2026-10-07T07:23:17+02:00
a64fx,pivot,256,main_part,3,"int * 1 | 2^6",,1.3585,1.3585,3,3,2026-10-07T07:23:17+02:00
a64fx,pivot,256,main_part,3,"int * 1 | 2^6",,1.3574,1.3574,3,3,2026-10-07T07:23:17+02:00
a64fx,pivot,256,main_part,3,"int * 1 | 2^6",,1.3567,1.3567,3,3,2026-10-07T07:23:17+02:00
a64fx,pivot,256,main_part,3,"int * 1 | 2^6",,1.3576,1.3576,3,3,2026-10-07T07:23:17+02:00
a64fx,pivot,256,main_part,3,"int * 1 | 2^6",,1.3598,1.3598,3,3,2026-10-07T07:23:17+02:00
a64fx,pivot,256,main_part,3,"int * 1 | 2^7",,1.3559,1.3559,3,3,2026-10-07T07:23:17+02:00
a64fx,pivot,256,main_part,3,"int * 1 | 2^7",,1.3561,1.3561,3,3,2026-10-07T07:23:17+02:00
a64fx,pivot,256,main_part,3,"int * 1 | 2^7",,1.3559,1.3559,3,3,2026-10-07T07:23:17+02:00
a64fx,pivot,256,main_part,3,"int * 1 | 2^7",,1.3551,1.3551,3,3,2026-10-07T07:23:17+02:00
a64fx,pivot,256,main_part,3,"int * 1 | 2^7",,1.3551,1.3551,3,3,2026-10-07T07:23:17+02:00
a64fx,pivot,256,main_part,3,"int * 1 | 2^8",,1.3521,1.3521,3,3,2026-10-07T07:23:17+02:00
a64fx,pivot,256,main_part,3,"int * 1 | 2^8",,1.3503,1.3503,3,3,2026-10-07T07:23:17+02:00
a64fx,pivot,256,main_part,3,"int * 1 | 2^8",,1.3505,1.3505,3,3,2026-10-07T07:23:17+02:00
a64fx,pivot,256,main_part,3,"int * 1 | 2^8",,1.3523,1.3523,3,3,2026-10-07T07:23:17+02:00
a64fx,pivot,256,main_part,3,"int * 1 | 2^8",,1.3455,1.3455,3,3,2026-10-07T07:23:17+02:00
a64fx,pivot,256,main_part,3,"int * 2 | 2^4",,1.1611,1.1611,3,3,2026-10-07T07:23:17+02:00
a64fx,pivot,256,main_part,3,"int * 2 | 2^4",,1.1613,1.1613,3,3,2026-10-07T07:23:17+02:00
a64fx,pivot,256,main_part,3,"int * 2 | 2^4",,1.1618,1.1618,3,3,2026-10-07T07:23:17+02:00
a64fx,pivot,256,main_part,3,"int * 2 | 2^4",,1.1623,1.1623,3,3,2026-10-07T07:23:17+02:00
a64fx,pivot,256,main_part,3,"int * 2 | 2^4",,1.1434,1.1434,3,3,2026-10-07T07:23:17+02:00
a64fx,pivot,256,main_part,3,"int * 2 | 2^5",,1.1329,1.1329,3,3,2026-10-07T07:23:17+02:00
a64fx,pivot,256,main_part,3,"int * 2 | 2^5",,1.1346,1.1346,3,3,2026-10-07T07:23:17+02:00
a64fx,pivot,256,main_part,3,"int * 2 | 2^5",,1.1336,1.1336,3,3,2026-10-07T07:23:17+02:00
a64fx,pivot,256,main_part,3,"int * 2 | 2^5",,1.1346,1.1346,3,3,2026-10-07T07:23:17+02:00
a64fx,pivot,256,main_part,3,"int * 2 | 2^5",,1.1344,1.1344,3,3,2026-10-07T07:23:17+02:00
a64fx,pivot,256,main_part,3,"int * 2 | 2^6",,1.1092,1.1092,3,3,2026-10-07T07:23:17+02:00
a64fx,pivot,256,main_part,3,"int * 2 | 2^6",,0.7868,0.7868,3,3,2026-10-07T07:23:17+02:00
a64fx,pivot,256,main_part,3,"int * 2 | 2^6",,0.9533,0.9533,3,3,2026-10-07T07:23:17+02:00
a64fx,pivot,256,main_part,3,"int * 2 | 2^6",,1.1176,1.1176,3,3,2026-10-07T07:23:17+02:00
a64fx,pivot,256,main_part,3,"int * 2 | 2^6",,0.7661,0.7661,3,3,2026-10-07T07:23:17+02:00
a64fx,pivot,256,main_part,3,"int * 2 | 2^7",,1.1196,1.1196,3,3,2026-10-07T07:23:17+02:00
a64fx,pivot,256,main_part,3,"int * 2 | 2^7",,1.1081,1.1081,3,3,2026-10-07T07:23:17+02:00
a64fx,pivot,256,main_part,3,"int * 2 | 2^7",,1.1208,1.1208,3,3,2026-10-07T07:23:17+02:00
a64fx,pivot,256,main_part,3,"int * 2 | 2^7",,0.5874,0.5874,3,3,2026-10-07T07:23:17+02:00
a64fx,pivot,256,main_part,3,"int * 2 | 2^7",,1.1055,1.1055,3,3,2026-10-07T07:23:17+02:00
a64fx,pivot,256,main_part,3,"int * 2 | 2^8",,1.1140,1.1140,3,3,2026-10-07T07:23:17+02:00
a64fx,pivot,256,main_part,3,"int * 2 | 2^8",,1.1009,1.1009,3,3,2026-10-07T07:23:17+02:00
a64fx,pivot,256,main_part,3,"int * 2 | 2^8",,1.1128,1.1128,3,3,2026-10-07T07:23:17+02:00
a64fx,pivot,256,main_part,3,"int * 2 | 2^8",,1.1134,1.1134,3,3,2026-10-07T07:23:17+02:00
a64fx,pivot,256,main_part,3,"int * 2 | 2^8",,1.1155,1.1155,3,3,2026-10-07T07:23:17+02:00
a64fx,pivot,256,main_part,3,"int * 3 | 2^4",,0.9878,0.9878,3,3,2026-10-07T07:23:17+02:00
a64fx,pivot,256,main_part,3,"int * 3 | 2^4",,1.0000,1.0000,3,3,2026-10-07T07:23:17+02:00
a64fx,pivot,256,main_part,3,"int * 3 | 2^4",,1.0000,1.0000,3,3,2026-10-07T07:23:17+02:00
a64fx,pivot,256,main_part,3,"int * 3 | 2^4",,0.9994,0.9994,3,3,2026-10-07T07:23:17+02:00
a64fx,pivot,256,main_part,3,"int * 3 | 2^4",,0.9924,0.9924,3,3,2026-10-07T07:23:17+02:00
a64fx,pivot,256,main_part,3,"int * 3 | 2^5",,0.9671,0.9671,3,3,2026-10-07T07:23:17+02:00
a64fx,pivot,256,main_part,3,"int * 3 | 2^5",,0.9560,0.9560,3,3,2026-10-07T07:23:17+02:00
a64fx,pivot,256,main_part,3,"int * 3 | 2^5",,0.9665,0.9665,3,3,2026-10-07T07:23:17+02:00
a64fx,pivot,256,main_part,3,"int * 3 | 2^5",,0.9678,0.9678,3,3,2026-10-07T07:23:17+02:00
a64fx,pivot,256,main_part,3,"int * 3 | 2^5",,0.9672,0.9672,3,3,2026-10-07T07:23:17+02:00
a64fx,pivot,256,main_part,3,"int * 3 | 2^6",,0.9545,0.9545,3,3,2026-10-07T07:23:17+02:00
a64fx,pivot,256,main_part,3,"int * 3 | 2^6",,0.9457,0.9457,3,3,2026-10-07T07:23:17+02:00
a64fx,pivot,256,main_part,3,"int * 3 | 2^6",,0.9575,0.9575,3,3,2026-10-07T07:23:17+02:00
a64fx,pivot,256,main_part,3,"int * 3 | 2^6",,0.9570,0.9570,3,3,2026-10-07T07:23:17+02:00
a64fx,pivot,256,main_part,3,"int * 3 | 2^6",,0.9558,0.9558,3,3,2026-10-07T07:23:17+02:00
a64fx,pivot,256,main_part,3,"int * 3 | 2^7",,0.9505,0.9505,3,3,2026-10-07T07:23:17+02:00
a64fx,pivot,256,main_part,3,"int * 3 | 2^7",,0.9524,0.9524,3,3,2026-10-07T07:23:17+02:00
a64fx,pivot,256,main_part,3,"int * 3 | 2^7",,0.9531,0.9531,3,3,2026-10-07T07:23:17+02:00
a64fx,pivot,256,main_part,3,"int * 3 | 2^7",,0.9530,0.9530,3,3,2026-10-07T07:23:17+02:00
a64fx,pivot,256,main_part,3,"int * 3 | 2^7",,0.9523,0.9523,3,3,2026-10-07T07:23:17+02:00
a64fx,pivot,256,main_part,3,"int * 3 | 2^8",,0.9324,0.9324,3,3,2026-10-07T07:23:17+02:00
a64fx,pivot,256,main_part,3,"int * 3 | 2^8",,0.9161,0.9161,3,3,2026-10-07T07:23:17+02:00
a64fx,pivot,256,main_part,3,"int * 3 | 2^8",,0.9156,0.9156,3,3,2026-10-07T07:23:17+02:00
a64fx,pivot,256,main_part,3,"int * 3 | 2^8",,0.9298,0.9298,3,3,2026-10-07T07:23:17+02:00
a64fx,pivot,256,main_part,3,"int * 3 | 2^8",,0.9316,0.9316,3,3,2026-10-07T07:23:17+02:00
a64fx,pivot,512,main_part,3,"int * 1 | 2^4",,1.8289,1.8289,3,3,2026-10-07T07:23:22+02:00
a64fx,pivot,512,main_part,3,"int * 1 | 2^4",,1.8526,1.8526,3,3,2026-10-07T07:23:22+02:00
a64fx,pivot,512,main_part,3,"int * 1 | 2^4",,1.8620,1.8620,3,3,2026-10-07T07:23:22+02:00
a64fx,pivot,512,main_part,3,"int * 1 | 2^4",,1.8620,1.8620,3,3,2026-10-07T07:23:22+02:00
a64fx,pivot,512,main_part,3,"int * 1 | 2^4",,1.8665,1.8665,3,3,2026-10-07T07:23:22+02:00
a64fx,pivot,512,main_part,3,"int * 1 | 2^5",,1.8070,1.8070,3,3,2026-10-07T07:23:22+02:00
a64fx,pivot,512,main_part,3,"int * 1 | 2^5",,1.8086,1.8086,3,3,2026-10-07T07:23:22+02:00
a64fx,pivot,512,main_part,3,"int * 1 | 2^5",,1.8095,1.8095,3,3,2026-10-07T07:23:22+02:00
a64fx,pivot,512,main_part,3,"int * 1 | 2^5",,1.8080,1.8080,3,3,2026-10-07T07:23:22+02:00
a64fx,pivot,512,main_part,3,"int * 1 | 2^5",,1.4632,1.4632,3,3,2026-10-07T07:23:22+02:00
a64fx,pivot,512,main_part,3,"int * 1 | 2^6",,1.7996,1.7996,3,3,2026-10-07T07:23:22+02:00
a64fx,pivot,512,main_part,3,"int * 1 | 2^6",,1.7998,1.7998,3,3,2026-10-07T07:23:22+02:00
a64fx,pivot,512,main_part,3,"int * 1 | 2^6",,1.7915,1.7915,3,3,2026-10-07T07:23:22+02:00
a64fx,pivot,512,main_part,3,"int * 1 | 2^6",,1.7981,1.7981,3,3,2026-10-07T07:23:22+02:00
a64fx,pivot,512,main_part,3,"int * 1 | 2^6",,1.7739,1.7739,3,3,2026-10-07T07:23:22+02:00
a64fx,pivot,512,main_part,3,"int * 1 | 2^7",,1.7924,1.7924,3,3,2026-10-07T07:23:22+02:00
a64fx,pivot,512,main_part,3,"int * 1 | 2^7",,1.7898,1.7898,3,3,2026-10-07T07:23:22+02:00
a64fx,pivot,512,main_part,3,"int * 1 | 2^7",,1.7766,1.7766,3,3,2026-10-07T07:23:22+02:00
a64fx,pivot,512,main_part,3,"int * 1 | 2^7",,1.7922,1.7922,3,3,2026-10-07T07:23:22+02:00
a64fx,pivot,512,main_part,3,"int * 1 | 2^7",,1.7889,1.7889,3,3,2026-10-07T07:23:22+02:00
a64fx,pivot,512,main_part,3,"int * 1 | 2^8",,1.7775,1.7775,3,3,2026-10-07T07:23:22+02:00
a64fx,pivot,512,main_part,3,"int * 1 | 2^8",,1.7776,1.7776,3,3,2026-10-07T07:23:22+02:00
a64fx,pivot,512,main_part,3,"int * 1 | 2^8",,1.7782,1.7782,3,3,2026-10-07T07:23:22+02:00
a64fx,pivot,512,main_part,3,"int * 1 | 2^8",,1.7717,1.7717,3,3,2026-10-07T07:23:22+02:00
a64fx,pivot,512,main_part,3,"int * 1 | 2^8",,1.7822,1.7822,3,3,2026-10-07T07:23:22+02:00
a64fx,pivot,512,main_part,3,"int * 2 | 2^4",,1.4745,1.4745,3,3,2026-10-07T07:23:22+02:00
a64fx,pivot,512,main_part,3,"int * 2 | 2^4",,1.4739,1.4739,3,3,2026-10-07T07:23:22+02:00
a64fx,pivot,512,main_part,3,"int * 2 | 2^4",,1.4715,1.4715,3,3,2026-10-07T07:23:22+02:00
a64fx,pivot,512,main_part,3,"int * 2 | 2^4",,1.4740,1.4740,3,3,2026-10-07T07:23:22+02:00
a64fx,pivot,512,main_part,3,"int * 2 | 2^4",,1.4543,1.4543,3,3,2026-10-07T07:23:22+02:00
a64fx,pivot,512,main_part,3,"int * 2 | 2^5",,1.4317,1.4317,3,3,2026-10-07T07:23:22+02:00
a64fx,pivot,512,main_part,3,"int * 2 | 2^5",,1.4315,1.4315,3,3,2026-10-07T07:23:22+02:00
a64fx,pivot,512,main_part,3,"int * 2 | 2^5",,1.4304,1.4304,3,3,2026-10-07T07:23:22+02:00
a64fx,pivot,512,main_part,3,"int * 2 | 2^5",,1.4313,1.4313,3,3,2026-10-07T07:23:22+02:00
a64fx,pivot,512,main_part,3,"int * 2 | 2^5",,1.4308,1.4308,3,3,2026-10-07T07:23:22+02:00
a64fx,pivot,512,main_part,3,"int * 2 | 2^6",,1.4142,1.4142,3,3,2026-10-07T07:23:22+02:00
a64fx,pivot,512,main_part,3,"int * 2 | 2^6",,1.4142,1.4142,3,3,2026-10-07T07:23:22+02:00
a64fx,pivot,512,main_part,3,"int * 2 | 2^6",,1.4135,1.4135,3,3,2026-10-07T07:23:22+02:00
a64fx,pivot,512,main_part,3,"int * 2 | 2^6",,1.4157,1.4157,3,3,2026-10-07T07:23:22+02:00
a64fx,pivot,512,main_part,3,"int * 2 | 2^6",,1.4148,1.4148,3,3,2026-10-07T07:23:22+02:00
a64fx,pivot,512,main_part,3,"int * 2 | 2^7",,1.4023,1.4023,3,3,2026-10-07T07:23:22+02:00
a64fx,pivot,512,main_part,3,"int * 2 | 2^7",,1.4014,1.4014,3,3,2026-10-07T07:23:22+02:00
a64fx,pivot,512,main_part,3,"int * 2 | 2^7",,1.4020,1.4020,3,3,2026-10-07T07:23:22+02:00
a64fx,pivot,512,main_part,3,"int * 2 | 2^7",,1.4035,1.4035,3,3,2026-10-07T07:23:22+02:00
a64fx,pivot,512,main_part,3,"int * 2 | 2^7",,1.4044,1.4044,3,3,2026-10-07T07:23:22+02:00
a64fx,pivot,512,main_part,3,"int * 2 | 2^8",,1.3853,1.3853,3,3,2026-10-07T07:23:22+02:00
a64fx,pivot,512,main_part,3,"int * 2 | 2^8",,1.3867,1.3867,3,3,2026-10-07T07:23:22+02:00
a64fx,pivot,512,main_part,3,"int * 2 | 2^8",,1.3653,1.3653,3,3,2026-10-07T07:23:22+02:00
a64fx,pivot,512,main_part,3,"int * 2 | 2^8",,1.3814,1.3814,3,3,2026-10-07T07:23:22+02:00
a64fx,pivot,512,main_part,3,"int * 2 | 2^8",,1.3859,1.3859,3,3,2026-10-07T07:23:22+02:00
a64fx,pivot,512,main_part,3,"int * 3 | 2^4",,1.2231,1.2231,3,3,2026-10-07T07:23:22+02:00
a64fx,pivot,512,main_part,3,"int * 3 | 2^4",,1.2227,1.2227,3,3,2026-10-07T07:23:22+02:00
a64fx,pivot,512,main_part,3,"int * 3 | 2^4",,1.2095,1.2095,3,3,2026-10-07T07:23:22+02:00
a64fx,pivot,512,main_part,3,"int * 3 | 2^4",,1.2229,1.2229,3,3,2026-10-07T07:23:22+02:00
a64fx,pivot,512,main_part,3,"int * 3 | 2^4",,1.2190,1.2190,3,3,2026-10-07T07:23:22+02:00
a64fx,pivot,512,main_part,3,"int * 3 | 2^5",,1.1797,1.1797,3,3,2026-10-07T07:23:22+02:00
a64fx,pivot,512,main_part,3,"int * 3 | 2^5",,1.1805,1.1805,3,3,2026-10-07T07:23:22+02:00
a64fx,pivot,512,main_part,3,"int * 3 | 2^5",,1.1810,1.1810,3,3,2026-10-07T07:23:22+02:00
a64fx,pivot,512,main_part,3,"int * 3 | 2^5",,1.1802,1.1802,3,3,2026-10-07T07:23:22+02:00
a64fx,pivot,512,main_part,3,"int * 3 | 2^5",,1.1779,1.1779,3,3,2026-10-07T07:23:22+02:00
a64fx,pivot,512,main_part,3,"int * 3 | 2^6",,1.1610,1.1610,3,3,2026-10-07T07:23:22+02:00
a64fx,pivot,512,main_part,3,"int * 3 | 2^6",,1.1619,1.1619,3,3,2026-10-07T07:23:22+02:00
a64fx,pivot,512,main_part,3,"int * 3 | 2^6",,1.1617,1.1617,3,3,2026-10-07T07:23:22+02:00
a64fx,pivot,512,main_part,3,"int * 3 | 2^6",,1.1575,1.1575,3,3,2026-10-07T07:23:22+02:00
a64fx,pivot,512,main_part,3,"int * 3 | 2^6",,1.1588,1.1588,3,3,2026-10-07T07:23:22+02:00
a64fx,pivot,512,main_part,3,"int * 3 | 2^7",,1.1512,1.1512,3,3,2026-10-07T07:23:22+02:00
a64fx,pivot,512,main_part,3,"int * 3 | 2^7",,1.1515,1.1515,3,3,2026-10-07T07:23:22+02:00
a64fx,pivot,512,main_part,3,"int * 3 | 2^7",,1.1505,1.1505,3,3,2026-10-07T07:23:22+02:00
a64fx,pivot,512,main_part,3,"int * 3 | 2^7",,1.1516,1.1516,3,3,2026-10-07T07:23:22+02:00
a64fx,pivot,512,main_part,3,"int * 3 | 2^7",,1.1487,1.1487,3,3,2026-10-07T07:23:22+02:00
a64fx,pivot,512,main_part,3,"int * 3 | 2^8",,1.1110,1.1110,3,3,2026-10-07T07:23:22+02:00
a64fx,pivot,512,main_part,3,"int * 3 | 2^8",,1.1139,1.1139,3,3,2026-10-07T07:23:22+02:00
a64fx,pivot,512,main_part,3,"int * 3 | 2^8",,1.1077,1.1077,3,3,2026-10-07T07:23:22+02:00
a64fx,pivot,512,main_part,3,"int * 3 | 2^8",,1.1058,1.1058,3,3,2026-10-07T07:23:22+02:00
a64fx,pivot,512,main_part,3,"int * 3 | 2^8",,1.1140,1.1140,3,3,2026-10-07T07:23:22+02:00
a64fx,pivot,128,main_aggr,3,"Codegen 1 sum",,0.1337,0.1337,3,3,2026-10-07T07:24:15+02:00
a64fx,pivot,128,main_aggr,3,"Codegen 1 sum",,0.1340,0.1340,3,3,2026-10-07T07:24:15+02:00
a64fx,pivot,128,main_aggr,3,"Codegen 1 sum",,0.1337,0.1337,3,3,2026-10-07T07:24:15+02:00
a64fx,pivot,128,main_aggr,3,"Codegen 1 sum",,0.1339,0.1339,3,3,2026-10-07T07:24:15+02:00
a64fx,pivot,128,main_aggr,3,"Codegen 1 sum",,0.1338,0.1338,3,3,2026-10-07T07:24:15+02:00
a64fx,pivot,128,main_aggr,3,"Codegen 2 sum",,0.1144,0.1144,3,3,2026-10-07T07:24:15+02:00
a64fx,pivot,128,main_aggr,3,"Codegen 2 sum",,0.1144,0.1144,3,3,2026-10-07T07:24:15+02:00
a64fx,pivot,128,main_aggr,3,"Codegen 2 sum",,0.1144,0.1144,3,3,2026-10-07T07:24:15+02:00
a64fx,pivot,128,main_aggr,3,"Codegen 2 sum",,0.1128,0.1128,3,3,2026-10-07T07:24:15+02:00
a64fx,pivot,128,main_aggr,3,"Codegen 2 sum",,0.1145,0.1145,3,3,2026-10-07T07:24:15+02:00
a64fx,pivot,128,main_aggr,3,"Codegen 3 sum",,0.1120,0.1120,3,3,2026-10-07T07:24:15+02:00
a64fx,pivot,128,main_aggr,3,"Codegen 3 sum",,0.1126,0.1126,3,3,2026-10-07T07:24:15+02:00
a64fx,pivot,128,main_aggr,3,"Codegen 3 sum",,0.1126,0.1126,3,3,2026-10-07T07:24:15+02:00
a64fx,pivot,128,main_aggr,3,"Codegen 3 sum",,0.1125,0.1125,3,3,2026-10-07T07:24:15+02:00
a64fx,pivot,128,main_aggr,3,"Codegen 3 sum",,0.1125,0.1125,3,3,2026-10-07T07:24:15+02:00
a64fx,pivot,128,main_aggr,3,"Engine 1 sum",,0.1758,0.1758,3,3,2026-10-07T07:24:15+02:00
a64fx,pivot,128,main_aggr,3,"Engine 1 sum",,0.1760,0.1760,3,3,2026-10-07T07:24:15+02:00
a64fx,pivot,128,main_aggr,3,"Engine 1 sum",,0.1718,0.1718,3,3,2026-10-07T07:24:15+02:00
a64fx,pivot,128,main_aggr,3,"Engine 1 sum",,0.1760,0.1760,3,3,2026-10-07T07:24:15+02:00
a64fx,pivot,128,main_aggr,3,"Engine 1 sum",,0.1761,0.1761,3,3,2026-10-07T07:24:15+02:00
a64fx,pivot,128,main_aggr,3,"Engine 2 sum",,0.1514,0.1514,3,3,2026-10-07T07:24:15+02:00
a64fx,pivot,128,main_aggr,3,"Engine 2 sum",,0.1514,0.1514,3,3,2026-10-07T07:24:15+02:00
a64fx,pivot,128,main_aggr,3,"Engine 2 sum",,0.1514,0.1514,3,3,2026-10-07T07:24:15+02:00
a64fx,pivot,128,main_aggr,3,"Engine 2 sum",,0.1514,0.1514,3,3,2026-10-07T07:24:15+02:00
a64fx,pivot,128,main_aggr,3,"Engine 2 sum",,0.1514,0.1514,3,3,2026-10-07T07:24:15+02:00
a64fx,pivot,128,main_aggr,3,"Engine 3 sum",,0.1330,0.1330,3,3,2026-10-07T07:24:15+02:00
a64fx,pivot,128,main_aggr,3,"Engine 3 sum",,0.1330,0.1330,3,3,2026-10-07T07:24:15+02:00
a64fx,pivot,128,main_aggr,3,"Engine 3 sum",,0.1329,0.1329,3,3,2026-10-07T07:24:15+02:00
a64fx,pivot,128,main_aggr,3,"Engine 3 sum",,0.1330,0.1330,3,3,2026-10-07T07:24:15+02:00
a64fx,pivot,128,main_aggr,3,"Engine 3 sum",,0.1330,0.1330,3,3,2026-10-07T07:24:15+02:00
a64fx,pivot,256,main_aggr,3,"Codegen 1 sum",,0.1356,0.1356,3,3,2026-10-07T07:24:29+02:00
a64fx,pivot,256,main_aggr,3,"Codegen 1 sum",,0.1356,0.1356,3,3,2026-10-07T07:24:29+02:00
a64fx,pivot,256,main_aggr,3,"Codegen 1 sum",,0.1356,0.1356,3,3,2026-10-07T07:24:29+02:00
a64fx,pivot,256,main_aggr,3,"Codegen 1 sum",,0.1356,0.1356,3,3,2026-10-07T07:24:29+02:00
a64fx,pivot,256,main_aggr,3,"Codegen 1 sum",,0.1356,0.1356,3,3,2026-10-07T07:24:29+02:00
a64fx,pivot,256,main_aggr,3,"Codegen 2 sum",,0.1156,0.1156,3,3,2026-10-07T07:24:29+02:00
a64fx,pivot,256,main_aggr,3,"Codegen 2 sum",,0.1156,0.1156,3,3,2026-10-07T07:24:29+02:00
a64fx,pivot,256,main_aggr,3,"Codegen 2 sum",,0.1155,0.1155,3,3,2026-10-07T07:24:29+02:00
a64fx,pivot,256,main_aggr,3,"Codegen 2 sum",,0.1156,0.1156,3,3,2026-10-07T07:24:29+02:00
a64fx,pivot,256,main_aggr,3,"Codegen 2 sum",,0.1155,0.1155,3,3,2026-10-07T07:24:29+02:00
a64fx,pivot,256,main_aggr,3,"Codegen 3 sum",,0.1135,0.1135,3,3,2026-10-07T07:24:29+02:00
a64fx,pivot,256,main_aggr,3,"Codegen 3 sum",,0.1135,0.1135,3,3,2026-10-07T07:24:29+02:00
a64fx,pivot,256,main_aggr,3,"Codegen 3 sum",,0.1135,0.1135,3,3,2026-10-07T07:24:29+02:00
a64fx,pivot,256,main_aggr,3,"Codegen 3 sum",,0.1135,0.1135,3,3,2026-10-07T07:24:29+02:00
a64fx,pivot,256,main_aggr,3,"Codegen 3 sum",,0.1135,0.1135,3,3,2026-10-07T07:24:29+02:00
a64fx,pivot,256,main_aggr,3,"Engine 1 sum",,0.1878,0.1878,3,3,2026-10-07T07:24:29+02:00
a64fx,pivot,256,main_aggr,3,"Engine 1 sum",,0.1877,0.1877,3,3,2026-10-07T07:24:29+02:00
a64fx,pivot,256,main_aggr,3,"Engine 1 sum",,0.1878,0.1878,3,3,2026-10-07T07:24:29+02:00
a64fx,pivot,256,main_aggr,3,"Engine 1 sum",,0.1877,0.1877,3,3,2026-10-07T07:24:29+02:00
a64fx,pivot,256,main_aggr,3,"Engine 1 sum",,0.1876,0.1876,3,3,2026-10-07T07:24:29+02:00
a64fx,pivot,256,main_aggr,3,"Engine 2 sum",,0.1584,0.1584,3,3,2026-10-07T07:24:29+02:00
a64fx,pivot,256,main_aggr,3,"Engine 2 sum",,0.1584,0.1584,3,3,2026-10-07T07:24:29+02:00
a64fx,pivot,256,main_aggr,3,"Engine 2 sum",,0.1583,0.1583,3,3,2026-10-07T07:24:29+02:00
a64fx,pivot,256,main_aggr,3,"Engine 2 sum",,0.1581,0.1581,3,3,2026-10-07T07:24:29+02:00
a64fx,pivot,256,main_aggr,3,"Engine 2 sum",,0.1584,0.1584,3,3,2026-10-07T07:24:29+02:00
a64fx,pivot,256,main_aggr,3,"Engine 3 sum",,0.1371,0.1371,3,3,2026-10-07T07:24:29+02:00
a64fx,pivot,256,main_aggr,3,"Engine 3 sum",,0.1372,0.1372,3,3,2026-10-07T07:24:29+02:00
a64fx,pivot,256,main_aggr,3,"Engine 3 sum",,0.1372,0.1372,3,3,2026-10-07T07:24:29+02:00
a64fx,pivot,256,main_aggr,3,"Engine 3 sum",,0.1371,0.1371,3,3,2026-10-07T07:24:29+02:00
a64fx,pivot,256,main_aggr,3,"Engine 3 sum",,0.1370,0.1370,3,3,2026-10-07T07:24:29+02:00
a64fx,pivot,512,main_aggr,3,"Codegen 1 sum",,0.1352,0.1352,3,3,2026-10-07T07:24:41+02:00
a64fx,pivot,512,main_aggr,3,"Codegen 1 sum",,0.1351,0.1351,3,3,2026-10-07T07:24:41+02:00
a64fx,pivot,512,main_aggr,3,"Codegen 1 sum",,0.1353,0.1353,3,3,2026-10-07T07:24:41+02:00
a64fx,pivot,512,main_aggr,3,"Codegen 1 sum",,0.1352,0.1352,3,3,2026-10-07T07:24:41+02:00
a64fx,pivot,512,main_aggr,3,"Codegen 1 sum",,0.1354,0.1354,3,3,2026-10-07T07:24:41+02:00
a64fx,pivot,512,main_aggr,3,"Codegen 2 sum",,0.1141,0.1141,3,3,2026-10-07T07:24:41+02:00
a64fx,pivot,512,main_aggr,3,"Codegen 2 sum",,0.1141,0.1141,3,3,2026-10-07T07:24:41+02:00
a64fx,pivot,512,main_aggr,3,"Codegen 2 sum",,0.1141,0.1141,3,3,2026-10-07T07:24:41+02:00
a64fx,pivot,512,main_aggr,3,"Codegen 2 sum",,0.1141,0.1141,3,3,2026-10-07T07:24:41+02:00
a64fx,pivot,512,main_aggr,3,"Codegen 2 sum",,0.1141,0.1141,3,3,2026-10-07T07:24:41+02:00
a64fx,pivot,512,main_aggr,3,"Codegen 3 sum",,0.1121,0.1121,3,3,2026-10-07T07:24:41+02:00
a64fx,pivot,512,main_aggr,3,"Codegen 3 sum",,0.1120,0.1120,3,3,2026-10-07T07:24:41+02:00
a64fx,pivot,512,main_aggr,3,"Codegen 3 sum",,0.1120,0.1120,3,3,2026-10-07T07:24:41+02:00
a64fx,pivot,512,main_aggr,3,"Codegen 3 sum",,0.1121,0.1121,3,3,2026-10-07T07:24:41+02:00
a64fx,pivot,512,main_aggr,3,"Codegen 3 sum",,0.1121,0.1121,3,3,2026-10-07T07:24:41+02:00
a64fx,pivot,512,main_aggr,3,"Engine 1 sum",,0.2482,0.2482,3,3,2026-10-07T07:24:41+02:00
a64fx,pivot,512,main_aggr,3,"Engine 1 sum",,0.2481,0.2481,3,3,2026-10-07T07:24:41+02:00
a64fx,pivot,512,main_aggr,3,"Engine 1 sum",,0.2481,0.2481,3,3,2026-10-07T07:24:41+02:00
a64fx,pivot,512,main_aggr,3,"Engine 1 sum",,0.2479,0.2479,3,3,2026-10-07T07:24:41+02:00
a64fx,pivot,512,main_aggr,3,"Engine 1 sum",,0.2484,0.2484,3,3,2026-10-07T07:24:41+02:00
a64fx,pivot,512,main_aggr,3,"Engine 2 sum",,0.2034,0.2034,3,3,2026-10-07T07:24:41+02:00
a64fx,pivot,512,main_aggr,3,"Engine 2 sum",,0.2034,0.2034,3,3,2026-10-07T07:24:41+02:00
a64fx,pivot,512,main_aggr,3,"Engine 2 sum",,0.2033,0.2033,3,3,2026-10-07T07:24:41+02:00
a64fx,pivot,512,main_aggr,3,"Engine 2 sum",,0.2032,0.2032,3,3,2026-10-07T07:24:41+02:00
a64fx,pivot,512,main_aggr,3,"Engine 2 sum",,0.2032,0.2032,3,3,2026-10-07T07:24:41+02:00
a64fx,pivot,512,main_aggr,3,"Engine 3 sum",,0.1722,0.1722,3,3,2026-10-07T07:24:41+02:00
a64fx,pivot,512,main_aggr,3,"Engine 3 sum",,0.1723,0.1723,3,3,2026-10-07T07:24:41+02:00
a64fx,pivot,512,main_aggr,3,"Engine 3 sum",,0.1715,0.1715,3,3,2026-10-07T07:24:41+02:00
a64fx,pivot,512,main_aggr,3,"Engine 3 sum",,0.1720,0.1720,3,3,2026-10-07T07:24:41+02:00
a64fx,pivot,512,main_aggr,3,"Engine 3 sum",,0.1721,0.1721,3,3,2026-10-07T07:24:41+02:00
a64fx,pivot,128,main_join,3,"Engine  1-1",,0.1634,0.1634,3,3,2026-10-07T07:25:15+02:00
a64fx,pivot,128,main_join,3,"Engine  1-3",,0.1374,0.1374,3,3,2026-10-07T07:25:15+02:00
a64fx,pivot,128,main_join,3,"Engine  3-1",,0.1542,0.1542,3,3,2026-10-07T07:25:15+02:00
a64fx,pivot,128,main_join,3,"Engine  3-3",,0.1303,0.1303,3,3,2026-10-07T07:25:15+02:00
a64fx,pivot,128,main_join,3,"Codegen 1-1",,0.1133,0.1133,3,3,2026-10-07T07:25:15+02:00
a64fx,pivot,128,main_join,3,"Codegen 1-1",,0.1132,0.1132,3,3,2026-10-07T07:25:15+02:00
a64fx,pivot,128,main_join,3,"Codegen 1-1",,0.1133,0.1133,3,3,2026-10-07T07:25:15+02:00
a64fx,pivot,128,main_join,3,"Codegen 1-1",,0.1132,0.1132,3,3,2026-10-07T07:25:15+02:00
a64fx,pivot,128,main_join,3,"Codegen 1-1",,0.1135,0.1135,3,3,2026-10-07T07:25:15+02:00
a64fx,pivot,128,main_join,3,"Codegen 1-3",,0.1132,0.1132,3,3,2026-10-07T07:25:15+02:00
a64fx,pivot,128,main_join,3,"Codegen 1-3",,0.1133,0.1133,3,3,2026-10-07T07:25:15+02:00
a64fx,pivot,128,main_join,3,"Codegen 1-3",,0.1132,0.1132,3,3,2026-10-07T07:25:15+02:00
a64fx,pivot,128,main_join,3,"Codegen 1-3",,0.1133,0.1133,3,3,2026-10-07T07:25:15+02:00
a64fx,pivot,128,main_join,3,"Codegen 1-3",,0.1131,0.1131,3,3,2026-10-07T07:25:15+02:00
a64fx,pivot,128,main_join,3,"Codegen 3-1",,0.1006,0.1006,3,3,2026-10-07T07:25:15+02:00
a64fx,pivot,128,main_join,3,"Codegen 3-1",,0.1006,0.1006,3,3,2026-10-07T07:25:15+02:00
a64fx,pivot,128,main_join,3,"Codegen 3-1",,0.1006,0.1006,3,3,2026-10-07T07:25:15+02:00
a64fx,pivot,128,main_join,3,"Codegen 3-1",,0.1006,0.1006,3,3,2026-10-07T07:25:15+02:00
a64fx,pivot,128,main_join,3,"Codegen 3-1",,0.1005,0.1005,3,3,2026-10-07T07:25:15+02:00
a64fx,pivot,128,main_join,3,"Codegen 3-3",,0.0951,0.0951,3,3,2026-10-07T07:25:15+02:00
a64fx,pivot,128,main_join,3,"Codegen 3-3",,0.0953,0.0953,3,3,2026-10-07T07:25:15+02:00
a64fx,pivot,128,main_join,3,"Codegen 3-3",,0.0950,0.0950,3,3,2026-10-07T07:25:15+02:00
a64fx,pivot,128,main_join,3,"Codegen 3-3",,0.0951,0.0951,3,3,2026-10-07T07:25:15+02:00
a64fx,pivot,128,main_join,3,"Codegen 3-3",,0.0952,0.0952,3,3,2026-10-07T07:25:15+02:00
a64fx,pivot,256,main_join,3,"Engine  1-1",,0.1814,0.1814,3,3,2026-10-07T07:25:21+02:00
a64fx,pivot,256,main_join,3,"Engine  1-3",,0.1531,0.1531,3,3,2026-10-07T07:25:21+02:00
a64fx,pivot,256,main_join,3,"Engine  3-1",,0.1699,0.1699,3,3,2026-10-07T07:25:21+02:00
a64fx,pivot,256,main_join,3,"Engine  3-3",,0.1449,0.1449,3,3,2026-10-07T07:25:21+02:00
a64fx,pivot,256,main_join,3,"Codegen 1-1",,0.1134,0.1134,3,3,2026-10-07T07:25:21+02:00
a64fx,pivot,256,main_join,3,"Codegen 1-1",,0.1136,0.1136,3,3,2026-10-07T07:25:21+02:00
a64fx,pivot,256,main_join,3,"Codegen 1-1",,0.1135,0.1135,3,3,2026-10-07T07:25:21+02:00
a64fx,pivot,256,main_join,3,"Codegen 1-1",,0.1135,0.1135,3,3,2026-10-07T07:25:21+02:00
a64fx,pivot,256,main_join,3,"Codegen 1-1",,0.1144,0.1144,3,3,2026-10-07T07:25:21+02:00
a64fx,pivot,256,main_join,3,"Codegen 1-3",,0.1134,0.1134,3,3,2026-10-07T07:25:21+02:00
a64fx,pivot,256,main_join,3,"Codegen 1-3",,0.1134,0.1134,3,3,2026-10-07T07:25:21+02:00
a64fx,pivot,256,main_join,3,"Codegen 1-3",,0.1134,0.1134,3,3,2026-10-07T07:25:21+02:00
a64fx,pivot,256,main_join,3,"Codegen 1-3",,0.1134,0.1134,3,3,2026-10-07T07:25:21+02:00
a64fx,pivot,256,main_join,3,"Codegen 1-3",,0.1134,0.1134,3,3,2026-10-07T07:25:21+02:00
a64fx,pivot,256,main_join,3,"Codegen 3-1",,0.1009,0.1009,3,3,2026-10-07T07:25:21+02:00
a64fx,pivot,256,main_join,3,"Codegen 3-1",,0.1009,0.1009,3,3,2026-10-07T07:25:21+02:00
a64fx,pivot,256,main_join,3,"Codegen 3-1",,0.1009,0.1009,3,3,2026-10-07T07:25:21+02:00
a64fx,pivot,256,main_join,3,"Codegen 3-1",,0.1009,0.1009,3,3,2026-10-07T07:25:21+02:00
a64fx,pivot,256,main_join,3,"Codegen 3-1",,0.1009,0.1009,3,3,2026-10-07T07:25:21+02:00
a64fx,pivot,256,main_join,3,"Codegen 3-3",,0.0946,0.0946,3,3,2026-10-07T07:25:21+02:00
a64fx,pivot,256,main_join,3,"Codegen 3-3",,0.0946,0.0946,3,3,2026-10-07T07:25:21+02:00
a64fx,pivot,256,main_join,3,"Codegen 3-3",,0.0944,0.0944,3,3,2026-10-07T07:25:21+02:00
a64fx,pivot,256,main_join,3,"Codegen 3-3",,0.0946,0.0946,3,3,2026-10-07T07:25:21+02:00
a64fx,pivot,256,main_join,3,"Codegen 3-3",,0.0946,0.0946,3,3,2026-10-07T07:25:21+02:00
a64fx,pivot,512,main_join,3,"Engine  1-1",,0.1852,0.1852,3,3,2026-10-07T07:25:27+02:00
a64fx,pivot,512,main_join,3,"Engine  1-3",,0.1560,0.1560,3,3,2026-10-07T07:25:27+02:00
a64fx,pivot,512,main_join,3,"Engine  3-1",,0.1743,0.1743,3,3,2026-10-07T07:25:27+02:00
a64fx,pivot,512,main_join,3,"Engine  3-3",,0.1484,0.1484,3,3,2026-10-07T07:25:27+02:00
a64fx,pivot,512,main_join,3,"Codegen 1-1",,0.1142,0.1142,3,3,2026-10-07T07:25:27+02:00
a64fx,pivot,512,main_join,3,"Codegen 1-1",,0.1150,0.1150,3,3,2026-10-07T07:25:27+02:00
a64fx,pivot,512,main_join,3,"Codegen 1-1",,0.1146,0.1146,3,3,2026-10-07T07:25:27+02:00
a64fx,pivot,512,main_join,3,"Codegen 1-1",,0.1143,0.1143,3,3,2026-10-07T07:25:27+02:00
a64fx,pivot,512,main_join,3,"Codegen 1-1",,0.1147,0.1147,3,3,2026-10-07T07:25:27+02:00
a64fx,pivot,512,main_join,3,"Codegen 1-3",,0.1141,0.1141,3,3,2026-10-07T07:25:27+02:00
a64fx,pivot,512,main_join,3,"Codegen 1-3",,0.1142,0.1142,3,3,2026-10-07T07:25:27+02:00
a64fx,pivot,512,main_join,3,"Codegen 1-3",,0.1142,0.1142,3,3,2026-10-07T07:25:27+02:00
a64fx,pivot,512,main_join,3,"Codegen 1-3",,0.1142,0.1142,3,3,2026-10-07T07:25:27+02:00
a64fx,pivot,512,main_join,3,"Codegen 1-3",,0.1142,0.1142,3,3,2026-10-07T07:25:27+02:00
a64fx,pivot,512,main_join,3,"Codegen 3-1",,0.1015,0.1015,3,3,2026-10-07T07:25:27+02:00
a64fx,pivot,512,main_join,3,"Codegen 3-1",,0.1014,0.1014,3,3,2026-10-07T07:25:27+02:00
a64fx,pivot,512,main_join,3,"Codegen 3-1",,0.1015,0.1015,3,3,2026-10-07T07:25:27+02:00
a64fx,pivot,512,main_join,3,"Codegen 3-1",,0.1015,0.1015,3,3,2026-10-07T07:25:27+02:00
a64fx,pivot,512,main_join,3,"Codegen 3-1",,0.1016,0.1016,3,3,2026-10-07T07:25:27+02:00
a64fx,pivot,512,main_join,3,"Codegen 3-3",,0.0955,0.0955,3,3,2026-10-07T07:25:27+02:00
a64fx,pivot,512,main_join,3,"Codegen 3-3",,0.0955,0.0955,3,3,2026-10-07T07:25:27+02:00
a64fx,pivot,512,main_join,3,"Codegen 3-3",,0.0955,0.0955,3,3,2026-10-07T07:25:27+02:00
a64fx,pivot,512,main_join,3,"Codegen 3-3",,0.0954,0.0954,3,3,2026-10-07T07:25:27+02:00
a64fx,pivot,512,main_join,3,"Codegen 3-3",,0.0955,0.0955,3,3,2026-10-07T07:25:27+02:00
a64fx,pivot,128,main_scan_int,4,"and 1",0.00,46.4533,32.6148,4,4,2026-10-07T07:26:00+02:00
a64fx,pivot,128,main_scan_int,4,"and 1",0.00,48.1956,33.9989,4,4,2026-10-07T07:26:00+02:00
a64fx,pivot,128,main_scan_int,4,"and 1",0.00,48.8482,34.0341,4,4,2026-10-07T07:26:00+02:00
a64fx,pivot,128,main_scan_int,4,"and 1",0.00,48.7468,34.0863,4,4,2026-10-07T07:26:00+02:00
a64fx,pivot,128,main_scan_int,4,"and 1",0.00,48.6126,31.2581,4,4,2026-10-07T07:26:00+02:00
a64fx,pivot,128,main_scan_int,4,"and 2",0.03,14.4446,17.6266,4,4,2026-10-07T07:26:00+02:00
a64fx,pivot,128,main_scan_int,4,"and 2",0.03,14.4447,17.9565,4,4,2026-10-07T07:26:00+02:00
a64fx,pivot,128,main_scan_int,4,"and 2",0.03,14.3491,18.1064,4,4,2026-10-07T07:26:00+02:00
a64fx,pivot,128,main_scan_int,4,"and 2",0.03,14.2049,18.1920,4,4,2026-10-07T07:26:00+02:00
a64fx,pivot,128,main_scan_int,4,"and 2",0.03,14.0960,17.6161,4,4,2026-10-07T07:26:00+02:00
a64fx,pivot,128,main_scan_int,4,"and 3",0.10,10.0837,13.2837,4,4,2026-10-07T07:26:00+02:00
a64fx,pivot,128,main_scan_int,4,"and 3",0.10,9.8556,13.1315,4,4,2026-10-07T07:26:00+02:00
a64fx,pivot,128,main_scan_int,4,"and 3",0.10,10.0628,13.2445,4,4,2026-10-07T07:26:00+02:00
a64fx,pivot,128,main_scan_int,4,"and 3",0.10,9.6937,13.2779,4,4,2026-10-07T07:26:00+02:00
a64fx,pivot,128,main_scan_int,4,"and 3",0.10,10.0639,13.2510,4,4,2026-10-07T07:26:00+02:00
a64fx,pivot,128,main_scan_int,4,"and 1",0.00,38.9568,30.6229,4,4,2026-10-07T07:26:00+02:00
a64fx,pivot,128,main_scan_int,4,"and 1",0.00,42.0376,30.7030,4,4,2026-10-07T07:26:00+02:00
a64fx,pivot,128,main_scan_int,4,"and 1",0.00,41.9048,30.6642,4,4,2026-10-07T07:26:00+02:00
a64fx,pivot,128,main_scan_int,4,"and 1",0.00,41.7237,30.6283,4,4,2026-10-07T07:26:00+02:00
a64fx,pivot,128,main_scan_int,4,"and 1",0.00,41.7264,30.8950,4,4,2026-10-07T07:26:00+02:00
a64fx,pivot,128,main_scan_int,4,"and 2",0.04,14.8864,18.2642,4,4,2026-10-07T07:26:00+02:00
a64fx,pivot,128,main_scan_int,4,"and 2",0.04,14.8763,18.1941,4,4,2026-10-07T07:26:00+02:00
a64fx,pivot,128,main_scan_int,4,"and 2",0.04,14.8923,17.7827,4,4,2026-10-07T07:26:00+02:00
a64fx,pivot,128,main_scan_int,4,"and 2",0.04,14.8782,18.1970,4,4,2026-10-07T07:26:00+02:00
a64fx,pivot,128,main_scan_int,4,"and 2",0.04,14.8977,18.2034,4,4,2026-10-07T07:26:00+02:00
a64fx,pivot,128,main_scan_int,4,"and 3",0.13,8.5631,11.7997,4,4,2026-10-07T07:26:00+02:00
a64fx,pivot,128,main_scan_int,4,"and 3",0.13,8.6600,12.1129,4,4,2026-10-07T07:26:00+02:00
a64fx,pivot,128,main_scan_int,4,"and 3",0.13,8.5177,12.1446,4,4,2026-10-07T07:26:00+02:00
a64fx,pivot,128,main_scan_int,4,"and 3",0.13,8.5840,11.7227,4,4,2026-10-07T07:26:00+02:00
a64fx,pivot,128,main_scan_int,4,"and 3",0.13,8.6677,12.1361,4,4,2026-10-07T07:26:00+02:00
a64fx,pivot,128,main_scan_int,4,"and 1",0.01,31.5851,25.5917,4,4,2026-10-07T07:26:00+02:00
a64fx,pivot,128,main_scan_int,4,"and 1",0.01,31.6151,25.5369,4,4,2026-10-07T07:26:00+02:00
a64fx,pivot,128,main_scan_int,4,"and 1",0.01,31.5282,25.5395,4,4,2026-10-07T07:26:00+02:00
a64fx,pivot,128,main_scan_int,4,"and 1",0.01,27.7270,25.5450,4,4,2026-10-07T07:26:00+02:00
a64fx,pivot,128,main_scan_int,4,"and 1",0.01,29.9948,25.5979,4,4,2026-10-07T07:26:00+02:00
a64fx,pivot,128,main_scan_int,4,"and 2",0.07,12.1705,15.8594,4,4,2026-10-07T07:26:00+02:00
a64fx,pivot,128,main_scan_int,4,"and 2",0.07,12.8410,16.4432,4,4,2026-10-07T07:26:00+02:00
a64fx,pivot,128,main_scan_int,4,"and 2",0.07,12.8491,16.5118,4,4,2026-10-07T07:26:00+02:00
a64fx,pivot,128,main_scan_int,4,"and 2",0.07,11.0252,15.7585,4,4,2026-10-07T07:26:00+02:00
a64fx,pivot,128,main_scan_int,4,"and 2",0.07,12.8372,16.3721,4,4,2026-10-07T07:26:00+02:00
a64fx,pivot,128,main_scan_int,4,"and 3",0.17,7.2887,10.8858,4,4,2026-10-07T07:26:00+02:00
a64fx,pivot,128,main_scan_int,4,"and 3",0.17,7.3808,10.9075,4,4,2026-10-07T07:26:00+02:00
a64fx,pivot,128,main_scan_int,4,"and 3",0.17,7.3708,11.1211,4,4,2026-10-07T07:26:00+02:00
a64fx,pivot,128,main_scan_int,4,"and 3",0.17,7.3006,10.9393,4,4,2026-10-07T07:26:00+02:00
a64fx,pivot,128,main_scan_int,4,"and 3",0.17,7.2466,11.1875,4,4,2026-10-07T07:26:00+02:00
a64fx,pivot,128,main_scan_int,4,"and 1",0.01,22.1954,21.1198,4,4,2026-10-07T07:26:00+02:00
a64fx,pivot,128,main_scan_int,4,"and 1",0.01,24.4205,21.1587,4,4,2026-10-07T07:26:00+02:00
a64fx,pivot,128,main_scan_int,4,"and 1",0.01,24.4320,21.1913,4,4,2026-10-07T07:26:00+02:00
a64fx,pivot,128,main_scan_int,4,"and 1",0.01,24.6648,21.1941,4,4,2026-10-07T07:26:00+02:00
a64fx,pivot,128,main_scan_int,4,"and 1",0.01,23.6423,21.1998,4,4,2026-10-07T07:26:00+02:00
a64fx,pivot,128,main_scan_int,4,"and 2",0.10,10.4475,13.7142,4,4,2026-10-07T07:26:00+02:00
a64fx,pivot,128,main_scan_int,4,"and 2",0.10,10.5359,14.2185,4,4,2026-10-07T07:26:00+02:00
a64fx,pivot,128,main_scan_int,4,"and 2",0.10,10.3941,13.8505,4,4,2026-10-07T07:26:00+02:00
a64fx,pivot,128,main_scan_int,4,"and 2",0.10,10.5654,14.2455,4,4,2026-10-07T07:26:00+02:00
a64fx,pivot,128,main_scan_int,4,"and 2",0.10,8.7225,13.8417,4,4,2026-10-07T07:26:00+02:00
a64fx,pivot,128,main_scan_int,4,"and 3",0.22,6.6422,10.4741,4,4,2026-10-07T07:26:00+02:00
a64fx,pivot,128,main_scan_int,4,"and 3",0.22,6.5588,10.3051,4,4,2026-10-07T07:26:00+02:00
a64fx,pivot,128,main_scan_int,4,"and 3",0.22,6.6936,10.5973,4,4,2026-10-07T07:26:00+02:00
a64fx,pivot,128,main_scan_int,4,"and 3",0.22,6.5281,10.5354,4,4,2026-10-07T07:26:00+02:00
a64fx,pivot,128,main_scan_int,4,"and 3",0.22,6.6036,10.5584,4,4,2026-10-07T07:26:00+02:00
a64fx,pivot,128,main_scan_int,4,"and 1",0.02,21.2034,16.0060,4,4,2026-10-07T07:26:00+02:00
a64fx,pivot,128,main_scan_int,4,"and 1",0.02,21.2021,16.6596,4,4,2026-10-07T07:26:00+02:00
a64fx,pivot,128,main_scan_int,4,"and 1",0.02,21.1573,16.7133,4,4,2026-10-07T07:26:00+02:00
a64fx,pivot,128,main_scan_int,4,"and 1",0.02,21.1094,16.7442,4,4,2026-10-07T07:26:00+02:00
a64fx,pivot,128,main_scan_int,4,"and 1",0.02,21.2208,16.7625,4,4,2026-10-07T07:26:00+02:00
a64fx,pivot,128,main_scan_int,4,"and 2",0.14,8.6441,11.3734,4,4,2026-10-07T07:26:00+02:00
a64fx,pivot,128,main_scan_int,4,"and 2",0.14,8.6547,11.5781,4,4,2026-10-07T07:26:00+02:00
a64fx,pivot,128,main_scan_int,4,"and 2",0.14,8.8314,11.8580,4,4,2026-10-07T07:26:00+02:00
a64fx,pivot,128,main_scan_int,4,"and 2",0.14,8.7970,11.8654,4,4,2026-10-07T07:26:00+02:00
a64fx,pivot,128,main_scan_int,4,"and 2",0.14,8.7015,11.4619,4,4,2026-10-07T07:26:00+02:00
a64fx,pivot,128,main_scan_int,4,"and 3",0.27,5.5892,9.2521,4,4,2026-10-07T07:26:00+02:00
a64fx,pivot,128,main_scan_int,4,"and 3",0.27,5.6387,9.2583,4,4,2026-10-07T07:26:00+02:00
a64fx,pivot,128,main_scan_int,4,"and 3",0.27,5.5807,9.2090,4,4,2026-10-07T07:26:00+02:00
a64fx,pivot,128,main_scan_int,4,"and 3",0.27,5.6181,9.1057,4,4,2026-10-07T07:26:00+02:00
a64fx,pivot,128,main_scan_int,4,"and 3",0.27,5.6190,9.2662,4,4,2026-10-07T07:26:00+02:00
a64fx,pivot,128,main_scan_int,4,"and 1",0.05,25.5117,11.8829,4,4,2026-10-07T07:26:00+02:00
a64fx,pivot,128,main_scan_int,4,"and 1",0.05,25.5212,11.9550,4,4,2026-10-07T07:26:00+02:00
a64fx,pivot,128,main_scan_int,4,"and 1",0.05,25.2837,11.5191,4,4,2026-10-07T07:26:00+02:00
a64fx,pivot,128,main_scan_int,4,"and 1",0.05,25.4369,11.9487,4,4,2026-10-07T07:26:00+02:00
a64fx,pivot,128,main_scan_int,4,"and 1",0.05,25.4515,11.9763,4,4,2026-10-07T07:26:00+02:00
a64fx,pivot,128,main_scan_int,4,"and 2",0.22,7.7440,9.2002,4,4,2026-10-07T07:26:00+02:00
a64fx,pivot,128,main_scan_int,4,"and 2",0.22,7.7354,9.0355,4,4,2026-10-07T07:26:00+02:00
a64fx,pivot,128,main_scan_int,4,"and 2",0.22,7.7438,9.1175,4,4,2026-10-07T07:26:00+02:00
a64fx,pivot,128,main_scan_int,4,"and 2",0.22,7.8529,8.9044,4,4,2026-10-07T07:26:00+02:00
a64fx,pivot,128,main_scan_int,4,"and 2",0.22,7.8424,9.0656,4,4,2026-10-07T07:26:00+02:00
a64fx,pivot,128,main_scan_int,4,"and 3",0.37,4.6039,7.4187,4,4,2026-10-07T07:26:00+02:00
a64fx,pivot,128,main_scan_int,4,"and 3",0.37,4.5652,7.5750,4,4,2026-10-07T07:26:00+02:00
a64fx,pivot,128,main_scan_int,4,"and 3",0.37,4.5404,7.5115,4,4,2026-10-07T07:26:00+02:00
a64fx,pivot,128,main_scan_int,4,"and 3",0.37,4.5913,7.4148,4,4,2026-10-07T07:26:00+02:00
a64fx,pivot,128,main_scan_int,4,"and 3",0.37,4.5625,7.4330,4,4,2026-10-07T07:26:00+02:00
a64fx,pivot,128,main_scan_int,4,"and 1",0.10,19.0261,9.5127,4,4,2026-10-07T07:26:00+02:00
a64fx,pivot,128,main_scan_int,4,"and 1",0.10,18.9074,9.6896,4,4,2026-10-07T07:26:00+02:00
a64fx,pivot,128,main_scan_int,4,"and 1",0.10,18.9760,9.5127,4,4,2026-10-07T07:26:00+02:00
a64fx,pivot,128,main_scan_int,4,"and 1",0.10,18.7535,9.6903,4,4,2026-10-07T07:26:00+02:00
a64fx,pivot,128,main_scan_int,4,"and 1",0.10,19.0524,9.5195,4,4,2026-10-07T07:26:00+02:00
a64fx,pivot,128,main_scan_int,4,"and 2",0.32,5.8226,7.6930,4,4,2026-10-07T07:26:00+02:00
a64fx,pivot,128,main_scan_int,4,"and 2",0.32,5.9005,5.7736,4,4,2026-10-07T07:26:00+02:00
a64fx,pivot,128,main_scan_int,4,"and 2",0.32,5.8745,7.8552,4,4,2026-10-07T07:26:00+02:00
a64fx,pivot,128,main_scan_int,4,"and 2",0.32,5.8381,7.7480,4,4,2026-10-07T07:26:00+02:00
a64fx,pivot,128,main_scan_int,4,"and 2",0.32,5.7744,7.6863,4,4,2026-10-07T07:26:00+02:00
a64fx,pivot,128,main_scan_int,4,"and 3",0.46,3.6463,6.5421,4,4,2026-10-07T07:26:00+02:00
a64fx,pivot,128,main_scan_int,4,"and 3",0.46,3.6821,6.5472,4,4,2026-10-07T07:26:00+02:00
a64fx,pivot,128,main_scan_int,4,"and 3",0.46,3.6680,6.5855,4,4,2026-10-07T07:26:00+02:00
a64fx,pivot,128,main_scan_int,4,"and 3",0.46,3.6897,6.4418,4,4,2026-10-07T07:26:00+02:00
a64fx,pivot,128,main_scan_int,4,"and 3",0.46,3.6509,6.5310,4,4,2026-10-07T07:26:00+02:00
a64fx,pivot,128,main_scan_int,4,"and 1",0.20,11.5866,8.1728,4,4,2026-10-07T07:26:00+02:00
a64fx,pivot,128,main_scan_int,4,"and 1",0.20,11.7745,8.3918,4,4,2026-10-07T07:26:00+02:00
a64fx,pivot,128,main_scan_int,4,"and 1",0.20,11.7425,8.4685,4,4,2026-10-07T07:26:00+02:00
a64fx,pivot,128,main_scan_int,4,"and 1",0.20,11.4436,8.1565,4,4,2026-10-07T07:26:00+02:00
a64fx,pivot,128,main_scan_int,4,"and 1",0.20,11.7518,8.2176,4,4,2026-10-07T07:26:00+02:00
a64fx,pivot,128,main_scan_int,4,"and 2",0.45,4.2751,6.8969,4,4,2026-10-07T07:26:00+02:00
a64fx,pivot,128,main_scan_int,4,"and 2",0.45,4.2467,6.8642,4,4,2026-10-07T07:26:00+02:00
a64fx,pivot,128,main_scan_int,4,"and 2",0.45,4.2748,6.9649,4,4,2026-10-07T07:26:00+02:00
a64fx,pivot,128,main_scan_int,4,"and 2",0.45,4.2724,6.9987,4,4,2026-10-07T07:26:00+02:00
a64fx,pivot,128,main_scan_int,4,"and 2",0.45,4.2753,6.9452,4,4,2026-10-07T07:26:00+02:00
a64fx,pivot,128,main_scan_int,4,"and 3",0.58,3.5120,5.9042,4,4,2026-10-07T07:26:00+02:00
a64fx,pivot,128,main_scan_int,4,"and 3",0.58,3.5165,5.9595,4,4,2026-10-07T07:26:00+02:00
a64fx,pivot,128,main_scan_int,4,"and 3",0.58,3.4747,5.9295,4,4,2026-10-07T07:26:00+02:00
a64fx,pivot,128,main_scan_int,4,"and 3",0.58,3.5099,6.0216,4,4,2026-10-07T07:26:00+02:00
a64fx,pivot,128,main_scan_int,4,"and 3",0.58,3.5174,5.9558,4,4,2026-10-07T07:26:00+02:00
a64fx,pivot,128,main_scan_int,4,"and 1",0.50,5.8683,7.4341,4,4,2026-10-07T07:26:00+02:00
a64fx,pivot,128,main_scan_int,4,"and 1",0.50,5.9018,7.4067,4,4,2026-10-07T07:26:00+02:00
a64fx,pivot,128,main_scan_int,4,"and 1",0.50,5.8656,7.4049,4,4,2026-10-07T07:26:00+02:00
a64fx,pivot,128,main_scan_int,4,"and 1",0.50,5.8517,7.3654,4,4,2026-10-07T07:26:00+02:00
a64fx,pivot,128,main_scan_int,4,"and 1",0.50,5.8173,7.5031,4,4,2026-10-07T07:26:00+02:00
a64fx,pivot,128,main_scan_int,4,"and 2",0.71,5.3808,6.2689,4,4,2026-10-07T07:26:00+02:00
a64fx,pivot,128,main_scan_int,4,"and 2",0.71,5.4235,6.2853,4,4,2026-10-07T07:26:00+02:00
a64fx,pivot,128,main_scan_int,4,"and 2",0.71,5.3911,6.3540,4,4,2026-10-07T07:26:00+02:00
a64fx,pivot,128,main_scan_int,4,"and 2",0.71,5.4058,6.3152,4,4,2026-10-07T07:26:00+02:00
a64fx,pivot,128,main_scan_int,4,"and 2",0.71,5.4547,6.1965,4,4,2026-10-07T07:26:00+02:00
a64fx,pivot,128,main_scan_int,4,"and 3",0.79,5.1723,5.4771,4,4,2026-10-07T07:26:00+02:00
a64fx,pivot,128,main_scan_int,4,"and 3",0.79,5.1967,5.4579,4,4,2026-10-07T07:26:00+02:00
a64fx,pivot,128,main_scan_int,4,"and 3",0.79,5.1737,5.4222,4,4,2026-10-07T07:26:00+02:00
a64fx,pivot,128,main_scan_int,4,"and 3",0.79,5.1507,5.4688,4,4,2026-10-07T07:26:00+02:00
a64fx,pivot,128,main_scan_int,4,"and 3",0.79,5.1701,5.4276,4,4,2026-10-07T07:26:00+02:00
a64fx,pivot,128,main_scan_int,4,"and 1",1.00,31.9235,27.4481,4,4,2026-10-07T07:26:00+02:00
a64fx,pivot,128,main_scan_int,4,"and 1",1.00,31.7151,27.4761,4,4,2026-10-07T07:26:00+02:00
a64fx,pivot,128,main_scan_int,4,"and 1",1.00,29.9808,27.5007,4,4,2026-10-07T07:26:00+02:00
a64fx,pivot,128,main_scan_int,4,"and 1",1.00,31.7308,27.4741,4,4,2026-10-07T07:26:00+02:00
a64fx,pivot,128,main_scan_int,4,"and 1",1.00,28.4635,24.9625,4,4,2026-10-07T07:26:00+02:00
a64fx,pivot,128,main_scan_int,4,"and 2",1.00,25.9435,16.7211,4,4,2026-10-07T07:26:00+02:00
a64fx,pivot,128,main_scan_int,4,"and 2",1.00,25.9089,17.0732,4,4,2026-10-07T07:26:00+02:00
a64fx,pivot,128,main_scan_int,4,"and 2",1.00,25.8986,17.0844,4,4,2026-10-07T07:26:00+02:00
a64fx,pivot,128,main_scan_int,4,"and 2",1.00,25.9764,17.0715,4,4,2026-10-07T07:26:00+02:00
a64fx,pivot,128,main_scan_int,4,"and 2",1.00,25.9523,17.0744,4,4,2026-10-07T07:26:00+02:00
a64fx,pivot,128,main_scan_int,4,"and 3",1.00,9.2913,11.7701,4,4,2026-10-07T07:26:00+02:00
a64fx,pivot,128,main_scan_int,4,"and 3",1.00,9.7611,11.6995,4,4,2026-10-07T07:26:00+02:00
a64fx,pivot,128,main_scan_int,4,"and 3",1.00,9.7564,12.0874,4,4,2026-10-07T07:26:00+02:00
a64fx,pivot,128,main_scan_int,4,"and 3",1.00,9.6650,12.1072,4,4,2026-10-07T07:26:00+02:00
a64fx,pivot,128,main_scan_int,4,"and 3",1.00,9.3686,11.7655,4,4,2026-10-07T07:26:00+02:00
a64fx,pivot,256,main_scan_int,4,"and 1",0.00,48.6160,26.0782,4,4,2026-10-07T07:26:08+02:00
a64fx,pivot,256,main_scan_int,4,"and 1",0.00,48.5517,26.0625,4,4,2026-10-07T07:26:08+02:00
a64fx,pivot,256,main_scan_int,4,"and 1",0.00,48.5861,27.3679,4,4,2026-10-07T07:26:08+02:00
a64fx,pivot,256,main_scan_int,4,"and 1",0.00,48.6183,26.8356,4,4,2026-10-07T07:26:08+02:00
a64fx,pivot,256,main_scan_int,4,"and 1",0.00,44.2310,27.3377,4,4,2026-10-07T07:26:08+02:00
a64fx,pivot,256,main_scan_int,4,"and 2",0.03,14.2602,14.7606,4,4,2026-10-07T07:26:08+02:00
a64fx,pivot,256,main_scan_int,4,"and 2",0.03,14.4932,15.1943,4,4,2026-10-07T07:26:08+02:00
a64fx,pivot,256,main_scan_int,4,"and 2",0.03,14.0160,14.8618,4,4,2026-10-07T07:26:08+02:00
a64fx,pivot,256,main_scan_int,4,"and 2",0.03,14.5696,15.2413,4,4,2026-10-07T07:26:08+02:00
a64fx,pivot,256,main_scan_int,4,"and 2",0.03,14.5089,15.1982,4,4,2026-10-07T07:26:08+02:00
a64fx,pivot,256,main_scan_int,4,"and 3",0.10,9.8716,10.7556,4,4,2026-10-07T07:26:08+02:00
a64fx,pivot,256,main_scan_int,4,"and 3",0.10,10.0904,11.0986,4,4,2026-10-07T07:26:08+02:00
a64fx,pivot,256,main_scan_int,4,"and 3",0.10,9.8230,10.6964,4,4,2026-10-07T07:26:08+02:00
a64fx,pivot,256,main_scan_int,4,"and 3",0.10,10.1003,11.1171,4,4,2026-10-07T07:26:08+02:00
a64fx,pivot,256,main_scan_int,4,"and 3",0.10,10.0367,11.1076,4,4,2026-10-07T07:26:08+02:00
a64fx,pivot,256,main_scan_int,4,"and 1",0.00,42.2169,24.9845,4,4,2026-10-07T07:26:08+02:00
a64fx,pivot,256,main_scan_int,4,"and 1",0.00,42.3973,24.9628,4,4,2026-10-07T07:26:08+02:00
a64fx,pivot,256,main_scan_int,4,"and 1",0.00,42.3295,24.8962,4,4,2026-10-07T07:26:08+02:00
a64fx,pivot,256,main_scan_int,4,"and 1",0.00,42.3155,24.8888,4,4,2026-10-07T07:26:08+02:00
a64fx,pivot,256,main_scan_int,4,"and 1",0.00,42.2958,24.9188,4,4,2026-10-07T07:26:08+02:00
a64fx,pivot,256,main_scan_int,4,"and 2",0.04,14.9233,15.0873,4,4,2026-10-07T07:26:08+02:00
a64fx,pivot,256,main_scan_int,4,"and 2",0.04,14.4108,14.5981,4,4,2026-10-07T07:26:08+02:00
a64fx,pivot,256,main_scan_int,4,"and 2",0.04,14.9710,15.0737,4,4,2026-10-07T07:26:08+02:00
a64fx,pivot,256,main_scan_int,4,"and 2",0.04,15.0184,15.0355,4,4,2026-10-07T07:26:08+02:00
a64fx,pivot,256,main_scan_int,4,"and 2",0.04,14.0689,14.8179,4,4,2026-10-07T07:26:08+02:00
a64fx,pivot,256,main_scan_int,4,"and 3",0.13,8.6735,10.0713,4,4,2026-10-07T07:26:08+02:00
a64fx,pivot,256,main_scan_int,4,"and 3",0.13,8.5712,9.7836,4,4,2026-10-07T07:26:08+02:00
a64fx,pivot,256,main_scan_int,4,"and 3",0.13,8.5060,9.5328,4,4,2026-10-07T07:26:08+02:00
a64fx,pivot,256,main_scan_int,4,"and 3",0.13,8.4396,9.5911,4,4,2026-10-07T07:26:08+02:00
a64fx,pivot,256,main_scan_int,4,"and 3",0.13,8.6653,9.8851,4,4,2026-10-07T07:26:08+02:00
a64fx,pivot,256,main_scan_int,4,"and 1",0.01,31.8549,19.7685,4,4,2026-10-07T07:26:08+02:00
a64fx,pivot,256,main_scan_int,4,"and 1",0.01,31.7744,19.6379,4,4,2026-10-07T07:26:08+02:00
a64fx,pivot,256,main_scan_int,4,"and 1",0.01,32.0499,19.9332,4,4,2026-10-07T07:26:08+02:00
a64fx,pivot,256,main_scan_int,4,"and 1",0.01,31.9613,18.6005,4,4,2026-10-07T07:26:08+02:00
a64fx,pivot,256,main_scan_int,4,"and 1",0.01,31.9474,20.7085,4,4,2026-10-07T07:26:08+02:00
a64fx,pivot,256,main_scan_int,4,"and 2",0.07,12.7953,13.4047,4,4,2026-10-07T07:26:08+02:00
a64fx,pivot,256,main_scan_int,4,"and 2",0.07,11.8784,13.2308,4,4,2026-10-07T07:26:08+02:00
a64fx,pivot,256,main_scan_int,4,"and 2",0.07,12.8280,13.4693,4,4,2026-10-07T07:26:08+02:00
a64fx,pivot,256,main_scan_int,4,"and 2",0.07,12.5011,12.8875,4,4,2026-10-07T07:26:08+02:00
a64fx,pivot,256,main_scan_int,4,"and 2",0.07,12.8089,13.4143,4,4,2026-10-07T07:26:08+02:00
a64fx,pivot,256,main_scan_int,4,"and 3",0.17,7.3251,9.1115,4,4,2026-10-07T07:26:08+02:00
a64fx,pivot,256,main_scan_int,4,"and 3",0.17,7.2727,8.9113,4,4,2026-10-07T07:26:08+02:00
a64fx,pivot,256,main_scan_int,4,"and 3",0.17,7.3055,8.9406,4,4,2026-10-07T07:26:08+02:00
a64fx,pivot,256,main_scan_int,4,"and 3",0.17,7.2503,8.9085,4,4,2026-10-07T07:26:08+02:00
a64fx,pivot,256,main_scan_int,4,"and 3",0.17,7.4390,8.6358,4,4,2026-10-07T07:26:08+02:00
a64fx,pivot,256,main_scan_int,4,"and 1",0.01,24.6018,16.2367,4,4,2026-10-07T07:26:08+02:00
a64fx,pivot,256,main_scan_int,4,"and 1",0.01,24.6898,16.6923,4,4,2026-10-07T07:26:08+02:00
a64fx,pivot,256,main_scan_int,4,"and 1",0.01,24.6450,17.4775,4,4,2026-10-07T07:26:08+02:00
a64fx,pivot,256,main_scan_int,4,"and 1",0.01,24.5914,17.3766,4,4,2026-10-07T07:26:08+02:00
a64fx,pivot,256,main_scan_int,4,"and 1",0.01,24.6830,17.4940,4,4,2026-10-07T07:26:08+02:00
a64fx,pivot,256,main_scan_int,4,"and 2",0.10,9.8569,11.7074,4,4,2026-10-07T07:26:08+02:00
a64fx,pivot,256,main_scan_int,4,"and 2",0.10,10.5580,11.7169,4,4,2026-10-07T07:26:08+02:00
a64fx,pivot,256,main_scan_int,4,"and 2",0.10,10.2158,11.6985,4,4,2026-10-07T07:26:08+02:00
a64fx,pivot,256,main_scan_int,4,"and 2",0.10,10.3426,11.5839,4,4,2026-10-07T07:26:08+02:00
a64fx,pivot,256,main_scan_int,4,"and 2",0.10,10.0384,11.0605,4,4,2026-10-07T07:26:08+02:00
a64fx,pivot,256,main_scan_int,4,"and 3",0.22,6.6272,8.6204,4,4,2026-10-07T07:26:08+02:00
a64fx,pivot,256,main_scan_int,4,"and 3",0.22,6.6271,8.6607,4,4,2026-10-07T07:26:08+02:00
a64fx,pivot,256,main_scan_int,4,"and 3",0.22,6.5169,8.4522,4,4,2026-10-07T07:26:08+02:00
a64fx,pivot,256,main_scan_int,4,"and 3",0.22,6.6785,8.5740,4,4,2026-10-07T07:26:08+02:00
a64fx,pivot,256,main_scan_int,4,"and 3",0.22,6.6538,8.6764,4,4,2026-10-07T07:26:08+02:00
a64fx,pivot,256,main_scan_int,4,"and 1",0.02,20.8091,13.7446,4,4,2026-10-07T07:26:08+02:00
a64fx,pivot,256,main_scan_int,4,"and 1",0.02,20.8309,14.2886,4,4,2026-10-07T07:26:08+02:00
a64fx,pivot,256,main_scan_int,4,"and 1",0.02,20.2367,13.9972,4,4,2026-10-07T07:26:08+02:00
a64fx,pivot,256,main_scan_int,4,"and 1",0.02,20.9457,13.9604,4,4,2026-10-07T07:26:08+02:00
a64fx,pivot,256,main_scan_int,4,"and 1",0.02,20.8618,14.2492,4,4,2026-10-07T07:26:08+02:00
a64fx,pivot,256,main_scan_int,4,"and 2",0.14,8.5959,9.6198,4,4,2026-10-07T07:26:08+02:00
a64fx,pivot,256,main_scan_int,4,"and 2",0.14,8.8047,9.9626,4,4,2026-10-07T07:26:08+02:00
a64fx,pivot,256,main_scan_int,4,"and 2",0.14,8.6139,9.9617,4,4,2026-10-07T07:26:08+02:00
a64fx,pivot,256,main_scan_int,4,"and 2",0.14,8.6437,9.6547,4,4,2026-10-07T07:26:08+02:00
a64fx,pivot,256,main_scan_int,4,"and 2",0.14,8.7960,9.9667,4,4,2026-10-07T07:26:08+02:00
a64fx,pivot,256,main_scan_int,4,"and 3",0.27,5.5994,7.7240,4,4,2026-10-07T07:26:08+02:00
a64fx,pivot,256,main_scan_int,4,"and 3",0.27,5.6513,7.7858,4,4,2026-10-07T07:26:08+02:00
a64fx,pivot,256,main_scan_int,4,"and 3",0.27,5.6003,7.8739,4,4,2026-10-07T07:26:08+02:00
a64fx,pivot,256,main_scan_int,4,"and 3",0.27,5.6151,7.8602,4,4,2026-10-07T07:26:08+02:00
a64fx,pivot,256,main_scan_int,4,"and 3",0.27,5.6498,7.7653,4,4,2026-10-07T07:26:08+02:00
a64fx,pivot,256,main_scan_int,4,"and 1",0.05,25.4332,10.5915,4,4,2026-10-07T07:26:08+02:00
a64fx,pivot,256,main_scan_int,4,"and 1",0.05,25.4281,10.7134,4,4,2026-10-07T07:26:08+02:00
a64fx,pivot,256,main_scan_int,4,"and 1",0.05,25.4166,10.7362,4,4,2026-10-07T07:26:08+02:00
a64fx,pivot,256,main_scan_int,4,"and 1",0.05,24.2953,10.4434,4,4,2026-10-07T07:26:08+02:00
a64fx,pivot,256,main_scan_int,4,"and 1",0.05,25.4518,10.5100,4,4,2026-10-07T07:26:08+02:00
a64fx,pivot,256,main_scan_int,4,"and 2",0.22,7.6416,7.8594,4,4,2026-10-07T07:26:08+02:00
a64fx,pivot,256,main_scan_int,4,"and 2",0.22,7.7628,7.9113,4,4,2026-10-07T07:26:08+02:00
a64fx,pivot,256,main_scan_int,4,"and 2",0.22,7.8342,7.9577,4,4,2026-10-07T07:26:08+02:00
a64fx,pivot,256,main_scan_int,4,"and 2",0.22,7.7203,7.8243,4,4,2026-10-07T07:26:08+02:00
a64fx,pivot,256,main_scan_int,4,"and 2",0.22,7.6908,7.9383,4,4,2026-10-07T07:26:08+02:00
a64fx,pivot,256,main_scan_int,4,"and 3",0.37,4.5971,6.4032,4,4,2026-10-07T07:26:08+02:00
a64fx,pivot,256,main_scan_int,4,"and 3",0.37,4.5748,6.4545,4,4,2026-10-07T07:26:08+02:00
a64fx,pivot,256,main_scan_int,4,"and 3",0.37,4.5933,6.5231,4,4,2026-10-07T07:26:08+02:00
a64fx,pivot,256,main_scan_int,4,"and 3",0.37,4.5954,6.4724,4,4,2026-10-07T07:26:08+02:00
a64fx,pivot,256,main_scan_int,4,"and 3",0.37,4.5751,6.4280,4,4,2026-10-07T07:26:08+02:00
a64fx,pivot,256,main_scan_int,4,"and 1",0.10,18.2703,8.6219,4,4,2026-10-07T07:26:08+02:00
a64fx,pivot,256,main_scan_int,4,"and 1",0.10,19.0067,8.7407,4,4,2026-10-07T07:26:08+02:00
a64fx,pivot,256,main_scan_int,4,"and 1",0.10,18.8730,8.7071,4,4,2026-10-07T07:26:08+02:00
a64fx,pivot,256,main_scan_int,4,"and 1",0.10,18.9760,8.8461,4,4,2026-10-07T07:26:08+02:00
a64fx,pivot,256,main_scan_int,4,"and 1",0.10,19.0092,8.6561,4,4,2026-10-07T07:26:08+02:00
a64fx,pivot,256,main_scan_int,4,"and 2",0.32,5.8767,6.8630,4,4,2026-10-07T07:26:08+02:00
a64fx,pivot,256,main_scan_int,4,"and 2",0.32,5.8187,6.9864,4,4,2026-10-07T07:26:08+02:00
a64fx,pivot,256,main_scan_int,4,"and 2",0.32,5.8527,6.9225,4,4,2026-10-07T07:26:08+02:00
a64fx,pivot,256,main_scan_int,4,"and 2",0.32,5.7750,6.8649,4,4,2026-10-07T07:26:08+02:00
a64fx,pivot,256,main_scan_int,4,"and 2",0.32,5.8772,6.8786,4,4,2026-10-07T07:26:08+02:00
a64fx,pivot,256,main_scan_int,4,"and 3",0.46,3.6819,5.6718,4,4,2026-10-07T07:26:08+02:00
a64fx,pivot,256,main_scan_int,4,"and 3",0.46,3.6781,5.6602,4,4,2026-10-07T07:26:08+02:00
a64fx,pivot,256,main_scan_int,4,"and 3",0.46,3.6476,5.6569,4,4,2026-10-07T07:26:08+02:00
a64fx,pivot,256,main_scan_int,4,"and 3",0.46,3.6795,5.7086,4,4,2026-10-07T07:26:08+02:00
a64fx,pivot,256,main_scan_int,4,"and 3",0.46,3.6899,5.6689,4,4,2026-10-07T07:26:08+02:00
a64fx,pivot,256,main_scan_int,4,"and 1",0.20,11.7413,7.6823,4,4,2026-10-07T07:26:08+02:00
a64fx,pivot,256,main_scan_int,4,"and 1",0.20,11.7462,7.7114,4,4,2026-10-07T07:26:08+02:00
a64fx,pivot,256,main_scan_int,4,"and 1",0.20,11.5044,7.3961,4,4,2026-10-07T07:26:08+02:00
a64fx,pivot,256,main_scan_int,4,"and 1",0.20,11.7567,7.5927,4,4,2026-10-07T07:26:08+02:00
a64fx,pivot,256,main_scan_int,4,"and 1",0.20,11.7422,7.6940,4,4,2026-10-07T07:26:08+02:00
a64fx,pivot,256,main_scan_int,4,"and 2",0.45,4.2934,6.1945,4,4,2026-10-07T07:26:08+02:00
a64fx,pivot,256,main_scan_int,4,"and 2",0.45,4.2634,6.1716,4,4,2026-10-07T07:26:08+02:00
a64fx,pivot,256,main_scan_int,4,"and 2",0.45,4.2804,6.1929,4,4,2026-10-07T07:26:08+02:00
a64fx,pivot,256,main_scan_int,4,"and 2",0.45,4.2617,6.1764,4,4,2026-10-07T07:26:08+02:00
a64fx,pivot,256,main_scan_int,4,"and 2",0.45,4.2924,6.1982,4,4,2026-10-07T07:26:08+02:00
a64fx,pivot,256,main_scan_int,4,"and 3",0.58,3.5066,5.1763,4,4,2026-10-07T07:26:08+02:00
a64fx,pivot,256,main_scan_int,4,"and 3",0.58,3.5181,5.1992,4,4,2026-10-07T07:26:08+02:00
a64fx,pivot,256,main_scan_int,4,"and 3",0.58,3.4987,5.2118,4,4,2026-10-07T07:26:08+02:00
a64fx,pivot,256,main_scan_int,4,"and 3",0.58,3.5153,5.2148,4,4,2026-10-07T07:26:08+02:00
a64fx,pivot,256,main_scan_int,4,"and 3",0.58,3.5121,5.2132,4,4,2026-10-07T07:26:08+02:00
a64fx,pivot,256,main_scan_int,4,"and 1",0.50,5.8913,6.7278,4,4,2026-10-07T07:26:08+02:00
a64fx,pivot,256,main_scan_int,4,"and 1",0.50,5.8682,6.7053,4,4,2026-10-07T07:26:08+02:00
a64fx,pivot,256,main_scan_int,4,"and 1",0.50,5.8599,6.7036,4,4,2026-10-07T07:26:08+02:00
a64fx,pivot,256,main_scan_int,4,"and 1",0.50,5.8246,6.7792,4,4,2026-10-07T07:26:08+02:00
a64fx,pivot,256,main_scan_int,4,"and 1",0.50,5.8992,6.7126,4,4,2026-10-07T07:26:08+02:00
a64fx,pivot,256,main_scan_int,4,"and 2",0.71,5.4178,5.5251,4,4,2026-10-07T07:26:08+02:00
a64fx,pivot,256,main_scan_int,4,"and 2",0.71,5.4397,5.5388,4,4,2026-10-07T07:26:08+02:00
a64fx,pivot,256,main_scan_int,4,"and 2",0.71,5.3909,5.5927,4,4,2026-10-07T07:26:08+02:00
a64fx,pivot,256,main_scan_int,4,"and 2",0.71,5.4116,5.5773,4,4,2026-10-07T07:26:08+02:00
a64fx,pivot,256,main_scan_int,4,"and 2",0.71,5.4293,5.5896,4,4,2026-10-07T07:26:08+02:00
a64fx,pivot,256,main_scan_int,4,"and 3",0.79,5.1640,4.7733,4,4,2026-10-07T07:26:08+02:00
a64fx,pivot,256,main_scan_int,4,"and 3",0.79,5.1828,4.7715,4,4,2026-10-07T07:26:08+02:00
a64fx,pivot,256,main_scan_int,4,"and 3",0.79,5.2079,4.7888,4,4,2026-10-07T07:26:08+02:00
a64fx,pivot,256,main_scan_int,4,"and 3",0.79,5.1904,4.7569,4,4,2026-10-07T07:26:08+02:00
a64fx,pivot,256,main_scan_int,4,"and 3",0.79,5.2080,4.7903,4,4,2026-10-07T07:26:08+02:00
a64fx,pivot,256,main_scan_int,4,"and 1",1.00,31.8116,25.3021,4,4,2026-10-07T07:26:08+02:00
a64fx,pivot,256,main_scan_int,4,"and 1",1.00,31.8318,25.2998,4,4,2026-10-07T07:26:08+02:00
a64fx,pivot,256,main_scan_int,4,"and 1",1.00,31.9989,25.1886,4,4,2026-10-07T07:26:08+02:00
a64fx,pivot,256,main_scan_int,4,"and 1",1.00,31.9899,25.1583,4,4,2026-10-07T07:26:08+02:00
a64fx,pivot,256,main_scan_int,4,"and 1",1.00,29.0688,25.2463,4,4,2026-10-07T07:26:08+02:00
a64fx,pivot,256,main_scan_int,4,"and 2",1.00,25.7853,13.9024,4,4,2026-10-07T07:26:08+02:00
a64fx,pivot,256,main_scan_int,4,"and 2",1.00,25.4214,14.8613,4,4,2026-10-07T07:26:08+02:00
a64fx,pivot,256,main_scan_int,4,"and 2",1.00,25.8449,14.8220,4,4,2026-10-07T07:26:08+02:00
a64fx,pivot,256,main_scan_int,4,"and 2",1.00,23.2788,14.7131,4,4,2026-10-07T07:26:08+02:00
a64fx,pivot,256,main_scan_int,4,"and 2",1.00,25.8629,14.2063,4,4,2026-10-07T07:26:08+02:00
a64fx,pivot,256,main_scan_int,4,"and 3",1.00,9.7427,10.1470,4,4,2026-10-07T07:26:08+02:00
a64fx,pivot,256,main_scan_int,4,"and 3",1.00,9.7744,10.1507,4,4,2026-10-07T07:26:08+02:00
a64fx,pivot,256,main_scan_int,4,"and 3",1.00,9.5872,10.0143,4,4,2026-10-07T07:26:08+02:00
a64fx,pivot,256,main_scan_int,4,"and 3",1.00,9.3973,9.8467,4,4,2026-10-07T07:26:08+02:00
a64fx,pivot,256,main_scan_int,4,"and 3",1.00,9.6606,9.9737,4,4,2026-10-07T07:26:08+02:00
a64fx,pivot,512,main_scan_int,4,"and 1",0.00,48.7710,37.4539,4,4,2026-10-07T07:26:16+02:00
a64fx,pivot,512,main_scan_int,4,"and 1",0.00,48.9046,37.5177,4,4,2026-10-07T07:26:16+02:00
a64fx,pivot,512,main_scan_int,4,"and 1",0.00,45.4281,37.7751,4,4,2026-10-07T07:26:16+02:00
a64fx,pivot,512,main_scan_int,4,"and 1",0.00,49.3603,37.4908,4,4,2026-10-07T07:26:16+02:00
a64fx,pivot,512,main_scan_int,4,"and 1",0.00,49.1797,37.5583,4,4,2026-10-07T07:26:16+02:00
a64fx,pivot,512,main_scan_int,4,"and 2",0.03,14.6738,20.4830,4,4,2026-10-07T07:26:16+02:00
a64fx,pivot,512,main_scan_int,4,"and 2",0.03,14.4208,20.4408,4,4,2026-10-07T07:26:16+02:00
a64fx,pivot,512,main_scan_int,4,"and 2",0.03,14.3270,20.3588,4,4,2026-10-07T07:26:16+02:00
a64fx,pivot,512,main_scan_int,4,"and 2",0.03,14.2203,19.9294,4,4,2026-10-07T07:26:16+02:00
a64fx,pivot,512,main_scan_int,4,"and 2",0.03,14.5768,19.2074,4,4,2026-10-07T07:26:16+02:00
a64fx,pivot,512,main_scan_int,4,"and 3",0.10,10.1079,14.6038,4,4,2026-10-07T07:26:16+02:00
a64fx,pivot,512,main_scan_int,4,"and 3",0.10,9.6001,14.2071,4,4,2026-10-07T07:26:16+02:00
a64fx,pivot,512,main_scan_int,4,"and 3",0.10,9.9149,14.5907,4,4,2026-10-07T07:26:16+02:00
a64fx,pivot,512,main_scan_int,4,"and 3",0.10,10.0894,14.6240,4,4,2026-10-07T07:26:16+02:00
a64fx,pivot,512,main_scan_int,4,"and 3",0.10,10.1171,14.6181,4,4,2026-10-07T07:26:16+02:00
a64fx,pivot,512,main_scan_int,4,"and 1",0.00,42.4426,35.3484,4,4,2026-10-07T07:26:16+02:00
a64fx,pivot,512,main_scan_int,4,"and 1",0.00,42.5177,35.4546,4,4,2026-10-07T07:26:16+02:00
a64fx,pivot,512,main_scan_int,4,"and 1",0.00,42.3420,35.3819,4,4,2026-10-07T07:26:16+02:00
a64fx,pivot,512,main_scan_int,4,"and 1",0.00,42.3165,35.0576,4,4,2026-10-07T07:26:16+02:00
a64fx,pivot,512,main_scan_int,4,"and 1",0.00,42.9255,32.6972,4,4,2026-10-07T07:26:16+02:00
a64fx,pivot,512,main_scan_int,4,"and 2",0.04,14.9454,20.7273,4,4,2026-10-07T07:26:16+02:00
a64fx,pivot,512,main_scan_int,4,"and 2",0.04,14.9308,20.8252,4,4,2026-10-07T07:26:16+02:00
a64fx,pivot,512,main_scan_int,4,"and 2",0.04,14.9270,20.7267,4,4,2026-10-07T07:26:16+02:00
a64fx,pivot,512,main_scan_int,4,"and 2",0.04,14.9280,20.7115,4,4,2026-10-07T07:26:16+02:00
a64fx,pivot,512,main_scan_int,4,"and 2",0.04,14.8980,20.7612,4,4,2026-10-07T07:26:16+02:00
a64fx,pivot,512,main_scan_int,4,"and 3",0.13,8.4924,13.3491,4,4,2026-10-07T07:26:16+02:00
a64fx,pivot,512,main_scan_int,4,"and 3",0.13,8.6594,13.5657,4,4,2026-10-07T07:26:16+02:00
a64fx,pivot,512,main_scan_int,4,"and 3",0.13,8.4020,13.3080,4,4,2026-10-07T07:26:16+02:00
a64fx,pivot,512,main_scan_int,4,"and 3",0.13,8.6616,13.5145,4,4,2026-10-07T07:26:16+02:00
a64fx,pivot,512,main_scan_int,4,"and 3",0.13,8.5181,13.3851,4,4,2026-10-07T07:26:16+02:00
a64fx,pivot,512,main_scan_int,4,"and 1",0.01,32.0190,28.1640,4,4,2026-10-07T07:26:16+02:00
a64fx,pivot,512,main_scan_int,4,"and 1",0.01,32.0089,30.0549,4,4,2026-10-07T07:26:16+02:00
a64fx,pivot,512,main_scan_int,4,"and 1",0.01,32.0446,30.0265,4,4,2026-10-07T07:26:16+02:00
a64fx,pivot,512,main_scan_int,4,"and 1",0.01,32.0368,32.1121,4,4,2026-10-07T07:26:16+02:00
a64fx,pivot,512,main_scan_int,4,"and 1",0.01,32.1026,32.2805,4,4,2026-10-07T07:26:16+02:00
a64fx,pivot,512,main_scan_int,4,"and 2",0.07,12.8308,19.8561,4,4,2026-10-07T07:26:16+02:00
a64fx,pivot,512,main_scan_int,4,"and 2",0.07,12.8294,19.7379,4,4,2026-10-07T07:26:16+02:00
a64fx,pivot,512,main_scan_int,4,"and 2",0.07,12.4079,18.9797,4,4,2026-10-07T07:26:16+02:00
a64fx,pivot,512,main_scan_int,4,"and 2",0.07,12.8073,19.6182,4,4,2026-10-07T07:26:16+02:00
a64fx,pivot,512,main_scan_int,4,"and 2",0.07,12.8127,19.7296,4,4,2026-10-07T07:26:16+02:00
a64fx,pivot,512,main_scan_int,4,"and 3",0.17,7.1423,12.4346,4,4,2026-10-07T07:26:16+02:00
a64fx,pivot,512,main_scan_int,4,"and 3",0.17,7.3322,12.8056,4,4,2026-10-07T07:26:16+02:00
a64fx,pivot,512,main_scan_int,4,"and 3",0.17,7.4257,12.9517,4,4,2026-10-07T07:26:16+02:00
a64fx,pivot,512,main_scan_int,4,"and 3",0.17,7.1075,12.9576,4,4,2026-10-07T07:26:16+02:00
a64fx,pivot,512,main_scan_int,4,"and 3",0.17,7.3328,12.5441,4,4,2026-10-07T07:26:16+02:00
a64fx,pivot,512,main_scan_int,4,"and 1",0.01,24.7833,28.9051,4,4,2026-10-07T07:26:16+02:00
a64fx,pivot,512,main_scan_int,4,"and 1",0.01,24.7557,29.0482,4,4,2026-10-07T07:26:16+02:00
a64fx,pivot,512,main_scan_int,4,"and 1",0.01,24.7951,28.9207,4,4,2026-10-07T07:26:16+02:00
a64fx,pivot,512,main_scan_int,4,"and 1",0.01,24.7937,29.0093,4,4,2026-10-07T07:26:16+02:00
a64fx,pivot,512,main_scan_int,4,"and 1",0.01,23.2041,29.0681,4,4,2026-10-07T07:26:16+02:00
a64fx,pivot,512,main_scan_int,4,"and 2",0.10,10.4086,17.2665,4,4,2026-10-07T07:26:16+02:00
a64fx,pivot,512,main_scan_int,4,"and 2",0.10,10.5618,18.0996,4,4,2026-10-07T07:26:16+02:00
a64fx,pivot,512,main_scan_int,4,"and 2",0.10,10.1767,16.8344,4,4,2026-10-07T07:26:16+02:00
a64fx,pivot,512,main_scan_int,4,"and 2",0.10,10.5477,18.0962,4,4,2026-10-07T07:26:16+02:00
a64fx,pivot,512,main_scan_int,4,"and 2",0.10,10.3605,18.1388,4,4,2026-10-07T07:26:16+02:00
a64fx,pivot,512,main_scan_int,4,"and 3",0.22,6.5521,12.9095,4,4,2026-10-07T07:26:16+02:00
a64fx,pivot,512,main_scan_int,4,"and 3",0.22,6.6290,12.9370,4,4,2026-10-07T07:26:16+02:00
a64fx,pivot,512,main_scan_int,4,"and 3",0.22,6.5934,12.9176,4,4,2026-10-07T07:26:16+02:00
a64fx,pivot,512,main_scan_int,4,"and 3",0.22,6.5884,12.9316,4,4,2026-10-07T07:26:16+02:00
a64fx,pivot,512,main_scan_int,4,"and 3",0.22,6.6042,12.6264,4,4,2026-10-07T07:26:16+02:00
a64fx,pivot,512,main_scan_int,4,"and 1",0.02,20.8613,25.7964,4,4,2026-10-07T07:26:16+02:00
a64fx,pivot,512,main_scan_int,4,"and 1",0.02,20.8998,25.7035,4,4,2026-10-07T07:26:16+02:00
a64fx,pivot,512,main_scan_int,4,"and 1",0.02,20.9953,25.9097,4,4,2026-10-07T07:26:16+02:00
a64fx,pivot,512,main_scan_int,4,"and 1",0.02,21.1373,25.8474,4,4,2026-10-07T07:26:16+02:00
a64fx,pivot,512,main_scan_int,4,"and 1",0.02,21.0337,25.9474,4,4,2026-10-07T07:26:16+02:00
a64fx,pivot,512,main_scan_int,4,"and 2",0.14,8.6624,15.8738,4,4,2026-10-07T07:26:16+02:00
a64fx,pivot,512,main_scan_int,4,"and 2",0.14,8.8060,16.4466,4,4,2026-10-07T07:26:16+02:00
a64fx,pivot,512,main_scan_int,4,"and 2",0.14,8.6890,16.4466,4,4,2026-10-07T07:26:16+02:00
a64fx,pivot,512,main_scan_int,4,"and 2",0.14,8.8165,16.4340,4,4,2026-10-07T07:26:16+02:00
a64fx,pivot,512,main_scan_int,4,"and 2",0.14,8.7414,15.9569,4,4,2026-10-07T07:26:16+02:00
a64fx,pivot,512,main_scan_int,4,"and 3",0.27,5.5965,12.2606,4,4,2026-10-07T07:26:16+02:00
a64fx,pivot,512,main_scan_int,4,"and 3",0.27,5.6217,12.0784,4,4,2026-10-07T07:26:16+02:00
a64fx,pivot,512,main_scan_int,4,"and 3",0.27,5.6058,12.4045,4,4,2026-10-07T07:26:16+02:00
a64fx,pivot,512,main_scan_int,4,"and 3",0.27,5.5887,12.3769,4,4,2026-10-07T07:26:16+02:00
a64fx,pivot,512,main_scan_int,4,"and 3",0.27,5.6058,12.3874,4,4,2026-10-07T07:26:16+02:00
a64fx,pivot,512,main_scan_int,4,"and 1",0.05,25.4618,22.6776,4,4,2026-10-07T07:26:16+02:00
a64fx,pivot,512,main_scan_int,4,"and 1",0.05,25.1567,22.6613,4,4,2026-10-07T07:26:16+02:00
a64fx,pivot,512,main_scan_int,4,"and 1",0.05,25.2160,22.1431,4,4,2026-10-07T07:26:16+02:00
a64fx,pivot,512,main_scan_int,4,"and 1",0.05,25.1160,21.9211,4,4,2026-10-07T07:26:16+02:00
a64fx,pivot,512,main_scan_int,4,"and 1",0.05,25.1399,21.8840,4,4,2026-10-07T07:26:16+02:00
a64fx,pivot,512,main_scan_int,4,"and 2",0.22,7.8101,15.0120,4,4,2026-10-07T07:26:16+02:00
a64fx,pivot,512,main_scan_int,4,"and 2",0.22,7.6196,14.7297,4,4,2026-10-07T07:26:16+02:00
a64fx,pivot,512,main_scan_int,4,"and 2",0.22,7.8155,15.0408,4,4,2026-10-07T07:26:16+02:00
a64fx,pivot,512,main_scan_int,4,"and 2",0.22,7.7063,15.0593,4,4,2026-10-07T07:26:16+02:00
a64fx,pivot,512,main_scan_int,4,"and 2",0.22,7.7045,14.5568,4,4,2026-10-07T07:26:16+02:00
a64fx,pivot,512,main_scan_int,4,"and 3",0.37,4.5436,11.0601,4,4,2026-10-07T07:26:16+02:00
a64fx,pivot,512,main_scan_int,4,"and 3",0.37,4.5575,11.1675,4,4,2026-10-07T07:26:16+02:00
a64fx,pivot,512,main_scan_int,4,"and 3",0.37,4.5791,11.4189,4,4,2026-10-07T07:26:16+02:00
a64fx,pivot,512,main_scan_int,4,"and 3",0.37,4.5921,11.1657,4,4,2026-10-07T07:26:16+02:00
a64fx,pivot,512,main_scan_int,4,"and 3",0.37,4.5732,11.0734,4,4,2026-10-07T07:26:16+02:00
a64fx,pivot,512,main_scan_int,4,"and 1",0.10,19.0410,22.3533,4,4,2026-10-07T07:26:16+02:00
a64fx,pivot,512,main_scan_int,4,"and 1",0.10,18.9785,22.2138,4,4,2026-10-07T07:26:16+02:00
a64fx,pivot,512,main_scan_int,4,"and 1",0.10,19.0244,22.1495,4,4,2026-10-07T07:26:16+02:00
a64fx,pivot,512,main_scan_int,4,"and 1",0.10,19.0208,22.2105,4,4,2026-10-07T07:26:16+02:00
a64fx,pivot,512,main_scan_int,4,"and 1",0.10,18.1997,22.1648,4,4,2026-10-07T07:26:16+02:00
a64fx,pivot,512,main_scan_int,4,"and 2",0.32,5.8491,14.7957,4,4,2026-10-07T07:26:16+02:00
a64fx,pivot,512,main_scan_int,4,"and 2",0.32,5.8583,14.8194,4,4,2026-10-07T07:26:16+02:00
a64fx,pivot,512,main_scan_int,4,"and 2",0.32,5.8869,14.2730,4,4,2026-10-07T07:26:16+02:00
a64fx,pivot,512,main_scan_int,4,"and 2",0.32,5.8251,14.8066,4,4,2026-10-07T07:26:16+02:00
a64fx,pivot,512,main_scan_int,4,"and 2",0.32,5.9405,14.6273,4,4,2026-10-07T07:26:16+02:00
a64fx,pivot,512,main_scan_int,4,"and 3",0.46,3.6836,11.0384,4,4,2026-10-07T07:26:16+02:00
a64fx,pivot,512,main_scan_int,4,"and 3",0.46,3.6401,10.9514,4,4,2026-10-07T07:26:16+02:00
a64fx,pivot,512,main_scan_int,4,"and 3",0.46,3.6747,11.0638,4,4,2026-10-07T07:26:16+02:00
a64fx,pivot,512,main_scan_int,4,"and 3",0.46,3.6459,10.8708,4,4,2026-10-07T07:26:16+02:00
a64fx,pivot,512,main_scan_int,4,"and 3",0.46,3.6711,11.0717,4,4,2026-10-07T07:26:16+02:00
a64fx,pivot,512,main_scan_int,4,"and 1",0.20,11.7016,19.6814,4,4,2026-10-07T07:26:16+02:00
a64fx,pivot,512,main_scan_int,4,"and 1",0.20,11.5216,18.6806,4,4,2026-10-07T07:26:16+02:00
a64fx,pivot,512,main_scan_int,4,"and 1",0.20,11.7522,19.6607,4,4,2026-10-07T07:26:16+02:00
a64fx,pivot,512,main_scan_int,4,"and 1",0.20,11.4747,19.1621,4,4,2026-10-07T07:26:16+02:00
a64fx,pivot,512,main_scan_int,4,"and 1",0.20,11.7517,19.7301,4,4,2026-10-07T07:26:16+02:00
a64fx,pivot,512,main_scan_int,4,"and 2",0.45,4.2712,13.4275,4,4,2026-10-07T07:26:16+02:00
a64fx,pivot,512,main_scan_int,4,"and 2",0.45,4.2945,13.1549,4,4,2026-10-07T07:26:16+02:00
a64fx,pivot,512,main_scan_int,4,"and 2",0.45,4.2606,13.7245,4,4,2026-10-07T07:26:16+02:00
a64fx,pivot,512,main_scan_int,4,"and 2",0.45,4.2428,13.7217,4,4,2026-10-07T07:26:16+02:00
a64fx,pivot,512,main_scan_int,4,"and 2",0.45,4.2831,13.7810,4,4,2026-10-07T07:26:16+02:00
a64fx,pivot,512,main_scan_int,4,"and 3",0.58,3.5063,10.4883,4,4,2026-10-07T07:26:16+02:00
a64fx,pivot,512,main_scan_int,4,"and 3",0.58,3.4947,10.3681,4,4,2026-10-07T07:26:16+02:00
a64fx,pivot,512,main_scan_int,4,"and 3",0.58,3.5003,10.4829,4,4,2026-10-07T07:26:16+02:00
a64fx,pivot,512,main_scan_int,4,"and 3",0.58,3.4688,10.3199,4,4,2026-10-07T07:26:16+02:00
a64fx,pivot,512,main_scan_int,4,"and 3",0.58,3.5123,10.5235,4,4,2026-10-07T07:26:16+02:00
a64fx,pivot,512,main_scan_int,4,"and 1",0.50,5.8323,15.3995,4,4,2026-10-07T07:26:16+02:00
a64fx,pivot,512,main_scan_int,4,"and 1",0.50,5.8321,15.4329,4,4,2026-10-07T07:26:16+02:00
a64fx,pivot,512,main_scan_int,4,"and 1",0.50,5.8299,15.4373,4,4,2026-10-07T07:26:16+02:00
a64fx,pivot,512,main_scan_int,4,"and 1",0.50,5.8754,15.4201,4,4,2026-10-07T07:26:16+02:00
a64fx,pivot,512,main_scan_int,4,"and 1",0.50,5.8761,15.3855,4,4,2026-10-07T07:26:16+02:00
a64fx,pivot,512,main_scan_int,4,"and 2",0.71,5.4065,11.4722,4,4,2026-10-07T07:26:16+02:00
a64fx,pivot,512,main_scan_int,4,"and 2",0.71,5.3107,5.7963,4,4,2026-10-07T07:26:16+02:00
a64fx,pivot,512,main_scan_int,4,"and 2",0.71,1.7287,11.4300,4,4,2026-10-07T07:26:16+02:00
a64fx,pivot,512,main_scan_int,4,"and 2",0.71,5.4681,5.7082,4,4,2026-10-07T07:26:16+02:00
a64fx,pivot,512,main_scan_int,4,"and 2",0.71,5.4695,3.5129,4,4,2026-10-07T07:26:16+02:00
a64fx,pivot,512,main_scan_int,4,"and 3",0.79,2.6095,9.1142,4,4,2026-10-07T07:26:16+02:00
a64fx,pivot,512,main_scan_int,4,"and 3",0.79,1.7083,4.6413,4,4,2026-10-07T07:26:16+02:00
a64fx,pivot,512,main_scan_int,4,"and 3",0.79,5.2380,8.9096,4,4,2026-10-07T07:26:16+02:00
a64fx,pivot,512,main_scan_int,4,"and 3",0.79,5.2369,3.5987,4,4,2026-10-07T07:26:16+02:00
a64fx,pivot,512,main_scan_int,4,"and 3",0.79,5.2346,9.0903,4,4,2026-10-07T07:26:16+02:00
a64fx,pivot,512,main_scan_int,4,"and 1",1.00,1.5947,17.1278,4,4,2026-10-07T07:26:16+02:00
a64fx,pivot,512,main_scan_int,4,"and 1",1.00,1.6182,17.3878,4,4,2026-10-07T07:26:16+02:00
a64fx,pivot,512,main_scan_int,4,"and 1",1.00,1.8409,2.3469,4,4,2026-10-07T07:26:16+02:00
a64fx,pivot,512,main_scan_int,4,"and 1",1.00,4.3848,16.6846,4,4,2026-10-07T07:26:16+02:00
a64fx,pivot,512,main_scan_int,4,"and 1",1.00,31.8337,32.5509,4,4,2026-10-07T07:26:16+02:00
a64fx,pivot,512,main_scan_int,4,"and 2",1.00,1.6348,4.0562,4,4,2026-10-07T07:26:16+02:00
a64fx,pivot,512,main_scan_int,4,"and 2",1.00,14.4247,18.8580,4,4,2026-10-07T07:26:16+02:00
a64fx,pivot,512,main_scan_int,4,"and 2",1.00,26.0588,19.3537,4,4,2026-10-07T07:26:16+02:00
a64fx,pivot,512,main_scan_int,4,"and 2",1.00,25.9681,19.4143,4,4,2026-10-07T07:26:16+02:00
a64fx,pivot,512,main_scan_int,4,"and 2",1.00,26.2810,18.9165,4,4,2026-10-07T07:26:16+02:00
a64fx,pivot,512,main_scan_int,4,"and 3",1.00,9.7596,13.5353,4,4,2026-10-07T07:26:16+02:00
a64fx,pivot,512,main_scan_int,4,"and 3",1.00,9.4896,13.1203,4,4,2026-10-07T07:26:16+02:00
a64fx,pivot,512,main_scan_int,4,"and 3",1.00,9.2768,13.5693,4,4,2026-10-07T07:26:16+02:00
a64fx,pivot,512,main_scan_int,4,"and 3",1.00,9.7731,13.5570,4,4,2026-10-07T07:26:16+02:00
a64fx,pivot,512,main_scan_int,4,"and 3",1.00,9.4709,13.0884,4,4,2026-10-07T07:26:16+02:00
a64fx,pivot,128,main_scan_enc,4,"and 1",0.00,18.2328,8.8649,4,4,2026-10-07T07:27:03+02:00
a64fx,pivot,128,main_scan_enc,4,"and 1",0.00,17.4970,8.8326,4,4,2026-10-07T07:27:03+02:00
a64fx,pivot,128,main_scan_enc,4,"and 1",0.00,18.2143,8.9801,4,4,2026-10-07T07:27:03+02:00
a64fx,pivot,128,main_scan_enc,4,"and 1",0.00,17.6452,8.8219,4,4,2026-10-07T07:27:03+02:00
a64fx,pivot,128,main_scan_enc,4,"and 1",0.00,18.2155,8.9713,4,4,2026-10-07T07:27:03+02:00
a64fx,pivot,128,main_scan_enc,4,"and 2",0.03,14.0420,6.0571,4,4,2026-10-07T07:27:03+02:00
a64fx,pivot,128,main_scan_enc,4,"and 2",0.03,14.0594,6.1649,4,4,2026-10-07T07:27:03+02:00
a64fx,pivot,128,main_scan_enc,4,"and 2",0.03,14.0036,6.2102,4,4,2026-10-07T07:27:03+02:00
a64fx,pivot,128,main_scan_enc,4,"and 2",0.03,13.9046,6.1547,4,4,2026-10-07T07:27:03+02:00
a64fx,pivot,128,main_scan_enc,4,"and 2",0.03,14.0542,6.1813,4,4,2026-10-07T07:27:03+02:00
a64fx,pivot,128,main_scan_enc,4,"and 3",0.10,7.8080,4.1712,4,4,2026-10-07T07:27:03+02:00
a64fx,pivot,128,main_scan_enc,4,"and 3",0.10,7.7477,4.1847,4,4,2026-10-07T07:27:03+02:00
a64fx,pivot,128,main_scan_enc,4,"and 3",0.10,7.8097,4.1962,4,4,2026-10-07T07:27:03+02:00
a64fx,pivot,128,main_scan_enc,4,"and 3",0.10,7.7403,4.1908,4,4,2026-10-07T07:27:03+02:00
a64fx,pivot,128,main_scan_enc,4,"and 3",0.10,7.8074,4.1726,4,4,2026-10-07T07:27:03+02:00
a64fx,pivot,128,main_scan_enc,4,"and 1",0.00,17.1876,8.4141,4,4,2026-10-07T07:27:03+02:00
a64fx,pivot,128,main_scan_enc,4,"and 1",0.00,17.1881,8.7407,4,4,2026-10-07T07:27:03+02:00
a64fx,pivot,128,main_scan_enc,4,"and 1",0.00,16.7086,8.6103,4,4,2026-10-07T07:27:03+02:00
a64fx,pivot,128,main_scan_enc,4,"and 1",0.00,17.1633,8.7395,4,4,2026-10-07T07:27:03+02:00
a64fx,pivot,128,main_scan_enc,4,"and 1",0.00,16.5125,8.6067,4,4,2026-10-07T07:27:03+02:00
a64fx,pivot,128,main_scan_enc,4,"and 2",0.04,12.6469,5.6499,4,4,2026-10-07T07:27:03+02:00
a64fx,pivot,128,main_scan_enc,4,"and 2",0.04,12.6047,5.6934,4,4,2026-10-07T07:27:03+02:00
a64fx,pivot,128,main_scan_enc,4,"and 2",0.04,12.6289,5.6177,4,4,2026-10-07T07:27:03+02:00
a64fx,pivot,128,main_scan_enc,4,"and 2",0.04,12.6282,5.6729,4,4,2026-10-07T07:27:03+02:00
a64fx,pivot,128,main_scan_enc,4,"and 2",0.04,12.6381,5.7115,4,4,2026-10-07T07:27:03+02:00
a64fx,pivot,128,main_scan_enc,4,"and 3",0.13,7.0284,3.9059,4,4,2026-10-07T07:27:03+02:00
a64fx,pivot,128,main_scan_enc,4,"and 3",0.13,6.9875,3.8538,4,4,2026-10-07T07:27:03+02:00
a64fx,pivot,128,main_scan_enc,4,"and 3",0.13,7.0246,3.8741,4,4,2026-10-07T07:27:03+02:00
a64fx,pivot,128,main_scan_enc,4,"and 3",0.13,7.0099,3.9095,4,4,2026-10-07T07:27:03+02:00
a64fx,pivot,128,main_scan_enc,4,"and 3",0.13,6.9419,3.8934,4,4,2026-10-07T07:27:03+02:00
a64fx,pivot,128,main_scan_enc,4,"and 1",0.01,14.8181,8.1499,4,4,2026-10-07T07:27:03+02:00
a64fx,pivot,128,main_scan_enc,4,"and 1",0.01,15.2094,8.3188,4,4,2026-10-07T07:27:03+02:00
a64fx,pivot,128,main_scan_enc,4,"and 1",0.01,15.2362,8.2022,4,4,2026-10-07T07:27:03+02:00
a64fx,pivot,128,main_scan_enc,4,"and 1",0.01,15.2685,8.2127,4,4,2026-10-07T07:27:03+02:00
a64fx,pivot,128,main_scan_enc,4,"and 1",0.01,15.2617,8.3210,4,4,2026-10-07T07:27:03+02:00
a64fx,pivot,128,main_scan_enc,4,"and 2",0.07,9.9637,4.9669,4,4,2026-10-07T07:27:03+02:00
a64fx,pivot,128,main_scan_enc,4,"and 2",0.07,10.0083,4.9979,4,4,2026-10-07T07:27:03+02:00
a64fx,pivot,128,main_scan_enc,4,"and 2",0.07,10.0976,4.9994,4,4,2026-10-07T07:27:03+02:00
a64fx,pivot,128,main_scan_enc,4,"and 2",0.07,10.1488,4.9715,4,4,2026-10-07T07:27:03+02:00
a64fx,pivot,128,main_scan_enc,4,"and 2",0.07,9.9540,4.9982,4,4,2026-10-07T07:27:03+02:00
a64fx,pivot,128,main_scan_enc,4,"and 3",0.17,6.0306,3.5243,4,4,2026-10-07T07:27:03+02:00
a64fx,pivot,128,main_scan_enc,4,"and 3",0.17,6.0828,3.5144,4,4,2026-10-07T07:27:03+02:00
a64fx,pivot,128,main_scan_enc,4,"and 3",0.17,6.0319,3.5115,4,4,2026-10-07T07:27:03+02:00
a64fx,pivot,128,main_scan_enc,4,"and 3",0.17,6.0450,3.4891,4,4,2026-10-07T07:27:03+02:00
a64fx,pivot,128,main_scan_enc,4,"and 3",0.17,5.9890,3.4981,4,4,2026-10-07T07:27:03+02:00
a64fx,pivot,128,main_scan_enc,4,"and 1",0.01,13.3259,7.6344,4,4,2026-10-07T07:27:03+02:00
a64fx,pivot,128,main_scan_enc,4,"and 1",0.01,13.3647,7.7927,4,4,2026-10-07T07:27:03+02:00
a64fx,pivot,128,main_scan_enc,4,"and 1",0.01,13.1183,7.5772,4,4,2026-10-07T07:27:03+02:00
a64fx,pivot,128,main_scan_enc,4,"and 1",0.01,13.3817,7.7982,4,4,2026-10-07T07:27:03+02:00
a64fx,pivot,128,main_scan_enc,4,"and 1",0.01,13.1931,7.6153,4,4,2026-10-07T07:27:03+02:00
a64fx,pivot,128,main_scan_enc,4,"and 2",0.10,8.3592,4.5162,4,4,2026-10-07T07:27:03+02:00
a64fx,pivot,128,main_scan_enc,4,"and 2",0.10,8.2122,4.4698,4,4,2026-10-07T07:27:03+02:00
a64fx,pivot,128,main_scan_enc,4,"and 2",0.10,8.4153,4.5001,4,4,2026-10-07T07:27:03+02:00
a64fx,pivot,128,main_scan_enc,4,"and 2",0.10,8.2572,4.4851,4,4,2026-10-07T07:27:03+02:00
a64fx,pivot,128,main_scan_enc,4,"and 2",0.10,8.2718,4.4634,4,4,2026-10-07T07:27:03+02:00
a64fx,pivot,128,main_scan_enc,4,"and 3",0.22,5.0942,3.1888,4,4,2026-10-07T07:27:03+02:00
a64fx,pivot,128,main_scan_enc,4,"and 3",0.22,5.0553,3.2059,4,4,2026-10-07T07:27:03+02:00
a64fx,pivot,128,main_scan_enc,4,"and 3",0.22,5.0430,3.2071,4,4,2026-10-07T07:27:03+02:00
a64fx,pivot,128,main_scan_enc,4,"and 3",0.22,5.0610,3.1913,4,4,2026-10-07T07:27:03+02:00
a64fx,pivot,128,main_scan_enc,4,"and 3",0.22,5.0816,3.1863,4,4,2026-10-07T07:27:03+02:00
a64fx,pivot,128,main_scan_enc,4,"and 1",0.02,12.0117,6.8241,4,4,2026-10-07T07:27:03+02:00
a64fx,pivot,128,main_scan_enc,4,"and 1",0.02,12.0143,7.0657,4,4,2026-10-07T07:27:03+02:00
a64fx,pivot,128,main_scan_enc,4,"and 1",0.02,11.5667,7.0710,4,4,2026-10-07T07:27:03+02:00
a64fx,pivot,128,main_scan_enc,4,"and 1",0.02,11.8060,7.0000,4,4,2026-10-07T07:27:03+02:00
a64fx,pivot,128,main_scan_enc,4,"and 1",0.02,12.0632,6.9532,4,4,2026-10-07T07:27:03+02:00
a64fx,pivot,128,main_scan_enc,4,"and 2",0.14,6.9064,4.0950,4,4,2026-10-07T07:27:03+02:00
a64fx,pivot,128,main_scan_enc,4,"and 2",0.14,6.8679,4.0952,4,4,2026-10-07T07:27:03+02:00
a64fx,pivot,128,main_scan_enc,4,"and 2",0.14,6.9468,4.1023,4,4,2026-10-07T07:27:03+02:00
a64fx,pivot,128,main_scan_enc,4,"and 2",0.14,6.8276,4.0746,4,4,2026-10-07T07:27:03+02:00
a64fx,pivot,128,main_scan_enc,4,"and 2",0.14,6.9869,4.0897,4,4,2026-10-07T07:27:03+02:00
a64fx,pivot,128,main_scan_enc,4,"and 3",0.27,4.2983,2.8772,4,4,2026-10-07T07:27:03+02:00
a64fx,pivot,128,main_scan_enc,4,"and 3",0.27,4.2960,2.8953,4,4,2026-10-07T07:27:03+02:00
a64fx,pivot,128,main_scan_enc,4,"and 3",0.27,4.2703,2.8922,4,4,2026-10-07T07:27:03+02:00
a64fx,pivot,128,main_scan_enc,4,"and 3",0.27,4.2998,2.8990,4,4,2026-10-07T07:27:03+02:00
a64fx,pivot,128,main_scan_enc,4,"and 3",0.27,4.2963,2.8732,4,4,2026-10-07T07:27:03+02:00
a64fx,pivot,128,main_scan_enc,4,"and 1",0.05,12.9632,5.9873,4,4,2026-10-07T07:27:03+02:00
a64fx,pivot,128,main_scan_enc,4,"and 1",0.05,13.0106,5.9680,4,4,2026-10-07T07:27:03+02:00
a64fx,pivot,128,main_scan_enc,4,"and 1",0.05,12.7905,5.9541,4,4,2026-10-07T07:27:03+02:00
a64fx,pivot,128,main_scan_enc,4,"and 1",0.05,12.7235,5.9904,4,4,2026-10-07T07:27:03+02:00
a64fx,pivot,128,main_scan_enc,4,"and 1",0.05,13.0253,5.9454,4,4,2026-10-07T07:27:03+02:00
a64fx,pivot,128,main_scan_enc,4,"and 2",0.22,5.8295,3.6034,4,4,2026-10-07T07:27:03+02:00
a64fx,pivot,128,main_scan_enc,4,"and 2",0.22,5.8611,3.6241,4,4,2026-10-07T07:27:03+02:00
a64fx,pivot,128,main_scan_enc,4,"and 2",0.22,5.8398,3.6207,4,4,2026-10-07T07:27:03+02:00
a64fx,pivot,128,main_scan_enc,4,"and 2",0.22,5.9246,3.6507,4,4,2026-10-07T07:27:03+02:00
a64fx,pivot,128,main_scan_enc,4,"and 2",0.22,5.9242,3.6442,4,4,2026-10-07T07:27:03+02:00
a64fx,pivot,128,main_scan_enc,4,"and 3",0.37,3.3019,2.5456,4,4,2026-10-07T07:27:03+02:00
a64fx,pivot,128,main_scan_enc,4,"and 3",0.37,3.2153,2.5605,4,4,2026-10-07T07:27:03+02:00
a64fx,pivot,128,main_scan_enc,4,"and 3",0.37,3.2160,2.5413,4,4,2026-10-07T07:27:03+02:00
a64fx,pivot,128,main_scan_enc,4,"and 3",0.37,3.2069,2.5605,4,4,2026-10-07T07:27:03+02:00
a64fx,pivot,128,main_scan_enc,4,"and 3",0.37,3.2018,2.5461,4,4,2026-10-07T07:27:03+02:00
a64fx,pivot,128,main_scan_enc,4,"and 1",0.10,10.8178,5.3704,4,4,2026-10-07T07:27:03+02:00
a64fx,pivot,128,main_scan_enc,4,"and 1",0.10,10.8099,5.3986,4,4,2026-10-07T07:27:03+02:00
a64fx,pivot,128,main_scan_enc,4,"and 1",0.10,10.8465,5.3560,4,4,2026-10-07T07:27:03+02:00
a64fx,pivot,128,main_scan_enc,4,"and 1",0.10,10.8587,5.3807,4,4,2026-10-07T07:27:03+02:00
a64fx,pivot,128,main_scan_enc,4,"and 1",0.10,10.8168,5.3327,4,4,2026-10-07T07:27:03+02:00
a64fx,pivot,128,main_scan_enc,4,"and 2",0.32,4.3723,3.3991,4,4,2026-10-07T07:27:03+02:00
a64fx,pivot,128,main_scan_enc,4,"and 2",0.32,4.3608,3.4156,4,4,2026-10-07T07:27:03+02:00
a64fx,pivot,128,main_scan_enc,4,"and 2",0.32,4.3564,3.4045,4,4,2026-10-07T07:27:03+02:00
a64fx,pivot,128,main_scan_enc,4,"and 2",0.32,4.3744,3.4008,4,4,2026-10-07T07:27:03+02:00
a64fx,pivot,128,main_scan_enc,4,"and 2",0.32,4.3426,3.4160,4,4,2026-10-07T07:27:03+02:00
a64fx,pivot,128,main_scan_enc,4,"and 3",0.46,2.6106,2.3987,4,4,2026-10-07T07:27:03+02:00
a64fx,pivot,128,main_scan_enc,4,"and 3",0.46,2.5954,2.3415,4,4,2026-10-07T07:27:03+02:00
a64fx,pivot,128,main_scan_enc,4,"and 3",0.46,2.6025,2.3988,4,4,2026-10-07T07:27:03+02:00
a64fx,pivot,128,main_scan_enc,4,"and 3",0.46,2.5746,2.3957,4,4,2026-10-07T07:27:03+02:00
a64fx,pivot,128,main_scan_enc,4,"and 3",0.46,2.6043,2.3935,4,4,2026-10-07T07:27:03+02:00
a64fx,pivot,128,main_scan_enc,4,"and 1",0.20,7.7043,4.9532,4,4,2026-10-07T07:27:03+02:00
a64fx,pivot,128,main_scan_enc,4,"and 1",0.20,7.6143,4.9711,4,4,2026-10-07T07:27:03+02:00
a64fx,pivot,128,main_scan_enc,4,"and 1",0.20,7.6854,4.9552,4,4,2026-10-07T07:27:03+02:00
a64fx,pivot,128,main_scan_enc,4,"and 1",0.20,7.6413,4.9379,4,4,2026-10-07T07:27:03+02:00
a64fx,pivot,128,main_scan_enc,4,"and 1",0.20,7.7343,4.9390,4,4,2026-10-07T07:27:03+02:00
a64fx,pivot,128,main_scan_enc,4,"and 2",0.45,3.0900,3.2036,4,4,2026-10-07T07:27:03+02:00
a64fx,pivot,128,main_scan_enc,4,"and 2",0.45,3.0949,3.2356,4,4,2026-10-07T07:27:03+02:00
a64fx,pivot,128,main_scan_enc,4,"and 2",0.45,3.0825,3.2360,4,4,2026-10-07T07:27:03+02:00
a64fx,pivot,128,main_scan_enc,4,"and 2",0.45,3.1026,3.2468,4,4,2026-10-07T07:27:03+02:00
a64fx,pivot,128,main_scan_enc,4,"and 2",0.45,3.0986,3.2518,4,4,2026-10-07T07:27:03+02:00
a64fx,pivot,128,main_scan_enc,4,"and 3",0.58,2.4325,2.3303,4,4,2026-10-07T07:27:03+02:00
a64fx,pivot,128,main_scan_enc,4,"and 3",0.58,2.4372,2.3325,4,4,2026-10-07T07:27:03+02:00
a64fx,pivot,128,main_scan_enc,4,"and 3",0.58,2.4332,2.3152,4,4,2026-10-07T07:27:03+02:00
a64fx,pivot,128,main_scan_enc,4,"and 3",0.58,2.4249,2.3274,4,4,2026-10-07T07:27:03+02:00
a64fx,pivot,128,main_scan_enc,4,"and 3",0.58,2.3093,2.3282,4,4,2026-10-07T07:27:03+02:00
a64fx,pivot,128,main_scan_enc,4,"and 1",0.50,4.2881,4.6157,4,4,2026-10-07T07:27:03+02:00
a64fx,pivot,128,main_scan_enc,4,"and 1",0.50,4.2769,4.6160,4,4,2026-10-07T07:27:03+02:00
a64fx,pivot,128,main_scan_enc,4,"and 1",0.50,4.2558,4.5979,4,4,2026-10-07T07:27:03+02:00
a64fx,pivot,128,main_scan_enc,4,"and 1",0.50,4.2501,4.5808,4,4,2026-10-07T07:27:03+02:00
a64fx,pivot,128,main_scan_enc,4,"and 1",0.50,4.2276,4.5883,4,4,2026-10-07T07:27:03+02:00
a64fx,pivot,128,main_scan_enc,4,"and 2",0.71,3.5690,3.0904,4,4,2026-10-07T07:27:03+02:00
a64fx,pivot,128,main_scan_enc,4,"and 2",0.71,3.5498,3.0793,4,4,2026-10-07T07:27:03+02:00
a64fx,pivot,128,main_scan_enc,4,"and 2",0.71,3.5654,3.0864,4,4,2026-10-07T07:27:03+02:00
a64fx,pivot,128,main_scan_enc,4,"and 2",0.71,3.5630,3.0993,4,4,2026-10-07T07:27:03+02:00
a64fx,pivot,128,main_scan_enc,4,"and 2",0.71,3.5638,3.0779,4,4,2026-10-07T07:27:03+02:00
a64fx,pivot,128,main_scan_enc,4,"and 3",0.79,2.9229,2.2518,4,4,2026-10-07T07:27:03+02:00
a64fx,pivot,128,main_scan_enc,4,"and 3",0.79,3.2287,2.1461,4,4,2026-10-07T07:27:03+02:00
a64fx,pivot,128,main_scan_enc,4,"and 3",0.79,3.2204,2.2475,4,4,2026-10-07T07:27:03+02:00
a64fx,pivot,128,main_scan_enc,4,"and 3",0.79,3.2363,2.2535,4,4,2026-10-07T07:27:03+02:00
a64fx,pivot,128,main_scan_enc,4,"and 3",0.79,3.2231,2.2329,4,4,2026-10-07T07:27:03+02:00
a64fx,pivot,128,main_scan_enc,4,"and 1",1.00,16.4845,4.1554,4,4,2026-10-07T07:27:03+02:00
a64fx,pivot,128,main_scan_enc,4,"and 1",1.00,16.5072,4.1527,4,4,2026-10-07T07:27:03+02:00
a64fx,pivot,128,main_scan_enc,4,"and 1",1.00,16.0758,4.1358,4,4,2026-10-07T07:27:03+02:00
a64fx,pivot,128,main_scan_enc,4,"and 1",1.00,16.5139,4.1755,4,4,2026-10-07T07:27:03+02:00
a64fx,pivot,128,main_scan_enc,4,"and 1",1.00,16.4980,4.1538,4,4,2026-10-07T07:27:03+02:00
a64fx,pivot,128,main_scan_enc,4,"and 2",1.00,9.3098,2.8766,4,4,2026-10-07T07:27:03+02:00
a64fx,pivot,128,main_scan_enc,4,"and 2",1.00,9.1577,2.8719,4,4,2026-10-07T07:27:03+02:00
a64fx,pivot,128,main_scan_enc,4,"and 2",1.00,9.1853,2.8701,4,4,2026-10-07T07:27:03+02:00
a64fx,pivot,128,main_scan_enc,4,"and 2",1.00,9.4000,2.8814,4,4,2026-10-07T07:27:03+02:00
a64fx,pivot,128,main_scan_enc,4,"and 2",1.00,9.4039,2.8790,4,4,2026-10-07T07:27:03+02:00
a64fx,pivot,128,main_scan_enc,4,"and 3",1.00,6.2820,2.1349,4,4,2026-10-07T07:27:03+02:00
a64fx,pivot,128,main_scan_enc,4,"and 3",1.00,6.2230,2.1244,4,4,2026-10-07T07:27:03+02:00
a64fx,pivot,128,main_scan_enc,4,"and 3",1.00,6.1895,2.1363,4,4,2026-10-07T07:27:03+02:00
a64fx,pivot,128,main_scan_enc,4,"and 3",1.00,6.2315,2.1190,4,4,2026-10-07T07:27:03+02:00
a64fx,pivot,128,main_scan_enc,4,"and 3",1.00,6.2522,2.1347,4,4,2026-10-07T07:27:03+02:00
a64fx,pivot,256,main_scan_enc,4,"and 1",0.00,18.2799,19.3543,4,4,2026-10-07T07:27:12+02:00
a64fx,pivot,256,main_scan_enc,4,"and 1",0.00,17.5876,19.7478,4,4,2026-10-07T07:27:12+02:00
a64fx,pivot,256,main_scan_enc,4,"and 1",0.00,17.9654,19.6750,4,4,2026-10-07T07:27:12+02:00
a64fx,pivot,256,main_scan_enc,4,"and 1",0.00,18.1789,19.2028,4,4,2026-10-07T07:27:12+02:00
a64fx,pivot,256,main_scan_enc,4,"and 1",0.00,18.1665,19.1097,4,4,2026-10-07T07:27:12+02:00
a64fx,pivot,256,main_scan_enc,4,"and 2",0.03,14.0390,12.9552,4,4,2026-10-07T07:27:12+02:00
a64fx,pivot,256,main_scan_enc,4,"and 2",0.03,14.0375,12.5015,4,4,2026-10-07T07:27:12+02:00
a64fx,pivot,256,main_scan_enc,4,"and 2",0.03,14.0405,12.9496,4,4,2026-10-07T07:27:12+02:00
a64fx,pivot,256,main_scan_enc,4,"and 2",0.03,13.4966,12.5501,4,4,2026-10-07T07:27:12+02:00
a64fx,pivot,256,main_scan_enc,4,"and 2",0.03,14.0399,12.9780,4,4,2026-10-07T07:27:12+02:00
a64fx,pivot,256,main_scan_enc,4,"and 3",0.10,7.7330,8.0818,4,4,2026-10-07T07:27:12+02:00
a64fx,pivot,256,main_scan_enc,4,"and 3",0.10,7.8352,8.2477,4,4,2026-10-07T07:27:12+02:00
a64fx,pivot,256,main_scan_enc,4,"and 3",0.10,7.8222,8.2618,4,4,2026-10-07T07:27:12+02:00
a64fx,pivot,256,main_scan_enc,4,"and 3",0.10,7.8166,8.3566,4,4,2026-10-07T07:27:12+02:00
a64fx,pivot,256,main_scan_enc,4,"and 3",0.10,7.5835,8.3595,4,4,2026-10-07T07:27:12+02:00
a64fx,pivot,256,main_scan_enc,4,"and 1",0.00,16.6924,18.4832,4,4,2026-10-07T07:27:12+02:00
a64fx,pivot,256,main_scan_enc,4,"and 1",0.00,16.6034,17.8244,4,4,2026-10-07T07:27:12+02:00
a64fx,pivot,256,main_scan_enc,4,"and 1",0.00,17.2001,18.4369,4,4,2026-10-07T07:27:12+02:00
a64fx,pivot,256,main_scan_enc,4,"and 1",0.00,17.2616,18.4178,4,4,2026-10-07T07:27:12+02:00
a64fx,pivot,256,main_scan_enc,4,"and 1",0.00,17.2035,18.4133,4,4,2026-10-07T07:27:12+02:00
a64fx,pivot,256,main_scan_enc,4,"and 2",0.04,12.5095,11.6045,4,4,2026-10-07T07:27:12+02:00
a64fx,pivot,256,main_scan_enc,4,"and 2",0.04,6.0832,11.6794,4,4,2026-10-07T07:27:12+02:00
a64fx,pivot,256,main_scan_enc,4,"and 2",0.04,12.6371,11.8426,4,4,2026-10-07T07:27:12+02:00
a64fx,pivot,256,main_scan_enc,4,"and 2",0.04,12.6720,11.8807,4,4,2026-10-07T07:27:12+02:00
a64fx,pivot,256,main_scan_enc,4,"and 2",0.04,12.3402,11.6685,4,4,2026-10-07T07:27:12+02:00
a64fx,pivot,256,main_scan_enc,4,"and 3",0.13,6.9195,7.7229,4,4,2026-10-07T07:27:12+02:00
a64fx,pivot,256,main_scan_enc,4,"and 3",0.13,7.0235,7.7461,4,4,2026-10-07T07:27:12+02:00
a64fx,pivot,256,main_scan_enc,4,"and 3",0.13,7.0156,7.7801,4,4,2026-10-07T07:27:12+02:00
a64fx,pivot,256,main_scan_enc,4,"and 3",0.13,7.0583,7.6354,4,4,2026-10-07T07:27:12+02:00
a64fx,pivot,256,main_scan_enc,4,"and 3",0.13,6.9787,7.6098,4,4,2026-10-07T07:27:12+02:00
a64fx,pivot,256,main_scan_enc,4,"and 1",0.01,15.0172,15.9817,4,4,2026-10-07T07:27:12+02:00
a64fx,pivot,256,main_scan_enc,4,"and 1",0.01,14.9610,15.7076,4,4,2026-10-07T07:27:12+02:00
a64fx,pivot,256,main_scan_enc,4,"and 1",0.01,15.1692,15.6930,4,4,2026-10-07T07:27:12+02:00
a64fx,pivot,256,main_scan_enc,4,"and 1",0.01,15.1833,16.0050,4,4,2026-10-07T07:27:12+02:00
a64fx,pivot,256,main_scan_enc,4,"and 1",0.01,15.2041,16.0352,4,4,2026-10-07T07:27:12+02:00
a64fx,pivot,256,main_scan_enc,4,"and 2",0.07,10.0518,9.8923,4,4,2026-10-07T07:27:12+02:00
a64fx,pivot,256,main_scan_enc,4,"and 2",0.07,10.2811,10.1601,4,4,2026-10-07T07:27:12+02:00
a64fx,pivot,256,main_scan_enc,4,"and 2",0.07,9.8881,9.8336,4,4,2026-10-07T07:27:12+02:00
a64fx,pivot,256,main_scan_enc,4,"and 2",0.07,10.2803,10.1711,4,4,2026-10-07T07:27:12+02:00
a64fx,pivot,256,main_scan_enc,4,"and 2",0.07,10.2664,10.1373,4,4,2026-10-07T07:27:12+02:00
a64fx,pivot,256,main_scan_enc,4,"and 3",0.17,5.9675,7.1007,4,4,2026-10-07T07:27:12+02:00
a64fx,pivot,256,main_scan_enc,4,"and 3",0.17,6.0481,6.9550,4,4,2026-10-07T07:27:12+02:00
a64fx,pivot,256,main_scan_enc,4,"and 3",0.17,6.0699,7.0361,4,4,2026-10-07T07:27:12+02:00
a64fx,pivot,256,main_scan_enc,4,"and 3",0.17,6.0601,7.0059,4,4,2026-10-07T07:27:12+02:00
a64fx,pivot,256,main_scan_enc,4,"and 3",0.17,6.0254,7.0348,4,4,2026-10-07T07:27:12+02:00
a64fx,pivot,256,main_scan_enc,4,"and 1",0.01,13.2395,14.0598,4,4,2026-10-07T07:27:12+02:00
a64fx,pivot,256,main_scan_enc,4,"and 1",0.01,12.9009,13.5159,4,4,2026-10-07T07:27:12+02:00
a64fx,pivot,256,main_scan_enc,4,"and 1",0.01,13.2785,14.0780,4,4,2026-10-07T07:27:12+02:00
a64fx,pivot,256,main_scan_enc,4,"and 1",0.01,13.2892,14.0737,4,4,2026-10-07T07:27:12+02:00
a64fx,pivot,256,main_scan_enc,4,"and 1",0.01,12.8602,13.8036,4,4,2026-10-07T07:27:12+02:00
a64fx,pivot,256,main_scan_enc,4,"and 2",0.10,8.3534,8.6547,4,4,2026-10-07T07:27:12+02:00
a64fx,pivot,256,main_scan_enc,4,"and 2",0.10,8.4294,8.9269,4,4,2026-10-07T07:27:12+02:00
a64fx,pivot,256,main_scan_enc,4,"and 2",0.10,8.2070,8.9608,4,4,2026-10-07T07:27:12+02:00
a64fx,pivot,256,main_scan_enc,4,"and 2",0.10,8.1537,8.8434,4,4,2026-10-07T07:27:12+02:00
a64fx,pivot,256,main_scan_enc,4,"and 2",0.10,8.2878,8.8057,4,4,2026-10-07T07:27:12+02:00
a64fx,pivot,256,main_scan_enc,4,"and 3",0.22,5.0527,6.3622,4,4,2026-10-07T07:27:12+02:00
a64fx,pivot,256,main_scan_enc,4,"and 3",0.22,5.0618,6.4088,4,4,2026-10-07T07:27:12+02:00
a64fx,pivot,256,main_scan_enc,4,"and 3",0.22,5.0846,6.3884,4,4,2026-10-07T07:27:12+02:00
a64fx,pivot,256,main_scan_enc,4,"and 3",0.22,5.0919,6.3926,4,4,2026-10-07T07:27:12+02:00
a64fx,pivot,256,main_scan_enc,4,"and 3",0.22,5.0920,6.3709,4,4,2026-10-07T07:27:12+02:00
a64fx,pivot,256,main_scan_enc,4,"and 1",0.02,11.9537,11.9145,4,4,2026-10-07T07:27:12+02:00
a64fx,pivot,256,main_scan_enc,4,"and 1",0.02,11.7707,11.6141,4,4,2026-10-07T07:27:12+02:00
a64fx,pivot,256,main_scan_enc,4,"and 1",0.02,11.9599,11.9106,4,4,2026-10-07T07:27:12+02:00
a64fx,pivot,256,main_scan_enc,4,"and 1",0.02,11.7557,11.6078,4,4,2026-10-07T07:27:12+02:00
a64fx,pivot,256,main_scan_enc,4,"and 1",0.02,11.9658,11.9218,4,4,2026-10-07T07:27:12+02:00
a64fx,pivot,256,main_scan_enc,4,"and 2",0.14,6.9578,7.8238,4,4,2026-10-07T07:27:12+02:00
a64fx,pivot,256,main_scan_enc,4,"and 2",0.14,6.7900,7.8052,4,4,2026-10-07T07:27:12+02:00
a64fx,pivot,256,main_scan_enc,4,"and 2",0.14,6.9045,7.7842,4,4,2026-10-07T07:27:12+02:00
a64fx,pivot,256,main_scan_enc,4,"and 2",0.14,6.7493,7.7302,4,4,2026-10-07T07:27:12+02:00
a64fx,pivot,256,main_scan_enc,4,"and 2",0.14,6.9155,7.7141,4,4,2026-10-07T07:27:12+02:00
a64fx,pivot,256,main_scan_enc,4,"and 3",0.27,4.2743,5.6166,4,4,2026-10-07T07:27:12+02:00
a64fx,pivot,256,main_scan_enc,4,"and 3",0.27,4.2994,5.7293,4,4,2026-10-07T07:27:12+02:00
a64fx,pivot,256,main_scan_enc,4,"and 3",0.27,4.3119,5.6651,4,4,2026-10-07T07:27:12+02:00
a64fx,pivot,256,main_scan_enc,4,"and 3",0.27,4.2534,5.6137,4,4,2026-10-07T07:27:12+02:00
a64fx,pivot,256,main_scan_enc,4,"and 3",0.27,4.3138,5.6631,4,4,2026-10-07T07:27:12+02:00
a64fx,pivot,256,main_scan_enc,4,"and 1",0.05,12.9640,9.3092,4,4,2026-10-07T07:27:12+02:00
a64fx,pivot,256,main_scan_enc,4,"and 1",0.05,12.7935,9.1279,4,4,2026-10-07T07:27:12+02:00
a64fx,pivot,256,main_scan_enc,4,"and 1",0.05,13.0671,9.2971,4,4,2026-10-07T07:27:12+02:00
a64fx,pivot,256,main_scan_enc,4,"and 1",0.05,13.0569,9.2899,4,4,2026-10-07T07:27:12+02:00
a64fx,pivot,256,main_scan_enc,4,"and 1",0.05,13.0799,9.0894,4,4,2026-10-07T07:27:12+02:00
a64fx,pivot,256,main_scan_enc,4,"and 2",0.22,5.8945,6.4134,4,4,2026-10-07T07:27:12+02:00
a64fx,pivot,256,main_scan_enc,4,"and 2",0.22,5.8865,6.4184,4,4,2026-10-07T07:27:12+02:00
a64fx,pivot,256,main_scan_enc,4,"and 2",0.22,5.8301,6.5408,4,4,2026-10-07T07:27:12+02:00
a64fx,pivot,256,main_scan_enc,4,"and 2",0.22,5.8591,6.4813,4,4,2026-10-07T07:27:12+02:00
a64fx,pivot,256,main_scan_enc,4,"and 2",0.22,5.8580,6.4639,4,4,2026-10-07T07:27:12+02:00
a64fx,pivot,256,main_scan_enc,4,"and 3",0.37,3.2848,4.8578,4,4,2026-10-07T07:27:12+02:00
a64fx,pivot,256,main_scan_enc,4,"and 3",0.37,3.1881,4.8630,4,4,2026-10-07T07:27:12+02:00
a64fx,pivot,256,main_scan_enc,4,"and 3",0.37,3.2017,4.8960,4,4,2026-10-07T07:27:12+02:00
a64fx,pivot,256,main_scan_enc,4,"and 3",0.37,3.2239,4.8934,4,4,2026-10-07T07:27:12+02:00
a64fx,pivot,256,main_scan_enc,4,"and 3",0.37,3.2102,4.8948,4,4,2026-10-07T07:27:12+02:00
a64fx,pivot,256,main_scan_enc,4,"and 1",0.10,10.8394,7.7035,4,4,2026-10-07T07:27:12+02:00
a64fx,pivot,256,main_scan_enc,4,"and 1",0.10,10.8400,7.8653,4,4,2026-10-07T07:27:12+02:00
a64fx,pivot,256,main_scan_enc,4,"and 1",0.10,10.5510,7.8177,4,4,2026-10-07T07:27:12+02:00
a64fx,pivot,256,main_scan_enc,4,"and 1",0.10,10.7944,7.8569,4,4,2026-10-07T07:27:12+02:00
a64fx,pivot,256,main_scan_enc,4,"and 1",0.10,10.8150,7.8512,4,4,2026-10-07T07:27:12+02:00
a64fx,pivot,256,main_scan_enc,4,"and 2",0.32,4.3570,5.7318,4,4,2026-10-07T07:27:12+02:00
a64fx,pivot,256,main_scan_enc,4,"and 2",0.32,4.3452,5.7838,4,4,2026-10-07T07:27:12+02:00
a64fx,pivot,256,main_scan_enc,4,"and 2",0.32,4.3764,5.7368,4,4,2026-10-07T07:27:12+02:00
a64fx,pivot,256,main_scan_enc,4,"and 2",0.32,4.3726,5.7810,4,4,2026-10-07T07:27:12+02:00
a64fx,pivot,256,main_scan_enc,4,"and 2",0.32,4.3788,5.7095,4,4,2026-10-07T07:27:12+02:00
a64fx,pivot,256,main_scan_enc,4,"and 3",0.46,2.5941,4.3750,4,4,2026-10-07T07:27:12+02:00
a64fx,pivot,256,main_scan_enc,4,"and 3",0.46,2.5813,4.3483,4,4,2026-10-07T07:27:12+02:00
a64fx,pivot,256,main_scan_enc,4,"and 3",0.46,2.5772,4.3297,4,4,2026-10-07T07:27:12+02:00
a64fx,pivot,256,main_scan_enc,4,"and 3",0.46,2.5964,4.3920,4,4,2026-10-07T07:27:12+02:00
a64fx,pivot,256,main_scan_enc,4,"and 3",0.46,2.5943,4.3882,4,4,2026-10-07T07:27:12+02:00
a64fx,pivot,256,main_scan_enc,4,"and 1",0.20,7.6613,6.9266,4,4,2026-10-07T07:27:12+02:00
a64fx,pivot,256,main_scan_enc,4,"and 1",0.20,7.6754,6.9190,4,4,2026-10-07T07:27:12+02:00
a64fx,pivot,256,main_scan_enc,4,"and 1",0.20,7.6797,6.9210,4,4,2026-10-07T07:27:12+02:00
a64fx,pivot,256,main_scan_enc,4,"and 1",0.20,7.6284,6.9241,4,4,2026-10-07T07:27:12+02:00
a64fx,pivot,256,main_scan_enc,4,"and 1",0.20,7.6143,6.9271,4,4,2026-10-07T07:27:12+02:00
a64fx,pivot,256,main_scan_enc,4,"and 2",0.45,3.0948,5.2673,4,4,2026-10-07T07:27:12+02:00
a64fx,pivot,256,main_scan_enc,4,"and 2",0.45,3.1064,5.2518,4,4,2026-10-07T07:27:12+02:00
a64fx,pivot,256,main_scan_enc,4,"and 2",0.45,3.0963,5.2515,4,4,2026-10-07T07:27:12+02:00
a64fx,pivot,256,main_scan_enc,4,"and 2",0.45,3.0915,5.2552,4,4,2026-10-07T07:27:12+02:00
a64fx,pivot,256,main_scan_enc,4,"and 2",0.45,3.0838,5.2432,4,4,2026-10-07T07:27:12+02:00
a64fx,pivot,256,main_scan_enc,4,"and 3",0.58,2.4224,4.1867,4,4,2026-10-07T07:27:12+02:00
a64fx,pivot,256,main_scan_enc,4,"and 3",0.58,2.4274,4.1411,4,4,2026-10-07T07:27:12+02:00
a64fx,pivot,256,main_scan_enc,4,"and 3",0.58,2.4307,4.1767,4,4,2026-10-07T07:27:12+02:00
a64fx,pivot,256,main_scan_enc,4,"and 3",0.58,2.4278,4.1680,4,4,2026-10-07T07:27:12+02:00
a64fx,pivot,256,main_scan_enc,4,"and 3",0.58,2.4327,4.1790,4,4,2026-10-07T07:27:12+02:00
a64fx,pivot,256,main_scan_enc,4,"and 1",0.50,4.2548,6.1182,4,4,2026-10-07T07:27:12+02:00
a64fx,pivot,256,main_scan_enc,4,"and 1",0.50,4.2719,6.1377,4,4,2026-10-07T07:27:12+02:00
a64fx,pivot,256,main_scan_enc,4,"and 1",0.50,4.2454,6.1228,4,4,2026-10-07T07:27:12+02:00
a64fx,pivot,256,main_scan_enc,4,"and 1",0.50,4.2568,6.0988,4,4,2026-10-07T07:27:12+02:00
a64fx,pivot,256,main_scan_enc,4,"and 1",0.50,4.2723,6.0528,4,4,2026-10-07T07:27:12+02:00
a64fx,pivot,256,main_scan_enc,4,"and 2",0.71,3.5424,4.7742,4,4,2026-10-07T07:27:12+02:00
a64fx,pivot,256,main_scan_enc,4,"and 2",0.71,3.5347,4.7935,4,4,2026-10-07T07:27:12+02:00
a64fx,pivot,256,main_scan_enc,4,"and 2",0.71,3.5655,4.8069,4,4,2026-10-07T07:27:12+02:00
a64fx,pivot,256,main_scan_enc,4,"and 2",0.71,3.5679,4.8251,4,4,2026-10-07T07:27:12+02:00
a64fx,pivot,256,main_scan_enc,4,"and 2",0.71,3.5628,4.7930,4,4,2026-10-07T07:27:12+02:00
a64fx,pivot,256,main_scan_enc,4,"and 3",0.79,3.2201,3.9074,4,4,2026-10-07T07:27:12+02:00
a64fx,pivot,256,main_scan_enc,4,"and 3",0.79,3.1817,3.8905,4,4,2026-10-07T07:27:12+02:00
a64fx,pivot,256,main_scan_enc,4,"and 3",0.79,3.2014,3.8926,4,4,2026-10-07T07:27:12+02:00
a64fx,pivot,256,main_scan_enc,4,"and 3",0.79,3.2233,3.9052,4,4,2026-10-07T07:27:12+02:00
a64fx,pivot,256,main_scan_enc,4,"and 3",0.79,3.2388,3.9044,4,4,2026-10-07T07:27:12+02:00
a64fx,pivot,256,main_scan_enc,4,"and 1",1.00,16.2291,5.1307,4,4,2026-10-07T07:27:12+02:00
a64fx,pivot,256,main_scan_enc,4,"and 1",1.00,16.0881,5.1943,4,4,2026-10-07T07:27:12+02:00
a64fx,pivot,256,main_scan_enc,4,"and 1",1.00,16.1400,5.1526,4,4,2026-10-07T07:27:12+02:00
a64fx,pivot,256,main_scan_enc,4,"and 1",1.00,16.4597,5.1979,4,4,2026-10-07T07:27:12+02:00
a64fx,pivot,256,main_scan_enc,4,"and 1",1.00,16.4827,5.2185,4,4,2026-10-07T07:27:12+02:00
a64fx,pivot,256,main_scan_enc,4,"and 2",1.00,9.3883,4.2138,4,4,2026-10-07T07:27:12+02:00
a64fx,pivot,256,main_scan_enc,4,"and 2",1.00,9.2268,4.1744,4,4,2026-10-07T07:27:12+02:00
a64fx,pivot,256,main_scan_enc,4,"and 2",1.00,9.4012,4.1815,4,4,2026-10-07T07:27:12+02:00
a64fx,pivot,256,main_scan_enc,4,"and 2",1.00,9.2998,4.2241,4,4,2026-10-07T07:27:12+02:00
a64fx,pivot,256,main_scan_enc,4,"and 2",1.00,9.4048,4.2286,4,4,2026-10-07T07:27:12+02:00
a64fx,pivot,256,main_scan_enc,4,"and 3",1.00,6.2172,3.5024,4,4,2026-10-07T07:27:12+02:00
a64fx,pivot,256,main_scan_enc,4,"and 3",1.00,6.1576,3.5028,4,4,2026-10-07T07:27:12+02:00
a64fx,pivot,256,main_scan_enc,4,"and 3",1.00,6.1373,3.5005,4,4,2026-10-07T07:27:12+02:00
a64fx,pivot,256,main_scan_enc,4,"and 3",1.00,6.2174,3.5145,4,4,2026-10-07T07:27:12+02:00
a64fx,pivot,256,main_scan_enc,4,"and 3",1.00,6.2111,3.5046,4,4,2026-10-07T07:27:12+02:00
a64fx,pivot,512,main_scan_enc,4,"and 1",0.00,17.8029,26.3821,4,4,2026-10-07T07:27:21+02:00
a64fx,pivot,512,main_scan_enc,4,"and 1",0.00,18.0758,26.5231,4,4,2026-10-07T07:27:21+02:00
a64fx,pivot,512,main_scan_enc,4,"and 1",0.00,18.1373,25.1154,4,4,2026-10-07T07:27:21+02:00
a64fx,pivot,512,main_scan_enc,4,"and 1",0.00,18.1021,26.8615,4,4,2026-10-07T07:27:21+02:00
a64fx,pivot,512,main_scan_enc,4,"and 1",0.00,18.1310,26.5482,4,4,2026-10-07T07:27:21+02:00
a64fx,pivot,512,main_scan_enc,4,"and 2",0.03,13.9985,17.0168,4,4,2026-10-07T07:27:21+02:00
a64fx,pivot,512,main_scan_enc,4,"and 2",0.03,13.6511,17.4120,4,4,2026-10-07T07:27:21+02:00
a64fx,pivot,512,main_scan_enc,4,"and 2",0.03,14.0555,17.0510,4,4,2026-10-07T07:27:21+02:00
a64fx,pivot,512,main_scan_enc,4,"and 2",0.03,14.0535,17.4154,4,4,2026-10-07T07:27:21+02:00
a64fx,pivot,512,main_scan_enc,4,"and 2",0.03,14.0508,17.3139,4,4,2026-10-07T07:27:21+02:00
a64fx,pivot,512,main_scan_enc,4,"and 3",0.10,7.5799,10.9855,4,4,2026-10-07T07:27:21+02:00
a64fx,pivot,512,main_scan_enc,4,"and 3",0.10,7.6875,10.7625,4,4,2026-10-07T07:27:21+02:00
a64fx,pivot,512,main_scan_enc,4,"and 3",0.10,7.7062,10.5622,4,4,2026-10-07T07:27:21+02:00
a64fx,pivot,512,main_scan_enc,4,"and 3",0.10,7.6914,10.4325,4,4,2026-10-07T07:27:21+02:00
a64fx,pivot,512,main_scan_enc,4,"and 3",0.10,7.8072,10.9947,4,4,2026-10-07T07:27:21+02:00
a64fx,pivot,512,main_scan_enc,4,"and 1",0.00,17.1408,24.1920,4,4,2026-10-07T07:27:21+02:00
a64fx,pivot,512,main_scan_enc,4,"and 1",0.00,17.1592,25.4518,4,4,2026-10-07T07:27:21+02:00
a64fx,pivot,512,main_scan_enc,4,"and 1",0.00,17.1605,25.4413,4,4,2026-10-07T07:27:21+02:00
a64fx,pivot,512,main_scan_enc,4,"and 1",0.00,17.2097,25.4640,4,4,2026-10-07T07:27:21+02:00
a64fx,pivot,512,main_scan_enc,4,"and 1",0.00,16.4458,25.5015,4,4,2026-10-07T07:27:21+02:00
a64fx,pivot,512,main_scan_enc,4,"and 2",0.04,12.0571,15.2683,4,4,2026-10-07T07:27:21+02:00
a64fx,pivot,512,main_scan_enc,4,"and 2",0.04,12.6473,16.1338,4,4,2026-10-07T07:27:21+02:00
a64fx,pivot,512,main_scan_enc,4,"and 2",0.04,12.6365,16.1589,4,4,2026-10-07T07:27:21+02:00
a64fx,pivot,512,main_scan_enc,4,"and 2",0.04,12.1231,16.0816,4,4,2026-10-07T07:27:21+02:00
a64fx,pivot,512,main_scan_enc,4,"and 2",0.04,12.6340,15.9962,4,4,2026-10-07T07:27:21+02:00
a64fx,pivot,512,main_scan_enc,4,"and 3",0.13,6.9348,10.4259,4,4,2026-10-07T07:27:21+02:00
a64fx,pivot,512,main_scan_enc,4,"and 3",0.13,6.9716,10.3883,4,4,2026-10-07T07:27:21+02:00
a64fx,pivot,512,main_scan_enc,4,"and 3",0.13,6.9322,9.9934,4,4,2026-10-07T07:27:21+02:00
a64fx,pivot,512,main_scan_enc,4,"and 3",0.13,6.8692,10.2458,4,4,2026-10-07T07:27:21+02:00
a64fx,pivot,512,main_scan_enc,4,"and 3",0.13,6.9183,10.0939,4,4,2026-10-07T07:27:21+02:00
a64fx,pivot,512,main_scan_enc,4,"and 1",0.01,15.0897,23.7715,4,4,2026-10-07T07:27:21+02:00
a64fx,pivot,512,main_scan_enc,4,"and 1",0.01,15.0941,23.7564,4,4,2026-10-07T07:27:21+02:00
a64fx,pivot,512,main_scan_enc,4,"and 1",0.01,14.7311,23.8032,4,4,2026-10-07T07:27:21+02:00
a64fx,pivot,512,main_scan_enc,4,"and 1",0.01,14.7003,21.8507,4,4,2026-10-07T07:27:21+02:00
a64fx,pivot,512,main_scan_enc,4,"and 1",0.01,15.1436,23.7922,4,4,2026-10-07T07:27:21+02:00
a64fx,pivot,512,main_scan_enc,4,"and 2",0.07,9.9702,13.4114,4,4,2026-10-07T07:27:21+02:00
a64fx,pivot,512,main_scan_enc,4,"and 2",0.07,10.2379,14.3429,4,4,2026-10-07T07:27:21+02:00
a64fx,pivot,512,main_scan_enc,4,"and 2",0.07,9.9306,13.3147,4,4,2026-10-07T07:27:21+02:00
a64fx,pivot,512,main_scan_enc,4,"and 2",0.07,10.2490,14.3374,4,4,2026-10-07T07:27:21+02:00
a64fx,pivot,512,main_scan_enc,4,"and 2",0.07,10.0071,13.9375,4,4,2026-10-07T07:27:21+02:00
a64fx,pivot,512,main_scan_enc,4,"and 3",0.17,5.9771,9.3219,4,4,2026-10-07T07:27:21+02:00
a64fx,pivot,512,main_scan_enc,4,"and 3",0.17,5.9276,9.5541,4,4,2026-10-07T07:27:21+02:00
a64fx,pivot,512,main_scan_enc,4,"and 3",0.17,6.0138,9.3187,4,4,2026-10-07T07:27:21+02:00
a64fx,pivot,512,main_scan_enc,4,"and 3",0.17,6.0002,9.6294,4,4,2026-10-07T07:27:21+02:00
a64fx,pivot,512,main_scan_enc,4,"and 3",0.17,6.0149,9.5795,4,4,2026-10-07T07:27:21+02:00
a64fx,pivot,512,main_scan_enc,4,"and 1",0.01,12.8227,20.6718,4,4,2026-10-07T07:27:21+02:00
a64fx,pivot,512,main_scan_enc,4,"and 1",0.01,13.2967,22.0824,4,4,2026-10-07T07:27:21+02:00
a64fx,pivot,512,main_scan_enc,4,"and 1",0.01,13.1268,22.0665,4,4,2026-10-07T07:27:21+02:00
a64fx,pivot,512,main_scan_enc,4,"and 1",0.01,12.7608,21.9231,4,4,2026-10-07T07:27:21+02:00
a64fx,pivot,512,main_scan_enc,4,"and 1",0.01,13.1139,20.1863,4,4,2026-10-07T07:27:21+02:00
a64fx,pivot,512,main_scan_enc,4,"and 2",0.10,8.4144,13.1102,4,4,2026-10-07T07:27:21+02:00
a64fx,pivot,512,main_scan_enc,4,"and 2",0.10,8.2006,12.9577,4,4,2026-10-07T07:27:21+02:00
a64fx,pivot,512,main_scan_enc,4,"and 2",0.10,8.4178,13.1230,4,4,2026-10-07T07:27:21+02:00
a64fx,pivot,512,main_scan_enc,4,"and 2",0.10,8.3977,13.1054,4,4,2026-10-07T07:27:21+02:00
a64fx,pivot,512,main_scan_enc,4,"and 2",0.10,8.2179,12.9024,4,4,2026-10-07T07:27:21+02:00
a64fx,pivot,512,main_scan_enc,4,"and 3",0.22,5.0947,8.9193,4,4,2026-10-07T07:27:21+02:00
a64fx,pivot,512,main_scan_enc,4,"and 3",0.22,5.0870,8.8513,4,4,2026-10-07T07:27:21+02:00
a64fx,pivot,512,main_scan_enc,4,"and 3",0.22,5.0916,9.0660,4,4,2026-10-07T07:27:21+02:00
a64fx,pivot,512,main_scan_enc,4,"and 3",0.22,5.0680,9.1471,4,4,2026-10-07T07:27:21+02:00
a64fx,pivot,512,main_scan_enc,4,"and 3",0.22,5.0883,9.2616,4,4,2026-10-07T07:27:21+02:00
a64fx,pivot,512,main_scan_enc,4,"and 1",0.02,11.6727,20.1497,4,4,2026-10-07T07:27:21+02:00
a64fx,pivot,512,main_scan_enc,4,"and 1",0.02,11.8338,20.1470,4,4,2026-10-07T07:27:21+02:00
a64fx,pivot,512,main_scan_enc,4,"and 1",0.02,12.0266,20.2088,4,4,2026-10-07T07:27:21+02:00
a64fx,pivot,512,main_scan_enc,4,"and 1",0.02,12.0252,20.2673,4,4,2026-10-07T07:27:21+02:00
a64fx,pivot,512,main_scan_enc,4,"and 1",0.02,11.7231,20.0705,4,4,2026-10-07T07:27:21+02:00
a64fx,pivot,512,main_scan_enc,4,"and 2",0.14,6.9383,11.5865,4,4,2026-10-07T07:27:21+02:00
a64fx,pivot,512,main_scan_enc,4,"and 2",0.14,7.0042,12.0256,4,4,2026-10-07T07:27:21+02:00
a64fx,pivot,512,main_scan_enc,4,"and 2",0.14,7.0064,12.0112,4,4,2026-10-07T07:27:21+02:00
a64fx,pivot,512,main_scan_enc,4,"and 2",0.14,7.0037,11.9358,4,4,2026-10-07T07:27:21+02:00
a64fx,pivot,512,main_scan_enc,4,"and 2",0.14,6.9314,12.0292,4,4,2026-10-07T07:27:21+02:00
a64fx,pivot,512,main_scan_enc,4,"and 3",0.27,4.2846,8.5141,4,4,2026-10-07T07:27:21+02:00
a64fx,pivot,512,main_scan_enc,4,"and 3",0.27,4.2086,8.4971,4,4,2026-10-07T07:27:21+02:00
a64fx,pivot,512,main_scan_enc,4,"and 3",0.27,4.2827,8.7266,4,4,2026-10-07T07:27:21+02:00
a64fx,pivot,512,main_scan_enc,4,"and 3",0.27,4.2904,8.5994,4,4,2026-10-07T07:27:21+02:00
a64fx,pivot,512,main_scan_enc,4,"and 3",0.27,4.2773,8.7495,4,4,2026-10-07T07:27:21+02:00
a64fx,pivot,512,main_scan_enc,4,"and 1",0.05,12.5767,17.5578,4,4,2026-10-07T07:27:21+02:00
a64fx,pivot,512,main_scan_enc,4,"and 1",0.05,13.0183,18.1001,4,4,2026-10-07T07:27:21+02:00
a64fx,pivot,512,main_scan_enc,4,"and 1",0.05,13.0406,18.1189,4,4,2026-10-07T07:27:21+02:00
a64fx,pivot,512,main_scan_enc,4,"and 1",0.05,13.0455,18.1954,4,4,2026-10-07T07:27:21+02:00
a64fx,pivot,512,main_scan_enc,4,"and 1",0.05,13.0163,18.1703,4,4,2026-10-07T07:27:21+02:00
a64fx,pivot,512,main_scan_enc,4,"and 2",0.22,5.7665,11.0882,4,4,2026-10-07T07:27:21+02:00
a64fx,pivot,512,main_scan_enc,4,"and 2",0.22,5.7915,11.1336,4,4,2026-10-07T07:27:21+02:00
a64fx,pivot,512,main_scan_enc,4,"and 2",0.22,5.8363,11.1302,4,4,2026-10-07T07:27:21+02:00
a64fx,pivot,512,main_scan_enc,4,"and 2",0.22,5.8605,11.0818,4,4,2026-10-07T07:27:21+02:00
a64fx,pivot,512,main_scan_enc,4,"and 2",0.22,5.8246,11.1268,4,4,2026-10-07T07:27:21+02:00
a64fx,pivot,512,main_scan_enc,4,"and 3",0.37,3.2792,7.9972,4,4,2026-10-07T07:27:21+02:00
a64fx,pivot,512,main_scan_enc,4,"and 3",0.37,3.2159,8.0061,4,4,2026-10-07T07:27:21+02:00
a64fx,pivot,512,main_scan_enc,4,"and 3",0.37,3.2165,8.2615,4,4,2026-10-07T07:27:21+02:00
a64fx,pivot,512,main_scan_enc,4,"and 3",0.37,3.2112,8.2426,4,4,2026-10-07T07:27:21+02:00
a64fx,pivot,512,main_scan_enc,4,"and 3",0.37,3.2226,8.1948,4,4,2026-10-07T07:27:21+02:00
a64fx,pivot,512,main_scan_enc,4,"and 1",0.10,10.8126,17.9453,4,4,2026-10-07T07:27:21+02:00
a64fx,pivot,512,main_scan_enc,4,"and 1",0.10,10.6625,17.8883,4,4,2026-10-07T07:27:21+02:00
a64fx,pivot,512,main_scan_enc,4,"and 1",0.10,10.8130,17.9391,4,4,2026-10-07T07:27:21+02:00
a64fx,pivot,512,main_scan_enc,4,"and 1",0.10,10.8167,17.8292,4,4,2026-10-07T07:27:21+02:00
a64fx,pivot,512,main_scan_enc,4,"and 1",0.10,10.5473,17.8753,4,4,2026-10-07T07:27:21+02:00
a64fx,pivot,512,main_scan_enc,4,"and 2",0.32,4.3404,11.1663,4,4,2026-10-07T07:27:21+02:00
a64fx,pivot,512,main_scan_enc,4,"and 2",0.32,4.3759,11.1971,4,4,2026-10-07T07:27:21+02:00
a64fx,pivot,512,main_scan_enc,4,"and 2",0.32,4.3454,10.7651,4,4,2026-10-07T07:27:21+02:00
a64fx,pivot,512,main_scan_enc,4,"and 2",0.32,4.3555,11.2062,4,4,2026-10-07T07:27:21+02:00
a64fx,pivot,512,main_scan_enc,4,"and 2",0.32,4.3803,11.2048,4,4,2026-10-07T07:27:21+02:00
a64fx,pivot,512,main_scan_enc,4,"and 3",0.46,2.5986,8.0021,4,4,2026-10-07T07:27:21+02:00
a64fx,pivot,512,main_scan_enc,4,"and 3",0.46,2.5995,8.1090,4,4,2026-10-07T07:27:21+02:00
a64fx,pivot,512,main_scan_enc,4,"and 3",0.46,2.6018,8.1561,4,4,2026-10-07T07:27:21+02:00
a64fx,pivot,512,main_scan_enc,4,"and 3",0.46,2.6010,8.0888,4,4,2026-10-07T07:27:21+02:00
a64fx,pivot,512,main_scan_enc,4,"and 3",0.46,2.6005,8.1001,4,4,2026-10-07T07:27:21+02:00
a64fx,pivot,512,main_scan_enc,4,"and 1",0.20,7.5999,15.6707,4,4,2026-10-07T07:27:21+02:00
a64fx,pivot,512,main_scan_enc,4,"and 1",0.20,7.7256,16.2087,4,4,2026-10-07T07:27:21+02:00
a64fx,pivot,512,main_scan_enc,4,"and 1",0.20,7.5289,15.8656,4,4,2026-10-07T07:27:21+02:00
a64fx,pivot,512,main_scan_enc,4,"and 1",0.20,7.4918,16.2723,4,4,2026-10-07T07:27:21+02:00
a64fx,pivot,512,main_scan_enc,4,"and 1",0.20,7.7200,16.1723,4,4,2026-10-07T07:27:21+02:00
a64fx,pivot,512,main_scan_enc,4,"and 2",0.45,3.0840,10.2169,4,4,2026-10-07T07:27:21+02:00
a64fx,pivot,512,main_scan_enc,4,"and 2",0.45,3.0762,10.5378,4,4,2026-10-07T07:27:21+02:00
a64fx,pivot,512,main_scan_enc,4,"and 2",0.45,3.0750,10.3022,4,4,2026-10-07T07:27:21+02:00
a64fx,pivot,512,main_scan_enc,4,"and 2",0.45,3.0961,10.4064,4,4,2026-10-07T07:27:21+02:00
a64fx,pivot,512,main_scan_enc,4,"and 2",0.45,3.0962,10.5507,4,4,2026-10-07T07:27:21+02:00
a64fx,pivot,512,main_scan_enc,4,"and 3",0.58,2.4242,7.9232,4,4,2026-10-07T07:27:21+02:00
a64fx,pivot,512,main_scan_enc,4,"and 3",0.58,2.3694,7.8947,4,4,2026-10-07T07:27:21+02:00
a64fx,pivot,512,main_scan_enc,4,"and 3",0.58,2.4265,8.0656,4,4,2026-10-07T07:27:21+02:00
a64fx,pivot,512,main_scan_enc,4,"and 3",0.58,2.4285,7.9635,4,4,2026-10-07T07:27:21+02:00
a64fx,pivot,512,main_scan_enc,4,"and 3",0.58,2.4253,7.9379,4,4,2026-10-07T07:27:21+02:00
a64fx,pivot,512,main_scan_enc,4,"and 1",0.50,4.2458,13.1710,4,4,2026-10-07T07:27:21+02:00
a64fx,pivot,512,main_scan_enc,4,"and 1",0.50,4.2439,12.7687,4,4,2026-10-07T07:27:21+02:00
a64fx,pivot,512,main_scan_enc,4,"and 1",0.50,4.2691,13.1596,4,4,2026-10-07T07:27:21+02:00
a64fx,pivot,512,main_scan_enc,4,"and 1",0.50,4.2551,13.1321,4,4,2026-10-07T07:27:21+02:00
a64fx,pivot,512,main_scan_enc,4,"and 1",0.50,4.2832,12.8436,4,4,2026-10-07T07:27:21+02:00
a64fx,pivot,512,main_scan_enc,4,"and 2",0.71,3.5617,9.1811,4,4,2026-10-07T07:27:21+02:00
a64fx,pivot,512,main_scan_enc,4,"and 2",0.71,3.5207,9.0399,4,4,2026-10-07T07:27:21+02:00
a64fx,pivot,512,main_scan_enc,4,"and 2",0.71,3.5349,8.9822,4,4,2026-10-07T07:27:21+02:00
a64fx,pivot,512,main_scan_enc,4,"and 2",0.71,3.5562,9.1973,4,4,2026-10-07T07:27:21+02:00
a64fx,pivot,512,main_scan_enc,4,"and 2",0.71,3.5557,8.9072,4,4,2026-10-07T07:27:21+02:00
a64fx,pivot,512,main_scan_enc,4,"and 3",0.79,3.2203,7.1754,4,4,2026-10-07T07:27:21+02:00
a64fx,pivot,512,main_scan_enc,4,"and 3",0.79,3.2211,7.1530,4,4,2026-10-07T07:27:21+02:00
a64fx,pivot,512,main_scan_enc,4,"and 3",0.79,3.2216,7.1674,4,4,2026-10-07T07:27:21+02:00
a64fx,pivot,512,main_scan_enc,4,"and 3",0.79,3.2134,7.0866,4,4,2026-10-07T07:27:21+02:00
a64fx,pivot,512,main_scan_enc,4,"and 3",0.79,3.2126,7.1527,4,4,2026-10-07T07:27:21+02:00
a64fx,pivot,512,main_scan_enc,4,"and 1",1.00,16.5044,9.5772,4,4,2026-10-07T07:27:21+02:00
a64fx,pivot,512,main_scan_enc,4,"and 1",1.00,16.5452,9.7611,4,4,2026-10-07T07:27:21+02:00
a64fx,pivot,512,main_scan_enc,4,"and 1",1.00,15.9820,9.6148,4,4,2026-10-07T07:27:21+02:00
a64fx,pivot,512,main_scan_enc,4,"and 1",1.00,16.4877,9.7695,4,4,2026-10-07T07:27:21+02:00
a64fx,pivot,512,main_scan_enc,4,"and 1",1.00,15.9585,9.6004,4,4,2026-10-07T07:27:21+02:00
a64fx,pivot,512,main_scan_enc,4,"and 2",1.00,9.4106,7.2584,4,4,2026-10-07T07:27:21+02:00
a64fx,pivot,512,main_scan_enc,4,"and 2",1.00,9.4056,7.3057,4,4,2026-10-07T07:27:21+02:00
a64fx,pivot,512,main_scan_enc,4,"and 2",1.00,9.2556,7.2660,4,4,2026-10-07T07:27:21+02:00
a64fx,pivot,512,main_scan_enc,4,"and 2",1.00,9.4049,7.2746,4,4,2026-10-07T07:27:21+02:00
a64fx,pivot,512,main_scan_enc,4,"and 2",1.00,9.1267,7.2960,4,4,2026-10-07T07:27:21+02:00
a64fx,pivot,512,main_scan_enc,4,"and 3",1.00,6.1632,5.9751,4,4,2026-10-07T07:27:21+02:00
a64fx,pivot,512,main_scan_enc,4,"and 3",1.00,6.2029,6.0183,4,4,2026-10-07T07:27:21+02:00
a64fx,pivot,512,main_scan_enc,4,"and 3",1.00,6.1958,6.0838,4,4,2026-10-07T07:27:21+02:00
a64fx,pivot,512,main_scan_enc,4,"and 3",1.00,6.2884,6.0153,4,4,2026-10-07T07:27:21+02:00
a64fx,pivot,512,main_scan_enc,4,"and 3",1.00,6.1774,6.0223,4,4,2026-10-07T07:27:21+02:00
a64fx,pivot,128,main_gather,4,"gather_byte",100.00,0.071877,0.071877,4,4,2026-10-07T07:41:41+02:00
a64fx,pivot,128,main_gather,4,"gather_short",100.00,0.062040,0.062040,4,4,2026-10-07T07:41:41+02:00
a64fx,pivot,128,main_gather,4,"gather_int",100.00,0.066359,0.066359,4,4,2026-10-07T07:41:41+02:00
a64fx,pivot,128,main_gather,4,"gather_long",100.00,0.060612,0.060612,4,4,2026-10-07T07:41:41+02:00
a64fx,pivot,128,main_gather,4,"gather_char",100.00,0.008644,0.008644,4,4,2026-10-07T07:41:41+02:00
a64fx,pivot,128,main_gather,4,"gather_encoded",100.00,0.049446,0.049446,4,4,2026-10-07T07:41:41+02:00
a64fx,pivot,128,main_gather,4,"copy_encoded",100.00,0.340455,0.340455,4,4,2026-10-07T07:41:41+02:00
a64fx,pivot,256,main_gather,4,"gather_byte",100.00,0.072307,0.072307,4,4,2026-10-07T07:46:25+02:00
a64fx,pivot,256,main_gather,4,"gather_short",100.00,0.062933,0.062933,4,4,2026-10-07T07:46:25+02:00
a64fx,pivot,256,main_gather,4,"gather_int",100.00,0.056073,0.056073,4,4,2026-10-07T07:46:25+02:00
a64fx,pivot,256,main_gather,4,"gather_long",100.00,0.059138,0.059138,4,4,2026-10-07T07:46:25+02:00
a64fx,pivot,256,main_gather,4,"gather_char",100.00,0.007357,0.007357,4,4,2026-10-07T07:46:25+02:00
a64fx,pivot,256,main_gather,4,"gather_encoded",100.00,0.056144,0.056144,4,4,2026-10-07T07:46:25+02:00
a64fx,pivot,256,main_gather,4,"copy_encoded",100.00,1.254200,1.254200,4,4,2026-10-07T07:46:25+02:00
a64fx,pivot,512,main_gather,4,"gather_byte",100.00,0.073537,0.073537,4,4,2026-10-07T07:51:06+02:00
a64fx,pivot,512,main_gather,4,"gather_short",100.00,0.063904,0.063904,4,4,2026-10-07T07:51:06+02:00
a64fx,pivot,512,main_gather,4,"gather_int",100.00,0.054061,0.054061,4,4,2026-10-07T07:51:06+02:00
a64fx,pivot,512,main_gather,4,"gather_long",100.00,0.050513,0.050513,4,4,2026-10-07T07:51:06+02:00
a64fx,pivot,512,main_gather,4,"gather_char",100.00,0.015861,0.015861,4,4,2026-10-07T07:51:06+02:00
a64fx,pivot,512,main_gather,4,"gather_encoded",100.00,0.063912,0.063912,4,4,2026-10-07T07:51:06+02:00
a64fx,pivot,512,main_gather,4,"copy_encoded",100.00,3.263874,3.263874,4,4,2026-10-07T07:51:06+02:00
a64fx,pivot,128,main_hash,4,"jenkins_hash",100.00,0.006546,0.006546,4,4,2026-10-07T08:00:59+02:00
a64fx,pivot,128,main_hash,4,"fnv_hash",100.00,0.008174,0.008174,4,4,2026-10-07T08:00:59+02:00
a64fx,pivot,128,main_hash,4,"murmur_hash",100.00,0.023178,0.023178,4,4,2026-10-07T08:00:59+02:00
a64fx,pivot,256,main_hash,4,"jenkins_hash",100.00,0.005262,0.005262,4,4,2026-10-07T08:02:25+02:00
a64fx,pivot,256,main_hash,4,"fnv_hash",100.00,0.005708,0.005708,4,4,2026-10-07T08:02:25+02:00
a64fx,pivot,256,main_hash,4,"murmur_hash",100.00,0.015057,0.015057,4,4,2026-10-07T08:02:25+02:00
a64fx,pivot,512,main_hash,4,"jenkins_hash",100.00,0.005764,0.005764,4,4,2026-10-07T08:03:55+02:00
a64fx,pivot,512,main_hash,4,"fnv_hash",100.00,0.006379,0.006379,4,4,2026-10-07T08:03:55+02:00
a64fx,pivot,512,main_hash,4,"murmur_hash",100.00,0.018529,0.018529,4,4,2026-10-07T08:03:55+02:00
a64fx,pivot,128,main_select,4,"select_byte",100.00,0.630557,0.630557,4,4,2026-10-07T08:15:08+02:00
a64fx,pivot,128,main_select,4,"select_short",100.00,0.744776,0.744776,4,4,2026-10-07T08:15:08+02:00
a64fx,pivot,128,main_select,4,"select_int",100.00,0.820295,0.820295,4,4,2026-10-07T08:15:08+02:00
a64fx,pivot,128,main_select,4,"select_long",100.00,0.609716,0.609716,4,4,2026-10-07T08:15:08+02:00
a64fx,pivot,128,main_select,4,"select_float",100.00,0.820071,0.820071,4,4,2026-10-07T08:15:08+02:00
a64fx,pivot,128,main_select,4,"select_double",100.00,0.610418,0.610418,4,4,2026-10-07T08:15:08+02:00
a64fx,pivot,128,main_select,4,"select_char",100.00,0.035201,0.035201,4,4,2026-10-07T08:15:08+02:00
a64fx,pivot,128,main_select,4,"select_encoded",100.00,0.177637,0.177637,4,4,2026-10-07T08:15:08+02:00
a64fx,pivot,256,main_select,4,"select_byte",100.00,0.709559,0.709559,4,4,2026-10-07T08:17:41+02:00
a64fx,pivot,256,main_select,4,"select_short",100.00,0.686334,0.686334,4,4,2026-10-07T08:17:41+02:00
a64fx,pivot,256,main_select,4,"select_int",100.00,0.679605,0.679605,4,4,2026-10-07T08:17:41+02:00
a64fx,pivot,256,main_select,4,"select_long",100.00,0.510438,0.510438,4,4,2026-10-07T08:17:41+02:00
a64fx,pivot,256,main_select,4,"select_float",100.00,0.679328,0.679328,4,4,2026-10-07T08:17:41+02:00
a64fx,pivot,256,main_select,4,"select_double",100.00,0.510466,0.510466,4,4,2026-10-07T08:17:41+02:00
a64fx,pivot,256,main_select,4,"select_char",100.00,0.042328,0.042328,4,4,2026-10-07T08:17:41+02:00
a64fx,pivot,256,main_select,4,"select_encoded",100.00,0.438804,0.438804,4,4,2026-10-07T08:17:41+02:00
a64fx,pivot,512,main_select,4,"select_byte",100.00,0.963004,0.963004,4,4,2026-10-07T08:19:39+02:00
a64fx,pivot,512,main_select,4,"select_short",100.00,0.932652,0.932652,4,4,2026-10-07T08:19:39+02:00
a64fx,pivot,512,main_select,4,"select_int",100.00,0.914532,0.914532,4,4,2026-10-07T08:19:39+02:00
a64fx,pivot,512,main_select,4,"select_long",100.00,0.624377,0.624377,4,4,2026-10-07T08:19:39+02:00
a64fx,pivot,512,main_select,4,"select_float",100.00,0.914035,0.914035,4,4,2026-10-07T08:19:39+02:00
a64fx,pivot,512,main_select,4,"select_double",100.00,0.625081,0.625081,4,4,2026-10-07T08:19:39+02:00
a64fx,pivot,512,main_select,4,"select_char",100.00,0.039845,0.039845,4,4,2026-10-07T08:19:39+02:00
a64fx,pivot,512,main_select,4,"select_encoded",100.00,0.638094,0.638094,4,4,2026-10-07T08:19:39+02:00
a64fx,pivot,128,main_filter,4,"filter_byte_eq",100.00,0.026109,0.026109,4,4,2026-10-07T08:30:01+02:00
a64fx,pivot,128,main_filter,4,"filter_byte_lt",100.00,0.026178,0.026178,4,4,2026-10-07T08:30:01+02:00
a64fx,pivot,128,main_filter,4,"filter_byte_gt",100.00,0.026171,0.026171,4,4,2026-10-07T08:30:01+02:00
a64fx,pivot,128,main_filter,4,"filter_byte_ne",100.00,0.025782,0.025782,4,4,2026-10-07T08:30:01+02:00
a64fx,pivot,128,main_filter,4,"filter_byte_le",100.00,0.026181,0.026181,4,4,2026-10-07T08:30:01+02:00
a64fx,pivot,128,main_filter,4,"filter_byte_ge",100.00,0.026174,0.026174,4,4,2026-10-07T08:30:01+02:00
a64fx,pivot,128,main_filter,4,"filter_short_eq",100.00,0.024248,0.024248,4,4,2026-10-07T08:30:01+02:00
a64fx,pivot,128,main_filter,4,"filter_short_lt",100.00,0.024225,0.024225,4,4,2026-10-07T08:30:01+02:00
a64fx,pivot,128,main_filter,4,"filter_short_gt",100.00,0.024226,0.024226,4,4,2026-10-07T08:30:01+02:00
a64fx,pivot,128,main_filter,4,"filter_short_ne",100.00,0.022490,0.022490,4,4,2026-10-07T08:30:01+02:00
a64fx,pivot,128,main_filter,4,"filter_short_le",100.00,0.024246,0.024246,4,4,2026-10-07T08:30:01+02:00
a64fx,pivot,128,main_filter,4,"filter_short_ge",100.00,0.024249,0.024249,4,4,2026-10-07T08:30:01+02:00
a64fx,pivot,128,main_filter,4,"filter_int_eq",100.00,0.020918,0.020918,4,4,2026-10-07T08:30:01+02:00
a64fx,pivot,128,main_filter,4,"filter_int_lt",100.00,0.021001,0.021001,4,4,2026-10-07T08:30:01+02:00
a64fx,pivot,128,main_filter,4,"filter_int_gt",100.00,0.021012,0.021012,4,4,2026-10-07T08:30:01+02:00
a64fx,pivot,128,main_filter,4,"filter_int_ne",100.00,0.022316,0.022316,4,4,2026-10-07T08:30:01+02:00
a64fx,pivot,128,main_filter,4,"filter_int_le",100.00,0.021004,0.021004,4,4,2026-10-07T08:30:01+02:00
a64fx,pivot,128,main_filter,4,"filter_int_ge",100.00,0.021012,0.021012,4,4,2026-10-07T08:30:01+02:00
a64fx,pivot,128,main_filter,4,"filter_long_eq",100.00,0.004299,0.004299,4,4,2026-10-07T08:30:01+02:00
a64fx,pivot,128,main_filter,4,"filter_long_lt",100.00,0.004305,0.004305,4,4,2026-10-07T08:30:01+02:00
a64fx,pivot,128,main_filter,4,"filter_long_gt",100.00,0.004303,0.004303,4,4,2026-10-07T08:30:01+02:00
a64fx,pivot,128,main_filter,4,"filter_long_ne",100.00,0.004347,0.004347,4,4,2026-10-07T08:30:01+02:00
a64fx,pivot,128,main_filter,4,"filter_long_le",100.00,0.004305,0.004305,4,4,2026-10-07T08:30:01+02:00
a64fx,pivot,128,main_filter,4,"filter_long_ge",100.00,0.004303,0.004303,4,4,2026-10-07T08:30:01+02:00
a64fx,pivot,128,main_filter,4,"filter_float_eq",100.00,0.021013,0.021013,4,4,2026-10-07T08:30:01+02:00
a64fx,pivot,128,main_filter,4,"filter_float_lt",100.00,0.021051,0.021051,4,4,2026-10-07T08:30:01+02:00
a64fx,pivot,128,main_filter,4,"filter_float_gt",100.00,0.021051,0.021051,4,4,2026-10-07T08:30:01+02:00
a64fx,pivot,128,main_filter,4,"filter_float_ne",100.00,0.023902,0.023902,4,4,2026-10-07T08:30:01+02:00
a64fx,pivot,128,main_filter,4,"filter_float_le",100.00,0.021051,0.021051,4,4,2026-10-07T08:30:01+02:00
a64fx,pivot,128,main_filter,4,"filter_float_ge",100.00,0.021049,0.021049,4,4,2026-10-07T08:30:01+02:00
a64fx,pivot,128,main_filter,4,"filter_double_eq",100.00,0.004301,0.004301,4,4,2026-10-07T08:30:01+02:00
a64fx,pivot,128,main_filter,4,"filter_double_lt",100.00,0.004301,0.004301,4,4,2026-10-07T08:30:01+02:00
a64fx,pivot,128,main_filter,4,"filter_double_gt",100.00,0.004305,0.004305,4,4,2026-10-07T08:30:01+02:00
a64fx,pivot,128,main_filter,4,"filter_double_ne",100.00,0.004319,0.004319,4,4,2026-10-07T08:30:01+02:00
a64fx,pivot,128,main_filter,4,"filter_double_le",100.00,0.004303,0.004303,4,4,2026-10-07T08:30:01+02:00
a64fx,pivot,128,main_filter,4,"filter_double_ge",100.00,0.004304,0.004304,4,4,2026-10-07T08:30:01+02:00
a64fx,pivot,128,main_filter,4,"filter_char_eq",100.00,0.003334,0.003334,4,4,2026-10-07T08:30:01+02:00
a64fx,pivot,128,main_filter,4,"filter_char_lt",100.00,0.003163,0.003163,4,4,2026-10-07T08:30:01+02:00
a64fx,pivot,128,main_filter,4,"filter_char_gt",100.00,0.003163,0.003163,4,4,2026-10-07T08:30:01+02:00
a64fx,pivot,128,main_filter,4,"filter_char_ne",100.00,0.003351,0.003351,4,4,2026-10-07T08:30:01+02:00
a64fx,pivot,128,main_filter,4,"filter_char_le",100.00,0.003155,0.003155,4,4,2026-10-07T08:30:01+02:00
a64fx,pivot,128,main_filter,4,"filter_char_ge",100.00,0.003168,0.003168,4,4,2026-10-07T08:30:01+02:00
a64fx,pivot,256,main_filter,4,"filter_byte_eq",100.00,0.023848,0.023848,4,4,2026-10-07T08:32:35+02:00
a64fx,pivot,256,main_filter,4,"filter_byte_lt",100.00,0.023991,0.023991,4,4,2026-10-07T08:32:35+02:00
a64fx,pivot,256,main_filter,4,"filter_byte_gt",100.00,0.023962,0.023962,4,4,2026-10-07T08:32:35+02:00
a64fx,pivot,256,main_filter,4,"filter_byte_ne",100.00,0.024573,0.024573,4,4,2026-10-07T08:32:35+02:00
a64fx,pivot,256,main_filter,4,"filter_byte_le",100.00,0.023986,0.023986,4,4,2026-10-07T08:32:35+02:00
a64fx,pivot,256,main_filter,4,"filter_byte_ge",100.00,0.023981,0.023981,4,4,2026-10-07T08:32:35+02:00
a64fx,pivot,256,main_filter,4,"filter_short_eq",100.00,0.023467,0.023467,4,4,2026-10-07T08:32:35+02:00
a64fx,pivot,256,main_filter,4,"filter_short_lt",100.00,0.023334,0.023334,4,4,2026-10-07T08:32:35+02:00
a64fx,pivot,256,main_filter,4,"filter_short_gt",100.00,0.023342,0.023342,4,4,2026-10-07T08:32:35+02:00
a64fx,pivot,256,main_filter,4,"filter_short_ne",100.00,0.024038,0.024038,4,4,2026-10-07T08:32:35+02:00
a64fx,pivot,256,main_filter,4,"filter_short_le",100.00,0.023356,0.023356,4,4,2026-10-07T08:32:35+02:00
a64fx,pivot,256,main_filter,4,"filter_short_ge",100.00,0.023346,0.023346,4,4,2026-10-07T08:32:35+02:00
a64fx,pivot,256,main_filter,4,"filter_int_eq",100.00,0.022464,0.022464,4,4,2026-10-07T08:32:35+02:00
a64fx,pivot,256,main_filter,4,"filter_int_lt",100.00,0.022168,0.022168,4,4,2026-10-07T08:32:35+02:00
a64fx,pivot,256,main_filter,4,"filter_int_gt",100.00,0.022164,0.022164,4,4,2026-10-07T08:32:35+02:00
a64fx,pivot,256,main_filter,4,"filter_int_ne",100.00,0.023377,0.023377,4,4,2026-10-07T08:32:35+02:00
a64fx,pivot,256,main_filter,4,"filter_int_le",100.00,0.022180,0.022180,4,4,2026-10-07T08:32:35+02:00
a64fx,pivot,256,main_filter,4,"filter_int_ge",100.00,0.022150,0.022150,4,4,2026-10-07T08:32:35+02:00
a64fx,pivot,256,main_filter,4,"filter_long_eq",100.00,0.004208,0.004208,4,4,2026-10-07T08:32:35+02:00
a64fx,pivot,256,main_filter,4,"filter_long_lt",100.00,0.004214,0.004214,4,4,2026-10-07T08:32:35+02:00
a64fx,pivot,256,main_filter,4,"filter_long_gt",100.00,0.004212,0.004212,4,4,2026-10-07T08:32:35+02:00
a64fx,pivot,256,main_filter,4,"filter_long_ne",100.00,0.004230,0.004230,4,4,2026-10-07T08:32:35+02:00
a64fx,pivot,256,main_filter,4,"filter_long_le",100.00,0.004213,0.004213,4,4,2026-10-07T08:32:35+02:00
a64fx,pivot,256,main_filter,4,"filter_long_ge",100.00,0.004190,0.004190,4,4,2026-10-07T08:32:35+02:00
a64fx,pivot,256,main_filter,4,"filter_float_eq",100.00,0.022248,0.022248,4,4,2026-10-07T08:32:35+02:00
a64fx,pivot,256,main_filter,4,"filter_float_lt",100.00,0.022137,0.022137,4,4,2026-10-07T08:32:35+02:00
a64fx,pivot,256,main_filter,4,"filter_float_gt",100.00,0.022148,0.022148,4,4,2026-10-07T08:32:35+02:00
a64fx,pivot,256,main_filter,4,"filter_float_ne",100.00,0.023190,0.023190,4,4,2026-10-07T08:32:35+02:00
a64fx,pivot,256,main_filter,4,"filter_float_le",100.00,0.022106,0.022106,4,4,2026-10-07T08:32:35+02:00
a64fx,pivot,256,main_filter,4,"filter_float_ge",100.00,0.022100,0.022100,4,4,2026-10-07T08:32:35+02:00
a64fx,pivot,256,main_filter,4,"filter_double_eq",100.00,0.004157,0.004157,4,4,2026-10-07T08:32:35+02:00
a64fx,pivot,256,main_filter,4,"filter_double_lt",100.00,0.004154,0.004154,4,4,2026-10-07T08:32:35+02:00
a64fx,pivot,256,main_filter,4,"filter_double_gt",100.00,0.004159,0.004159,4,4,2026-10-07T08:32:35+02:00
a64fx,pivot,256,main_filter,4,"filter_double_ne",100.00,0.004199,0.004199,4,4,2026-10-07T08:32:35+02:00
a64fx,pivot,256,main_filter,4,"filter_double_le",100.00,0.004160,0.004160,4,4,2026-10-07T08:32:35+02:00
a64fx,pivot,256,main_filter,4,"filter_double_ge",100.00,0.004161,0.004161,4,4,2026-10-07T08:32:35+02:00
a64fx,pivot,256,main_filter,4,"filter_char_eq",100.00,0.003295,0.003295,4,4,2026-10-07T08:32:35+02:00
a64fx,pivot,256,main_filter,4,"filter_char_lt",100.00,0.002873,0.002873,4,4,2026-10-07T08:32:35+02:00
a64fx,pivot,256,main_filter,4,"filter_char_gt",100.00,0.002933,0.002933,4,4,2026-10-07T08:32:35+02:00
a64fx,pivot,256,main_filter,4,"filter_char_ne",100.00,0.003272,0.003272,4,4,2026-10-07T08:32:35+02:00
a64fx,pivot,256,main_filter,4,"filter_char_le",100.00,0.002926,0.002926,4,4,2026-10-07T08:32:35+02:00
a64fx,pivot,256,main_filter,4,"filter_char_ge",100.00,0.002912,0.002912,4,4,2026-10-07T08:32:35+02:00
a64fx,pivot,512,main_filter,4,"filter_byte_eq",100.00,0.026337,0.026337,4,4,2026-10-07T08:35:13+02:00
a64fx,pivot,512,main_filter,4,"filter_byte_lt",100.00,0.027847,0.027847,4,4,2026-10-07T08:35:13+02:00
a64fx,pivot,512,main_filter,4,"filter_byte_gt",100.00,0.027865,0.027865,4,4,2026-10-07T08:35:13+02:00
a64fx,pivot,512,main_filter,4,"filter_byte_ne",100.00,0.028366,0.028366,4,4,2026-10-07T08:35:13+02:00
a64fx,pivot,512,main_filter,4,"filter_byte_le",100.00,0.027851,0.027851,4,4,2026-10-07T08:35:13+02:00
a64fx,pivot,512,main_filter,4,"filter_byte_ge",100.00,0.027851,0.027851,4,4,2026-10-07T08:35:13+02:00
a64fx,pivot,512,main_filter,4,"filter_short_eq",100.00,0.023570,0.023570,4,4,2026-10-07T08:35:13+02:00
a64fx,pivot,512,main_filter,4,"filter_short_lt",100.00,0.025969,0.025969,4,4,2026-10-07T08:35:13+02:00
a64fx,pivot,512,main_filter,4,"filter_short_gt",100.00,0.025617,0.025617,4,4,2026-10-07T08:35:13+02:00
a64fx,pivot,512,main_filter,4,"filter_short_ne",100.00,0.026821,0.026821,4,4,2026-10-07T08:35:13+02:00
a64fx,pivot,512,main_filter,4,"filter_short_le",100.00,0.026013,0.026013,4,4,2026-10-07T08:35:13+02:00
a64fx,pivot,512,main_filter,4,"filter_short_ge",100.00,0.025639,0.025639,4,4,2026-10-07T08:35:13+02:00
a64fx,pivot,512,main_filter,4,"filter_int_eq",100.00,0.023078,0.023078,4,4,2026-10-07T08:35:13+02:00
a64fx,pivot,512,main_filter,4,"filter_int_lt",100.00,0.023967,0.023967,4,4,2026-10-07T08:35:13+02:00
a64fx,pivot,512,main_filter,4,"filter_int_gt",100.00,0.023706,0.023706,4,4,2026-10-07T08:35:13+02:00
a64fx,pivot,512,main_filter,4,"filter_int_ne",100.00,0.025104,0.025104,4,4,2026-10-07T08:35:13+02:00
a64fx,pivot,512,main_filter,4,"filter_int_le",100.00,0.023969,0.023969,4,4,2026-10-07T08:35:13+02:00
a64fx,pivot,512,main_filter,4,"filter_int_ge",100.00,0.023701,0.023701,4,4,2026-10-07T08:35:13+02:00
a64fx,pivot,512,main_filter,4,"filter_long_eq",100.00,0.004229,0.004229,4,4,2026-10-07T08:35:13+02:00
a64fx,pivot,512,main_filter,4,"filter_long_lt",100.00,0.004215,0.004215,4,4,2026-10-07T08:35:13+02:00
a64fx,pivot,512,main_filter,4,"filter_long_gt",100.00,0.004213,0.004213,4,4,2026-10-07T08:35:13+02:00
a64fx,pivot,512,main_filter,4,"filter_long_ne",100.00,0.004219,0.004219,4,4,2026-10-07T08:35:13+02:00
a64fx,pivot,512,main_filter,4,"filter_long_le",100.00,0.004216,0.004216,4,4,2026-10-07T08:35:13+02:00
a64fx,pivot,512,main_filter,4,"filter_long_ge",100.00,0.004219,0.004219,4,4,2026-10-07T08:35:13+02:00
a64fx,pivot,512,main_filter,4,"filter_float_eq",100.00,0.023202,0.023202,4,4,2026-10-07T08:35:13+02:00
a64fx,pivot,512,main_filter,4,"filter_float_lt",100.00,0.024430,0.024430,4,4,2026-10-07T08:35:13+02:00
a64fx,pivot,512,main_filter,4,"filter_float_gt",100.00,0.024443,0.024443,4,4,2026-10-07T08:35:13+02:00
a64fx,pivot,512,main_filter,4,"filter_float_ne",100.00,0.025649,0.025649,4,4,2026-10-07T08:35:13+02:00
a64fx,pivot,512,main_filter,4,"filter_float_le",100.00,0.023806,0.023806,4,4,2026-10-07T08:35:13+02:00
a64fx,pivot,512,main_filter,4,"filter_float_ge",100.00,0.024437,0.024437,4,4,2026-10-07T08:35:13+02:00
a64fx,pivot,512,main_filter,4,"filter_double_eq",100.00,0.004247,0.004247,4,4,2026-10-07T08:35:13+02:00
a64fx,pivot,512,main_filter,4,"filter_double_lt",100.00,0.004248,0.004248,4,4,2026-10-07T08:35:13+02:00
a64fx,pivot,512,main_filter,4,"filter_double_gt",100.00,0.004243,0.004243,4,4,2026-10-07T08:35:13+02:00
a64fx,pivot,512,main_filter,4,"filter_double_ne",100.00,0.004234,0.004234,4,4,2026-10-07T08:35:13+02:00
a64fx,pivot,512,main_filter,4,"filter_double_le",100.00,0.004250,0.004250,4,4,2026-10-07T08:35:13+02:00
a64fx,pivot,512,main_filter,4,"filter_double_ge",100.00,0.004247,0.004247,4,4,2026-10-07T08:35:13+02:00
a64fx,pivot,512,main_filter,4,"filter_char_eq",100.00,0.003301,0.003301,4,4,2026-10-07T08:35:13+02:00
a64fx,pivot,512,main_filter,4,"filter_char_lt",100.00,0.003124,0.003124,4,4,2026-10-07T08:35:13+02:00
a64fx,pivot,512,main_filter,4,"filter_char_gt",100.00,0.003121,0.003121,4,4,2026-10-07T08:35:13+02:00
a64fx,pivot,512,main_filter,4,"filter_char_ne",100.00,0.003308,0.003308,4,4,2026-10-07T08:35:13+02:00
a64fx,pivot,512,main_filter,4,"filter_char_le",100.00,0.003124,0.003124,4,4,2026-10-07T08:35:13+02:00
a64fx,pivot,512,main_filter,4,"filter_char_ge",100.00,0.003120,0.003120,4,4,2026-10-07T08:35:13+02:00
