arch,method,width,driver,run,label,selectivity,bpts,btps,round,seed,start
graviton3,simde,128,main_scan_int,1,"and 1",0.00,5.9197,11.8688,1,1,2026-10-06T09:15:02+00:00
graviton3,simde,128,main_scan_int,1,"and 1",0.00,5.9244,12.1490,1,1,2026-10-06T09:15:02+00:00
graviton3,simde,128,main_scan_int,1,"and 1",0.00,5.9217,12.1663,1,1,2026-10-06T09:15:02+00:00
graviton3,simde,128,main_scan_int,1,"and 1",0.00,5.9380,12.2504,1,1,2026-10-06T09:15:02+00:00
graviton3,simde,128,main_scan_int,1,"and 1",0.00,5.9380,12.1388,1,1,2026-10-06T09:15:02+00:00
graviton3,simde,128,main_scan_int,1,"and 2",0.03,3.9071,4.9836,1,1,2026-10-06T09:15:02+00:00
graviton3,simde,128,main_scan_int,1,"and 2",0.03,3.9057,4.9573,1,1,2026-10-06T09:15:02+00:00
graviton3,simde,128,main_scan_int,1,"and 2",0.03,3.9037,4.8267,1,1,2026-10-06T09:15:02+00:00
graviton3,simde,128,main_scan_int,1,"and 2",0.03,3.8579,4.8828,1,1,2026-10-06T09:15:02+00:00
graviton3,simde,128,main_scan_int,1,"and 2",0.03,3.8363,4.8245,1,1,2026-10-06T09:15:02+00:00
graviton3,simde,128,main_scan_int,1,"and 3",0.10,2.0021,3.8461,1,1,2026-10-06T09:15:02+00:00
graviton3,simde,128,main_scan_int,1,"and 3",0.10,2.0441,3.9613,1,1,2026-10-06T09:15:02+00:00
graviton3,simde,128,main_scan_int,1,"and 3",0.10,2.0696,3.9355,1,1,2026-10-06T09:15:02+00:00
graviton3,simde,128,main_scan_int,1,"and 3",0.10,2.0576,3.9514,1,1,2026-10-06T09:15:02+00:00
graviton3,simde,128,main_scan_int,1,"and 3",0.10,2.0497,3.9842,1,1,2026-10-06T09:15:02+00:00
graviton3,simde,128,main_scan_int,1,"and 1",0.00,5.2339,10.9694,1,1,2026-10-06T09:15:02+00:00
graviton3,simde,128,main_scan_int,1,"and 1",0.00,5.3183,11.0457,1,1,2026-10-06T09:15:02+00:00
graviton3,simde,128,main_scan_int,1,"and 1",0.00,5.2768,11.0840,1,1,2026-10-06T09:15:02+00:00
graviton3,simde,128,main_scan_int,1,"and 1",0.00,5.2699,10.9162,1,1,2026-10-06T09:15:02+00:00
graviton3,simde,128,main_scan_int,1,"and 1",0.00,5.2573,11.1231,1,1,2026-10-06T09:15:02+00:00
graviton3,simde,128,main_scan_int,1,"and 2",0.04,3.4386,5.2404,1,1,2026-10-06T09:15:02+00:00
graviton3,simde,128,main_scan_int,1,"and 2",0.04,3.4707,5.2301,1,1,2026-10-06T09:15:02+00:00
graviton3,simde,128,main_scan_int,1,"and 2",0.04,3.4968,5.2025,1,1,2026-10-06T09:15:02+00:00
graviton3,simde,128,main_scan_int,1,"and 2",0.04,3.4958,5.2321,1,1,2026-10-06T09:15:02+00:00
graviton3,simde,128,main_scan_int,1,"and 2",0.04,3.4870,5.2561,1,1,2026-10-06T09:15:02+00:00
graviton3,simde,128,main_scan_int,1,"and 3",0.13,1.8502,3.7099,1,1,2026-10-06T09:15:02+00:00
graviton3,simde,128,main_scan_int,1,"and 3",0.13,1.9035,3.6984,1,1,2026-10-06T09:15:02+00:00
graviton3,simde,128,main_scan_int,1,"and 3",0.13,1.8132,3.7185,1,1,2026-10-06T09:15:02+00:00
graviton3,simde,128,main_scan_int,1,"and 3",0.13,1.8349,3.7162,1,1,2026-10-06T09:15:02+00:00
graviton3,simde,128,main_scan_int,1,"and 3",0.13,1.8670,3.7365,1,1,2026-10-06T09:15:02+00:00
graviton3,simde,128,main_scan_int,1,"and 1",0.01,4.2391,9.0706,1,1,2026-10-06T09:15:02+00:00
graviton3,simde,128,main_scan_int,1,"and 1",0.01,4.2819,9.1987,1,1,2026-10-06T09:15:02+00:00
graviton3,simde,128,main_scan_int,1,"and 1",0.01,4.3790,9.2017,1,1,2026-10-06T09:15:02+00:00
graviton3,simde,128,main_scan_int,1,"and 1",0.01,4.3896,9.1759,1,1,2026-10-06T09:15:02+00:00
graviton3,simde,128,main_scan_int,1,"and 1",0.01,4.3862,9.0389,1,1,2026-10-06T09:15:02+00:00
graviton3,simde,128,main_scan_int,1,"and 2",0.07,2.6841,4.9465,1,1,2026-10-06T09:15:02+00:00
graviton3,simde,128,main_scan_int,1,"and 2",0.07,2.6765,4.9650,1,1,2026-10-06T09:15:02+00:00
graviton3,simde,128,main_scan_int,1,"and 2",0.07,2.6802,4.9596,1,1,2026-10-06T09:15:02+00:00
graviton3,simde,128,main_scan_int,1,"and 2",0.07,2.7051,4.9886,1,1,2026-10-06T09:15:02+00:00
graviton3,simde,128,main_scan_int,1,"and 2",0.07,2.7115,4.9566,1,1,2026-10-06T09:15:02+00:00
graviton3,simde,128,main_scan_int,1,"and 3",0.17,1.5139,3.2893,1,1,2026-10-06T09:15:02+00:00
graviton3,simde,128,main_scan_int,1,"and 3",0.17,1.5178,3.2679,1,1,2026-10-06T09:15:02+00:00
graviton3,simde,128,main_scan_int,1,"and 3",0.17,1.5336,3.2928,1,1,2026-10-06T09:15:02+00:00
graviton3,simde,128,main_scan_int,1,"and 3",0.17,1.5407,3.2876,1,1,2026-10-06T09:15:02+00:00
graviton3,simde,128,main_scan_int,1,"and 3",0.17,1.5338,3.2867,1,1,2026-10-06T09:15:02+00:00
graviton3,simde,128,main_scan_int,1,"and 1",0.01,3.8063,7.2939,1,1,2026-10-06T09:15:02+00:00
graviton3,simde,128,main_scan_int,1,"and 1",0.01,3.8195,7.2549,1,1,2026-10-06T09:15:02+00:00
graviton3,simde,128,main_scan_int,1,"and 1",0.01,3.8263,7.3471,1,1,2026-10-06T09:15:02+00:00
graviton3,simde,128,main_scan_int,1,"and 1",0.01,3.8254,7.3451,1,1,2026-10-06T09:15:02+00:00
graviton3,simde,128,main_scan_int,1,"and 1",0.01,3.8471,7.3091,1,1,2026-10-06T09:15:02+00:00
graviton3,simde,128,main_scan_int,1,"and 2",0.10,2.2989,4.2918,1,1,2026-10-06T09:15:02+00:00
graviton3,simde,128,main_scan_int,1,"and 2",0.10,2.3330,4.2624,1,1,2026-10-06T09:15:02+00:00
graviton3,simde,128,main_scan_int,1,"and 2",0.10,2.3147,4.2601,1,1,2026-10-06T09:15:02+00:00
graviton3,simde,128,main_scan_int,1,"and 2",0.10,2.3729,4.2637,1,1,2026-10-06T09:15:02+00:00
graviton3,simde,128,main_scan_int,1,"and 2",0.10,2.3705,4.2662,1,1,2026-10-06T09:15:02+00:00
graviton3,simde,128,main_scan_int,1,"and 3",0.22,1.3313,3.0079,1,1,2026-10-06T09:15:02+00:00
graviton3,simde,128,main_scan_int,1,"and 3",0.22,1.3349,2.9756,1,1,2026-10-06T09:15:02+00:00
graviton3,simde,128,main_scan_int,1,"and 3",0.22,1.3521,3.0007,1,1,2026-10-06T09:15:02+00:00
graviton3,simde,128,main_scan_int,1,"and 3",0.22,1.3603,3.0261,1,1,2026-10-06T09:15:02+00:00
graviton3,simde,128,main_scan_int,1,"and 3",0.22,1.3622,3.0068,1,1,2026-10-06T09:15:02+00:00
graviton3,simde,128,main_scan_int,1,"and 1",0.02,4.3097,5.3888,1,1,2026-10-06T09:15:02+00:00
graviton3,simde,128,main_scan_int,1,"and 1",0.02,4.2765,5.4532,1,1,2026-10-06T09:15:02+00:00
graviton3,simde,128,main_scan_int,1,"and 1",0.02,4.3088,5.3884,1,1,2026-10-06T09:15:02+00:00
graviton3,simde,128,main_scan_int,1,"and 1",0.02,4.3387,5.4645,1,1,2026-10-06T09:15:02+00:00
graviton3,simde,128,main_scan_int,1,"and 1",0.02,4.3442,5.4057,1,1,2026-10-06T09:15:02+00:00
graviton3,simde,128,main_scan_int,1,"and 2",0.14,2.1098,3.6250,1,1,2026-10-06T09:15:02+00:00
graviton3,simde,128,main_scan_int,1,"and 2",0.14,2.1072,3.6094,1,1,2026-10-06T09:15:02+00:00
graviton3,simde,128,main_scan_int,1,"and 2",0.14,2.1341,2.8534,1,1,2026-10-06T09:15:02+00:00
graviton3,simde,128,main_scan_int,1,"and 2",0.14,2.1947,3.6058,1,1,2026-10-06T09:15:02+00:00
graviton3,simde,128,main_scan_int,1,"and 2",0.14,2.2158,3.6105,1,1,2026-10-06T09:15:02+00:00
graviton3,simde,128,main_scan_int,1,"and 3",0.27,1.1430,2.7412,1,1,2026-10-06T09:15:02+00:00
graviton3,simde,128,main_scan_int,1,"and 3",0.27,1.1662,2.7168,1,1,2026-10-06T09:15:02+00:00
graviton3,simde,128,main_scan_int,1,"and 3",0.27,1.1644,2.7528,1,1,2026-10-06T09:15:02+00:00
graviton3,simde,128,main_scan_int,1,"and 3",0.27,1.1705,2.7598,1,1,2026-10-06T09:15:02+00:00
graviton3,simde,128,main_scan_int,1,"and 3",0.27,1.1762,2.7497,1,1,2026-10-06T09:15:02+00:00
graviton3,simde,128,main_scan_int,1,"and 1",0.05,4.4026,3.5730,1,1,2026-10-06T09:15:02+00:00
graviton3,simde,128,main_scan_int,1,"and 1",0.05,4.4729,3.5863,1,1,2026-10-06T09:15:02+00:00
graviton3,simde,128,main_scan_int,1,"and 1",0.05,4.4613,3.5770,1,1,2026-10-06T09:15:02+00:00
graviton3,simde,128,main_scan_int,1,"and 1",0.05,4.4699,3.5238,1,1,2026-10-06T09:15:02+00:00
graviton3,simde,128,main_scan_int,1,"and 1",0.05,4.4694,3.5861,1,1,2026-10-06T09:15:02+00:00
graviton3,simde,128,main_scan_int,1,"and 2",0.22,1.4504,2.6738,1,1,2026-10-06T09:15:02+00:00
graviton3,simde,128,main_scan_int,1,"and 2",0.22,1.5102,2.6672,1,1,2026-10-06T09:15:02+00:00
graviton3,simde,128,main_scan_int,1,"and 2",0.22,1.4918,2.6720,1,1,2026-10-06T09:15:02+00:00
graviton3,simde,128,main_scan_int,1,"and 2",0.22,1.4935,2.6786,1,1,2026-10-06T09:15:02+00:00
graviton3,simde,128,main_scan_int,1,"and 2",0.22,1.5190,2.6846,1,1,2026-10-06T09:15:02+00:00
graviton3,simde,128,main_scan_int,1,"and 3",0.37,0.8697,2.2346,1,1,2026-10-06T09:15:02+00:00
graviton3,simde,128,main_scan_int,1,"and 3",0.37,0.8750,2.2167,1,1,2026-10-06T09:15:02+00:00
graviton3,simde,128,main_scan_int,1,"and 3",0.37,0.8687,2.2222,1,1,2026-10-06T09:15:02+00:00
graviton3,simde,128,main_scan_int,1,"and 3",0.37,0.8745,2.2223,1,1,2026-10-06T09:15:02+00:00
graviton3,simde,128,main_scan_int,1,"and 3",0.37,0.8737,2.2450,1,1,2026-10-06T09:15:02+00:00
graviton3,simde,128,main_scan_int,1,"and 1",0.10,3.1916,2.5288,1,1,2026-10-06T09:15:02+00:00
graviton3,simde,128,main_scan_int,1,"and 1",0.10,3.3134,2.5232,1,1,2026-10-06T09:15:02+00:00
graviton3,simde,128,main_scan_int,1,"and 1",0.10,3.2829,2.5240,1,1,2026-10-06T09:15:02+00:00
graviton3,simde,128,main_scan_int,1,"and 1",0.10,3.3653,2.5166,1,1,2026-10-06T09:15:02+00:00
graviton3,simde,128,main_scan_int,1,"and 1",0.10,3.1803,2.5184,1,1,2026-10-06T09:15:02+00:00
graviton3,simde,128,main_scan_int,1,"and 2",0.32,1.1046,2.0250,1,1,2026-10-06T09:15:02+00:00
graviton3,simde,128,main_scan_int,1,"and 2",0.32,1.1263,2.0356,1,1,2026-10-06T09:15:02+00:00
graviton3,simde,128,main_scan_int,1,"and 2",0.32,1.1309,2.0184,1,1,2026-10-06T09:15:02+00:00
graviton3,simde,128,main_scan_int,1,"and 2",0.32,1.1336,2.0246,1,1,2026-10-06T09:15:02+00:00
graviton3,simde,128,main_scan_int,1,"and 2",0.32,1.1345,2.0316,1,1,2026-10-06T09:15:02+00:00
graviton3,simde,128,main_scan_int,1,"and 3",0.46,0.7080,1.7502,1,1,2026-10-06T09:15:02+00:00
graviton3,simde,128,main_scan_int,1,"and 3",0.46,0.7125,1.7026,1,1,2026-10-06T09:15:02+00:00
graviton3,simde,128,main_scan_int,1,"and 3",0.46,0.7103,1.7577,1,1,2026-10-06T09:15:02+00:00
graviton3,simde,128,main_scan_int,1,"and 3",0.46,0.7110,1.7548,1,1,2026-10-06T09:15:02+00:00
graviton3,simde,128,main_scan_int,1,"and 3",0.46,0.7129,1.7347,1,1,2026-10-06T09:15:02+00:00
graviton3,simde,128,main_scan_int,1,"and 1",0.20,1.9845,1.7155,1,1,2026-10-06T09:15:02+00:00
graviton3,simde,128,main_scan_int,1,"and 1",0.20,2.0731,1.6898,1,1,2026-10-06T09:15:02+00:00
graviton3,simde,128,main_scan_int,1,"and 1",0.20,2.0702,1.7212,1,1,2026-10-06T09:15:02+00:00
graviton3,simde,128,main_scan_int,1,"and 1",0.20,2.0508,1.7129,1,1,2026-10-06T09:15:02+00:00
graviton3,simde,128,main_scan_int,1,"and 1",0.20,1.9439,1.7190,1,1,2026-10-06T09:15:02+00:00
graviton3,simde,128,main_scan_int,1,"and 2",0.45,0.8673,1.4712,1,1,2026-10-06T09:15:02+00:00
graviton3,simde,128,main_scan_int,1,"and 2",0.45,0.8658,1.4718,1,1,2026-10-06T09:15:02+00:00
graviton3,simde,128,main_scan_int,1,"and 2",0.45,0.8658,1.3667,1,1,2026-10-06T09:15:02+00:00
graviton3,simde,128,main_scan_int,1,"and 2",0.45,0.7458,1.4694,1,1,2026-10-06T09:15:02+00:00
graviton3,simde,128,main_scan_int,1,"and 2",0.45,0.8722,1.2511,1,1,2026-10-06T09:15:02+00:00
graviton3,simde,128,main_scan_int,1,"and 3",0.58,0.6304,1.3169,1,1,2026-10-06T09:15:02+00:00
graviton3,simde,128,main_scan_int,1,"and 3",0.58,0.6330,1.3164,1,1,2026-10-06T09:15:02+00:00
graviton3,simde,128,main_scan_int,1,"and 3",0.58,0.6346,1.3197,1,1,2026-10-06T09:15:02+00:00
graviton3,simde,128,main_scan_int,1,"and 3",0.58,0.6326,1.3159,1,1,2026-10-06T09:15:02+00:00
graviton3,simde,128,main_scan_int,1,"and 3",0.58,0.6322,1.3190,1,1,2026-10-06T09:15:02+00:00
graviton3,simde,128,main_scan_int,1,"and 1",0.50,1.1848,0.9064,1,1,2026-10-06T09:15:02+00:00
graviton3,simde,128,main_scan_int,1,"and 1",0.50,1.1833,0.9057,1,1,2026-10-06T09:15:02+00:00
graviton3,simde,128,main_scan_int,1,"and 1",0.50,1.1839,0.9050,1,1,2026-10-06T09:15:02+00:00
graviton3,simde,128,main_scan_int,1,"and 1",0.50,1.1834,0.9059,1,1,2026-10-06T09:15:02+00:00
graviton3,simde,128,main_scan_int,1,"and 1",0.50,1.1843,0.9058,1,1,2026-10-06T09:15:02+00:00
graviton3,simde,128,main_scan_int,1,"and 2",0.71,0.8301,0.8353,1,1,2026-10-06T09:15:02+00:00
graviton3,simde,128,main_scan_int,1,"and 2",0.71,0.8324,0.8371,1,1,2026-10-06T09:15:02+00:00
graviton3,simde,128,main_scan_int,1,"and 2",0.71,0.8273,0.8358,1,1,2026-10-06T09:15:02+00:00
graviton3,simde,128,main_scan_int,1,"and 2",0.71,0.8353,0.8366,1,1,2026-10-06T09:15:02+00:00
graviton3,simde,128,main_scan_int,1,"and 2",0.71,0.8344,0.8370,1,1,2026-10-06T09:15:02+00:00
graviton3,simde,128,main_scan_int,1,"and 3",0.79,0.8249,0.7868,1,1,2026-10-06T09:15:02+00:00
graviton3,simde,128,main_scan_int,1,"and 3",0.79,0.8231,0.7872,1,1,2026-10-06T09:15:02+00:00
graviton3,simde,128,main_scan_int,1,"and 3",0.79,0.8230,0.7866,1,1,2026-10-06T09:15:02+00:00
graviton3,simde,128,main_scan_int,1,"and 3",0.79,0.8171,0.7879,1,1,2026-10-06T09:15:02+00:00
graviton3,simde,128,main_scan_int,1,"and 3",0.79,0.8297,0.7885,1,1,2026-10-06T09:15:02+00:00
graviton3,simde,128,main_scan_int,1,"and 1",1.00,5.8057,7.8860,1,1,2026-10-06T09:15:02+00:00
graviton3,simde,128,main_scan_int,1,"and 1",1.00,5.8662,7.8051,1,1,2026-10-06T09:15:02+00:00
graviton3,simde,128,main_scan_int,1,"and 1",1.00,5.7664,7.9157,1,1,2026-10-06T09:15:02+00:00
graviton3,simde,128,main_scan_int,1,"and 1",1.00,5.8310,7.9100,1,1,2026-10-06T09:15:02+00:00
graviton3,simde,128,main_scan_int,1,"and 1",1.00,5.8295,8.1004,1,1,2026-10-06T09:15:02+00:00
graviton3,simde,128,main_scan_int,1,"and 2",1.00,4.6176,4.7195,1,1,2026-10-06T09:15:02+00:00
graviton3,simde,128,main_scan_int,1,"and 2",1.00,4.5584,4.8059,1,1,2026-10-06T09:15:02+00:00
graviton3,simde,128,main_scan_int,1,"and 2",1.00,4.6397,4.7893,1,1,2026-10-06T09:15:02+00:00
graviton3,simde,128,main_scan_int,1,"and 2",1.00,4.5495,4.8162,1,1,2026-10-06T09:15:02+00:00
graviton3,simde,128,main_scan_int,1,"and 2",1.00,4.5759,4.7588,1,1,2026-10-06T09:15:02+00:00
graviton3,simde,128,main_scan_int,1,"and 3",1.00,3.6624,3.5511,1,1,2026-10-06T09:15:02+00:00
graviton3,simde,128,main_scan_int,1,"and 3",1.00,3.6077,3.5689,1,1,2026-10-06T09:15:02+00:00
graviton3,simde,128,main_scan_int,1,"and 3",1.00,3.6599,3.5533,1,1,2026-10-06T09:15:02+00:00
graviton3,simde,128,main_scan_int,1,"and 3",1.00,3.6520,3.5659,1,1,2026-10-06T09:15:02+00:00
graviton3,simde,128,main_scan_int,1,"and 3",1.00,3.6187,3.5564,1,1,2026-10-06T09:15:02+00:00
graviton3,simde,256,main_scan_int,1,"and 1",0.00,5.9707,10.7163,1,1,2026-10-06T09:15:11+00:00
graviton3,simde,256,main_scan_int,1,"and 1",0.00,6.3089,10.8952,1,1,2026-10-06T09:15:11+00:00
graviton3,simde,256,main_scan_int,1,"and 1",0.00,6.3826,10.8326,1,1,2026-10-06T09:15:11+00:00
graviton3,simde,256,main_scan_int,1,"and 1",0.00,6.3171,10.8177,1,1,2026-10-06T09:15:11+00:00
graviton3,simde,256,main_scan_int,1,"and 1",0.00,6.2260,10.7150,1,1,2026-10-06T09:15:11+00:00
graviton3,simde,256,main_scan_int,1,"and 2",0.03,4.0160,5.1287,1,1,2026-10-06T09:15:11+00:00
graviton3,simde,256,main_scan_int,1,"and 2",0.03,4.0290,5.1392,1,1,2026-10-06T09:15:11+00:00
graviton3,simde,256,main_scan_int,1,"and 2",0.03,3.9901,5.1074,1,1,2026-10-06T09:15:11+00:00
graviton3,simde,256,main_scan_int,1,"and 2",0.03,3.9911,5.1265,1,1,2026-10-06T09:15:11+00:00
graviton3,simde,256,main_scan_int,1,"and 2",0.03,4.0186,5.1321,1,1,2026-10-06T09:15:11+00:00
graviton3,simde,256,main_scan_int,1,"and 3",0.10,1.9029,3.7607,1,1,2026-10-06T09:15:11+00:00
graviton3,simde,256,main_scan_int,1,"and 3",0.10,2.0962,3.7606,1,1,2026-10-06T09:15:11+00:00
graviton3,simde,256,main_scan_int,1,"and 3",0.10,2.0416,3.7549,1,1,2026-10-06T09:15:11+00:00
graviton3,simde,256,main_scan_int,1,"and 3",0.10,2.0589,3.7490,1,1,2026-10-06T09:15:11+00:00
graviton3,simde,256,main_scan_int,1,"and 3",0.10,2.0518,3.7459,1,1,2026-10-06T09:15:11+00:00
graviton3,simde,256,main_scan_int,1,"and 1",0.00,5.2190,9.6753,1,1,2026-10-06T09:15:11+00:00
graviton3,simde,256,main_scan_int,1,"and 1",0.00,5.4397,9.7180,1,1,2026-10-06T09:15:11+00:00
graviton3,simde,256,main_scan_int,1,"and 1",0.00,5.5183,9.6884,1,1,2026-10-06T09:15:11+00:00
graviton3,simde,256,main_scan_int,1,"and 1",0.00,5.3697,9.5828,1,1,2026-10-06T09:15:11+00:00
graviton3,simde,256,main_scan_int,1,"and 1",0.00,5.4327,9.6430,1,1,2026-10-06T09:15:11+00:00
graviton3,simde,256,main_scan_int,1,"and 2",0.04,3.4884,5.0716,1,1,2026-10-06T09:15:11+00:00
graviton3,simde,256,main_scan_int,1,"and 2",0.04,3.4917,5.0644,1,1,2026-10-06T09:15:11+00:00
graviton3,simde,256,main_scan_int,1,"and 2",0.04,3.4787,5.0529,1,1,2026-10-06T09:15:11+00:00
graviton3,simde,256,main_scan_int,1,"and 2",0.04,3.4867,5.1193,1,1,2026-10-06T09:15:11+00:00
graviton3,simde,256,main_scan_int,1,"and 2",0.04,3.4989,5.0960,1,1,2026-10-06T09:15:11+00:00
graviton3,simde,256,main_scan_int,1,"and 3",0.13,1.8422,3.5601,1,1,2026-10-06T09:15:11+00:00
graviton3,simde,256,main_scan_int,1,"and 3",0.13,1.8901,3.5445,1,1,2026-10-06T09:15:11+00:00
graviton3,simde,256,main_scan_int,1,"and 3",0.13,1.8975,3.5476,1,1,2026-10-06T09:15:11+00:00
graviton3,simde,256,main_scan_int,1,"and 3",0.13,1.8948,3.5257,1,1,2026-10-06T09:15:11+00:00
graviton3,simde,256,main_scan_int,1,"and 3",0.13,1.9254,3.5537,1,1,2026-10-06T09:15:11+00:00
graviton3,simde,256,main_scan_int,1,"and 1",0.01,4.2057,7.8916,1,1,2026-10-06T09:15:11+00:00
graviton3,simde,256,main_scan_int,1,"and 1",0.01,4.1792,7.9093,1,1,2026-10-06T09:15:11+00:00
graviton3,simde,256,main_scan_int,1,"and 1",0.01,4.1525,7.9287,1,1,2026-10-06T09:15:11+00:00
graviton3,simde,256,main_scan_int,1,"and 1",0.01,4.1944,7.8923,1,1,2026-10-06T09:15:11+00:00
graviton3,simde,256,main_scan_int,1,"and 1",0.01,4.1491,7.9193,1,1,2026-10-06T09:15:11+00:00
graviton3,simde,256,main_scan_int,1,"and 2",0.07,2.6673,4.5699,1,1,2026-10-06T09:15:11+00:00
graviton3,simde,256,main_scan_int,1,"and 2",0.07,2.6663,4.5877,1,1,2026-10-06T09:15:11+00:00
graviton3,simde,256,main_scan_int,1,"and 2",0.07,2.6695,4.5905,1,1,2026-10-06T09:15:11+00:00
graviton3,simde,256,main_scan_int,1,"and 2",0.07,2.6970,4.6149,1,1,2026-10-06T09:15:11+00:00
graviton3,simde,256,main_scan_int,1,"and 2",0.07,2.6969,4.5813,1,1,2026-10-06T09:15:11+00:00
graviton3,simde,256,main_scan_int,1,"and 3",0.17,1.5381,3.2637,1,1,2026-10-06T09:15:11+00:00
graviton3,simde,256,main_scan_int,1,"and 3",0.17,1.5826,3.2675,1,1,2026-10-06T09:15:11+00:00
graviton3,simde,256,main_scan_int,1,"and 3",0.17,1.5865,3.2749,1,1,2026-10-06T09:15:11+00:00
graviton3,simde,256,main_scan_int,1,"and 3",0.17,1.5936,3.2829,1,1,2026-10-06T09:15:11+00:00
graviton3,simde,256,main_scan_int,1,"and 3",0.17,1.6128,3.2771,1,1,2026-10-06T09:15:11+00:00
graviton3,simde,256,main_scan_int,1,"and 1",0.01,3.7715,6.5147,1,1,2026-10-06T09:15:11+00:00
graviton3,simde,256,main_scan_int,1,"and 1",0.01,3.7474,6.4895,1,1,2026-10-06T09:15:11+00:00
graviton3,simde,256,main_scan_int,1,"and 1",0.01,3.7502,6.4944,1,1,2026-10-06T09:15:11+00:00
graviton3,simde,256,main_scan_int,1,"and 1",0.01,3.7216,6.5246,1,1,2026-10-06T09:15:11+00:00
graviton3,simde,256,main_scan_int,1,"and 1",0.01,3.7906,6.5208,1,1,2026-10-06T09:15:11+00:00
graviton3,simde,256,main_scan_int,1,"and 2",0.10,2.3653,3.8942,1,1,2026-10-06T09:15:11+00:00
graviton3,simde,256,main_scan_int,1,"and 2",0.10,2.3221,3.8858,1,1,2026-10-06T09:15:11+00:00
graviton3,simde,256,main_scan_int,1,"and 2",0.10,2.3654,3.8908,1,1,2026-10-06T09:15:11+00:00
graviton3,simde,256,main_scan_int,1,"and 2",0.10,2.3640,3.8985,1,1,2026-10-06T09:15:11+00:00
graviton3,simde,256,main_scan_int,1,"and 2",0.10,2.2863,3.8989,1,1,2026-10-06T09:15:11+00:00
graviton3,simde,256,main_scan_int,1,"and 3",0.22,1.3042,3.0286,1,1,2026-10-06T09:15:11+00:00
graviton3,simde,256,main_scan_int,1,"and 3",0.22,1.3529,3.0449,1,1,2026-10-06T09:15:11+00:00
graviton3,simde,256,main_scan_int,1,"and 3",0.22,1.3542,3.0141,1,1,2026-10-06T09:15:11+00:00
graviton3,simde,256,main_scan_int,1,"and 3",0.22,1.3698,3.0416,1,1,2026-10-06T09:15:11+00:00
graviton3,simde,256,main_scan_int,1,"and 3",0.22,1.3738,3.0238,1,1,2026-10-06T09:15:11+00:00
graviton3,simde,256,main_scan_int,1,"and 1",0.02,4.3223,4.9295,1,1,2026-10-06T09:15:11+00:00
graviton3,simde,256,main_scan_int,1,"and 1",0.02,4.3128,4.9665,1,1,2026-10-06T09:15:11+00:00
graviton3,simde,256,main_scan_int,1,"and 1",0.02,4.3593,4.9969,1,1,2026-10-06T09:15:11+00:00
graviton3,simde,256,main_scan_int,1,"and 1",0.02,4.2783,4.9732,1,1,2026-10-06T09:15:11+00:00
graviton3,simde,256,main_scan_int,1,"and 1",0.02,4.2927,4.9932,1,1,2026-10-06T09:15:11+00:00
graviton3,simde,256,main_scan_int,1,"and 2",0.14,2.1010,3.3703,1,1,2026-10-06T09:15:11+00:00
graviton3,simde,256,main_scan_int,1,"and 2",0.14,2.1663,3.3681,1,1,2026-10-06T09:15:11+00:00
graviton3,simde,256,main_scan_int,1,"and 2",0.14,2.1329,3.3731,1,1,2026-10-06T09:15:11+00:00
graviton3,simde,256,main_scan_int,1,"and 2",0.14,2.1731,3.3643,1,1,2026-10-06T09:15:11+00:00
graviton3,simde,256,main_scan_int,1,"and 2",0.14,2.1697,3.3638,1,1,2026-10-06T09:15:11+00:00
graviton3,simde,256,main_scan_int,1,"and 3",0.27,1.1552,2.6312,1,1,2026-10-06T09:15:11+00:00
graviton3,simde,256,main_scan_int,1,"and 3",0.27,1.1639,2.6566,1,1,2026-10-06T09:15:11+00:00
graviton3,simde,256,main_scan_int,1,"and 3",0.27,1.1613,2.6220,1,1,2026-10-06T09:15:11+00:00
graviton3,simde,256,main_scan_int,1,"and 3",0.27,1.1711,2.6344,1,1,2026-10-06T09:15:11+00:00
graviton3,simde,256,main_scan_int,1,"and 3",0.27,1.1714,2.6321,1,1,2026-10-06T09:15:11+00:00
graviton3,simde,256,main_scan_int,1,"and 1",0.05,4.3870,3.3073,1,1,2026-10-06T09:15:11+00:00
graviton3,simde,256,main_scan_int,1,"and 1",0.05,4.4546,3.3215,1,1,2026-10-06T09:15:11+00:00
graviton3,simde,256,main_scan_int,1,"and 1",0.05,4.4617,3.3267,1,1,2026-10-06T09:15:11+00:00
graviton3,simde,256,main_scan_int,1,"and 1",0.05,4.4217,3.3236,1,1,2026-10-06T09:15:11+00:00
graviton3,simde,256,main_scan_int,1,"and 1",0.05,4.4597,3.3130,1,1,2026-10-06T09:15:11+00:00
graviton3,simde,256,main_scan_int,1,"and 2",0.22,1.4649,2.5129,1,1,2026-10-06T09:15:11+00:00
graviton3,simde,256,main_scan_int,1,"and 2",0.22,1.4908,2.4999,1,1,2026-10-06T09:15:11+00:00
graviton3,simde,256,main_scan_int,1,"and 2",0.22,1.4969,2.4980,1,1,2026-10-06T09:15:11+00:00
graviton3,simde,256,main_scan_int,1,"and 2",0.22,1.5000,2.4962,1,1,2026-10-06T09:15:11+00:00
graviton3,simde,256,main_scan_int,1,"and 2",0.22,1.4858,2.4876,1,1,2026-10-06T09:15:11+00:00
graviton3,simde,256,main_scan_int,1,"and 3",0.37,0.8667,2.0812,1,1,2026-10-06T09:15:11+00:00
graviton3,simde,256,main_scan_int,1,"and 3",0.37,0.8746,2.0695,1,1,2026-10-06T09:15:11+00:00
graviton3,simde,256,main_scan_int,1,"and 3",0.37,0.8744,2.0859,1,1,2026-10-06T09:15:11+00:00
graviton3,simde,256,main_scan_int,1,"and 3",0.37,0.8755,2.0905,1,1,2026-10-06T09:15:11+00:00
graviton3,simde,256,main_scan_int,1,"and 3",0.37,0.8735,2.0883,1,1,2026-10-06T09:15:11+00:00
graviton3,simde,256,main_scan_int,1,"and 1",0.10,3.1616,2.3572,1,1,2026-10-06T09:15:11+00:00
graviton3,simde,256,main_scan_int,1,"and 1",0.10,3.1731,2.3523,1,1,2026-10-06T09:15:11+00:00
graviton3,simde,256,main_scan_int,1,"and 1",0.10,3.2321,2.3583,1,1,2026-10-06T09:15:11+00:00
graviton3,simde,256,main_scan_int,1,"and 1",0.10,3.2605,2.3483,1,1,2026-10-06T09:15:11+00:00
graviton3,simde,256,main_scan_int,1,"and 1",0.10,3.2460,2.3472,1,1,2026-10-06T09:15:11+00:00
graviton3,simde,256,main_scan_int,1,"and 2",0.32,1.1067,1.9008,1,1,2026-10-06T09:15:11+00:00
graviton3,simde,256,main_scan_int,1,"and 2",0.32,1.1181,1.9062,1,1,2026-10-06T09:15:11+00:00
graviton3,simde,256,main_scan_int,1,"and 2",0.32,1.1304,1.9117,1,1,2026-10-06T09:15:11+00:00
graviton3,simde,256,main_scan_int,1,"and 2",0.32,1.1308,1.9119,1,1,2026-10-06T09:15:11+00:00
graviton3,simde,256,main_scan_int,1,"and 2",0.32,1.1301,1.9133,1,1,2026-10-06T09:15:11+00:00
graviton3,simde,256,main_scan_int,1,"and 3",0.46,0.7147,1.6426,1,1,2026-10-06T09:15:11+00:00
graviton3,simde,256,main_scan_int,1,"and 3",0.46,0.7111,1.6458,1,1,2026-10-06T09:15:11+00:00
graviton3,simde,256,main_scan_int,1,"and 3",0.46,0.7157,1.6484,1,1,2026-10-06T09:15:11+00:00
graviton3,simde,256,main_scan_int,1,"and 3",0.46,0.7144,1.6441,1,1,2026-10-06T09:15:11+00:00
graviton3,simde,256,main_scan_int,1,"and 3",0.46,0.7133,1.6341,1,1,2026-10-06T09:15:11+00:00
graviton3,simde,256,main_scan_int,1,"and 1",0.20,2.0410,1.6335,1,1,2026-10-06T09:15:11+00:00
graviton3,simde,256,main_scan_int,1,"and 1",0.20,2.0389,1.6207,1,1,2026-10-06T09:15:11+00:00
graviton3,simde,256,main_scan_int,1,"and 1",0.20,2.0234,1.6306,1,1,2026-10-06T09:15:11+00:00
graviton3,simde,256,main_scan_int,1,"and 1",0.20,2.0228,1.6322,1,1,2026-10-06T09:15:11+00:00
graviton3,simde,256,main_scan_int,1,"and 1",0.20,2.0600,1.6323,1,1,2026-10-06T09:15:11+00:00
graviton3,simde,256,main_scan_int,1,"and 2",0.45,0.8717,1.4237,1,1,2026-10-06T09:15:11+00:00
graviton3,simde,256,main_scan_int,1,"and 2",0.45,0.8662,1.4184,1,1,2026-10-06T09:15:11+00:00
graviton3,simde,256,main_scan_int,1,"and 2",0.45,0.8706,1.4234,1,1,2026-10-06T09:15:11+00:00
graviton3,simde,256,main_scan_int,1,"and 2",0.45,0.8696,1.4142,1,1,2026-10-06T09:15:11+00:00
graviton3,simde,256,main_scan_int,1,"and 2",0.45,0.8652,1.4232,1,1,2026-10-06T09:15:11+00:00
graviton3,simde,256,main_scan_int,1,"and 3",0.58,0.6342,1.2573,1,1,2026-10-06T09:15:11+00:00
graviton3,simde,256,main_scan_int,1,"and 3",0.58,0.6341,1.2604,1,1,2026-10-06T09:15:11+00:00
graviton3,simde,256,main_scan_int,1,"and 3",0.58,0.6347,1.2595,1,1,2026-10-06T09:15:11+00:00
graviton3,simde,256,main_scan_int,1,"and 3",0.58,0.6342,1.2607,1,1,2026-10-06T09:15:11+00:00
graviton3,simde,256,main_scan_int,1,"and 3",0.58,0.6343,1.2585,1,1,2026-10-06T09:15:11+00:00
graviton3,simde,256,main_scan_int,1,"and 1",0.50,1.1859,0.8840,1,1,2026-10-06T09:15:11+00:00
graviton3,simde,256,main_scan_int,1,"and 1",0.50,1.1809,0.8825,1,1,2026-10-06T09:15:11+00:00
graviton3,simde,256,main_scan_int,1,"and 1",0.50,1.1830,0.8835,1,1,2026-10-06T09:15:11+00:00
graviton3,simde,256,main_scan_int,1,"and 1",0.50,1.1851,0.8839,1,1,2026-10-06T09:15:11+00:00
graviton3,simde,256,main_scan_int,1,"and 1",0.50,1.1823,0.8744,1,1,2026-10-06T09:15:11+00:00
graviton3,simde,256,main_scan_int,1,"and 2",0.71,0.8217,0.8201,1,1,2026-10-06T09:15:11+00:00
graviton3,simde,256,main_scan_int,1,"and 2",0.71,0.8312,0.8181,1,1,2026-10-06T09:15:11+00:00
graviton3,simde,256,main_scan_int,1,"and 2",0.71,0.8324,0.8166,1,1,2026-10-06T09:15:11+00:00
graviton3,simde,256,main_scan_int,1,"and 2",0.71,0.8312,0.8191,1,1,2026-10-06T09:15:11+00:00
graviton3,simde,256,main_scan_int,1,"and 2",0.71,0.8340,0.8187,1,1,2026-10-06T09:15:11+00:00
graviton3,simde,256,main_scan_int,1,"and 3",0.79,0.8220,0.7626,1,1,2026-10-06T09:15:11+00:00
graviton3,simde,256,main_scan_int,1,"and 3",0.79,0.8206,0.7631,1,1,2026-10-06T09:15:11+00:00
graviton3,simde,256,main_scan_int,1,"and 3",0.79,0.8223,0.7621,1,1,2026-10-06T09:15:11+00:00
graviton3,simde,256,main_scan_int,1,"and 3",0.79,0.8234,0.7636,1,1,2026-10-06T09:15:11+00:00
graviton3,simde,256,main_scan_int,1,"and 3",0.79,0.8219,0.7631,1,1,2026-10-06T09:15:11+00:00
graviton3,simde,256,main_scan_int,1,"and 1",1.00,5.8832,7.5013,1,1,2026-10-06T09:15:11+00:00
graviton3,simde,256,main_scan_int,1,"and 1",1.00,5.8903,7.4862,1,1,2026-10-06T09:15:11+00:00
graviton3,simde,256,main_scan_int,1,"and 1",1.00,5.8988,7.5964,1,1,2026-10-06T09:15:11+00:00
graviton3,simde,256,main_scan_int,1,"and 1",1.00,5.8764,7.5424,1,1,2026-10-06T09:15:11+00:00
graviton3,simde,256,main_scan_int,1,"and 1",1.00,5.8275,7.3691,1,1,2026-10-06T09:15:11+00:00
graviton3,simde,256,main_scan_int,1,"and 2",1.00,4.6348,4.4678,1,1,2026-10-06T09:15:11+00:00
graviton3,simde,256,main_scan_int,1,"and 2",1.00,4.6389,4.4559,1,1,2026-10-06T09:15:11+00:00
graviton3,simde,256,main_scan_int,1,"and 2",1.00,4.6194,4.4603,1,1,2026-10-06T09:15:11+00:00
graviton3,simde,256,main_scan_int,1,"and 2",1.00,4.6211,4.4973,1,1,2026-10-06T09:15:11+00:00
graviton3,simde,256,main_scan_int,1,"and 2",1.00,4.6456,4.4885,1,1,2026-10-06T09:15:11+00:00
graviton3,simde,256,main_scan_int,1,"and 3",1.00,3.6633,3.1659,1,1,2026-10-06T09:15:11+00:00
graviton3,simde,256,main_scan_int,1,"and 3",1.00,3.6523,3.1582,1,1,2026-10-06T09:15:11+00:00
graviton3,simde,256,main_scan_int,1,"and 3",1.00,3.6459,3.1521,1,1,2026-10-06T09:15:11+00:00
graviton3,simde,256,main_scan_int,1,"and 3",1.00,3.6460,3.1510,1,1,2026-10-06T09:15:11+00:00
graviton3,simde,256,main_scan_int,1,"and 3",1.00,3.6613,3.1748,1,1,2026-10-06T09:15:11+00:00
graviton3,simde,128,main_scan_enc,1,"and 1",0.00,3.3182,4.9486,1,1,2026-10-06T09:15:37+00:00
graviton3,simde,128,main_scan_enc,1,"and 1",0.00,3.3239,4.9607,1,1,2026-10-06T09:15:37+00:00
graviton3,simde,128,main_scan_enc,1,"and 1",0.00,3.3352,4.9662,1,1,2026-10-06T09:15:37+00:00
graviton3,simde,128,main_scan_enc,1,"and 1",0.00,3.3407,4.9798,1,1,2026-10-06T09:15:37+00:00
graviton3,simde,128,main_scan_enc,1,"and 1",0.00,3.3339,4.9620,1,1,2026-10-06T09:15:37+00:00
graviton3,simde,128,main_scan_enc,1,"and 2",0.03,2.5930,3.1667,1,1,2026-10-06T09:15:37+00:00
graviton3,simde,128,main_scan_enc,1,"and 2",0.03,2.5974,3.1661,1,1,2026-10-06T09:15:37+00:00
graviton3,simde,128,main_scan_enc,1,"and 2",0.03,2.5990,3.1685,1,1,2026-10-06T09:15:37+00:00
graviton3,simde,128,main_scan_enc,1,"and 2",0.03,2.6155,3.1681,1,1,2026-10-06T09:15:37+00:00
graviton3,simde,128,main_scan_enc,1,"and 2",0.03,2.5829,3.1608,1,1,2026-10-06T09:15:37+00:00
graviton3,simde,128,main_scan_enc,1,"and 3",0.10,1.6455,2.0449,1,1,2026-10-06T09:15:37+00:00
graviton3,simde,128,main_scan_enc,1,"and 3",0.10,1.6744,2.0462,1,1,2026-10-06T09:15:37+00:00
graviton3,simde,128,main_scan_enc,1,"and 3",0.10,1.6804,2.0474,1,1,2026-10-06T09:15:37+00:00
graviton3,simde,128,main_scan_enc,1,"and 3",0.10,1.6965,2.0485,1,1,2026-10-06T09:15:37+00:00
graviton3,simde,128,main_scan_enc,1,"and 3",0.10,1.7060,2.0455,1,1,2026-10-06T09:15:37+00:00
graviton3,simde,128,main_scan_enc,1,"and 1",0.00,3.1015,4.7537,1,1,2026-10-06T09:15:37+00:00
graviton3,simde,128,main_scan_enc,1,"and 1",0.00,3.1076,4.7094,1,1,2026-10-06T09:15:37+00:00
graviton3,simde,128,main_scan_enc,1,"and 1",0.00,3.1045,4.7471,1,1,2026-10-06T09:15:37+00:00
graviton3,simde,128,main_scan_enc,1,"and 1",0.00,3.1203,4.7634,1,1,2026-10-06T09:15:37+00:00
graviton3,simde,128,main_scan_enc,1,"and 1",0.00,3.1025,4.7491,1,1,2026-10-06T09:15:37+00:00
graviton3,simde,128,main_scan_enc,1,"and 2",0.04,2.3234,2.9014,1,1,2026-10-06T09:15:37+00:00
graviton3,simde,128,main_scan_enc,1,"and 2",0.04,2.3291,2.9126,1,1,2026-10-06T09:15:37+00:00
graviton3,simde,128,main_scan_enc,1,"and 2",0.04,2.3261,2.8930,1,1,2026-10-06T09:15:37+00:00
graviton3,simde,128,main_scan_enc,1,"and 2",0.04,2.3283,2.9091,1,1,2026-10-06T09:15:37+00:00
graviton3,simde,128,main_scan_enc,1,"and 2",0.04,2.3320,2.8983,1,1,2026-10-06T09:15:37+00:00
graviton3,simde,128,main_scan_enc,1,"and 3",0.13,1.4783,1.9406,1,1,2026-10-06T09:15:37+00:00
graviton3,simde,128,main_scan_enc,1,"and 3",0.13,1.5185,1.9356,1,1,2026-10-06T09:15:37+00:00
graviton3,simde,128,main_scan_enc,1,"and 3",0.13,1.5298,1.9425,1,1,2026-10-06T09:15:37+00:00
graviton3,simde,128,main_scan_enc,1,"and 3",0.13,1.5482,1.9435,1,1,2026-10-06T09:15:37+00:00
graviton3,simde,128,main_scan_enc,1,"and 3",0.13,1.5421,1.9446,1,1,2026-10-06T09:15:37+00:00
graviton3,simde,128,main_scan_enc,1,"and 1",0.01,2.6847,4.3232,1,1,2026-10-06T09:15:37+00:00
graviton3,simde,128,main_scan_enc,1,"and 1",0.01,2.6947,4.3249,1,1,2026-10-06T09:15:37+00:00
graviton3,simde,128,main_scan_enc,1,"and 1",0.01,2.7070,4.3347,1,1,2026-10-06T09:15:37+00:00
graviton3,simde,128,main_scan_enc,1,"and 1",0.01,2.7007,4.3326,1,1,2026-10-06T09:15:37+00:00
graviton3,simde,128,main_scan_enc,1,"and 1",0.01,2.6723,4.3193,1,1,2026-10-06T09:15:37+00:00
graviton3,simde,128,main_scan_enc,1,"and 2",0.07,1.8748,2.5223,1,1,2026-10-06T09:15:37+00:00
graviton3,simde,128,main_scan_enc,1,"and 2",0.07,1.8894,2.5218,1,1,2026-10-06T09:15:37+00:00
graviton3,simde,128,main_scan_enc,1,"and 2",0.07,1.9108,2.5187,1,1,2026-10-06T09:15:37+00:00
graviton3,simde,128,main_scan_enc,1,"and 2",0.07,1.9092,2.5213,1,1,2026-10-06T09:15:37+00:00
graviton3,simde,128,main_scan_enc,1,"and 2",0.07,1.9149,2.5248,1,1,2026-10-06T09:15:37+00:00
graviton3,simde,128,main_scan_enc,1,"and 3",0.17,1.2122,1.7908,1,1,2026-10-06T09:15:37+00:00
graviton3,simde,128,main_scan_enc,1,"and 3",0.17,1.2321,1.7922,1,1,2026-10-06T09:15:37+00:00
graviton3,simde,128,main_scan_enc,1,"and 3",0.17,1.2435,1.7904,1,1,2026-10-06T09:15:37+00:00
graviton3,simde,128,main_scan_enc,1,"and 3",0.17,1.2359,1.7945,1,1,2026-10-06T09:15:37+00:00
graviton3,simde,128,main_scan_enc,1,"and 3",0.17,1.2496,1.7918,1,1,2026-10-06T09:15:37+00:00
graviton3,simde,128,main_scan_enc,1,"and 1",0.01,2.5144,3.8781,1,1,2026-10-06T09:15:37+00:00
graviton3,simde,128,main_scan_enc,1,"and 1",0.01,2.5209,3.8788,1,1,2026-10-06T09:15:37+00:00
graviton3,simde,128,main_scan_enc,1,"and 1",0.01,2.4846,3.8582,1,1,2026-10-06T09:15:37+00:00
graviton3,simde,128,main_scan_enc,1,"and 1",0.01,2.5105,3.8838,1,1,2026-10-06T09:15:37+00:00
graviton3,simde,128,main_scan_enc,1,"and 1",0.01,2.5053,3.8885,1,1,2026-10-06T09:15:37+00:00
graviton3,simde,128,main_scan_enc,1,"and 2",0.10,1.6302,2.2325,1,1,2026-10-06T09:15:37+00:00
graviton3,simde,128,main_scan_enc,1,"and 2",0.10,1.6263,2.2352,1,1,2026-10-06T09:15:37+00:00
graviton3,simde,128,main_scan_enc,1,"and 2",0.10,1.6436,2.2335,1,1,2026-10-06T09:15:37+00:00
graviton3,simde,128,main_scan_enc,1,"and 2",0.10,1.6426,2.2397,1,1,2026-10-06T09:15:37+00:00
graviton3,simde,128,main_scan_enc,1,"and 2",0.10,1.6561,2.2367,1,1,2026-10-06T09:15:37+00:00
graviton3,simde,128,main_scan_enc,1,"and 3",0.22,1.0437,1.6521,1,1,2026-10-06T09:15:37+00:00
graviton3,simde,128,main_scan_enc,1,"and 3",0.22,1.0546,1.6549,1,1,2026-10-06T09:15:37+00:00
graviton3,simde,128,main_scan_enc,1,"and 3",0.22,1.0541,1.6534,1,1,2026-10-06T09:15:37+00:00
graviton3,simde,128,main_scan_enc,1,"and 3",0.22,1.0585,1.6549,1,1,2026-10-06T09:15:37+00:00
graviton3,simde,128,main_scan_enc,1,"and 3",0.22,1.0536,1.6555,1,1,2026-10-06T09:15:37+00:00
graviton3,simde,128,main_scan_enc,1,"and 1",0.02,2.8340,3.3090,1,1,2026-10-06T09:15:37+00:00
graviton3,simde,128,main_scan_enc,1,"and 1",0.02,2.8376,3.3005,1,1,2026-10-06T09:15:37+00:00
graviton3,simde,128,main_scan_enc,1,"and 1",0.02,2.8280,3.2955,1,1,2026-10-06T09:15:37+00:00
graviton3,simde,128,main_scan_enc,1,"and 1",0.02,2.8264,3.3081,1,1,2026-10-06T09:15:37+00:00
graviton3,simde,128,main_scan_enc,1,"and 1",0.02,2.8042,3.3016,1,1,2026-10-06T09:15:37+00:00
graviton3,simde,128,main_scan_enc,1,"and 2",0.14,1.4972,1.9593,1,1,2026-10-06T09:15:37+00:00
graviton3,simde,128,main_scan_enc,1,"and 2",0.14,1.5168,1.9626,1,1,2026-10-06T09:15:37+00:00
graviton3,simde,128,main_scan_enc,1,"and 2",0.14,1.5269,1.9586,1,1,2026-10-06T09:15:37+00:00
graviton3,simde,128,main_scan_enc,1,"and 2",0.14,1.5293,1.9616,1,1,2026-10-06T09:15:37+00:00
graviton3,simde,128,main_scan_enc,1,"and 2",0.14,1.5232,1.9634,1,1,2026-10-06T09:15:37+00:00
graviton3,simde,128,main_scan_enc,1,"and 3",0.27,0.8666,1.4820,1,1,2026-10-06T09:15:37+00:00
graviton3,simde,128,main_scan_enc,1,"and 3",0.27,0.8844,1.4833,1,1,2026-10-06T09:15:37+00:00
graviton3,simde,128,main_scan_enc,1,"and 3",0.27,0.8884,1.4824,1,1,2026-10-06T09:15:37+00:00
graviton3,simde,128,main_scan_enc,1,"and 3",0.27,0.8867,1.4830,1,1,2026-10-06T09:15:37+00:00
graviton3,simde,128,main_scan_enc,1,"and 3",0.27,0.8899,1.4834,1,1,2026-10-06T09:15:37+00:00
graviton3,simde,128,main_scan_enc,1,"and 1",0.05,2.7085,2.4979,1,1,2026-10-06T09:15:37+00:00
graviton3,simde,128,main_scan_enc,1,"and 1",0.05,2.7491,2.4971,1,1,2026-10-06T09:15:37+00:00
graviton3,simde,128,main_scan_enc,1,"and 1",0.05,2.7366,2.5030,1,1,2026-10-06T09:15:37+00:00
graviton3,simde,128,main_scan_enc,1,"and 1",0.05,2.7494,2.5027,1,1,2026-10-06T09:15:37+00:00
graviton3,simde,128,main_scan_enc,1,"and 1",0.05,2.7410,2.5056,1,1,2026-10-06T09:15:37+00:00
graviton3,simde,128,main_scan_enc,1,"and 2",0.22,1.1310,1.6257,1,1,2026-10-06T09:15:37+00:00
graviton3,simde,128,main_scan_enc,1,"and 2",0.22,1.1599,1.6251,1,1,2026-10-06T09:15:37+00:00
graviton3,simde,128,main_scan_enc,1,"and 2",0.22,1.1440,1.6205,1,1,2026-10-06T09:15:37+00:00
graviton3,simde,128,main_scan_enc,1,"and 2",0.22,1.1469,1.6259,1,1,2026-10-06T09:15:37+00:00
graviton3,simde,128,main_scan_enc,1,"and 2",0.22,1.1642,1.6191,1,1,2026-10-06T09:15:37+00:00
graviton3,simde,128,main_scan_enc,1,"and 3",0.37,0.6458,1.2424,1,1,2026-10-06T09:15:37+00:00
graviton3,simde,128,main_scan_enc,1,"and 3",0.37,0.6449,1.2439,1,1,2026-10-06T09:15:37+00:00
graviton3,simde,128,main_scan_enc,1,"and 3",0.37,0.6479,1.2440,1,1,2026-10-06T09:15:37+00:00
graviton3,simde,128,main_scan_enc,1,"and 3",0.37,0.6467,1.2421,1,1,2026-10-06T09:15:37+00:00
graviton3,simde,128,main_scan_enc,1,"and 3",0.37,0.6471,1.2420,1,1,2026-10-06T09:15:37+00:00
graviton3,simde,128,main_scan_enc,1,"and 1",0.10,2.1132,1.8986,1,1,2026-10-06T09:15:37+00:00
graviton3,simde,128,main_scan_enc,1,"and 1",0.10,2.1114,1.9093,1,1,2026-10-06T09:15:37+00:00
graviton3,simde,128,main_scan_enc,1,"and 1",0.10,2.1369,1.9037,1,1,2026-10-06T09:15:37+00:00
graviton3,simde,128,main_scan_enc,1,"and 1",0.10,2.1428,1.9055,1,1,2026-10-06T09:15:37+00:00
graviton3,simde,128,main_scan_enc,1,"and 1",0.10,2.1335,1.9034,1,1,2026-10-06T09:15:37+00:00
graviton3,simde,128,main_scan_enc,1,"and 2",0.32,0.8401,1.3429,1,1,2026-10-06T09:15:37+00:00
graviton3,simde,128,main_scan_enc,1,"and 2",0.32,0.8434,1.3447,1,1,2026-10-06T09:15:37+00:00
graviton3,simde,128,main_scan_enc,1,"and 2",0.32,0.8398,1.3428,1,1,2026-10-06T09:15:37+00:00
graviton3,simde,128,main_scan_enc,1,"and 2",0.32,0.8375,1.3446,1,1,2026-10-06T09:15:37+00:00
graviton3,simde,128,main_scan_enc,1,"and 2",0.32,0.8375,1.3438,1,1,2026-10-06T09:15:37+00:00
graviton3,simde,128,main_scan_enc,1,"and 3",0.46,0.5175,1.0566,1,1,2026-10-06T09:15:37+00:00
graviton3,simde,128,main_scan_enc,1,"and 3",0.46,0.5174,1.0549,1,1,2026-10-06T09:15:37+00:00
graviton3,simde,128,main_scan_enc,1,"and 3",0.46,0.5175,1.0567,1,1,2026-10-06T09:15:37+00:00
graviton3,simde,128,main_scan_enc,1,"and 3",0.46,0.5176,1.0580,1,1,2026-10-06T09:15:37+00:00
graviton3,simde,128,main_scan_enc,1,"and 3",0.46,0.5173,1.0577,1,1,2026-10-06T09:15:37+00:00
graviton3,simde,128,main_scan_enc,1,"and 1",0.20,1.4099,1.4217,1,1,2026-10-06T09:15:37+00:00
graviton3,simde,128,main_scan_enc,1,"and 1",0.20,1.4511,1.4157,1,1,2026-10-06T09:15:37+00:00
graviton3,simde,128,main_scan_enc,1,"and 1",0.20,1.4562,1.4209,1,1,2026-10-06T09:15:37+00:00
graviton3,simde,128,main_scan_enc,1,"and 1",0.20,1.4565,1.4190,1,1,2026-10-06T09:15:37+00:00
graviton3,simde,128,main_scan_enc,1,"and 1",0.20,1.4592,1.4204,1,1,2026-10-06T09:15:37+00:00
graviton3,simde,128,main_scan_enc,1,"and 2",0.45,0.6168,1.0852,1,1,2026-10-06T09:15:37+00:00
graviton3,simde,128,main_scan_enc,1,"and 2",0.45,0.6148,1.0840,1,1,2026-10-06T09:15:37+00:00
graviton3,simde,128,main_scan_enc,1,"and 2",0.45,0.6147,1.0843,1,1,2026-10-06T09:15:37+00:00
graviton3,simde,128,main_scan_enc,1,"and 2",0.45,0.6153,1.0850,1,1,2026-10-06T09:15:37+00:00
graviton3,simde,128,main_scan_enc,1,"and 2",0.45,0.6150,1.0832,1,1,2026-10-06T09:15:37+00:00
graviton3,simde,128,main_scan_enc,1,"and 3",0.58,0.4649,0.8730,1,1,2026-10-06T09:15:37+00:00
graviton3,simde,128,main_scan_enc,1,"and 3",0.58,0.4653,0.8740,1,1,2026-10-06T09:15:37+00:00
graviton3,simde,128,main_scan_enc,1,"and 3",0.58,0.4649,0.8754,1,1,2026-10-06T09:15:37+00:00
graviton3,simde,128,main_scan_enc,1,"and 3",0.58,0.4650,0.8739,1,1,2026-10-06T09:15:37+00:00
graviton3,simde,128,main_scan_enc,1,"and 3",0.58,0.4649,0.8664,1,1,2026-10-06T09:15:37+00:00
graviton3,simde,128,main_scan_enc,1,"and 1",0.50,0.8606,0.8183,1,1,2026-10-06T09:15:37+00:00
graviton3,simde,128,main_scan_enc,1,"and 1",0.50,0.8603,0.8191,1,1,2026-10-06T09:15:37+00:00
graviton3,simde,128,main_scan_enc,1,"and 1",0.50,0.8614,0.8188,1,1,2026-10-06T09:15:37+00:00
graviton3,simde,128,main_scan_enc,1,"and 1",0.50,0.8605,0.8181,1,1,2026-10-06T09:15:37+00:00
graviton3,simde,128,main_scan_enc,1,"and 1",0.50,0.8611,0.8177,1,1,2026-10-06T09:15:37+00:00
graviton3,simde,128,main_scan_enc,1,"and 2",0.71,0.6810,0.6877,1,1,2026-10-06T09:15:37+00:00
graviton3,simde,128,main_scan_enc,1,"and 2",0.71,0.6610,0.6879,1,1,2026-10-06T09:15:37+00:00
graviton3,simde,128,main_scan_enc,1,"and 2",0.71,0.6546,0.6888,1,1,2026-10-06T09:15:37+00:00
graviton3,simde,128,main_scan_enc,1,"and 2",0.71,0.6616,0.6881,1,1,2026-10-06T09:15:37+00:00
graviton3,simde,128,main_scan_enc,1,"and 2",0.71,0.6550,0.6878,1,1,2026-10-06T09:15:37+00:00
graviton3,simde,128,main_scan_enc,1,"and 3",0.79,0.5755,0.6031,1,1,2026-10-06T09:15:37+00:00
graviton3,simde,128,main_scan_enc,1,"and 3",0.79,0.5795,0.6033,1,1,2026-10-06T09:15:37+00:00
graviton3,simde,128,main_scan_enc,1,"and 3",0.79,0.5746,0.6034,1,1,2026-10-06T09:15:37+00:00
graviton3,simde,128,main_scan_enc,1,"and 3",0.79,0.5763,0.6035,1,1,2026-10-06T09:15:37+00:00
graviton3,simde,128,main_scan_enc,1,"and 3",0.79,0.5776,0.6039,1,1,2026-10-06T09:15:37+00:00
graviton3,simde,128,main_scan_enc,1,"and 1",1.00,3.3126,0.4618,1,1,2026-10-06T09:15:37+00:00
graviton3,simde,128,main_scan_enc,1,"and 1",1.00,3.2434,0.4619,1,1,2026-10-06T09:15:37+00:00
graviton3,simde,128,main_scan_enc,1,"and 1",1.00,3.3049,0.4624,1,1,2026-10-06T09:15:37+00:00
graviton3,simde,128,main_scan_enc,1,"and 1",1.00,3.3006,0.4618,1,1,2026-10-06T09:15:37+00:00
graviton3,simde,128,main_scan_enc,1,"and 1",1.00,3.3126,0.4616,1,1,2026-10-06T09:15:37+00:00
graviton3,simde,128,main_scan_enc,1,"and 2",1.00,2.1358,0.4186,1,1,2026-10-06T09:15:37+00:00
graviton3,simde,128,main_scan_enc,1,"and 2",1.00,2.1367,0.4185,1,1,2026-10-06T09:15:37+00:00
graviton3,simde,128,main_scan_enc,1,"and 2",1.00,2.1359,0.4186,1,1,2026-10-06T09:15:37+00:00
graviton3,simde,128,main_scan_enc,1,"and 2",1.00,2.1358,0.4185,1,1,2026-10-06T09:15:37+00:00
graviton3,simde,128,main_scan_enc,1,"and 2",1.00,2.1400,0.4184,1,1,2026-10-06T09:15:37+00:00
graviton3,simde,128,main_scan_enc,1,"and 3",1.00,1.5413,0.3860,1,1,2026-10-06T09:15:37+00:00
graviton3,simde,128,main_scan_enc,1,"and 3",1.00,1.5363,0.3857,1,1,2026-10-06T09:15:37+00:00
graviton3,simde,128,main_scan_enc,1,"and 3",1.00,1.5440,0.3860,1,1,2026-10-06T09:15:37+00:00
graviton3,simde,128,main_scan_enc,1,"and 3",1.00,1.5418,0.3862,1,1,2026-10-06T09:15:37+00:00
graviton3,simde,128,main_scan_enc,1,"and 3",1.00,1.5427,0.3862,1,1,2026-10-06T09:15:37+00:00
graviton3,simde,256,main_scan_enc,1,"and 1",0.00,3.3288,6.7102,1,1,2026-10-06T09:15:51+00:00
graviton3,simde,256,main_scan_enc,1,"and 1",0.00,3.3804,6.7003,1,1,2026-10-06T09:15:51+00:00
graviton3,simde,256,main_scan_enc,1,"and 1",0.00,3.3626,6.7399,1,1,2026-10-06T09:15:51+00:00
graviton3,simde,256,main_scan_enc,1,"and 1",0.00,3.3765,6.7407,1,1,2026-10-06T09:15:51+00:00
graviton3,simde,256,main_scan_enc,1,"and 1",0.00,3.3617,6.7143,1,1,2026-10-06T09:15:51+00:00
graviton3,simde,256,main_scan_enc,1,"and 2",0.03,2.6124,4.0698,1,1,2026-10-06T09:15:51+00:00
graviton3,simde,256,main_scan_enc,1,"and 2",0.03,2.6143,4.0379,1,1,2026-10-06T09:15:51+00:00
graviton3,simde,256,main_scan_enc,1,"and 2",0.03,2.6132,4.0525,1,1,2026-10-06T09:15:51+00:00
graviton3,simde,256,main_scan_enc,1,"and 2",0.03,2.6146,4.0583,1,1,2026-10-06T09:15:51+00:00
graviton3,simde,256,main_scan_enc,1,"and 2",0.03,2.6168,4.0559,1,1,2026-10-06T09:15:51+00:00
graviton3,simde,256,main_scan_enc,1,"and 3",0.10,1.6601,2.5285,1,1,2026-10-06T09:15:51+00:00
graviton3,simde,256,main_scan_enc,1,"and 3",0.10,1.6776,2.5274,1,1,2026-10-06T09:15:51+00:00
graviton3,simde,256,main_scan_enc,1,"and 3",0.10,1.7034,2.5270,1,1,2026-10-06T09:15:51+00:00
graviton3,simde,256,main_scan_enc,1,"and 3",0.10,1.6929,2.5167,1,1,2026-10-06T09:15:51+00:00
graviton3,simde,256,main_scan_enc,1,"and 3",0.10,1.6966,2.5221,1,1,2026-10-06T09:15:51+00:00
graviton3,simde,256,main_scan_enc,1,"and 1",0.00,3.0958,6.3232,1,1,2026-10-06T09:15:51+00:00
graviton3,simde,256,main_scan_enc,1,"and 1",0.00,3.1083,6.3171,1,1,2026-10-06T09:15:51+00:00
graviton3,simde,256,main_scan_enc,1,"and 1",0.00,3.1140,6.3355,1,1,2026-10-06T09:15:51+00:00
graviton3,simde,256,main_scan_enc,1,"and 1",0.00,3.0944,6.3347,1,1,2026-10-06T09:15:51+00:00
graviton3,simde,256,main_scan_enc,1,"and 1",0.00,3.1138,6.3427,1,1,2026-10-06T09:15:51+00:00
graviton3,simde,256,main_scan_enc,1,"and 2",0.04,2.3247,3.7026,1,1,2026-10-06T09:15:51+00:00
graviton3,simde,256,main_scan_enc,1,"and 2",0.04,2.3227,3.6943,1,1,2026-10-06T09:15:51+00:00
graviton3,simde,256,main_scan_enc,1,"and 2",0.04,2.3324,3.6954,1,1,2026-10-06T09:15:51+00:00
graviton3,simde,256,main_scan_enc,1,"and 2",0.04,2.3190,3.6895,1,1,2026-10-06T09:15:51+00:00
graviton3,simde,256,main_scan_enc,1,"and 2",0.04,2.3345,3.7028,1,1,2026-10-06T09:15:51+00:00
graviton3,simde,256,main_scan_enc,1,"and 3",0.13,1.4907,2.3713,1,1,2026-10-06T09:15:51+00:00
graviton3,simde,256,main_scan_enc,1,"and 3",0.13,1.5406,2.3711,1,1,2026-10-06T09:15:51+00:00
graviton3,simde,256,main_scan_enc,1,"and 3",0.13,1.5335,2.3630,1,1,2026-10-06T09:15:51+00:00
graviton3,simde,256,main_scan_enc,1,"and 3",0.13,1.5416,2.3628,1,1,2026-10-06T09:15:51+00:00
graviton3,simde,256,main_scan_enc,1,"and 3",0.13,1.5396,2.3733,1,1,2026-10-06T09:15:51+00:00
graviton3,simde,256,main_scan_enc,1,"and 1",0.01,2.7036,5.5825,1,1,2026-10-06T09:15:51+00:00
graviton3,simde,256,main_scan_enc,1,"and 1",0.01,2.6912,5.5744,1,1,2026-10-06T09:15:51+00:00
graviton3,simde,256,main_scan_enc,1,"and 1",0.01,2.7192,5.5812,1,1,2026-10-06T09:15:51+00:00
graviton3,simde,256,main_scan_enc,1,"and 1",0.01,2.7147,5.5833,1,1,2026-10-06T09:15:51+00:00
graviton3,simde,256,main_scan_enc,1,"and 1",0.01,2.7058,5.5761,1,1,2026-10-06T09:15:51+00:00
graviton3,simde,256,main_scan_enc,1,"and 2",0.07,1.8942,3.1270,1,1,2026-10-06T09:15:51+00:00
graviton3,simde,256,main_scan_enc,1,"and 2",0.07,1.9085,3.1247,1,1,2026-10-06T09:15:51+00:00
graviton3,simde,256,main_scan_enc,1,"and 2",0.07,1.9135,3.1284,1,1,2026-10-06T09:15:51+00:00
graviton3,simde,256,main_scan_enc,1,"and 2",0.07,1.9063,3.1302,1,1,2026-10-06T09:15:51+00:00
graviton3,simde,256,main_scan_enc,1,"and 2",0.07,1.9147,3.1277,1,1,2026-10-06T09:15:51+00:00
graviton3,simde,256,main_scan_enc,1,"and 3",0.17,1.2249,2.1438,1,1,2026-10-06T09:15:51+00:00
graviton3,simde,256,main_scan_enc,1,"and 3",0.17,1.2358,2.1575,1,1,2026-10-06T09:15:51+00:00
graviton3,simde,256,main_scan_enc,1,"and 3",0.17,1.2465,2.1554,1,1,2026-10-06T09:15:51+00:00
graviton3,simde,256,main_scan_enc,1,"and 3",0.17,1.2503,2.1559,1,1,2026-10-06T09:15:51+00:00
graviton3,simde,256,main_scan_enc,1,"and 3",0.17,1.2521,2.1557,1,1,2026-10-06T09:15:51+00:00
graviton3,simde,256,main_scan_enc,1,"and 1",0.01,2.5081,4.8265,1,1,2026-10-06T09:15:51+00:00
graviton3,simde,256,main_scan_enc,1,"and 1",0.01,2.4966,4.8227,1,1,2026-10-06T09:15:51+00:00
graviton3,simde,256,main_scan_enc,1,"and 1",0.01,2.5034,4.8344,1,1,2026-10-06T09:15:51+00:00
graviton3,simde,256,main_scan_enc,1,"and 1",0.01,2.5089,4.8275,1,1,2026-10-06T09:15:51+00:00
graviton3,simde,256,main_scan_enc,1,"and 1",0.01,2.5095,4.8140,1,1,2026-10-06T09:15:51+00:00
graviton3,simde,256,main_scan_enc,1,"and 2",0.10,1.6354,2.7305,1,1,2026-10-06T09:15:51+00:00
graviton3,simde,256,main_scan_enc,1,"and 2",0.10,1.6521,2.7285,1,1,2026-10-06T09:15:51+00:00
graviton3,simde,256,main_scan_enc,1,"and 2",0.10,1.6543,2.7353,1,1,2026-10-06T09:15:51+00:00
graviton3,simde,256,main_scan_enc,1,"and 2",0.10,1.6600,2.7319,1,1,2026-10-06T09:15:51+00:00
graviton3,simde,256,main_scan_enc,1,"and 2",0.10,1.6567,2.7355,1,1,2026-10-06T09:15:51+00:00
graviton3,simde,256,main_scan_enc,1,"and 3",0.22,1.0207,2.0237,1,1,2026-10-06T09:15:51+00:00
graviton3,simde,256,main_scan_enc,1,"and 3",0.22,1.0389,2.0231,1,1,2026-10-06T09:15:51+00:00
graviton3,simde,256,main_scan_enc,1,"and 3",0.22,1.0505,2.0156,1,1,2026-10-06T09:15:51+00:00
graviton3,simde,256,main_scan_enc,1,"and 3",0.22,1.0606,2.0162,1,1,2026-10-06T09:15:51+00:00
graviton3,simde,256,main_scan_enc,1,"and 3",0.22,1.0627,2.0185,1,1,2026-10-06T09:15:51+00:00
graviton3,simde,256,main_scan_enc,1,"and 1",0.02,2.8153,3.9470,1,1,2026-10-06T09:15:51+00:00
graviton3,simde,256,main_scan_enc,1,"and 1",0.02,2.8260,3.9312,1,1,2026-10-06T09:15:51+00:00
graviton3,simde,256,main_scan_enc,1,"and 1",0.02,2.8292,3.9512,1,1,2026-10-06T09:15:51+00:00
graviton3,simde,256,main_scan_enc,1,"and 1",0.02,2.8311,3.9437,1,1,2026-10-06T09:15:51+00:00
graviton3,simde,256,main_scan_enc,1,"and 1",0.02,2.8316,3.9499,1,1,2026-10-06T09:15:51+00:00
graviton3,simde,256,main_scan_enc,1,"and 2",0.14,1.4988,2.3301,1,1,2026-10-06T09:15:51+00:00
graviton3,simde,256,main_scan_enc,1,"and 2",0.14,1.5244,2.3281,1,1,2026-10-06T09:15:51+00:00
graviton3,simde,256,main_scan_enc,1,"and 2",0.14,1.5291,2.3252,1,1,2026-10-06T09:15:51+00:00
graviton3,simde,256,main_scan_enc,1,"and 2",0.14,1.5316,2.3287,1,1,2026-10-06T09:15:51+00:00
graviton3,simde,256,main_scan_enc,1,"and 2",0.14,1.5349,2.3276,1,1,2026-10-06T09:15:51+00:00
graviton3,simde,256,main_scan_enc,1,"and 3",0.27,0.8643,1.7994,1,1,2026-10-06T09:15:51+00:00
graviton3,simde,256,main_scan_enc,1,"and 3",0.27,0.8722,1.8015,1,1,2026-10-06T09:15:51+00:00
graviton3,simde,256,main_scan_enc,1,"and 3",0.27,0.8885,1.8007,1,1,2026-10-06T09:15:51+00:00
graviton3,simde,256,main_scan_enc,1,"and 3",0.27,0.8939,1.7970,1,1,2026-10-06T09:15:51+00:00
graviton3,simde,256,main_scan_enc,1,"and 3",0.27,0.8945,1.8027,1,1,2026-10-06T09:15:51+00:00
graviton3,simde,256,main_scan_enc,1,"and 1",0.05,2.7163,2.8226,1,1,2026-10-06T09:15:51+00:00
graviton3,simde,256,main_scan_enc,1,"and 1",0.05,2.7222,2.8263,1,1,2026-10-06T09:15:51+00:00
graviton3,simde,256,main_scan_enc,1,"and 1",0.05,2.7546,2.8315,1,1,2026-10-06T09:15:51+00:00
graviton3,simde,256,main_scan_enc,1,"and 1",0.05,2.7606,2.7747,1,1,2026-10-06T09:15:51+00:00
graviton3,simde,256,main_scan_enc,1,"and 1",0.05,2.7282,2.7769,1,1,2026-10-06T09:15:51+00:00
graviton3,simde,256,main_scan_enc,1,"and 2",0.22,1.1421,1.8536,1,1,2026-10-06T09:15:51+00:00
graviton3,simde,256,main_scan_enc,1,"and 2",0.22,1.1310,1.8550,1,1,2026-10-06T09:15:51+00:00
graviton3,simde,256,main_scan_enc,1,"and 2",0.22,1.1620,1.8535,1,1,2026-10-06T09:15:51+00:00
graviton3,simde,256,main_scan_enc,1,"and 2",0.22,1.1564,1.8514,1,1,2026-10-06T09:15:51+00:00
graviton3,simde,256,main_scan_enc,1,"and 2",0.22,1.1502,1.8559,1,1,2026-10-06T09:15:51+00:00
graviton3,simde,256,main_scan_enc,1,"and 3",0.37,0.6422,1.4759,1,1,2026-10-06T09:15:51+00:00
graviton3,simde,256,main_scan_enc,1,"and 3",0.37,0.6439,1.4755,1,1,2026-10-06T09:15:51+00:00
graviton3,simde,256,main_scan_enc,1,"and 3",0.37,0.6460,1.4755,1,1,2026-10-06T09:15:51+00:00
graviton3,simde,256,main_scan_enc,1,"and 3",0.37,0.6459,1.4749,1,1,2026-10-06T09:15:51+00:00
graviton3,simde,256,main_scan_enc,1,"and 3",0.37,0.6461,1.4759,1,1,2026-10-06T09:15:51+00:00
graviton3,simde,256,main_scan_enc,1,"and 1",0.10,2.1247,2.0749,1,1,2026-10-06T09:15:51+00:00
graviton3,simde,256,main_scan_enc,1,"and 1",0.10,2.0536,2.0677,1,1,2026-10-06T09:15:51+00:00
graviton3,simde,256,main_scan_enc,1,"and 1",0.10,2.0373,2.0703,1,1,2026-10-06T09:15:51+00:00
graviton3,simde,256,main_scan_enc,1,"and 1",0.10,2.0886,2.0662,1,1,2026-10-06T09:15:51+00:00
graviton3,simde,256,main_scan_enc,1,"and 1",0.10,2.1419,2.0669,1,1,2026-10-06T09:15:51+00:00
graviton3,simde,256,main_scan_enc,1,"and 2",0.32,0.8366,1.4911,1,1,2026-10-06T09:15:51+00:00
graviton3,simde,256,main_scan_enc,1,"and 2",0.32,0.8325,1.4901,1,1,2026-10-06T09:15:51+00:00
graviton3,simde,256,main_scan_enc,1,"and 2",0.32,0.8296,1.4927,1,1,2026-10-06T09:15:51+00:00
graviton3,simde,256,main_scan_enc,1,"and 2",0.32,0.8361,1.4920,1,1,2026-10-06T09:15:51+00:00
graviton3,simde,256,main_scan_enc,1,"and 2",0.32,0.8292,1.4923,1,1,2026-10-06T09:15:51+00:00
graviton3,simde,256,main_scan_enc,1,"and 3",0.46,0.5172,1.2196,1,1,2026-10-06T09:15:51+00:00
graviton3,simde,256,main_scan_enc,1,"and 3",0.46,0.5175,1.2188,1,1,2026-10-06T09:15:51+00:00
graviton3,simde,256,main_scan_enc,1,"and 3",0.46,0.5171,1.2208,1,1,2026-10-06T09:15:51+00:00
graviton3,simde,256,main_scan_enc,1,"and 3",0.46,0.5173,1.2208,1,1,2026-10-06T09:15:51+00:00
graviton3,simde,256,main_scan_enc,1,"and 3",0.46,0.5174,1.2222,1,1,2026-10-06T09:15:51+00:00
graviton3,simde,256,main_scan_enc,1,"and 1",0.20,1.3474,1.4976,1,1,2026-10-06T09:15:51+00:00
graviton3,simde,256,main_scan_enc,1,"and 1",0.20,1.4297,1.4987,1,1,2026-10-06T09:15:51+00:00
graviton3,simde,256,main_scan_enc,1,"and 1",0.20,1.3723,1.4946,1,1,2026-10-06T09:15:51+00:00
graviton3,simde,256,main_scan_enc,1,"and 1",0.20,1.2836,1.4997,1,1,2026-10-06T09:15:51+00:00
graviton3,simde,256,main_scan_enc,1,"and 1",0.20,1.3264,1.5015,1,1,2026-10-06T09:15:51+00:00
graviton3,simde,256,main_scan_enc,1,"and 2",0.45,0.6164,1.1675,1,1,2026-10-06T09:15:51+00:00
graviton3,simde,256,main_scan_enc,1,"and 2",0.45,0.6154,1.1675,1,1,2026-10-06T09:15:51+00:00
graviton3,simde,256,main_scan_enc,1,"and 2",0.45,0.6158,1.1685,1,1,2026-10-06T09:15:51+00:00
graviton3,simde,256,main_scan_enc,1,"and 2",0.45,0.6152,1.1657,1,1,2026-10-06T09:15:51+00:00
graviton3,simde,256,main_scan_enc,1,"and 2",0.45,0.6157,1.1648,1,1,2026-10-06T09:15:51+00:00
graviton3,simde,256,main_scan_enc,1,"and 3",0.58,0.4644,0.9833,1,1,2026-10-06T09:15:51+00:00
graviton3,simde,256,main_scan_enc,1,"and 3",0.58,0.4650,0.9847,1,1,2026-10-06T09:15:51+00:00
graviton3,simde,256,main_scan_enc,1,"and 3",0.58,0.4648,0.9858,1,1,2026-10-06T09:15:51+00:00
graviton3,simde,256,main_scan_enc,1,"and 3",0.58,0.4654,0.9849,1,1,2026-10-06T09:15:51+00:00
graviton3,simde,256,main_scan_enc,1,"and 3",0.58,0.4651,0.9866,1,1,2026-10-06T09:15:51+00:00
graviton3,simde,256,main_scan_enc,1,"and 1",0.50,0.8624,0.8472,1,1,2026-10-06T09:15:51+00:00
graviton3,simde,256,main_scan_enc,1,"and 1",0.50,0.8621,0.8471,1,1,2026-10-06T09:15:51+00:00
graviton3,simde,256,main_scan_enc,1,"and 1",0.50,0.8616,0.8472,1,1,2026-10-06T09:15:51+00:00
graviton3,simde,256,main_scan_enc,1,"and 1",0.50,0.8625,0.8475,1,1,2026-10-06T09:15:51+00:00
graviton3,simde,256,main_scan_enc,1,"and 1",0.50,0.8628,0.8468,1,1,2026-10-06T09:15:51+00:00
graviton3,simde,256,main_scan_enc,1,"and 2",0.71,0.6585,0.7262,1,1,2026-10-06T09:15:51+00:00
graviton3,simde,256,main_scan_enc,1,"and 2",0.71,0.6558,0.7262,1,1,2026-10-06T09:15:51+00:00
graviton3,simde,256,main_scan_enc,1,"and 2",0.71,0.6550,0.7268,1,1,2026-10-06T09:15:51+00:00
graviton3,simde,256,main_scan_enc,1,"and 2",0.71,0.6515,0.7257,1,1,2026-10-06T09:15:51+00:00
graviton3,simde,256,main_scan_enc,1,"and 2",0.71,0.6560,0.7256,1,1,2026-10-06T09:15:51+00:00
graviton3,simde,256,main_scan_enc,1,"and 3",0.79,0.5710,0.6544,1,1,2026-10-06T09:15:51+00:00
graviton3,simde,256,main_scan_enc,1,"and 3",0.79,0.5739,0.6533,1,1,2026-10-06T09:15:51+00:00
graviton3,simde,256,main_scan_enc,1,"and 3",0.79,0.5757,0.6551,1,1,2026-10-06T09:15:51+00:00
graviton3,simde,256,main_scan_enc,1,"and 3",0.79,0.5725,0.6547,1,1,2026-10-06T09:15:51+00:00
graviton3,simde,256,main_scan_enc,1,"and 3",0.79,0.5742,0.6547,1,1,2026-10-06T09:15:51+00:00
graviton3,simde,256,main_scan_enc,1,"and 1",1.00,3.2947,0.5288,1,1,2026-10-06T09:15:51+00:00
graviton3,simde,256,main_scan_enc,1,"and 1",1.00,3.2880,0.5293,1,1,2026-10-06T09:15:51+00:00
graviton3,simde,256,main_scan_enc,1,"and 1",1.00,3.2835,0.5294,1,1,2026-10-06T09:15:51+00:00
graviton3,simde,256,main_scan_enc,1,"and 1",1.00,3.2719,0.5159,1,1,2026-10-06T09:15:51+00:00
graviton3,simde,256,main_scan_enc,1,"and 1",1.00,3.2644,0.5292,1,1,2026-10-06T09:15:51+00:00
graviton3,simde,256,main_scan_enc,1,"and 2",1.00,2.1262,0.4814,1,1,2026-10-06T09:15:51+00:00
graviton3,simde,256,main_scan_enc,1,"and 2",1.00,2.1020,0.4527,1,1,2026-10-06T09:15:51+00:00
graviton3,simde,256,main_scan_enc,1,"and 2",1.00,2.1250,0.4664,1,1,2026-10-06T09:15:51+00:00
graviton3,simde,256,main_scan_enc,1,"and 2",1.00,2.1349,0.4668,1,1,2026-10-06T09:15:51+00:00
graviton3,simde,256,main_scan_enc,1,"and 2",1.00,2.1358,0.4809,1,1,2026-10-06T09:15:51+00:00
graviton3,simde,256,main_scan_enc,1,"and 3",1.00,1.5416,0.4497,1,1,2026-10-06T09:15:51+00:00
graviton3,simde,256,main_scan_enc,1,"and 3",1.00,1.5386,0.4495,1,1,2026-10-06T09:15:51+00:00
graviton3,simde,256,main_scan_enc,1,"and 3",1.00,1.5406,0.4497,1,1,2026-10-06T09:15:51+00:00
graviton3,simde,256,main_scan_enc,1,"and 3",1.00,1.5433,0.4495,1,1,2026-10-06T09:15:51+00:00
graviton3,simde,256,main_scan_enc,1,"and 3",1.00,1.5408,0.4497,1,1,2026-10-06T09:15:51+00:00
graviton3,simde,128,main_gather,1,"gather_byte",100.00,0.150218,0.150218,1,1,2026-10-06T09:16:28+00:00
graviton3,simde,128,main_gather,1,"gather_short",100.00,0.137158,0.137158,1,1,2026-10-06T09:16:28+00:00
graviton3,simde,128,main_gather,1,"gather_int",100.00,0.163587,0.163587,1,1,2026-10-06T09:16:28+00:00
graviton3,simde,128,main_gather,1,"gather_long",100.00,0.144482,0.144482,1,1,2026-10-06T09:16:28+00:00
graviton3,simde,128,main_gather,1,"gather_char",100.00,0.025494,0.025494,1,1,2026-10-06T09:16:28+00:00
graviton3,simde,128,main_gather,1,"gather_encoded",100.00,0.101406,0.101406,1,1,2026-10-06T09:16:28+00:00
graviton3,simde,128,main_gather,1,"copy_encoded",100.00,1.463917,1.463917,1,1,2026-10-06T09:16:28+00:00
graviton3,simde,256,main_gather,1,"gather_byte",100.00,0.147079,0.147079,1,1,2026-10-06T09:17:28+00:00
graviton3,simde,256,main_gather,1,"gather_short",100.00,0.138299,0.138299,1,1,2026-10-06T09:17:28+00:00
graviton3,simde,256,main_gather,1,"gather_int",100.00,0.152100,0.152100,1,1,2026-10-06T09:17:28+00:00
graviton3,simde,256,main_gather,1,"gather_long",100.00,0.136783,0.136783,1,1,2026-10-06T09:17:28+00:00
graviton3,simde,256,main_gather,1,"gather_char",100.00,0.028428,0.028428,1,1,2026-10-06T09:17:28+00:00
graviton3,simde,256,main_gather,1,"gather_encoded",100.00,0.135662,0.135662,1,1,2026-10-06T09:17:28+00:00
graviton3,simde,256,main_gather,1,"copy_encoded",100.00,1.917718,1.917718,1,1,2026-10-06T09:17:28+00:00
graviton3,simde,128,main_hash,1,"jenkins_hash",100.00,0.017215,0.017215,1,1,2026-10-06T09:20:27+00:00
graviton3,simde,128,main_hash,1,"fnv_hash",100.00,0.025167,0.025167,1,1,2026-10-06T09:20:27+00:00
graviton3,simde,128,main_hash,1,"murmur_hash",100.00,0.053845,0.053845,1,1,2026-10-06T09:20:27+00:00
graviton3,simde,256,main_hash,1,"jenkins_hash",100.00,0.018672,0.018672,1,1,2026-10-06T09:20:52+00:00
graviton3,simde,256,main_hash,1,"fnv_hash",100.00,0.026441,0.026441,1,1,2026-10-06T09:20:52+00:00
graviton3,simde,256,main_hash,1,"murmur_hash",100.00,0.054987,0.054987,1,1,2026-10-06T09:20:52+00:00
graviton3,simde,128,main_select,1,"select_byte",100.00,2.873922,2.873922,1,1,2026-10-06T09:22:05+00:00
graviton3,simde,128,main_select,1,"select_short",100.00,3.517214,3.517214,1,1,2026-10-06T09:22:05+00:00
graviton3,simde,128,main_select,1,"select_int",100.00,4.175931,4.175931,1,1,2026-10-06T09:22:05+00:00
graviton3,simde,128,main_select,1,"select_long",100.00,1.015782,1.015782,1,1,2026-10-06T09:22:05+00:00
graviton3,simde,128,main_select,1,"select_float",100.00,3.691155,3.691155,1,1,2026-10-06T09:22:05+00:00
graviton3,simde,128,main_select,1,"select_double",100.00,0.893094,0.893094,1,1,2026-10-06T09:22:05+00:00
graviton3,simde,128,main_select,1,"select_char",100.00,0.129605,0.129605,1,1,2026-10-06T09:22:05+00:00
graviton3,simde,128,main_select,1,"select_encoded",100.00,1.250344,1.250344,1,1,2026-10-06T09:22:05+00:00
graviton3,simde,256,main_select,1,"select_byte",100.00,2.836519,2.836519,1,1,2026-10-06T09:22:41+00:00
graviton3,simde,256,main_select,1,"select_short",100.00,3.448093,3.448093,1,1,2026-10-06T09:22:41+00:00
graviton3,simde,256,main_select,1,"select_int",100.00,3.864283,3.864283,1,1,2026-10-06T09:22:41+00:00
graviton3,simde,256,main_select,1,"select_long",100.00,0.782737,0.782737,1,1,2026-10-06T09:22:41+00:00
graviton3,simde,256,main_select,1,"select_float",100.00,3.532312,3.532312,1,1,2026-10-06T09:22:41+00:00
graviton3,simde,256,main_select,1,"select_double",100.00,0.670229,0.670229,1,1,2026-10-06T09:22:41+00:00
graviton3,simde,256,main_select,1,"select_char",100.00,0.073353,0.073353,1,1,2026-10-06T09:22:41+00:00
graviton3,simde,256,main_select,1,"select_encoded",100.00,1.308063,1.308063,1,1,2026-10-06T09:22:41+00:00
graviton3,simde,128,main_filter,1,"filter_byte_eq",100.00,0.065489,0.065489,1,1,2026-10-06T09:24:28+00:00
graviton3,simde,128,main_filter,1,"filter_byte_lt",100.00,0.041476,0.041476,1,1,2026-10-06T09:24:28+00:00
graviton3,simde,128,main_filter,1,"filter_byte_gt",100.00,0.041318,0.041318,1,1,2026-10-06T09:24:28+00:00
graviton3,simde,128,main_filter,1,"filter_byte_ne",100.00,0.032901,0.032901,1,1,2026-10-06T09:24:28+00:00
graviton3,simde,128,main_filter,1,"filter_byte_le",100.00,0.041418,0.041418,1,1,2026-10-06T09:24:28+00:00
graviton3,simde,128,main_filter,1,"filter_byte_ge",100.00,0.042334,0.042334,1,1,2026-10-06T09:24:28+00:00
graviton3,simde,128,main_filter,1,"filter_short_eq",100.00,0.047776,0.047776,1,1,2026-10-06T09:24:28+00:00
graviton3,simde,128,main_filter,1,"filter_short_lt",100.00,0.032930,0.032930,1,1,2026-10-06T09:24:28+00:00
graviton3,simde,128,main_filter,1,"filter_short_gt",100.00,0.033589,0.033589,1,1,2026-10-06T09:24:28+00:00
graviton3,simde,128,main_filter,1,"filter_short_ne",100.00,0.029801,0.029801,1,1,2026-10-06T09:24:28+00:00
graviton3,simde,128,main_filter,1,"filter_short_le",100.00,0.033161,0.033161,1,1,2026-10-06T09:24:28+00:00
graviton3,simde,128,main_filter,1,"filter_short_ge",100.00,0.033062,0.033062,1,1,2026-10-06T09:24:28+00:00
graviton3,simde,128,main_filter,1,"filter_int_eq",100.00,0.041078,0.041078,1,1,2026-10-06T09:24:28+00:00
graviton3,simde,128,main_filter,1,"filter_int_lt",100.00,0.031997,0.031997,1,1,2026-10-06T09:24:28+00:00
graviton3,simde,128,main_filter,1,"filter_int_gt",100.00,0.032006,0.032006,1,1,2026-10-06T09:24:28+00:00
graviton3,simde,128,main_filter,1,"filter_int_ne",100.00,0.028894,0.028894,1,1,2026-10-06T09:24:28+00:00
graviton3,simde,128,main_filter,1,"filter_int_le",100.00,0.032223,0.032223,1,1,2026-10-06T09:24:28+00:00
graviton3,simde,128,main_filter,1,"filter_int_ge",100.00,0.032254,0.032254,1,1,2026-10-06T09:24:28+00:00
graviton3,simde,128,main_filter,1,"filter_long_eq",100.00,0.038667,0.038667,1,1,2026-10-06T09:24:28+00:00
graviton3,simde,128,main_filter,1,"filter_long_lt",100.00,0.032290,0.032290,1,1,2026-10-06T09:24:28+00:00
graviton3,simde,128,main_filter,1,"filter_long_gt",100.00,0.032369,0.032369,1,1,2026-10-06T09:24:28+00:00
graviton3,simde,128,main_filter,1,"filter_long_ne",100.00,0.028468,0.028468,1,1,2026-10-06T09:24:28+00:00
graviton3,simde,128,main_filter,1,"filter_long_le",100.00,0.032212,0.032212,1,1,2026-10-06T09:24:28+00:00
graviton3,simde,128,main_filter,1,"filter_long_ge",100.00,0.032051,0.032051,1,1,2026-10-06T09:24:28+00:00
graviton3,simde,128,main_filter,1,"filter_float_eq",100.00,0.042394,0.042394,1,1,2026-10-06T09:24:28+00:00
graviton3,simde,128,main_filter,1,"filter_float_lt",100.00,0.032849,0.032849,1,1,2026-10-06T09:24:28+00:00
graviton3,simde,128,main_filter,1,"filter_float_gt",100.00,0.032953,0.032953,1,1,2026-10-06T09:24:28+00:00
graviton3,simde,128,main_filter,1,"filter_float_ne",100.00,0.028422,0.028422,1,1,2026-10-06T09:24:28+00:00
graviton3,simde,128,main_filter,1,"filter_float_le",100.00,0.032927,0.032927,1,1,2026-10-06T09:24:28+00:00
graviton3,simde,128,main_filter,1,"filter_float_ge",100.00,0.032965,0.032965,1,1,2026-10-06T09:24:28+00:00
graviton3,simde,128,main_filter,1,"filter_double_eq",100.00,0.037156,0.037156,1,1,2026-10-06T09:24:28+00:00
graviton3,simde,128,main_filter,1,"filter_double_lt",100.00,0.031529,0.031529,1,1,2026-10-06T09:24:28+00:00
graviton3,simde,128,main_filter,1,"filter_double_gt",100.00,0.032185,0.032185,1,1,2026-10-06T09:24:28+00:00
graviton3,simde,128,main_filter,1,"filter_double_ne",100.00,0.027951,0.027951,1,1,2026-10-06T09:24:28+00:00
graviton3,simde,128,main_filter,1,"filter_double_le",100.00,0.031881,0.031881,1,1,2026-10-06T09:24:28+00:00
graviton3,simde,128,main_filter,1,"filter_double_ge",100.00,0.032120,0.032120,1,1,2026-10-06T09:24:28+00:00
graviton3,simde,128,main_filter,1,"filter_char_eq",100.00,0.034164,0.034164,1,1,2026-10-06T09:24:28+00:00
graviton3,simde,128,main_filter,1,"filter_char_lt",100.00,0.024186,0.024186,1,1,2026-10-06T09:24:28+00:00
graviton3,simde,128,main_filter,1,"filter_char_gt",100.00,0.024074,0.024074,1,1,2026-10-06T09:24:28+00:00
graviton3,simde,128,main_filter,1,"filter_char_ne",100.00,0.031266,0.031266,1,1,2026-10-06T09:24:28+00:00
graviton3,simde,128,main_filter,1,"filter_char_le",100.00,0.024483,0.024483,1,1,2026-10-06T09:24:28+00:00
graviton3,simde,128,main_filter,1,"filter_char_ge",100.00,0.024493,0.024493,1,1,2026-10-06T09:24:28+00:00
graviton3,simde,256,main_filter,1,"filter_byte_eq",100.00,0.060481,0.060481,1,1,2026-10-06T09:24:51+00:00
graviton3,simde,256,main_filter,1,"filter_byte_lt",100.00,0.041697,0.041697,1,1,2026-10-06T09:24:51+00:00
graviton3,simde,256,main_filter,1,"filter_byte_gt",100.00,0.041475,0.041475,1,1,2026-10-06T09:24:51+00:00
graviton3,simde,256,main_filter,1,"filter_byte_ne",100.00,0.032902,0.032902,1,1,2026-10-06T09:24:51+00:00
graviton3,simde,256,main_filter,1,"filter_byte_le",100.00,0.040761,0.040761,1,1,2026-10-06T09:24:51+00:00
graviton3,simde,256,main_filter,1,"filter_byte_ge",100.00,0.041426,0.041426,1,1,2026-10-06T09:24:51+00:00
graviton3,simde,256,main_filter,1,"filter_short_eq",100.00,0.040785,0.040785,1,1,2026-10-06T09:24:51+00:00
graviton3,simde,256,main_filter,1,"filter_short_lt",100.00,0.032184,0.032184,1,1,2026-10-06T09:24:51+00:00
graviton3,simde,256,main_filter,1,"filter_short_gt",100.00,0.032117,0.032117,1,1,2026-10-06T09:24:51+00:00
graviton3,simde,256,main_filter,1,"filter_short_ne",100.00,0.029082,0.029082,1,1,2026-10-06T09:24:51+00:00
graviton3,simde,256,main_filter,1,"filter_short_le",100.00,0.032204,0.032204,1,1,2026-10-06T09:24:51+00:00
graviton3,simde,256,main_filter,1,"filter_short_ge",100.00,0.031604,0.031604,1,1,2026-10-06T09:24:51+00:00
graviton3,simde,256,main_filter,1,"filter_int_eq",100.00,0.036693,0.036693,1,1,2026-10-06T09:24:51+00:00
graviton3,simde,256,main_filter,1,"filter_int_lt",100.00,0.031265,0.031265,1,1,2026-10-06T09:24:51+00:00
graviton3,simde,256,main_filter,1,"filter_int_gt",100.00,0.030823,0.030823,1,1,2026-10-06T09:24:51+00:00
graviton3,simde,256,main_filter,1,"filter_int_ne",100.00,0.027960,0.027960,1,1,2026-10-06T09:24:51+00:00
graviton3,simde,256,main_filter,1,"filter_int_le",100.00,0.030691,0.030691,1,1,2026-10-06T09:24:51+00:00
graviton3,simde,256,main_filter,1,"filter_int_ge",100.00,0.030927,0.030927,1,1,2026-10-06T09:24:51+00:00
graviton3,simde,256,main_filter,1,"filter_long_eq",100.00,0.036143,0.036143,1,1,2026-10-06T09:24:51+00:00
graviton3,simde,256,main_filter,1,"filter_long_lt",100.00,0.031255,0.031255,1,1,2026-10-06T09:24:51+00:00
graviton3,simde,256,main_filter,1,"filter_long_gt",100.00,0.031014,0.031014,1,1,2026-10-06T09:24:51+00:00
graviton3,simde,256,main_filter,1,"filter_long_ne",100.00,0.027438,0.027438,1,1,2026-10-06T09:24:51+00:00
graviton3,simde,256,main_filter,1,"filter_long_le",100.00,0.030342,0.030342,1,1,2026-10-06T09:24:51+00:00
graviton3,simde,256,main_filter,1,"filter_long_ge",100.00,0.030545,0.030545,1,1,2026-10-06T09:24:51+00:00
graviton3,simde,256,main_filter,1,"filter_float_eq",100.00,0.038776,0.038776,1,1,2026-10-06T09:24:51+00:00
graviton3,simde,256,main_filter,1,"filter_float_lt",100.00,0.031483,0.031483,1,1,2026-10-06T09:24:51+00:00
graviton3,simde,256,main_filter,1,"filter_float_gt",100.00,0.031425,0.031425,1,1,2026-10-06T09:24:51+00:00
graviton3,simde,256,main_filter,1,"filter_float_ne",100.00,0.029129,0.029129,1,1,2026-10-06T09:24:51+00:00
graviton3,simde,256,main_filter,1,"filter_float_le",100.00,0.030907,0.030907,1,1,2026-10-06T09:24:51+00:00
graviton3,simde,256,main_filter,1,"filter_float_ge",100.00,0.030777,0.030777,1,1,2026-10-06T09:24:51+00:00
graviton3,simde,256,main_filter,1,"filter_double_eq",100.00,0.033797,0.033797,1,1,2026-10-06T09:24:51+00:00
graviton3,simde,256,main_filter,1,"filter_double_lt",100.00,0.030021,0.030021,1,1,2026-10-06T09:24:51+00:00
graviton3,simde,256,main_filter,1,"filter_double_gt",100.00,0.029933,0.029933,1,1,2026-10-06T09:24:51+00:00
graviton3,simde,256,main_filter,1,"filter_double_ne",100.00,0.026286,0.026286,1,1,2026-10-06T09:24:51+00:00
graviton3,simde,256,main_filter,1,"filter_double_le",100.00,0.029542,0.029542,1,1,2026-10-06T09:24:51+00:00
graviton3,simde,256,main_filter,1,"filter_double_ge",100.00,0.029584,0.029584,1,1,2026-10-06T09:24:51+00:00
graviton3,simde,256,main_filter,1,"filter_char_eq",100.00,0.030454,0.030454,1,1,2026-10-06T09:24:51+00:00
graviton3,simde,256,main_filter,1,"filter_char_lt",100.00,0.020688,0.020688,1,1,2026-10-06T09:24:51+00:00
graviton3,simde,256,main_filter,1,"filter_char_gt",100.00,0.020900,0.020900,1,1,2026-10-06T09:24:51+00:00
graviton3,simde,256,main_filter,1,"filter_char_ne",100.00,0.028669,0.028669,1,1,2026-10-06T09:24:51+00:00
graviton3,simde,256,main_filter,1,"filter_char_le",100.00,0.021193,0.021193,1,1,2026-10-06T09:24:51+00:00
graviton3,simde,256,main_filter,1,"filter_char_ge",100.00,0.021256,0.021256,1,1,2026-10-06T09:24:51+00:00
graviton3,simde,128,main_shuffle,1,"shuffle_offset",100.00,0.071152,0.071152,1,1,2026-10-06T09:25:57+00:00
graviton3,simde,128,main_shuffle,1,"shuffle_byte",100.00,0.904876,0.904876,1,1,2026-10-06T09:25:57+00:00
graviton3,simde,128,main_shuffle,1,"flush_byte",100.00,1557.830932,1557.830932,1,1,2026-10-06T09:25:57+00:00
graviton3,simde,128,main_shuffle,1,"shuffle_short",100.00,0.707991,0.707991,1,1,2026-10-06T09:25:57+00:00
graviton3,simde,128,main_shuffle,1,"flush_short",100.00,1787.243907,1787.243907,1,1,2026-10-06T09:25:57+00:00
graviton3,simde,128,main_shuffle,1,"shuffle_int",100.00,0.563892,0.563892,1,1,2026-10-06T09:25:57+00:00
graviton3,simde,128,main_shuffle,1,"flush_int",100.00,2055.124700,2055.124700,1,1,2026-10-06T09:25:57+00:00
graviton3,simde,128,main_shuffle,1,"shuffle_long",100.00,0.430615,0.430615,1,1,2026-10-06T09:25:57+00:00
graviton3,simde,128,main_shuffle,1,"flush_long",100.00,2843.210412,2843.210412,1,1,2026-10-06T09:25:57+00:00
graviton3,simde,128,main_shuffle,1,"shuffle_char",100.00,0.032786,0.032786,1,1,2026-10-06T09:25:57+00:00
graviton3,simde,128,main_shuffle,1,"flush_char",100.00,1760.146758,1760.146758,1,1,2026-10-06T09:25:57+00:00
graviton3,simde,256,main_shuffle,1,"shuffle_offset",100.00,0.072362,0.072362,1,1,2026-10-06T09:28:20+00:00
graviton3,simde,256,main_shuffle,1,"shuffle_byte",100.00,0.802450,0.802450,1,1,2026-10-06T09:28:20+00:00
graviton3,simde,256,main_shuffle,1,"flush_byte",100.00,1601.490645,1601.490645,1,1,2026-10-06T09:28:20+00:00
graviton3,simde,256,main_shuffle,1,"shuffle_short",100.00,0.675157,0.675157,1,1,2026-10-06T09:28:20+00:00
graviton3,simde,256,main_shuffle,1,"flush_short",100.00,1712.869686,1712.869686,1,1,2026-10-06T09:28:20+00:00
graviton3,simde,256,main_shuffle,1,"shuffle_int",100.00,0.591608,0.591608,1,1,2026-10-06T09:28:20+00:00
graviton3,simde,256,main_shuffle,1,"flush_int",100.00,2111.829213,2111.829213,1,1,2026-10-06T09:28:20+00:00
graviton3,simde,256,main_shuffle,1,"shuffle_long",100.00,0.433836,0.433836,1,1,2026-10-06T09:28:20+00:00
graviton3,simde,256,main_shuffle,1,"flush_long",100.00,2722.866788,2722.866788,1,1,2026-10-06T09:28:20+00:00
graviton3,simde,256,main_shuffle,1,"shuffle_char",100.00,0.034395,0.034395,1,1,2026-10-06T09:28:20+00:00
graviton3,simde,256,main_shuffle,1,"flush_char",100.00,1794.135354,1794.135354,1,1,2026-10-06T09:28:20+00:00
graviton3,simde,128,main_expr,1,"expr_float/+",100.00,4.854657,4.854657,1,1,2026-10-06T09:35:08+00:00
graviton3,simde,128,main_expr,1,"expr_float/-",100.00,6.420084,6.420084,1,1,2026-10-06T09:35:08+00:00
graviton3,simde,128,main_expr,1,"expr_float/*",100.00,6.776088,6.776088,1,1,2026-10-06T09:35:08+00:00
graviton3,simde,128,main_expr,1,"expr_float//",100.00,3.419757,3.419757,1,1,2026-10-06T09:35:08+00:00
graviton3,simde,128,main_expr,1,"expr_double/+",100.00,2.285215,2.285215,1,1,2026-10-06T09:35:08+00:00
graviton3,simde,128,main_expr,1,"expr_double/-",100.00,2.805523,2.805523,1,1,2026-10-06T09:35:08+00:00
graviton3,simde,128,main_expr,1,"expr_double/*",100.00,2.957721,2.957721,1,1,2026-10-06T09:35:08+00:00
graviton3,simde,128,main_expr,1,"expr_double//",100.00,1.030036,1.030036,1,1,2026-10-06T09:35:08+00:00
graviton3,simde,128,main_expr,1,"expr_decimal/+",100.00,1.923657,1.923657,1,1,2026-10-06T09:35:08+00:00
graviton3,simde,128,main_expr,1,"expr_decimal/-",100.00,2.252422,2.252422,1,1,2026-10-06T09:35:08+00:00
graviton3,simde,128,main_expr,1,"expr_decimal/*",100.00,0.311743,0.311743,1,1,2026-10-06T09:35:08+00:00
graviton3,simde,128,main_expr,1,"expr_decimal//",100.00,0.220954,0.220954,1,1,2026-10-06T09:35:08+00:00
graviton3,simde,256,main_expr,1,"expr_float/+",100.00,5.519251,5.519251,1,1,2026-10-06T09:35:11+00:00
graviton3,simde,256,main_expr,1,"expr_float/-",100.00,7.141278,7.141278,1,1,2026-10-06T09:35:11+00:00
graviton3,simde,256,main_expr,1,"expr_float/*",100.00,7.214718,7.214718,1,1,2026-10-06T09:35:11+00:00
graviton3,simde,256,main_expr,1,"expr_float//",100.00,3.433676,3.433676,1,1,2026-10-06T09:35:11+00:00
graviton3,simde,256,main_expr,1,"expr_double/+",100.00,2.346684,2.346684,1,1,2026-10-06T09:35:11+00:00
graviton3,simde,256,main_expr,1,"expr_double/-",100.00,2.956788,2.956788,1,1,2026-10-06T09:35:11+00:00
graviton3,simde,256,main_expr,1,"expr_double/*",100.00,3.145282,3.145282,1,1,2026-10-06T09:35:11+00:00
graviton3,simde,256,main_expr,1,"expr_double//",100.00,1.030616,1.030616,1,1,2026-10-06T09:35:11+00:00
graviton3,simde,256,main_expr,1,"expr_decimal/+",100.00,1.643988,1.643988,1,1,2026-10-06T09:35:11+00:00
graviton3,simde,256,main_expr,1,"expr_decimal/-",100.00,1.909017,1.909017,1,1,2026-10-06T09:35:11+00:00
graviton3,simde,256,main_expr,1,"expr_decimal/*",100.00,0.243912,0.243912,1,1,2026-10-06T09:35:11+00:00
graviton3,simde,256,main_expr,1,"expr_decimal//",100.00,0.195182,0.195182,1,1,2026-10-06T09:35:11+00:00
graviton3,simde,128,main_part,1,"int * 1 | 2^4",,0.2336,0.2336,1,1,2026-10-06T09:35:22+00:00
graviton3,simde,128,main_part,1,"int * 1 | 2^4",,0.2336,0.2336,1,1,2026-10-06T09:35:22+00:00
graviton3,simde,128,main_part,1,"int * 1 | 2^4",,0.2336,0.2336,1,1,2026-10-06T09:35:22+00:00
graviton3,simde,128,main_part,1,"int * 1 | 2^4",,0.2337,0.2337,1,1,2026-10-06T09:35:22+00:00
graviton3,simde,128,main_part,1,"int * 1 | 2^4",,0.2338,0.2338,1,1,2026-10-06T09:35:22+00:00
graviton3,simde,128,main_part,1,"int * 1 | 2^5",,0.2336,0.2336,1,1,2026-10-06T09:35:22+00:00
graviton3,simde,128,main_part,1,"int * 1 | 2^5",,0.2336,0.2336,1,1,2026-10-06T09:35:22+00:00
graviton3,simde,128,main_part,1,"int * 1 | 2^5",,0.2336,0.2336,1,1,2026-10-06T09:35:22+00:00
graviton3,simde,128,main_part,1,"int * 1 | 2^5",,0.2291,0.2291,1,1,2026-10-06T09:35:22+00:00
graviton3,simde,128,main_part,1,"int * 1 | 2^5",,0.2336,0.2336,1,1,2026-10-06T09:35:22+00:00
graviton3,simde,128,main_part,1,"int * 1 | 2^6",,0.2336,0.2336,1,1,2026-10-06T09:35:22+00:00
graviton3,simde,128,main_part,1,"int * 1 | 2^6",,0.2335,0.2335,1,1,2026-10-06T09:35:22+00:00
graviton3,simde,128,main_part,1,"int * 1 | 2^6",,0.2335,0.2335,1,1,2026-10-06T09:35:22+00:00
graviton3,simde,128,main_part,1,"int * 1 | 2^6",,0.2335,0.2335,1,1,2026-10-06T09:35:22+00:00
graviton3,simde,128,main_part,1,"int * 1 | 2^6",,0.2335,0.2335,1,1,2026-10-06T09:35:22+00:00
graviton3,simde,128,main_part,1,"int * 1 | 2^7",,0.2333,0.2333,1,1,2026-10-06T09:35:22+00:00
graviton3,simde,128,main_part,1,"int * 1 | 2^7",,0.2334,0.2334,1,1,2026-10-06T09:35:22+00:00
graviton3,simde,128,main_part,1,"int * 1 | 2^7",,0.2333,0.2333,1,1,2026-10-06T09:35:22+00:00
graviton3,simde,128,main_part,1,"int * 1 | 2^7",,0.2335,0.2335,1,1,2026-10-06T09:35:22+00:00
graviton3,simde,128,main_part,1,"int * 1 | 2^7",,0.2333,0.2333,1,1,2026-10-06T09:35:22+00:00
graviton3,simde,128,main_part,1,"int * 1 | 2^8",,0.2320,0.2320,1,1,2026-10-06T09:35:22+00:00
graviton3,simde,128,main_part,1,"int * 1 | 2^8",,0.2321,0.2321,1,1,2026-10-06T09:35:22+00:00
graviton3,simde,128,main_part,1,"int * 1 | 2^8",,0.2320,0.2320,1,1,2026-10-06T09:35:22+00:00
graviton3,simde,128,main_part,1,"int * 1 | 2^8",,0.2319,0.2319,1,1,2026-10-06T09:35:22+00:00
graviton3,simde,128,main_part,1,"int * 1 | 2^8",,0.2318,0.2318,1,1,2026-10-06T09:35:22+00:00
graviton3,simde,128,main_part,1,"int * 2 | 2^4",,0.2184,0.2184,1,1,2026-10-06T09:35:22+00:00
graviton3,simde,128,main_part,1,"int * 2 | 2^4",,0.2184,0.2184,1,1,2026-10-06T09:35:22+00:00
graviton3,simde,128,main_part,1,"int * 2 | 2^4",,0.2184,0.2184,1,1,2026-10-06T09:35:22+00:00
graviton3,simde,128,main_part,1,"int * 2 | 2^4",,0.2183,0.2183,1,1,2026-10-06T09:35:22+00:00
graviton3,simde,128,main_part,1,"int * 2 | 2^4",,0.2184,0.2184,1,1,2026-10-06T09:35:22+00:00
graviton3,simde,128,main_part,1,"int * 2 | 2^5",,0.2162,0.2162,1,1,2026-10-06T09:35:22+00:00
graviton3,simde,128,main_part,1,"int * 2 | 2^5",,0.2181,0.2181,1,1,2026-10-06T09:35:22+00:00
graviton3,simde,128,main_part,1,"int * 2 | 2^5",,0.2182,0.2182,1,1,2026-10-06T09:35:22+00:00
graviton3,simde,128,main_part,1,"int * 2 | 2^5",,0.2181,0.2181,1,1,2026-10-06T09:35:22+00:00
graviton3,simde,128,main_part,1,"int * 2 | 2^5",,0.2183,0.2183,1,1,2026-10-06T09:35:22+00:00
graviton3,simde,128,main_part,1,"int * 2 | 2^6",,0.2177,0.2177,1,1,2026-10-06T09:35:22+00:00
graviton3,simde,128,main_part,1,"int * 2 | 2^6",,0.2177,0.2177,1,1,2026-10-06T09:35:22+00:00
graviton3,simde,128,main_part,1,"int * 2 | 2^6",,0.2177,0.2177,1,1,2026-10-06T09:35:22+00:00
graviton3,simde,128,main_part,1,"int * 2 | 2^6",,0.2172,0.2172,1,1,2026-10-06T09:35:22+00:00
graviton3,simde,128,main_part,1,"int * 2 | 2^6",,0.2177,0.2177,1,1,2026-10-06T09:35:22+00:00
graviton3,simde,128,main_part,1,"int * 2 | 2^7",,0.2175,0.2175,1,1,2026-10-06T09:35:22+00:00
graviton3,simde,128,main_part,1,"int * 2 | 2^7",,0.2174,0.2174,1,1,2026-10-06T09:35:22+00:00
graviton3,simde,128,main_part,1,"int * 2 | 2^7",,0.2173,0.2173,1,1,2026-10-06T09:35:22+00:00
graviton3,simde,128,main_part,1,"int * 2 | 2^7",,0.2173,0.2173,1,1,2026-10-06T09:35:22+00:00
graviton3,simde,128,main_part,1,"int * 2 | 2^7",,0.2171,0.2171,1,1,2026-10-06T09:35:22+00:00
graviton3,simde,128,main_part,1,"int * 2 | 2^8",,0.2089,0.2089,1,1,2026-10-06T09:35:22+00:00
graviton3,simde,128,main_part,1,"int * 2 | 2^8",,0.2088,0.2088,1,1,2026-10-06T09:35:22+00:00
graviton3,simde,128,main_part,1,"int * 2 | 2^8",,0.2092,0.2092,1,1,2026-10-06T09:35:22+00:00
graviton3,simde,128,main_part,1,"int * 2 | 2^8",,0.2090,0.2090,1,1,2026-10-06T09:35:22+00:00
graviton3,simde,128,main_part,1,"int * 2 | 2^8",,0.2090,0.2090,1,1,2026-10-06T09:35:22+00:00
graviton3,simde,128,main_part,1,"int * 3 | 2^4",,0.2048,0.2048,1,1,2026-10-06T09:35:22+00:00
graviton3,simde,128,main_part,1,"int * 3 | 2^4",,0.2050,0.2050,1,1,2026-10-06T09:35:22+00:00
graviton3,simde,128,main_part,1,"int * 3 | 2^4",,0.2049,0.2049,1,1,2026-10-06T09:35:22+00:00
graviton3,simde,128,main_part,1,"int * 3 | 2^4",,0.2049,0.2049,1,1,2026-10-06T09:35:22+00:00
graviton3,simde,128,main_part,1,"int * 3 | 2^4",,0.2049,0.2049,1,1,2026-10-06T09:35:22+00:00
graviton3,simde,128,main_part,1,"int * 3 | 2^5",,0.2047,0.2047,1,1,2026-10-06T09:35:22+00:00
graviton3,simde,128,main_part,1,"int * 3 | 2^5",,0.2047,0.2047,1,1,2026-10-06T09:35:22+00:00
graviton3,simde,128,main_part,1,"int * 3 | 2^5",,0.2047,0.2047,1,1,2026-10-06T09:35:22+00:00
graviton3,simde,128,main_part,1,"int * 3 | 2^5",,0.2047,0.2047,1,1,2026-10-06T09:35:22+00:00
graviton3,simde,128,main_part,1,"int * 3 | 2^5",,0.2048,0.2048,1,1,2026-10-06T09:35:22+00:00
graviton3,simde,128,main_part,1,"int * 3 | 2^6",,0.2037,0.2037,1,1,2026-10-06T09:35:22+00:00
graviton3,simde,128,main_part,1,"int * 3 | 2^6",,0.2039,0.2039,1,1,2026-10-06T09:35:22+00:00
graviton3,simde,128,main_part,1,"int * 3 | 2^6",,0.2038,0.2038,1,1,2026-10-06T09:35:22+00:00
graviton3,simde,128,main_part,1,"int * 3 | 2^6",,0.2037,0.2037,1,1,2026-10-06T09:35:22+00:00
graviton3,simde,128,main_part,1,"int * 3 | 2^6",,0.2038,0.2038,1,1,2026-10-06T09:35:22+00:00
graviton3,simde,128,main_part,1,"int * 3 | 2^7",,0.2034,0.2034,1,1,2026-10-06T09:35:22+00:00
graviton3,simde,128,main_part,1,"int * 3 | 2^7",,0.2035,0.2035,1,1,2026-10-06T09:35:22+00:00
graviton3,simde,128,main_part,1,"int * 3 | 2^7",,0.2032,0.2032,1,1,2026-10-06T09:35:22+00:00
graviton3,simde,128,main_part,1,"int * 3 | 2^7",,0.2034,0.2034,1,1,2026-10-06T09:35:22+00:00
graviton3,simde,128,main_part,1,"int * 3 | 2^7",,0.2035,0.2035,1,1,2026-10-06T09:35:22+00:00
graviton3,simde,128,main_part,1,"int * 3 | 2^8",,0.1925,0.1925,1,1,2026-10-06T09:35:22+00:00
graviton3,simde,128,main_part,1,"int * 3 | 2^8",,0.1922,0.1922,1,1,2026-10-06T09:35:22+00:00
graviton3,simde,128,main_part,1,"int * 3 | 2^8",,0.1925,0.1925,1,1,2026-10-06T09:35:22+00:00
graviton3,simde,128,main_part,1,"int * 3 | 2^8",,0.1922,0.1922,1,1,2026-10-06T09:35:22+00:00
graviton3,simde,128,main_part,1,"int * 3 | 2^8",,0.1924,0.1924,1,1,2026-10-06T09:35:22+00:00
graviton3,simde,256,main_part,1,"int * 1 | 2^4",,0.2274,0.2274,1,1,2026-10-06T09:35:40+00:00
graviton3,simde,256,main_part,1,"int * 1 | 2^4",,0.2276,0.2276,1,1,2026-10-06T09:35:40+00:00
graviton3,simde,256,main_part,1,"int * 1 | 2^4",,0.2272,0.2272,1,1,2026-10-06T09:35:40+00:00
graviton3,simde,256,main_part,1,"int * 1 | 2^4",,0.2275,0.2275,1,1,2026-10-06T09:35:40+00:00
graviton3,simde,256,main_part,1,"int * 1 | 2^4",,0.2275,0.2275,1,1,2026-10-06T09:35:40+00:00
graviton3,simde,256,main_part,1,"int * 1 | 2^5",,0.2274,0.2274,1,1,2026-10-06T09:35:40+00:00
graviton3,simde,256,main_part,1,"int * 1 | 2^5",,0.2274,0.2274,1,1,2026-10-06T09:35:40+00:00
graviton3,simde,256,main_part,1,"int * 1 | 2^5",,0.2274,0.2274,1,1,2026-10-06T09:35:40+00:00
graviton3,simde,256,main_part,1,"int * 1 | 2^5",,0.2273,0.2273,1,1,2026-10-06T09:35:40+00:00
graviton3,simde,256,main_part,1,"int * 1 | 2^5",,0.2273,0.2273,1,1,2026-10-06T09:35:40+00:00
graviton3,simde,256,main_part,1,"int * 1 | 2^6",,0.2272,0.2272,1,1,2026-10-06T09:35:40+00:00
graviton3,simde,256,main_part,1,"int * 1 | 2^6",,0.2273,0.2273,1,1,2026-10-06T09:35:40+00:00
graviton3,simde,256,main_part,1,"int * 1 | 2^6",,0.2272,0.2272,1,1,2026-10-06T09:35:40+00:00
graviton3,simde,256,main_part,1,"int * 1 | 2^6",,0.2272,0.2272,1,1,2026-10-06T09:35:40+00:00
graviton3,simde,256,main_part,1,"int * 1 | 2^6",,0.2272,0.2272,1,1,2026-10-06T09:35:40+00:00
graviton3,simde,256,main_part,1,"int * 1 | 2^7",,0.2271,0.2271,1,1,2026-10-06T09:35:40+00:00
graviton3,simde,256,main_part,1,"int * 1 | 2^7",,0.2272,0.2272,1,1,2026-10-06T09:35:40+00:00
graviton3,simde,256,main_part,1,"int * 1 | 2^7",,0.2271,0.2271,1,1,2026-10-06T09:35:40+00:00
graviton3,simde,256,main_part,1,"int * 1 | 2^7",,0.2270,0.2270,1,1,2026-10-06T09:35:40+00:00
graviton3,simde,256,main_part,1,"int * 1 | 2^7",,0.2272,0.2272,1,1,2026-10-06T09:35:40+00:00
graviton3,simde,256,main_part,1,"int * 1 | 2^8",,0.2256,0.2256,1,1,2026-10-06T09:35:40+00:00
graviton3,simde,256,main_part,1,"int * 1 | 2^8",,0.2256,0.2256,1,1,2026-10-06T09:35:40+00:00
graviton3,simde,256,main_part,1,"int * 1 | 2^8",,0.2255,0.2255,1,1,2026-10-06T09:35:40+00:00
graviton3,simde,256,main_part,1,"int * 1 | 2^8",,0.2256,0.2256,1,1,2026-10-06T09:35:40+00:00
graviton3,simde,256,main_part,1,"int * 1 | 2^8",,0.2254,0.2254,1,1,2026-10-06T09:35:40+00:00
graviton3,simde,256,main_part,1,"int * 2 | 2^4",,0.2149,0.2149,1,1,2026-10-06T09:35:40+00:00
graviton3,simde,256,main_part,1,"int * 2 | 2^4",,0.2150,0.2150,1,1,2026-10-06T09:35:40+00:00
graviton3,simde,256,main_part,1,"int * 2 | 2^4",,0.2150,0.2150,1,1,2026-10-06T09:35:40+00:00
graviton3,simde,256,main_part,1,"int * 2 | 2^4",,0.2150,0.2150,1,1,2026-10-06T09:35:40+00:00
graviton3,simde,256,main_part,1,"int * 2 | 2^4",,0.2150,0.2150,1,1,2026-10-06T09:35:40+00:00
graviton3,simde,256,main_part,1,"int * 2 | 2^5",,0.2149,0.2149,1,1,2026-10-06T09:35:40+00:00
graviton3,simde,256,main_part,1,"int * 2 | 2^5",,0.2149,0.2149,1,1,2026-10-06T09:35:40+00:00
graviton3,simde,256,main_part,1,"int * 2 | 2^5",,0.2149,0.2149,1,1,2026-10-06T09:35:40+00:00
graviton3,simde,256,main_part,1,"int * 2 | 2^5",,0.2149,0.2149,1,1,2026-10-06T09:35:40+00:00
graviton3,simde,256,main_part,1,"int * 2 | 2^5",,0.2148,0.2148,1,1,2026-10-06T09:35:40+00:00
graviton3,simde,256,main_part,1,"int * 2 | 2^6",,0.2144,0.2144,1,1,2026-10-06T09:35:40+00:00
graviton3,simde,256,main_part,1,"int * 2 | 2^6",,0.2143,0.2143,1,1,2026-10-06T09:35:40+00:00
graviton3,simde,256,main_part,1,"int * 2 | 2^6",,0.2143,0.2143,1,1,2026-10-06T09:35:40+00:00
graviton3,simde,256,main_part,1,"int * 2 | 2^6",,0.2144,0.2144,1,1,2026-10-06T09:35:40+00:00
graviton3,simde,256,main_part,1,"int * 2 | 2^6",,0.2143,0.2143,1,1,2026-10-06T09:35:40+00:00
graviton3,simde,256,main_part,1,"int * 2 | 2^7",,0.2138,0.2138,1,1,2026-10-06T09:35:40+00:00
graviton3,simde,256,main_part,1,"int * 2 | 2^7",,0.2140,0.2140,1,1,2026-10-06T09:35:40+00:00
graviton3,simde,256,main_part,1,"int * 2 | 2^7",,0.2139,0.2139,1,1,2026-10-06T09:35:40+00:00
graviton3,simde,256,main_part,1,"int * 2 | 2^7",,0.2140,0.2140,1,1,2026-10-06T09:35:40+00:00
graviton3,simde,256,main_part,1,"int * 2 | 2^7",,0.2139,0.2139,1,1,2026-10-06T09:35:40+00:00
graviton3,simde,256,main_part,1,"int * 2 | 2^8",,0.2073,0.2073,1,1,2026-10-06T09:35:40+00:00
graviton3,simde,256,main_part,1,"int * 2 | 2^8",,0.2072,0.2072,1,1,2026-10-06T09:35:40+00:00
graviton3,simde,256,main_part,1,"int * 2 | 2^8",,0.2074,0.2074,1,1,2026-10-06T09:35:40+00:00
graviton3,simde,256,main_part,1,"int * 2 | 2^8",,0.2077,0.2077,1,1,2026-10-06T09:35:40+00:00
graviton3,simde,256,main_part,1,"int * 2 | 2^8",,0.2077,0.2077,1,1,2026-10-06T09:35:40+00:00
graviton3,simde,256,main_part,1,"int * 3 | 2^4",,0.2036,0.2036,1,1,2026-10-06T09:35:40+00:00
graviton3,simde,256,main_part,1,"int * 3 | 2^4",,0.2035,0.2035,1,1,2026-10-06T09:35:40+00:00
graviton3,simde,256,main_part,1,"int * 3 | 2^4",,0.2037,0.2037,1,1,2026-10-06T09:35:40+00:00
graviton3,simde,256,main_part,1,"int * 3 | 2^4",,0.2035,0.2035,1,1,2026-10-06T09:35:40+00:00
graviton3,simde,256,main_part,1,"int * 3 | 2^4",,0.2037,0.2037,1,1,2026-10-06T09:35:40+00:00
graviton3,simde,256,main_part,1,"int * 3 | 2^5",,0.2035,0.2035,1,1,2026-10-06T09:35:40+00:00
graviton3,simde,256,main_part,1,"int * 3 | 2^5",,0.2035,0.2035,1,1,2026-10-06T09:35:40+00:00
graviton3,simde,256,main_part,1,"int * 3 | 2^5",,0.2033,0.2033,1,1,2026-10-06T09:35:40+00:00
graviton3,simde,256,main_part,1,"int * 3 | 2^5",,0.2034,0.2034,1,1,2026-10-06T09:35:40+00:00
graviton3,simde,256,main_part,1,"int * 3 | 2^5",,0.2035,0.2035,1,1,2026-10-06T09:35:40+00:00
graviton3,simde,256,main_part,1,"int * 3 | 2^6",,0.2027,0.2027,1,1,2026-10-06T09:35:40+00:00
graviton3,simde,256,main_part,1,"int * 3 | 2^6",,0.2027,0.2027,1,1,2026-10-06T09:35:40+00:00
graviton3,simde,256,main_part,1,"int * 3 | 2^6",,0.2026,0.2026,1,1,2026-10-06T09:35:40+00:00
graviton3,simde,256,main_part,1,"int * 3 | 2^6",,0.2027,0.2027,1,1,2026-10-06T09:35:40+00:00
graviton3,simde,256,main_part,1,"int * 3 | 2^6",,0.2027,0.2027,1,1,2026-10-06T09:35:40+00:00
graviton3,simde,256,main_part,1,"int * 3 | 2^7",,0.2022,0.2022,1,1,2026-10-06T09:35:40+00:00
graviton3,simde,256,main_part,1,"int * 3 | 2^7",,0.2023,0.2023,1,1,2026-10-06T09:35:40+00:00
graviton3,simde,256,main_part,1,"int * 3 | 2^7",,0.2022,0.2022,1,1,2026-10-06T09:35:40+00:00
graviton3,simde,256,main_part,1,"int * 3 | 2^7",,0.2022,0.2022,1,1,2026-10-06T09:35:40+00:00
graviton3,simde,256,main_part,1,"int * 3 | 2^7",,0.2023,0.2023,1,1,2026-10-06T09:35:40+00:00
graviton3,simde,256,main_part,1,"int * 3 | 2^8",,0.1948,0.1948,1,1,2026-10-06T09:35:40+00:00
graviton3,simde,256,main_part,1,"int * 3 | 2^8",,0.1941,0.1941,1,1,2026-10-06T09:35:40+00:00
graviton3,simde,256,main_part,1,"int * 3 | 2^8",,0.1943,0.1943,1,1,2026-10-06T09:35:40+00:00
graviton3,simde,256,main_part,1,"int * 3 | 2^8",,0.1934,0.1934,1,1,2026-10-06T09:35:40+00:00
graviton3,simde,256,main_part,1,"int * 3 | 2^8",,0.1935,0.1935,1,1,2026-10-06T09:35:40+00:00
graviton3,simde,128,main_aggr,1,"Codegen 1 sum",,0.1255,0.1255,1,1,2026-10-06T09:36:20+00:00
graviton3,simde,128,main_aggr,1,"Codegen 1 sum",,0.1258,0.1258,1,1,2026-10-06T09:36:20+00:00
graviton3,simde,128,main_aggr,1,"Codegen 1 sum",,0.1272,0.1272,1,1,2026-10-06T09:36:20+00:00
graviton3,simde,128,main_aggr,1,"Codegen 1 sum",,0.1270,0.1270,1,1,2026-10-06T09:36:20+00:00
graviton3,simde,128,main_aggr,1,"Codegen 1 sum",,0.1267,0.1267,1,1,2026-10-06T09:36:20+00:00
graviton3,simde,128,main_aggr,1,"Codegen 2 sum",,0.1209,0.1209,1,1,2026-10-06T09:36:20+00:00
graviton3,simde,128,main_aggr,1,"Codegen 2 sum",,0.1207,0.1207,1,1,2026-10-06T09:36:20+00:00
graviton3,simde,128,main_aggr,1,"Codegen 2 sum",,0.1207,0.1207,1,1,2026-10-06T09:36:20+00:00
graviton3,simde,128,main_aggr,1,"Codegen 2 sum",,0.1210,0.1210,1,1,2026-10-06T09:36:20+00:00
graviton3,simde,128,main_aggr,1,"Codegen 2 sum",,0.1210,0.1210,1,1,2026-10-06T09:36:20+00:00
graviton3,simde,128,main_aggr,1,"Codegen 3 sum",,0.1157,0.1157,1,1,2026-10-06T09:36:20+00:00
graviton3,simde,128,main_aggr,1,"Codegen 3 sum",,0.1156,0.1156,1,1,2026-10-06T09:36:20+00:00
graviton3,simde,128,main_aggr,1,"Codegen 3 sum",,0.1139,0.1139,1,1,2026-10-06T09:36:20+00:00
graviton3,simde,128,main_aggr,1,"Codegen 3 sum",,0.1134,0.1134,1,1,2026-10-06T09:36:20+00:00
graviton3,simde,128,main_aggr,1,"Codegen 3 sum",,0.1140,0.1140,1,1,2026-10-06T09:36:20+00:00
graviton3,simde,128,main_aggr,1,"Engine 1 sum",,0.0618,0.0618,1,1,2026-10-06T09:36:20+00:00
graviton3,simde,128,main_aggr,1,"Engine 1 sum",,0.0618,0.0618,1,1,2026-10-06T09:36:20+00:00
graviton3,simde,128,main_aggr,1,"Engine 1 sum",,0.0619,0.0619,1,1,2026-10-06T09:36:20+00:00
graviton3,simde,128,main_aggr,1,"Engine 1 sum",,0.0618,0.0618,1,1,2026-10-06T09:36:20+00:00
graviton3,simde,128,main_aggr,1,"Engine 1 sum",,0.0618,0.0618,1,1,2026-10-06T09:36:20+00:00
graviton3,simde,128,main_aggr,1,"Engine 2 sum",,0.0574,0.0574,1,1,2026-10-06T09:36:20+00:00
graviton3,simde,128,main_aggr,1,"Engine 2 sum",,0.0573,0.0573,1,1,2026-10-06T09:36:20+00:00
graviton3,simde,128,main_aggr,1,"Engine 2 sum",,0.0573,0.0573,1,1,2026-10-06T09:36:20+00:00
graviton3,simde,128,main_aggr,1,"Engine 2 sum",,0.0571,0.0571,1,1,2026-10-06T09:36:20+00:00
graviton3,simde,128,main_aggr,1,"Engine 2 sum",,0.0572,0.0572,1,1,2026-10-06T09:36:20+00:00
graviton3,simde,128,main_aggr,1,"Engine 3 sum",,0.0533,0.0533,1,1,2026-10-06T09:36:20+00:00
graviton3,simde,128,main_aggr,1,"Engine 3 sum",,0.0531,0.0531,1,1,2026-10-06T09:36:20+00:00
graviton3,simde,128,main_aggr,1,"Engine 3 sum",,0.0532,0.0532,1,1,2026-10-06T09:36:20+00:00
graviton3,simde,128,main_aggr,1,"Engine 3 sum",,0.0531,0.0531,1,1,2026-10-06T09:36:20+00:00
graviton3,simde,128,main_aggr,1,"Engine 3 sum",,0.0531,0.0531,1,1,2026-10-06T09:36:20+00:00
graviton3,simde,256,main_aggr,1,"Codegen 1 sum",,0.1268,0.1268,1,1,2026-10-06T09:36:41+00:00
graviton3,simde,256,main_aggr,1,"Codegen 1 sum",,0.1235,0.1235,1,1,2026-10-06T09:36:41+00:00
graviton3,simde,256,main_aggr,1,"Codegen 1 sum",,0.1227,0.1227,1,1,2026-10-06T09:36:41+00:00
graviton3,simde,256,main_aggr,1,"Codegen 1 sum",,0.1233,0.1233,1,1,2026-10-06T09:36:41+00:00
graviton3,simde,256,main_aggr,1,"Codegen 1 sum",,0.1209,0.1209,1,1,2026-10-06T09:36:41+00:00
graviton3,simde,256,main_aggr,1,"Codegen 2 sum",,0.1209,0.1209,1,1,2026-10-06T09:36:41+00:00
graviton3,simde,256,main_aggr,1,"Codegen 2 sum",,0.1209,0.1209,1,1,2026-10-06T09:36:41+00:00
graviton3,simde,256,main_aggr,1,"Codegen 2 sum",,0.1203,0.1203,1,1,2026-10-06T09:36:41+00:00
graviton3,simde,256,main_aggr,1,"Codegen 2 sum",,0.1206,0.1206,1,1,2026-10-06T09:36:41+00:00
graviton3,simde,256,main_aggr,1,"Codegen 2 sum",,0.1201,0.1201,1,1,2026-10-06T09:36:41+00:00
graviton3,simde,256,main_aggr,1,"Codegen 3 sum",,0.1142,0.1142,1,1,2026-10-06T09:36:41+00:00
graviton3,simde,256,main_aggr,1,"Codegen 3 sum",,0.1142,0.1142,1,1,2026-10-06T09:36:41+00:00
graviton3,simde,256,main_aggr,1,"Codegen 3 sum",,0.1146,0.1146,1,1,2026-10-06T09:36:41+00:00
graviton3,simde,256,main_aggr,1,"Codegen 3 sum",,0.1149,0.1149,1,1,2026-10-06T09:36:41+00:00
graviton3,simde,256,main_aggr,1,"Codegen 3 sum",,0.1150,0.1150,1,1,2026-10-06T09:36:41+00:00
graviton3,simde,256,main_aggr,1,"Engine 1 sum",,0.0599,0.0599,1,1,2026-10-06T09:36:41+00:00
graviton3,simde,256,main_aggr,1,"Engine 1 sum",,0.0599,0.0599,1,1,2026-10-06T09:36:41+00:00
graviton3,simde,256,main_aggr,1,"Engine 1 sum",,0.0599,0.0599,1,1,2026-10-06T09:36:41+00:00
graviton3,simde,256,main_aggr,1,"Engine 1 sum",,0.0599,0.0599,1,1,2026-10-06T09:36:41+00:00
graviton3,simde,256,main_aggr,1,"Engine 1 sum",,0.0599,0.0599,1,1,2026-10-06T09:36:41+00:00
graviton3,simde,256,main_aggr,1,"Engine 2 sum",,0.0555,0.0555,1,1,2026-10-06T09:36:41+00:00
graviton3,simde,256,main_aggr,1,"Engine 2 sum",,0.0555,0.0555,1,1,2026-10-06T09:36:41+00:00
graviton3,simde,256,main_aggr,1,"Engine 2 sum",,0.0555,0.0555,1,1,2026-10-06T09:36:41+00:00
graviton3,simde,256,main_aggr,1,"Engine 2 sum",,0.0554,0.0554,1,1,2026-10-06T09:36:41+00:00
graviton3,simde,256,main_aggr,1,"Engine 2 sum",,0.0555,0.0555,1,1,2026-10-06T09:36:41+00:00
graviton3,simde,256,main_aggr,1,"Engine 3 sum",,0.0516,0.0516,1,1,2026-10-06T09:36:41+00:00
graviton3,simde,256,main_aggr,1,"Engine 3 sum",,0.0517,0.0517,1,1,2026-10-06T09:36:41+00:00
graviton3,simde,256,main_aggr,1,"Engine 3 sum",,0.0516,0.0516,1,1,2026-10-06T09:36:41+00:00
graviton3,simde,256,main_aggr,1,"Engine 3 sum",,0.0515,0.0515,1,1,2026-10-06T09:36:41+00:00
graviton3,simde,256,main_aggr,1,"Engine 3 sum",,0.0515,0.0515,1,1,2026-10-06T09:36:41+00:00
graviton3,simde,128,main_join,1,"Engine  1-1",,0.0495,0.0495,1,1,2026-10-06T09:37:34+00:00
graviton3,simde,128,main_join,1,"Engine  1-3",,0.0463,0.0463,1,1,2026-10-06T09:37:34+00:00
graviton3,simde,128,main_join,1,"Engine  3-1",,0.0484,0.0484,1,1,2026-10-06T09:37:34+00:00
graviton3,simde,128,main_join,1,"Engine  3-3",,0.0454,0.0454,1,1,2026-10-06T09:37:34+00:00
graviton3,simde,128,main_join,1,"Codegen 1-1",,0.0871,0.0871,1,1,2026-10-06T09:37:34+00:00
graviton3,simde,128,main_join,1,"Codegen 1-1",,0.0881,0.0881,1,1,2026-10-06T09:37:34+00:00
graviton3,simde,128,main_join,1,"Codegen 1-1",,0.0895,0.0895,1,1,2026-10-06T09:37:34+00:00
graviton3,simde,128,main_join,1,"Codegen 1-1",,0.0898,0.0898,1,1,2026-10-06T09:37:34+00:00
graviton3,simde,128,main_join,1,"Codegen 1-1",,0.0906,0.0906,1,1,2026-10-06T09:37:34+00:00
graviton3,simde,128,main_join,1,"Codegen 1-3",,0.0871,0.0871,1,1,2026-10-06T09:37:34+00:00
graviton3,simde,128,main_join,1,"Codegen 1-3",,0.0906,0.0906,1,1,2026-10-06T09:37:34+00:00
graviton3,simde,128,main_join,1,"Codegen 1-3",,0.0891,0.0891,1,1,2026-10-06T09:37:34+00:00
graviton3,simde,128,main_join,1,"Codegen 1-3",,0.0884,0.0884,1,1,2026-10-06T09:37:34+00:00
graviton3,simde,128,main_join,1,"Codegen 1-3",,0.0885,0.0885,1,1,2026-10-06T09:37:34+00:00
graviton3,simde,128,main_join,1,"Codegen 3-1",,0.0773,0.0773,1,1,2026-10-06T09:37:34+00:00
graviton3,simde,128,main_join,1,"Codegen 3-1",,0.0751,0.0751,1,1,2026-10-06T09:37:34+00:00
graviton3,simde,128,main_join,1,"Codegen 3-1",,0.0767,0.0767,1,1,2026-10-06T09:37:34+00:00
graviton3,simde,128,main_join,1,"Codegen 3-1",,0.0797,0.0797,1,1,2026-10-06T09:37:34+00:00
graviton3,simde,128,main_join,1,"Codegen 3-1",,0.0778,0.0778,1,1,2026-10-06T09:37:34+00:00
graviton3,simde,128,main_join,1,"Codegen 3-3",,0.0764,0.0764,1,1,2026-10-06T09:37:34+00:00
graviton3,simde,128,main_join,1,"Codegen 3-3",,0.0752,0.0752,1,1,2026-10-06T09:37:34+00:00
graviton3,simde,128,main_join,1,"Codegen 3-3",,0.0742,0.0742,1,1,2026-10-06T09:37:34+00:00
graviton3,simde,128,main_join,1,"Codegen 3-3",,0.0748,0.0748,1,1,2026-10-06T09:37:34+00:00
graviton3,simde,128,main_join,1,"Codegen 3-3",,0.0763,0.0763,1,1,2026-10-06T09:37:34+00:00
graviton3,simde,256,main_join,1,"Engine  1-1",,0.0376,0.0376,1,1,2026-10-06T09:37:35+00:00
graviton3,simde,256,main_join,1,"Engine  1-3",,0.0358,0.0358,1,1,2026-10-06T09:37:35+00:00
graviton3,simde,256,main_join,1,"Engine  3-1",,0.0368,0.0368,1,1,2026-10-06T09:37:35+00:00
graviton3,simde,256,main_join,1,"Engine  3-3",,0.0351,0.0351,1,1,2026-10-06T09:37:35+00:00
graviton3,simde,256,main_join,1,"Codegen 1-1",,0.0878,0.0878,1,1,2026-10-06T09:37:35+00:00
graviton3,simde,256,main_join,1,"Codegen 1-1",,0.0885,0.0885,1,1,2026-10-06T09:37:35+00:00
graviton3,simde,256,main_join,1,"Codegen 1-1",,0.0895,0.0895,1,1,2026-10-06T09:37:35+00:00
graviton3,simde,256,main_join,1,"Codegen 1-1",,0.0882,0.0882,1,1,2026-10-06T09:37:35+00:00
graviton3,simde,256,main_join,1,"Codegen 1-1",,0.0883,0.0883,1,1,2026-10-06T09:37:35+00:00
graviton3,simde,256,main_join,1,"Codegen 1-3",,0.0862,0.0862,1,1,2026-10-06T09:37:35+00:00
graviton3,simde,256,main_join,1,"Codegen 1-3",,0.0886,0.0886,1,1,2026-10-06T09:37:35+00:00
graviton3,simde,256,main_join,1,"Codegen 1-3",,0.0861,0.0861,1,1,2026-10-06T09:37:35+00:00
graviton3,simde,256,main_join,1,"Codegen 1-3",,0.0880,0.0880,1,1,2026-10-06T09:37:35+00:00
graviton3,simde,256,main_join,1,"Codegen 1-3",,0.0880,0.0880,1,1,2026-10-06T09:37:35+00:00
graviton3,simde,256,main_join,1,"Codegen 3-1",,0.0779,0.0779,1,1,2026-10-06T09:37:35+00:00
graviton3,simde,256,main_join,1,"Codegen 3-1",,0.0771,0.0771,1,1,2026-10-06T09:37:35+00:00
graviton3,simde,256,main_join,1,"Codegen 3-1",,0.0773,0.0773,1,1,2026-10-06T09:37:35+00:00
graviton3,simde,256,main_join,1,"Codegen 3-1",,0.0779,0.0779,1,1,2026-10-06T09:37:35+00:00
graviton3,simde,256,main_join,1,"Codegen 3-1",,0.0765,0.0765,1,1,2026-10-06T09:37:35+00:00
graviton3,simde,256,main_join,1,"Codegen 3-3",,0.0749,0.0749,1,1,2026-10-06T09:37:35+00:00
graviton3,simde,256,main_join,1,"Codegen 3-3",,0.0745,0.0745,1,1,2026-10-06T09:37:35+00:00
graviton3,simde,256,main_join,1,"Codegen 3-3",,0.0718,0.0718,1,1,2026-10-06T09:37:35+00:00
graviton3,simde,256,main_join,1,"Codegen 3-3",,0.0764,0.0764,1,1,2026-10-06T09:37:35+00:00
graviton3,simde,256,main_join,1,"Codegen 3-3",,0.0769,0.0769,1,1,2026-10-06T09:37:35+00:00
graviton3,simde,128,main_scan_int,2,"and 1",0.00,5.9672,12.3567,2,2,2026-10-06T09:37:39+00:00
graviton3,simde,128,main_scan_int,2,"and 1",0.00,6.0538,12.6342,2,2,2026-10-06T09:37:39+00:00
graviton3,simde,128,main_scan_int,2,"and 1",0.00,6.2301,12.7221,2,2,2026-10-06T09:37:39+00:00
graviton3,simde,128,main_scan_int,2,"and 1",0.00,6.3160,12.7509,2,2,2026-10-06T09:37:39+00:00
graviton3,simde,128,main_scan_int,2,"and 1",0.00,6.3055,12.7773,2,2,2026-10-06T09:37:39+00:00
graviton3,simde,128,main_scan_int,2,"and 2",0.03,3.9656,5.1915,2,2,2026-10-06T09:37:39+00:00
graviton3,simde,128,main_scan_int,2,"and 2",0.03,4.0736,5.1994,2,2,2026-10-06T09:37:39+00:00
graviton3,simde,128,main_scan_int,2,"and 2",0.03,4.0985,5.2100,2,2,2026-10-06T09:37:39+00:00
graviton3,simde,128,main_scan_int,2,"and 2",0.03,4.0874,5.1720,2,2,2026-10-06T09:37:39+00:00
graviton3,simde,128,main_scan_int,2,"and 2",0.03,4.0749,5.2189,2,2,2026-10-06T09:37:39+00:00
graviton3,simde,128,main_scan_int,2,"and 3",0.10,2.0747,4.0809,2,2,2026-10-06T09:37:39+00:00
graviton3,simde,128,main_scan_int,2,"and 3",0.10,2.0519,4.0623,2,2,2026-10-06T09:37:39+00:00
graviton3,simde,128,main_scan_int,2,"and 3",0.10,2.0479,4.0766,2,2,2026-10-06T09:37:39+00:00
graviton3,simde,128,main_scan_int,2,"and 3",0.10,2.0847,4.0668,2,2,2026-10-06T09:37:39+00:00
graviton3,simde,128,main_scan_int,2,"and 3",0.10,2.0860,4.0857,2,2,2026-10-06T09:37:39+00:00
graviton3,simde,128,main_scan_int,2,"and 1",0.00,5.2734,11.1521,2,2,2026-10-06T09:37:39+00:00
graviton3,simde,128,main_scan_int,2,"and 1",0.00,5.3844,11.2411,2,2,2026-10-06T09:37:39+00:00
graviton3,simde,128,main_scan_int,2,"and 1",0.00,5.4236,11.1393,2,2,2026-10-06T09:37:39+00:00
graviton3,simde,128,main_scan_int,2,"and 1",0.00,5.4257,11.2328,2,2,2026-10-06T09:37:39+00:00
graviton3,simde,128,main_scan_int,2,"and 1",0.00,5.4323,11.1528,2,2,2026-10-06T09:37:39+00:00
graviton3,simde,128,main_scan_int,2,"and 2",0.04,3.4860,5.2643,2,2,2026-10-06T09:37:39+00:00
graviton3,simde,128,main_scan_int,2,"and 2",0.04,3.4810,5.3323,2,2,2026-10-06T09:37:39+00:00
graviton3,simde,128,main_scan_int,2,"and 2",0.04,3.5108,5.2476,2,2,2026-10-06T09:37:39+00:00
graviton3,simde,128,main_scan_int,2,"and 2",0.04,3.4493,5.2410,2,2,2026-10-06T09:37:39+00:00
graviton3,simde,128,main_scan_int,2,"and 2",0.04,3.5583,5.3106,2,2,2026-10-06T09:37:39+00:00
graviton3,simde,128,main_scan_int,2,"and 3",0.13,1.8746,3.7648,2,2,2026-10-06T09:37:39+00:00
graviton3,simde,128,main_scan_int,2,"and 3",0.13,1.9298,3.7755,2,2,2026-10-06T09:37:39+00:00
graviton3,simde,128,main_scan_int,2,"and 3",0.13,1.9393,3.7673,2,2,2026-10-06T09:37:39+00:00
graviton3,simde,128,main_scan_int,2,"and 3",0.13,1.9162,3.7913,2,2,2026-10-06T09:37:39+00:00
graviton3,simde,128,main_scan_int,2,"and 3",0.13,1.9125,3.7671,2,2,2026-10-06T09:37:39+00:00
graviton3,simde,128,main_scan_int,2,"and 1",0.01,4.2317,9.0828,2,2,2026-10-06T09:37:39+00:00
graviton3,simde,128,main_scan_int,2,"and 1",0.01,4.2922,9.2015,2,2,2026-10-06T09:37:39+00:00
graviton3,simde,128,main_scan_int,2,"and 1",0.01,4.3052,9.2325,2,2,2026-10-06T09:37:39+00:00
graviton3,simde,128,main_scan_int,2,"and 1",0.01,4.4170,9.2553,2,2,2026-10-06T09:37:39+00:00
graviton3,simde,128,main_scan_int,2,"and 1",0.01,4.4987,9.2742,2,2,2026-10-06T09:37:39+00:00
graviton3,simde,128,main_scan_int,2,"and 2",0.07,2.6930,4.9839,2,2,2026-10-06T09:37:39+00:00
graviton3,simde,128,main_scan_int,2,"and 2",0.07,2.7187,4.9916,2,2,2026-10-06T09:37:39+00:00
graviton3,simde,128,main_scan_int,2,"and 2",0.07,2.7648,4.9902,2,2,2026-10-06T09:37:39+00:00
graviton3,simde,128,main_scan_int,2,"and 2",0.07,2.7881,4.9944,2,2,2026-10-06T09:37:39+00:00
graviton3,simde,128,main_scan_int,2,"and 2",0.07,2.8071,4.9790,2,2,2026-10-06T09:37:39+00:00
graviton3,simde,128,main_scan_int,2,"and 3",0.17,1.5497,3.3116,2,2,2026-10-06T09:37:39+00:00
graviton3,simde,128,main_scan_int,2,"and 3",0.17,1.5626,3.3238,2,2,2026-10-06T09:37:39+00:00
graviton3,simde,128,main_scan_int,2,"and 3",0.17,1.5748,3.3086,2,2,2026-10-06T09:37:39+00:00
graviton3,simde,128,main_scan_int,2,"and 3",0.17,1.5894,3.3034,2,2,2026-10-06T09:37:39+00:00
graviton3,simde,128,main_scan_int,2,"and 3",0.17,1.5840,3.3123,2,2,2026-10-06T09:37:39+00:00
graviton3,simde,128,main_scan_int,2,"and 1",0.01,3.8207,7.3372,2,2,2026-10-06T09:37:39+00:00
graviton3,simde,128,main_scan_int,2,"and 1",0.01,3.8388,7.3400,2,2,2026-10-06T09:37:39+00:00
graviton3,simde,128,main_scan_int,2,"and 1",0.01,3.9372,7.4050,2,2,2026-10-06T09:37:39+00:00
graviton3,simde,128,main_scan_int,2,"and 1",0.01,3.9638,7.4090,2,2,2026-10-06T09:37:39+00:00
graviton3,simde,128,main_scan_int,2,"and 1",0.01,3.9465,7.3673,2,2,2026-10-06T09:37:39+00:00
graviton3,simde,128,main_scan_int,2,"and 2",0.10,2.3609,4.2589,2,2,2026-10-06T09:37:39+00:00
graviton3,simde,128,main_scan_int,2,"and 2",0.10,2.3537,4.2553,2,2,2026-10-06T09:37:39+00:00
graviton3,simde,128,main_scan_int,2,"and 2",0.10,2.3469,4.2935,2,2,2026-10-06T09:37:39+00:00
graviton3,simde,128,main_scan_int,2,"and 2",0.10,2.4210,4.3042,2,2,2026-10-06T09:37:39+00:00
graviton3,simde,128,main_scan_int,2,"and 2",0.10,2.4182,4.2967,2,2,2026-10-06T09:37:39+00:00
graviton3,simde,128,main_scan_int,2,"and 3",0.22,1.3177,3.0439,2,2,2026-10-06T09:37:39+00:00
graviton3,simde,128,main_scan_int,2,"and 3",0.22,1.3424,3.0213,2,2,2026-10-06T09:37:39+00:00
graviton3,simde,128,main_scan_int,2,"and 3",0.22,1.3530,3.0143,2,2,2026-10-06T09:37:39+00:00
graviton3,simde,128,main_scan_int,2,"and 3",0.22,1.3634,3.0055,2,2,2026-10-06T09:37:39+00:00
graviton3,simde,128,main_scan_int,2,"and 3",0.22,1.3777,3.0244,2,2,2026-10-06T09:37:39+00:00
graviton3,simde,128,main_scan_int,2,"and 1",0.02,4.2015,5.4614,2,2,2026-10-06T09:37:39+00:00
graviton3,simde,128,main_scan_int,2,"and 1",0.02,4.3008,5.4604,2,2,2026-10-06T09:37:39+00:00
graviton3,simde,128,main_scan_int,2,"and 1",0.02,4.3257,5.4892,2,2,2026-10-06T09:37:39+00:00
graviton3,simde,128,main_scan_int,2,"and 1",0.02,4.3253,5.4896,2,2,2026-10-06T09:37:39+00:00
graviton3,simde,128,main_scan_int,2,"and 1",0.02,4.3975,5.4762,2,2,2026-10-06T09:37:39+00:00
graviton3,simde,128,main_scan_int,2,"and 2",0.14,2.1363,3.6168,2,2,2026-10-06T09:37:39+00:00
graviton3,simde,128,main_scan_int,2,"and 2",0.14,2.1521,3.6211,2,2,2026-10-06T09:37:39+00:00
graviton3,simde,128,main_scan_int,2,"and 2",0.14,2.1443,3.6278,2,2,2026-10-06T09:37:39+00:00
graviton3,simde,128,main_scan_int,2,"and 2",0.14,2.1408,3.5996,2,2,2026-10-06T09:37:39+00:00
graviton3,simde,128,main_scan_int,2,"and 2",0.14,2.1797,3.6212,2,2,2026-10-06T09:37:39+00:00
graviton3,simde,128,main_scan_int,2,"and 3",0.27,1.1452,2.7707,2,2,2026-10-06T09:37:39+00:00
graviton3,simde,128,main_scan_int,2,"and 3",0.27,1.1638,2.7548,2,2,2026-10-06T09:37:39+00:00
graviton3,simde,128,main_scan_int,2,"and 3",0.27,1.1708,2.7607,2,2,2026-10-06T09:37:39+00:00
graviton3,simde,128,main_scan_int,2,"and 3",0.27,1.1728,2.7573,2,2,2026-10-06T09:37:39+00:00
graviton3,simde,128,main_scan_int,2,"and 3",0.27,1.1332,2.7733,2,2,2026-10-06T09:37:39+00:00
graviton3,simde,128,main_scan_int,2,"and 1",0.05,4.3825,3.5674,2,2,2026-10-06T09:37:39+00:00
graviton3,simde,128,main_scan_int,2,"and 1",0.05,4.4783,3.5746,2,2,2026-10-06T09:37:39+00:00
graviton3,simde,128,main_scan_int,2,"and 1",0.05,4.4376,3.5723,2,2,2026-10-06T09:37:39+00:00
graviton3,simde,128,main_scan_int,2,"and 1",0.05,4.4302,3.5208,2,2,2026-10-06T09:37:39+00:00
graviton3,simde,128,main_scan_int,2,"and 1",0.05,4.4880,3.5814,2,2,2026-10-06T09:37:39+00:00
graviton3,simde,128,main_scan_int,2,"and 2",0.22,1.4675,2.6601,2,2,2026-10-06T09:37:39+00:00
graviton3,simde,128,main_scan_int,2,"and 2",0.22,1.4860,2.6524,2,2,2026-10-06T09:37:39+00:00
graviton3,simde,128,main_scan_int,2,"and 2",0.22,1.4869,2.6608,2,2,2026-10-06T09:37:39+00:00
graviton3,simde,128,main_scan_int,2,"and 2",0.22,1.4925,2.6578,2,2,2026-10-06T09:37:39+00:00
graviton3,simde,128,main_scan_int,2,"and 2",0.22,1.4860,2.6741,2,2,2026-10-06T09:37:39+00:00
graviton3,simde,128,main_scan_int,2,"and 3",0.37,0.8642,2.2294,2,2,2026-10-06T09:37:39+00:00
graviton3,simde,128,main_scan_int,2,"and 3",0.37,0.8606,2.2345,2,2,2026-10-06T09:37:39+00:00
graviton3,simde,128,main_scan_int,2,"and 3",0.37,0.8695,2.2255,2,2,2026-10-06T09:37:39+00:00
graviton3,simde,128,main_scan_int,2,"and 3",0.37,0.8693,2.2268,2,2,2026-10-06T09:37:39+00:00
graviton3,simde,128,main_scan_int,2,"and 3",0.37,0.8699,2.2291,2,2,2026-10-06T09:37:39+00:00
graviton3,simde,128,main_scan_int,2,"and 1",0.10,3.2056,2.5095,2,2,2026-10-06T09:37:39+00:00
graviton3,simde,128,main_scan_int,2,"and 1",0.10,3.1602,2.5138,2,2,2026-10-06T09:37:39+00:00
graviton3,simde,128,main_scan_int,2,"and 1",0.10,3.1976,2.5106,2,2,2026-10-06T09:37:39+00:00
graviton3,simde,128,main_scan_int,2,"and 1",0.10,3.1219,2.5080,2,2,2026-10-06T09:37:39+00:00
graviton3,simde,128,main_scan_int,2,"and 1",0.10,3.1290,2.5150,2,2,2026-10-06T09:37:39+00:00
graviton3,simde,128,main_scan_int,2,"and 2",0.32,1.0992,2.0215,2,2,2026-10-06T09:37:39+00:00
graviton3,simde,128,main_scan_int,2,"and 2",0.32,1.1226,2.0197,2,2,2026-10-06T09:37:39+00:00
graviton3,simde,128,main_scan_int,2,"and 2",0.32,1.1241,2.0303,2,2,2026-10-06T09:37:39+00:00
graviton3,simde,128,main_scan_int,2,"and 2",0.32,1.1203,2.0244,2,2,2026-10-06T09:37:39+00:00
graviton3,simde,128,main_scan_int,2,"and 2",0.32,1.1241,2.0271,2,2,2026-10-06T09:37:39+00:00
graviton3,simde,128,main_scan_int,2,"and 3",0.46,0.7124,1.7480,2,2,2026-10-06T09:37:39+00:00
graviton3,simde,128,main_scan_int,2,"and 3",0.46,0.7097,1.7494,2,2,2026-10-06T09:37:39+00:00
graviton3,simde,128,main_scan_int,2,"and 3",0.46,0.7097,1.7518,2,2,2026-10-06T09:37:39+00:00
graviton3,simde,128,main_scan_int,2,"and 3",0.46,0.7137,1.7552,2,2,2026-10-06T09:37:39+00:00
graviton3,simde,128,main_scan_int,2,"and 3",0.46,0.7147,1.7563,2,2,2026-10-06T09:37:39+00:00
graviton3,simde,128,main_scan_int,2,"and 1",0.20,1.9729,1.7217,2,2,2026-10-06T09:37:39+00:00
graviton3,simde,128,main_scan_int,2,"and 1",0.20,2.0282,1.7179,2,2,2026-10-06T09:37:39+00:00
graviton3,simde,128,main_scan_int,2,"and 1",0.20,1.9956,1.7157,2,2,2026-10-06T09:37:39+00:00
graviton3,simde,128,main_scan_int,2,"and 1",0.20,2.0367,1.7199,2,2,2026-10-06T09:37:39+00:00
graviton3,simde,128,main_scan_int,2,"and 1",0.20,1.9860,1.7196,2,2,2026-10-06T09:37:39+00:00
graviton3,simde,128,main_scan_int,2,"and 2",0.45,0.8651,1.4763,2,2,2026-10-06T09:37:39+00:00
graviton3,simde,128,main_scan_int,2,"and 2",0.45,0.8649,1.4757,2,2,2026-10-06T09:37:39+00:00
graviton3,simde,128,main_scan_int,2,"and 2",0.45,0.8607,1.4708,2,2,2026-10-06T09:37:39+00:00
graviton3,simde,128,main_scan_int,2,"and 2",0.45,0.8612,1.4697,2,2,2026-10-06T09:37:39+00:00
graviton3,simde,128,main_scan_int,2,"and 2",0.45,0.8644,1.4688,2,2,2026-10-06T09:37:39+00:00
graviton3,simde,128,main_scan_int,2,"and 3",0.58,0.6332,1.3153,2,2,2026-10-06T09:37:39+00:00
graviton3,simde,128,main_scan_int,2,"and 3",0.58,0.6348,1.3196,2,2,2026-10-06T09:37:39+00:00
graviton3,simde,128,main_scan_int,2,"and 3",0.58,0.6359,1.3185,2,2,2026-10-06T09:37:39+00:00
graviton3,simde,128,main_scan_int,2,"and 3",0.58,0.6336,1.3186,2,2,2026-10-06T09:37:39+00:00
graviton3,simde,128,main_scan_int,2,"and 3",0.58,0.6350,1.3166,2,2,2026-10-06T09:37:39+00:00
graviton3,simde,128,main_scan_int,2,"and 1",0.50,1.1806,0.9050,2,2,2026-10-06T09:37:39+00:00
graviton3,simde,128,main_scan_int,2,"and 1",0.50,1.1838,0.9067,2,2,2026-10-06T09:37:39+00:00
graviton3,simde,128,main_scan_int,2,"and 1",0.50,1.1842,0.9058,2,2,2026-10-06T09:37:39+00:00
graviton3,simde,128,main_scan_int,2,"and 1",0.50,1.1787,0.9056,2,2,2026-10-06T09:37:39+00:00
graviton3,simde,128,main_scan_int,2,"and 1",0.50,1.1850,0.9028,2,2,2026-10-06T09:37:39+00:00
graviton3,simde,128,main_scan_int,2,"and 2",0.71,0.8223,0.8353,2,2,2026-10-06T09:37:39+00:00
graviton3,simde,128,main_scan_int,2,"and 2",0.71,0.8367,0.8383,2,2,2026-10-06T09:37:39+00:00
graviton3,simde,128,main_scan_int,2,"and 2",0.71,0.8260,0.8386,2,2,2026-10-06T09:37:39+00:00
graviton3,simde,128,main_scan_int,2,"and 2",0.71,0.8338,0.8370,2,2,2026-10-06T09:37:39+00:00
graviton3,simde,128,main_scan_int,2,"and 2",0.71,0.8325,0.8362,2,2,2026-10-06T09:37:39+00:00
graviton3,simde,128,main_scan_int,2,"and 3",0.79,0.8278,0.7882,2,2,2026-10-06T09:37:39+00:00
graviton3,simde,128,main_scan_int,2,"and 3",0.79,0.8229,0.7859,2,2,2026-10-06T09:37:39+00:00
graviton3,simde,128,main_scan_int,2,"and 3",0.79,0.8273,0.7875,2,2,2026-10-06T09:37:39+00:00
graviton3,simde,128,main_scan_int,2,"and 3",0.79,0.8255,0.7872,2,2,2026-10-06T09:37:39+00:00
graviton3,simde,128,main_scan_int,2,"and 3",0.79,0.8253,0.7869,2,2,2026-10-06T09:37:39+00:00
graviton3,simde,128,main_scan_int,2,"and 1",1.00,5.8814,8.0214,2,2,2026-10-06T09:37:39+00:00
graviton3,simde,128,main_scan_int,2,"and 1",1.00,5.8938,8.0072,2,2,2026-10-06T09:37:39+00:00
graviton3,simde,128,main_scan_int,2,"and 1",1.00,5.8915,7.9049,2,2,2026-10-06T09:37:39+00:00
graviton3,simde,128,main_scan_int,2,"and 1",1.00,5.8371,8.0312,2,2,2026-10-06T09:37:39+00:00
graviton3,simde,128,main_scan_int,2,"and 1",1.00,5.9008,7.9223,2,2,2026-10-06T09:37:39+00:00
graviton3,simde,128,main_scan_int,2,"and 2",1.00,4.6076,4.8312,2,2,2026-10-06T09:37:39+00:00
graviton3,simde,128,main_scan_int,2,"and 2",1.00,4.6428,4.8739,2,2,2026-10-06T09:37:39+00:00
graviton3,simde,128,main_scan_int,2,"and 2",1.00,4.5900,4.8383,2,2,2026-10-06T09:37:39+00:00
graviton3,simde,128,main_scan_int,2,"and 2",1.00,4.6211,4.8502,2,2,2026-10-06T09:37:39+00:00
graviton3,simde,128,main_scan_int,2,"and 2",1.00,4.6249,4.8310,2,2,2026-10-06T09:37:39+00:00
graviton3,simde,128,main_scan_int,2,"and 3",1.00,3.6510,3.5035,2,2,2026-10-06T09:37:39+00:00
graviton3,simde,128,main_scan_int,2,"and 3",1.00,3.6423,3.5521,2,2,2026-10-06T09:37:39+00:00
graviton3,simde,128,main_scan_int,2,"and 3",1.00,3.6717,3.5503,2,2,2026-10-06T09:37:39+00:00
graviton3,simde,128,main_scan_int,2,"and 3",1.00,3.6547,3.5293,2,2,2026-10-06T09:37:39+00:00
graviton3,simde,128,main_scan_int,2,"and 3",1.00,3.6493,3.5814,2,2,2026-10-06T09:37:39+00:00
graviton3,simde,256,main_scan_int,2,"and 1",0.00,5.9879,10.6937,2,2,2026-10-06T09:37:48+00:00
graviton3,simde,256,main_scan_int,2,"and 1",0.00,6.1913,10.7956,2,2,2026-10-06T09:37:48+00:00
graviton3,simde,256,main_scan_int,2,"and 1",0.00,6.3184,10.9303,2,2,2026-10-06T09:37:48+00:00
graviton3,simde,256,main_scan_int,2,"and 1",0.00,6.3546,10.8456,2,2,2026-10-06T09:37:48+00:00
graviton3,simde,256,main_scan_int,2,"and 1",0.00,6.3262,10.8279,2,2,2026-10-06T09:37:48+00:00
graviton3,simde,256,main_scan_int,2,"and 2",0.03,3.9979,5.1674,2,2,2026-10-06T09:37:48+00:00
graviton3,simde,256,main_scan_int,2,"and 2",0.03,3.9928,5.1869,2,2,2026-10-06T09:37:48+00:00
graviton3,simde,256,main_scan_int,2,"and 2",0.03,4.0106,5.1238,2,2,2026-10-06T09:37:48+00:00
graviton3,simde,256,main_scan_int,2,"and 2",0.03,3.9769,5.0834,2,2,2026-10-06T09:37:48+00:00
graviton3,simde,256,main_scan_int,2,"and 2",0.03,3.9971,5.1879,2,2,2026-10-06T09:37:48+00:00
graviton3,simde,256,main_scan_int,2,"and 3",0.10,2.0399,3.7682,2,2,2026-10-06T09:37:48+00:00
graviton3,simde,256,main_scan_int,2,"and 3",0.10,2.1153,3.7731,2,2,2026-10-06T09:37:48+00:00
graviton3,simde,256,main_scan_int,2,"and 3",0.10,2.0842,3.7649,2,2,2026-10-06T09:37:48+00:00
graviton3,simde,256,main_scan_int,2,"and 3",0.10,2.1004,3.7255,2,2,2026-10-06T09:37:48+00:00
graviton3,simde,256,main_scan_int,2,"and 3",0.10,2.0675,3.7619,2,2,2026-10-06T09:37:48+00:00
graviton3,simde,256,main_scan_int,2,"and 1",0.00,5.2288,9.5627,2,2,2026-10-06T09:37:48+00:00
graviton3,simde,256,main_scan_int,2,"and 1",0.00,5.3004,9.6001,2,2,2026-10-06T09:37:48+00:00
graviton3,simde,256,main_scan_int,2,"and 1",0.00,5.2888,9.6108,2,2,2026-10-06T09:37:48+00:00
graviton3,simde,256,main_scan_int,2,"and 1",0.00,5.3191,9.6703,2,2,2026-10-06T09:37:48+00:00
graviton3,simde,256,main_scan_int,2,"and 1",0.00,5.3306,9.6235,2,2,2026-10-06T09:37:48+00:00
graviton3,simde,256,main_scan_int,2,"and 2",0.04,3.4877,5.1220,2,2,2026-10-06T09:37:48+00:00
graviton3,simde,256,main_scan_int,2,"and 2",0.04,3.5013,5.1617,2,2,2026-10-06T09:37:48+00:00
graviton3,simde,256,main_scan_int,2,"and 2",0.04,3.4805,5.1673,2,2,2026-10-06T09:37:48+00:00
graviton3,simde,256,main_scan_int,2,"and 2",0.04,3.5199,5.1811,2,2,2026-10-06T09:37:48+00:00
graviton3,simde,256,main_scan_int,2,"and 2",0.04,3.5101,5.1739,2,2,2026-10-06T09:37:48+00:00
graviton3,simde,256,main_scan_int,2,"and 3",0.13,1.9180,3.5727,2,2,2026-10-06T09:37:48+00:00
graviton3,simde,256,main_scan_int,2,"and 3",0.13,1.9500,3.5686,2,2,2026-10-06T09:37:48+00:00
graviton3,simde,256,main_scan_int,2,"and 3",0.13,1.9824,3.5983,2,2,2026-10-06T09:37:48+00:00
graviton3,simde,256,main_scan_int,2,"and 3",0.13,1.9691,3.5833,2,2,2026-10-06T09:37:48+00:00
graviton3,simde,256,main_scan_int,2,"and 3",0.13,1.9396,3.5576,2,2,2026-10-06T09:37:48+00:00
graviton3,simde,256,main_scan_int,2,"and 1",0.01,4.2885,7.8416,2,2,2026-10-06T09:37:48+00:00
graviton3,simde,256,main_scan_int,2,"and 1",0.01,4.2225,7.9982,2,2,2026-10-06T09:37:48+00:00
graviton3,simde,256,main_scan_int,2,"and 1",0.01,4.2838,8.0139,2,2,2026-10-06T09:37:48+00:00
graviton3,simde,256,main_scan_int,2,"and 1",0.01,4.3058,7.9590,2,2,2026-10-06T09:37:48+00:00
graviton3,simde,256,main_scan_int,2,"and 1",0.01,4.2831,8.0066,2,2,2026-10-06T09:37:48+00:00
graviton3,simde,256,main_scan_int,2,"and 2",0.07,2.7022,4.6656,2,2,2026-10-06T09:37:48+00:00
graviton3,simde,256,main_scan_int,2,"and 2",0.07,2.7156,4.6491,2,2,2026-10-06T09:37:48+00:00
graviton3,simde,256,main_scan_int,2,"and 2",0.07,2.7280,4.6791,2,2,2026-10-06T09:37:48+00:00
graviton3,simde,256,main_scan_int,2,"and 2",0.07,2.7586,4.6449,2,2,2026-10-06T09:37:48+00:00
graviton3,simde,256,main_scan_int,2,"and 2",0.07,2.7383,4.6632,2,2,2026-10-06T09:37:48+00:00
graviton3,simde,256,main_scan_int,2,"and 3",0.17,1.5767,3.2697,2,2,2026-10-06T09:37:48+00:00
graviton3,simde,256,main_scan_int,2,"and 3",0.17,1.6299,3.2696,2,2,2026-10-06T09:37:48+00:00
graviton3,simde,256,main_scan_int,2,"and 3",0.17,1.6260,3.2763,2,2,2026-10-06T09:37:48+00:00
graviton3,simde,256,main_scan_int,2,"and 3",0.17,1.6308,3.2764,2,2,2026-10-06T09:37:48+00:00
graviton3,simde,256,main_scan_int,2,"and 3",0.17,1.6253,3.2676,2,2,2026-10-06T09:37:48+00:00
graviton3,simde,256,main_scan_int,2,"and 1",0.01,3.7485,6.4525,2,2,2026-10-06T09:37:48+00:00
graviton3,simde,256,main_scan_int,2,"and 1",0.01,3.7758,6.5035,2,2,2026-10-06T09:37:48+00:00
graviton3,simde,256,main_scan_int,2,"and 1",0.01,3.7182,6.4965,2,2,2026-10-06T09:37:48+00:00
graviton3,simde,256,main_scan_int,2,"and 1",0.01,3.6827,6.4293,2,2,2026-10-06T09:37:48+00:00
graviton3,simde,256,main_scan_int,2,"and 1",0.01,3.7561,6.5227,2,2,2026-10-06T09:37:48+00:00
graviton3,simde,256,main_scan_int,2,"and 2",0.10,2.3158,3.8988,2,2,2026-10-06T09:37:48+00:00
graviton3,simde,256,main_scan_int,2,"and 2",0.10,2.2945,3.8767,2,2,2026-10-06T09:37:48+00:00
graviton3,simde,256,main_scan_int,2,"and 2",0.10,2.3187,3.9321,2,2,2026-10-06T09:37:48+00:00
graviton3,simde,256,main_scan_int,2,"and 2",0.10,2.2833,3.8794,2,2,2026-10-06T09:37:48+00:00
graviton3,simde,256,main_scan_int,2,"and 2",0.10,2.2132,3.8945,2,2,2026-10-06T09:37:48+00:00
graviton3,simde,256,main_scan_int,2,"and 3",0.22,1.3648,2.9875,2,2,2026-10-06T09:37:48+00:00
graviton3,simde,256,main_scan_int,2,"and 3",0.22,1.3797,3.0282,2,2,2026-10-06T09:37:48+00:00
graviton3,simde,256,main_scan_int,2,"and 3",0.22,1.3830,3.0123,2,2,2026-10-06T09:37:48+00:00
graviton3,simde,256,main_scan_int,2,"and 3",0.22,1.3735,3.0138,2,2,2026-10-06T09:37:48+00:00
graviton3,simde,256,main_scan_int,2,"and 3",0.22,1.3965,3.0167,2,2,2026-10-06T09:37:48+00:00
graviton3,simde,256,main_scan_int,2,"and 1",0.02,4.2942,4.9392,2,2,2026-10-06T09:37:48+00:00
graviton3,simde,256,main_scan_int,2,"and 1",0.02,4.3355,4.9581,2,2,2026-10-06T09:37:48+00:00
graviton3,simde,256,main_scan_int,2,"and 1",0.02,4.3191,4.9642,2,2,2026-10-06T09:37:48+00:00
graviton3,simde,256,main_scan_int,2,"and 1",0.02,4.2948,4.9410,2,2,2026-10-06T09:37:48+00:00
graviton3,simde,256,main_scan_int,2,"and 1",0.02,4.3236,4.9762,2,2,2026-10-06T09:37:48+00:00
graviton3,simde,256,main_scan_int,2,"and 2",0.14,2.0320,3.3615,2,2,2026-10-06T09:37:48+00:00
graviton3,simde,256,main_scan_int,2,"and 2",0.14,2.1601,3.3580,2,2,2026-10-06T09:37:48+00:00
graviton3,simde,256,main_scan_int,2,"and 2",0.14,2.1680,3.3612,2,2,2026-10-06T09:37:48+00:00
graviton3,simde,256,main_scan_int,2,"and 2",0.14,2.1192,3.3850,2,2,2026-10-06T09:37:48+00:00
graviton3,simde,256,main_scan_int,2,"and 2",0.14,2.1487,3.3841,2,2,2026-10-06T09:37:48+00:00
graviton3,simde,256,main_scan_int,2,"and 3",0.27,1.1661,2.6482,2,2,2026-10-06T09:37:48+00:00
graviton3,simde,256,main_scan_int,2,"and 3",0.27,1.1705,2.6518,2,2,2026-10-06T09:37:48+00:00
graviton3,simde,256,main_scan_int,2,"and 3",0.27,1.1722,2.6453,2,2,2026-10-06T09:37:48+00:00
graviton3,simde,256,main_scan_int,2,"and 3",0.27,1.1781,2.6278,2,2,2026-10-06T09:37:48+00:00
graviton3,simde,256,main_scan_int,2,"and 3",0.27,1.1760,2.6471,2,2,2026-10-06T09:37:48+00:00
graviton3,simde,256,main_scan_int,2,"and 1",0.05,4.4324,3.3253,2,2,2026-10-06T09:37:48+00:00
graviton3,simde,256,main_scan_int,2,"and 1",0.05,4.4026,3.3093,2,2,2026-10-06T09:37:48+00:00
graviton3,simde,256,main_scan_int,2,"and 1",0.05,4.3908,3.3182,2,2,2026-10-06T09:37:48+00:00
graviton3,simde,256,main_scan_int,2,"and 1",0.05,4.4236,3.3340,2,2,2026-10-06T09:37:48+00:00
graviton3,simde,256,main_scan_int,2,"and 1",0.05,4.4572,3.3153,2,2,2026-10-06T09:37:48+00:00
graviton3,simde,256,main_scan_int,2,"and 2",0.22,1.4508,2.5104,2,2,2026-10-06T09:37:48+00:00
graviton3,simde,256,main_scan_int,2,"and 2",0.22,1.4708,2.5293,2,2,2026-10-06T09:37:48+00:00
graviton3,simde,256,main_scan_int,2,"and 2",0.22,1.5109,2.5120,2,2,2026-10-06T09:37:48+00:00
graviton3,simde,256,main_scan_int,2,"and 2",0.22,1.5160,2.5229,2,2,2026-10-06T09:37:48+00:00
graviton3,simde,256,main_scan_int,2,"and 2",0.22,1.5127,2.5043,2,2,2026-10-06T09:37:48+00:00
graviton3,simde,256,main_scan_int,2,"and 3",0.37,0.8671,2.0971,2,2,2026-10-06T09:37:48+00:00
graviton3,simde,256,main_scan_int,2,"and 3",0.37,0.8715,2.0981,2,2,2026-10-06T09:37:48+00:00
graviton3,simde,256,main_scan_int,2,"and 3",0.37,0.8690,2.0909,2,2,2026-10-06T09:37:48+00:00
graviton3,simde,256,main_scan_int,2,"and 3",0.37,0.8694,2.0938,2,2,2026-10-06T09:37:48+00:00
graviton3,simde,256,main_scan_int,2,"and 3",0.37,0.8744,2.0912,2,2,2026-10-06T09:37:48+00:00
graviton3,simde,256,main_scan_int,2,"and 1",0.10,3.1187,2.3592,2,2,2026-10-06T09:37:48+00:00
graviton3,simde,256,main_scan_int,2,"and 1",0.10,3.2790,2.3580,2,2,2026-10-06T09:37:48+00:00
graviton3,simde,256,main_scan_int,2,"and 1",0.10,3.2343,2.3588,2,2,2026-10-06T09:37:48+00:00
graviton3,simde,256,main_scan_int,2,"and 1",0.10,3.2581,2.3614,2,2,2026-10-06T09:37:48+00:00
graviton3,simde,256,main_scan_int,2,"and 1",0.10,3.2258,2.3509,2,2,2026-10-06T09:37:48+00:00
graviton3,simde,256,main_scan_int,2,"and 2",0.32,1.1133,1.9134,2,2,2026-10-06T09:37:48+00:00
graviton3,simde,256,main_scan_int,2,"and 2",0.32,1.1289,1.9246,2,2,2026-10-06T09:37:48+00:00
graviton3,simde,256,main_scan_int,2,"and 2",0.32,1.1233,1.9256,2,2,2026-10-06T09:37:48+00:00
graviton3,simde,256,main_scan_int,2,"and 2",0.32,1.1228,1.9248,2,2,2026-10-06T09:37:48+00:00
graviton3,simde,256,main_scan_int,2,"and 2",0.32,1.1318,1.9252,2,2,2026-10-06T09:37:48+00:00
graviton3,simde,256,main_scan_int,2,"and 3",0.46,0.7129,1.6428,2,2,2026-10-06T09:37:48+00:00
graviton3,simde,256,main_scan_int,2,"and 3",0.46,0.7116,1.6468,2,2,2026-10-06T09:37:48+00:00
graviton3,simde,256,main_scan_int,2,"and 3",0.46,0.7133,1.6438,2,2,2026-10-06T09:37:48+00:00
graviton3,simde,256,main_scan_int,2,"and 3",0.46,0.7089,1.6430,2,2,2026-10-06T09:37:48+00:00
graviton3,simde,256,main_scan_int,2,"and 3",0.46,0.7136,1.6475,2,2,2026-10-06T09:37:48+00:00
graviton3,simde,256,main_scan_int,2,"and 1",0.20,1.9195,1.6315,2,2,2026-10-06T09:37:48+00:00
graviton3,simde,256,main_scan_int,2,"and 1",0.20,2.0611,1.6316,2,2,2026-10-06T09:37:48+00:00
graviton3,simde,256,main_scan_int,2,"and 1",0.20,2.0274,1.6334,2,2,2026-10-06T09:37:48+00:00
graviton3,simde,256,main_scan_int,2,"and 1",0.20,1.9751,1.6355,2,2,2026-10-06T09:37:48+00:00
graviton3,simde,256,main_scan_int,2,"and 1",0.20,1.9942,1.6365,2,2,2026-10-06T09:37:48+00:00
graviton3,simde,256,main_scan_int,2,"and 2",0.45,0.8699,1.4233,2,2,2026-10-06T09:37:48+00:00
graviton3,simde,256,main_scan_int,2,"and 2",0.45,0.8681,1.4255,2,2,2026-10-06T09:37:48+00:00
graviton3,simde,256,main_scan_int,2,"and 2",0.45,0.8685,1.4213,2,2,2026-10-06T09:37:48+00:00
graviton3,simde,256,main_scan_int,2,"and 2",0.45,0.8661,1.4275,2,2,2026-10-06T09:37:48+00:00
graviton3,simde,256,main_scan_int,2,"and 2",0.45,0.8684,1.4227,2,2,2026-10-06T09:37:48+00:00
graviton3,simde,256,main_scan_int,2,"and 3",0.58,0.6312,1.2565,2,2,2026-10-06T09:37:48+00:00
graviton3,simde,256,main_scan_int,2,"and 3",0.58,0.6325,1.2577,2,2,2026-10-06T09:37:48+00:00
graviton3,simde,256,main_scan_int,2,"and 3",0.58,0.6309,1.2544,2,2,2026-10-06T09:37:48+00:00
graviton3,simde,256,main_scan_int,2,"and 3",0.58,0.6311,1.2584,2,2,2026-10-06T09:37:48+00:00
graviton3,simde,256,main_scan_int,2,"and 3",0.58,0.6335,1.2574,2,2,2026-10-06T09:37:48+00:00
graviton3,simde,256,main_scan_int,2,"and 1",0.50,1.1833,0.8836,2,2,2026-10-06T09:37:48+00:00
graviton3,simde,256,main_scan_int,2,"and 1",0.50,1.1815,0.8840,2,2,2026-10-06T09:37:48+00:00
graviton3,simde,256,main_scan_int,2,"and 1",0.50,1.1829,0.8846,2,2,2026-10-06T09:37:48+00:00
graviton3,simde,256,main_scan_int,2,"and 1",0.50,1.1833,0.8843,2,2,2026-10-06T09:37:48+00:00
graviton3,simde,256,main_scan_int,2,"and 1",0.50,1.1847,0.8838,2,2,2026-10-06T09:37:48+00:00
graviton3,simde,256,main_scan_int,2,"and 2",0.71,0.8243,0.8178,2,2,2026-10-06T09:37:48+00:00
graviton3,simde,256,main_scan_int,2,"and 2",0.71,0.8287,0.8177,2,2,2026-10-06T09:37:48+00:00
graviton3,simde,256,main_scan_int,2,"and 2",0.71,0.8329,0.8204,2,2,2026-10-06T09:37:48+00:00
graviton3,simde,256,main_scan_int,2,"and 2",0.71,0.8261,0.8185,2,2,2026-10-06T09:37:48+00:00
graviton3,simde,256,main_scan_int,2,"and 2",0.71,0.8309,0.8196,2,2,2026-10-06T09:37:48+00:00
graviton3,simde,256,main_scan_int,2,"and 3",0.79,0.8253,0.7647,2,2,2026-10-06T09:37:48+00:00
graviton3,simde,256,main_scan_int,2,"and 3",0.79,0.8220,0.7656,2,2,2026-10-06T09:37:48+00:00
graviton3,simde,256,main_scan_int,2,"and 3",0.79,0.8255,0.7651,2,2,2026-10-06T09:37:48+00:00
graviton3,simde,256,main_scan_int,2,"and 3",0.79,0.8313,0.7659,2,2,2026-10-06T09:37:48+00:00
graviton3,simde,256,main_scan_int,2,"and 3",0.79,0.8313,0.7642,2,2,2026-10-06T09:37:48+00:00
graviton3,simde,256,main_scan_int,2,"and 1",1.00,5.8453,7.5418,2,2,2026-10-06T09:37:48+00:00
graviton3,simde,256,main_scan_int,2,"and 1",1.00,5.8527,7.5387,2,2,2026-10-06T09:37:48+00:00
graviton3,simde,256,main_scan_int,2,"and 1",1.00,5.8544,7.4896,2,2,2026-10-06T09:37:48+00:00
graviton3,simde,256,main_scan_int,2,"and 1",1.00,5.8316,7.4666,2,2,2026-10-06T09:37:48+00:00
graviton3,simde,256,main_scan_int,2,"and 1",1.00,5.8529,7.5485,2,2,2026-10-06T09:37:48+00:00
graviton3,simde,256,main_scan_int,2,"and 2",1.00,4.6324,4.5003,2,2,2026-10-06T09:37:48+00:00
graviton3,simde,256,main_scan_int,2,"and 2",1.00,4.6007,4.5142,2,2,2026-10-06T09:37:48+00:00
graviton3,simde,256,main_scan_int,2,"and 2",1.00,4.6288,4.5224,2,2,2026-10-06T09:37:48+00:00
graviton3,simde,256,main_scan_int,2,"and 2",1.00,4.6201,4.5196,2,2,2026-10-06T09:37:48+00:00
graviton3,simde,256,main_scan_int,2,"and 2",1.00,4.6110,4.4813,2,2,2026-10-06T09:37:48+00:00
graviton3,simde,256,main_scan_int,2,"and 3",1.00,3.6584,3.1429,2,2,2026-10-06T09:37:48+00:00
graviton3,simde,256,main_scan_int,2,"and 3",1.00,3.6718,3.1547,2,2,2026-10-06T09:37:48+00:00
graviton3,simde,256,main_scan_int,2,"and 3",1.00,3.6574,3.1904,2,2,2026-10-06T09:37:48+00:00
graviton3,simde,256,main_scan_int,2,"and 3",1.00,3.6537,3.1594,2,2,2026-10-06T09:37:48+00:00
graviton3,simde,256,main_scan_int,2,"and 3",1.00,3.6703,3.1311,2,2,2026-10-06T09:37:48+00:00
graviton3,simde,128,main_scan_enc,2,"and 1",0.00,3.3325,4.9530,2,2,2026-10-06T09:38:14+00:00
graviton3,simde,128,main_scan_enc,2,"and 1",0.00,3.3373,4.9727,2,2,2026-10-06T09:38:14+00:00
graviton3,simde,128,main_scan_enc,2,"and 1",0.00,3.3287,4.9553,2,2,2026-10-06T09:38:14+00:00
graviton3,simde,128,main_scan_enc,2,"and 1",0.00,3.3385,4.9619,2,2,2026-10-06T09:38:14+00:00
graviton3,simde,128,main_scan_enc,2,"and 1",0.00,3.3408,4.9665,2,2,2026-10-06T09:38:14+00:00
graviton3,simde,128,main_scan_enc,2,"and 2",0.03,2.5906,3.1486,2,2,2026-10-06T09:38:14+00:00
graviton3,simde,128,main_scan_enc,2,"and 2",0.03,2.5883,3.1534,2,2,2026-10-06T09:38:14+00:00
graviton3,simde,128,main_scan_enc,2,"and 2",0.03,2.5864,3.1524,2,2,2026-10-06T09:38:14+00:00
graviton3,simde,128,main_scan_enc,2,"and 2",0.03,2.5869,3.1521,2,2,2026-10-06T09:38:14+00:00
graviton3,simde,128,main_scan_enc,2,"and 2",0.03,2.5868,3.1534,2,2,2026-10-06T09:38:14+00:00
graviton3,simde,128,main_scan_enc,2,"and 3",0.10,1.6178,2.0362,2,2,2026-10-06T09:38:14+00:00
graviton3,simde,128,main_scan_enc,2,"and 3",0.10,1.6467,2.0397,2,2,2026-10-06T09:38:14+00:00
graviton3,simde,128,main_scan_enc,2,"and 3",0.10,1.6859,2.0364,2,2,2026-10-06T09:38:14+00:00
graviton3,simde,128,main_scan_enc,2,"and 3",0.10,1.6859,2.0328,2,2,2026-10-06T09:38:14+00:00
graviton3,simde,128,main_scan_enc,2,"and 3",0.10,1.6850,2.0365,2,2,2026-10-06T09:38:14+00:00
graviton3,simde,128,main_scan_enc,2,"and 1",0.00,3.0897,4.7465,2,2,2026-10-06T09:38:14+00:00
graviton3,simde,128,main_scan_enc,2,"and 1",0.00,3.0886,4.7530,2,2,2026-10-06T09:38:14+00:00
graviton3,simde,128,main_scan_enc,2,"and 1",0.00,3.0940,4.7657,2,2,2026-10-06T09:38:14+00:00
graviton3,simde,128,main_scan_enc,2,"and 1",0.00,3.0935,4.7490,2,2,2026-10-06T09:38:14+00:00
graviton3,simde,128,main_scan_enc,2,"and 1",0.00,3.0922,4.7555,2,2,2026-10-06T09:38:14+00:00
graviton3,simde,128,main_scan_enc,2,"and 2",0.04,2.3210,2.8871,2,2,2026-10-06T09:38:14+00:00
graviton3,simde,128,main_scan_enc,2,"and 2",0.04,2.3152,2.8939,2,2,2026-10-06T09:38:14+00:00
graviton3,simde,128,main_scan_enc,2,"and 2",0.04,2.3121,2.8847,2,2,2026-10-06T09:38:14+00:00
graviton3,simde,128,main_scan_enc,2,"and 2",0.04,2.3168,2.8880,2,2,2026-10-06T09:38:14+00:00
graviton3,simde,128,main_scan_enc,2,"and 2",0.04,2.3180,2.8957,2,2,2026-10-06T09:38:14+00:00
graviton3,simde,128,main_scan_enc,2,"and 3",0.13,1.5036,1.9279,2,2,2026-10-06T09:38:14+00:00
graviton3,simde,128,main_scan_enc,2,"and 3",0.13,1.5361,1.9296,2,2,2026-10-06T09:38:14+00:00
graviton3,simde,128,main_scan_enc,2,"and 3",0.13,1.5383,1.9338,2,2,2026-10-06T09:38:14+00:00
graviton3,simde,128,main_scan_enc,2,"and 3",0.13,1.5377,1.9401,2,2,2026-10-06T09:38:14+00:00
graviton3,simde,128,main_scan_enc,2,"and 3",0.13,1.5383,1.9410,2,2,2026-10-06T09:38:14+00:00
graviton3,simde,128,main_scan_enc,2,"and 1",0.01,2.6724,4.3247,2,2,2026-10-06T09:38:14+00:00
graviton3,simde,128,main_scan_enc,2,"and 1",0.01,2.6908,4.3252,2,2,2026-10-06T09:38:14+00:00
graviton3,simde,128,main_scan_enc,2,"and 1",0.01,2.6769,4.3230,2,2,2026-10-06T09:38:14+00:00
graviton3,simde,128,main_scan_enc,2,"and 1",0.01,2.6702,4.3177,2,2,2026-10-06T09:38:14+00:00
graviton3,simde,128,main_scan_enc,2,"and 1",0.01,2.7034,4.3099,2,2,2026-10-06T09:38:14+00:00
graviton3,simde,128,main_scan_enc,2,"and 2",0.07,1.8793,2.5146,2,2,2026-10-06T09:38:14+00:00
graviton3,simde,128,main_scan_enc,2,"and 2",0.07,1.8892,2.5192,2,2,2026-10-06T09:38:14+00:00
graviton3,simde,128,main_scan_enc,2,"and 2",0.07,1.9012,2.5223,2,2,2026-10-06T09:38:14+00:00
graviton3,simde,128,main_scan_enc,2,"and 2",0.07,1.8937,2.5090,2,2,2026-10-06T09:38:14+00:00
graviton3,simde,128,main_scan_enc,2,"and 2",0.07,1.9007,2.5165,2,2,2026-10-06T09:38:14+00:00
graviton3,simde,128,main_scan_enc,2,"and 3",0.17,1.2011,1.7836,2,2,2026-10-06T09:38:14+00:00
graviton3,simde,128,main_scan_enc,2,"and 3",0.17,1.2277,1.7875,2,2,2026-10-06T09:38:14+00:00
graviton3,simde,128,main_scan_enc,2,"and 3",0.17,1.2348,1.7869,2,2,2026-10-06T09:38:14+00:00
graviton3,simde,128,main_scan_enc,2,"and 3",0.17,1.2380,1.7897,2,2,2026-10-06T09:38:14+00:00
graviton3,simde,128,main_scan_enc,2,"and 3",0.17,1.2281,1.7863,2,2,2026-10-06T09:38:14+00:00
graviton3,simde,128,main_scan_enc,2,"and 1",0.01,2.4993,3.8776,2,2,2026-10-06T09:38:14+00:00
graviton3,simde,128,main_scan_enc,2,"and 1",0.01,2.4904,3.8748,2,2,2026-10-06T09:38:14+00:00
graviton3,simde,128,main_scan_enc,2,"and 1",0.01,2.4996,3.8755,2,2,2026-10-06T09:38:14+00:00
graviton3,simde,128,main_scan_enc,2,"and 1",0.01,2.5029,3.8785,2,2,2026-10-06T09:38:14+00:00
graviton3,simde,128,main_scan_enc,2,"and 1",0.01,2.5045,3.8801,2,2,2026-10-06T09:38:14+00:00
graviton3,simde,128,main_scan_enc,2,"and 2",0.10,1.6133,2.2417,2,2,2026-10-06T09:38:14+00:00
graviton3,simde,128,main_scan_enc,2,"and 2",0.10,1.6318,2.2411,2,2,2026-10-06T09:38:14+00:00
graviton3,simde,128,main_scan_enc,2,"and 2",0.10,1.6499,2.2467,2,2,2026-10-06T09:38:14+00:00
graviton3,simde,128,main_scan_enc,2,"and 2",0.10,1.6598,2.2369,2,2,2026-10-06T09:38:14+00:00
graviton3,simde,128,main_scan_enc,2,"and 2",0.10,1.6485,2.2423,2,2,2026-10-06T09:38:14+00:00
graviton3,simde,128,main_scan_enc,2,"and 3",0.22,1.0236,1.6560,2,2,2026-10-06T09:38:14+00:00
graviton3,simde,128,main_scan_enc,2,"and 3",0.22,1.0311,1.6558,2,2,2026-10-06T09:38:14+00:00
graviton3,simde,128,main_scan_enc,2,"and 3",0.22,1.0454,1.6550,2,2,2026-10-06T09:38:14+00:00
graviton3,simde,128,main_scan_enc,2,"and 3",0.22,1.0585,1.6561,2,2,2026-10-06T09:38:14+00:00
graviton3,simde,128,main_scan_enc,2,"and 3",0.22,1.0527,1.6558,2,2,2026-10-06T09:38:14+00:00
graviton3,simde,128,main_scan_enc,2,"and 1",0.02,2.8295,3.3131,2,2,2026-10-06T09:38:14+00:00
graviton3,simde,128,main_scan_enc,2,"and 1",0.02,2.8181,3.3098,2,2,2026-10-06T09:38:14+00:00
graviton3,simde,128,main_scan_enc,2,"and 1",0.02,2.8263,3.3135,2,2,2026-10-06T09:38:14+00:00
graviton3,simde,128,main_scan_enc,2,"and 1",0.02,2.8226,3.2939,2,2,2026-10-06T09:38:14+00:00
graviton3,simde,128,main_scan_enc,2,"and 1",0.02,2.8136,3.3033,2,2,2026-10-06T09:38:14+00:00
graviton3,simde,128,main_scan_enc,2,"and 2",0.14,1.4840,1.9538,2,2,2026-10-06T09:38:14+00:00
graviton3,simde,128,main_scan_enc,2,"and 2",0.14,1.4998,1.9641,2,2,2026-10-06T09:38:14+00:00
graviton3,simde,128,main_scan_enc,2,"and 2",0.14,1.5258,1.9548,2,2,2026-10-06T09:38:14+00:00
graviton3,simde,128,main_scan_enc,2,"and 2",0.14,1.5311,1.9590,2,2,2026-10-06T09:38:14+00:00
graviton3,simde,128,main_scan_enc,2,"and 2",0.14,1.5371,1.9630,2,2,2026-10-06T09:38:14+00:00
graviton3,simde,128,main_scan_enc,2,"and 3",0.27,0.8659,1.4788,2,2,2026-10-06T09:38:14+00:00
graviton3,simde,128,main_scan_enc,2,"and 3",0.27,0.8859,1.4820,2,2,2026-10-06T09:38:14+00:00
graviton3,simde,128,main_scan_enc,2,"and 3",0.27,0.8934,1.4789,2,2,2026-10-06T09:38:14+00:00
graviton3,simde,128,main_scan_enc,2,"and 3",0.27,0.8952,1.4807,2,2,2026-10-06T09:38:14+00:00
graviton3,simde,128,main_scan_enc,2,"and 3",0.27,0.8868,1.4795,2,2,2026-10-06T09:38:14+00:00
graviton3,simde,128,main_scan_enc,2,"and 1",0.05,2.7084,2.4977,2,2,2026-10-06T09:38:14+00:00
graviton3,simde,128,main_scan_enc,2,"and 1",0.05,2.7264,2.4994,2,2,2026-10-06T09:38:14+00:00
graviton3,simde,128,main_scan_enc,2,"and 1",0.05,2.7102,2.4994,2,2,2026-10-06T09:38:14+00:00
graviton3,simde,128,main_scan_enc,2,"and 1",0.05,2.7492,2.4887,2,2,2026-10-06T09:38:14+00:00
graviton3,simde,128,main_scan_enc,2,"and 1",0.05,2.7415,2.4963,2,2,2026-10-06T09:38:14+00:00
graviton3,simde,128,main_scan_enc,2,"and 2",0.22,1.1298,1.6189,2,2,2026-10-06T09:38:14+00:00
graviton3,simde,128,main_scan_enc,2,"and 2",0.22,1.1485,1.6226,2,2,2026-10-06T09:38:14+00:00
graviton3,simde,128,main_scan_enc,2,"and 2",0.22,1.1513,1.6156,2,2,2026-10-06T09:38:14+00:00
graviton3,simde,128,main_scan_enc,2,"and 2",0.22,1.1573,1.6222,2,2,2026-10-06T09:38:14+00:00
graviton3,simde,128,main_scan_enc,2,"and 2",0.22,1.1648,1.6169,2,2,2026-10-06T09:38:14+00:00
graviton3,simde,128,main_scan_enc,2,"and 3",0.37,0.6437,1.2412,2,2,2026-10-06T09:38:14+00:00
graviton3,simde,128,main_scan_enc,2,"and 3",0.37,0.6451,1.2260,2,2,2026-10-06T09:38:14+00:00
graviton3,simde,128,main_scan_enc,2,"and 3",0.37,0.6452,1.2415,2,2,2026-10-06T09:38:14+00:00
graviton3,simde,128,main_scan_enc,2,"and 3",0.37,0.6468,1.2435,2,2,2026-10-06T09:38:14+00:00
graviton3,simde,128,main_scan_enc,2,"and 3",0.37,0.6465,1.2424,2,2,2026-10-06T09:38:14+00:00
graviton3,simde,128,main_scan_enc,2,"and 1",0.10,2.0292,1.9077,2,2,2026-10-06T09:38:14+00:00
graviton3,simde,128,main_scan_enc,2,"and 1",0.10,2.0472,1.9100,2,2,2026-10-06T09:38:14+00:00
graviton3,simde,128,main_scan_enc,2,"and 1",0.10,2.0849,1.8957,2,2,2026-10-06T09:38:14+00:00
graviton3,simde,128,main_scan_enc,2,"and 1",0.10,2.1086,1.9075,2,2,2026-10-06T09:38:14+00:00
graviton3,simde,128,main_scan_enc,2,"and 1",0.10,2.1052,1.9067,2,2,2026-10-06T09:38:14+00:00
graviton3,simde,128,main_scan_enc,2,"and 2",0.32,0.8347,1.3445,2,2,2026-10-06T09:38:14+00:00
graviton3,simde,128,main_scan_enc,2,"and 2",0.32,0.8392,1.3453,2,2,2026-10-06T09:38:14+00:00
graviton3,simde,128,main_scan_enc,2,"and 2",0.32,0.8348,1.3437,2,2,2026-10-06T09:38:14+00:00
graviton3,simde,128,main_scan_enc,2,"and 2",0.32,0.8407,1.3442,2,2,2026-10-06T09:38:14+00:00
graviton3,simde,128,main_scan_enc,2,"and 2",0.32,0.8398,1.3432,2,2,2026-10-06T09:38:14+00:00
graviton3,simde,128,main_scan_enc,2,"and 3",0.46,0.5171,1.0572,2,2,2026-10-06T09:38:14+00:00
graviton3,simde,128,main_scan_enc,2,"and 3",0.46,0.5173,1.0573,2,2,2026-10-06T09:38:14+00:00
graviton3,simde,128,main_scan_enc,2,"and 3",0.46,0.5177,1.0558,2,2,2026-10-06T09:38:14+00:00
graviton3,simde,128,main_scan_enc,2,"and 3",0.46,0.5175,1.0571,2,2,2026-10-06T09:38:14+00:00
graviton3,simde,128,main_scan_enc,2,"and 3",0.46,0.5176,1.0580,2,2,2026-10-06T09:38:14+00:00
graviton3,simde,128,main_scan_enc,2,"and 1",0.20,1.3456,1.4234,2,2,2026-10-06T09:38:14+00:00
graviton3,simde,128,main_scan_enc,2,"and 1",0.20,1.3823,1.4229,2,2,2026-10-06T09:38:14+00:00
graviton3,simde,128,main_scan_enc,2,"and 1",0.20,1.3932,1.4202,2,2,2026-10-06T09:38:14+00:00
graviton3,simde,128,main_scan_enc,2,"and 1",0.20,1.4138,1.4199,2,2,2026-10-06T09:38:14+00:00
graviton3,simde,128,main_scan_enc,2,"and 1",0.20,1.4112,1.4202,2,2,2026-10-06T09:38:14+00:00
graviton3,simde,128,main_scan_enc,2,"and 2",0.45,0.6159,1.0859,2,2,2026-10-06T09:38:14+00:00
graviton3,simde,128,main_scan_enc,2,"and 2",0.45,0.6152,1.0855,2,2,2026-10-06T09:38:14+00:00
graviton3,simde,128,main_scan_enc,2,"and 2",0.45,0.6151,1.0861,2,2,2026-10-06T09:38:14+00:00
graviton3,simde,128,main_scan_enc,2,"and 2",0.45,0.6152,1.0868,2,2,2026-10-06T09:38:14+00:00
graviton3,simde,128,main_scan_enc,2,"and 2",0.45,0.6148,1.0853,2,2,2026-10-06T09:38:14+00:00
graviton3,simde,128,main_scan_enc,2,"and 3",0.58,0.4649,0.8739,2,2,2026-10-06T09:38:14+00:00
graviton3,simde,128,main_scan_enc,2,"and 3",0.58,0.4651,0.8733,2,2,2026-10-06T09:38:14+00:00
graviton3,simde,128,main_scan_enc,2,"and 3",0.58,0.4653,0.8749,2,2,2026-10-06T09:38:14+00:00
graviton3,simde,128,main_scan_enc,2,"and 3",0.58,0.4654,0.8741,2,2,2026-10-06T09:38:14+00:00
graviton3,simde,128,main_scan_enc,2,"and 3",0.58,0.4649,0.8745,2,2,2026-10-06T09:38:14+00:00
graviton3,simde,128,main_scan_enc,2,"and 1",0.50,0.8612,0.8193,2,2,2026-10-06T09:38:14+00:00
graviton3,simde,128,main_scan_enc,2,"and 1",0.50,0.8565,0.8185,2,2,2026-10-06T09:38:14+00:00
graviton3,simde,128,main_scan_enc,2,"and 1",0.50,0.8612,0.8185,2,2,2026-10-06T09:38:14+00:00
graviton3,simde,128,main_scan_enc,2,"and 1",0.50,0.8610,0.8185,2,2,2026-10-06T09:38:14+00:00
graviton3,simde,128,main_scan_enc,2,"and 1",0.50,0.8610,0.8187,2,2,2026-10-06T09:38:14+00:00
graviton3,simde,128,main_scan_enc,2,"and 2",0.71,0.6865,0.6885,2,2,2026-10-06T09:38:14+00:00
graviton3,simde,128,main_scan_enc,2,"and 2",0.71,0.6590,0.6879,2,2,2026-10-06T09:38:14+00:00
graviton3,simde,128,main_scan_enc,2,"and 2",0.71,0.6562,0.6896,2,2,2026-10-06T09:38:14+00:00
graviton3,simde,128,main_scan_enc,2,"and 2",0.71,0.6519,0.6862,2,2,2026-10-06T09:38:14+00:00
graviton3,simde,128,main_scan_enc,2,"and 2",0.71,0.6592,0.6899,2,2,2026-10-06T09:38:14+00:00
graviton3,simde,128,main_scan_enc,2,"and 3",0.79,0.5862,0.6041,2,2,2026-10-06T09:38:14+00:00
graviton3,simde,128,main_scan_enc,2,"and 3",0.79,0.5763,0.6046,2,2,2026-10-06T09:38:14+00:00
graviton3,simde,128,main_scan_enc,2,"and 3",0.79,0.5764,0.6043,2,2,2026-10-06T09:38:14+00:00
graviton3,simde,128,main_scan_enc,2,"and 3",0.79,0.5785,0.6040,2,2,2026-10-06T09:38:14+00:00
graviton3,simde,128,main_scan_enc,2,"and 3",0.79,0.5727,0.6028,2,2,2026-10-06T09:38:14+00:00
graviton3,simde,128,main_scan_enc,2,"and 1",1.00,3.2488,0.4621,2,2,2026-10-06T09:38:14+00:00
graviton3,simde,128,main_scan_enc,2,"and 1",1.00,3.3074,0.4622,2,2,2026-10-06T09:38:14+00:00
graviton3,simde,128,main_scan_enc,2,"and 1",1.00,3.3000,0.4623,2,2,2026-10-06T09:38:14+00:00
graviton3,simde,128,main_scan_enc,2,"and 1",1.00,3.3078,0.4622,2,2,2026-10-06T09:38:14+00:00
graviton3,simde,128,main_scan_enc,2,"and 1",1.00,3.3092,0.4617,2,2,2026-10-06T09:38:14+00:00
graviton3,simde,128,main_scan_enc,2,"and 2",1.00,2.1298,0.4186,2,2,2026-10-06T09:38:14+00:00
graviton3,simde,128,main_scan_enc,2,"and 2",1.00,2.1349,0.4186,2,2,2026-10-06T09:38:14+00:00
graviton3,simde,128,main_scan_enc,2,"and 2",1.00,2.1318,0.4183,2,2,2026-10-06T09:38:14+00:00
graviton3,simde,128,main_scan_enc,2,"and 2",1.00,2.1256,0.4187,2,2,2026-10-06T09:38:14+00:00
graviton3,simde,128,main_scan_enc,2,"and 2",1.00,2.1314,0.4184,2,2,2026-10-06T09:38:14+00:00
graviton3,simde,128,main_scan_enc,2,"and 3",1.00,1.5416,0.3861,2,2,2026-10-06T09:38:14+00:00
graviton3,simde,128,main_scan_enc,2,"and 3",1.00,1.5412,0.3862,2,2,2026-10-06T09:38:14+00:00
graviton3,simde,128,main_scan_enc,2,"and 3",1.00,1.5431,0.3861,2,2,2026-10-06T09:38:14+00:00
graviton3,simde,128,main_scan_enc,2,"and 3",1.00,1.5410,0.3853,2,2,2026-10-06T09:38:14+00:00
graviton3,simde,128,main_scan_enc,2,"and 3",1.00,1.5360,0.3860,2,2,2026-10-06T09:38:14+00:00
graviton3,simde,256,main_scan_enc,2,"and 1",0.00,3.3250,6.6892,2,2,2026-10-06T09:38:28+00:00
graviton3,simde,256,main_scan_enc,2,"and 1",0.00,3.3430,6.7449,2,2,2026-10-06T09:38:28+00:00
graviton3,simde,256,main_scan_enc,2,"and 1",0.00,3.3323,6.7503,2,2,2026-10-06T09:38:28+00:00
graviton3,simde,256,main_scan_enc,2,"and 1",0.00,3.3533,6.7307,2,2,2026-10-06T09:38:28+00:00
graviton3,simde,256,main_scan_enc,2,"and 1",0.00,3.3476,6.7332,2,2,2026-10-06T09:38:28+00:00
graviton3,simde,256,main_scan_enc,2,"and 2",0.03,2.5907,4.0480,2,2,2026-10-06T09:38:28+00:00
graviton3,simde,256,main_scan_enc,2,"and 2",0.03,2.6118,4.0620,2,2,2026-10-06T09:38:28+00:00
graviton3,simde,256,main_scan_enc,2,"and 2",0.03,2.5969,4.0359,2,2,2026-10-06T09:38:28+00:00
graviton3,simde,256,main_scan_enc,2,"and 2",0.03,2.6060,4.0573,2,2,2026-10-06T09:38:28+00:00
graviton3,simde,256,main_scan_enc,2,"and 2",0.03,2.6087,4.0710,2,2,2026-10-06T09:38:28+00:00
graviton3,simde,256,main_scan_enc,2,"and 3",0.10,1.6248,2.5175,2,2,2026-10-06T09:38:28+00:00
graviton3,simde,256,main_scan_enc,2,"and 3",0.10,1.6539,2.5144,2,2,2026-10-06T09:38:28+00:00
graviton3,simde,256,main_scan_enc,2,"and 3",0.10,1.6858,2.5171,2,2,2026-10-06T09:38:28+00:00
graviton3,simde,256,main_scan_enc,2,"and 3",0.10,1.6837,2.5189,2,2,2026-10-06T09:38:28+00:00
graviton3,simde,256,main_scan_enc,2,"and 3",0.10,1.6951,2.5150,2,2,2026-10-06T09:38:28+00:00
graviton3,simde,256,main_scan_enc,2,"and 1",0.00,3.1029,6.3122,2,2,2026-10-06T09:38:28+00:00
graviton3,simde,256,main_scan_enc,2,"and 1",0.00,3.1021,6.3211,2,2,2026-10-06T09:38:28+00:00
graviton3,simde,256,main_scan_enc,2,"and 1",0.00,3.1062,6.3149,2,2,2026-10-06T09:38:28+00:00
graviton3,simde,256,main_scan_enc,2,"and 1",0.00,3.1083,6.3188,2,2,2026-10-06T09:38:28+00:00
graviton3,simde,256,main_scan_enc,2,"and 1",0.00,3.0882,6.3361,2,2,2026-10-06T09:38:28+00:00
graviton3,simde,256,main_scan_enc,2,"and 2",0.04,2.3172,3.7122,2,2,2026-10-06T09:38:28+00:00
graviton3,simde,256,main_scan_enc,2,"and 2",0.04,2.3201,3.7148,2,2,2026-10-06T09:38:28+00:00
graviton3,simde,256,main_scan_enc,2,"and 2",0.04,2.3220,3.7066,2,2,2026-10-06T09:38:28+00:00
graviton3,simde,256,main_scan_enc,2,"and 2",0.04,2.3246,3.7009,2,2,2026-10-06T09:38:28+00:00
graviton3,simde,256,main_scan_enc,2,"and 2",0.04,2.3227,3.7015,2,2,2026-10-06T09:38:28+00:00
graviton3,simde,256,main_scan_enc,2,"and 3",0.13,1.4791,2.3677,2,2,2026-10-06T09:38:28+00:00
graviton3,simde,256,main_scan_enc,2,"and 3",0.13,1.5418,2.3726,2,2,2026-10-06T09:38:28+00:00
graviton3,simde,256,main_scan_enc,2,"and 3",0.13,1.5528,2.3652,2,2,2026-10-06T09:38:28+00:00
graviton3,simde,256,main_scan_enc,2,"and 3",0.13,1.5559,2.3732,2,2,2026-10-06T09:38:28+00:00
graviton3,simde,256,main_scan_enc,2,"and 3",0.13,1.5510,2.3678,2,2,2026-10-06T09:38:28+00:00
graviton3,simde,256,main_scan_enc,2,"and 1",0.01,2.6909,5.5655,2,2,2026-10-06T09:38:28+00:00
graviton3,simde,256,main_scan_enc,2,"and 1",0.01,2.7258,5.5744,2,2,2026-10-06T09:38:28+00:00
graviton3,simde,256,main_scan_enc,2,"and 1",0.01,2.7012,5.5672,2,2,2026-10-06T09:38:28+00:00
graviton3,simde,256,main_scan_enc,2,"and 1",0.01,2.6904,5.5725,2,2,2026-10-06T09:38:28+00:00
graviton3,simde,256,main_scan_enc,2,"and 1",0.01,2.7057,5.5703,2,2,2026-10-06T09:38:28+00:00
graviton3,simde,256,main_scan_enc,2,"and 2",0.07,1.8802,3.1301,2,2,2026-10-06T09:38:28+00:00
graviton3,simde,256,main_scan_enc,2,"and 2",0.07,1.8938,3.1394,2,2,2026-10-06T09:38:28+00:00
graviton3,simde,256,main_scan_enc,2,"and 2",0.07,1.9101,3.1284,2,2,2026-10-06T09:38:28+00:00
graviton3,simde,256,main_scan_enc,2,"and 2",0.07,1.8994,3.1378,2,2,2026-10-06T09:38:28+00:00
graviton3,simde,256,main_scan_enc,2,"and 2",0.07,1.8975,3.1450,2,2,2026-10-06T09:38:28+00:00
graviton3,simde,256,main_scan_enc,2,"and 3",0.17,1.2120,2.1580,2,2,2026-10-06T09:38:28+00:00
graviton3,simde,256,main_scan_enc,2,"and 3",0.17,1.2315,2.1570,2,2,2026-10-06T09:38:28+00:00
graviton3,simde,256,main_scan_enc,2,"and 3",0.17,1.2357,2.1565,2,2,2026-10-06T09:38:28+00:00
graviton3,simde,256,main_scan_enc,2,"and 3",0.17,1.2412,2.1623,2,2,2026-10-06T09:38:28+00:00
graviton3,simde,256,main_scan_enc,2,"and 3",0.17,1.2371,2.1563,2,2,2026-10-06T09:38:28+00:00
graviton3,simde,256,main_scan_enc,2,"and 1",0.01,2.5187,4.8364,2,2,2026-10-06T09:38:28+00:00
graviton3,simde,256,main_scan_enc,2,"and 1",0.01,2.4944,4.8316,2,2,2026-10-06T09:38:28+00:00
graviton3,simde,256,main_scan_enc,2,"and 1",0.01,2.4823,4.8309,2,2,2026-10-06T09:38:28+00:00
graviton3,simde,256,main_scan_enc,2,"and 1",0.01,2.5138,4.8369,2,2,2026-10-06T09:38:28+00:00
graviton3,simde,256,main_scan_enc,2,"and 1",0.01,2.5046,4.8219,2,2,2026-10-06T09:38:28+00:00
graviton3,simde,256,main_scan_enc,2,"and 2",0.10,1.6262,2.7302,2,2,2026-10-06T09:38:28+00:00
graviton3,simde,256,main_scan_enc,2,"and 2",0.10,1.6367,2.7323,2,2,2026-10-06T09:38:28+00:00
graviton3,simde,256,main_scan_enc,2,"and 2",0.10,1.6547,2.7295,2,2,2026-10-06T09:38:28+00:00
graviton3,simde,256,main_scan_enc,2,"and 2",0.10,1.6670,2.7393,2,2,2026-10-06T09:38:28+00:00
graviton3,simde,256,main_scan_enc,2,"and 2",0.10,1.6652,2.7376,2,2,2026-10-06T09:38:28+00:00
graviton3,simde,256,main_scan_enc,2,"and 3",0.22,1.0348,2.0172,2,2,2026-10-06T09:38:28+00:00
graviton3,simde,256,main_scan_enc,2,"and 3",0.22,1.0384,2.0214,2,2,2026-10-06T09:38:28+00:00
graviton3,simde,256,main_scan_enc,2,"and 3",0.22,1.0412,2.0188,2,2,2026-10-06T09:38:28+00:00
graviton3,simde,256,main_scan_enc,2,"and 3",0.22,1.0370,1.9813,2,2,2026-10-06T09:38:28+00:00
graviton3,simde,256,main_scan_enc,2,"and 3",0.22,1.0591,2.0211,2,2,2026-10-06T09:38:28+00:00
graviton3,simde,256,main_scan_enc,2,"and 1",0.02,2.8144,3.9490,2,2,2026-10-06T09:38:28+00:00
graviton3,simde,256,main_scan_enc,2,"and 1",0.02,2.8307,3.9437,2,2,2026-10-06T09:38:28+00:00
graviton3,simde,256,main_scan_enc,2,"and 1",0.02,2.8323,3.9543,2,2,2026-10-06T09:38:28+00:00
graviton3,simde,256,main_scan_enc,2,"and 1",0.02,2.8204,3.9345,2,2,2026-10-06T09:38:28+00:00
graviton3,simde,256,main_scan_enc,2,"and 1",0.02,2.8470,3.9691,2,2,2026-10-06T09:38:28+00:00
graviton3,simde,256,main_scan_enc,2,"and 2",0.14,1.4966,2.3325,2,2,2026-10-06T09:38:28+00:00
graviton3,simde,256,main_scan_enc,2,"and 2",0.14,1.5247,2.3363,2,2,2026-10-06T09:38:28+00:00
graviton3,simde,256,main_scan_enc,2,"and 2",0.14,1.5212,2.3322,2,2,2026-10-06T09:38:28+00:00
graviton3,simde,256,main_scan_enc,2,"and 2",0.14,1.5408,2.3357,2,2,2026-10-06T09:38:28+00:00
graviton3,simde,256,main_scan_enc,2,"and 2",0.14,1.5456,2.3331,2,2,2026-10-06T09:38:28+00:00
graviton3,simde,256,main_scan_enc,2,"and 3",0.27,0.8846,1.7997,2,2,2026-10-06T09:38:28+00:00
graviton3,simde,256,main_scan_enc,2,"and 3",0.27,0.8800,1.7957,2,2,2026-10-06T09:38:28+00:00
graviton3,simde,256,main_scan_enc,2,"and 3",0.27,0.8932,1.7940,2,2,2026-10-06T09:38:28+00:00
graviton3,simde,256,main_scan_enc,2,"and 3",0.27,0.8904,1.7977,2,2,2026-10-06T09:38:28+00:00
graviton3,simde,256,main_scan_enc,2,"and 3",0.27,0.8993,1.8021,2,2,2026-10-06T09:38:28+00:00
graviton3,simde,256,main_scan_enc,2,"and 1",0.05,2.7189,2.8070,2,2,2026-10-06T09:38:28+00:00
graviton3,simde,256,main_scan_enc,2,"and 1",0.05,2.7204,2.8172,2,2,2026-10-06T09:38:28+00:00
graviton3,simde,256,main_scan_enc,2,"and 1",0.05,2.7447,2.8299,2,2,2026-10-06T09:38:28+00:00
graviton3,simde,256,main_scan_enc,2,"and 1",0.05,2.7528,2.8174,2,2,2026-10-06T09:38:28+00:00
graviton3,simde,256,main_scan_enc,2,"and 1",0.05,2.7537,2.8166,2,2,2026-10-06T09:38:28+00:00
graviton3,simde,256,main_scan_enc,2,"and 2",0.22,1.1272,1.8506,2,2,2026-10-06T09:38:28+00:00
graviton3,simde,256,main_scan_enc,2,"and 2",0.22,1.1527,1.8523,2,2,2026-10-06T09:38:28+00:00
graviton3,simde,256,main_scan_enc,2,"and 2",0.22,1.1564,1.8471,2,2,2026-10-06T09:38:28+00:00
graviton3,simde,256,main_scan_enc,2,"and 2",0.22,1.1493,1.8473,2,2,2026-10-06T09:38:28+00:00
graviton3,simde,256,main_scan_enc,2,"and 2",0.22,1.1664,1.8517,2,2,2026-10-06T09:38:28+00:00
graviton3,simde,256,main_scan_enc,2,"and 3",0.37,0.6443,1.4737,2,2,2026-10-06T09:38:28+00:00
graviton3,simde,256,main_scan_enc,2,"and 3",0.37,0.6452,1.4724,2,2,2026-10-06T09:38:28+00:00
graviton3,simde,256,main_scan_enc,2,"and 3",0.37,0.6460,1.4757,2,2,2026-10-06T09:38:28+00:00
graviton3,simde,256,main_scan_enc,2,"and 3",0.37,0.6456,1.4703,2,2,2026-10-06T09:38:28+00:00
graviton3,simde,256,main_scan_enc,2,"and 3",0.37,0.6464,1.4710,2,2,2026-10-06T09:38:28+00:00
graviton3,simde,256,main_scan_enc,2,"and 1",0.10,2.1725,2.0682,2,2,2026-10-06T09:38:28+00:00
graviton3,simde,256,main_scan_enc,2,"and 1",0.10,2.1605,2.0687,2,2,2026-10-06T09:38:28+00:00
graviton3,simde,256,main_scan_enc,2,"and 1",0.10,2.1502,2.0729,2,2,2026-10-06T09:38:28+00:00
graviton3,simde,256,main_scan_enc,2,"and 1",0.10,2.1474,2.0698,2,2,2026-10-06T09:38:28+00:00
graviton3,simde,256,main_scan_enc,2,"and 1",0.10,2.1532,2.0666,2,2,2026-10-06T09:38:28+00:00
graviton3,simde,256,main_scan_enc,2,"and 2",0.32,0.8358,1.4886,2,2,2026-10-06T09:38:28+00:00
graviton3,simde,256,main_scan_enc,2,"and 2",0.32,0.8414,1.4917,2,2,2026-10-06T09:38:28+00:00
graviton3,simde,256,main_scan_enc,2,"and 2",0.32,0.8345,1.4862,2,2,2026-10-06T09:38:28+00:00
graviton3,simde,256,main_scan_enc,2,"and 2",0.32,0.8441,1.4898,2,2,2026-10-06T09:38:28+00:00
graviton3,simde,256,main_scan_enc,2,"and 2",0.32,0.8324,1.4903,2,2,2026-10-06T09:38:28+00:00
graviton3,simde,256,main_scan_enc,2,"and 3",0.46,0.5054,1.2136,2,2,2026-10-06T09:38:28+00:00
graviton3,simde,256,main_scan_enc,2,"and 3",0.46,0.5172,1.2197,2,2,2026-10-06T09:38:28+00:00
graviton3,simde,256,main_scan_enc,2,"and 3",0.46,0.5174,1.2193,2,2,2026-10-06T09:38:28+00:00
graviton3,simde,256,main_scan_enc,2,"and 3",0.46,0.5172,1.2189,2,2,2026-10-06T09:38:28+00:00
graviton3,simde,256,main_scan_enc,2,"and 3",0.46,0.5174,1.2202,2,2,2026-10-06T09:38:28+00:00
graviton3,simde,256,main_scan_enc,2,"and 1",0.20,1.3680,1.4990,2,2,2026-10-06T09:38:28+00:00
graviton3,simde,256,main_scan_enc,2,"and 1",0.20,1.4237,1.5001,2,2,2026-10-06T09:38:28+00:00
graviton3,simde,256,main_scan_enc,2,"and 1",0.20,1.4330,1.4992,2,2,2026-10-06T09:38:28+00:00
graviton3,simde,256,main_scan_enc,2,"and 1",0.20,1.2651,1.5022,2,2,2026-10-06T09:38:28+00:00
graviton3,simde,256,main_scan_enc,2,"and 1",0.20,1.3069,1.5021,2,2,2026-10-06T09:38:28+00:00
graviton3,simde,256,main_scan_enc,2,"and 2",0.45,0.6157,1.1642,2,2,2026-10-06T09:38:28+00:00
graviton3,simde,256,main_scan_enc,2,"and 2",0.45,0.6153,1.1677,2,2,2026-10-06T09:38:28+00:00
graviton3,simde,256,main_scan_enc,2,"and 2",0.45,0.6153,1.1664,2,2,2026-10-06T09:38:28+00:00
graviton3,simde,256,main_scan_enc,2,"and 2",0.45,0.6147,1.1688,2,2,2026-10-06T09:38:28+00:00
graviton3,simde,256,main_scan_enc,2,"and 2",0.45,0.6153,1.1671,2,2,2026-10-06T09:38:28+00:00
graviton3,simde,256,main_scan_enc,2,"and 3",0.58,0.4648,0.9847,2,2,2026-10-06T09:38:28+00:00
graviton3,simde,256,main_scan_enc,2,"and 3",0.58,0.4650,0.9843,2,2,2026-10-06T09:38:28+00:00
graviton3,simde,256,main_scan_enc,2,"and 3",0.58,0.4651,0.9848,2,2,2026-10-06T09:38:28+00:00
graviton3,simde,256,main_scan_enc,2,"and 3",0.58,0.4650,0.9865,2,2,2026-10-06T09:38:28+00:00
graviton3,simde,256,main_scan_enc,2,"and 3",0.58,0.4649,0.9852,2,2,2026-10-06T09:38:28+00:00
graviton3,simde,256,main_scan_enc,2,"and 1",0.50,0.8627,0.8462,2,2,2026-10-06T09:38:28+00:00
graviton3,simde,256,main_scan_enc,2,"and 1",0.50,0.8627,0.8467,2,2,2026-10-06T09:38:28+00:00
graviton3,simde,256,main_scan_enc,2,"and 1",0.50,0.8624,0.8468,2,2,2026-10-06T09:38:28+00:00
graviton3,simde,256,main_scan_enc,2,"and 1",0.50,0.8616,0.8467,2,2,2026-10-06T09:38:28+00:00
graviton3,simde,256,main_scan_enc,2,"and 1",0.50,0.8623,0.8460,2,2,2026-10-06T09:38:28+00:00
graviton3,simde,256,main_scan_enc,2,"and 2",0.71,0.6517,0.7250,2,2,2026-10-06T09:38:28+00:00
graviton3,simde,256,main_scan_enc,2,"and 2",0.71,0.6604,0.7261,2,2,2026-10-06T09:38:28+00:00
graviton3,simde,256,main_scan_enc,2,"and 2",0.71,0.6556,0.7255,2,2,2026-10-06T09:38:28+00:00
graviton3,simde,256,main_scan_enc,2,"and 2",0.71,0.6569,0.7261,2,2,2026-10-06T09:38:28+00:00
graviton3,simde,256,main_scan_enc,2,"and 2",0.71,0.6548,0.7260,2,2,2026-10-06T09:38:28+00:00
graviton3,simde,256,main_scan_enc,2,"and 3",0.79,0.5728,0.6546,2,2,2026-10-06T09:38:28+00:00
graviton3,simde,256,main_scan_enc,2,"and 3",0.79,0.5725,0.6555,2,2,2026-10-06T09:38:28+00:00
graviton3,simde,256,main_scan_enc,2,"and 3",0.79,0.5771,0.6563,2,2,2026-10-06T09:38:28+00:00
graviton3,simde,256,main_scan_enc,2,"and 3",0.79,0.5758,0.6558,2,2,2026-10-06T09:38:28+00:00
graviton3,simde,256,main_scan_enc,2,"and 3",0.79,0.5755,0.6557,2,2,2026-10-06T09:38:28+00:00
graviton3,simde,256,main_scan_enc,2,"and 1",1.00,3.2906,0.5283,2,2,2026-10-06T09:38:28+00:00
graviton3,simde,256,main_scan_enc,2,"and 1",1.00,3.3146,0.5301,2,2,2026-10-06T09:38:28+00:00
graviton3,simde,256,main_scan_enc,2,"and 1",1.00,3.3155,0.5298,2,2,2026-10-06T09:38:28+00:00
graviton3,simde,256,main_scan_enc,2,"and 1",1.00,3.3089,0.5300,2,2,2026-10-06T09:38:28+00:00
graviton3,simde,256,main_scan_enc,2,"and 1",1.00,3.3074,0.5299,2,2,2026-10-06T09:38:28+00:00
graviton3,simde,256,main_scan_enc,2,"and 2",1.00,2.1319,0.4815,2,2,2026-10-06T09:38:28+00:00
graviton3,simde,256,main_scan_enc,2,"and 2",1.00,2.1284,0.4816,2,2,2026-10-06T09:38:28+00:00
graviton3,simde,256,main_scan_enc,2,"and 2",1.00,2.1336,0.4817,2,2,2026-10-06T09:38:28+00:00
graviton3,simde,256,main_scan_enc,2,"and 2",1.00,2.1345,0.4814,2,2,2026-10-06T09:38:28+00:00
graviton3,simde,256,main_scan_enc,2,"and 2",1.00,2.1372,0.4818,2,2,2026-10-06T09:38:28+00:00
graviton3,simde,256,main_scan_enc,2,"and 3",1.00,1.5418,0.4494,2,2,2026-10-06T09:38:28+00:00
graviton3,simde,256,main_scan_enc,2,"and 3",1.00,1.5412,0.4497,2,2,2026-10-06T09:38:28+00:00
graviton3,simde,256,main_scan_enc,2,"and 3",1.00,1.5353,0.4497,2,2,2026-10-06T09:38:28+00:00
graviton3,simde,256,main_scan_enc,2,"and 3",1.00,1.5417,0.4501,2,2,2026-10-06T09:38:28+00:00
graviton3,simde,256,main_scan_enc,2,"and 3",1.00,1.5427,0.4499,2,2,2026-10-06T09:38:28+00:00
graviton3,simde,128,main_gather,2,"gather_byte",100.00,0.158348,0.158348,2,2,2026-10-06T09:39:04+00:00
graviton3,simde,128,main_gather,2,"gather_short",100.00,0.139042,0.139042,2,2,2026-10-06T09:39:04+00:00
graviton3,simde,128,main_gather,2,"gather_int",100.00,0.163741,0.163741,2,2,2026-10-06T09:39:04+00:00
graviton3,simde,128,main_gather,2,"gather_long",100.00,0.143330,0.143330,2,2,2026-10-06T09:39:04+00:00
graviton3,simde,128,main_gather,2,"gather_char",100.00,0.024923,0.024923,2,2,2026-10-06T09:39:04+00:00
graviton3,simde,128,main_gather,2,"gather_encoded",100.00,0.098283,0.098283,2,2,2026-10-06T09:39:04+00:00
graviton3,simde,128,main_gather,2,"copy_encoded",100.00,1.463973,1.463973,2,2,2026-10-06T09:39:04+00:00
graviton3,simde,256,main_gather,2,"gather_byte",100.00,0.155781,0.155781,2,2,2026-10-06T09:40:05+00:00
graviton3,simde,256,main_gather,2,"gather_short",100.00,0.141972,0.141972,2,2,2026-10-06T09:40:05+00:00
graviton3,simde,256,main_gather,2,"gather_int",100.00,0.158524,0.158524,2,2,2026-10-06T09:40:05+00:00
graviton3,simde,256,main_gather,2,"gather_long",100.00,0.136253,0.136253,2,2,2026-10-06T09:40:05+00:00
graviton3,simde,256,main_gather,2,"gather_char",100.00,0.028340,0.028340,2,2,2026-10-06T09:40:05+00:00
graviton3,simde,256,main_gather,2,"gather_encoded",100.00,0.134716,0.134716,2,2,2026-10-06T09:40:05+00:00
graviton3,simde,256,main_gather,2,"copy_encoded",100.00,1.917607,1.917607,2,2,2026-10-06T09:40:05+00:00
graviton3,simde,128,main_hash,2,"jenkins_hash",100.00,0.017213,0.017213,2,2,2026-10-06T09:43:04+00:00
graviton3,simde,128,main_hash,2,"fnv_hash",100.00,0.025136,0.025136,2,2,2026-10-06T09:43:04+00:00
graviton3,simde,128,main_hash,2,"murmur_hash",100.00,0.054716,0.054716,2,2,2026-10-06T09:43:04+00:00
graviton3,simde,256,main_hash,2,"jenkins_hash",100.00,0.018671,0.018671,2,2,2026-10-06T09:43:29+00:00
graviton3,simde,256,main_hash,2,"fnv_hash",100.00,0.026452,0.026452,2,2,2026-10-06T09:43:29+00:00
graviton3,simde,256,main_hash,2,"murmur_hash",100.00,0.055913,0.055913,2,2,2026-10-06T09:43:29+00:00
graviton3,simde,128,main_select,2,"select_byte",100.00,2.874955,2.874955,2,2,2026-10-06T09:44:42+00:00
graviton3,simde,128,main_select,2,"select_short",100.00,3.513823,3.513823,2,2,2026-10-06T09:44:42+00:00
graviton3,simde,128,main_select,2,"select_int",100.00,4.160105,4.160105,2,2,2026-10-06T09:44:42+00:00
graviton3,simde,128,main_select,2,"select_long",100.00,1.014690,1.014690,2,2,2026-10-06T09:44:42+00:00
graviton3,simde,128,main_select,2,"select_float",100.00,3.691582,3.691582,2,2,2026-10-06T09:44:42+00:00
graviton3,simde,128,main_select,2,"select_double",100.00,0.892536,0.892536,2,2,2026-10-06T09:44:42+00:00
graviton3,simde,128,main_select,2,"select_char",100.00,0.128797,0.128797,2,2,2026-10-06T09:44:42+00:00
graviton3,simde,128,main_select,2,"select_encoded",100.00,1.250371,1.250371,2,2,2026-10-06T09:44:42+00:00
graviton3,simde,256,main_select,2,"select_byte",100.00,2.839204,2.839204,2,2,2026-10-06T09:45:18+00:00
graviton3,simde,256,main_select,2,"select_short",100.00,3.442342,3.442342,2,2,2026-10-06T09:45:18+00:00
graviton3,simde,256,main_select,2,"select_int",100.00,3.859015,3.859015,2,2,2026-10-06T09:45:18+00:00
graviton3,simde,256,main_select,2,"select_long",100.00,0.782879,0.782879,2,2,2026-10-06T09:45:18+00:00
graviton3,simde,256,main_select,2,"select_float",100.00,3.519886,3.519886,2,2,2026-10-06T09:45:18+00:00
graviton3,simde,256,main_select,2,"select_double",100.00,0.670603,0.670603,2,2,2026-10-06T09:45:18+00:00
graviton3,simde,256,main_select,2,"select_char",100.00,0.072928,0.072928,2,2,2026-10-06T09:45:18+00:00
graviton3,simde,256,main_select,2,"select_encoded",100.00,1.308391,1.308391,2,2,2026-10-06T09:45:18+00:00
graviton3,simde,128,main_filter,2,"filter_byte_eq",100.00,0.066393,0.066393,2,2,2026-10-06T09:47:05+00:00
graviton3,simde,128,main_filter,2,"filter_byte_lt",100.00,0.041357,0.041357,2,2,2026-10-06T09:47:05+00:00
graviton3,simde,128,main_filter,2,"filter_byte_gt",100.00,0.040910,0.040910,2,2,2026-10-06T09:47:05+00:00
graviton3,simde,128,main_filter,2,"filter_byte_ne",100.00,0.032681,0.032681,2,2,2026-10-06T09:47:05+00:00
graviton3,simde,128,main_filter,2,"filter_byte_le",100.00,0.041280,0.041280,2,2,2026-10-06T09:47:05+00:00
graviton3,simde,128,main_filter,2,"filter_byte_ge",100.00,0.041211,0.041211,2,2,2026-10-06T09:47:05+00:00
graviton3,simde,128,main_filter,2,"filter_short_eq",100.00,0.045632,0.045632,2,2,2026-10-06T09:47:05+00:00
graviton3,simde,128,main_filter,2,"filter_short_lt",100.00,0.032534,0.032534,2,2,2026-10-06T09:47:05+00:00
graviton3,simde,128,main_filter,2,"filter_short_gt",100.00,0.033198,0.033198,2,2,2026-10-06T09:47:05+00:00
graviton3,simde,128,main_filter,2,"filter_short_ne",100.00,0.029181,0.029181,2,2,2026-10-06T09:47:05+00:00
graviton3,simde,128,main_filter,2,"filter_short_le",100.00,0.033009,0.033009,2,2,2026-10-06T09:47:05+00:00
graviton3,simde,128,main_filter,2,"filter_short_ge",100.00,0.033257,0.033257,2,2,2026-10-06T09:47:05+00:00
graviton3,simde,128,main_filter,2,"filter_int_eq",100.00,0.040925,0.040925,2,2,2026-10-06T09:47:05+00:00
graviton3,simde,128,main_filter,2,"filter_int_lt",100.00,0.032077,0.032077,2,2,2026-10-06T09:47:05+00:00
graviton3,simde,128,main_filter,2,"filter_int_gt",100.00,0.031890,0.031890,2,2,2026-10-06T09:47:05+00:00
graviton3,simde,128,main_filter,2,"filter_int_ne",100.00,0.028944,0.028944,2,2,2026-10-06T09:47:05+00:00
graviton3,simde,128,main_filter,2,"filter_int_le",100.00,0.031860,0.031860,2,2,2026-10-06T09:47:05+00:00
graviton3,simde,128,main_filter,2,"filter_int_ge",100.00,0.031978,0.031978,2,2,2026-10-06T09:47:05+00:00
graviton3,simde,128,main_filter,2,"filter_long_eq",100.00,0.038560,0.038560,2,2,2026-10-06T09:47:05+00:00
graviton3,simde,128,main_filter,2,"filter_long_lt",100.00,0.032256,0.032256,2,2,2026-10-06T09:47:05+00:00
graviton3,simde,128,main_filter,2,"filter_long_gt",100.00,0.032184,0.032184,2,2,2026-10-06T09:47:05+00:00
graviton3,simde,128,main_filter,2,"filter_long_ne",100.00,0.027853,0.027853,2,2,2026-10-06T09:47:05+00:00
graviton3,simde,128,main_filter,2,"filter_long_le",100.00,0.032225,0.032225,2,2,2026-10-06T09:47:05+00:00
graviton3,simde,128,main_filter,2,"filter_long_ge",100.00,0.032267,0.032267,2,2,2026-10-06T09:47:05+00:00
graviton3,simde,128,main_filter,2,"filter_float_eq",100.00,0.042486,0.042486,2,2,2026-10-06T09:47:05+00:00
graviton3,simde,128,main_filter,2,"filter_float_lt",100.00,0.032858,0.032858,2,2,2026-10-06T09:47:05+00:00
graviton3,simde,128,main_filter,2,"filter_float_gt",100.00,0.032768,0.032768,2,2,2026-10-06T09:47:05+00:00
graviton3,simde,128,main_filter,2,"filter_float_ne",100.00,0.028599,0.028599,2,2,2026-10-06T09:47:05+00:00
graviton3,simde,128,main_filter,2,"filter_float_le",100.00,0.032886,0.032886,2,2,2026-10-06T09:47:05+00:00
graviton3,simde,128,main_filter,2,"filter_float_ge",100.00,0.032955,0.032955,2,2,2026-10-06T09:47:05+00:00
graviton3,simde,128,main_filter,2,"filter_double_eq",100.00,0.037743,0.037743,2,2,2026-10-06T09:47:05+00:00
graviton3,simde,128,main_filter,2,"filter_double_lt",100.00,0.032272,0.032272,2,2,2026-10-06T09:47:05+00:00
graviton3,simde,128,main_filter,2,"filter_double_gt",100.00,0.032349,0.032349,2,2,2026-10-06T09:47:05+00:00
graviton3,simde,128,main_filter,2,"filter_double_ne",100.00,0.028090,0.028090,2,2,2026-10-06T09:47:05+00:00
graviton3,simde,128,main_filter,2,"filter_double_le",100.00,0.031885,0.031885,2,2,2026-10-06T09:47:05+00:00
graviton3,simde,128,main_filter,2,"filter_double_ge",100.00,0.032112,0.032112,2,2,2026-10-06T09:47:05+00:00
graviton3,simde,128,main_filter,2,"filter_char_eq",100.00,0.033934,0.033934,2,2,2026-10-06T09:47:05+00:00
graviton3,simde,128,main_filter,2,"filter_char_lt",100.00,0.024001,0.024001,2,2,2026-10-06T09:47:05+00:00
graviton3,simde,128,main_filter,2,"filter_char_gt",100.00,0.024007,0.024007,2,2,2026-10-06T09:47:05+00:00
graviton3,simde,128,main_filter,2,"filter_char_ne",100.00,0.031055,0.031055,2,2,2026-10-06T09:47:05+00:00
graviton3,simde,128,main_filter,2,"filter_char_le",100.00,0.024344,0.024344,2,2,2026-10-06T09:47:05+00:00
graviton3,simde,128,main_filter,2,"filter_char_ge",100.00,0.024339,0.024339,2,2,2026-10-06T09:47:05+00:00
graviton3,simde,256,main_filter,2,"filter_byte_eq",100.00,0.057569,0.057569,2,2,2026-10-06T09:47:28+00:00
graviton3,simde,256,main_filter,2,"filter_byte_lt",100.00,0.040795,0.040795,2,2,2026-10-06T09:47:28+00:00
graviton3,simde,256,main_filter,2,"filter_byte_gt",100.00,0.040313,0.040313,2,2,2026-10-06T09:47:28+00:00
graviton3,simde,256,main_filter,2,"filter_byte_ne",100.00,0.032604,0.032604,2,2,2026-10-06T09:47:28+00:00
graviton3,simde,256,main_filter,2,"filter_byte_le",100.00,0.040699,0.040699,2,2,2026-10-06T09:47:28+00:00
graviton3,simde,256,main_filter,2,"filter_byte_ge",100.00,0.040233,0.040233,2,2,2026-10-06T09:47:28+00:00
graviton3,simde,256,main_filter,2,"filter_short_eq",100.00,0.040665,0.040665,2,2,2026-10-06T09:47:28+00:00
graviton3,simde,256,main_filter,2,"filter_short_lt",100.00,0.031804,0.031804,2,2,2026-10-06T09:47:28+00:00
graviton3,simde,256,main_filter,2,"filter_short_gt",100.00,0.032371,0.032371,2,2,2026-10-06T09:47:28+00:00
graviton3,simde,256,main_filter,2,"filter_short_ne",100.00,0.029374,0.029374,2,2,2026-10-06T09:47:28+00:00
graviton3,simde,256,main_filter,2,"filter_short_le",100.00,0.032922,0.032922,2,2,2026-10-06T09:47:28+00:00
graviton3,simde,256,main_filter,2,"filter_short_ge",100.00,0.031953,0.031953,2,2,2026-10-06T09:47:28+00:00
graviton3,simde,256,main_filter,2,"filter_int_eq",100.00,0.037453,0.037453,2,2,2026-10-06T09:47:28+00:00
graviton3,simde,256,main_filter,2,"filter_int_lt",100.00,0.031046,0.031046,2,2,2026-10-06T09:47:28+00:00
graviton3,simde,256,main_filter,2,"filter_int_gt",100.00,0.031187,0.031187,2,2,2026-10-06T09:47:28+00:00
graviton3,simde,256,main_filter,2,"filter_int_ne",100.00,0.028501,0.028501,2,2,2026-10-06T09:47:28+00:00
graviton3,simde,256,main_filter,2,"filter_int_le",100.00,0.031521,0.031521,2,2,2026-10-06T09:47:28+00:00
graviton3,simde,256,main_filter,2,"filter_int_ge",100.00,0.031004,0.031004,2,2,2026-10-06T09:47:28+00:00
graviton3,simde,256,main_filter,2,"filter_long_eq",100.00,0.035337,0.035337,2,2,2026-10-06T09:47:28+00:00
graviton3,simde,256,main_filter,2,"filter_long_lt",100.00,0.030709,0.030709,2,2,2026-10-06T09:47:28+00:00
graviton3,simde,256,main_filter,2,"filter_long_gt",100.00,0.030411,0.030411,2,2,2026-10-06T09:47:28+00:00
graviton3,simde,256,main_filter,2,"filter_long_ne",100.00,0.026904,0.026904,2,2,2026-10-06T09:47:28+00:00
graviton3,simde,256,main_filter,2,"filter_long_le",100.00,0.030863,0.030863,2,2,2026-10-06T09:47:28+00:00
graviton3,simde,256,main_filter,2,"filter_long_ge",100.00,0.030130,0.030130,2,2,2026-10-06T09:47:28+00:00
graviton3,simde,256,main_filter,2,"filter_float_eq",100.00,0.039502,0.039502,2,2,2026-10-06T09:47:28+00:00
graviton3,simde,256,main_filter,2,"filter_float_lt",100.00,0.031184,0.031184,2,2,2026-10-06T09:47:28+00:00
graviton3,simde,256,main_filter,2,"filter_float_gt",100.00,0.031180,0.031180,2,2,2026-10-06T09:47:28+00:00
graviton3,simde,256,main_filter,2,"filter_float_ne",100.00,0.029077,0.029077,2,2,2026-10-06T09:47:28+00:00
graviton3,simde,256,main_filter,2,"filter_float_le",100.00,0.031348,0.031348,2,2,2026-10-06T09:47:28+00:00
graviton3,simde,256,main_filter,2,"filter_float_ge",100.00,0.031163,0.031163,2,2,2026-10-06T09:47:28+00:00
graviton3,simde,256,main_filter,2,"filter_double_eq",100.00,0.034065,0.034065,2,2,2026-10-06T09:47:28+00:00
graviton3,simde,256,main_filter,2,"filter_double_lt",100.00,0.030015,0.030015,2,2,2026-10-06T09:47:28+00:00
graviton3,simde,256,main_filter,2,"filter_double_gt",100.00,0.029876,0.029876,2,2,2026-10-06T09:47:28+00:00
graviton3,simde,256,main_filter,2,"filter_double_ne",100.00,0.026519,0.026519,2,2,2026-10-06T09:47:28+00:00
graviton3,simde,256,main_filter,2,"filter_double_le",100.00,0.030142,0.030142,2,2,2026-10-06T09:47:28+00:00
graviton3,simde,256,main_filter,2,"filter_double_ge",100.00,0.029616,0.029616,2,2,2026-10-06T09:47:28+00:00
graviton3,simde,256,main_filter,2,"filter_char_eq",100.00,0.030370,0.030370,2,2,2026-10-06T09:47:28+00:00
graviton3,simde,256,main_filter,2,"filter_char_lt",100.00,0.020615,0.020615,2,2,2026-10-06T09:47:28+00:00
graviton3,simde,256,main_filter,2,"filter_char_gt",100.00,0.020878,0.020878,2,2,2026-10-06T09:47:28+00:00
graviton3,simde,256,main_filter,2,"filter_char_ne",100.00,0.028484,0.028484,2,2,2026-10-06T09:47:28+00:00
graviton3,simde,256,main_filter,2,"filter_char_le",100.00,0.021137,0.021137,2,2,2026-10-06T09:47:28+00:00
graviton3,simde,256,main_filter,2,"filter_char_ge",100.00,0.021031,0.021031,2,2,2026-10-06T09:47:28+00:00
graviton3,simde,128,main_shuffle,2,"shuffle_offset",100.00,0.071158,0.071158,2,2,2026-10-06T09:48:34+00:00
graviton3,simde,128,main_shuffle,2,"shuffle_byte",100.00,0.905677,0.905677,2,2,2026-10-06T09:48:34+00:00
graviton3,simde,128,main_shuffle,2,"flush_byte",100.00,1497.430918,1497.430918,2,2,2026-10-06T09:48:34+00:00
graviton3,simde,128,main_shuffle,2,"shuffle_short",100.00,0.711903,0.711903,2,2,2026-10-06T09:48:34+00:00
graviton3,simde,128,main_shuffle,2,"flush_short",100.00,1638.208022,1638.208022,2,2,2026-10-06T09:48:34+00:00
graviton3,simde,128,main_shuffle,2,"shuffle_int",100.00,0.569029,0.569029,2,2,2026-10-06T09:48:34+00:00
graviton3,simde,128,main_shuffle,2,"flush_int",100.00,2024.082618,2024.082618,2,2,2026-10-06T09:48:34+00:00
graviton3,simde,128,main_shuffle,2,"shuffle_long",100.00,0.430465,0.430465,2,2,2026-10-06T09:48:34+00:00
graviton3,simde,128,main_shuffle,2,"flush_long",100.00,2557.190587,2557.190587,2,2,2026-10-06T09:48:34+00:00
graviton3,simde,128,main_shuffle,2,"shuffle_char",100.00,0.032726,0.032726,2,2,2026-10-06T09:48:34+00:00
graviton3,simde,128,main_shuffle,2,"flush_char",100.00,1716.966550,1716.966550,2,2,2026-10-06T09:48:34+00:00
graviton3,simde,256,main_shuffle,2,"shuffle_offset",100.00,0.072456,0.072456,2,2,2026-10-06T09:50:58+00:00
graviton3,simde,256,main_shuffle,2,"shuffle_byte",100.00,0.802081,0.802081,2,2,2026-10-06T09:50:58+00:00
graviton3,simde,256,main_shuffle,2,"flush_byte",100.00,1560.845490,1560.845490,2,2,2026-10-06T09:50:58+00:00
graviton3,simde,256,main_shuffle,2,"shuffle_short",100.00,0.676632,0.676632,2,2,2026-10-06T09:50:58+00:00
graviton3,simde,256,main_shuffle,2,"flush_short",100.00,1695.421804,1695.421804,2,2,2026-10-06T09:50:58+00:00
graviton3,simde,256,main_shuffle,2,"shuffle_int",100.00,0.578755,0.578755,2,2,2026-10-06T09:50:58+00:00
graviton3,simde,256,main_shuffle,2,"flush_int",100.00,2090.879362,2090.879362,2,2,2026-10-06T09:50:58+00:00
graviton3,simde,256,main_shuffle,2,"shuffle_long",100.00,0.431121,0.431121,2,2,2026-10-06T09:50:58+00:00
graviton3,simde,256,main_shuffle,2,"flush_long",100.00,2534.016433,2534.016433,2,2,2026-10-06T09:50:58+00:00
graviton3,simde,256,main_shuffle,2,"shuffle_char",100.00,0.034404,0.034404,2,2,2026-10-06T09:50:58+00:00
graviton3,simde,256,main_shuffle,2,"flush_char",100.00,1794.453354,1794.453354,2,2,2026-10-06T09:50:58+00:00
graviton3,simde,128,main_expr,2,"expr_float/+",100.00,4.924588,4.924588,2,2,2026-10-06T09:57:56+00:00
graviton3,simde,128,main_expr,2,"expr_float/-",100.00,6.461211,6.461211,2,2,2026-10-06T09:57:56+00:00
graviton3,simde,128,main_expr,2,"expr_float/*",100.00,6.812930,6.812930,2,2,2026-10-06T09:57:56+00:00
graviton3,simde,128,main_expr,2,"expr_float//",100.00,3.416585,3.416585,2,2,2026-10-06T09:57:56+00:00
graviton3,simde,128,main_expr,2,"expr_double/+",100.00,2.328126,2.328126,2,2,2026-10-06T09:57:56+00:00
graviton3,simde,128,main_expr,2,"expr_double/-",100.00,2.843262,2.843262,2,2,2026-10-06T09:57:56+00:00
graviton3,simde,128,main_expr,2,"expr_double/*",100.00,2.983601,2.983601,2,2,2026-10-06T09:57:56+00:00
graviton3,simde,128,main_expr,2,"expr_double//",100.00,1.029415,1.029415,2,2,2026-10-06T09:57:56+00:00
graviton3,simde,128,main_expr,2,"expr_decimal/+",100.00,1.909235,1.909235,2,2,2026-10-06T09:57:56+00:00
graviton3,simde,128,main_expr,2,"expr_decimal/-",100.00,2.250413,2.250413,2,2,2026-10-06T09:57:56+00:00
graviton3,simde,128,main_expr,2,"expr_decimal/*",100.00,0.312308,0.312308,2,2,2026-10-06T09:57:56+00:00
graviton3,simde,128,main_expr,2,"expr_decimal//",100.00,0.220789,0.220789,2,2,2026-10-06T09:57:56+00:00
graviton3,simde,256,main_expr,2,"expr_float/+",100.00,4.870048,4.870048,2,2,2026-10-06T09:57:58+00:00
graviton3,simde,256,main_expr,2,"expr_float/-",100.00,6.279331,6.279331,2,2,2026-10-06T09:57:58+00:00
graviton3,simde,256,main_expr,2,"expr_float/*",100.00,6.625420,6.625420,2,2,2026-10-06T09:57:58+00:00
graviton3,simde,256,main_expr,2,"expr_float//",100.00,3.423899,3.423899,2,2,2026-10-06T09:57:58+00:00
graviton3,simde,256,main_expr,2,"expr_double/+",100.00,2.269437,2.269437,2,2,2026-10-06T09:57:58+00:00
graviton3,simde,256,main_expr,2,"expr_double/-",100.00,2.784654,2.784654,2,2,2026-10-06T09:57:58+00:00
graviton3,simde,256,main_expr,2,"expr_double/*",100.00,2.926625,2.926625,2,2,2026-10-06T09:57:58+00:00
graviton3,simde,256,main_expr,2,"expr_double//",100.00,1.028604,1.028604,2,2,2026-10-06T09:57:58+00:00
graviton3,simde,256,main_expr,2,"expr_decimal/+",100.00,1.623430,1.623430,2,2,2026-10-06T09:57:58+00:00
graviton3,simde,256,main_expr,2,"expr_decimal/-",100.00,1.886324,1.886324,2,2,2026-10-06T09:57:58+00:00
graviton3,simde,256,main_expr,2,"expr_decimal/*",100.00,0.241860,0.241860,2,2,2026-10-06T09:57:58+00:00
graviton3,simde,256,main_expr,2,"expr_decimal//",100.00,0.194531,0.194531,2,2,2026-10-06T09:57:58+00:00
graviton3,simde,128,main_part,2,"int * 1 | 2^4",,0.2336,0.2336,2,2,2026-10-06T09:58:10+00:00
graviton3,simde,128,main_part,2,"int * 1 | 2^4",,0.2336,0.2336,2,2,2026-10-06T09:58:10+00:00
graviton3,simde,128,main_part,2,"int * 1 | 2^4",,0.2333,0.2333,2,2,2026-10-06T09:58:10+00:00
graviton3,simde,128,main_part,2,"int * 1 | 2^4",,0.2337,0.2337,2,2,2026-10-06T09:58:10+00:00
graviton3,simde,128,main_part,2,"int * 1 | 2^4",,0.2337,0.2337,2,2,2026-10-06T09:58:10+00:00
graviton3,simde,128,main_part,2,"int * 1 | 2^5",,0.2239,0.2239,2,2,2026-10-06T09:58:10+00:00
graviton3,simde,128,main_part,2,"int * 1 | 2^5",,0.2304,0.2304,2,2,2026-10-06T09:58:10+00:00
graviton3,simde,128,main_part,2,"int * 1 | 2^5",,0.2335,0.2335,2,2,2026-10-06T09:58:10+00:00
graviton3,simde,128,main_part,2,"int * 1 | 2^5",,0.2337,0.2337,2,2,2026-10-06T09:58:10+00:00
graviton3,simde,128,main_part,2,"int * 1 | 2^5",,0.2336,0.2336,2,2,2026-10-06T09:58:10+00:00
graviton3,simde,128,main_part,2,"int * 1 | 2^6",,0.2335,0.2335,2,2,2026-10-06T09:58:10+00:00
graviton3,simde,128,main_part,2,"int * 1 | 2^6",,0.2335,0.2335,2,2,2026-10-06T09:58:10+00:00
graviton3,simde,128,main_part,2,"int * 1 | 2^6",,0.2335,0.2335,2,2,2026-10-06T09:58:10+00:00
graviton3,simde,128,main_part,2,"int * 1 | 2^6",,0.2335,0.2335,2,2,2026-10-06T09:58:10+00:00
graviton3,simde,128,main_part,2,"int * 1 | 2^6",,0.2336,0.2336,2,2,2026-10-06T09:58:10+00:00
graviton3,simde,128,main_part,2,"int * 1 | 2^7",,0.2283,0.2283,2,2,2026-10-06T09:58:10+00:00
graviton3,simde,128,main_part,2,"int * 1 | 2^7",,0.2336,0.2336,2,2,2026-10-06T09:58:10+00:00
graviton3,simde,128,main_part,2,"int * 1 | 2^7",,0.2334,0.2334,2,2,2026-10-06T09:58:10+00:00
graviton3,simde,128,main_part,2,"int * 1 | 2^7",,0.2334,0.2334,2,2,2026-10-06T09:58:10+00:00
graviton3,simde,128,main_part,2,"int * 1 | 2^7",,0.2333,0.2333,2,2,2026-10-06T09:58:10+00:00
graviton3,simde,128,main_part,2,"int * 1 | 2^8",,0.2320,0.2320,2,2,2026-10-06T09:58:10+00:00
graviton3,simde,128,main_part,2,"int * 1 | 2^8",,0.2321,0.2321,2,2,2026-10-06T09:58:10+00:00
graviton3,simde,128,main_part,2,"int * 1 | 2^8",,0.2321,0.2321,2,2,2026-10-06T09:58:10+00:00
graviton3,simde,128,main_part,2,"int * 1 | 2^8",,0.2322,0.2322,2,2,2026-10-06T09:58:10+00:00
graviton3,simde,128,main_part,2,"int * 1 | 2^8",,0.2321,0.2321,2,2,2026-10-06T09:58:10+00:00
graviton3,simde,128,main_part,2,"int * 2 | 2^4",,0.2185,0.2185,2,2,2026-10-06T09:58:10+00:00
graviton3,simde,128,main_part,2,"int * 2 | 2^4",,0.2184,0.2184,2,2,2026-10-06T09:58:10+00:00
graviton3,simde,128,main_part,2,"int * 2 | 2^4",,0.2185,0.2185,2,2,2026-10-06T09:58:10+00:00
graviton3,simde,128,main_part,2,"int * 2 | 2^4",,0.2185,0.2185,2,2,2026-10-06T09:58:10+00:00
graviton3,simde,128,main_part,2,"int * 2 | 2^4",,0.2184,0.2184,2,2,2026-10-06T09:58:10+00:00
graviton3,simde,128,main_part,2,"int * 2 | 2^5",,0.2182,0.2182,2,2,2026-10-06T09:58:10+00:00
graviton3,simde,128,main_part,2,"int * 2 | 2^5",,0.2182,0.2182,2,2,2026-10-06T09:58:10+00:00
graviton3,simde,128,main_part,2,"int * 2 | 2^5",,0.2182,0.2182,2,2,2026-10-06T09:58:10+00:00
graviton3,simde,128,main_part,2,"int * 2 | 2^5",,0.2182,0.2182,2,2,2026-10-06T09:58:10+00:00
graviton3,simde,128,main_part,2,"int * 2 | 2^5",,0.2182,0.2182,2,2,2026-10-06T09:58:10+00:00
graviton3,simde,128,main_part,2,"int * 2 | 2^6",,0.2178,0.2178,2,2,2026-10-06T09:58:10+00:00
graviton3,simde,128,main_part,2,"int * 2 | 2^6",,0.2177,0.2177,2,2,2026-10-06T09:58:10+00:00
graviton3,simde,128,main_part,2,"int * 2 | 2^6",,0.2178,0.2178,2,2,2026-10-06T09:58:10+00:00
graviton3,simde,128,main_part,2,"int * 2 | 2^6",,0.2179,0.2179,2,2,2026-10-06T09:58:10+00:00
graviton3,simde,128,main_part,2,"int * 2 | 2^6",,0.2178,0.2178,2,2,2026-10-06T09:58:10+00:00
graviton3,simde,128,main_part,2,"int * 2 | 2^7",,0.2174,0.2174,2,2,2026-10-06T09:58:10+00:00
graviton3,simde,128,main_part,2,"int * 2 | 2^7",,0.2173,0.2173,2,2,2026-10-06T09:58:10+00:00
graviton3,simde,128,main_part,2,"int * 2 | 2^7",,0.2174,0.2174,2,2,2026-10-06T09:58:10+00:00
graviton3,simde,128,main_part,2,"int * 2 | 2^7",,0.2174,0.2174,2,2,2026-10-06T09:58:10+00:00
graviton3,simde,128,main_part,2,"int * 2 | 2^7",,0.2174,0.2174,2,2,2026-10-06T09:58:10+00:00
graviton3,simde,128,main_part,2,"int * 2 | 2^8",,0.2089,0.2089,2,2,2026-10-06T09:58:10+00:00
graviton3,simde,128,main_part,2,"int * 2 | 2^8",,0.2090,0.2090,2,2,2026-10-06T09:58:10+00:00
graviton3,simde,128,main_part,2,"int * 2 | 2^8",,0.2087,0.2087,2,2,2026-10-06T09:58:10+00:00
graviton3,simde,128,main_part,2,"int * 2 | 2^8",,0.2091,0.2091,2,2,2026-10-06T09:58:10+00:00
graviton3,simde,128,main_part,2,"int * 2 | 2^8",,0.2090,0.2090,2,2,2026-10-06T09:58:10+00:00
graviton3,simde,128,main_part,2,"int * 3 | 2^4",,0.2049,0.2049,2,2,2026-10-06T09:58:10+00:00
graviton3,simde,128,main_part,2,"int * 3 | 2^4",,0.2050,0.2050,2,2,2026-10-06T09:58:10+00:00
graviton3,simde,128,main_part,2,"int * 3 | 2^4",,0.2051,0.2051,2,2,2026-10-06T09:58:10+00:00
graviton3,simde,128,main_part,2,"int * 3 | 2^4",,0.2050,0.2050,2,2,2026-10-06T09:58:10+00:00
graviton3,simde,128,main_part,2,"int * 3 | 2^4",,0.2050,0.2050,2,2,2026-10-06T09:58:10+00:00
graviton3,simde,128,main_part,2,"int * 3 | 2^5",,0.2046,0.2046,2,2,2026-10-06T09:58:10+00:00
graviton3,simde,128,main_part,2,"int * 3 | 2^5",,0.2047,0.2047,2,2,2026-10-06T09:58:10+00:00
graviton3,simde,128,main_part,2,"int * 3 | 2^5",,0.2047,0.2047,2,2,2026-10-06T09:58:10+00:00
graviton3,simde,128,main_part,2,"int * 3 | 2^5",,0.2046,0.2046,2,2,2026-10-06T09:58:10+00:00
graviton3,simde,128,main_part,2,"int * 3 | 2^5",,0.2045,0.2045,2,2,2026-10-06T09:58:10+00:00
graviton3,simde,128,main_part,2,"int * 3 | 2^6",,0.2038,0.2038,2,2,2026-10-06T09:58:10+00:00
graviton3,simde,128,main_part,2,"int * 3 | 2^6",,0.2040,0.2040,2,2,2026-10-06T09:58:10+00:00
graviton3,simde,128,main_part,2,"int * 3 | 2^6",,0.2038,0.2038,2,2,2026-10-06T09:58:10+00:00
graviton3,simde,128,main_part,2,"int * 3 | 2^6",,0.2038,0.2038,2,2,2026-10-06T09:58:10+00:00
graviton3,simde,128,main_part,2,"int * 3 | 2^6",,0.2039,0.2039,2,2,2026-10-06T09:58:10+00:00
graviton3,simde,128,main_part,2,"int * 3 | 2^7",,0.2034,0.2034,2,2,2026-10-06T09:58:10+00:00
graviton3,simde,128,main_part,2,"int * 3 | 2^7",,0.2034,0.2034,2,2,2026-10-06T09:58:10+00:00
graviton3,simde,128,main_part,2,"int * 3 | 2^7",,0.2034,0.2034,2,2,2026-10-06T09:58:10+00:00
graviton3,simde,128,main_part,2,"int * 3 | 2^7",,0.2034,0.2034,2,2,2026-10-06T09:58:10+00:00
graviton3,simde,128,main_part,2,"int * 3 | 2^7",,0.2035,0.2035,2,2,2026-10-06T09:58:10+00:00
graviton3,simde,128,main_part,2,"int * 3 | 2^8",,0.1924,0.1924,2,2,2026-10-06T09:58:10+00:00
graviton3,simde,128,main_part,2,"int * 3 | 2^8",,0.1925,0.1925,2,2,2026-10-06T09:58:10+00:00
graviton3,simde,128,main_part,2,"int * 3 | 2^8",,0.1922,0.1922,2,2,2026-10-06T09:58:10+00:00
graviton3,simde,128,main_part,2,"int * 3 | 2^8",,0.1927,0.1927,2,2,2026-10-06T09:58:10+00:00
graviton3,simde,128,main_part,2,"int * 3 | 2^8",,0.1923,0.1923,2,2,2026-10-06T09:58:10+00:00
graviton3,simde,256,main_part,2,"int * 1 | 2^4",,0.2273,0.2273,2,2,2026-10-06T09:58:28+00:00
graviton3,simde,256,main_part,2,"int * 1 | 2^4",,0.2275,0.2275,2,2,2026-10-06T09:58:28+00:00
graviton3,simde,256,main_part,2,"int * 1 | 2^4",,0.2274,0.2274,2,2,2026-10-06T09:58:28+00:00
graviton3,simde,256,main_part,2,"int * 1 | 2^4",,0.2276,0.2276,2,2,2026-10-06T09:58:28+00:00
graviton3,simde,256,main_part,2,"int * 1 | 2^4",,0.2275,0.2275,2,2,2026-10-06T09:58:28+00:00
graviton3,simde,256,main_part,2,"int * 1 | 2^5",,0.2274,0.2274,2,2,2026-10-06T09:58:28+00:00
graviton3,simde,256,main_part,2,"int * 1 | 2^5",,0.2276,0.2276,2,2,2026-10-06T09:58:28+00:00
graviton3,simde,256,main_part,2,"int * 1 | 2^5",,0.2276,0.2276,2,2,2026-10-06T09:58:28+00:00
graviton3,simde,256,main_part,2,"int * 1 | 2^5",,0.2276,0.2276,2,2,2026-10-06T09:58:28+00:00
graviton3,simde,256,main_part,2,"int * 1 | 2^5",,0.2276,0.2276,2,2,2026-10-06T09:58:28+00:00
graviton3,simde,256,main_part,2,"int * 1 | 2^6",,0.2271,0.2271,2,2,2026-10-06T09:58:28+00:00
graviton3,simde,256,main_part,2,"int * 1 | 2^6",,0.2270,0.2270,2,2,2026-10-06T09:58:28+00:00
graviton3,simde,256,main_part,2,"int * 1 | 2^6",,0.2274,0.2274,2,2,2026-10-06T09:58:28+00:00
graviton3,simde,256,main_part,2,"int * 1 | 2^6",,0.2273,0.2273,2,2,2026-10-06T09:58:28+00:00
graviton3,simde,256,main_part,2,"int * 1 | 2^6",,0.2273,0.2273,2,2,2026-10-06T09:58:28+00:00
graviton3,simde,256,main_part,2,"int * 1 | 2^7",,0.2272,0.2272,2,2,2026-10-06T09:58:28+00:00
graviton3,simde,256,main_part,2,"int * 1 | 2^7",,0.2272,0.2272,2,2,2026-10-06T09:58:28+00:00
graviton3,simde,256,main_part,2,"int * 1 | 2^7",,0.2272,0.2272,2,2,2026-10-06T09:58:28+00:00
graviton3,simde,256,main_part,2,"int * 1 | 2^7",,0.2273,0.2273,2,2,2026-10-06T09:58:28+00:00
graviton3,simde,256,main_part,2,"int * 1 | 2^7",,0.2271,0.2271,2,2,2026-10-06T09:58:28+00:00
graviton3,simde,256,main_part,2,"int * 1 | 2^8",,0.2256,0.2256,2,2,2026-10-06T09:58:28+00:00
graviton3,simde,256,main_part,2,"int * 1 | 2^8",,0.2257,0.2257,2,2,2026-10-06T09:58:28+00:00
graviton3,simde,256,main_part,2,"int * 1 | 2^8",,0.2257,0.2257,2,2,2026-10-06T09:58:28+00:00
graviton3,simde,256,main_part,2,"int * 1 | 2^8",,0.2257,0.2257,2,2,2026-10-06T09:58:28+00:00
graviton3,simde,256,main_part,2,"int * 1 | 2^8",,0.2256,0.2256,2,2,2026-10-06T09:58:28+00:00
graviton3,simde,256,main_part,2,"int * 2 | 2^4",,0.2150,0.2150,2,2,2026-10-06T09:58:28+00:00
graviton3,simde,256,main_part,2,"int * 2 | 2^4",,0.2150,0.2150,2,2,2026-10-06T09:58:28+00:00
graviton3,simde,256,main_part,2,"int * 2 | 2^4",,0.2151,0.2151,2,2,2026-10-06T09:58:28+00:00
graviton3,simde,256,main_part,2,"int * 2 | 2^4",,0.2150,0.2150,2,2,2026-10-06T09:58:28+00:00
graviton3,simde,256,main_part,2,"int * 2 | 2^4",,0.2150,0.2150,2,2,2026-10-06T09:58:28+00:00
graviton3,simde,256,main_part,2,"int * 2 | 2^5",,0.2149,0.2149,2,2,2026-10-06T09:58:28+00:00
graviton3,simde,256,main_part,2,"int * 2 | 2^5",,0.2148,0.2148,2,2,2026-10-06T09:58:28+00:00
graviton3,simde,256,main_part,2,"int * 2 | 2^5",,0.2149,0.2149,2,2,2026-10-06T09:58:28+00:00
graviton3,simde,256,main_part,2,"int * 2 | 2^5",,0.2148,0.2148,2,2,2026-10-06T09:58:28+00:00
graviton3,simde,256,main_part,2,"int * 2 | 2^5",,0.2149,0.2149,2,2,2026-10-06T09:58:28+00:00
graviton3,simde,256,main_part,2,"int * 2 | 2^6",,0.2143,0.2143,2,2,2026-10-06T09:58:28+00:00
graviton3,simde,256,main_part,2,"int * 2 | 2^6",,0.2144,0.2144,2,2,2026-10-06T09:58:28+00:00
graviton3,simde,256,main_part,2,"int * 2 | 2^6",,0.2144,0.2144,2,2,2026-10-06T09:58:28+00:00
graviton3,simde,256,main_part,2,"int * 2 | 2^6",,0.2144,0.2144,2,2,2026-10-06T09:58:28+00:00
graviton3,simde,256,main_part,2,"int * 2 | 2^6",,0.2145,0.2145,2,2,2026-10-06T09:58:28+00:00
graviton3,simde,256,main_part,2,"int * 2 | 2^7",,0.2141,0.2141,2,2,2026-10-06T09:58:28+00:00
graviton3,simde,256,main_part,2,"int * 2 | 2^7",,0.2140,0.2140,2,2,2026-10-06T09:58:28+00:00
graviton3,simde,256,main_part,2,"int * 2 | 2^7",,0.2139,0.2139,2,2,2026-10-06T09:58:28+00:00
graviton3,simde,256,main_part,2,"int * 2 | 2^7",,0.2141,0.2141,2,2,2026-10-06T09:58:28+00:00
graviton3,simde,256,main_part,2,"int * 2 | 2^7",,0.2139,0.2139,2,2,2026-10-06T09:58:28+00:00
graviton3,simde,256,main_part,2,"int * 2 | 2^8",,0.2074,0.2074,2,2,2026-10-06T09:58:28+00:00
graviton3,simde,256,main_part,2,"int * 2 | 2^8",,0.2077,0.2077,2,2,2026-10-06T09:58:28+00:00
graviton3,simde,256,main_part,2,"int * 2 | 2^8",,0.2075,0.2075,2,2,2026-10-06T09:58:28+00:00
graviton3,simde,256,main_part,2,"int * 2 | 2^8",,0.2074,0.2074,2,2,2026-10-06T09:58:28+00:00
graviton3,simde,256,main_part,2,"int * 2 | 2^8",,0.2075,0.2075,2,2,2026-10-06T09:58:28+00:00
graviton3,simde,256,main_part,2,"int * 3 | 2^4",,0.2036,0.2036,2,2,2026-10-06T09:58:28+00:00
graviton3,simde,256,main_part,2,"int * 3 | 2^4",,0.2035,0.2035,2,2,2026-10-06T09:58:28+00:00
graviton3,simde,256,main_part,2,"int * 3 | 2^4",,0.2036,0.2036,2,2,2026-10-06T09:58:28+00:00
graviton3,simde,256,main_part,2,"int * 3 | 2^4",,0.2035,0.2035,2,2,2026-10-06T09:58:28+00:00
graviton3,simde,256,main_part,2,"int * 3 | 2^4",,0.2033,0.2033,2,2,2026-10-06T09:58:28+00:00
graviton3,simde,256,main_part,2,"int * 3 | 2^5",,0.2034,0.2034,2,2,2026-10-06T09:58:28+00:00
graviton3,simde,256,main_part,2,"int * 3 | 2^5",,0.2034,0.2034,2,2,2026-10-06T09:58:28+00:00
graviton3,simde,256,main_part,2,"int * 3 | 2^5",,0.2034,0.2034,2,2,2026-10-06T09:58:28+00:00
graviton3,simde,256,main_part,2,"int * 3 | 2^5",,0.2034,0.2034,2,2,2026-10-06T09:58:28+00:00
graviton3,simde,256,main_part,2,"int * 3 | 2^5",,0.2035,0.2035,2,2,2026-10-06T09:58:28+00:00
graviton3,simde,256,main_part,2,"int * 3 | 2^6",,0.2026,0.2026,2,2,2026-10-06T09:58:28+00:00
graviton3,simde,256,main_part,2,"int * 3 | 2^6",,0.2027,0.2027,2,2,2026-10-06T09:58:28+00:00
graviton3,simde,256,main_part,2,"int * 3 | 2^6",,0.2027,0.2027,2,2,2026-10-06T09:58:28+00:00
graviton3,simde,256,main_part,2,"int * 3 | 2^6",,0.2027,0.2027,2,2,2026-10-06T09:58:28+00:00
graviton3,simde,256,main_part,2,"int * 3 | 2^6",,0.2027,0.2027,2,2,2026-10-06T09:58:28+00:00
graviton3,simde,256,main_part,2,"int * 3 | 2^7",,0.2022,0.2022,2,2,2026-10-06T09:58:28+00:00
graviton3,simde,256,main_part,2,"int * 3 | 2^7",,0.2022,0.2022,2,2,2026-10-06T09:58:28+00:00
graviton3,simde,256,main_part,2,"int * 3 | 2^7",,0.2020,0.2020,2,2,2026-10-06T09:58:28+00:00
graviton3,simde,256,main_part,2,"int * 3 | 2^7",,0.2022,0.2022,2,2,2026-10-06T09:58:28+00:00
graviton3,simde,256,main_part,2,"int * 3 | 2^7",,0.2022,0.2022,2,2,2026-10-06T09:58:28+00:00
graviton3,simde,256,main_part,2,"int * 3 | 2^8",,0.1946,0.1946,2,2,2026-10-06T09:58:28+00:00
graviton3,simde,256,main_part,2,"int * 3 | 2^8",,0.1945,0.1945,2,2,2026-10-06T09:58:28+00:00
graviton3,simde,256,main_part,2,"int * 3 | 2^8",,0.1946,0.1946,2,2,2026-10-06T09:58:28+00:00
graviton3,simde,256,main_part,2,"int * 3 | 2^8",,0.1942,0.1942,2,2,2026-10-06T09:58:28+00:00
graviton3,simde,256,main_part,2,"int * 3 | 2^8",,0.1939,0.1939,2,2,2026-10-06T09:58:28+00:00
graviton3,simde,128,main_aggr,2,"Codegen 1 sum",,0.1233,0.1233,2,2,2026-10-06T09:59:08+00:00
graviton3,simde,128,main_aggr,2,"Codegen 1 sum",,0.1238,0.1238,2,2,2026-10-06T09:59:08+00:00
graviton3,simde,128,main_aggr,2,"Codegen 1 sum",,0.1248,0.1248,2,2,2026-10-06T09:59:08+00:00
graviton3,simde,128,main_aggr,2,"Codegen 1 sum",,0.1243,0.1243,2,2,2026-10-06T09:59:08+00:00
graviton3,simde,128,main_aggr,2,"Codegen 1 sum",,0.1216,0.1216,2,2,2026-10-06T09:59:08+00:00
graviton3,simde,128,main_aggr,2,"Codegen 2 sum",,0.1212,0.1212,2,2,2026-10-06T09:59:08+00:00
graviton3,simde,128,main_aggr,2,"Codegen 2 sum",,0.1168,0.1168,2,2,2026-10-06T09:59:08+00:00
graviton3,simde,128,main_aggr,2,"Codegen 2 sum",,0.1208,0.1208,2,2,2026-10-06T09:59:08+00:00
graviton3,simde,128,main_aggr,2,"Codegen 2 sum",,0.1205,0.1205,2,2,2026-10-06T09:59:08+00:00
graviton3,simde,128,main_aggr,2,"Codegen 2 sum",,0.1204,0.1204,2,2,2026-10-06T09:59:08+00:00
graviton3,simde,128,main_aggr,2,"Codegen 3 sum",,0.1146,0.1146,2,2,2026-10-06T09:59:08+00:00
graviton3,simde,128,main_aggr,2,"Codegen 3 sum",,0.1133,0.1133,2,2,2026-10-06T09:59:08+00:00
graviton3,simde,128,main_aggr,2,"Codegen 3 sum",,0.1148,0.1148,2,2,2026-10-06T09:59:08+00:00
graviton3,simde,128,main_aggr,2,"Codegen 3 sum",,0.1149,0.1149,2,2,2026-10-06T09:59:08+00:00
graviton3,simde,128,main_aggr,2,"Codegen 3 sum",,0.1148,0.1148,2,2,2026-10-06T09:59:08+00:00
graviton3,simde,128,main_aggr,2,"Engine 1 sum",,0.0620,0.0620,2,2,2026-10-06T09:59:08+00:00
graviton3,simde,128,main_aggr,2,"Engine 1 sum",,0.0619,0.0619,2,2,2026-10-06T09:59:08+00:00
graviton3,simde,128,main_aggr,2,"Engine 1 sum",,0.0620,0.0620,2,2,2026-10-06T09:59:08+00:00
graviton3,simde,128,main_aggr,2,"Engine 1 sum",,0.0619,0.0619,2,2,2026-10-06T09:59:08+00:00
graviton3,simde,128,main_aggr,2,"Engine 1 sum",,0.0620,0.0620,2,2,2026-10-06T09:59:08+00:00
graviton3,simde,128,main_aggr,2,"Engine 2 sum",,0.0574,0.0574,2,2,2026-10-06T09:59:08+00:00
graviton3,simde,128,main_aggr,2,"Engine 2 sum",,0.0573,0.0573,2,2,2026-10-06T09:59:08+00:00
graviton3,simde,128,main_aggr,2,"Engine 2 sum",,0.0572,0.0572,2,2,2026-10-06T09:59:08+00:00
graviton3,simde,128,main_aggr,2,"Engine 2 sum",,0.0572,0.0572,2,2,2026-10-06T09:59:08+00:00
graviton3,simde,128,main_aggr,2,"Engine 2 sum",,0.0572,0.0572,2,2,2026-10-06T09:59:08+00:00
graviton3,simde,128,main_aggr,2,"Engine 3 sum",,0.0534,0.0534,2,2,2026-10-06T09:59:08+00:00
graviton3,simde,128,main_aggr,2,"Engine 3 sum",,0.0534,0.0534,2,2,2026-10-06T09:59:08+00:00
graviton3,simde,128,main_aggr,2,"Engine 3 sum",,0.0533,0.0533,2,2,2026-10-06T09:59:08+00:00
graviton3,simde,128,main_aggr,2,"Engine 3 sum",,0.0532,0.0532,2,2,2026-10-06T09:59:08+00:00
graviton3,simde,128,main_aggr,2,"Engine 3 sum",,0.0532,0.0532,2,2,2026-10-06T09:59:08+00:00
graviton3,simde,256,main_aggr,2,"Codegen 1 sum",,0.1253,0.1253,2,2,2026-10-06T09:59:29+00:00
graviton3,simde,256,main_aggr,2,"Codegen 1 sum",,0.1248,0.1248,2,2,2026-10-06T09:59:29+00:00
graviton3,simde,256,main_aggr,2,"Codegen 1 sum",,0.1216,0.1216,2,2,2026-10-06T09:59:29+00:00
graviton3,simde,256,main_aggr,2,"Codegen 1 sum",,0.1169,0.1169,2,2,2026-10-06T09:59:29+00:00
graviton3,simde,256,main_aggr,2,"Codegen 1 sum",,0.1163,0.1163,2,2,2026-10-06T09:59:29+00:00
graviton3,simde,256,main_aggr,2,"Codegen 2 sum",,0.1207,0.1207,2,2,2026-10-06T09:59:29+00:00
graviton3,simde,256,main_aggr,2,"Codegen 2 sum",,0.1203,0.1203,2,2,2026-10-06T09:59:29+00:00
graviton3,simde,256,main_aggr,2,"Codegen 2 sum",,0.1206,0.1206,2,2,2026-10-06T09:59:29+00:00
graviton3,simde,256,main_aggr,2,"Codegen 2 sum",,0.1208,0.1208,2,2,2026-10-06T09:59:29+00:00
graviton3,simde,256,main_aggr,2,"Codegen 2 sum",,0.1206,0.1206,2,2,2026-10-06T09:59:29+00:00
graviton3,simde,256,main_aggr,2,"Codegen 3 sum",,0.1129,0.1129,2,2,2026-10-06T09:59:29+00:00
graviton3,simde,256,main_aggr,2,"Codegen 3 sum",,0.1133,0.1133,2,2,2026-10-06T09:59:29+00:00
graviton3,simde,256,main_aggr,2,"Codegen 3 sum",,0.1139,0.1139,2,2,2026-10-06T09:59:29+00:00
graviton3,simde,256,main_aggr,2,"Codegen 3 sum",,0.1140,0.1140,2,2,2026-10-06T09:59:29+00:00
graviton3,simde,256,main_aggr,2,"Codegen 3 sum",,0.1140,0.1140,2,2,2026-10-06T09:59:29+00:00
graviton3,simde,256,main_aggr,2,"Engine 1 sum",,0.0598,0.0598,2,2,2026-10-06T09:59:29+00:00
graviton3,simde,256,main_aggr,2,"Engine 1 sum",,0.0598,0.0598,2,2,2026-10-06T09:59:29+00:00
graviton3,simde,256,main_aggr,2,"Engine 1 sum",,0.0598,0.0598,2,2,2026-10-06T09:59:29+00:00
graviton3,simde,256,main_aggr,2,"Engine 1 sum",,0.0598,0.0598,2,2,2026-10-06T09:59:29+00:00
graviton3,simde,256,main_aggr,2,"Engine 1 sum",,0.0598,0.0598,2,2,2026-10-06T09:59:29+00:00
graviton3,simde,256,main_aggr,2,"Engine 2 sum",,0.0555,0.0555,2,2,2026-10-06T09:59:29+00:00
graviton3,simde,256,main_aggr,2,"Engine 2 sum",,0.0553,0.0553,2,2,2026-10-06T09:59:29+00:00
graviton3,simde,256,main_aggr,2,"Engine 2 sum",,0.0554,0.0554,2,2,2026-10-06T09:59:29+00:00
graviton3,simde,256,main_aggr,2,"Engine 2 sum",,0.0554,0.0554,2,2,2026-10-06T09:59:29+00:00
graviton3,simde,256,main_aggr,2,"Engine 2 sum",,0.0554,0.0554,2,2,2026-10-06T09:59:29+00:00
graviton3,simde,256,main_aggr,2,"Engine 3 sum",,0.0517,0.0517,2,2,2026-10-06T09:59:29+00:00
graviton3,simde,256,main_aggr,2,"Engine 3 sum",,0.0516,0.0516,2,2,2026-10-06T09:59:29+00:00
graviton3,simde,256,main_aggr,2,"Engine 3 sum",,0.0517,0.0517,2,2,2026-10-06T09:59:29+00:00
graviton3,simde,256,main_aggr,2,"Engine 3 sum",,0.0517,0.0517,2,2,2026-10-06T09:59:29+00:00
graviton3,simde,256,main_aggr,2,"Engine 3 sum",,0.0517,0.0517,2,2,2026-10-06T09:59:29+00:00
graviton3,simde,128,main_join,2,"Engine  1-1",,0.0496,0.0496,2,2,2026-10-06T10:00:22+00:00
graviton3,simde,128,main_join,2,"Engine  1-3",,0.0465,0.0465,2,2,2026-10-06T10:00:22+00:00
graviton3,simde,128,main_join,2,"Engine  3-1",,0.0485,0.0485,2,2,2026-10-06T10:00:22+00:00
graviton3,simde,128,main_join,2,"Engine  3-3",,0.0454,0.0454,2,2,2026-10-06T10:00:22+00:00
graviton3,simde,128,main_join,2,"Codegen 1-1",,0.0856,0.0856,2,2,2026-10-06T10:00:22+00:00
graviton3,simde,128,main_join,2,"Codegen 1-1",,0.0864,0.0864,2,2,2026-10-06T10:00:22+00:00
graviton3,simde,128,main_join,2,"Codegen 1-1",,0.0884,0.0884,2,2,2026-10-06T10:00:22+00:00
graviton3,simde,128,main_join,2,"Codegen 1-1",,0.0825,0.0825,2,2,2026-10-06T10:00:22+00:00
graviton3,simde,128,main_join,2,"Codegen 1-1",,0.0863,0.0863,2,2,2026-10-06T10:00:22+00:00
graviton3,simde,128,main_join,2,"Codegen 1-3",,0.0823,0.0823,2,2,2026-10-06T10:00:22+00:00
graviton3,simde,128,main_join,2,"Codegen 1-3",,0.0838,0.0838,2,2,2026-10-06T10:00:22+00:00
graviton3,simde,128,main_join,2,"Codegen 1-3",,0.0825,0.0825,2,2,2026-10-06T10:00:22+00:00
graviton3,simde,128,main_join,2,"Codegen 1-3",,0.0887,0.0887,2,2,2026-10-06T10:00:22+00:00
graviton3,simde,128,main_join,2,"Codegen 1-3",,0.0884,0.0884,2,2,2026-10-06T10:00:22+00:00
graviton3,simde,128,main_join,2,"Codegen 3-1",,0.0735,0.0735,2,2,2026-10-06T10:00:22+00:00
graviton3,simde,128,main_join,2,"Codegen 3-1",,0.0760,0.0760,2,2,2026-10-06T10:00:22+00:00
graviton3,simde,128,main_join,2,"Codegen 3-1",,0.0753,0.0753,2,2,2026-10-06T10:00:22+00:00
graviton3,simde,128,main_join,2,"Codegen 3-1",,0.0721,0.0721,2,2,2026-10-06T10:00:22+00:00
graviton3,simde,128,main_join,2,"Codegen 3-1",,0.0745,0.0745,2,2,2026-10-06T10:00:22+00:00
graviton3,simde,128,main_join,2,"Codegen 3-3",,0.0733,0.0733,2,2,2026-10-06T10:00:22+00:00
graviton3,simde,128,main_join,2,"Codegen 3-3",,0.0751,0.0751,2,2,2026-10-06T10:00:22+00:00
graviton3,simde,128,main_join,2,"Codegen 3-3",,0.0737,0.0737,2,2,2026-10-06T10:00:22+00:00
graviton3,simde,128,main_join,2,"Codegen 3-3",,0.0733,0.0733,2,2,2026-10-06T10:00:22+00:00
graviton3,simde,128,main_join,2,"Codegen 3-3",,0.0754,0.0754,2,2,2026-10-06T10:00:22+00:00
graviton3,simde,256,main_join,2,"Engine  1-1",,0.0375,0.0375,2,2,2026-10-06T10:00:23+00:00
graviton3,simde,256,main_join,2,"Engine  1-3",,0.0358,0.0358,2,2,2026-10-06T10:00:23+00:00
graviton3,simde,256,main_join,2,"Engine  3-1",,0.0368,0.0368,2,2,2026-10-06T10:00:23+00:00
graviton3,simde,256,main_join,2,"Engine  3-3",,0.0351,0.0351,2,2,2026-10-06T10:00:23+00:00
graviton3,simde,256,main_join,2,"Codegen 1-1",,0.0874,0.0874,2,2,2026-10-06T10:00:23+00:00
graviton3,simde,256,main_join,2,"Codegen 1-1",,0.0855,0.0855,2,2,2026-10-06T10:00:23+00:00
graviton3,simde,256,main_join,2,"Codegen 1-1",,0.0867,0.0867,2,2,2026-10-06T10:00:23+00:00
graviton3,simde,256,main_join,2,"Codegen 1-1",,0.0879,0.0879,2,2,2026-10-06T10:00:23+00:00
graviton3,simde,256,main_join,2,"Codegen 1-1",,0.0881,0.0881,2,2,2026-10-06T10:00:23+00:00
graviton3,simde,256,main_join,2,"Codegen 1-3",,0.0817,0.0817,2,2,2026-10-06T10:00:23+00:00
graviton3,simde,256,main_join,2,"Codegen 1-3",,0.0828,0.0828,2,2,2026-10-06T10:00:23+00:00
graviton3,simde,256,main_join,2,"Codegen 1-3",,0.0837,0.0837,2,2,2026-10-06T10:00:23+00:00
graviton3,simde,256,main_join,2,"Codegen 1-3",,0.0836,0.0836,2,2,2026-10-06T10:00:23+00:00
graviton3,simde,256,main_join,2,"Codegen 1-3",,0.0864,0.0864,2,2,2026-10-06T10:00:23+00:00
graviton3,simde,256,main_join,2,"Codegen 3-1",,0.0805,0.0805,2,2,2026-10-06T10:00:23+00:00
graviton3,simde,256,main_join,2,"Codegen 3-1",,0.0753,0.0753,2,2,2026-10-06T10:00:23+00:00
graviton3,simde,256,main_join,2,"Codegen 3-1",,0.0742,0.0742,2,2,2026-10-06T10:00:23+00:00
graviton3,simde,256,main_join,2,"Codegen 3-1",,0.0758,0.0758,2,2,2026-10-06T10:00:23+00:00
graviton3,simde,256,main_join,2,"Codegen 3-1",,0.0753,0.0753,2,2,2026-10-06T10:00:23+00:00
graviton3,simde,256,main_join,2,"Codegen 3-3",,0.0776,0.0776,2,2,2026-10-06T10:00:23+00:00
graviton3,simde,256,main_join,2,"Codegen 3-3",,0.0730,0.0730,2,2,2026-10-06T10:00:23+00:00
graviton3,simde,256,main_join,2,"Codegen 3-3",,0.0736,0.0736,2,2,2026-10-06T10:00:23+00:00
graviton3,simde,256,main_join,2,"Codegen 3-3",,0.0733,0.0733,2,2,2026-10-06T10:00:23+00:00
graviton3,simde,256,main_join,2,"Codegen 3-3",,0.0726,0.0726,2,2,2026-10-06T10:00:23+00:00
graviton3,simde,128,main_scan_int,3,"and 1",0.00,5.9781,12.5166,3,3,2026-10-06T10:00:27+00:00
graviton3,simde,128,main_scan_int,3,"and 1",0.00,6.2386,12.7612,3,3,2026-10-06T10:00:27+00:00
graviton3,simde,128,main_scan_int,3,"and 1",0.00,6.3836,12.8471,3,3,2026-10-06T10:00:27+00:00
graviton3,simde,128,main_scan_int,3,"and 1",0.00,6.3236,12.7224,3,3,2026-10-06T10:00:27+00:00
graviton3,simde,128,main_scan_int,3,"and 1",0.00,6.2717,12.5974,3,3,2026-10-06T10:00:27+00:00
graviton3,simde,128,main_scan_int,3,"and 2",0.03,3.9918,5.1522,3,3,2026-10-06T10:00:27+00:00
graviton3,simde,128,main_scan_int,3,"and 2",0.03,4.0166,5.1520,3,3,2026-10-06T10:00:27+00:00
graviton3,simde,128,main_scan_int,3,"and 2",0.03,4.0117,5.1590,3,3,2026-10-06T10:00:27+00:00
graviton3,simde,128,main_scan_int,3,"and 2",0.03,4.0100,5.1015,3,3,2026-10-06T10:00:27+00:00
graviton3,simde,128,main_scan_int,3,"and 2",0.03,3.9996,5.1540,3,3,2026-10-06T10:00:27+00:00
graviton3,simde,128,main_scan_int,3,"and 3",0.10,2.1067,4.0269,3,3,2026-10-06T10:00:27+00:00
graviton3,simde,128,main_scan_int,3,"and 3",0.10,2.0156,4.0395,3,3,2026-10-06T10:00:27+00:00
graviton3,simde,128,main_scan_int,3,"and 3",0.10,2.0364,4.0108,3,3,2026-10-06T10:00:27+00:00
graviton3,simde,128,main_scan_int,3,"and 3",0.10,2.0210,3.9901,3,3,2026-10-06T10:00:27+00:00
graviton3,simde,128,main_scan_int,3,"and 3",0.10,2.0326,4.0409,3,3,2026-10-06T10:00:27+00:00
graviton3,simde,128,main_scan_int,3,"and 1",0.00,5.2482,11.1278,3,3,2026-10-06T10:00:27+00:00
graviton3,simde,128,main_scan_int,3,"and 1",0.00,5.3651,11.1977,3,3,2026-10-06T10:00:27+00:00
graviton3,simde,128,main_scan_int,3,"and 1",0.00,5.4104,11.0617,3,3,2026-10-06T10:00:27+00:00
graviton3,simde,128,main_scan_int,3,"and 1",0.00,5.3998,11.1741,3,3,2026-10-06T10:00:27+00:00
graviton3,simde,128,main_scan_int,3,"and 1",0.00,5.4379,11.2219,3,3,2026-10-06T10:00:27+00:00
graviton3,simde,128,main_scan_int,3,"and 2",0.04,3.4981,5.2513,3,3,2026-10-06T10:00:27+00:00
graviton3,simde,128,main_scan_int,3,"and 2",0.04,3.5176,5.3039,3,3,2026-10-06T10:00:27+00:00
graviton3,simde,128,main_scan_int,3,"and 2",0.04,3.5503,5.1789,3,3,2026-10-06T10:00:27+00:00
graviton3,simde,128,main_scan_int,3,"and 2",0.04,3.5247,5.2613,3,3,2026-10-06T10:00:27+00:00
graviton3,simde,128,main_scan_int,3,"and 2",0.04,3.5409,5.2808,3,3,2026-10-06T10:00:27+00:00
graviton3,simde,128,main_scan_int,3,"and 3",0.13,1.7967,3.7185,3,3,2026-10-06T10:00:27+00:00
graviton3,simde,128,main_scan_int,3,"and 3",0.13,1.8522,3.7383,3,3,2026-10-06T10:00:27+00:00
graviton3,simde,128,main_scan_int,3,"and 3",0.13,1.8551,3.7157,3,3,2026-10-06T10:00:27+00:00
graviton3,simde,128,main_scan_int,3,"and 3",0.13,1.9027,3.7294,3,3,2026-10-06T10:00:27+00:00
graviton3,simde,128,main_scan_int,3,"and 3",0.13,1.8794,3.7417,3,3,2026-10-06T10:00:27+00:00
graviton3,simde,128,main_scan_int,3,"and 1",0.01,4.2292,9.1124,3,3,2026-10-06T10:00:27+00:00
graviton3,simde,128,main_scan_int,3,"and 1",0.01,4.2275,9.0708,3,3,2026-10-06T10:00:27+00:00
graviton3,simde,128,main_scan_int,3,"and 1",0.01,4.3485,9.1322,3,3,2026-10-06T10:00:27+00:00
graviton3,simde,128,main_scan_int,3,"and 1",0.01,4.3556,9.1150,3,3,2026-10-06T10:00:27+00:00
graviton3,simde,128,main_scan_int,3,"and 1",0.01,4.2761,9.1251,3,3,2026-10-06T10:00:27+00:00
graviton3,simde,128,main_scan_int,3,"and 2",0.07,2.7371,4.9682,3,3,2026-10-06T10:00:27+00:00
graviton3,simde,128,main_scan_int,3,"and 2",0.07,2.7041,4.9431,3,3,2026-10-06T10:00:27+00:00
graviton3,simde,128,main_scan_int,3,"and 2",0.07,2.7195,4.9872,3,3,2026-10-06T10:00:27+00:00
graviton3,simde,128,main_scan_int,3,"and 2",0.07,2.7247,4.9795,3,3,2026-10-06T10:00:27+00:00
graviton3,simde,128,main_scan_int,3,"and 2",0.07,2.7460,4.9722,3,3,2026-10-06T10:00:27+00:00
graviton3,simde,128,main_scan_int,3,"and 3",0.17,1.5371,3.2942,3,3,2026-10-06T10:00:27+00:00
graviton3,simde,128,main_scan_int,3,"and 3",0.17,1.5809,3.3027,3,3,2026-10-06T10:00:27+00:00
graviton3,simde,128,main_scan_int,3,"and 3",0.17,1.5600,3.2998,3,3,2026-10-06T10:00:27+00:00
graviton3,simde,128,main_scan_int,3,"and 3",0.17,1.5785,3.2988,3,3,2026-10-06T10:00:27+00:00
graviton3,simde,128,main_scan_int,3,"and 3",0.17,1.5682,3.3018,3,3,2026-10-06T10:00:27+00:00
graviton3,simde,128,main_scan_int,3,"and 1",0.01,3.7478,7.2328,3,3,2026-10-06T10:00:27+00:00
graviton3,simde,128,main_scan_int,3,"and 1",0.01,3.7859,7.3058,3,3,2026-10-06T10:00:27+00:00
graviton3,simde,128,main_scan_int,3,"and 1",0.01,3.7263,7.3039,3,3,2026-10-06T10:00:27+00:00
graviton3,simde,128,main_scan_int,3,"and 1",0.01,3.7498,7.2761,3,3,2026-10-06T10:00:27+00:00
graviton3,simde,128,main_scan_int,3,"and 1",0.01,3.7917,7.3295,3,3,2026-10-06T10:00:27+00:00
graviton3,simde,128,main_scan_int,3,"and 2",0.10,2.3219,4.2937,3,3,2026-10-06T10:00:27+00:00
graviton3,simde,128,main_scan_int,3,"and 2",0.10,2.3172,4.2329,3,3,2026-10-06T10:00:27+00:00
graviton3,simde,128,main_scan_int,3,"and 2",0.10,2.2629,4.2739,3,3,2026-10-06T10:00:27+00:00
graviton3,simde,128,main_scan_int,3,"and 2",0.10,2.2534,4.2412,3,3,2026-10-06T10:00:27+00:00
graviton3,simde,128,main_scan_int,3,"and 2",0.10,2.3122,4.2365,3,3,2026-10-06T10:00:27+00:00
graviton3,simde,128,main_scan_int,3,"and 3",0.22,1.3298,2.9860,3,3,2026-10-06T10:00:27+00:00
graviton3,simde,128,main_scan_int,3,"and 3",0.22,1.3543,2.9949,3,3,2026-10-06T10:00:27+00:00
graviton3,simde,128,main_scan_int,3,"and 3",0.22,1.3723,3.0148,3,3,2026-10-06T10:00:27+00:00
graviton3,simde,128,main_scan_int,3,"and 3",0.22,1.3710,2.9783,3,3,2026-10-06T10:00:27+00:00
graviton3,simde,128,main_scan_int,3,"and 3",0.22,1.3635,2.9752,3,3,2026-10-06T10:00:27+00:00
graviton3,simde,128,main_scan_int,3,"and 1",0.02,4.2591,5.3721,3,3,2026-10-06T10:00:27+00:00
graviton3,simde,128,main_scan_int,3,"and 1",0.02,4.2887,5.4386,3,3,2026-10-06T10:00:27+00:00
graviton3,simde,128,main_scan_int,3,"and 1",0.02,4.2327,5.3459,3,3,2026-10-06T10:00:27+00:00
graviton3,simde,128,main_scan_int,3,"and 1",0.02,4.2421,5.4005,3,3,2026-10-06T10:00:27+00:00
graviton3,simde,128,main_scan_int,3,"and 1",0.02,4.2949,5.3946,3,3,2026-10-06T10:00:27+00:00
graviton3,simde,128,main_scan_int,3,"and 2",0.14,2.0797,3.5341,3,3,2026-10-06T10:00:27+00:00
graviton3,simde,128,main_scan_int,3,"and 2",0.14,2.1119,3.5356,3,3,2026-10-06T10:00:27+00:00
graviton3,simde,128,main_scan_int,3,"and 2",0.14,2.1369,3.5629,3,3,2026-10-06T10:00:27+00:00
graviton3,simde,128,main_scan_int,3,"and 2",0.14,2.1045,3.5520,3,3,2026-10-06T10:00:27+00:00
graviton3,simde,128,main_scan_int,3,"and 2",0.14,2.1040,3.5376,3,3,2026-10-06T10:00:27+00:00
graviton3,simde,128,main_scan_int,3,"and 3",0.27,1.1404,2.7376,3,3,2026-10-06T10:00:27+00:00
graviton3,simde,128,main_scan_int,3,"and 3",0.27,1.1474,2.7291,3,3,2026-10-06T10:00:27+00:00
graviton3,simde,128,main_scan_int,3,"and 3",0.27,1.1631,2.7518,3,3,2026-10-06T10:00:27+00:00
graviton3,simde,128,main_scan_int,3,"and 3",0.27,1.1663,2.7279,3,3,2026-10-06T10:00:27+00:00
graviton3,simde,128,main_scan_int,3,"and 3",0.27,1.1699,2.7243,3,3,2026-10-06T10:00:27+00:00
graviton3,simde,128,main_scan_int,3,"and 1",0.05,4.4454,3.5438,3,3,2026-10-06T10:00:27+00:00
graviton3,simde,128,main_scan_int,3,"and 1",0.05,4.4612,3.5483,3,3,2026-10-06T10:00:27+00:00
graviton3,simde,128,main_scan_int,3,"and 1",0.05,4.4145,3.5348,3,3,2026-10-06T10:00:27+00:00
graviton3,simde,128,main_scan_int,3,"and 1",0.05,4.4479,3.5287,3,3,2026-10-06T10:00:27+00:00
graviton3,simde,128,main_scan_int,3,"and 1",0.05,4.4603,3.5262,3,3,2026-10-06T10:00:27+00:00
graviton3,simde,128,main_scan_int,3,"and 2",0.22,1.4680,2.6201,3,3,2026-10-06T10:00:27+00:00
graviton3,simde,128,main_scan_int,3,"and 2",0.22,1.4842,2.6177,3,3,2026-10-06T10:00:27+00:00
graviton3,simde,128,main_scan_int,3,"and 2",0.22,1.5024,2.6351,3,3,2026-10-06T10:00:27+00:00
graviton3,simde,128,main_scan_int,3,"and 2",0.22,1.5022,2.6403,3,3,2026-10-06T10:00:27+00:00
graviton3,simde,128,main_scan_int,3,"and 2",0.22,1.4971,2.6251,3,3,2026-10-06T10:00:27+00:00
graviton3,simde,128,main_scan_int,3,"and 3",0.37,0.8663,2.2214,3,3,2026-10-06T10:00:27+00:00
graviton3,simde,128,main_scan_int,3,"and 3",0.37,0.8778,2.2034,3,3,2026-10-06T10:00:27+00:00
graviton3,simde,128,main_scan_int,3,"and 3",0.37,0.8700,2.2191,3,3,2026-10-06T10:00:27+00:00
graviton3,simde,128,main_scan_int,3,"and 3",0.37,0.8684,2.2126,3,3,2026-10-06T10:00:27+00:00
graviton3,simde,128,main_scan_int,3,"and 3",0.37,0.8713,2.2203,3,3,2026-10-06T10:00:27+00:00
graviton3,simde,128,main_scan_int,3,"and 1",0.10,3.2632,2.5007,3,3,2026-10-06T10:00:27+00:00
graviton3,simde,128,main_scan_int,3,"and 1",0.10,3.1546,2.5063,3,3,2026-10-06T10:00:27+00:00
graviton3,simde,128,main_scan_int,3,"and 1",0.10,3.1378,2.4997,3,3,2026-10-06T10:00:27+00:00
graviton3,simde,128,main_scan_int,3,"and 1",0.10,3.2324,2.4975,3,3,2026-10-06T10:00:27+00:00
graviton3,simde,128,main_scan_int,3,"and 1",0.10,3.2842,2.4916,3,3,2026-10-06T10:00:27+00:00
graviton3,simde,128,main_scan_int,3,"and 2",0.32,1.1066,2.0198,3,3,2026-10-06T10:00:27+00:00
graviton3,simde,128,main_scan_int,3,"and 2",0.32,1.1290,2.0124,3,3,2026-10-06T10:00:27+00:00
graviton3,simde,128,main_scan_int,3,"and 2",0.32,1.1299,2.0226,3,3,2026-10-06T10:00:27+00:00
graviton3,simde,128,main_scan_int,3,"and 2",0.32,1.1261,2.0132,3,3,2026-10-06T10:00:27+00:00
graviton3,simde,128,main_scan_int,3,"and 2",0.32,1.1290,2.0222,3,3,2026-10-06T10:00:27+00:00
graviton3,simde,128,main_scan_int,3,"and 3",0.46,0.7144,1.7523,3,3,2026-10-06T10:00:27+00:00
graviton3,simde,128,main_scan_int,3,"and 3",0.46,0.7118,1.7602,3,3,2026-10-06T10:00:27+00:00
graviton3,simde,128,main_scan_int,3,"and 3",0.46,0.7170,1.7543,3,3,2026-10-06T10:00:27+00:00
graviton3,simde,128,main_scan_int,3,"and 3",0.46,0.7168,1.7402,3,3,2026-10-06T10:00:27+00:00
graviton3,simde,128,main_scan_int,3,"and 3",0.46,0.7121,1.7549,3,3,2026-10-06T10:00:27+00:00
graviton3,simde,128,main_scan_int,3,"and 1",0.20,2.0211,1.6915,3,3,2026-10-06T10:00:27+00:00
graviton3,simde,128,main_scan_int,3,"and 1",0.20,2.0837,1.7171,3,3,2026-10-06T10:00:27+00:00
graviton3,simde,128,main_scan_int,3,"and 1",0.20,2.0493,1.7142,3,3,2026-10-06T10:00:27+00:00
graviton3,simde,128,main_scan_int,3,"and 1",0.20,2.0432,1.7170,3,3,2026-10-06T10:00:27+00:00
graviton3,simde,128,main_scan_int,3,"and 1",0.20,2.0635,1.7124,3,3,2026-10-06T10:00:27+00:00
graviton3,simde,128,main_scan_int,3,"and 2",0.45,0.8673,1.4687,3,3,2026-10-06T10:00:27+00:00
graviton3,simde,128,main_scan_int,3,"and 2",0.45,0.8625,1.4692,3,3,2026-10-06T10:00:27+00:00
graviton3,simde,128,main_scan_int,3,"and 2",0.45,0.8704,1.4699,3,3,2026-10-06T10:00:27+00:00
graviton3,simde,128,main_scan_int,3,"and 2",0.45,0.8629,1.4675,3,3,2026-10-06T10:00:27+00:00
graviton3,simde,128,main_scan_int,3,"and 2",0.45,0.8649,1.4653,3,3,2026-10-06T10:00:27+00:00
graviton3,simde,128,main_scan_int,3,"and 3",0.58,0.6346,1.3120,3,3,2026-10-06T10:00:27+00:00
graviton3,simde,128,main_scan_int,3,"and 3",0.58,0.6350,1.3092,3,3,2026-10-06T10:00:27+00:00
graviton3,simde,128,main_scan_int,3,"and 3",0.58,0.6357,1.3173,3,3,2026-10-06T10:00:27+00:00
graviton3,simde,128,main_scan_int,3,"and 3",0.58,0.6358,1.3142,3,3,2026-10-06T10:00:27+00:00
graviton3,simde,128,main_scan_int,3,"and 3",0.58,0.6338,1.3098,3,3,2026-10-06T10:00:27+00:00
graviton3,simde,128,main_scan_int,3,"and 1",0.50,1.1855,0.9046,3,3,2026-10-06T10:00:27+00:00
graviton3,simde,128,main_scan_int,3,"and 1",0.50,1.1869,0.9056,3,3,2026-10-06T10:00:27+00:00
graviton3,simde,128,main_scan_int,3,"and 1",0.50,1.1850,0.9041,3,3,2026-10-06T10:00:27+00:00
graviton3,simde,128,main_scan_int,3,"and 1",0.50,1.1826,0.9047,3,3,2026-10-06T10:00:27+00:00
graviton3,simde,128,main_scan_int,3,"and 1",0.50,1.1871,0.9040,3,3,2026-10-06T10:00:27+00:00
graviton3,simde,128,main_scan_int,3,"and 2",0.71,0.8291,0.8377,3,3,2026-10-06T10:00:27+00:00
graviton3,simde,128,main_scan_int,3,"and 2",0.71,0.8319,0.8365,3,3,2026-10-06T10:00:27+00:00
graviton3,simde,128,main_scan_int,3,"and 2",0.71,0.8307,0.8385,3,3,2026-10-06T10:00:27+00:00
graviton3,simde,128,main_scan_int,3,"and 2",0.71,0.8366,0.8381,3,3,2026-10-06T10:00:27+00:00
graviton3,simde,128,main_scan_int,3,"and 2",0.71,0.8305,0.8375,3,3,2026-10-06T10:00:27+00:00
graviton3,simde,128,main_scan_int,3,"and 3",0.79,0.8205,0.7867,3,3,2026-10-06T10:00:27+00:00
graviton3,simde,128,main_scan_int,3,"and 3",0.79,0.8225,0.7857,3,3,2026-10-06T10:00:27+00:00
graviton3,simde,128,main_scan_int,3,"and 3",0.79,0.8237,0.7850,3,3,2026-10-06T10:00:27+00:00
graviton3,simde,128,main_scan_int,3,"and 3",0.79,0.8242,0.7874,3,3,2026-10-06T10:00:27+00:00
graviton3,simde,128,main_scan_int,3,"and 3",0.79,0.8271,0.7878,3,3,2026-10-06T10:00:27+00:00
graviton3,simde,128,main_scan_int,3,"and 1",1.00,5.7220,7.8113,3,3,2026-10-06T10:00:27+00:00
graviton3,simde,128,main_scan_int,3,"and 1",1.00,5.6728,7.9296,3,3,2026-10-06T10:00:27+00:00
graviton3,simde,128,main_scan_int,3,"and 1",1.00,5.7154,7.8468,3,3,2026-10-06T10:00:27+00:00
graviton3,simde,128,main_scan_int,3,"and 1",1.00,5.8569,7.7743,3,3,2026-10-06T10:00:27+00:00
graviton3,simde,128,main_scan_int,3,"and 1",1.00,5.8092,7.9760,3,3,2026-10-06T10:00:27+00:00
graviton3,simde,128,main_scan_int,3,"and 2",1.00,4.5102,4.8409,3,3,2026-10-06T10:00:27+00:00
graviton3,simde,128,main_scan_int,3,"and 2",1.00,4.5063,4.8261,3,3,2026-10-06T10:00:27+00:00
graviton3,simde,128,main_scan_int,3,"and 2",1.00,4.4708,4.8281,3,3,2026-10-06T10:00:27+00:00
graviton3,simde,128,main_scan_int,3,"and 2",1.00,4.4867,4.8299,3,3,2026-10-06T10:00:27+00:00
graviton3,simde,128,main_scan_int,3,"and 2",1.00,4.5173,4.7940,3,3,2026-10-06T10:00:27+00:00
graviton3,simde,128,main_scan_int,3,"and 3",1.00,3.6240,3.5377,3,3,2026-10-06T10:00:27+00:00
graviton3,simde,128,main_scan_int,3,"and 3",1.00,3.6212,3.5455,3,3,2026-10-06T10:00:27+00:00
graviton3,simde,128,main_scan_int,3,"and 3",1.00,3.5496,3.5915,3,3,2026-10-06T10:00:27+00:00
graviton3,simde,128,main_scan_int,3,"and 3",1.00,3.6087,3.5340,3,3,2026-10-06T10:00:27+00:00
graviton3,simde,128,main_scan_int,3,"and 3",1.00,3.6116,3.5615,3,3,2026-10-06T10:00:27+00:00
graviton3,simde,256,main_scan_int,3,"and 1",0.00,5.9622,10.7107,3,3,2026-10-06T10:00:36+00:00
graviton3,simde,256,main_scan_int,3,"and 1",0.00,6.2055,10.7653,3,3,2026-10-06T10:00:36+00:00
graviton3,simde,256,main_scan_int,3,"and 1",0.00,6.2564,10.7441,3,3,2026-10-06T10:00:36+00:00
graviton3,simde,256,main_scan_int,3,"and 1",0.00,6.2991,10.7690,3,3,2026-10-06T10:00:36+00:00
graviton3,simde,256,main_scan_int,3,"and 1",0.00,6.2784,10.7043,3,3,2026-10-06T10:00:36+00:00
graviton3,simde,256,main_scan_int,3,"and 2",0.03,3.9547,5.0973,3,3,2026-10-06T10:00:36+00:00
graviton3,simde,256,main_scan_int,3,"and 2",0.03,3.9518,5.0716,3,3,2026-10-06T10:00:36+00:00
graviton3,simde,256,main_scan_int,3,"and 2",0.03,3.9595,5.0230,3,3,2026-10-06T10:00:36+00:00
graviton3,simde,256,main_scan_int,3,"and 2",0.03,3.9875,5.0554,3,3,2026-10-06T10:00:36+00:00
graviton3,simde,256,main_scan_int,3,"and 2",0.03,4.0054,5.0648,3,3,2026-10-06T10:00:36+00:00
graviton3,simde,256,main_scan_int,3,"and 3",0.10,1.9042,3.7364,3,3,2026-10-06T10:00:36+00:00
graviton3,simde,256,main_scan_int,3,"and 3",0.10,2.0603,3.7062,3,3,2026-10-06T10:00:36+00:00
graviton3,simde,256,main_scan_int,3,"and 3",0.10,2.0911,3.7382,3,3,2026-10-06T10:00:36+00:00
graviton3,simde,256,main_scan_int,3,"and 3",0.10,2.0041,3.7561,3,3,2026-10-06T10:00:36+00:00
graviton3,simde,256,main_scan_int,3,"and 3",0.10,2.0672,3.7353,3,3,2026-10-06T10:00:36+00:00
graviton3,simde,256,main_scan_int,3,"and 1",0.00,5.2327,9.5818,3,3,2026-10-06T10:00:36+00:00
graviton3,simde,256,main_scan_int,3,"and 1",0.00,5.4076,9.7419,3,3,2026-10-06T10:00:36+00:00
graviton3,simde,256,main_scan_int,3,"and 1",0.00,5.4620,9.5233,3,3,2026-10-06T10:00:36+00:00
graviton3,simde,256,main_scan_int,3,"and 1",0.00,5.4285,9.6559,3,3,2026-10-06T10:00:36+00:00
graviton3,simde,256,main_scan_int,3,"and 1",0.00,5.4209,9.7013,3,3,2026-10-06T10:00:36+00:00
graviton3,simde,256,main_scan_int,3,"and 2",0.04,3.5338,5.1171,3,3,2026-10-06T10:00:36+00:00
graviton3,simde,256,main_scan_int,3,"and 2",0.04,3.5223,5.1173,3,3,2026-10-06T10:00:36+00:00
graviton3,simde,256,main_scan_int,3,"and 2",0.04,3.5062,5.0606,3,3,2026-10-06T10:00:36+00:00
graviton3,simde,256,main_scan_int,3,"and 2",0.04,3.4863,5.0927,3,3,2026-10-06T10:00:36+00:00
graviton3,simde,256,main_scan_int,3,"and 2",0.04,3.4534,5.0946,3,3,2026-10-06T10:00:36+00:00
graviton3,simde,256,main_scan_int,3,"and 3",0.13,1.8112,3.5572,3,3,2026-10-06T10:00:36+00:00
graviton3,simde,256,main_scan_int,3,"and 3",0.13,1.9126,3.5225,3,3,2026-10-06T10:00:36+00:00
graviton3,simde,256,main_scan_int,3,"and 3",0.13,1.9021,3.5412,3,3,2026-10-06T10:00:36+00:00
graviton3,simde,256,main_scan_int,3,"and 3",0.13,1.9107,3.5592,3,3,2026-10-06T10:00:36+00:00
graviton3,simde,256,main_scan_int,3,"and 3",0.13,1.9103,3.5479,3,3,2026-10-06T10:00:36+00:00
graviton3,simde,256,main_scan_int,3,"and 1",0.01,4.1860,7.9189,3,3,2026-10-06T10:00:36+00:00
graviton3,simde,256,main_scan_int,3,"and 1",0.01,4.2100,7.9474,3,3,2026-10-06T10:00:36+00:00
graviton3,simde,256,main_scan_int,3,"and 1",0.01,4.2026,7.9471,3,3,2026-10-06T10:00:36+00:00
graviton3,simde,256,main_scan_int,3,"and 1",0.01,4.1975,7.9606,3,3,2026-10-06T10:00:36+00:00
graviton3,simde,256,main_scan_int,3,"and 1",0.01,4.2544,7.9668,3,3,2026-10-06T10:00:36+00:00
graviton3,simde,256,main_scan_int,3,"and 2",0.07,2.7179,4.6199,3,3,2026-10-06T10:00:36+00:00
graviton3,simde,256,main_scan_int,3,"and 2",0.07,2.6985,4.6127,3,3,2026-10-06T10:00:36+00:00
graviton3,simde,256,main_scan_int,3,"and 2",0.07,2.7333,4.6206,3,3,2026-10-06T10:00:36+00:00
graviton3,simde,256,main_scan_int,3,"and 2",0.07,2.6971,4.5935,3,3,2026-10-06T10:00:36+00:00
graviton3,simde,256,main_scan_int,3,"and 2",0.07,2.7267,4.6211,3,3,2026-10-06T10:00:36+00:00
graviton3,simde,256,main_scan_int,3,"and 3",0.17,1.5084,3.2710,3,3,2026-10-06T10:00:36+00:00
graviton3,simde,256,main_scan_int,3,"and 3",0.17,1.6001,3.2591,3,3,2026-10-06T10:00:36+00:00
graviton3,simde,256,main_scan_int,3,"and 3",0.17,1.6152,3.2113,3,3,2026-10-06T10:00:36+00:00
graviton3,simde,256,main_scan_int,3,"and 3",0.17,1.6222,3.2578,3,3,2026-10-06T10:00:36+00:00
graviton3,simde,256,main_scan_int,3,"and 3",0.17,1.6039,3.2802,3,3,2026-10-06T10:00:36+00:00
graviton3,simde,256,main_scan_int,3,"and 1",0.01,3.7742,6.5006,3,3,2026-10-06T10:00:36+00:00
graviton3,simde,256,main_scan_int,3,"and 1",0.01,3.7253,6.4930,3,3,2026-10-06T10:00:36+00:00
graviton3,simde,256,main_scan_int,3,"and 1",0.01,3.7089,6.4976,3,3,2026-10-06T10:00:36+00:00
graviton3,simde,256,main_scan_int,3,"and 1",0.01,3.7298,6.4305,3,3,2026-10-06T10:00:36+00:00
graviton3,simde,256,main_scan_int,3,"and 1",0.01,3.7537,6.4423,3,3,2026-10-06T10:00:36+00:00
graviton3,simde,256,main_scan_int,3,"and 2",0.10,2.2673,3.9306,3,3,2026-10-06T10:00:36+00:00
graviton3,simde,256,main_scan_int,3,"and 2",0.10,2.3105,3.8974,3,3,2026-10-06T10:00:36+00:00
graviton3,simde,256,main_scan_int,3,"and 2",0.10,2.2621,3.8709,3,3,2026-10-06T10:00:36+00:00
graviton3,simde,256,main_scan_int,3,"and 2",0.10,2.2996,3.9242,3,3,2026-10-06T10:00:36+00:00
graviton3,simde,256,main_scan_int,3,"and 2",0.10,2.3062,3.9214,3,3,2026-10-06T10:00:36+00:00
graviton3,simde,256,main_scan_int,3,"and 3",0.22,1.3424,3.0168,3,3,2026-10-06T10:00:36+00:00
graviton3,simde,256,main_scan_int,3,"and 3",0.22,1.3512,3.0381,3,3,2026-10-06T10:00:36+00:00
graviton3,simde,256,main_scan_int,3,"and 3",0.22,1.4008,2.9815,3,3,2026-10-06T10:00:36+00:00
graviton3,simde,256,main_scan_int,3,"and 3",0.22,1.4019,3.0297,3,3,2026-10-06T10:00:36+00:00
graviton3,simde,256,main_scan_int,3,"and 3",0.22,1.3981,3.0221,3,3,2026-10-06T10:00:36+00:00
graviton3,simde,256,main_scan_int,3,"and 1",0.02,4.3312,4.9421,3,3,2026-10-06T10:00:36+00:00
graviton3,simde,256,main_scan_int,3,"and 1",0.02,4.3164,4.9640,3,3,2026-10-06T10:00:36+00:00
graviton3,simde,256,main_scan_int,3,"and 1",0.02,4.3267,4.9747,3,3,2026-10-06T10:00:36+00:00
graviton3,simde,256,main_scan_int,3,"and 1",0.02,4.3297,4.9859,3,3,2026-10-06T10:00:36+00:00
graviton3,simde,256,main_scan_int,3,"and 1",0.02,4.3139,4.9993,3,3,2026-10-06T10:00:36+00:00
graviton3,simde,256,main_scan_int,3,"and 2",0.14,2.0918,3.3625,3,3,2026-10-06T10:00:36+00:00
graviton3,simde,256,main_scan_int,3,"and 2",0.14,2.0828,3.3652,3,3,2026-10-06T10:00:36+00:00
graviton3,simde,256,main_scan_int,3,"and 2",0.14,2.1359,3.3420,3,3,2026-10-06T10:00:36+00:00
graviton3,simde,256,main_scan_int,3,"and 2",0.14,2.1356,3.3637,3,3,2026-10-06T10:00:36+00:00
graviton3,simde,256,main_scan_int,3,"and 2",0.14,2.1502,3.3866,3,3,2026-10-06T10:00:36+00:00
graviton3,simde,256,main_scan_int,3,"and 3",0.27,1.1628,2.6204,3,3,2026-10-06T10:00:36+00:00
graviton3,simde,256,main_scan_int,3,"and 3",0.27,1.1711,2.6321,3,3,2026-10-06T10:00:36+00:00
graviton3,simde,256,main_scan_int,3,"and 3",0.27,1.1712,2.6420,3,3,2026-10-06T10:00:36+00:00
graviton3,simde,256,main_scan_int,3,"and 3",0.27,1.1733,2.6162,3,3,2026-10-06T10:00:36+00:00
graviton3,simde,256,main_scan_int,3,"and 3",0.27,1.1782,2.6109,3,3,2026-10-06T10:00:36+00:00
graviton3,simde,256,main_scan_int,3,"and 1",0.05,4.4368,3.3089,3,3,2026-10-06T10:00:36+00:00
graviton3,simde,256,main_scan_int,3,"and 1",0.05,4.5069,3.2975,3,3,2026-10-06T10:00:36+00:00
graviton3,simde,256,main_scan_int,3,"and 1",0.05,4.4478,3.3035,3,3,2026-10-06T10:00:36+00:00
graviton3,simde,256,main_scan_int,3,"and 1",0.05,4.4790,3.3299,3,3,2026-10-06T10:00:36+00:00
graviton3,simde,256,main_scan_int,3,"and 1",0.05,4.4598,3.3132,3,3,2026-10-06T10:00:36+00:00
graviton3,simde,256,main_scan_int,3,"and 2",0.22,1.4670,2.5214,3,3,2026-10-06T10:00:36+00:00
graviton3,simde,256,main_scan_int,3,"and 2",0.22,1.4849,2.5079,3,3,2026-10-06T10:00:36+00:00
graviton3,simde,256,main_scan_int,3,"and 2",0.22,1.4876,2.5047,3,3,2026-10-06T10:00:36+00:00
graviton3,simde,256,main_scan_int,3,"and 2",0.22,1.4933,2.5176,3,3,2026-10-06T10:00:36+00:00
graviton3,simde,256,main_scan_int,3,"and 2",0.22,1.4822,2.5143,3,3,2026-10-06T10:00:36+00:00
graviton3,simde,256,main_scan_int,3,"and 3",0.37,0.8697,2.0834,3,3,2026-10-06T10:00:36+00:00
graviton3,simde,256,main_scan_int,3,"and 3",0.37,0.8733,2.0859,3,3,2026-10-06T10:00:36+00:00
graviton3,simde,256,main_scan_int,3,"and 3",0.37,0.8746,2.0878,3,3,2026-10-06T10:00:36+00:00
graviton3,simde,256,main_scan_int,3,"and 3",0.37,0.8761,2.0908,3,3,2026-10-06T10:00:36+00:00
graviton3,simde,256,main_scan_int,3,"and 3",0.37,0.8727,2.0861,3,3,2026-10-06T10:00:36+00:00
graviton3,simde,256,main_scan_int,3,"and 1",0.10,2.7520,2.3509,3,3,2026-10-06T10:00:36+00:00
graviton3,simde,256,main_scan_int,3,"and 1",0.10,3.0188,2.3543,3,3,2026-10-06T10:00:36+00:00
graviton3,simde,256,main_scan_int,3,"and 1",0.10,3.0387,2.3550,3,3,2026-10-06T10:00:36+00:00
graviton3,simde,256,main_scan_int,3,"and 1",0.10,2.8895,2.3519,3,3,2026-10-06T10:00:36+00:00
graviton3,simde,256,main_scan_int,3,"and 1",0.10,2.9725,2.3380,3,3,2026-10-06T10:00:36+00:00
graviton3,simde,256,main_scan_int,3,"and 2",0.32,1.1093,1.9162,3,3,2026-10-06T10:00:36+00:00
graviton3,simde,256,main_scan_int,3,"and 2",0.32,1.1193,1.9140,3,3,2026-10-06T10:00:36+00:00
graviton3,simde,256,main_scan_int,3,"and 2",0.32,1.1269,1.9098,3,3,2026-10-06T10:00:36+00:00
graviton3,simde,256,main_scan_int,3,"and 2",0.32,1.1237,1.9170,3,3,2026-10-06T10:00:36+00:00
graviton3,simde,256,main_scan_int,3,"and 2",0.32,1.1307,1.9131,3,3,2026-10-06T10:00:36+00:00
graviton3,simde,256,main_scan_int,3,"and 3",0.46,0.7167,1.6372,3,3,2026-10-06T10:00:36+00:00
graviton3,simde,256,main_scan_int,3,"and 3",0.46,0.7143,1.6398,3,3,2026-10-06T10:00:36+00:00
graviton3,simde,256,main_scan_int,3,"and 3",0.46,0.7118,1.6359,3,3,2026-10-06T10:00:36+00:00
graviton3,simde,256,main_scan_int,3,"and 3",0.46,0.7147,1.6365,3,3,2026-10-06T10:00:36+00:00
graviton3,simde,256,main_scan_int,3,"and 3",0.46,0.7148,1.6410,3,3,2026-10-06T10:00:36+00:00
graviton3,simde,256,main_scan_int,3,"and 1",0.20,2.0688,1.6276,3,3,2026-10-06T10:00:36+00:00
graviton3,simde,256,main_scan_int,3,"and 1",0.20,2.0403,1.6261,3,3,2026-10-06T10:00:36+00:00
graviton3,simde,256,main_scan_int,3,"and 1",0.20,2.0809,1.6229,3,3,2026-10-06T10:00:36+00:00
graviton3,simde,256,main_scan_int,3,"and 1",0.20,2.1056,1.6256,3,3,2026-10-06T10:00:36+00:00
graviton3,simde,256,main_scan_int,3,"and 1",0.20,2.0847,1.6278,3,3,2026-10-06T10:00:36+00:00
graviton3,simde,256,main_scan_int,3,"and 2",0.45,0.8672,1.4004,3,3,2026-10-06T10:00:36+00:00
graviton3,simde,256,main_scan_int,3,"and 2",0.45,0.8710,1.4115,3,3,2026-10-06T10:00:36+00:00
graviton3,simde,256,main_scan_int,3,"and 2",0.45,0.8661,1.4161,3,3,2026-10-06T10:00:36+00:00
graviton3,simde,256,main_scan_int,3,"and 2",0.45,0.8705,1.4159,3,3,2026-10-06T10:00:36+00:00
graviton3,simde,256,main_scan_int,3,"and 2",0.45,0.8707,1.4175,3,3,2026-10-06T10:00:36+00:00
graviton3,simde,256,main_scan_int,3,"and 3",0.58,0.6341,1.2525,3,3,2026-10-06T10:00:36+00:00
graviton3,simde,256,main_scan_int,3,"and 3",0.58,0.6331,1.2538,3,3,2026-10-06T10:00:36+00:00
graviton3,simde,256,main_scan_int,3,"and 3",0.58,0.6353,1.2567,3,3,2026-10-06T10:00:36+00:00
graviton3,simde,256,main_scan_int,3,"and 3",0.58,0.6344,1.2548,3,3,2026-10-06T10:00:36+00:00
graviton3,simde,256,main_scan_int,3,"and 3",0.58,0.6339,1.2560,3,3,2026-10-06T10:00:36+00:00
graviton3,simde,256,main_scan_int,3,"and 1",0.50,1.1808,0.8821,3,3,2026-10-06T10:00:36+00:00
graviton3,simde,256,main_scan_int,3,"and 1",0.50,1.1863,0.8823,3,3,2026-10-06T10:00:36+00:00
graviton3,simde,256,main_scan_int,3,"and 1",0.50,1.1842,0.8822,3,3,2026-10-06T10:00:36+00:00
graviton3,simde,256,main_scan_int,3,"and 1",0.50,1.1809,0.8824,3,3,2026-10-06T10:00:36+00:00
graviton3,simde,256,main_scan_int,3,"and 1",0.50,1.1850,0.8824,3,3,2026-10-06T10:00:36+00:00
graviton3,simde,256,main_scan_int,3,"and 2",0.71,0.8262,0.8180,3,3,2026-10-06T10:00:36+00:00
graviton3,simde,256,main_scan_int,3,"and 2",0.71,0.8213,0.8153,3,3,2026-10-06T10:00:36+00:00
graviton3,simde,256,main_scan_int,3,"and 2",0.71,0.8275,0.8158,3,3,2026-10-06T10:00:36+00:00
graviton3,simde,256,main_scan_int,3,"and 2",0.71,0.8287,0.8169,3,3,2026-10-06T10:00:36+00:00
graviton3,simde,256,main_scan_int,3,"and 2",0.71,0.8234,0.8175,3,3,2026-10-06T10:00:36+00:00
graviton3,simde,256,main_scan_int,3,"and 3",0.79,0.8218,0.7602,3,3,2026-10-06T10:00:36+00:00
graviton3,simde,256,main_scan_int,3,"and 3",0.79,0.8234,0.7591,3,3,2026-10-06T10:00:36+00:00
graviton3,simde,256,main_scan_int,3,"and 3",0.79,0.8214,0.7606,3,3,2026-10-06T10:00:36+00:00
graviton3,simde,256,main_scan_int,3,"and 3",0.79,0.8245,0.7619,3,3,2026-10-06T10:00:36+00:00
graviton3,simde,256,main_scan_int,3,"and 3",0.79,0.8262,0.7591,3,3,2026-10-06T10:00:36+00:00
graviton3,simde,256,main_scan_int,3,"and 1",1.00,5.7125,7.1853,3,3,2026-10-06T10:00:36+00:00
graviton3,simde,256,main_scan_int,3,"and 1",1.00,5.6308,7.2892,3,3,2026-10-06T10:00:36+00:00
graviton3,simde,256,main_scan_int,3,"and 1",1.00,5.7200,7.2877,3,3,2026-10-06T10:00:36+00:00
graviton3,simde,256,main_scan_int,3,"and 1",1.00,5.6555,7.3846,3,3,2026-10-06T10:00:36+00:00
graviton3,simde,256,main_scan_int,3,"and 1",1.00,5.7314,7.3683,3,3,2026-10-06T10:00:36+00:00
graviton3,simde,256,main_scan_int,3,"and 2",1.00,4.5401,4.3628,3,3,2026-10-06T10:00:36+00:00
graviton3,simde,256,main_scan_int,3,"and 2",1.00,4.5386,4.3410,3,3,2026-10-06T10:00:36+00:00
graviton3,simde,256,main_scan_int,3,"and 2",1.00,4.5474,4.3766,3,3,2026-10-06T10:00:36+00:00
graviton3,simde,256,main_scan_int,3,"and 2",1.00,4.4464,4.5041,3,3,2026-10-06T10:00:36+00:00
graviton3,simde,256,main_scan_int,3,"and 2",1.00,4.4772,4.4763,3,3,2026-10-06T10:00:36+00:00
graviton3,simde,256,main_scan_int,3,"and 3",1.00,3.5524,3.1409,3,3,2026-10-06T10:00:36+00:00
graviton3,simde,256,main_scan_int,3,"and 3",1.00,3.5532,3.1091,3,3,2026-10-06T10:00:36+00:00
graviton3,simde,256,main_scan_int,3,"and 3",1.00,3.6126,3.1241,3,3,2026-10-06T10:00:36+00:00
graviton3,simde,256,main_scan_int,3,"and 3",1.00,3.5969,3.1026,3,3,2026-10-06T10:00:36+00:00
graviton3,simde,256,main_scan_int,3,"and 3",1.00,3.6201,3.1340,3,3,2026-10-06T10:00:36+00:00
graviton3,simde,128,main_scan_enc,3,"and 1",0.00,3.3316,4.9649,3,3,2026-10-06T10:01:02+00:00
graviton3,simde,128,main_scan_enc,3,"and 1",0.00,3.3209,4.9525,3,3,2026-10-06T10:01:02+00:00
graviton3,simde,128,main_scan_enc,3,"and 1",0.00,3.3087,4.9557,3,3,2026-10-06T10:01:02+00:00
graviton3,simde,128,main_scan_enc,3,"and 1",0.00,3.3204,4.9703,3,3,2026-10-06T10:01:02+00:00
graviton3,simde,128,main_scan_enc,3,"and 1",0.00,3.3243,4.9650,3,3,2026-10-06T10:01:02+00:00
graviton3,simde,128,main_scan_enc,3,"and 2",0.03,2.5897,3.1771,3,3,2026-10-06T10:01:02+00:00
graviton3,simde,128,main_scan_enc,3,"and 2",0.03,2.5919,3.1731,3,3,2026-10-06T10:01:02+00:00
graviton3,simde,128,main_scan_enc,3,"and 2",0.03,2.5896,3.1700,3,3,2026-10-06T10:01:02+00:00
graviton3,simde,128,main_scan_enc,3,"and 2",0.03,2.6016,3.1831,3,3,2026-10-06T10:01:02+00:00
graviton3,simde,128,main_scan_enc,3,"and 2",0.03,2.5999,3.1752,3,3,2026-10-06T10:01:02+00:00
graviton3,simde,128,main_scan_enc,3,"and 3",0.10,1.6523,2.0480,3,3,2026-10-06T10:01:02+00:00
graviton3,simde,128,main_scan_enc,3,"and 3",0.10,1.6877,2.0467,3,3,2026-10-06T10:01:02+00:00
graviton3,simde,128,main_scan_enc,3,"and 3",0.10,1.7028,2.0514,3,3,2026-10-06T10:01:02+00:00
graviton3,simde,128,main_scan_enc,3,"and 3",0.10,1.7026,2.0531,3,3,2026-10-06T10:01:02+00:00
graviton3,simde,128,main_scan_enc,3,"and 3",0.10,1.6924,2.0497,3,3,2026-10-06T10:01:02+00:00
graviton3,simde,128,main_scan_enc,3,"and 1",0.00,3.0760,4.7453,3,3,2026-10-06T10:01:02+00:00
graviton3,simde,128,main_scan_enc,3,"and 1",0.00,3.1066,4.7469,3,3,2026-10-06T10:01:02+00:00
graviton3,simde,128,main_scan_enc,3,"and 1",0.00,3.1288,4.7646,3,3,2026-10-06T10:01:02+00:00
graviton3,simde,128,main_scan_enc,3,"and 1",0.00,3.1407,4.7558,3,3,2026-10-06T10:01:02+00:00
graviton3,simde,128,main_scan_enc,3,"and 1",0.00,3.1263,4.7608,3,3,2026-10-06T10:01:02+00:00
graviton3,simde,128,main_scan_enc,3,"and 2",0.04,2.3274,2.9156,3,3,2026-10-06T10:01:02+00:00
graviton3,simde,128,main_scan_enc,3,"and 2",0.04,2.3168,2.9184,3,3,2026-10-06T10:01:02+00:00
graviton3,simde,128,main_scan_enc,3,"and 2",0.04,2.3155,2.9172,3,3,2026-10-06T10:01:02+00:00
graviton3,simde,128,main_scan_enc,3,"and 2",0.04,2.3257,2.9073,3,3,2026-10-06T10:01:02+00:00
graviton3,simde,128,main_scan_enc,3,"and 2",0.04,2.3277,2.9086,3,3,2026-10-06T10:01:02+00:00
graviton3,simde,128,main_scan_enc,3,"and 3",0.13,1.5047,1.9397,3,3,2026-10-06T10:01:02+00:00
graviton3,simde,128,main_scan_enc,3,"and 3",0.13,1.5303,1.9450,3,3,2026-10-06T10:01:02+00:00
graviton3,simde,128,main_scan_enc,3,"and 3",0.13,1.5435,1.9432,3,3,2026-10-06T10:01:02+00:00
graviton3,simde,128,main_scan_enc,3,"and 3",0.13,1.5324,1.9413,3,3,2026-10-06T10:01:02+00:00
graviton3,simde,128,main_scan_enc,3,"and 3",0.13,1.5303,1.9423,3,3,2026-10-06T10:01:02+00:00
graviton3,simde,128,main_scan_enc,3,"and 1",0.01,2.6924,4.3190,3,3,2026-10-06T10:01:02+00:00
graviton3,simde,128,main_scan_enc,3,"and 1",0.01,2.6820,4.3189,3,3,2026-10-06T10:01:02+00:00
graviton3,simde,128,main_scan_enc,3,"and 1",0.01,2.7073,4.3197,3,3,2026-10-06T10:01:02+00:00
graviton3,simde,128,main_scan_enc,3,"and 1",0.01,2.6924,4.3264,3,3,2026-10-06T10:01:02+00:00
graviton3,simde,128,main_scan_enc,3,"and 1",0.01,2.7027,4.3271,3,3,2026-10-06T10:01:02+00:00
graviton3,simde,128,main_scan_enc,3,"and 2",0.07,1.8803,2.5146,3,3,2026-10-06T10:01:02+00:00
graviton3,simde,128,main_scan_enc,3,"and 2",0.07,1.9042,2.5194,3,3,2026-10-06T10:01:02+00:00
graviton3,simde,128,main_scan_enc,3,"and 2",0.07,1.8983,2.5244,3,3,2026-10-06T10:01:02+00:00
graviton3,simde,128,main_scan_enc,3,"and 2",0.07,1.8924,2.5199,3,3,2026-10-06T10:01:02+00:00
graviton3,simde,128,main_scan_enc,3,"and 2",0.07,1.8968,2.5194,3,3,2026-10-06T10:01:02+00:00
graviton3,simde,128,main_scan_enc,3,"and 3",0.17,1.2091,1.7789,3,3,2026-10-06T10:01:02+00:00
graviton3,simde,128,main_scan_enc,3,"and 3",0.17,1.2271,1.7839,3,3,2026-10-06T10:01:02+00:00
graviton3,simde,128,main_scan_enc,3,"and 3",0.17,1.2279,1.7850,3,3,2026-10-06T10:01:02+00:00
graviton3,simde,128,main_scan_enc,3,"and 3",0.17,1.2360,1.7812,3,3,2026-10-06T10:01:02+00:00
graviton3,simde,128,main_scan_enc,3,"and 3",0.17,1.2314,1.7814,3,3,2026-10-06T10:01:02+00:00
graviton3,simde,128,main_scan_enc,3,"and 1",0.01,2.4848,3.8741,3,3,2026-10-06T10:01:02+00:00
graviton3,simde,128,main_scan_enc,3,"and 1",0.01,2.4879,3.8862,3,3,2026-10-06T10:01:02+00:00
graviton3,simde,128,main_scan_enc,3,"and 1",0.01,2.4903,3.8749,3,3,2026-10-06T10:01:02+00:00
graviton3,simde,128,main_scan_enc,3,"and 1",0.01,2.4827,3.8712,3,3,2026-10-06T10:01:02+00:00
graviton3,simde,128,main_scan_enc,3,"and 1",0.01,2.5076,3.8819,3,3,2026-10-06T10:01:02+00:00
graviton3,simde,128,main_scan_enc,3,"and 2",0.10,1.6313,2.2307,3,3,2026-10-06T10:01:02+00:00
graviton3,simde,128,main_scan_enc,3,"and 2",0.10,1.6425,2.2320,3,3,2026-10-06T10:01:02+00:00
graviton3,simde,128,main_scan_enc,3,"and 2",0.10,1.6333,2.2343,3,3,2026-10-06T10:01:02+00:00
graviton3,simde,128,main_scan_enc,3,"and 2",0.10,1.6526,2.2386,3,3,2026-10-06T10:01:02+00:00
graviton3,simde,128,main_scan_enc,3,"and 2",0.10,1.6437,2.2388,3,3,2026-10-06T10:01:02+00:00
graviton3,simde,128,main_scan_enc,3,"and 3",0.22,1.0109,1.6508,3,3,2026-10-06T10:01:02+00:00
graviton3,simde,128,main_scan_enc,3,"and 3",0.22,1.0350,1.6540,3,3,2026-10-06T10:01:02+00:00
graviton3,simde,128,main_scan_enc,3,"and 3",0.22,1.0532,1.6534,3,3,2026-10-06T10:01:02+00:00
graviton3,simde,128,main_scan_enc,3,"and 3",0.22,1.0676,1.6537,3,3,2026-10-06T10:01:02+00:00
graviton3,simde,128,main_scan_enc,3,"and 3",0.22,1.0154,1.6501,3,3,2026-10-06T10:01:02+00:00
graviton3,simde,128,main_scan_enc,3,"and 1",0.02,2.8201,3.3103,3,3,2026-10-06T10:01:02+00:00
graviton3,simde,128,main_scan_enc,3,"and 1",0.02,2.8097,3.2966,3,3,2026-10-06T10:01:02+00:00
graviton3,simde,128,main_scan_enc,3,"and 1",0.02,2.8166,3.3212,3,3,2026-10-06T10:01:02+00:00
graviton3,simde,128,main_scan_enc,3,"and 1",0.02,2.8232,3.2937,3,3,2026-10-06T10:01:02+00:00
graviton3,simde,128,main_scan_enc,3,"and 1",0.02,2.8116,3.2996,3,3,2026-10-06T10:01:02+00:00
graviton3,simde,128,main_scan_enc,3,"and 2",0.14,1.4922,1.9586,3,3,2026-10-06T10:01:02+00:00
graviton3,simde,128,main_scan_enc,3,"and 2",0.14,1.5019,1.9546,3,3,2026-10-06T10:01:02+00:00
graviton3,simde,128,main_scan_enc,3,"and 2",0.14,1.5091,1.9608,3,3,2026-10-06T10:01:02+00:00
graviton3,simde,128,main_scan_enc,3,"and 2",0.14,1.5166,1.9603,3,3,2026-10-06T10:01:02+00:00
graviton3,simde,128,main_scan_enc,3,"and 2",0.14,1.5202,1.9572,3,3,2026-10-06T10:01:02+00:00
graviton3,simde,128,main_scan_enc,3,"and 3",0.27,0.8631,1.4821,3,3,2026-10-06T10:01:02+00:00
graviton3,simde,128,main_scan_enc,3,"and 3",0.27,0.8805,1.4834,3,3,2026-10-06T10:01:02+00:00
graviton3,simde,128,main_scan_enc,3,"and 3",0.27,0.8744,1.4838,3,3,2026-10-06T10:01:02+00:00
graviton3,simde,128,main_scan_enc,3,"and 3",0.27,0.8770,1.4791,3,3,2026-10-06T10:01:02+00:00
graviton3,simde,128,main_scan_enc,3,"and 3",0.27,0.8871,1.4840,3,3,2026-10-06T10:01:02+00:00
graviton3,simde,128,main_scan_enc,3,"and 1",0.05,2.6869,2.4963,3,3,2026-10-06T10:01:02+00:00
graviton3,simde,128,main_scan_enc,3,"and 1",0.05,2.7272,2.4975,3,3,2026-10-06T10:01:02+00:00
graviton3,simde,128,main_scan_enc,3,"and 1",0.05,2.7420,2.4973,3,3,2026-10-06T10:01:02+00:00
graviton3,simde,128,main_scan_enc,3,"and 1",0.05,2.7294,2.4933,3,3,2026-10-06T10:01:02+00:00
graviton3,simde,128,main_scan_enc,3,"and 1",0.05,2.7279,2.4995,3,3,2026-10-06T10:01:02+00:00
graviton3,simde,128,main_scan_enc,3,"and 2",0.22,1.1111,1.6140,3,3,2026-10-06T10:01:02+00:00
graviton3,simde,128,main_scan_enc,3,"and 2",0.22,1.1212,1.6162,3,3,2026-10-06T10:01:02+00:00
graviton3,simde,128,main_scan_enc,3,"and 2",0.22,1.1489,1.6234,3,3,2026-10-06T10:01:02+00:00
graviton3,simde,128,main_scan_enc,3,"and 2",0.22,1.1491,1.6215,3,3,2026-10-06T10:01:02+00:00
graviton3,simde,128,main_scan_enc,3,"and 2",0.22,1.1370,1.6220,3,3,2026-10-06T10:01:02+00:00
graviton3,simde,128,main_scan_enc,3,"and 3",0.37,0.6458,1.2417,3,3,2026-10-06T10:01:02+00:00
graviton3,simde,128,main_scan_enc,3,"and 3",0.37,0.6454,1.2426,3,3,2026-10-06T10:01:02+00:00
graviton3,simde,128,main_scan_enc,3,"and 3",0.37,0.6473,1.2431,3,3,2026-10-06T10:01:02+00:00
graviton3,simde,128,main_scan_enc,3,"and 3",0.37,0.6481,1.2429,3,3,2026-10-06T10:01:02+00:00
graviton3,simde,128,main_scan_enc,3,"and 3",0.37,0.6459,1.2419,3,3,2026-10-06T10:01:02+00:00
graviton3,simde,128,main_scan_enc,3,"and 1",0.10,2.0650,1.9055,3,3,2026-10-06T10:01:02+00:00
graviton3,simde,128,main_scan_enc,3,"and 1",0.10,2.0956,1.9080,3,3,2026-10-06T10:01:02+00:00
graviton3,simde,128,main_scan_enc,3,"and 1",0.10,2.1286,1.9075,3,3,2026-10-06T10:01:02+00:00
graviton3,simde,128,main_scan_enc,3,"and 1",0.10,2.1040,1.9066,3,3,2026-10-06T10:01:02+00:00
graviton3,simde,128,main_scan_enc,3,"and 1",0.10,2.1221,1.9056,3,3,2026-10-06T10:01:02+00:00
graviton3,simde,128,main_scan_enc,3,"and 2",0.32,0.8357,1.3445,3,3,2026-10-06T10:01:02+00:00
graviton3,simde,128,main_scan_enc,3,"and 2",0.32,0.8294,1.3437,3,3,2026-10-06T10:01:02+00:00
graviton3,simde,128,main_scan_enc,3,"and 2",0.32,0.8381,1.3432,3,3,2026-10-06T10:01:02+00:00
graviton3,simde,128,main_scan_enc,3,"and 2",0.32,0.8435,1.3466,3,3,2026-10-06T10:01:02+00:00
graviton3,simde,128,main_scan_enc,3,"and 2",0.32,0.8355,1.3448,3,3,2026-10-06T10:01:02+00:00
graviton3,simde,128,main_scan_enc,3,"and 3",0.46,0.5174,1.0593,3,3,2026-10-06T10:01:02+00:00
graviton3,simde,128,main_scan_enc,3,"and 3",0.46,0.5173,1.0583,3,3,2026-10-06T10:01:02+00:00
graviton3,simde,128,main_scan_enc,3,"and 3",0.46,0.5175,1.0575,3,3,2026-10-06T10:01:02+00:00
graviton3,simde,128,main_scan_enc,3,"and 3",0.46,0.5172,1.0572,3,3,2026-10-06T10:01:02+00:00
graviton3,simde,128,main_scan_enc,3,"and 3",0.46,0.5176,1.0591,3,3,2026-10-06T10:01:02+00:00
graviton3,simde,128,main_scan_enc,3,"and 1",0.20,1.3750,1.4234,3,3,2026-10-06T10:01:02+00:00
graviton3,simde,128,main_scan_enc,3,"and 1",0.20,1.3851,1.4225,3,3,2026-10-06T10:01:02+00:00
graviton3,simde,128,main_scan_enc,3,"and 1",0.20,1.4496,1.4226,3,3,2026-10-06T10:01:02+00:00
graviton3,simde,128,main_scan_enc,3,"and 1",0.20,1.4488,1.4205,3,3,2026-10-06T10:01:02+00:00
graviton3,simde,128,main_scan_enc,3,"and 1",0.20,1.3860,1.4226,3,3,2026-10-06T10:01:02+00:00
graviton3,simde,128,main_scan_enc,3,"and 2",0.45,0.6152,1.0832,3,3,2026-10-06T10:01:02+00:00
graviton3,simde,128,main_scan_enc,3,"and 2",0.45,0.6151,1.0851,3,3,2026-10-06T10:01:02+00:00
graviton3,simde,128,main_scan_enc,3,"and 2",0.45,0.6151,1.0862,3,3,2026-10-06T10:01:02+00:00
graviton3,simde,128,main_scan_enc,3,"and 2",0.45,0.6152,1.0862,3,3,2026-10-06T10:01:02+00:00
graviton3,simde,128,main_scan_enc,3,"and 2",0.45,0.6150,1.0856,3,3,2026-10-06T10:01:02+00:00
graviton3,simde,128,main_scan_enc,3,"and 3",0.58,0.4648,0.8729,3,3,2026-10-06T10:01:02+00:00
graviton3,simde,128,main_scan_enc,3,"and 3",0.58,0.4655,0.8732,3,3,2026-10-06T10:01:02+00:00
graviton3,simde,128,main_scan_enc,3,"and 3",0.58,0.4652,0.8745,3,3,2026-10-06T10:01:02+00:00
graviton3,simde,128,main_scan_enc,3,"and 3",0.58,0.4648,0.8756,3,3,2026-10-06T10:01:02+00:00
graviton3,simde,128,main_scan_enc,3,"and 3",0.58,0.4651,0.8768,3,3,2026-10-06T10:01:02+00:00
graviton3,simde,128,main_scan_enc,3,"and 1",0.50,0.8610,0.8185,3,3,2026-10-06T10:01:02+00:00
graviton3,simde,128,main_scan_enc,3,"and 1",0.50,0.8615,0.8188,3,3,2026-10-06T10:01:02+00:00
graviton3,simde,128,main_scan_enc,3,"and 1",0.50,0.8611,0.8145,3,3,2026-10-06T10:01:02+00:00
graviton3,simde,128,main_scan_enc,3,"and 1",0.50,0.8622,0.8194,3,3,2026-10-06T10:01:02+00:00
graviton3,simde,128,main_scan_enc,3,"and 1",0.50,0.8614,0.8193,3,3,2026-10-06T10:01:02+00:00
graviton3,simde,128,main_scan_enc,3,"and 2",0.71,0.6763,0.6895,3,3,2026-10-06T10:01:02+00:00
graviton3,simde,128,main_scan_enc,3,"and 2",0.71,0.6609,0.6895,3,3,2026-10-06T10:01:02+00:00
graviton3,simde,128,main_scan_enc,3,"and 2",0.71,0.6518,0.6875,3,3,2026-10-06T10:01:02+00:00
graviton3,simde,128,main_scan_enc,3,"and 2",0.71,0.6572,0.6899,3,3,2026-10-06T10:01:02+00:00
graviton3,simde,128,main_scan_enc,3,"and 2",0.71,0.6557,0.6893,3,3,2026-10-06T10:01:02+00:00
graviton3,simde,128,main_scan_enc,3,"and 3",0.79,0.5742,0.6048,3,3,2026-10-06T10:01:02+00:00
graviton3,simde,128,main_scan_enc,3,"and 3",0.79,0.5427,0.5824,3,3,2026-10-06T10:01:02+00:00
graviton3,simde,128,main_scan_enc,3,"and 3",0.79,0.5761,0.5808,3,3,2026-10-06T10:01:02+00:00
graviton3,simde,128,main_scan_enc,3,"and 3",0.79,0.5772,0.6042,3,3,2026-10-06T10:01:02+00:00
graviton3,simde,128,main_scan_enc,3,"and 3",0.79,0.5764,0.6049,3,3,2026-10-06T10:01:02+00:00
graviton3,simde,128,main_scan_enc,3,"and 1",1.00,3.3019,0.4619,3,3,2026-10-06T10:01:02+00:00
graviton3,simde,128,main_scan_enc,3,"and 1",1.00,3.3076,0.4625,3,3,2026-10-06T10:01:02+00:00
graviton3,simde,128,main_scan_enc,3,"and 1",1.00,3.3103,0.4624,3,3,2026-10-06T10:01:02+00:00
graviton3,simde,128,main_scan_enc,3,"and 1",1.00,3.3040,0.4624,3,3,2026-10-06T10:01:02+00:00
graviton3,simde,128,main_scan_enc,3,"and 1",1.00,3.3103,0.4619,3,3,2026-10-06T10:01:02+00:00
graviton3,simde,128,main_scan_enc,3,"and 2",1.00,2.1282,0.4187,3,3,2026-10-06T10:01:02+00:00
graviton3,simde,128,main_scan_enc,3,"and 2",1.00,2.1086,0.4186,3,3,2026-10-06T10:01:02+00:00
graviton3,simde,128,main_scan_enc,3,"and 2",1.00,2.1369,0.4189,3,3,2026-10-06T10:01:02+00:00
graviton3,simde,128,main_scan_enc,3,"and 2",1.00,2.1339,0.4189,3,3,2026-10-06T10:01:02+00:00
graviton3,simde,128,main_scan_enc,3,"and 2",1.00,2.1385,0.4188,3,3,2026-10-06T10:01:02+00:00
graviton3,simde,128,main_scan_enc,3,"and 3",1.00,1.5435,0.3862,3,3,2026-10-06T10:01:02+00:00
graviton3,simde,128,main_scan_enc,3,"and 3",1.00,1.5422,0.3717,3,3,2026-10-06T10:01:02+00:00
graviton3,simde,128,main_scan_enc,3,"and 3",1.00,1.5389,0.3857,3,3,2026-10-06T10:01:02+00:00
graviton3,simde,128,main_scan_enc,3,"and 3",1.00,1.5411,0.3862,3,3,2026-10-06T10:01:02+00:00
graviton3,simde,128,main_scan_enc,3,"and 3",1.00,1.5372,0.3858,3,3,2026-10-06T10:01:02+00:00
graviton3,simde,256,main_scan_enc,3,"and 1",0.00,3.3563,6.7193,3,3,2026-10-06T10:01:16+00:00
graviton3,simde,256,main_scan_enc,3,"and 1",0.00,3.3510,6.7449,3,3,2026-10-06T10:01:16+00:00
graviton3,simde,256,main_scan_enc,3,"and 1",0.00,3.3850,6.7564,3,3,2026-10-06T10:01:16+00:00
graviton3,simde,256,main_scan_enc,3,"and 1",0.00,3.3621,6.7847,3,3,2026-10-06T10:01:16+00:00
graviton3,simde,256,main_scan_enc,3,"and 1",0.00,3.3611,6.7784,3,3,2026-10-06T10:01:16+00:00
graviton3,simde,256,main_scan_enc,3,"and 2",0.03,2.6101,4.0249,3,3,2026-10-06T10:01:16+00:00
graviton3,simde,256,main_scan_enc,3,"and 2",0.03,2.6115,4.0225,3,3,2026-10-06T10:01:16+00:00
graviton3,simde,256,main_scan_enc,3,"and 2",0.03,2.6068,4.0386,3,3,2026-10-06T10:01:16+00:00
graviton3,simde,256,main_scan_enc,3,"and 2",0.03,2.6161,4.0281,3,3,2026-10-06T10:01:16+00:00
graviton3,simde,256,main_scan_enc,3,"and 2",0.03,2.5945,4.0125,3,3,2026-10-06T10:01:16+00:00
graviton3,simde,256,main_scan_enc,3,"and 3",0.10,1.6514,2.5216,3,3,2026-10-06T10:01:16+00:00
graviton3,simde,256,main_scan_enc,3,"and 3",0.10,1.6680,2.5176,3,3,2026-10-06T10:01:16+00:00
graviton3,simde,256,main_scan_enc,3,"and 3",0.10,1.6998,2.5299,3,3,2026-10-06T10:01:16+00:00
graviton3,simde,256,main_scan_enc,3,"and 3",0.10,1.7040,2.5297,3,3,2026-10-06T10:01:16+00:00
graviton3,simde,256,main_scan_enc,3,"and 3",0.10,1.6993,2.5162,3,3,2026-10-06T10:01:16+00:00
graviton3,simde,256,main_scan_enc,3,"and 1",0.00,3.0927,6.3367,3,3,2026-10-06T10:01:16+00:00
graviton3,simde,256,main_scan_enc,3,"and 1",0.00,3.1242,6.3269,3,3,2026-10-06T10:01:16+00:00
graviton3,simde,256,main_scan_enc,3,"and 1",0.00,3.1252,6.3381,3,3,2026-10-06T10:01:16+00:00
graviton3,simde,256,main_scan_enc,3,"and 1",0.00,3.1237,6.3497,3,3,2026-10-06T10:01:16+00:00
graviton3,simde,256,main_scan_enc,3,"and 1",0.00,3.1176,6.3534,3,3,2026-10-06T10:01:16+00:00
graviton3,simde,256,main_scan_enc,3,"and 2",0.04,2.3278,3.6929,3,3,2026-10-06T10:01:16+00:00
graviton3,simde,256,main_scan_enc,3,"and 2",0.04,2.3432,3.6880,3,3,2026-10-06T10:01:16+00:00
graviton3,simde,256,main_scan_enc,3,"and 2",0.04,2.3326,3.6932,3,3,2026-10-06T10:01:16+00:00
graviton3,simde,256,main_scan_enc,3,"and 2",0.04,2.3371,3.6919,3,3,2026-10-06T10:01:16+00:00
graviton3,simde,256,main_scan_enc,3,"and 2",0.04,2.3398,3.6820,3,3,2026-10-06T10:01:16+00:00
graviton3,simde,256,main_scan_enc,3,"and 3",0.13,1.4782,2.3747,3,3,2026-10-06T10:01:16+00:00
graviton3,simde,256,main_scan_enc,3,"and 3",0.13,1.5464,2.3756,3,3,2026-10-06T10:01:16+00:00
graviton3,simde,256,main_scan_enc,3,"and 3",0.13,1.5459,2.3771,3,3,2026-10-06T10:01:16+00:00
graviton3,simde,256,main_scan_enc,3,"and 3",0.13,1.5480,2.3790,3,3,2026-10-06T10:01:16+00:00
graviton3,simde,256,main_scan_enc,3,"and 3",0.13,1.5512,2.3769,3,3,2026-10-06T10:01:16+00:00
graviton3,simde,256,main_scan_enc,3,"and 1",0.01,2.6870,5.5510,3,3,2026-10-06T10:01:16+00:00
graviton3,simde,256,main_scan_enc,3,"and 1",0.01,2.7087,5.5452,3,3,2026-10-06T10:01:16+00:00
graviton3,simde,256,main_scan_enc,3,"and 1",0.01,2.6830,5.5660,3,3,2026-10-06T10:01:16+00:00
graviton3,simde,256,main_scan_enc,3,"and 1",0.01,2.6977,5.5615,3,3,2026-10-06T10:01:16+00:00
graviton3,simde,256,main_scan_enc,3,"and 1",0.01,2.6731,5.5608,3,3,2026-10-06T10:01:16+00:00
graviton3,simde,256,main_scan_enc,3,"and 2",0.07,1.8899,3.1169,3,3,2026-10-06T10:01:16+00:00
graviton3,simde,256,main_scan_enc,3,"and 2",0.07,1.8915,3.1092,3,3,2026-10-06T10:01:16+00:00
graviton3,simde,256,main_scan_enc,3,"and 2",0.07,1.8975,3.1239,3,3,2026-10-06T10:01:16+00:00
graviton3,simde,256,main_scan_enc,3,"and 2",0.07,1.8906,3.1232,3,3,2026-10-06T10:01:16+00:00
graviton3,simde,256,main_scan_enc,3,"and 2",0.07,1.8926,3.1081,3,3,2026-10-06T10:01:16+00:00
graviton3,simde,256,main_scan_enc,3,"and 3",0.17,1.1796,2.1410,3,3,2026-10-06T10:01:16+00:00
graviton3,simde,256,main_scan_enc,3,"and 3",0.17,1.2201,2.1415,3,3,2026-10-06T10:01:16+00:00
graviton3,simde,256,main_scan_enc,3,"and 3",0.17,1.2297,2.1502,3,3,2026-10-06T10:01:16+00:00
graviton3,simde,256,main_scan_enc,3,"and 3",0.17,1.2356,2.1470,3,3,2026-10-06T10:01:16+00:00
graviton3,simde,256,main_scan_enc,3,"and 3",0.17,1.2382,2.1445,3,3,2026-10-06T10:01:16+00:00
graviton3,simde,256,main_scan_enc,3,"and 1",0.01,2.4955,4.8126,3,3,2026-10-06T10:01:16+00:00
graviton3,simde,256,main_scan_enc,3,"and 1",0.01,2.4828,4.8163,3,3,2026-10-06T10:01:16+00:00
graviton3,simde,256,main_scan_enc,3,"and 1",0.01,2.4807,4.8033,3,3,2026-10-06T10:01:16+00:00
graviton3,simde,256,main_scan_enc,3,"and 1",0.01,2.4897,4.8095,3,3,2026-10-06T10:01:16+00:00
graviton3,simde,256,main_scan_enc,3,"and 1",0.01,2.4799,4.8140,3,3,2026-10-06T10:01:16+00:00
graviton3,simde,256,main_scan_enc,3,"and 2",0.10,1.6169,2.7191,3,3,2026-10-06T10:01:16+00:00
graviton3,simde,256,main_scan_enc,3,"and 2",0.10,1.6144,2.7228,3,3,2026-10-06T10:01:16+00:00
graviton3,simde,256,main_scan_enc,3,"and 2",0.10,1.6285,2.7149,3,3,2026-10-06T10:01:16+00:00
graviton3,simde,256,main_scan_enc,3,"and 2",0.10,1.6386,2.7261,3,3,2026-10-06T10:01:16+00:00
graviton3,simde,256,main_scan_enc,3,"and 2",0.10,1.6447,2.7247,3,3,2026-10-06T10:01:16+00:00
graviton3,simde,256,main_scan_enc,3,"and 3",0.22,1.0323,2.0159,3,3,2026-10-06T10:01:16+00:00
graviton3,simde,256,main_scan_enc,3,"and 3",0.22,1.0400,2.0170,3,3,2026-10-06T10:01:16+00:00
graviton3,simde,256,main_scan_enc,3,"and 3",0.22,1.0609,2.0167,3,3,2026-10-06T10:01:16+00:00
graviton3,simde,256,main_scan_enc,3,"and 3",0.22,1.0565,2.0173,3,3,2026-10-06T10:01:16+00:00
graviton3,simde,256,main_scan_enc,3,"and 3",0.22,1.0566,2.0193,3,3,2026-10-06T10:01:16+00:00
graviton3,simde,256,main_scan_enc,3,"and 1",0.02,2.8209,3.9418,3,3,2026-10-06T10:01:16+00:00
graviton3,simde,256,main_scan_enc,3,"and 1",0.02,2.8248,3.9490,3,3,2026-10-06T10:01:16+00:00
graviton3,simde,256,main_scan_enc,3,"and 1",0.02,2.8331,3.9160,3,3,2026-10-06T10:01:16+00:00
graviton3,simde,256,main_scan_enc,3,"and 1",0.02,2.8244,3.9390,3,3,2026-10-06T10:01:16+00:00
graviton3,simde,256,main_scan_enc,3,"and 1",0.02,2.8112,3.9272,3,3,2026-10-06T10:01:16+00:00
graviton3,simde,256,main_scan_enc,3,"and 2",0.14,1.5117,2.3316,3,3,2026-10-06T10:01:16+00:00
graviton3,simde,256,main_scan_enc,3,"and 2",0.14,1.5248,2.3312,3,3,2026-10-06T10:01:16+00:00
graviton3,simde,256,main_scan_enc,3,"and 2",0.14,1.5383,2.3352,3,3,2026-10-06T10:01:16+00:00
graviton3,simde,256,main_scan_enc,3,"and 2",0.14,1.5455,2.3246,3,3,2026-10-06T10:01:16+00:00
graviton3,simde,256,main_scan_enc,3,"and 2",0.14,1.5494,2.3263,3,3,2026-10-06T10:01:16+00:00
graviton3,simde,256,main_scan_enc,3,"and 3",0.27,0.8656,1.8010,3,3,2026-10-06T10:01:16+00:00
graviton3,simde,256,main_scan_enc,3,"and 3",0.27,0.8895,1.8015,3,3,2026-10-06T10:01:16+00:00
graviton3,simde,256,main_scan_enc,3,"and 3",0.27,0.8953,1.7980,3,3,2026-10-06T10:01:16+00:00
graviton3,simde,256,main_scan_enc,3,"and 3",0.27,0.8926,1.8019,3,3,2026-10-06T10:01:16+00:00
graviton3,simde,256,main_scan_enc,3,"and 3",0.27,0.8909,1.8035,3,3,2026-10-06T10:01:16+00:00
graviton3,simde,256,main_scan_enc,3,"and 1",0.05,2.7160,2.8174,3,3,2026-10-06T10:01:16+00:00
graviton3,simde,256,main_scan_enc,3,"and 1",0.05,2.7141,2.8261,3,3,2026-10-06T10:01:16+00:00
graviton3,simde,256,main_scan_enc,3,"and 1",0.05,2.7548,2.8242,3,3,2026-10-06T10:01:16+00:00
graviton3,simde,256,main_scan_enc,3,"and 1",0.05,2.7596,2.8200,3,3,2026-10-06T10:01:16+00:00
graviton3,simde,256,main_scan_enc,3,"and 1",0.05,2.7525,2.8204,3,3,2026-10-06T10:01:16+00:00
graviton3,simde,256,main_scan_enc,3,"and 2",0.22,1.1316,1.8498,3,3,2026-10-06T10:01:16+00:00
graviton3,simde,256,main_scan_enc,3,"and 2",0.22,1.1413,1.8483,3,3,2026-10-06T10:01:16+00:00
graviton3,simde,256,main_scan_enc,3,"and 2",0.22,1.1498,1.8518,3,3,2026-10-06T10:01:16+00:00
graviton3,simde,256,main_scan_enc,3,"and 2",0.22,1.1645,1.8562,3,3,2026-10-06T10:01:16+00:00
graviton3,simde,256,main_scan_enc,3,"and 2",0.22,1.1645,1.8525,3,3,2026-10-06T10:01:16+00:00
graviton3,simde,256,main_scan_enc,3,"and 3",0.37,0.6421,1.4748,3,3,2026-10-06T10:01:16+00:00
graviton3,simde,256,main_scan_enc,3,"and 3",0.37,0.6451,1.4755,3,3,2026-10-06T10:01:16+00:00
graviton3,simde,256,main_scan_enc,3,"and 3",0.37,0.6455,1.4747,3,3,2026-10-06T10:01:16+00:00
graviton3,simde,256,main_scan_enc,3,"and 3",0.37,0.6425,1.4753,3,3,2026-10-06T10:01:16+00:00
graviton3,simde,256,main_scan_enc,3,"and 3",0.37,0.6433,1.4753,3,3,2026-10-06T10:01:16+00:00
graviton3,simde,256,main_scan_enc,3,"and 1",0.10,2.0458,2.0748,3,3,2026-10-06T10:01:16+00:00
graviton3,simde,256,main_scan_enc,3,"and 1",0.10,2.1548,2.0694,3,3,2026-10-06T10:01:16+00:00
graviton3,simde,256,main_scan_enc,3,"and 1",0.10,2.1662,2.0703,3,3,2026-10-06T10:01:16+00:00
graviton3,simde,256,main_scan_enc,3,"and 1",0.10,2.1634,2.0709,3,3,2026-10-06T10:01:16+00:00
graviton3,simde,256,main_scan_enc,3,"and 1",0.10,2.1657,2.0722,3,3,2026-10-06T10:01:16+00:00
graviton3,simde,256,main_scan_enc,3,"and 2",0.32,0.8366,1.4876,3,3,2026-10-06T10:01:16+00:00
graviton3,simde,256,main_scan_enc,3,"and 2",0.32,0.8329,1.4895,3,3,2026-10-06T10:01:16+00:00
graviton3,simde,256,main_scan_enc,3,"and 2",0.32,0.8296,1.4856,3,3,2026-10-06T10:01:16+00:00
graviton3,simde,256,main_scan_enc,3,"and 2",0.32,0.8359,1.4889,3,3,2026-10-06T10:01:16+00:00
graviton3,simde,256,main_scan_enc,3,"and 2",0.32,0.8320,1.4809,3,3,2026-10-06T10:01:16+00:00
graviton3,simde,256,main_scan_enc,3,"and 3",0.46,0.5170,1.2196,3,3,2026-10-06T10:01:16+00:00
graviton3,simde,256,main_scan_enc,3,"and 3",0.46,0.5173,1.2203,3,3,2026-10-06T10:01:16+00:00
graviton3,simde,256,main_scan_enc,3,"and 3",0.46,0.5176,1.2185,3,3,2026-10-06T10:01:16+00:00
graviton3,simde,256,main_scan_enc,3,"and 3",0.46,0.5176,1.2178,3,3,2026-10-06T10:01:16+00:00
graviton3,simde,256,main_scan_enc,3,"and 3",0.46,0.5172,1.2195,3,3,2026-10-06T10:01:16+00:00
graviton3,simde,256,main_scan_enc,3,"and 1",0.20,1.4608,1.4973,3,3,2026-10-06T10:01:16+00:00
graviton3,simde,256,main_scan_enc,3,"and 1",0.20,1.4300,1.4954,3,3,2026-10-06T10:01:16+00:00
graviton3,simde,256,main_scan_enc,3,"and 1",0.20,1.3098,1.4953,3,3,2026-10-06T10:01:16+00:00
graviton3,simde,256,main_scan_enc,3,"and 1",0.20,1.2839,1.4985,3,3,2026-10-06T10:01:16+00:00
graviton3,simde,256,main_scan_enc,3,"and 1",0.20,1.3019,1.4958,3,3,2026-10-06T10:01:16+00:00
graviton3,simde,256,main_scan_enc,3,"and 2",0.45,0.6149,1.1648,3,3,2026-10-06T10:01:16+00:00
graviton3,simde,256,main_scan_enc,3,"and 2",0.45,0.6155,1.1659,3,3,2026-10-06T10:01:16+00:00
graviton3,simde,256,main_scan_enc,3,"and 2",0.45,0.6148,1.1629,3,3,2026-10-06T10:01:16+00:00
graviton3,simde,256,main_scan_enc,3,"and 2",0.45,0.6146,1.1641,3,3,2026-10-06T10:01:16+00:00
graviton3,simde,256,main_scan_enc,3,"and 2",0.45,0.6146,1.1651,3,3,2026-10-06T10:01:16+00:00
graviton3,simde,256,main_scan_enc,3,"and 3",0.58,0.4649,0.9831,3,3,2026-10-06T10:01:16+00:00
graviton3,simde,256,main_scan_enc,3,"and 3",0.58,0.4649,0.9857,3,3,2026-10-06T10:01:16+00:00
graviton3,simde,256,main_scan_enc,3,"and 3",0.58,0.4648,0.9856,3,3,2026-10-06T10:01:16+00:00
graviton3,simde,256,main_scan_enc,3,"and 3",0.58,0.4650,0.9842,3,3,2026-10-06T10:01:16+00:00
graviton3,simde,256,main_scan_enc,3,"and 3",0.58,0.4645,0.9856,3,3,2026-10-06T10:01:16+00:00
graviton3,simde,256,main_scan_enc,3,"and 1",0.50,0.8608,0.8455,3,3,2026-10-06T10:01:16+00:00
graviton3,simde,256,main_scan_enc,3,"and 1",0.50,0.8617,0.8462,3,3,2026-10-06T10:01:16+00:00
graviton3,simde,256,main_scan_enc,3,"and 1",0.50,0.8615,0.8459,3,3,2026-10-06T10:01:16+00:00
graviton3,simde,256,main_scan_enc,3,"and 1",0.50,0.8622,0.8457,3,3,2026-10-06T10:01:16+00:00
graviton3,simde,256,main_scan_enc,3,"and 1",0.50,0.8622,0.8454,3,3,2026-10-06T10:01:16+00:00
graviton3,simde,256,main_scan_enc,3,"and 2",0.71,0.6665,0.7264,3,3,2026-10-06T10:01:16+00:00
graviton3,simde,256,main_scan_enc,3,"and 2",0.71,0.6541,0.7254,3,3,2026-10-06T10:01:16+00:00
graviton3,simde,256,main_scan_enc,3,"and 2",0.71,0.6531,0.7260,3,3,2026-10-06T10:01:16+00:00
graviton3,simde,256,main_scan_enc,3,"and 2",0.71,0.6573,0.7265,3,3,2026-10-06T10:01:16+00:00
graviton3,simde,256,main_scan_enc,3,"and 2",0.71,0.6566,0.7259,3,3,2026-10-06T10:01:16+00:00
graviton3,simde,256,main_scan_enc,3,"and 3",0.79,0.5754,0.6565,3,3,2026-10-06T10:01:16+00:00
graviton3,simde,256,main_scan_enc,3,"and 3",0.79,0.5759,0.6533,3,3,2026-10-06T10:01:16+00:00
graviton3,simde,256,main_scan_enc,3,"and 3",0.79,0.5762,0.6563,3,3,2026-10-06T10:01:16+00:00
graviton3,simde,256,main_scan_enc,3,"and 3",0.79,0.5738,0.6568,3,3,2026-10-06T10:01:16+00:00
graviton3,simde,256,main_scan_enc,3,"and 3",0.79,0.5755,0.6567,3,3,2026-10-06T10:01:16+00:00
graviton3,simde,256,main_scan_enc,3,"and 1",1.00,3.2954,0.5303,3,3,2026-10-06T10:01:16+00:00
graviton3,simde,256,main_scan_enc,3,"and 1",1.00,3.3065,0.5304,3,3,2026-10-06T10:01:16+00:00
graviton3,simde,256,main_scan_enc,3,"and 1",1.00,3.3064,0.5303,3,3,2026-10-06T10:01:16+00:00
graviton3,simde,256,main_scan_enc,3,"and 1",1.00,3.2986,0.5300,3,3,2026-10-06T10:01:16+00:00
graviton3,simde,256,main_scan_enc,3,"and 1",1.00,3.3012,0.5298,3,3,2026-10-06T10:01:16+00:00
graviton3,simde,256,main_scan_enc,3,"and 2",1.00,2.1338,0.4821,3,3,2026-10-06T10:01:16+00:00
graviton3,simde,256,main_scan_enc,3,"and 2",1.00,2.1355,0.4822,3,3,2026-10-06T10:01:16+00:00
graviton3,simde,256,main_scan_enc,3,"and 2",1.00,2.1365,0.4825,3,3,2026-10-06T10:01:16+00:00
graviton3,simde,256,main_scan_enc,3,"and 2",1.00,2.1351,0.4822,3,3,2026-10-06T10:01:16+00:00
graviton3,simde,256,main_scan_enc,3,"and 2",1.00,2.1383,0.4819,3,3,2026-10-06T10:01:16+00:00
graviton3,simde,256,main_scan_enc,3,"and 3",1.00,1.5405,0.4502,3,3,2026-10-06T10:01:16+00:00
graviton3,simde,256,main_scan_enc,3,"and 3",1.00,1.5405,0.4498,3,3,2026-10-06T10:01:16+00:00
graviton3,simde,256,main_scan_enc,3,"and 3",1.00,1.5409,0.4498,3,3,2026-10-06T10:01:16+00:00
graviton3,simde,256,main_scan_enc,3,"and 3",1.00,1.5424,0.4498,3,3,2026-10-06T10:01:16+00:00
graviton3,simde,256,main_scan_enc,3,"and 3",1.00,1.5411,0.4499,3,3,2026-10-06T10:01:16+00:00
graviton3,simde,128,main_gather,3,"gather_byte",100.00,0.152198,0.152198,3,3,2026-10-06T10:01:52+00:00
graviton3,simde,128,main_gather,3,"gather_short",100.00,0.139348,0.139348,3,3,2026-10-06T10:01:52+00:00
graviton3,simde,128,main_gather,3,"gather_int",100.00,0.162362,0.162362,3,3,2026-10-06T10:01:52+00:00
graviton3,simde,128,main_gather,3,"gather_long",100.00,0.141945,0.141945,3,3,2026-10-06T10:01:52+00:00
graviton3,simde,128,main_gather,3,"gather_char",100.00,0.025568,0.025568,3,3,2026-10-06T10:01:52+00:00
graviton3,simde,128,main_gather,3,"gather_encoded",100.00,0.100807,0.100807,3,3,2026-10-06T10:01:52+00:00
graviton3,simde,128,main_gather,3,"copy_encoded",100.00,1.464141,1.464141,3,3,2026-10-06T10:01:52+00:00
graviton3,simde,256,main_gather,3,"gather_byte",100.00,0.148394,0.148394,3,3,2026-10-06T10:02:53+00:00
graviton3,simde,256,main_gather,3,"gather_short",100.00,0.137452,0.137452,3,3,2026-10-06T10:02:53+00:00
graviton3,simde,256,main_gather,3,"gather_int",100.00,0.151995,0.151995,3,3,2026-10-06T10:02:53+00:00
graviton3,simde,256,main_gather,3,"gather_long",100.00,0.133924,0.133924,3,3,2026-10-06T10:02:53+00:00
graviton3,simde,256,main_gather,3,"gather_char",100.00,0.028475,0.028475,3,3,2026-10-06T10:02:53+00:00
graviton3,simde,256,main_gather,3,"gather_encoded",100.00,0.133031,0.133031,3,3,2026-10-06T10:02:53+00:00
graviton3,simde,256,main_gather,3,"copy_encoded",100.00,1.917922,1.917922,3,3,2026-10-06T10:02:53+00:00
graviton3,simde,128,main_hash,3,"jenkins_hash",100.00,0.017220,0.017220,3,3,2026-10-06T10:05:52+00:00
graviton3,simde,128,main_hash,3,"fnv_hash",100.00,0.025146,0.025146,3,3,2026-10-06T10:05:52+00:00
graviton3,simde,128,main_hash,3,"murmur_hash",100.00,0.051338,0.051338,3,3,2026-10-06T10:05:52+00:00
graviton3,simde,256,main_hash,3,"jenkins_hash",100.00,0.018672,0.018672,3,3,2026-10-06T10:06:17+00:00
graviton3,simde,256,main_hash,3,"fnv_hash",100.00,0.026471,0.026471,3,3,2026-10-06T10:06:17+00:00
graviton3,simde,256,main_hash,3,"murmur_hash",100.00,0.052486,0.052486,3,3,2026-10-06T10:06:17+00:00
graviton3,simde,128,main_select,3,"select_byte",100.00,2.874378,2.874378,3,3,2026-10-06T10:07:31+00:00
graviton3,simde,128,main_select,3,"select_short",100.00,3.508307,3.508307,3,3,2026-10-06T10:07:31+00:00
graviton3,simde,128,main_select,3,"select_int",100.00,4.155722,4.155722,3,3,2026-10-06T10:07:31+00:00
graviton3,simde,128,main_select,3,"select_long",100.00,1.013566,1.013566,3,3,2026-10-06T10:07:31+00:00
graviton3,simde,128,main_select,3,"select_float",100.00,3.688571,3.688571,3,3,2026-10-06T10:07:31+00:00
graviton3,simde,128,main_select,3,"select_double",100.00,0.893147,0.893147,3,3,2026-10-06T10:07:31+00:00
graviton3,simde,128,main_select,3,"select_char",100.00,0.128488,0.128488,3,3,2026-10-06T10:07:31+00:00
graviton3,simde,128,main_select,3,"select_encoded",100.00,1.250214,1.250214,3,3,2026-10-06T10:07:31+00:00
graviton3,simde,256,main_select,3,"select_byte",100.00,2.837668,2.837668,3,3,2026-10-06T10:08:07+00:00
graviton3,simde,256,main_select,3,"select_short",100.00,3.443822,3.443822,3,3,2026-10-06T10:08:07+00:00
graviton3,simde,256,main_select,3,"select_int",100.00,3.858649,3.858649,3,3,2026-10-06T10:08:07+00:00
graviton3,simde,256,main_select,3,"select_long",100.00,0.782285,0.782285,3,3,2026-10-06T10:08:07+00:00
graviton3,simde,256,main_select,3,"select_float",100.00,3.526275,3.526275,3,3,2026-10-06T10:08:07+00:00
graviton3,simde,256,main_select,3,"select_double",100.00,0.669979,0.669979,3,3,2026-10-06T10:08:07+00:00
graviton3,simde,256,main_select,3,"select_char",100.00,0.072803,0.072803,3,3,2026-10-06T10:08:07+00:00
graviton3,simde,256,main_select,3,"select_encoded",100.00,1.307785,1.307785,3,3,2026-10-06T10:08:07+00:00
graviton3,simde,128,main_filter,3,"filter_byte_eq",100.00,0.067421,0.067421,3,3,2026-10-06T10:09:54+00:00
graviton3,simde,128,main_filter,3,"filter_byte_lt",100.00,0.041938,0.041938,3,3,2026-10-06T10:09:54+00:00
graviton3,simde,128,main_filter,3,"filter_byte_gt",100.00,0.042025,0.042025,3,3,2026-10-06T10:09:54+00:00
graviton3,simde,128,main_filter,3,"filter_byte_ne",100.00,0.033206,0.033206,3,3,2026-10-06T10:09:54+00:00
graviton3,simde,128,main_filter,3,"filter_byte_le",100.00,0.042170,0.042170,3,3,2026-10-06T10:09:54+00:00
graviton3,simde,128,main_filter,3,"filter_byte_ge",100.00,0.041208,0.041208,3,3,2026-10-06T10:09:54+00:00
graviton3,simde,128,main_filter,3,"filter_short_eq",100.00,0.048642,0.048642,3,3,2026-10-06T10:09:54+00:00
graviton3,simde,128,main_filter,3,"filter_short_lt",100.00,0.033510,0.033510,3,3,2026-10-06T10:09:54+00:00
graviton3,simde,128,main_filter,3,"filter_short_gt",100.00,0.034146,0.034146,3,3,2026-10-06T10:09:54+00:00
graviton3,simde,128,main_filter,3,"filter_short_ne",100.00,0.030451,0.030451,3,3,2026-10-06T10:09:54+00:00
graviton3,simde,128,main_filter,3,"filter_short_le",100.00,0.033830,0.033830,3,3,2026-10-06T10:09:54+00:00
graviton3,simde,128,main_filter,3,"filter_short_ge",100.00,0.034056,0.034056,3,3,2026-10-06T10:09:54+00:00
graviton3,simde,128,main_filter,3,"filter_int_eq",100.00,0.042085,0.042085,3,3,2026-10-06T10:09:54+00:00
graviton3,simde,128,main_filter,3,"filter_int_lt",100.00,0.032511,0.032511,3,3,2026-10-06T10:09:54+00:00
graviton3,simde,128,main_filter,3,"filter_int_gt",100.00,0.032420,0.032420,3,3,2026-10-06T10:09:54+00:00
graviton3,simde,128,main_filter,3,"filter_int_ne",100.00,0.029442,0.029442,3,3,2026-10-06T10:09:54+00:00
graviton3,simde,128,main_filter,3,"filter_int_le",100.00,0.032438,0.032438,3,3,2026-10-06T10:09:54+00:00
graviton3,simde,128,main_filter,3,"filter_int_ge",100.00,0.032375,0.032375,3,3,2026-10-06T10:09:54+00:00
graviton3,simde,128,main_filter,3,"filter_long_eq",100.00,0.039064,0.039064,3,3,2026-10-06T10:09:54+00:00
graviton3,simde,128,main_filter,3,"filter_long_lt",100.00,0.032438,0.032438,3,3,2026-10-06T10:09:54+00:00
graviton3,simde,128,main_filter,3,"filter_long_gt",100.00,0.032455,0.032455,3,3,2026-10-06T10:09:54+00:00
graviton3,simde,128,main_filter,3,"filter_long_ne",100.00,0.028636,0.028636,3,3,2026-10-06T10:09:54+00:00
graviton3,simde,128,main_filter,3,"filter_long_le",100.00,0.032338,0.032338,3,3,2026-10-06T10:09:54+00:00
graviton3,simde,128,main_filter,3,"filter_long_ge",100.00,0.032365,0.032365,3,3,2026-10-06T10:09:54+00:00
graviton3,simde,128,main_filter,3,"filter_float_eq",100.00,0.041900,0.041900,3,3,2026-10-06T10:09:54+00:00
graviton3,simde,128,main_filter,3,"filter_float_lt",100.00,0.032862,0.032862,3,3,2026-10-06T10:09:54+00:00
graviton3,simde,128,main_filter,3,"filter_float_gt",100.00,0.032845,0.032845,3,3,2026-10-06T10:09:54+00:00
graviton3,simde,128,main_filter,3,"filter_float_ne",100.00,0.028202,0.028202,3,3,2026-10-06T10:09:54+00:00
graviton3,simde,128,main_filter,3,"filter_float_le",100.00,0.032744,0.032744,3,3,2026-10-06T10:09:54+00:00
graviton3,simde,128,main_filter,3,"filter_float_ge",100.00,0.032617,0.032617,3,3,2026-10-06T10:09:54+00:00
graviton3,simde,128,main_filter,3,"filter_double_eq",100.00,0.036471,0.036471,3,3,2026-10-06T10:09:54+00:00
graviton3,simde,128,main_filter,3,"filter_double_lt",100.00,0.031866,0.031866,3,3,2026-10-06T10:09:54+00:00
graviton3,simde,128,main_filter,3,"filter_double_gt",100.00,0.031925,0.031925,3,3,2026-10-06T10:09:54+00:00
graviton3,simde,128,main_filter,3,"filter_double_ne",100.00,0.027785,0.027785,3,3,2026-10-06T10:09:54+00:00
graviton3,simde,128,main_filter,3,"filter_double_le",100.00,0.031769,0.031769,3,3,2026-10-06T10:09:54+00:00
graviton3,simde,128,main_filter,3,"filter_double_ge",100.00,0.031654,0.031654,3,3,2026-10-06T10:09:54+00:00
graviton3,simde,128,main_filter,3,"filter_char_eq",100.00,0.033813,0.033813,3,3,2026-10-06T10:09:54+00:00
graviton3,simde,128,main_filter,3,"filter_char_lt",100.00,0.024051,0.024051,3,3,2026-10-06T10:09:54+00:00
graviton3,simde,128,main_filter,3,"filter_char_gt",100.00,0.024006,0.024006,3,3,2026-10-06T10:09:54+00:00
graviton3,simde,128,main_filter,3,"filter_char_ne",100.00,0.031001,0.031001,3,3,2026-10-06T10:09:54+00:00
graviton3,simde,128,main_filter,3,"filter_char_le",100.00,0.024420,0.024420,3,3,2026-10-06T10:09:54+00:00
graviton3,simde,128,main_filter,3,"filter_char_ge",100.00,0.024338,0.024338,3,3,2026-10-06T10:09:54+00:00
graviton3,simde,256,main_filter,3,"filter_byte_eq",100.00,0.058107,0.058107,3,3,2026-10-06T10:10:18+00:00
graviton3,simde,256,main_filter,3,"filter_byte_lt",100.00,0.040387,0.040387,3,3,2026-10-06T10:10:18+00:00
graviton3,simde,256,main_filter,3,"filter_byte_gt",100.00,0.040350,0.040350,3,3,2026-10-06T10:10:18+00:00
graviton3,simde,256,main_filter,3,"filter_byte_ne",100.00,0.032564,0.032564,3,3,2026-10-06T10:10:18+00:00
graviton3,simde,256,main_filter,3,"filter_byte_le",100.00,0.039686,0.039686,3,3,2026-10-06T10:10:18+00:00
graviton3,simde,256,main_filter,3,"filter_byte_ge",100.00,0.038817,0.038817,3,3,2026-10-06T10:10:18+00:00
graviton3,simde,256,main_filter,3,"filter_short_eq",100.00,0.039839,0.039839,3,3,2026-10-06T10:10:18+00:00
graviton3,simde,256,main_filter,3,"filter_short_lt",100.00,0.031608,0.031608,3,3,2026-10-06T10:10:18+00:00
graviton3,simde,256,main_filter,3,"filter_short_gt",100.00,0.031006,0.031006,3,3,2026-10-06T10:10:18+00:00
graviton3,simde,256,main_filter,3,"filter_short_ne",100.00,0.028610,0.028610,3,3,2026-10-06T10:10:18+00:00
graviton3,simde,256,main_filter,3,"filter_short_le",100.00,0.032120,0.032120,3,3,2026-10-06T10:10:18+00:00
graviton3,simde,256,main_filter,3,"filter_short_ge",100.00,0.031340,0.031340,3,3,2026-10-06T10:10:18+00:00
graviton3,simde,256,main_filter,3,"filter_int_eq",100.00,0.036206,0.036206,3,3,2026-10-06T10:10:18+00:00
graviton3,simde,256,main_filter,3,"filter_int_lt",100.00,0.030762,0.030762,3,3,2026-10-06T10:10:18+00:00
graviton3,simde,256,main_filter,3,"filter_int_gt",100.00,0.030654,0.030654,3,3,2026-10-06T10:10:18+00:00
graviton3,simde,256,main_filter,3,"filter_int_ne",100.00,0.027152,0.027152,3,3,2026-10-06T10:10:18+00:00
graviton3,simde,256,main_filter,3,"filter_int_le",100.00,0.031203,0.031203,3,3,2026-10-06T10:10:18+00:00
graviton3,simde,256,main_filter,3,"filter_int_ge",100.00,0.030551,0.030551,3,3,2026-10-06T10:10:18+00:00
graviton3,simde,256,main_filter,3,"filter_long_eq",100.00,0.035970,0.035970,3,3,2026-10-06T10:10:18+00:00
graviton3,simde,256,main_filter,3,"filter_long_lt",100.00,0.030379,0.030379,3,3,2026-10-06T10:10:18+00:00
graviton3,simde,256,main_filter,3,"filter_long_gt",100.00,0.030332,0.030332,3,3,2026-10-06T10:10:18+00:00
graviton3,simde,256,main_filter,3,"filter_long_ne",100.00,0.027151,0.027151,3,3,2026-10-06T10:10:18+00:00
graviton3,simde,256,main_filter,3,"filter_long_le",100.00,0.031086,0.031086,3,3,2026-10-06T10:10:18+00:00
graviton3,simde,256,main_filter,3,"filter_long_ge",100.00,0.030267,0.030267,3,3,2026-10-06T10:10:18+00:00
graviton3,simde,256,main_filter,3,"filter_float_eq",100.00,0.039026,0.039026,3,3,2026-10-06T10:10:18+00:00
graviton3,simde,256,main_filter,3,"filter_float_lt",100.00,0.031309,0.031309,3,3,2026-10-06T10:10:18+00:00
graviton3,simde,256,main_filter,3,"filter_float_gt",100.00,0.031057,0.031057,3,3,2026-10-06T10:10:18+00:00
graviton3,simde,256,main_filter,3,"filter_float_ne",100.00,0.028589,0.028589,3,3,2026-10-06T10:10:18+00:00
graviton3,simde,256,main_filter,3,"filter_float_le",100.00,0.031325,0.031325,3,3,2026-10-06T10:10:18+00:00
graviton3,simde,256,main_filter,3,"filter_float_ge",100.00,0.031113,0.031113,3,3,2026-10-06T10:10:18+00:00
graviton3,simde,256,main_filter,3,"filter_double_eq",100.00,0.034457,0.034457,3,3,2026-10-06T10:10:18+00:00
graviton3,simde,256,main_filter,3,"filter_double_lt",100.00,0.029933,0.029933,3,3,2026-10-06T10:10:18+00:00
graviton3,simde,256,main_filter,3,"filter_double_gt",100.00,0.029991,0.029991,3,3,2026-10-06T10:10:18+00:00
graviton3,simde,256,main_filter,3,"filter_double_ne",100.00,0.026497,0.026497,3,3,2026-10-06T10:10:18+00:00
graviton3,simde,256,main_filter,3,"filter_double_le",100.00,0.030399,0.030399,3,3,2026-10-06T10:10:18+00:00
graviton3,simde,256,main_filter,3,"filter_double_ge",100.00,0.029956,0.029956,3,3,2026-10-06T10:10:18+00:00
graviton3,simde,256,main_filter,3,"filter_char_eq",100.00,0.030568,0.030568,3,3,2026-10-06T10:10:18+00:00
graviton3,simde,256,main_filter,3,"filter_char_lt",100.00,0.020715,0.020715,3,3,2026-10-06T10:10:18+00:00
graviton3,simde,256,main_filter,3,"filter_char_gt",100.00,0.020851,0.020851,3,3,2026-10-06T10:10:18+00:00
graviton3,simde,256,main_filter,3,"filter_char_ne",100.00,0.028645,0.028645,3,3,2026-10-06T10:10:18+00:00
graviton3,simde,256,main_filter,3,"filter_char_le",100.00,0.020999,0.020999,3,3,2026-10-06T10:10:18+00:00
graviton3,simde,256,main_filter,3,"filter_char_ge",100.00,0.021159,0.021159,3,3,2026-10-06T10:10:18+00:00
graviton3,simde,128,main_shuffle,3,"shuffle_offset",100.00,0.071650,0.071650,3,3,2026-10-06T10:11:23+00:00
graviton3,simde,128,main_shuffle,3,"shuffle_byte",100.00,0.909657,0.909657,3,3,2026-10-06T10:11:23+00:00
graviton3,simde,128,main_shuffle,3,"flush_byte",100.00,1534.913269,1534.913269,3,3,2026-10-06T10:11:23+00:00
graviton3,simde,128,main_shuffle,3,"shuffle_short",100.00,0.707252,0.707252,3,3,2026-10-06T10:11:23+00:00
graviton3,simde,128,main_shuffle,3,"flush_short",100.00,1724.489762,1724.489762,3,3,2026-10-06T10:11:23+00:00
graviton3,simde,128,main_shuffle,3,"shuffle_int",100.00,0.567418,0.567418,3,3,2026-10-06T10:11:23+00:00
graviton3,simde,128,main_shuffle,3,"flush_int",100.00,2096.208706,2096.208706,3,3,2026-10-06T10:11:23+00:00
graviton3,simde,128,main_shuffle,3,"shuffle_long",100.00,0.430640,0.430640,3,3,2026-10-06T10:11:23+00:00
graviton3,simde,128,main_shuffle,3,"flush_long",100.00,2704.781067,2704.781067,3,3,2026-10-06T10:11:23+00:00
graviton3,simde,128,main_shuffle,3,"shuffle_char",100.00,0.032267,0.032267,3,3,2026-10-06T10:11:23+00:00
graviton3,simde,128,main_shuffle,3,"flush_char",100.00,1735.878489,1735.878489,3,3,2026-10-06T10:11:23+00:00
graviton3,simde,256,main_shuffle,3,"shuffle_offset",100.00,0.072528,0.072528,3,3,2026-10-06T10:13:44+00:00
graviton3,simde,256,main_shuffle,3,"shuffle_byte",100.00,0.798624,0.798624,3,3,2026-10-06T10:13:44+00:00
graviton3,simde,256,main_shuffle,3,"flush_byte",100.00,1586.948165,1586.948165,3,3,2026-10-06T10:13:44+00:00
graviton3,simde,256,main_shuffle,3,"shuffle_short",100.00,0.674577,0.674577,3,3,2026-10-06T10:13:44+00:00
graviton3,simde,256,main_shuffle,3,"flush_short",100.00,1703.962624,1703.962624,3,3,2026-10-06T10:13:44+00:00
graviton3,simde,256,main_shuffle,3,"shuffle_int",100.00,0.593591,0.593591,3,3,2026-10-06T10:13:44+00:00
graviton3,simde,256,main_shuffle,3,"flush_int",100.00,2176.710779,2176.710779,3,3,2026-10-06T10:13:44+00:00
graviton3,simde,256,main_shuffle,3,"shuffle_long",100.00,0.433190,0.433190,3,3,2026-10-06T10:13:44+00:00
graviton3,simde,256,main_shuffle,3,"flush_long",100.00,2658.324249,2658.324249,3,3,2026-10-06T10:13:44+00:00
graviton3,simde,256,main_shuffle,3,"shuffle_char",100.00,0.034307,0.034307,3,3,2026-10-06T10:13:44+00:00
graviton3,simde,256,main_shuffle,3,"flush_char",100.00,1799.424383,1799.424383,3,3,2026-10-06T10:13:44+00:00
graviton3,simde,128,main_expr,3,"expr_float/+",100.00,4.851410,4.851410,3,3,2026-10-06T10:20:41+00:00
graviton3,simde,128,main_expr,3,"expr_float/-",100.00,6.591168,6.591168,3,3,2026-10-06T10:20:41+00:00
graviton3,simde,128,main_expr,3,"expr_float/*",100.00,6.841731,6.841731,3,3,2026-10-06T10:20:41+00:00
graviton3,simde,128,main_expr,3,"expr_float//",100.00,3.425922,3.425922,3,3,2026-10-06T10:20:41+00:00
graviton3,simde,128,main_expr,3,"expr_double/+",100.00,2.303281,2.303281,3,3,2026-10-06T10:20:41+00:00
graviton3,simde,128,main_expr,3,"expr_double/-",100.00,2.851767,2.851767,3,3,2026-10-06T10:20:41+00:00
graviton3,simde,128,main_expr,3,"expr_double/*",100.00,2.978885,2.978885,3,3,2026-10-06T10:20:41+00:00
graviton3,simde,128,main_expr,3,"expr_double//",100.00,1.030184,1.030184,3,3,2026-10-06T10:20:41+00:00
graviton3,simde,128,main_expr,3,"expr_decimal/+",100.00,1.916676,1.916676,3,3,2026-10-06T10:20:41+00:00
graviton3,simde,128,main_expr,3,"expr_decimal/-",100.00,2.279160,2.279160,3,3,2026-10-06T10:20:41+00:00
graviton3,simde,128,main_expr,3,"expr_decimal/*",100.00,0.311911,0.311911,3,3,2026-10-06T10:20:41+00:00
graviton3,simde,128,main_expr,3,"expr_decimal//",100.00,0.221035,0.221035,3,3,2026-10-06T10:20:41+00:00
graviton3,simde,256,main_expr,3,"expr_float/+",100.00,5.023512,5.023512,3,3,2026-10-06T10:20:43+00:00
graviton3,simde,256,main_expr,3,"expr_float/-",100.00,6.600479,6.600479,3,3,2026-10-06T10:20:43+00:00
graviton3,simde,256,main_expr,3,"expr_float/*",100.00,6.920312,6.920312,3,3,2026-10-06T10:20:43+00:00
graviton3,simde,256,main_expr,3,"expr_float//",100.00,3.431564,3.431564,3,3,2026-10-06T10:20:43+00:00
graviton3,simde,256,main_expr,3,"expr_double/+",100.00,2.290344,2.290344,3,3,2026-10-06T10:20:43+00:00
graviton3,simde,256,main_expr,3,"expr_double/-",100.00,2.834952,2.834952,3,3,2026-10-06T10:20:43+00:00
graviton3,simde,256,main_expr,3,"expr_double/*",100.00,2.990318,2.990318,3,3,2026-10-06T10:20:43+00:00
graviton3,simde,256,main_expr,3,"expr_double//",100.00,1.030070,1.030070,3,3,2026-10-06T10:20:43+00:00
graviton3,simde,256,main_expr,3,"expr_decimal/+",100.00,1.620606,1.620606,3,3,2026-10-06T10:20:43+00:00
graviton3,simde,256,main_expr,3,"expr_decimal/-",100.00,1.876848,1.876848,3,3,2026-10-06T10:20:43+00:00
graviton3,simde,256,main_expr,3,"expr_decimal/*",100.00,0.245059,0.245059,3,3,2026-10-06T10:20:43+00:00
graviton3,simde,256,main_expr,3,"expr_decimal//",100.00,0.194553,0.194553,3,3,2026-10-06T10:20:43+00:00
graviton3,simde,128,main_part,3,"int * 1 | 2^4",,0.2337,0.2337,3,3,2026-10-06T10:20:55+00:00
graviton3,simde,128,main_part,3,"int * 1 | 2^4",,0.2337,0.2337,3,3,2026-10-06T10:20:55+00:00
graviton3,simde,128,main_part,3,"int * 1 | 2^4",,0.2336,0.2336,3,3,2026-10-06T10:20:55+00:00
graviton3,simde,128,main_part,3,"int * 1 | 2^4",,0.2338,0.2338,3,3,2026-10-06T10:20:55+00:00
graviton3,simde,128,main_part,3,"int * 1 | 2^4",,0.2336,0.2336,3,3,2026-10-06T10:20:55+00:00
graviton3,simde,128,main_part,3,"int * 1 | 2^5",,0.2336,0.2336,3,3,2026-10-06T10:20:55+00:00
graviton3,simde,128,main_part,3,"int * 1 | 2^5",,0.2337,0.2337,3,3,2026-10-06T10:20:55+00:00
graviton3,simde,128,main_part,3,"int * 1 | 2^5",,0.2337,0.2337,3,3,2026-10-06T10:20:55+00:00
graviton3,simde,128,main_part,3,"int * 1 | 2^5",,0.2335,0.2335,3,3,2026-10-06T10:20:55+00:00
graviton3,simde,128,main_part,3,"int * 1 | 2^5",,0.2336,0.2336,3,3,2026-10-06T10:20:55+00:00
graviton3,simde,128,main_part,3,"int * 1 | 2^6",,0.2334,0.2334,3,3,2026-10-06T10:20:55+00:00
graviton3,simde,128,main_part,3,"int * 1 | 2^6",,0.2335,0.2335,3,3,2026-10-06T10:20:55+00:00
graviton3,simde,128,main_part,3,"int * 1 | 2^6",,0.2335,0.2335,3,3,2026-10-06T10:20:55+00:00
graviton3,simde,128,main_part,3,"int * 1 | 2^6",,0.2335,0.2335,3,3,2026-10-06T10:20:55+00:00
graviton3,simde,128,main_part,3,"int * 1 | 2^6",,0.2286,0.2286,3,3,2026-10-06T10:20:55+00:00
graviton3,simde,128,main_part,3,"int * 1 | 2^7",,0.2327,0.2327,3,3,2026-10-06T10:20:55+00:00
graviton3,simde,128,main_part,3,"int * 1 | 2^7",,0.2333,0.2333,3,3,2026-10-06T10:20:55+00:00
graviton3,simde,128,main_part,3,"int * 1 | 2^7",,0.2335,0.2335,3,3,2026-10-06T10:20:55+00:00
graviton3,simde,128,main_part,3,"int * 1 | 2^7",,0.2335,0.2335,3,3,2026-10-06T10:20:55+00:00
graviton3,simde,128,main_part,3,"int * 1 | 2^7",,0.2334,0.2334,3,3,2026-10-06T10:20:55+00:00
graviton3,simde,128,main_part,3,"int * 1 | 2^8",,0.2319,0.2319,3,3,2026-10-06T10:20:55+00:00
graviton3,simde,128,main_part,3,"int * 1 | 2^8",,0.2320,0.2320,3,3,2026-10-06T10:20:55+00:00
graviton3,simde,128,main_part,3,"int * 1 | 2^8",,0.2320,0.2320,3,3,2026-10-06T10:20:55+00:00
graviton3,simde,128,main_part,3,"int * 1 | 2^8",,0.2321,0.2321,3,3,2026-10-06T10:20:55+00:00
graviton3,simde,128,main_part,3,"int * 1 | 2^8",,0.2321,0.2321,3,3,2026-10-06T10:20:55+00:00
graviton3,simde,128,main_part,3,"int * 2 | 2^4",,0.2184,0.2184,3,3,2026-10-06T10:20:55+00:00
graviton3,simde,128,main_part,3,"int * 2 | 2^4",,0.2180,0.2180,3,3,2026-10-06T10:20:55+00:00
graviton3,simde,128,main_part,3,"int * 2 | 2^4",,0.2184,0.2184,3,3,2026-10-06T10:20:55+00:00
graviton3,simde,128,main_part,3,"int * 2 | 2^4",,0.2183,0.2183,3,3,2026-10-06T10:20:55+00:00
graviton3,simde,128,main_part,3,"int * 2 | 2^4",,0.2183,0.2183,3,3,2026-10-06T10:20:55+00:00
graviton3,simde,128,main_part,3,"int * 2 | 2^5",,0.2176,0.2176,3,3,2026-10-06T10:20:55+00:00
graviton3,simde,128,main_part,3,"int * 2 | 2^5",,0.2180,0.2180,3,3,2026-10-06T10:20:55+00:00
graviton3,simde,128,main_part,3,"int * 2 | 2^5",,0.2182,0.2182,3,3,2026-10-06T10:20:55+00:00
graviton3,simde,128,main_part,3,"int * 2 | 2^5",,0.2182,0.2182,3,3,2026-10-06T10:20:55+00:00
graviton3,simde,128,main_part,3,"int * 2 | 2^5",,0.2182,0.2182,3,3,2026-10-06T10:20:55+00:00
graviton3,simde,128,main_part,3,"int * 2 | 2^6",,0.2178,0.2178,3,3,2026-10-06T10:20:55+00:00
graviton3,simde,128,main_part,3,"int * 2 | 2^6",,0.2178,0.2178,3,3,2026-10-06T10:20:55+00:00
graviton3,simde,128,main_part,3,"int * 2 | 2^6",,0.2178,0.2178,3,3,2026-10-06T10:20:55+00:00
graviton3,simde,128,main_part,3,"int * 2 | 2^6",,0.2177,0.2177,3,3,2026-10-06T10:20:55+00:00
graviton3,simde,128,main_part,3,"int * 2 | 2^6",,0.2177,0.2177,3,3,2026-10-06T10:20:55+00:00
graviton3,simde,128,main_part,3,"int * 2 | 2^7",,0.2174,0.2174,3,3,2026-10-06T10:20:55+00:00
graviton3,simde,128,main_part,3,"int * 2 | 2^7",,0.2175,0.2175,3,3,2026-10-06T10:20:55+00:00
graviton3,simde,128,main_part,3,"int * 2 | 2^7",,0.2174,0.2174,3,3,2026-10-06T10:20:55+00:00
graviton3,simde,128,main_part,3,"int * 2 | 2^7",,0.2175,0.2175,3,3,2026-10-06T10:20:55+00:00
graviton3,simde,128,main_part,3,"int * 2 | 2^7",,0.2174,0.2174,3,3,2026-10-06T10:20:55+00:00
graviton3,simde,128,main_part,3,"int * 2 | 2^8",,0.2085,0.2085,3,3,2026-10-06T10:20:55+00:00
graviton3,simde,128,main_part,3,"int * 2 | 2^8",,0.2089,0.2089,3,3,2026-10-06T10:20:55+00:00
graviton3,simde,128,main_part,3,"int * 2 | 2^8",,0.2088,0.2088,3,3,2026-10-06T10:20:55+00:00
graviton3,simde,128,main_part,3,"int * 2 | 2^8",,0.2090,0.2090,3,3,2026-10-06T10:20:55+00:00
graviton3,simde,128,main_part,3,"int * 2 | 2^8",,0.2090,0.2090,3,3,2026-10-06T10:20:55+00:00
graviton3,simde,128,main_part,3,"int * 3 | 2^4",,0.2050,0.2050,3,3,2026-10-06T10:20:55+00:00
graviton3,simde,128,main_part,3,"int * 3 | 2^4",,0.2049,0.2049,3,3,2026-10-06T10:20:55+00:00
graviton3,simde,128,main_part,3,"int * 3 | 2^4",,0.2049,0.2049,3,3,2026-10-06T10:20:55+00:00
graviton3,simde,128,main_part,3,"int * 3 | 2^4",,0.2049,0.2049,3,3,2026-10-06T10:20:55+00:00
graviton3,simde,128,main_part,3,"int * 3 | 2^4",,0.2049,0.2049,3,3,2026-10-06T10:20:55+00:00
graviton3,simde,128,main_part,3,"int * 3 | 2^5",,0.2046,0.2046,3,3,2026-10-06T10:20:55+00:00
graviton3,simde,128,main_part,3,"int * 3 | 2^5",,0.2046,0.2046,3,3,2026-10-06T10:20:55+00:00
graviton3,simde,128,main_part,3,"int * 3 | 2^5",,0.2048,0.2048,3,3,2026-10-06T10:20:55+00:00
graviton3,simde,128,main_part,3,"int * 3 | 2^5",,0.2047,0.2047,3,3,2026-10-06T10:20:55+00:00
graviton3,simde,128,main_part,3,"int * 3 | 2^5",,0.2047,0.2047,3,3,2026-10-06T10:20:55+00:00
graviton3,simde,128,main_part,3,"int * 3 | 2^6",,0.2039,0.2039,3,3,2026-10-06T10:20:55+00:00
graviton3,simde,128,main_part,3,"int * 3 | 2^6",,0.2040,0.2040,3,3,2026-10-06T10:20:55+00:00
graviton3,simde,128,main_part,3,"int * 3 | 2^6",,0.2039,0.2039,3,3,2026-10-06T10:20:55+00:00
graviton3,simde,128,main_part,3,"int * 3 | 2^6",,0.2040,0.2040,3,3,2026-10-06T10:20:55+00:00
graviton3,simde,128,main_part,3,"int * 3 | 2^6",,0.2036,0.2036,3,3,2026-10-06T10:20:55+00:00
graviton3,simde,128,main_part,3,"int * 3 | 2^7",,0.2035,0.2035,3,3,2026-10-06T10:20:55+00:00
graviton3,simde,128,main_part,3,"int * 3 | 2^7",,0.2034,0.2034,3,3,2026-10-06T10:20:55+00:00
graviton3,simde,128,main_part,3,"int * 3 | 2^7",,0.2034,0.2034,3,3,2026-10-06T10:20:55+00:00
graviton3,simde,128,main_part,3,"int * 3 | 2^7",,0.2031,0.2031,3,3,2026-10-06T10:20:55+00:00
graviton3,simde,128,main_part,3,"int * 3 | 2^7",,0.2035,0.2035,3,3,2026-10-06T10:20:55+00:00
graviton3,simde,128,main_part,3,"int * 3 | 2^8",,0.1922,0.1922,3,3,2026-10-06T10:20:55+00:00
graviton3,simde,128,main_part,3,"int * 3 | 2^8",,0.1921,0.1921,3,3,2026-10-06T10:20:55+00:00
graviton3,simde,128,main_part,3,"int * 3 | 2^8",,0.1918,0.1918,3,3,2026-10-06T10:20:55+00:00
graviton3,simde,128,main_part,3,"int * 3 | 2^8",,0.1926,0.1926,3,3,2026-10-06T10:20:55+00:00
graviton3,simde,128,main_part,3,"int * 3 | 2^8",,0.1923,0.1923,3,3,2026-10-06T10:20:55+00:00
graviton3,simde,256,main_part,3,"int * 1 | 2^4",,0.2273,0.2273,3,3,2026-10-06T10:21:13+00:00
graviton3,simde,256,main_part,3,"int * 1 | 2^4",,0.2274,0.2274,3,3,2026-10-06T10:21:13+00:00
graviton3,simde,256,main_part,3,"int * 1 | 2^4",,0.2274,0.2274,3,3,2026-10-06T10:21:13+00:00
graviton3,simde,256,main_part,3,"int * 1 | 2^4",,0.2275,0.2275,3,3,2026-10-06T10:21:13+00:00
graviton3,simde,256,main_part,3,"int * 1 | 2^4",,0.2274,0.2274,3,3,2026-10-06T10:21:13+00:00
graviton3,simde,256,main_part,3,"int * 1 | 2^5",,0.2274,0.2274,3,3,2026-10-06T10:21:13+00:00
graviton3,simde,256,main_part,3,"int * 1 | 2^5",,0.2274,0.2274,3,3,2026-10-06T10:21:13+00:00
graviton3,simde,256,main_part,3,"int * 1 | 2^5",,0.2274,0.2274,3,3,2026-10-06T10:21:13+00:00
graviton3,simde,256,main_part,3,"int * 1 | 2^5",,0.2275,0.2275,3,3,2026-10-06T10:21:13+00:00
graviton3,simde,256,main_part,3,"int * 1 | 2^5",,0.2275,0.2275,3,3,2026-10-06T10:21:13+00:00
graviton3,simde,256,main_part,3,"int * 1 | 2^6",,0.2275,0.2275,3,3,2026-10-06T10:21:13+00:00
graviton3,simde,256,main_part,3,"int * 1 | 2^6",,0.2275,0.2275,3,3,2026-10-06T10:21:13+00:00
graviton3,simde,256,main_part,3,"int * 1 | 2^6",,0.2274,0.2274,3,3,2026-10-06T10:21:13+00:00
graviton3,simde,256,main_part,3,"int * 1 | 2^6",,0.2274,0.2274,3,3,2026-10-06T10:21:13+00:00
graviton3,simde,256,main_part,3,"int * 1 | 2^6",,0.2274,0.2274,3,3,2026-10-06T10:21:13+00:00
graviton3,simde,256,main_part,3,"int * 1 | 2^7",,0.2178,0.2178,3,3,2026-10-06T10:21:13+00:00
graviton3,simde,256,main_part,3,"int * 1 | 2^7",,0.2240,0.2240,3,3,2026-10-06T10:21:13+00:00
graviton3,simde,256,main_part,3,"int * 1 | 2^7",,0.2272,0.2272,3,3,2026-10-06T10:21:13+00:00
graviton3,simde,256,main_part,3,"int * 1 | 2^7",,0.2272,0.2272,3,3,2026-10-06T10:21:13+00:00
graviton3,simde,256,main_part,3,"int * 1 | 2^7",,0.2272,0.2272,3,3,2026-10-06T10:21:13+00:00
graviton3,simde,256,main_part,3,"int * 1 | 2^8",,0.2258,0.2258,3,3,2026-10-06T10:21:13+00:00
graviton3,simde,256,main_part,3,"int * 1 | 2^8",,0.2258,0.2258,3,3,2026-10-06T10:21:13+00:00
graviton3,simde,256,main_part,3,"int * 1 | 2^8",,0.2258,0.2258,3,3,2026-10-06T10:21:13+00:00
graviton3,simde,256,main_part,3,"int * 1 | 2^8",,0.2257,0.2257,3,3,2026-10-06T10:21:13+00:00
graviton3,simde,256,main_part,3,"int * 1 | 2^8",,0.2257,0.2257,3,3,2026-10-06T10:21:13+00:00
graviton3,simde,256,main_part,3,"int * 2 | 2^4",,0.2105,0.2105,3,3,2026-10-06T10:21:13+00:00
graviton3,simde,256,main_part,3,"int * 2 | 2^4",,0.2150,0.2150,3,3,2026-10-06T10:21:13+00:00
graviton3,simde,256,main_part,3,"int * 2 | 2^4",,0.2151,0.2151,3,3,2026-10-06T10:21:13+00:00
graviton3,simde,256,main_part,3,"int * 2 | 2^4",,0.2151,0.2151,3,3,2026-10-06T10:21:13+00:00
graviton3,simde,256,main_part,3,"int * 2 | 2^4",,0.2150,0.2150,3,3,2026-10-06T10:21:13+00:00
graviton3,simde,256,main_part,3,"int * 2 | 2^5",,0.2149,0.2149,3,3,2026-10-06T10:21:13+00:00
graviton3,simde,256,main_part,3,"int * 2 | 2^5",,0.2149,0.2149,3,3,2026-10-06T10:21:13+00:00
graviton3,simde,256,main_part,3,"int * 2 | 2^5",,0.2150,0.2150,3,3,2026-10-06T10:21:13+00:00
graviton3,simde,256,main_part,3,"int * 2 | 2^5",,0.2149,0.2149,3,3,2026-10-06T10:21:13+00:00
graviton3,simde,256,main_part,3,"int * 2 | 2^5",,0.2145,0.2145,3,3,2026-10-06T10:21:13+00:00
graviton3,simde,256,main_part,3,"int * 2 | 2^6",,0.2144,0.2144,3,3,2026-10-06T10:21:13+00:00
graviton3,simde,256,main_part,3,"int * 2 | 2^6",,0.2143,0.2143,3,3,2026-10-06T10:21:13+00:00
graviton3,simde,256,main_part,3,"int * 2 | 2^6",,0.2143,0.2143,3,3,2026-10-06T10:21:13+00:00
graviton3,simde,256,main_part,3,"int * 2 | 2^6",,0.2142,0.2142,3,3,2026-10-06T10:21:13+00:00
graviton3,simde,256,main_part,3,"int * 2 | 2^6",,0.2144,0.2144,3,3,2026-10-06T10:21:13+00:00
graviton3,simde,256,main_part,3,"int * 2 | 2^7",,0.2139,0.2139,3,3,2026-10-06T10:21:13+00:00
graviton3,simde,256,main_part,3,"int * 2 | 2^7",,0.2140,0.2140,3,3,2026-10-06T10:21:13+00:00
graviton3,simde,256,main_part,3,"int * 2 | 2^7",,0.2140,0.2140,3,3,2026-10-06T10:21:13+00:00
graviton3,simde,256,main_part,3,"int * 2 | 2^7",,0.2139,0.2139,3,3,2026-10-06T10:21:13+00:00
graviton3,simde,256,main_part,3,"int * 2 | 2^7",,0.2137,0.2137,3,3,2026-10-06T10:21:13+00:00
graviton3,simde,256,main_part,3,"int * 2 | 2^8",,0.2078,0.2078,3,3,2026-10-06T10:21:13+00:00
graviton3,simde,256,main_part,3,"int * 2 | 2^8",,0.2075,0.2075,3,3,2026-10-06T10:21:13+00:00
graviton3,simde,256,main_part,3,"int * 2 | 2^8",,0.2077,0.2077,3,3,2026-10-06T10:21:13+00:00
graviton3,simde,256,main_part,3,"int * 2 | 2^8",,0.2081,0.2081,3,3,2026-10-06T10:21:13+00:00
graviton3,simde,256,main_part,3,"int * 2 | 2^8",,0.2079,0.2079,3,3,2026-10-06T10:21:13+00:00
graviton3,simde,256,main_part,3,"int * 3 | 2^4",,0.2035,0.2035,3,3,2026-10-06T10:21:13+00:00
graviton3,simde,256,main_part,3,"int * 3 | 2^4",,0.2035,0.2035,3,3,2026-10-06T10:21:13+00:00
graviton3,simde,256,main_part,3,"int * 3 | 2^4",,0.2037,0.2037,3,3,2026-10-06T10:21:13+00:00
graviton3,simde,256,main_part,3,"int * 3 | 2^4",,0.2036,0.2036,3,3,2026-10-06T10:21:13+00:00
graviton3,simde,256,main_part,3,"int * 3 | 2^4",,0.2035,0.2035,3,3,2026-10-06T10:21:13+00:00
graviton3,simde,256,main_part,3,"int * 3 | 2^5",,0.2034,0.2034,3,3,2026-10-06T10:21:13+00:00
graviton3,simde,256,main_part,3,"int * 3 | 2^5",,0.2034,0.2034,3,3,2026-10-06T10:21:13+00:00
graviton3,simde,256,main_part,3,"int * 3 | 2^5",,0.2036,0.2036,3,3,2026-10-06T10:21:13+00:00
graviton3,simde,256,main_part,3,"int * 3 | 2^5",,0.2034,0.2034,3,3,2026-10-06T10:21:13+00:00
graviton3,simde,256,main_part,3,"int * 3 | 2^5",,0.2035,0.2035,3,3,2026-10-06T10:21:13+00:00
graviton3,simde,256,main_part,3,"int * 3 | 2^6",,0.2027,0.2027,3,3,2026-10-06T10:21:13+00:00
graviton3,simde,256,main_part,3,"int * 3 | 2^6",,0.2027,0.2027,3,3,2026-10-06T10:21:13+00:00
graviton3,simde,256,main_part,3,"int * 3 | 2^6",,0.2027,0.2027,3,3,2026-10-06T10:21:13+00:00
graviton3,simde,256,main_part,3,"int * 3 | 2^6",,0.2026,0.2026,3,3,2026-10-06T10:21:13+00:00
graviton3,simde,256,main_part,3,"int * 3 | 2^6",,0.2027,0.2027,3,3,2026-10-06T10:21:13+00:00
graviton3,simde,256,main_part,3,"int * 3 | 2^7",,0.2022,0.2022,3,3,2026-10-06T10:21:13+00:00
graviton3,simde,256,main_part,3,"int * 3 | 2^7",,0.2023,0.2023,3,3,2026-10-06T10:21:13+00:00
graviton3,simde,256,main_part,3,"int * 3 | 2^7",,0.2023,0.2023,3,3,2026-10-06T10:21:13+00:00
graviton3,simde,256,main_part,3,"int * 3 | 2^7",,0.2024,0.2024,3,3,2026-10-06T10:21:13+00:00
graviton3,simde,256,main_part,3,"int * 3 | 2^7",,0.2022,0.2022,3,3,2026-10-06T10:21:13+00:00
graviton3,simde,256,main_part,3,"int * 3 | 2^8",,0.1944,0.1944,3,3,2026-10-06T10:21:13+00:00
graviton3,simde,256,main_part,3,"int * 3 | 2^8",,0.1943,0.1943,3,3,2026-10-06T10:21:13+00:00
graviton3,simde,256,main_part,3,"int * 3 | 2^8",,0.1944,0.1944,3,3,2026-10-06T10:21:13+00:00
graviton3,simde,256,main_part,3,"int * 3 | 2^8",,0.1947,0.1947,3,3,2026-10-06T10:21:13+00:00
graviton3,simde,256,main_part,3,"int * 3 | 2^8",,0.1942,0.1942,3,3,2026-10-06T10:21:13+00:00
graviton3,simde,128,main_aggr,3,"Codegen 1 sum",,0.1251,0.1251,3,3,2026-10-06T10:21:53+00:00
graviton3,simde,128,main_aggr,3,"Codegen 1 sum",,0.1241,0.1241,3,3,2026-10-06T10:21:53+00:00
graviton3,simde,128,main_aggr,3,"Codegen 1 sum",,0.1252,0.1252,3,3,2026-10-06T10:21:53+00:00
graviton3,simde,128,main_aggr,3,"Codegen 1 sum",,0.1256,0.1256,3,3,2026-10-06T10:21:53+00:00
graviton3,simde,128,main_aggr,3,"Codegen 1 sum",,0.1245,0.1245,3,3,2026-10-06T10:21:53+00:00
graviton3,simde,128,main_aggr,3,"Codegen 2 sum",,0.1211,0.1211,3,3,2026-10-06T10:21:53+00:00
graviton3,simde,128,main_aggr,3,"Codegen 2 sum",,0.1206,0.1206,3,3,2026-10-06T10:21:53+00:00
graviton3,simde,128,main_aggr,3,"Codegen 2 sum",,0.1203,0.1203,3,3,2026-10-06T10:21:53+00:00
graviton3,simde,128,main_aggr,3,"Codegen 2 sum",,0.1195,0.1195,3,3,2026-10-06T10:21:53+00:00
graviton3,simde,128,main_aggr,3,"Codegen 2 sum",,0.1203,0.1203,3,3,2026-10-06T10:21:53+00:00
graviton3,simde,128,main_aggr,3,"Codegen 3 sum",,0.1121,0.1121,3,3,2026-10-06T10:21:53+00:00
graviton3,simde,128,main_aggr,3,"Codegen 3 sum",,0.1154,0.1154,3,3,2026-10-06T10:21:53+00:00
graviton3,simde,128,main_aggr,3,"Codegen 3 sum",,0.1154,0.1154,3,3,2026-10-06T10:21:53+00:00
graviton3,simde,128,main_aggr,3,"Codegen 3 sum",,0.1153,0.1153,3,3,2026-10-06T10:21:53+00:00
graviton3,simde,128,main_aggr,3,"Codegen 3 sum",,0.1154,0.1154,3,3,2026-10-06T10:21:53+00:00
graviton3,simde,128,main_aggr,3,"Engine 1 sum",,0.0619,0.0619,3,3,2026-10-06T10:21:53+00:00
graviton3,simde,128,main_aggr,3,"Engine 1 sum",,0.0619,0.0619,3,3,2026-10-06T10:21:53+00:00
graviton3,simde,128,main_aggr,3,"Engine 1 sum",,0.0619,0.0619,3,3,2026-10-06T10:21:53+00:00
graviton3,simde,128,main_aggr,3,"Engine 1 sum",,0.0619,0.0619,3,3,2026-10-06T10:21:53+00:00
graviton3,simde,128,main_aggr,3,"Engine 1 sum",,0.0619,0.0619,3,3,2026-10-06T10:21:53+00:00
graviton3,simde,128,main_aggr,3,"Engine 2 sum",,0.0574,0.0574,3,3,2026-10-06T10:21:53+00:00
graviton3,simde,128,main_aggr,3,"Engine 2 sum",,0.0574,0.0574,3,3,2026-10-06T10:21:53+00:00
graviton3,simde,128,main_aggr,3,"Engine 2 sum",,0.0573,0.0573,3,3,2026-10-06T10:21:53+00:00
graviton3,simde,128,main_aggr,3,"Engine 2 sum",,0.0573,0.0573,3,3,2026-10-06T10:21:53+00:00
graviton3,simde,128,main_aggr,3,"Engine 2 sum",,0.0574,0.0574,3,3,2026-10-06T10:21:53+00:00
graviton3,simde,128,main_aggr,3,"Engine 3 sum",,0.0532,0.0532,3,3,2026-10-06T10:21:53+00:00
graviton3,simde,128,main_aggr,3,"Engine 3 sum",,0.0534,0.0534,3,3,2026-10-06T10:21:53+00:00
graviton3,simde,128,main_aggr,3,"Engine 3 sum",,0.0533,0.0533,3,3,2026-10-06T10:21:53+00:00
graviton3,simde,128,main_aggr,3,"Engine 3 sum",,0.0532,0.0532,3,3,2026-10-06T10:21:53+00:00
graviton3,simde,128,main_aggr,3,"Engine 3 sum",,0.0532,0.0532,3,3,2026-10-06T10:21:53+00:00
graviton3,simde,256,main_aggr,3,"Codegen 1 sum",,0.1243,0.1243,3,3,2026-10-06T10:22:14+00:00
graviton3,simde,256,main_aggr,3,"Codegen 1 sum",,0.1234,0.1234,3,3,2026-10-06T10:22:14+00:00
graviton3,simde,256,main_aggr,3,"Codegen 1 sum",,0.1233,0.1233,3,3,2026-10-06T10:22:14+00:00
graviton3,simde,256,main_aggr,3,"Codegen 1 sum",,0.1261,0.1261,3,3,2026-10-06T10:22:14+00:00
graviton3,simde,256,main_aggr,3,"Codegen 1 sum",,0.1278,0.1278,3,3,2026-10-06T10:22:14+00:00
graviton3,simde,256,main_aggr,3,"Codegen 2 sum",,0.1165,0.1165,3,3,2026-10-06T10:22:14+00:00
graviton3,simde,256,main_aggr,3,"Codegen 2 sum",,0.1200,0.1200,3,3,2026-10-06T10:22:14+00:00
graviton3,simde,256,main_aggr,3,"Codegen 2 sum",,0.1206,0.1206,3,3,2026-10-06T10:22:14+00:00
graviton3,simde,256,main_aggr,3,"Codegen 2 sum",,0.1208,0.1208,3,3,2026-10-06T10:22:14+00:00
graviton3,simde,256,main_aggr,3,"Codegen 2 sum",,0.1205,0.1205,3,3,2026-10-06T10:22:14+00:00
graviton3,simde,256,main_aggr,3,"Codegen 3 sum",,0.1127,0.1127,3,3,2026-10-06T10:22:14+00:00
graviton3,simde,256,main_aggr,3,"Codegen 3 sum",,0.1143,0.1143,3,3,2026-10-06T10:22:14+00:00
graviton3,simde,256,main_aggr,3,"Codegen 3 sum",,0.1143,0.1143,3,3,2026-10-06T10:22:14+00:00
graviton3,simde,256,main_aggr,3,"Codegen 3 sum",,0.1130,0.1130,3,3,2026-10-06T10:22:14+00:00
graviton3,simde,256,main_aggr,3,"Codegen 3 sum",,0.1145,0.1145,3,3,2026-10-06T10:22:14+00:00
graviton3,simde,256,main_aggr,3,"Engine 1 sum",,0.0599,0.0599,3,3,2026-10-06T10:22:14+00:00
graviton3,simde,256,main_aggr,3,"Engine 1 sum",,0.0599,0.0599,3,3,2026-10-06T10:22:14+00:00
graviton3,simde,256,main_aggr,3,"Engine 1 sum",,0.0599,0.0599,3,3,2026-10-06T10:22:14+00:00
graviton3,simde,256,main_aggr,3,"Engine 1 sum",,0.0599,0.0599,3,3,2026-10-06T10:22:14+00:00
graviton3,simde,256,main_aggr,3,"Engine 1 sum",,0.0598,0.0598,3,3,2026-10-06T10:22:14+00:00
graviton3,simde,256,main_aggr,3,"Engine 2 sum",,0.0555,0.0555,3,3,2026-10-06T10:22:14+00:00
graviton3,simde,256,main_aggr,3,"Engine 2 sum",,0.0554,0.0554,3,3,2026-10-06T10:22:14+00:00
graviton3,simde,256,main_aggr,3,"Engine 2 sum",,0.0554,0.0554,3,3,2026-10-06T10:22:14+00:00
graviton3,simde,256,main_aggr,3,"Engine 2 sum",,0.0552,0.0552,3,3,2026-10-06T10:22:14+00:00
graviton3,simde,256,main_aggr,3,"Engine 2 sum",,0.0554,0.0554,3,3,2026-10-06T10:22:14+00:00
graviton3,simde,256,main_aggr,3,"Engine 3 sum",,0.0515,0.0515,3,3,2026-10-06T10:22:14+00:00
graviton3,simde,256,main_aggr,3,"Engine 3 sum",,0.0516,0.0516,3,3,2026-10-06T10:22:14+00:00
graviton3,simde,256,main_aggr,3,"Engine 3 sum",,0.0515,0.0515,3,3,2026-10-06T10:22:14+00:00
graviton3,simde,256,main_aggr,3,"Engine 3 sum",,0.0515,0.0515,3,3,2026-10-06T10:22:14+00:00
graviton3,simde,256,main_aggr,3,"Engine 3 sum",,0.0516,0.0516,3,3,2026-10-06T10:22:14+00:00
graviton3,simde,128,main_join,3,"Engine  1-1",,0.0498,0.0498,3,3,2026-10-06T10:23:07+00:00
graviton3,simde,128,main_join,3,"Engine  1-3",,0.0466,0.0466,3,3,2026-10-06T10:23:07+00:00
graviton3,simde,128,main_join,3,"Engine  3-1",,0.0484,0.0484,3,3,2026-10-06T10:23:07+00:00
graviton3,simde,128,main_join,3,"Engine  3-3",,0.0454,0.0454,3,3,2026-10-06T10:23:07+00:00
graviton3,simde,128,main_join,3,"Codegen 1-1",,0.0827,0.0827,3,3,2026-10-06T10:23:07+00:00
graviton3,simde,128,main_join,3,"Codegen 1-1",,0.0888,0.0888,3,3,2026-10-06T10:23:07+00:00
graviton3,simde,128,main_join,3,"Codegen 1-1",,0.0897,0.0897,3,3,2026-10-06T10:23:07+00:00
graviton3,simde,128,main_join,3,"Codegen 1-1",,0.0853,0.0853,3,3,2026-10-06T10:23:07+00:00
graviton3,simde,128,main_join,3,"Codegen 1-1",,0.0839,0.0839,3,3,2026-10-06T10:23:07+00:00
graviton3,simde,128,main_join,3,"Codegen 1-3",,0.0789,0.0789,3,3,2026-10-06T10:23:07+00:00
graviton3,simde,128,main_join,3,"Codegen 1-3",,0.0835,0.0835,3,3,2026-10-06T10:23:07+00:00
graviton3,simde,128,main_join,3,"Codegen 1-3",,0.0840,0.0840,3,3,2026-10-06T10:23:07+00:00
graviton3,simde,128,main_join,3,"Codegen 1-3",,0.0818,0.0818,3,3,2026-10-06T10:23:07+00:00
graviton3,simde,128,main_join,3,"Codegen 1-3",,0.0836,0.0836,3,3,2026-10-06T10:23:07+00:00
graviton3,simde,128,main_join,3,"Codegen 3-1",,0.0759,0.0759,3,3,2026-10-06T10:23:07+00:00
graviton3,simde,128,main_join,3,"Codegen 3-1",,0.0758,0.0758,3,3,2026-10-06T10:23:07+00:00
graviton3,simde,128,main_join,3,"Codegen 3-1",,0.0753,0.0753,3,3,2026-10-06T10:23:07+00:00
graviton3,simde,128,main_join,3,"Codegen 3-1",,0.0741,0.0741,3,3,2026-10-06T10:23:07+00:00
graviton3,simde,128,main_join,3,"Codegen 3-1",,0.0752,0.0752,3,3,2026-10-06T10:23:07+00:00
graviton3,simde,128,main_join,3,"Codegen 3-3",,0.0742,0.0742,3,3,2026-10-06T10:23:07+00:00
graviton3,simde,128,main_join,3,"Codegen 3-3",,0.0737,0.0737,3,3,2026-10-06T10:23:07+00:00
graviton3,simde,128,main_join,3,"Codegen 3-3",,0.0761,0.0761,3,3,2026-10-06T10:23:07+00:00
graviton3,simde,128,main_join,3,"Codegen 3-3",,0.0719,0.0719,3,3,2026-10-06T10:23:07+00:00
graviton3,simde,128,main_join,3,"Codegen 3-3",,0.0744,0.0744,3,3,2026-10-06T10:23:07+00:00
graviton3,simde,256,main_join,3,"Engine  1-1",,0.0375,0.0375,3,3,2026-10-06T10:23:08+00:00
graviton3,simde,256,main_join,3,"Engine  1-3",,0.0357,0.0357,3,3,2026-10-06T10:23:08+00:00
graviton3,simde,256,main_join,3,"Engine  3-1",,0.0367,0.0367,3,3,2026-10-06T10:23:08+00:00
graviton3,simde,256,main_join,3,"Engine  3-3",,0.0350,0.0350,3,3,2026-10-06T10:23:08+00:00
graviton3,simde,256,main_join,3,"Codegen 1-1",,0.0856,0.0856,3,3,2026-10-06T10:23:08+00:00
graviton3,simde,256,main_join,3,"Codegen 1-1",,0.0848,0.0848,3,3,2026-10-06T10:23:08+00:00
graviton3,simde,256,main_join,3,"Codegen 1-1",,0.0854,0.0854,3,3,2026-10-06T10:23:08+00:00
graviton3,simde,256,main_join,3,"Codegen 1-1",,0.0869,0.0869,3,3,2026-10-06T10:23:08+00:00
graviton3,simde,256,main_join,3,"Codegen 1-1",,0.0873,0.0873,3,3,2026-10-06T10:23:08+00:00
graviton3,simde,256,main_join,3,"Codegen 1-3",,0.0850,0.0850,3,3,2026-10-06T10:23:08+00:00
graviton3,simde,256,main_join,3,"Codegen 1-3",,0.0840,0.0840,3,3,2026-10-06T10:23:08+00:00
graviton3,simde,256,main_join,3,"Codegen 1-3",,0.0826,0.0826,3,3,2026-10-06T10:23:08+00:00
graviton3,simde,256,main_join,3,"Codegen 1-3",,0.0863,0.0863,3,3,2026-10-06T10:23:08+00:00
graviton3,simde,256,main_join,3,"Codegen 1-3",,0.0842,0.0842,3,3,2026-10-06T10:23:08+00:00
graviton3,simde,256,main_join,3,"Codegen 3-1",,0.0755,0.0755,3,3,2026-10-06T10:23:08+00:00
graviton3,simde,256,main_join,3,"Codegen 3-1",,0.0760,0.0760,3,3,2026-10-06T10:23:08+00:00
graviton3,simde,256,main_join,3,"Codegen 3-1",,0.0745,0.0745,3,3,2026-10-06T10:23:08+00:00
graviton3,simde,256,main_join,3,"Codegen 3-1",,0.0740,0.0740,3,3,2026-10-06T10:23:08+00:00
graviton3,simde,256,main_join,3,"Codegen 3-1",,0.0746,0.0746,3,3,2026-10-06T10:23:08+00:00
graviton3,simde,256,main_join,3,"Codegen 3-3",,0.0748,0.0748,3,3,2026-10-06T10:23:08+00:00
graviton3,simde,256,main_join,3,"Codegen 3-3",,0.0747,0.0747,3,3,2026-10-06T10:23:08+00:00
graviton3,simde,256,main_join,3,"Codegen 3-3",,0.0789,0.0789,3,3,2026-10-06T10:23:08+00:00
graviton3,simde,256,main_join,3,"Codegen 3-3",,0.0768,0.0768,3,3,2026-10-06T10:23:08+00:00
graviton3,simde,256,main_join,3,"Codegen 3-3",,0.0782,0.0782,3,3,2026-10-06T10:23:08+00:00
graviton3,simde,128,main_scan_int,4,"and 1",0.00,5.9789,12.5611,4,4,2026-10-06T10:23:11+00:00
graviton3,simde,128,main_scan_int,4,"and 1",0.00,6.1980,12.6656,4,4,2026-10-06T10:23:11+00:00
graviton3,simde,128,main_scan_int,4,"and 1",0.00,6.2670,12.6099,4,4,2026-10-06T10:23:11+00:00
graviton3,simde,128,main_scan_int,4,"and 1",0.00,6.2508,12.6735,4,4,2026-10-06T10:23:11+00:00
graviton3,simde,128,main_scan_int,4,"and 1",0.00,6.2873,12.8541,4,4,2026-10-06T10:23:11+00:00
graviton3,simde,128,main_scan_int,4,"and 2",0.03,4.0338,5.1287,4,4,2026-10-06T10:23:11+00:00
graviton3,simde,128,main_scan_int,4,"and 2",0.03,3.9967,5.1161,4,4,2026-10-06T10:23:11+00:00
graviton3,simde,128,main_scan_int,4,"and 2",0.03,3.9839,5.1008,4,4,2026-10-06T10:23:11+00:00
graviton3,simde,128,main_scan_int,4,"and 2",0.03,4.0128,5.1166,4,4,2026-10-06T10:23:11+00:00
graviton3,simde,128,main_scan_int,4,"and 2",0.03,4.0339,5.1267,4,4,2026-10-06T10:23:11+00:00
graviton3,simde,128,main_scan_int,4,"and 3",0.10,2.0390,4.0490,4,4,2026-10-06T10:23:11+00:00
graviton3,simde,128,main_scan_int,4,"and 3",0.10,2.0118,4.0663,4,4,2026-10-06T10:23:11+00:00
graviton3,simde,128,main_scan_int,4,"and 3",0.10,2.0823,4.0533,4,4,2026-10-06T10:23:11+00:00
graviton3,simde,128,main_scan_int,4,"and 3",0.10,2.0487,4.0530,4,4,2026-10-06T10:23:11+00:00
graviton3,simde,128,main_scan_int,4,"and 3",0.10,2.0591,4.0302,4,4,2026-10-06T10:23:11+00:00
graviton3,simde,128,main_scan_int,4,"and 1",0.00,5.2456,11.1479,4,4,2026-10-06T10:23:11+00:00
graviton3,simde,128,main_scan_int,4,"and 1",0.00,5.4307,11.0835,4,4,2026-10-06T10:23:11+00:00
graviton3,simde,128,main_scan_int,4,"and 1",0.00,5.4409,11.2129,4,4,2026-10-06T10:23:11+00:00
graviton3,simde,128,main_scan_int,4,"and 1",0.00,5.4851,11.0689,4,4,2026-10-06T10:23:11+00:00
graviton3,simde,128,main_scan_int,4,"and 1",0.00,5.4588,11.2197,4,4,2026-10-06T10:23:11+00:00
graviton3,simde,128,main_scan_int,4,"and 2",0.04,3.5288,5.2536,4,4,2026-10-06T10:23:11+00:00
graviton3,simde,128,main_scan_int,4,"and 2",0.04,3.5156,5.2267,4,4,2026-10-06T10:23:11+00:00
graviton3,simde,128,main_scan_int,4,"and 2",0.04,3.5114,5.2453,4,4,2026-10-06T10:23:11+00:00
graviton3,simde,128,main_scan_int,4,"and 2",0.04,3.5029,5.2567,4,4,2026-10-06T10:23:11+00:00
graviton3,simde,128,main_scan_int,4,"and 2",0.04,3.5097,5.2649,4,4,2026-10-06T10:23:11+00:00
graviton3,simde,128,main_scan_int,4,"and 3",0.13,1.8941,3.7410,4,4,2026-10-06T10:23:11+00:00
graviton3,simde,128,main_scan_int,4,"and 3",0.13,1.8336,3.7328,4,4,2026-10-06T10:23:11+00:00
graviton3,simde,128,main_scan_int,4,"and 3",0.13,1.8625,3.7115,4,4,2026-10-06T10:23:11+00:00
graviton3,simde,128,main_scan_int,4,"and 3",0.13,1.8606,3.7613,4,4,2026-10-06T10:23:11+00:00
graviton3,simde,128,main_scan_int,4,"and 3",0.13,1.8812,3.7079,4,4,2026-10-06T10:23:11+00:00
graviton3,simde,128,main_scan_int,4,"and 1",0.01,4.1890,9.2096,4,4,2026-10-06T10:23:11+00:00
graviton3,simde,128,main_scan_int,4,"and 1",0.01,4.4345,9.1214,4,4,2026-10-06T10:23:11+00:00
graviton3,simde,128,main_scan_int,4,"and 1",0.01,4.3854,9.1631,4,4,2026-10-06T10:23:11+00:00
graviton3,simde,128,main_scan_int,4,"and 1",0.01,4.2169,9.1415,4,4,2026-10-06T10:23:11+00:00
graviton3,simde,128,main_scan_int,4,"and 1",0.01,4.4269,9.2510,4,4,2026-10-06T10:23:11+00:00
graviton3,simde,128,main_scan_int,4,"and 2",0.07,2.7379,4.9955,4,4,2026-10-06T10:23:11+00:00
graviton3,simde,128,main_scan_int,4,"and 2",0.07,2.7119,5.0050,4,4,2026-10-06T10:23:11+00:00
graviton3,simde,128,main_scan_int,4,"and 2",0.07,2.7366,4.9486,4,4,2026-10-06T10:23:11+00:00
graviton3,simde,128,main_scan_int,4,"and 2",0.07,2.7480,5.0189,4,4,2026-10-06T10:23:11+00:00
graviton3,simde,128,main_scan_int,4,"and 2",0.07,2.7619,4.9729,4,4,2026-10-06T10:23:11+00:00
graviton3,simde,128,main_scan_int,4,"and 3",0.17,1.5130,3.3074,4,4,2026-10-06T10:23:11+00:00
graviton3,simde,128,main_scan_int,4,"and 3",0.17,1.5730,3.2897,4,4,2026-10-06T10:23:11+00:00
graviton3,simde,128,main_scan_int,4,"and 3",0.17,1.5670,3.2849,4,4,2026-10-06T10:23:11+00:00
graviton3,simde,128,main_scan_int,4,"and 3",0.17,1.5947,3.2776,4,4,2026-10-06T10:23:11+00:00
graviton3,simde,128,main_scan_int,4,"and 3",0.17,1.5952,3.2886,4,4,2026-10-06T10:23:11+00:00
graviton3,simde,128,main_scan_int,4,"and 1",0.01,3.8021,7.3178,4,4,2026-10-06T10:23:11+00:00
graviton3,simde,128,main_scan_int,4,"and 1",0.01,3.8132,7.2807,4,4,2026-10-06T10:23:11+00:00
graviton3,simde,128,main_scan_int,4,"and 1",0.01,3.7445,7.2791,4,4,2026-10-06T10:23:11+00:00
graviton3,simde,128,main_scan_int,4,"and 1",0.01,3.8033,7.2955,4,4,2026-10-06T10:23:11+00:00
graviton3,simde,128,main_scan_int,4,"and 1",0.01,3.8089,7.2719,4,4,2026-10-06T10:23:11+00:00
graviton3,simde,128,main_scan_int,4,"and 2",0.10,2.2349,4.3119,4,4,2026-10-06T10:23:11+00:00
graviton3,simde,128,main_scan_int,4,"and 2",0.10,2.3090,4.2719,4,4,2026-10-06T10:23:11+00:00
graviton3,simde,128,main_scan_int,4,"and 2",0.10,2.3252,4.3031,4,4,2026-10-06T10:23:11+00:00
graviton3,simde,128,main_scan_int,4,"and 2",0.10,2.3277,4.2402,4,4,2026-10-06T10:23:11+00:00
graviton3,simde,128,main_scan_int,4,"and 2",0.10,2.3314,4.2799,4,4,2026-10-06T10:23:11+00:00
graviton3,simde,128,main_scan_int,4,"and 3",0.22,1.3225,3.0123,4,4,2026-10-06T10:23:11+00:00
graviton3,simde,128,main_scan_int,4,"and 3",0.22,1.3525,2.9919,4,4,2026-10-06T10:23:11+00:00
graviton3,simde,128,main_scan_int,4,"and 3",0.22,1.3601,3.0172,4,4,2026-10-06T10:23:11+00:00
graviton3,simde,128,main_scan_int,4,"and 3",0.22,1.3648,3.0093,4,4,2026-10-06T10:23:11+00:00
graviton3,simde,128,main_scan_int,4,"and 3",0.22,1.3675,3.0152,4,4,2026-10-06T10:23:11+00:00
graviton3,simde,128,main_scan_int,4,"and 1",0.02,4.3657,5.4716,4,4,2026-10-06T10:23:11+00:00
graviton3,simde,128,main_scan_int,4,"and 1",0.02,4.3352,5.4441,4,4,2026-10-06T10:23:11+00:00
graviton3,simde,128,main_scan_int,4,"and 1",0.02,4.3440,5.4076,4,4,2026-10-06T10:23:11+00:00
graviton3,simde,128,main_scan_int,4,"and 1",0.02,4.3268,5.4399,4,4,2026-10-06T10:23:11+00:00
graviton3,simde,128,main_scan_int,4,"and 1",0.02,4.3661,5.4571,4,4,2026-10-06T10:23:11+00:00
graviton3,simde,128,main_scan_int,4,"and 2",0.14,2.0661,3.5960,4,4,2026-10-06T10:23:11+00:00
graviton3,simde,128,main_scan_int,4,"and 2",0.14,2.1050,3.6151,4,4,2026-10-06T10:23:11+00:00
graviton3,simde,128,main_scan_int,4,"and 2",0.14,2.1275,3.5882,4,4,2026-10-06T10:23:11+00:00
graviton3,simde,128,main_scan_int,4,"and 2",0.14,2.1373,3.5675,4,4,2026-10-06T10:23:11+00:00
graviton3,simde,128,main_scan_int,4,"and 2",0.14,2.0954,3.5877,4,4,2026-10-06T10:23:11+00:00
graviton3,simde,128,main_scan_int,4,"and 3",0.27,1.1516,2.7034,4,4,2026-10-06T10:23:11+00:00
graviton3,simde,128,main_scan_int,4,"and 3",0.27,1.1755,2.7191,4,4,2026-10-06T10:23:11+00:00
graviton3,simde,128,main_scan_int,4,"and 3",0.27,1.1705,2.7535,4,4,2026-10-06T10:23:11+00:00
graviton3,simde,128,main_scan_int,4,"and 3",0.27,1.1812,2.7335,4,4,2026-10-06T10:23:11+00:00
graviton3,simde,128,main_scan_int,4,"and 3",0.27,1.1791,2.7447,4,4,2026-10-06T10:23:11+00:00
graviton3,simde,128,main_scan_int,4,"and 1",0.05,4.5341,3.5563,4,4,2026-10-06T10:23:11+00:00
graviton3,simde,128,main_scan_int,4,"and 1",0.05,4.4961,3.5737,4,4,2026-10-06T10:23:11+00:00
graviton3,simde,128,main_scan_int,4,"and 1",0.05,4.5154,3.5611,4,4,2026-10-06T10:23:11+00:00
graviton3,simde,128,main_scan_int,4,"and 1",0.05,4.5215,3.5691,4,4,2026-10-06T10:23:11+00:00
graviton3,simde,128,main_scan_int,4,"and 1",0.05,4.5381,3.5704,4,4,2026-10-06T10:23:11+00:00
graviton3,simde,128,main_scan_int,4,"and 2",0.22,1.4424,2.6426,4,4,2026-10-06T10:23:11+00:00
graviton3,simde,128,main_scan_int,4,"and 2",0.22,1.4893,2.6574,4,4,2026-10-06T10:23:11+00:00
graviton3,simde,128,main_scan_int,4,"and 2",0.22,1.4948,2.6652,4,4,2026-10-06T10:23:11+00:00
graviton3,simde,128,main_scan_int,4,"and 2",0.22,1.4979,2.6688,4,4,2026-10-06T10:23:11+00:00
graviton3,simde,128,main_scan_int,4,"and 2",0.22,1.4951,2.6419,4,4,2026-10-06T10:23:11+00:00
graviton3,simde,128,main_scan_int,4,"and 3",0.37,0.8688,2.2238,4,4,2026-10-06T10:23:11+00:00
graviton3,simde,128,main_scan_int,4,"and 3",0.37,0.8739,2.2262,4,4,2026-10-06T10:23:11+00:00
graviton3,simde,128,main_scan_int,4,"and 3",0.37,0.8743,2.2219,4,4,2026-10-06T10:23:11+00:00
graviton3,simde,128,main_scan_int,4,"and 3",0.37,0.8781,2.2119,4,4,2026-10-06T10:23:11+00:00
graviton3,simde,128,main_scan_int,4,"and 3",0.37,0.8790,2.2285,4,4,2026-10-06T10:23:11+00:00
graviton3,simde,128,main_scan_int,4,"and 1",0.10,3.2640,2.5147,4,4,2026-10-06T10:23:11+00:00
graviton3,simde,128,main_scan_int,4,"and 1",0.10,3.1894,2.5057,4,4,2026-10-06T10:23:11+00:00
graviton3,simde,128,main_scan_int,4,"and 1",0.10,3.1714,2.5101,4,4,2026-10-06T10:23:11+00:00
graviton3,simde,128,main_scan_int,4,"and 1",0.10,3.1186,2.5109,4,4,2026-10-06T10:23:11+00:00
graviton3,simde,128,main_scan_int,4,"and 1",0.10,3.0739,2.5129,4,4,2026-10-06T10:23:11+00:00
graviton3,simde,128,main_scan_int,4,"and 2",0.32,1.1005,2.0236,4,4,2026-10-06T10:23:11+00:00
graviton3,simde,128,main_scan_int,4,"and 2",0.32,1.1202,2.0285,4,4,2026-10-06T10:23:11+00:00
graviton3,simde,128,main_scan_int,4,"and 2",0.32,1.1315,2.0287,4,4,2026-10-06T10:23:11+00:00
graviton3,simde,128,main_scan_int,4,"and 2",0.32,1.1343,2.0336,4,4,2026-10-06T10:23:11+00:00
graviton3,simde,128,main_scan_int,4,"and 2",0.32,1.1342,2.0239,4,4,2026-10-06T10:23:11+00:00
graviton3,simde,128,main_scan_int,4,"and 3",0.46,0.7159,1.7642,4,4,2026-10-06T10:23:11+00:00
graviton3,simde,128,main_scan_int,4,"and 3",0.46,0.7147,1.7583,4,4,2026-10-06T10:23:11+00:00
graviton3,simde,128,main_scan_int,4,"and 3",0.46,0.7123,1.7647,4,4,2026-10-06T10:23:11+00:00
graviton3,simde,128,main_scan_int,4,"and 3",0.46,0.7151,1.7562,4,4,2026-10-06T10:23:11+00:00
graviton3,simde,128,main_scan_int,4,"and 3",0.46,0.7120,1.7576,4,4,2026-10-06T10:23:11+00:00
graviton3,simde,128,main_scan_int,4,"and 1",0.20,2.0254,1.7231,4,4,2026-10-06T10:23:11+00:00
graviton3,simde,128,main_scan_int,4,"and 1",0.20,2.0830,1.7190,4,4,2026-10-06T10:23:11+00:00
graviton3,simde,128,main_scan_int,4,"and 1",0.20,2.0858,1.7140,4,4,2026-10-06T10:23:11+00:00
graviton3,simde,128,main_scan_int,4,"and 1",0.20,2.0821,1.7189,4,4,2026-10-06T10:23:11+00:00
graviton3,simde,128,main_scan_int,4,"and 1",0.20,2.0977,1.7167,4,4,2026-10-06T10:23:11+00:00
graviton3,simde,128,main_scan_int,4,"and 2",0.45,0.8673,1.4712,4,4,2026-10-06T10:23:11+00:00
graviton3,simde,128,main_scan_int,4,"and 2",0.45,0.8670,1.4709,4,4,2026-10-06T10:23:11+00:00
graviton3,simde,128,main_scan_int,4,"and 2",0.45,0.8676,1.4693,4,4,2026-10-06T10:23:11+00:00
graviton3,simde,128,main_scan_int,4,"and 2",0.45,0.8703,1.4658,4,4,2026-10-06T10:23:11+00:00
graviton3,simde,128,main_scan_int,4,"and 2",0.45,0.8736,1.4697,4,4,2026-10-06T10:23:11+00:00
graviton3,simde,128,main_scan_int,4,"and 3",0.58,0.6341,1.3157,4,4,2026-10-06T10:23:11+00:00
graviton3,simde,128,main_scan_int,4,"and 3",0.58,0.6344,1.1280,4,4,2026-10-06T10:23:11+00:00
graviton3,simde,128,main_scan_int,4,"and 3",0.58,0.6085,1.3107,4,4,2026-10-06T10:23:11+00:00
graviton3,simde,128,main_scan_int,4,"and 3",0.58,0.6092,1.3130,4,4,2026-10-06T10:23:11+00:00
graviton3,simde,128,main_scan_int,4,"and 3",0.58,0.6342,1.3222,4,4,2026-10-06T10:23:11+00:00
graviton3,simde,128,main_scan_int,4,"and 1",0.50,1.1805,0.9059,4,4,2026-10-06T10:23:11+00:00
graviton3,simde,128,main_scan_int,4,"and 1",0.50,1.1860,0.9059,4,4,2026-10-06T10:23:11+00:00
graviton3,simde,128,main_scan_int,4,"and 1",0.50,1.1862,0.9046,4,4,2026-10-06T10:23:11+00:00
graviton3,simde,128,main_scan_int,4,"and 1",0.50,1.1880,0.9061,4,4,2026-10-06T10:23:11+00:00
graviton3,simde,128,main_scan_int,4,"and 1",0.50,1.1830,0.9051,4,4,2026-10-06T10:23:11+00:00
graviton3,simde,128,main_scan_int,4,"and 2",0.71,0.8282,0.8292,4,4,2026-10-06T10:23:11+00:00
graviton3,simde,128,main_scan_int,4,"and 2",0.71,0.8385,0.8392,4,4,2026-10-06T10:23:11+00:00
graviton3,simde,128,main_scan_int,4,"and 2",0.71,0.8324,0.8391,4,4,2026-10-06T10:23:11+00:00
graviton3,simde,128,main_scan_int,4,"and 2",0.71,0.8407,0.8387,4,4,2026-10-06T10:23:11+00:00
graviton3,simde,128,main_scan_int,4,"and 2",0.71,0.8355,0.8386,4,4,2026-10-06T10:23:11+00:00
graviton3,simde,128,main_scan_int,4,"and 3",0.79,0.8218,0.7852,4,4,2026-10-06T10:23:11+00:00
graviton3,simde,128,main_scan_int,4,"and 3",0.79,0.8217,0.7867,4,4,2026-10-06T10:23:11+00:00
graviton3,simde,128,main_scan_int,4,"and 3",0.79,0.8257,0.7861,4,4,2026-10-06T10:23:11+00:00
graviton3,simde,128,main_scan_int,4,"and 3",0.79,0.8307,0.7871,4,4,2026-10-06T10:23:11+00:00
graviton3,simde,128,main_scan_int,4,"and 3",0.79,0.8260,0.7869,4,4,2026-10-06T10:23:11+00:00
graviton3,simde,128,main_scan_int,4,"and 1",1.00,5.8723,7.9095,4,4,2026-10-06T10:23:11+00:00
graviton3,simde,128,main_scan_int,4,"and 1",1.00,5.8602,7.8594,4,4,2026-10-06T10:23:11+00:00
graviton3,simde,128,main_scan_int,4,"and 1",1.00,5.7410,7.7794,4,4,2026-10-06T10:23:11+00:00
graviton3,simde,128,main_scan_int,4,"and 1",1.00,5.8232,7.8554,4,4,2026-10-06T10:23:11+00:00
graviton3,simde,128,main_scan_int,4,"and 1",1.00,3.6572,7.8169,4,4,2026-10-06T10:23:11+00:00
graviton3,simde,128,main_scan_int,4,"and 2",1.00,4.6097,4.7192,4,4,2026-10-06T10:23:11+00:00
graviton3,simde,128,main_scan_int,4,"and 2",1.00,4.5375,4.8084,4,4,2026-10-06T10:23:11+00:00
graviton3,simde,128,main_scan_int,4,"and 2",1.00,4.5392,4.8142,4,4,2026-10-06T10:23:11+00:00
graviton3,simde,128,main_scan_int,4,"and 2",1.00,4.4955,4.8218,4,4,2026-10-06T10:23:11+00:00
graviton3,simde,128,main_scan_int,4,"and 2",1.00,4.5999,4.8253,4,4,2026-10-06T10:23:11+00:00
graviton3,simde,128,main_scan_int,4,"and 3",1.00,3.6492,3.5553,4,4,2026-10-06T10:23:11+00:00
graviton3,simde,128,main_scan_int,4,"and 3",1.00,3.6363,3.5012,4,4,2026-10-06T10:23:11+00:00
graviton3,simde,128,main_scan_int,4,"and 3",1.00,3.6654,3.5633,4,4,2026-10-06T10:23:11+00:00
graviton3,simde,128,main_scan_int,4,"and 3",1.00,3.6503,3.5358,4,4,2026-10-06T10:23:11+00:00
graviton3,simde,128,main_scan_int,4,"and 3",1.00,3.6515,3.5367,4,4,2026-10-06T10:23:11+00:00
graviton3,simde,256,main_scan_int,4,"and 1",0.00,5.9719,10.5939,4,4,2026-10-06T10:23:21+00:00
graviton3,simde,256,main_scan_int,4,"and 1",0.00,6.0020,10.6200,4,4,2026-10-06T10:23:21+00:00
graviton3,simde,256,main_scan_int,4,"and 1",0.00,6.0876,10.6853,4,4,2026-10-06T10:23:21+00:00
graviton3,simde,256,main_scan_int,4,"and 1",0.00,6.0693,10.7009,4,4,2026-10-06T10:23:21+00:00
graviton3,simde,256,main_scan_int,4,"and 1",0.00,6.1704,10.7378,4,4,2026-10-06T10:23:21+00:00
graviton3,simde,256,main_scan_int,4,"and 2",0.03,3.9987,5.1494,4,4,2026-10-06T10:23:21+00:00
graviton3,simde,256,main_scan_int,4,"and 2",0.03,4.0011,5.0972,4,4,2026-10-06T10:23:21+00:00
graviton3,simde,256,main_scan_int,4,"and 2",0.03,3.9986,5.1272,4,4,2026-10-06T10:23:21+00:00
graviton3,simde,256,main_scan_int,4,"and 2",0.03,3.9926,5.0993,4,4,2026-10-06T10:23:21+00:00
graviton3,simde,256,main_scan_int,4,"and 2",0.03,3.9729,5.0944,4,4,2026-10-06T10:23:21+00:00
graviton3,simde,256,main_scan_int,4,"and 3",0.10,2.0308,3.7347,4,4,2026-10-06T10:23:21+00:00
graviton3,simde,256,main_scan_int,4,"and 3",0.10,2.0726,3.7481,4,4,2026-10-06T10:23:21+00:00
graviton3,simde,256,main_scan_int,4,"and 3",0.10,2.0738,3.7414,4,4,2026-10-06T10:23:21+00:00
graviton3,simde,256,main_scan_int,4,"and 3",0.10,2.0836,3.7371,4,4,2026-10-06T10:23:21+00:00
graviton3,simde,256,main_scan_int,4,"and 3",0.10,2.0866,3.7560,4,4,2026-10-06T10:23:21+00:00
graviton3,simde,256,main_scan_int,4,"and 1",0.00,5.2321,9.6425,4,4,2026-10-06T10:23:21+00:00
graviton3,simde,256,main_scan_int,4,"and 1",0.00,5.3335,9.7090,4,4,2026-10-06T10:23:21+00:00
graviton3,simde,256,main_scan_int,4,"and 1",0.00,5.4402,9.6975,4,4,2026-10-06T10:23:21+00:00
graviton3,simde,256,main_scan_int,4,"and 1",0.00,5.4278,9.6499,4,4,2026-10-06T10:23:21+00:00
graviton3,simde,256,main_scan_int,4,"and 1",0.00,5.3259,9.6527,4,4,2026-10-06T10:23:21+00:00
graviton3,simde,256,main_scan_int,4,"and 2",0.04,3.4703,5.0204,4,4,2026-10-06T10:23:21+00:00
graviton3,simde,256,main_scan_int,4,"and 2",0.04,3.4766,5.0337,4,4,2026-10-06T10:23:21+00:00
graviton3,simde,256,main_scan_int,4,"and 2",0.04,3.4711,5.0773,4,4,2026-10-06T10:23:21+00:00
graviton3,simde,256,main_scan_int,4,"and 2",0.04,3.4871,5.0572,4,4,2026-10-06T10:23:21+00:00
graviton3,simde,256,main_scan_int,4,"and 2",0.04,3.5023,5.0505,4,4,2026-10-06T10:23:21+00:00
graviton3,simde,256,main_scan_int,4,"and 3",0.13,1.8874,3.5481,4,4,2026-10-06T10:23:21+00:00
graviton3,simde,256,main_scan_int,4,"and 3",0.13,1.9143,3.5568,4,4,2026-10-06T10:23:21+00:00
graviton3,simde,256,main_scan_int,4,"and 3",0.13,1.9214,3.5382,4,4,2026-10-06T10:23:21+00:00
graviton3,simde,256,main_scan_int,4,"and 3",0.13,1.9210,3.5482,4,4,2026-10-06T10:23:21+00:00
graviton3,simde,256,main_scan_int,4,"and 3",0.13,1.9115,3.5562,4,4,2026-10-06T10:23:21+00:00
graviton3,simde,256,main_scan_int,4,"and 1",0.01,4.1690,7.9666,4,4,2026-10-06T10:23:21+00:00
graviton3,simde,256,main_scan_int,4,"and 1",0.01,4.1597,7.9801,4,4,2026-10-06T10:23:21+00:00
graviton3,simde,256,main_scan_int,4,"and 1",0.01,4.1806,8.0077,4,4,2026-10-06T10:23:21+00:00
graviton3,simde,256,main_scan_int,4,"and 1",0.01,4.2342,7.9977,4,4,2026-10-06T10:23:21+00:00
graviton3,simde,256,main_scan_int,4,"and 1",0.01,4.1768,7.9594,4,4,2026-10-06T10:23:21+00:00
graviton3,simde,256,main_scan_int,4,"and 2",0.07,2.6086,4.5780,4,4,2026-10-06T10:23:21+00:00
graviton3,simde,256,main_scan_int,4,"and 2",0.07,2.6945,4.6160,4,4,2026-10-06T10:23:21+00:00
graviton3,simde,256,main_scan_int,4,"and 2",0.07,2.6850,4.5828,4,4,2026-10-06T10:23:21+00:00
graviton3,simde,256,main_scan_int,4,"and 2",0.07,2.6888,4.6211,4,4,2026-10-06T10:23:21+00:00
graviton3,simde,256,main_scan_int,4,"and 2",0.07,2.7033,4.5984,4,4,2026-10-06T10:23:21+00:00
graviton3,simde,256,main_scan_int,4,"and 3",0.17,1.5580,3.2728,4,4,2026-10-06T10:23:21+00:00
graviton3,simde,256,main_scan_int,4,"and 3",0.17,1.6135,3.2548,4,4,2026-10-06T10:23:21+00:00
graviton3,simde,256,main_scan_int,4,"and 3",0.17,1.5905,3.2831,4,4,2026-10-06T10:23:21+00:00
graviton3,simde,256,main_scan_int,4,"and 3",0.17,1.6107,3.2696,4,4,2026-10-06T10:23:21+00:00
graviton3,simde,256,main_scan_int,4,"and 3",0.17,1.6094,3.2760,4,4,2026-10-06T10:23:21+00:00
graviton3,simde,256,main_scan_int,4,"and 1",0.01,3.7621,6.5240,4,4,2026-10-06T10:23:21+00:00
graviton3,simde,256,main_scan_int,4,"and 1",0.01,3.7903,6.5375,4,4,2026-10-06T10:23:21+00:00
graviton3,simde,256,main_scan_int,4,"and 1",0.01,3.8054,6.4999,4,4,2026-10-06T10:23:21+00:00
graviton3,simde,256,main_scan_int,4,"and 1",0.01,3.7501,6.5380,4,4,2026-10-06T10:23:21+00:00
graviton3,simde,256,main_scan_int,4,"and 1",0.01,3.7678,6.5189,4,4,2026-10-06T10:23:21+00:00
graviton3,simde,256,main_scan_int,4,"and 2",0.10,2.3177,3.8988,4,4,2026-10-06T10:23:21+00:00
graviton3,simde,256,main_scan_int,4,"and 2",0.10,2.2811,3.8786,4,4,2026-10-06T10:23:21+00:00
graviton3,simde,256,main_scan_int,4,"and 2",0.10,2.3170,3.9019,4,4,2026-10-06T10:23:21+00:00
graviton3,simde,256,main_scan_int,4,"and 2",0.10,2.2757,3.9308,4,4,2026-10-06T10:23:21+00:00
graviton3,simde,256,main_scan_int,4,"and 2",0.10,2.3434,3.8745,4,4,2026-10-06T10:23:21+00:00
graviton3,simde,256,main_scan_int,4,"and 3",0.22,1.3548,2.9942,4,4,2026-10-06T10:23:21+00:00
graviton3,simde,256,main_scan_int,4,"and 3",0.22,1.3500,2.9944,4,4,2026-10-06T10:23:21+00:00
graviton3,simde,256,main_scan_int,4,"and 3",0.22,1.3624,2.9800,4,4,2026-10-06T10:23:21+00:00
graviton3,simde,256,main_scan_int,4,"and 3",0.22,1.3616,2.9876,4,4,2026-10-06T10:23:21+00:00
graviton3,simde,256,main_scan_int,4,"and 3",0.22,1.3770,2.9952,4,4,2026-10-06T10:23:21+00:00
graviton3,simde,256,main_scan_int,4,"and 1",0.02,4.3041,4.9462,4,4,2026-10-06T10:23:21+00:00
graviton3,simde,256,main_scan_int,4,"and 1",0.02,4.2854,4.8870,4,4,2026-10-06T10:23:21+00:00
graviton3,simde,256,main_scan_int,4,"and 1",0.02,4.2324,4.9612,4,4,2026-10-06T10:23:21+00:00
graviton3,simde,256,main_scan_int,4,"and 1",0.02,4.1870,4.9168,4,4,2026-10-06T10:23:21+00:00
graviton3,simde,256,main_scan_int,4,"and 1",0.02,4.2420,4.9272,4,4,2026-10-06T10:23:21+00:00
graviton3,simde,256,main_scan_int,4,"and 2",0.14,2.1201,3.3460,4,4,2026-10-06T10:23:21+00:00
graviton3,simde,256,main_scan_int,4,"and 2",0.14,2.0617,3.3179,4,4,2026-10-06T10:23:21+00:00
graviton3,simde,256,main_scan_int,4,"and 2",0.14,2.1407,3.3487,4,4,2026-10-06T10:23:21+00:00
graviton3,simde,256,main_scan_int,4,"and 2",0.14,2.1598,3.3332,4,4,2026-10-06T10:23:21+00:00
graviton3,simde,256,main_scan_int,4,"and 2",0.14,2.1827,3.3442,4,4,2026-10-06T10:23:21+00:00
graviton3,simde,256,main_scan_int,4,"and 3",0.27,1.1519,2.6053,4,4,2026-10-06T10:23:21+00:00
graviton3,simde,256,main_scan_int,4,"and 3",0.27,1.1670,2.6392,4,4,2026-10-06T10:23:21+00:00
graviton3,simde,256,main_scan_int,4,"and 3",0.27,1.1715,2.5907,4,4,2026-10-06T10:23:21+00:00
graviton3,simde,256,main_scan_int,4,"and 3",0.27,1.1659,2.6226,4,4,2026-10-06T10:23:21+00:00
graviton3,simde,256,main_scan_int,4,"and 3",0.27,1.1667,2.6220,4,4,2026-10-06T10:23:21+00:00
graviton3,simde,256,main_scan_int,4,"and 1",0.05,4.3912,3.2835,4,4,2026-10-06T10:23:21+00:00
graviton3,simde,256,main_scan_int,4,"and 1",0.05,4.4156,3.2965,4,4,2026-10-06T10:23:21+00:00
graviton3,simde,256,main_scan_int,4,"and 1",0.05,4.4391,3.3050,4,4,2026-10-06T10:23:21+00:00
graviton3,simde,256,main_scan_int,4,"and 1",0.05,4.4667,3.3219,4,4,2026-10-06T10:23:21+00:00
graviton3,simde,256,main_scan_int,4,"and 1",0.05,4.4346,3.2975,4,4,2026-10-06T10:23:21+00:00
graviton3,simde,256,main_scan_int,4,"and 2",0.22,1.4085,2.5087,4,4,2026-10-06T10:23:21+00:00
graviton3,simde,256,main_scan_int,4,"and 2",0.22,1.4820,2.5104,4,4,2026-10-06T10:23:21+00:00
graviton3,simde,256,main_scan_int,4,"and 2",0.22,1.4870,2.5259,4,4,2026-10-06T10:23:21+00:00
graviton3,simde,256,main_scan_int,4,"and 2",0.22,1.4765,2.5158,4,4,2026-10-06T10:23:21+00:00
graviton3,simde,256,main_scan_int,4,"and 2",0.22,1.4872,2.5185,4,4,2026-10-06T10:23:21+00:00
graviton3,simde,256,main_scan_int,4,"and 3",0.37,0.8669,2.0927,4,4,2026-10-06T10:23:21+00:00
graviton3,simde,256,main_scan_int,4,"and 3",0.37,0.8701,2.1015,4,4,2026-10-06T10:23:21+00:00
graviton3,simde,256,main_scan_int,4,"and 3",0.37,0.8679,2.0864,4,4,2026-10-06T10:23:21+00:00
graviton3,simde,256,main_scan_int,4,"and 3",0.37,0.8668,2.1009,4,4,2026-10-06T10:23:21+00:00
graviton3,simde,256,main_scan_int,4,"and 3",0.37,0.8715,2.1019,4,4,2026-10-06T10:23:21+00:00
graviton3,simde,256,main_scan_int,4,"and 1",0.10,3.2944,2.3637,4,4,2026-10-06T10:23:21+00:00
graviton3,simde,256,main_scan_int,4,"and 1",0.10,3.3665,2.3644,4,4,2026-10-06T10:23:21+00:00
graviton3,simde,256,main_scan_int,4,"and 1",0.10,3.3487,2.3561,4,4,2026-10-06T10:23:21+00:00
graviton3,simde,256,main_scan_int,4,"and 1",0.10,3.3707,2.3643,4,4,2026-10-06T10:23:21+00:00
graviton3,simde,256,main_scan_int,4,"and 1",0.10,3.3334,2.3599,4,4,2026-10-06T10:23:21+00:00
graviton3,simde,256,main_scan_int,4,"and 2",0.32,1.0813,1.9170,4,4,2026-10-06T10:23:21+00:00
graviton3,simde,256,main_scan_int,4,"and 2",0.32,1.1123,1.9192,4,4,2026-10-06T10:23:21+00:00
graviton3,simde,256,main_scan_int,4,"and 2",0.32,1.1205,1.9170,4,4,2026-10-06T10:23:21+00:00
graviton3,simde,256,main_scan_int,4,"and 2",0.32,1.1123,1.9171,4,4,2026-10-06T10:23:21+00:00
graviton3,simde,256,main_scan_int,4,"and 2",0.32,1.1163,1.9194,4,4,2026-10-06T10:23:21+00:00
graviton3,simde,256,main_scan_int,4,"and 3",0.46,0.7108,1.5544,4,4,2026-10-06T10:23:21+00:00
graviton3,simde,256,main_scan_int,4,"and 3",0.46,0.7120,1.6451,4,4,2026-10-06T10:23:21+00:00
graviton3,simde,256,main_scan_int,4,"and 3",0.46,0.7122,1.6367,4,4,2026-10-06T10:23:21+00:00
graviton3,simde,256,main_scan_int,4,"and 3",0.46,0.7123,1.6430,4,4,2026-10-06T10:23:21+00:00
graviton3,simde,256,main_scan_int,4,"and 3",0.46,0.7084,1.6373,4,4,2026-10-06T10:23:21+00:00
graviton3,simde,256,main_scan_int,4,"and 1",0.20,2.0104,1.6305,4,4,2026-10-06T10:23:21+00:00
graviton3,simde,256,main_scan_int,4,"and 1",0.20,2.0448,1.6269,4,4,2026-10-06T10:23:21+00:00
graviton3,simde,256,main_scan_int,4,"and 1",0.20,2.0758,1.6314,4,4,2026-10-06T10:23:21+00:00
graviton3,simde,256,main_scan_int,4,"and 1",0.20,2.0892,1.6291,4,4,2026-10-06T10:23:21+00:00
graviton3,simde,256,main_scan_int,4,"and 1",0.20,1.9748,1.6329,4,4,2026-10-06T10:23:21+00:00
graviton3,simde,256,main_scan_int,4,"and 2",0.45,0.8608,1.4216,4,4,2026-10-06T10:23:21+00:00
graviton3,simde,256,main_scan_int,4,"and 2",0.45,0.8594,1.4227,4,4,2026-10-06T10:23:21+00:00
graviton3,simde,256,main_scan_int,4,"and 2",0.45,0.8600,1.4237,4,4,2026-10-06T10:23:21+00:00
graviton3,simde,256,main_scan_int,4,"and 2",0.45,0.8622,1.4247,4,4,2026-10-06T10:23:21+00:00
graviton3,simde,256,main_scan_int,4,"and 2",0.45,0.8640,1.4228,4,4,2026-10-06T10:23:21+00:00
graviton3,simde,256,main_scan_int,4,"and 3",0.58,0.6336,1.2586,4,4,2026-10-06T10:23:21+00:00
graviton3,simde,256,main_scan_int,4,"and 3",0.58,0.6321,1.2552,4,4,2026-10-06T10:23:21+00:00
graviton3,simde,256,main_scan_int,4,"and 3",0.58,0.6322,1.2566,4,4,2026-10-06T10:23:21+00:00
graviton3,simde,256,main_scan_int,4,"and 3",0.58,0.6337,1.2552,4,4,2026-10-06T10:23:21+00:00
graviton3,simde,256,main_scan_int,4,"and 3",0.58,0.6335,1.2603,4,4,2026-10-06T10:23:21+00:00
graviton3,simde,256,main_scan_int,4,"and 1",0.50,1.1818,0.8843,4,4,2026-10-06T10:23:21+00:00
graviton3,simde,256,main_scan_int,4,"and 1",0.50,1.1831,0.8838,4,4,2026-10-06T10:23:21+00:00
graviton3,simde,256,main_scan_int,4,"and 1",0.50,1.1828,0.8831,4,4,2026-10-06T10:23:21+00:00
graviton3,simde,256,main_scan_int,4,"and 1",0.50,1.1855,0.8830,4,4,2026-10-06T10:23:21+00:00
graviton3,simde,256,main_scan_int,4,"and 1",0.50,1.1858,0.8836,4,4,2026-10-06T10:23:21+00:00
graviton3,simde,256,main_scan_int,4,"and 2",0.71,0.8220,0.8192,4,4,2026-10-06T10:23:21+00:00
graviton3,simde,256,main_scan_int,4,"and 2",0.71,0.8301,0.8183,4,4,2026-10-06T10:23:21+00:00
graviton3,simde,256,main_scan_int,4,"and 2",0.71,0.8287,0.8191,4,4,2026-10-06T10:23:21+00:00
graviton3,simde,256,main_scan_int,4,"and 2",0.71,0.8269,0.8180,4,4,2026-10-06T10:23:21+00:00
graviton3,simde,256,main_scan_int,4,"and 2",0.71,0.8288,0.8183,4,4,2026-10-06T10:23:21+00:00
graviton3,simde,256,main_scan_int,4,"and 3",0.79,0.8244,0.7625,4,4,2026-10-06T10:23:21+00:00
graviton3,simde,256,main_scan_int,4,"and 3",0.79,0.8220,0.7646,4,4,2026-10-06T10:23:21+00:00
graviton3,simde,256,main_scan_int,4,"and 3",0.79,0.8156,0.7654,4,4,2026-10-06T10:23:21+00:00
graviton3,simde,256,main_scan_int,4,"and 3",0.79,0.8147,0.7644,4,4,2026-10-06T10:23:21+00:00
graviton3,simde,256,main_scan_int,4,"and 3",0.79,0.8277,0.7624,4,4,2026-10-06T10:23:21+00:00
graviton3,simde,256,main_scan_int,4,"and 1",1.00,5.8969,7.5113,4,4,2026-10-06T10:23:21+00:00
graviton3,simde,256,main_scan_int,4,"and 1",1.00,5.8810,7.4100,4,4,2026-10-06T10:23:21+00:00
graviton3,simde,256,main_scan_int,4,"and 1",1.00,5.8607,7.5398,4,4,2026-10-06T10:23:21+00:00
graviton3,simde,256,main_scan_int,4,"and 1",1.00,5.8830,7.5219,4,4,2026-10-06T10:23:21+00:00
graviton3,simde,256,main_scan_int,4,"and 1",1.00,5.8543,7.5553,4,4,2026-10-06T10:23:21+00:00
graviton3,simde,256,main_scan_int,4,"and 2",1.00,4.6021,4.4972,4,4,2026-10-06T10:23:21+00:00
graviton3,simde,256,main_scan_int,4,"and 2",1.00,4.6288,4.4920,4,4,2026-10-06T10:23:21+00:00
graviton3,simde,256,main_scan_int,4,"and 2",1.00,4.6199,4.5125,4,4,2026-10-06T10:23:21+00:00
graviton3,simde,256,main_scan_int,4,"and 2",1.00,4.6419,4.5010,4,4,2026-10-06T10:23:21+00:00
graviton3,simde,256,main_scan_int,4,"and 2",1.00,4.6141,4.5288,4,4,2026-10-06T10:23:21+00:00
graviton3,simde,256,main_scan_int,4,"and 3",1.00,3.6572,3.1530,4,4,2026-10-06T10:23:21+00:00
graviton3,simde,256,main_scan_int,4,"and 3",1.00,3.6658,3.1553,4,4,2026-10-06T10:23:21+00:00
graviton3,simde,256,main_scan_int,4,"and 3",1.00,3.6575,3.1776,4,4,2026-10-06T10:23:21+00:00
graviton3,simde,256,main_scan_int,4,"and 3",1.00,3.6563,3.1775,4,4,2026-10-06T10:23:21+00:00
graviton3,simde,256,main_scan_int,4,"and 3",1.00,3.6585,3.1168,4,4,2026-10-06T10:23:21+00:00
graviton3,simde,128,main_scan_enc,4,"and 1",0.00,3.3054,4.9443,4,4,2026-10-06T10:23:47+00:00
graviton3,simde,128,main_scan_enc,4,"and 1",0.00,3.2922,4.9418,4,4,2026-10-06T10:23:47+00:00
graviton3,simde,128,main_scan_enc,4,"and 1",0.00,3.3257,4.9555,4,4,2026-10-06T10:23:47+00:00
graviton3,simde,128,main_scan_enc,4,"and 1",0.00,3.3264,4.9629,4,4,2026-10-06T10:23:47+00:00
graviton3,simde,128,main_scan_enc,4,"and 1",0.00,3.3273,4.9589,4,4,2026-10-06T10:23:47+00:00
graviton3,simde,128,main_scan_enc,4,"and 2",0.03,2.5891,3.1575,4,4,2026-10-06T10:23:47+00:00
graviton3,simde,128,main_scan_enc,4,"and 2",0.03,2.5922,3.1552,4,4,2026-10-06T10:23:47+00:00
graviton3,simde,128,main_scan_enc,4,"and 2",0.03,2.5950,3.1516,4,4,2026-10-06T10:23:47+00:00
graviton3,simde,128,main_scan_enc,4,"and 2",0.03,2.5944,3.1653,4,4,2026-10-06T10:23:47+00:00
graviton3,simde,128,main_scan_enc,4,"and 2",0.03,2.5938,3.1596,4,4,2026-10-06T10:23:47+00:00
graviton3,simde,128,main_scan_enc,4,"and 3",0.10,1.6417,2.0414,4,4,2026-10-06T10:23:47+00:00
graviton3,simde,128,main_scan_enc,4,"and 3",0.10,1.6753,2.0428,4,4,2026-10-06T10:23:47+00:00
graviton3,simde,128,main_scan_enc,4,"and 3",0.10,1.6942,2.0364,4,4,2026-10-06T10:23:47+00:00
graviton3,simde,128,main_scan_enc,4,"and 3",0.10,1.6933,2.0353,4,4,2026-10-06T10:23:47+00:00
graviton3,simde,128,main_scan_enc,4,"and 3",0.10,1.6964,2.0389,4,4,2026-10-06T10:23:47+00:00
graviton3,simde,128,main_scan_enc,4,"and 1",0.00,3.0675,4.7473,4,4,2026-10-06T10:23:47+00:00
graviton3,simde,128,main_scan_enc,4,"and 1",0.00,3.0953,4.7393,4,4,2026-10-06T10:23:47+00:00
graviton3,simde,128,main_scan_enc,4,"and 1",0.00,3.1113,4.7507,4,4,2026-10-06T10:23:47+00:00
graviton3,simde,128,main_scan_enc,4,"and 1",0.00,3.0768,4.7508,4,4,2026-10-06T10:23:47+00:00
graviton3,simde,128,main_scan_enc,4,"and 1",0.00,3.1053,4.7530,4,4,2026-10-06T10:23:47+00:00
graviton3,simde,128,main_scan_enc,4,"and 2",0.04,2.3245,2.9051,4,4,2026-10-06T10:23:47+00:00
graviton3,simde,128,main_scan_enc,4,"and 2",0.04,2.3196,2.9092,4,4,2026-10-06T10:23:47+00:00
graviton3,simde,128,main_scan_enc,4,"and 2",0.04,2.3254,2.9050,4,4,2026-10-06T10:23:47+00:00
graviton3,simde,128,main_scan_enc,4,"and 2",0.04,2.3314,2.9045,4,4,2026-10-06T10:23:47+00:00
graviton3,simde,128,main_scan_enc,4,"and 2",0.04,2.3227,2.8991,4,4,2026-10-06T10:23:47+00:00
graviton3,simde,128,main_scan_enc,4,"and 3",0.13,1.4943,1.9415,4,4,2026-10-06T10:23:47+00:00
graviton3,simde,128,main_scan_enc,4,"and 3",0.13,1.5267,1.9479,4,4,2026-10-06T10:23:47+00:00
graviton3,simde,128,main_scan_enc,4,"and 3",0.13,1.5408,1.9451,4,4,2026-10-06T10:23:47+00:00
graviton3,simde,128,main_scan_enc,4,"and 3",0.13,1.5440,1.9487,4,4,2026-10-06T10:23:47+00:00
graviton3,simde,128,main_scan_enc,4,"and 3",0.13,1.5548,1.9474,4,4,2026-10-06T10:23:47+00:00
graviton3,simde,128,main_scan_enc,4,"and 1",0.01,2.7171,4.3416,4,4,2026-10-06T10:23:47+00:00
graviton3,simde,128,main_scan_enc,4,"and 1",0.01,2.7647,4.3218,4,4,2026-10-06T10:23:47+00:00
graviton3,simde,128,main_scan_enc,4,"and 1",0.01,2.7169,4.3385,4,4,2026-10-06T10:23:47+00:00
graviton3,simde,128,main_scan_enc,4,"and 1",0.01,2.7695,4.3496,4,4,2026-10-06T10:23:47+00:00
graviton3,simde,128,main_scan_enc,4,"and 1",0.01,2.7441,4.3371,4,4,2026-10-06T10:23:47+00:00
graviton3,simde,128,main_scan_enc,4,"and 2",0.07,1.9001,2.5213,4,4,2026-10-06T10:23:47+00:00
graviton3,simde,128,main_scan_enc,4,"and 2",0.07,1.9073,2.5215,4,4,2026-10-06T10:23:47+00:00
graviton3,simde,128,main_scan_enc,4,"and 2",0.07,1.9136,2.5230,4,4,2026-10-06T10:23:47+00:00
graviton3,simde,128,main_scan_enc,4,"and 2",0.07,1.9142,2.5213,4,4,2026-10-06T10:23:47+00:00
graviton3,simde,128,main_scan_enc,4,"and 2",0.07,1.9232,2.5145,4,4,2026-10-06T10:23:47+00:00
graviton3,simde,128,main_scan_enc,4,"and 3",0.17,1.2208,1.7918,4,4,2026-10-06T10:23:47+00:00
graviton3,simde,128,main_scan_enc,4,"and 3",0.17,1.2330,1.7947,4,4,2026-10-06T10:23:47+00:00
graviton3,simde,128,main_scan_enc,4,"and 3",0.17,1.2456,1.7927,4,4,2026-10-06T10:23:47+00:00
graviton3,simde,128,main_scan_enc,4,"and 3",0.17,1.2382,1.7931,4,4,2026-10-06T10:23:47+00:00
graviton3,simde,128,main_scan_enc,4,"and 3",0.17,1.2405,1.7945,4,4,2026-10-06T10:23:47+00:00
graviton3,simde,128,main_scan_enc,4,"and 1",0.01,2.5182,3.8878,4,4,2026-10-06T10:23:47+00:00
graviton3,simde,128,main_scan_enc,4,"and 1",0.01,2.5474,3.8928,4,4,2026-10-06T10:23:47+00:00
graviton3,simde,128,main_scan_enc,4,"and 1",0.01,2.5357,3.9015,4,4,2026-10-06T10:23:47+00:00
graviton3,simde,128,main_scan_enc,4,"and 1",0.01,2.5560,3.8922,4,4,2026-10-06T10:23:47+00:00
graviton3,simde,128,main_scan_enc,4,"and 1",0.01,2.5340,3.8884,4,4,2026-10-06T10:23:47+00:00
graviton3,simde,128,main_scan_enc,4,"and 2",0.10,1.6449,2.2422,4,4,2026-10-06T10:23:47+00:00
graviton3,simde,128,main_scan_enc,4,"and 2",0.10,1.6455,2.2424,4,4,2026-10-06T10:23:47+00:00
graviton3,simde,128,main_scan_enc,4,"and 2",0.10,1.6478,2.2393,4,4,2026-10-06T10:23:47+00:00
graviton3,simde,128,main_scan_enc,4,"and 2",0.10,1.6471,2.2391,4,4,2026-10-06T10:23:47+00:00
graviton3,simde,128,main_scan_enc,4,"and 2",0.10,1.6523,2.2382,4,4,2026-10-06T10:23:47+00:00
graviton3,simde,128,main_scan_enc,4,"and 3",0.22,1.0280,1.6533,4,4,2026-10-06T10:23:47+00:00
graviton3,simde,128,main_scan_enc,4,"and 3",0.22,1.0359,1.6490,4,4,2026-10-06T10:23:47+00:00
graviton3,simde,128,main_scan_enc,4,"and 3",0.22,1.0347,1.6512,4,4,2026-10-06T10:23:47+00:00
graviton3,simde,128,main_scan_enc,4,"and 3",0.22,1.0398,1.6540,4,4,2026-10-06T10:23:47+00:00
graviton3,simde,128,main_scan_enc,4,"and 3",0.22,1.0569,1.6557,4,4,2026-10-06T10:23:47+00:00
graviton3,simde,128,main_scan_enc,4,"and 1",0.02,2.8210,3.3138,4,4,2026-10-06T10:23:47+00:00
graviton3,simde,128,main_scan_enc,4,"and 1",0.02,2.8237,3.3065,4,4,2026-10-06T10:23:47+00:00
graviton3,simde,128,main_scan_enc,4,"and 1",0.02,2.8265,3.3001,4,4,2026-10-06T10:23:47+00:00
graviton3,simde,128,main_scan_enc,4,"and 1",0.02,2.8231,3.3145,4,4,2026-10-06T10:23:47+00:00
graviton3,simde,128,main_scan_enc,4,"and 1",0.02,2.8178,3.2990,4,4,2026-10-06T10:23:47+00:00
graviton3,simde,128,main_scan_enc,4,"and 2",0.14,1.4956,1.9563,4,4,2026-10-06T10:23:47+00:00
graviton3,simde,128,main_scan_enc,4,"and 2",0.14,1.5159,1.9604,4,4,2026-10-06T10:23:47+00:00
graviton3,simde,128,main_scan_enc,4,"and 2",0.14,1.5180,1.9601,4,4,2026-10-06T10:23:47+00:00
graviton3,simde,128,main_scan_enc,4,"and 2",0.14,1.5072,1.9639,4,4,2026-10-06T10:23:47+00:00
graviton3,simde,128,main_scan_enc,4,"and 2",0.14,1.5246,1.9629,4,4,2026-10-06T10:23:47+00:00
graviton3,simde,128,main_scan_enc,4,"and 3",0.27,0.8773,1.4826,4,4,2026-10-06T10:23:47+00:00
graviton3,simde,128,main_scan_enc,4,"and 3",0.27,0.8798,1.4825,4,4,2026-10-06T10:23:47+00:00
graviton3,simde,128,main_scan_enc,4,"and 3",0.27,0.8831,1.4795,4,4,2026-10-06T10:23:47+00:00
graviton3,simde,128,main_scan_enc,4,"and 3",0.27,0.8880,1.4806,4,4,2026-10-06T10:23:47+00:00
graviton3,simde,128,main_scan_enc,4,"and 3",0.27,0.8847,1.4778,4,4,2026-10-06T10:23:47+00:00
graviton3,simde,128,main_scan_enc,4,"and 1",0.05,2.7174,2.4971,4,4,2026-10-06T10:23:47+00:00
graviton3,simde,128,main_scan_enc,4,"and 1",0.05,2.7174,2.5013,4,4,2026-10-06T10:23:47+00:00
graviton3,simde,128,main_scan_enc,4,"and 1",0.05,2.7472,2.4518,4,4,2026-10-06T10:23:47+00:00
graviton3,simde,128,main_scan_enc,4,"and 1",0.05,2.7407,2.4932,4,4,2026-10-06T10:23:47+00:00
graviton3,simde,128,main_scan_enc,4,"and 1",0.05,2.7424,2.4982,4,4,2026-10-06T10:23:47+00:00
graviton3,simde,128,main_scan_enc,4,"and 2",0.22,1.1385,1.6239,4,4,2026-10-06T10:23:47+00:00
graviton3,simde,128,main_scan_enc,4,"and 2",0.22,1.1413,1.6170,4,4,2026-10-06T10:23:47+00:00
graviton3,simde,128,main_scan_enc,4,"and 2",0.22,1.1305,1.6249,4,4,2026-10-06T10:23:47+00:00
graviton3,simde,128,main_scan_enc,4,"and 2",0.22,1.1404,1.6154,4,4,2026-10-06T10:23:47+00:00
graviton3,simde,128,main_scan_enc,4,"and 2",0.22,1.1469,1.6231,4,4,2026-10-06T10:23:47+00:00
graviton3,simde,128,main_scan_enc,4,"and 3",0.37,0.6416,1.2419,4,4,2026-10-06T10:23:47+00:00
graviton3,simde,128,main_scan_enc,4,"and 3",0.37,0.6439,1.2421,4,4,2026-10-06T10:23:47+00:00
graviton3,simde,128,main_scan_enc,4,"and 3",0.37,0.6438,1.2383,4,4,2026-10-06T10:23:47+00:00
graviton3,simde,128,main_scan_enc,4,"and 3",0.37,0.6467,1.2438,4,4,2026-10-06T10:23:47+00:00
graviton3,simde,128,main_scan_enc,4,"and 3",0.37,0.6465,1.2437,4,4,2026-10-06T10:23:47+00:00
graviton3,simde,128,main_scan_enc,4,"and 1",0.10,2.0902,1.9082,4,4,2026-10-06T10:23:47+00:00
graviton3,simde,128,main_scan_enc,4,"and 1",0.10,2.0935,1.8810,4,4,2026-10-06T10:23:47+00:00
graviton3,simde,128,main_scan_enc,4,"and 1",0.10,2.1177,1.9050,4,4,2026-10-06T10:23:47+00:00
graviton3,simde,128,main_scan_enc,4,"and 1",0.10,2.1093,1.9070,4,4,2026-10-06T10:23:47+00:00
graviton3,simde,128,main_scan_enc,4,"and 1",0.10,2.1381,1.9078,4,4,2026-10-06T10:23:47+00:00
graviton3,simde,128,main_scan_enc,4,"and 2",0.32,0.8409,1.3430,4,4,2026-10-06T10:23:47+00:00
graviton3,simde,128,main_scan_enc,4,"and 2",0.32,0.8393,1.3447,4,4,2026-10-06T10:23:47+00:00
graviton3,simde,128,main_scan_enc,4,"and 2",0.32,0.8374,1.3434,4,4,2026-10-06T10:23:47+00:00
graviton3,simde,128,main_scan_enc,4,"and 2",0.32,0.8431,1.3461,4,4,2026-10-06T10:23:47+00:00
graviton3,simde,128,main_scan_enc,4,"and 2",0.32,0.8372,1.3450,4,4,2026-10-06T10:23:47+00:00
graviton3,simde,128,main_scan_enc,4,"and 3",0.46,0.5179,1.0416,4,4,2026-10-06T10:23:47+00:00
graviton3,simde,128,main_scan_enc,4,"and 3",0.46,0.5167,1.0581,4,4,2026-10-06T10:23:47+00:00
graviton3,simde,128,main_scan_enc,4,"and 3",0.46,0.5171,1.0585,4,4,2026-10-06T10:23:47+00:00
graviton3,simde,128,main_scan_enc,4,"and 3",0.46,0.5173,1.0559,4,4,2026-10-06T10:23:47+00:00
graviton3,simde,128,main_scan_enc,4,"and 3",0.46,0.5175,1.0585,4,4,2026-10-06T10:23:47+00:00
graviton3,simde,128,main_scan_enc,4,"and 1",0.20,1.3934,1.4224,4,4,2026-10-06T10:23:47+00:00
graviton3,simde,128,main_scan_enc,4,"and 1",0.20,1.4272,1.4231,4,4,2026-10-06T10:23:47+00:00
graviton3,simde,128,main_scan_enc,4,"and 1",0.20,1.4374,1.4227,4,4,2026-10-06T10:23:47+00:00
graviton3,simde,128,main_scan_enc,4,"and 1",0.20,1.4446,1.4180,4,4,2026-10-06T10:23:47+00:00
graviton3,simde,128,main_scan_enc,4,"and 1",0.20,1.4579,1.4206,4,4,2026-10-06T10:23:47+00:00
graviton3,simde,128,main_scan_enc,4,"and 2",0.45,0.6156,1.0859,4,4,2026-10-06T10:23:47+00:00
graviton3,simde,128,main_scan_enc,4,"and 2",0.45,0.6150,1.0858,4,4,2026-10-06T10:23:47+00:00
graviton3,simde,128,main_scan_enc,4,"and 2",0.45,0.6151,1.0860,4,4,2026-10-06T10:23:47+00:00
graviton3,simde,128,main_scan_enc,4,"and 2",0.45,0.6153,1.0859,4,4,2026-10-06T10:23:47+00:00
graviton3,simde,128,main_scan_enc,4,"and 2",0.45,0.6145,1.0845,4,4,2026-10-06T10:23:47+00:00
graviton3,simde,128,main_scan_enc,4,"and 3",0.58,0.4650,0.8726,4,4,2026-10-06T10:23:47+00:00
graviton3,simde,128,main_scan_enc,4,"and 3",0.58,0.4650,0.8741,4,4,2026-10-06T10:23:47+00:00
graviton3,simde,128,main_scan_enc,4,"and 3",0.58,0.4650,0.8744,4,4,2026-10-06T10:23:47+00:00
graviton3,simde,128,main_scan_enc,4,"and 3",0.58,0.4650,0.8742,4,4,2026-10-06T10:23:47+00:00
graviton3,simde,128,main_scan_enc,4,"and 3",0.58,0.4649,0.8735,4,4,2026-10-06T10:23:47+00:00
graviton3,simde,128,main_scan_enc,4,"and 1",0.50,0.8616,0.8184,4,4,2026-10-06T10:23:47+00:00
graviton3,simde,128,main_scan_enc,4,"and 1",0.50,0.8603,0.8184,4,4,2026-10-06T10:23:47+00:00
graviton3,simde,128,main_scan_enc,4,"and 1",0.50,0.8614,0.8172,4,4,2026-10-06T10:23:47+00:00
graviton3,simde,128,main_scan_enc,4,"and 1",0.50,0.8606,0.8183,4,4,2026-10-06T10:23:47+00:00
graviton3,simde,128,main_scan_enc,4,"and 1",0.50,0.8614,0.8187,4,4,2026-10-06T10:23:47+00:00
graviton3,simde,128,main_scan_enc,4,"and 2",0.71,0.6529,0.6877,4,4,2026-10-06T10:23:47+00:00
graviton3,simde,128,main_scan_enc,4,"and 2",0.71,0.6535,0.6890,4,4,2026-10-06T10:23:47+00:00
graviton3,simde,128,main_scan_enc,4,"and 2",0.71,0.6587,0.6891,4,4,2026-10-06T10:23:47+00:00
graviton3,simde,128,main_scan_enc,4,"and 2",0.71,0.6521,0.6884,4,4,2026-10-06T10:23:47+00:00
graviton3,simde,128,main_scan_enc,4,"and 2",0.71,0.6571,0.6870,4,4,2026-10-06T10:23:47+00:00
graviton3,simde,128,main_scan_enc,4,"and 3",0.79,0.5774,0.6037,4,4,2026-10-06T10:23:47+00:00
graviton3,simde,128,main_scan_enc,4,"and 3",0.79,0.5746,0.6041,4,4,2026-10-06T10:23:47+00:00
graviton3,simde,128,main_scan_enc,4,"and 3",0.79,0.5777,0.6045,4,4,2026-10-06T10:23:47+00:00
graviton3,simde,128,main_scan_enc,4,"and 3",0.79,0.5769,0.6046,4,4,2026-10-06T10:23:47+00:00
graviton3,simde,128,main_scan_enc,4,"and 3",0.79,0.5757,0.6032,4,4,2026-10-06T10:23:47+00:00
graviton3,simde,128,main_scan_enc,4,"and 1",1.00,3.2767,0.4622,4,4,2026-10-06T10:23:47+00:00
graviton3,simde,128,main_scan_enc,4,"and 1",1.00,3.3100,0.4612,4,4,2026-10-06T10:23:47+00:00
graviton3,simde,128,main_scan_enc,4,"and 1",1.00,3.2777,0.4624,4,4,2026-10-06T10:23:47+00:00
graviton3,simde,128,main_scan_enc,4,"and 1",1.00,3.3102,0.4619,4,4,2026-10-06T10:23:47+00:00
graviton3,simde,128,main_scan_enc,4,"and 1",1.00,3.2693,0.4620,4,4,2026-10-06T10:23:47+00:00
graviton3,simde,128,main_scan_enc,4,"and 2",1.00,2.1355,0.4187,4,4,2026-10-06T10:23:47+00:00
graviton3,simde,128,main_scan_enc,4,"and 2",1.00,2.1357,0.4188,4,4,2026-10-06T10:23:47+00:00
graviton3,simde,128,main_scan_enc,4,"and 2",1.00,2.1342,0.4188,4,4,2026-10-06T10:23:47+00:00
graviton3,simde,128,main_scan_enc,4,"and 2",1.00,2.1380,0.4175,4,4,2026-10-06T10:23:47+00:00
graviton3,simde,128,main_scan_enc,4,"and 2",1.00,2.1382,0.4189,4,4,2026-10-06T10:23:47+00:00
graviton3,simde,128,main_scan_enc,4,"and 3",1.00,1.5416,0.3863,4,4,2026-10-06T10:23:47+00:00
graviton3,simde,128,main_scan_enc,4,"and 3",1.00,1.5417,0.3865,4,4,2026-10-06T10:23:47+00:00
graviton3,simde,128,main_scan_enc,4,"and 3",1.00,1.5432,0.3862,4,4,2026-10-06T10:23:47+00:00
graviton3,simde,128,main_scan_enc,4,"and 3",1.00,1.5418,0.3865,4,4,2026-10-06T10:23:47+00:00
graviton3,simde,128,main_scan_enc,4,"and 3",1.00,1.5415,0.3860,4,4,2026-10-06T10:23:47+00:00
graviton3,simde,256,main_scan_enc,4,"and 1",0.00,3.3122,6.6849,4,4,2026-10-06T10:24:01+00:00
graviton3,simde,256,main_scan_enc,4,"and 1",0.00,3.3072,6.7188,4,4,2026-10-06T10:24:01+00:00
graviton3,simde,256,main_scan_enc,4,"and 1",0.00,3.3067,6.6998,4,4,2026-10-06T10:24:01+00:00
graviton3,simde,256,main_scan_enc,4,"and 1",0.00,3.3259,6.6993,4,4,2026-10-06T10:24:01+00:00
graviton3,simde,256,main_scan_enc,4,"and 1",0.00,3.3162,6.7067,4,4,2026-10-06T10:24:01+00:00
graviton3,simde,256,main_scan_enc,4,"and 2",0.03,2.5828,4.0087,4,4,2026-10-06T10:24:01+00:00
graviton3,simde,256,main_scan_enc,4,"and 2",0.03,2.5707,4.0318,4,4,2026-10-06T10:24:01+00:00
graviton3,simde,256,main_scan_enc,4,"and 2",0.03,2.5899,4.0138,4,4,2026-10-06T10:24:01+00:00
graviton3,simde,256,main_scan_enc,4,"and 2",0.03,2.5913,4.0369,4,4,2026-10-06T10:24:01+00:00
graviton3,simde,256,main_scan_enc,4,"and 2",0.03,2.5869,4.0076,4,4,2026-10-06T10:24:01+00:00
graviton3,simde,256,main_scan_enc,4,"and 3",0.10,1.6367,2.4879,4,4,2026-10-06T10:24:01+00:00
graviton3,simde,256,main_scan_enc,4,"and 3",0.10,1.6701,2.4974,4,4,2026-10-06T10:24:01+00:00
graviton3,simde,256,main_scan_enc,4,"and 3",0.10,1.6706,2.5021,4,4,2026-10-06T10:24:01+00:00
graviton3,simde,256,main_scan_enc,4,"and 3",0.10,1.6935,2.5054,4,4,2026-10-06T10:24:01+00:00
graviton3,simde,256,main_scan_enc,4,"and 3",0.10,1.6887,2.5099,4,4,2026-10-06T10:24:01+00:00
graviton3,simde,256,main_scan_enc,4,"and 1",0.00,3.0802,6.3128,4,4,2026-10-06T10:24:01+00:00
graviton3,simde,256,main_scan_enc,4,"and 1",0.00,3.0855,6.3166,4,4,2026-10-06T10:24:01+00:00
graviton3,simde,256,main_scan_enc,4,"and 1",0.00,3.0891,6.2930,4,4,2026-10-06T10:24:01+00:00
graviton3,simde,256,main_scan_enc,4,"and 1",0.00,3.0720,6.3136,4,4,2026-10-06T10:24:01+00:00
graviton3,simde,256,main_scan_enc,4,"and 1",0.00,3.0644,6.3189,4,4,2026-10-06T10:24:01+00:00
graviton3,simde,256,main_scan_enc,4,"and 2",0.04,2.3104,3.6713,4,4,2026-10-06T10:24:01+00:00
graviton3,simde,256,main_scan_enc,4,"and 2",0.04,2.3214,3.6858,4,4,2026-10-06T10:24:01+00:00
graviton3,simde,256,main_scan_enc,4,"and 2",0.04,2.3167,3.6771,4,4,2026-10-06T10:24:01+00:00
graviton3,simde,256,main_scan_enc,4,"and 2",0.04,2.3126,3.6632,4,4,2026-10-06T10:24:01+00:00
graviton3,simde,256,main_scan_enc,4,"and 2",0.04,2.3151,3.6539,4,4,2026-10-06T10:24:01+00:00
graviton3,simde,256,main_scan_enc,4,"and 3",0.13,1.4705,2.3375,4,4,2026-10-06T10:24:01+00:00
graviton3,simde,256,main_scan_enc,4,"and 3",0.13,1.4867,2.3502,4,4,2026-10-06T10:24:01+00:00
graviton3,simde,256,main_scan_enc,4,"and 3",0.13,1.5287,2.3379,4,4,2026-10-06T10:24:01+00:00
graviton3,simde,256,main_scan_enc,4,"and 3",0.13,1.5205,2.3441,4,4,2026-10-06T10:24:01+00:00
graviton3,simde,256,main_scan_enc,4,"and 3",0.13,1.5199,2.3426,4,4,2026-10-06T10:24:01+00:00
graviton3,simde,256,main_scan_enc,4,"and 1",0.01,2.6261,5.5384,4,4,2026-10-06T10:24:01+00:00
graviton3,simde,256,main_scan_enc,4,"and 1",0.01,2.6672,5.5495,4,4,2026-10-06T10:24:01+00:00
graviton3,simde,256,main_scan_enc,4,"and 1",0.01,2.6322,5.5101,4,4,2026-10-06T10:24:01+00:00
graviton3,simde,256,main_scan_enc,4,"and 1",0.01,2.6735,5.5491,4,4,2026-10-06T10:24:01+00:00
graviton3,simde,256,main_scan_enc,4,"and 1",0.01,2.6810,5.5516,4,4,2026-10-06T10:24:01+00:00
graviton3,simde,256,main_scan_enc,4,"and 2",0.07,1.8620,3.1098,4,4,2026-10-06T10:24:01+00:00
graviton3,simde,256,main_scan_enc,4,"and 2",0.07,1.8686,3.1221,4,4,2026-10-06T10:24:01+00:00
graviton3,simde,256,main_scan_enc,4,"and 2",0.07,1.8859,3.1286,4,4,2026-10-06T10:24:01+00:00
graviton3,simde,256,main_scan_enc,4,"and 2",0.07,1.8948,3.1337,4,4,2026-10-06T10:24:01+00:00
graviton3,simde,256,main_scan_enc,4,"and 2",0.07,1.9080,3.1311,4,4,2026-10-06T10:24:01+00:00
graviton3,simde,256,main_scan_enc,4,"and 3",0.17,1.2010,2.1500,4,4,2026-10-06T10:24:01+00:00
graviton3,simde,256,main_scan_enc,4,"and 3",0.17,1.2320,2.1488,4,4,2026-10-06T10:24:01+00:00
graviton3,simde,256,main_scan_enc,4,"and 3",0.17,1.2414,2.1363,4,4,2026-10-06T10:24:01+00:00
graviton3,simde,256,main_scan_enc,4,"and 3",0.17,1.2319,2.1499,4,4,2026-10-06T10:24:01+00:00
graviton3,simde,256,main_scan_enc,4,"and 3",0.17,1.2386,2.1522,4,4,2026-10-06T10:24:01+00:00
graviton3,simde,256,main_scan_enc,4,"and 1",0.01,2.5047,4.8229,4,4,2026-10-06T10:24:01+00:00
graviton3,simde,256,main_scan_enc,4,"and 1",0.01,2.5129,4.6176,4,4,2026-10-06T10:24:01+00:00
graviton3,simde,256,main_scan_enc,4,"and 1",0.01,2.3124,4.7819,4,4,2026-10-06T10:24:01+00:00
graviton3,simde,256,main_scan_enc,4,"and 1",0.01,2.4395,4.7674,4,4,2026-10-06T10:24:01+00:00
graviton3,simde,256,main_scan_enc,4,"and 1",0.01,2.4799,4.8323,4,4,2026-10-06T10:24:01+00:00
graviton3,simde,256,main_scan_enc,4,"and 2",0.10,1.6235,2.7201,4,4,2026-10-06T10:24:01+00:00
graviton3,simde,256,main_scan_enc,4,"and 2",0.10,1.6421,2.7303,4,4,2026-10-06T10:24:01+00:00
graviton3,simde,256,main_scan_enc,4,"and 2",0.10,1.6525,2.7211,4,4,2026-10-06T10:24:01+00:00
graviton3,simde,256,main_scan_enc,4,"and 2",0.10,1.6521,2.7296,4,4,2026-10-06T10:24:01+00:00
graviton3,simde,256,main_scan_enc,4,"and 2",0.10,1.6462,2.7291,4,4,2026-10-06T10:24:01+00:00
graviton3,simde,256,main_scan_enc,4,"and 3",0.22,1.0310,2.0131,4,4,2026-10-06T10:24:01+00:00
graviton3,simde,256,main_scan_enc,4,"and 3",0.22,1.0514,2.0109,4,4,2026-10-06T10:24:01+00:00
graviton3,simde,256,main_scan_enc,4,"and 3",0.22,1.0487,2.0037,4,4,2026-10-06T10:24:01+00:00
graviton3,simde,256,main_scan_enc,4,"and 3",0.22,1.0522,2.0040,4,4,2026-10-06T10:24:01+00:00
graviton3,simde,256,main_scan_enc,4,"and 3",0.22,1.0502,2.0079,4,4,2026-10-06T10:24:01+00:00
graviton3,simde,256,main_scan_enc,4,"and 1",0.02,2.7950,3.9226,4,4,2026-10-06T10:24:01+00:00
graviton3,simde,256,main_scan_enc,4,"and 1",0.02,2.8070,3.9486,4,4,2026-10-06T10:24:01+00:00
graviton3,simde,256,main_scan_enc,4,"and 1",0.02,2.7949,3.9206,4,4,2026-10-06T10:24:01+00:00
graviton3,simde,256,main_scan_enc,4,"and 1",0.02,2.8191,3.9497,4,4,2026-10-06T10:24:01+00:00
graviton3,simde,256,main_scan_enc,4,"and 1",0.02,2.8240,3.9443,4,4,2026-10-06T10:24:01+00:00
graviton3,simde,256,main_scan_enc,4,"and 2",0.14,1.5092,2.3239,4,4,2026-10-06T10:24:01+00:00
graviton3,simde,256,main_scan_enc,4,"and 2",0.14,1.5291,2.3225,4,4,2026-10-06T10:24:01+00:00
graviton3,simde,256,main_scan_enc,4,"and 2",0.14,1.5346,2.3292,4,4,2026-10-06T10:24:01+00:00
graviton3,simde,256,main_scan_enc,4,"and 2",0.14,1.5401,2.3236,4,4,2026-10-06T10:24:01+00:00
graviton3,simde,256,main_scan_enc,4,"and 2",0.14,1.5374,2.3140,4,4,2026-10-06T10:24:01+00:00
graviton3,simde,256,main_scan_enc,4,"and 3",0.27,0.8659,1.7843,4,4,2026-10-06T10:24:01+00:00
graviton3,simde,256,main_scan_enc,4,"and 3",0.27,0.8840,1.7941,4,4,2026-10-06T10:24:01+00:00
graviton3,simde,256,main_scan_enc,4,"and 3",0.27,0.8862,1.7898,4,4,2026-10-06T10:24:01+00:00
graviton3,simde,256,main_scan_enc,4,"and 3",0.27,0.8913,1.7891,4,4,2026-10-06T10:24:01+00:00
graviton3,simde,256,main_scan_enc,4,"and 3",0.27,0.8897,1.7907,4,4,2026-10-06T10:24:01+00:00
graviton3,simde,256,main_scan_enc,4,"and 1",0.05,2.7302,2.8132,4,4,2026-10-06T10:24:01+00:00
graviton3,simde,256,main_scan_enc,4,"and 1",0.05,2.7143,2.8145,4,4,2026-10-06T10:24:01+00:00
graviton3,simde,256,main_scan_enc,4,"and 1",0.05,2.7007,2.8152,4,4,2026-10-06T10:24:01+00:00
graviton3,simde,256,main_scan_enc,4,"and 1",0.05,2.7475,2.8079,4,4,2026-10-06T10:24:01+00:00
graviton3,simde,256,main_scan_enc,4,"and 1",0.05,2.7407,2.8159,4,4,2026-10-06T10:24:01+00:00
graviton3,simde,256,main_scan_enc,4,"and 2",0.22,1.1363,1.8437,4,4,2026-10-06T10:24:01+00:00
graviton3,simde,256,main_scan_enc,4,"and 2",0.22,1.1519,1.8476,4,4,2026-10-06T10:24:01+00:00
graviton3,simde,256,main_scan_enc,4,"and 2",0.22,1.1527,1.8397,4,4,2026-10-06T10:24:01+00:00
graviton3,simde,256,main_scan_enc,4,"and 2",0.22,1.1390,1.8505,4,4,2026-10-06T10:24:01+00:00
graviton3,simde,256,main_scan_enc,4,"and 2",0.22,1.1561,1.8504,4,4,2026-10-06T10:24:01+00:00
graviton3,simde,256,main_scan_enc,4,"and 3",0.37,0.6444,1.4739,4,4,2026-10-06T10:24:01+00:00
graviton3,simde,256,main_scan_enc,4,"and 3",0.37,0.6451,1.4720,4,4,2026-10-06T10:24:01+00:00
graviton3,simde,256,main_scan_enc,4,"and 3",0.37,0.6467,1.4742,4,4,2026-10-06T10:24:01+00:00
graviton3,simde,256,main_scan_enc,4,"and 3",0.37,0.6457,1.4724,4,4,2026-10-06T10:24:01+00:00
graviton3,simde,256,main_scan_enc,4,"and 3",0.37,0.6461,1.4727,4,4,2026-10-06T10:24:01+00:00
graviton3,simde,256,main_scan_enc,4,"and 1",0.10,2.1079,2.0713,4,4,2026-10-06T10:24:01+00:00
graviton3,simde,256,main_scan_enc,4,"and 1",0.10,2.0478,2.0725,4,4,2026-10-06T10:24:01+00:00
graviton3,simde,256,main_scan_enc,4,"and 1",0.10,2.0685,2.0694,4,4,2026-10-06T10:24:01+00:00
graviton3,simde,256,main_scan_enc,4,"and 1",0.10,2.0705,2.0727,4,4,2026-10-06T10:24:01+00:00
graviton3,simde,256,main_scan_enc,4,"and 1",0.10,2.0437,2.0768,4,4,2026-10-06T10:24:01+00:00
graviton3,simde,256,main_scan_enc,4,"and 2",0.32,0.8340,1.4873,4,4,2026-10-06T10:24:01+00:00
graviton3,simde,256,main_scan_enc,4,"and 2",0.32,0.8395,1.4919,4,4,2026-10-06T10:24:01+00:00
graviton3,simde,256,main_scan_enc,4,"and 2",0.32,0.8281,1.4898,4,4,2026-10-06T10:24:01+00:00
graviton3,simde,256,main_scan_enc,4,"and 2",0.32,0.8314,1.4919,4,4,2026-10-06T10:24:01+00:00
graviton3,simde,256,main_scan_enc,4,"and 2",0.32,0.8368,1.4910,4,4,2026-10-06T10:24:01+00:00
graviton3,simde,256,main_scan_enc,4,"and 3",0.46,0.5170,1.2189,4,4,2026-10-06T10:24:01+00:00
graviton3,simde,256,main_scan_enc,4,"and 3",0.46,0.5174,1.2162,4,4,2026-10-06T10:24:01+00:00
graviton3,simde,256,main_scan_enc,4,"and 3",0.46,0.5170,1.2164,4,4,2026-10-06T10:24:01+00:00
graviton3,simde,256,main_scan_enc,4,"and 3",0.46,0.5174,1.2159,4,4,2026-10-06T10:24:01+00:00
graviton3,simde,256,main_scan_enc,4,"and 3",0.46,0.5172,1.2190,4,4,2026-10-06T10:24:01+00:00
graviton3,simde,256,main_scan_enc,4,"and 1",0.20,1.3341,1.4985,4,4,2026-10-06T10:24:01+00:00
graviton3,simde,256,main_scan_enc,4,"and 1",0.20,1.3663,1.4982,4,4,2026-10-06T10:24:01+00:00
graviton3,simde,256,main_scan_enc,4,"and 1",0.20,1.4168,1.4994,4,4,2026-10-06T10:24:01+00:00
graviton3,simde,256,main_scan_enc,4,"and 1",0.20,1.3153,1.4991,4,4,2026-10-06T10:24:01+00:00
graviton3,simde,256,main_scan_enc,4,"and 1",0.20,1.2640,1.4966,4,4,2026-10-06T10:24:01+00:00
graviton3,simde,256,main_scan_enc,4,"and 2",0.45,0.6160,1.1653,4,4,2026-10-06T10:24:01+00:00
graviton3,simde,256,main_scan_enc,4,"and 2",0.45,0.6156,1.1654,4,4,2026-10-06T10:24:01+00:00
graviton3,simde,256,main_scan_enc,4,"and 2",0.45,0.6147,1.1649,4,4,2026-10-06T10:24:01+00:00
graviton3,simde,256,main_scan_enc,4,"and 2",0.45,0.6154,1.1645,4,4,2026-10-06T10:24:01+00:00
graviton3,simde,256,main_scan_enc,4,"and 2",0.45,0.6151,1.1656,4,4,2026-10-06T10:24:01+00:00
graviton3,simde,256,main_scan_enc,4,"and 3",0.58,0.4652,0.9814,4,4,2026-10-06T10:24:01+00:00
graviton3,simde,256,main_scan_enc,4,"and 3",0.58,0.4644,0.9857,4,4,2026-10-06T10:24:01+00:00
graviton3,simde,256,main_scan_enc,4,"and 3",0.58,0.4650,0.9830,4,4,2026-10-06T10:24:01+00:00
graviton3,simde,256,main_scan_enc,4,"and 3",0.58,0.4651,0.9863,4,4,2026-10-06T10:24:01+00:00
graviton3,simde,256,main_scan_enc,4,"and 3",0.58,0.4649,0.9827,4,4,2026-10-06T10:24:01+00:00
graviton3,simde,256,main_scan_enc,4,"and 1",0.50,0.8617,0.8454,4,4,2026-10-06T10:24:01+00:00
graviton3,simde,256,main_scan_enc,4,"and 1",0.50,0.8626,0.8454,4,4,2026-10-06T10:24:01+00:00
graviton3,simde,256,main_scan_enc,4,"and 1",0.50,0.8616,0.8450,4,4,2026-10-06T10:24:01+00:00
graviton3,simde,256,main_scan_enc,4,"and 1",0.50,0.8602,0.8454,4,4,2026-10-06T10:24:01+00:00
graviton3,simde,256,main_scan_enc,4,"and 1",0.50,0.8611,0.8451,4,4,2026-10-06T10:24:01+00:00
graviton3,simde,256,main_scan_enc,4,"and 2",0.71,0.6637,0.7258,4,4,2026-10-06T10:24:01+00:00
graviton3,simde,256,main_scan_enc,4,"and 2",0.71,0.6563,0.7253,4,4,2026-10-06T10:24:01+00:00
graviton3,simde,256,main_scan_enc,4,"and 2",0.71,0.6588,0.7259,4,4,2026-10-06T10:24:01+00:00
graviton3,simde,256,main_scan_enc,4,"and 2",0.71,0.6530,0.7258,4,4,2026-10-06T10:24:01+00:00
graviton3,simde,256,main_scan_enc,4,"and 2",0.71,0.6576,0.7257,4,4,2026-10-06T10:24:01+00:00
graviton3,simde,256,main_scan_enc,4,"and 3",0.79,0.5726,0.6562,4,4,2026-10-06T10:24:01+00:00
graviton3,simde,256,main_scan_enc,4,"and 3",0.79,0.5728,0.6556,4,4,2026-10-06T10:24:01+00:00
graviton3,simde,256,main_scan_enc,4,"and 3",0.79,0.5729,0.6557,4,4,2026-10-06T10:24:01+00:00
graviton3,simde,256,main_scan_enc,4,"and 3",0.79,0.5739,0.6549,4,4,2026-10-06T10:24:01+00:00
graviton3,simde,256,main_scan_enc,4,"and 3",0.79,0.5739,0.6534,4,4,2026-10-06T10:24:01+00:00
graviton3,simde,256,main_scan_enc,4,"and 1",1.00,3.3028,0.5303,4,4,2026-10-06T10:24:01+00:00
graviton3,simde,256,main_scan_enc,4,"and 1",1.00,3.3173,0.5297,4,4,2026-10-06T10:24:01+00:00
graviton3,simde,256,main_scan_enc,4,"and 1",1.00,3.3056,0.5300,4,4,2026-10-06T10:24:01+00:00
graviton3,simde,256,main_scan_enc,4,"and 1",1.00,3.2787,0.5287,4,4,2026-10-06T10:24:01+00:00
graviton3,simde,256,main_scan_enc,4,"and 1",1.00,3.2993,0.5302,4,4,2026-10-06T10:24:01+00:00
graviton3,simde,256,main_scan_enc,4,"and 2",1.00,2.1363,0.4817,4,4,2026-10-06T10:24:01+00:00
graviton3,simde,256,main_scan_enc,4,"and 2",1.00,2.1309,0.4815,4,4,2026-10-06T10:24:01+00:00
graviton3,simde,256,main_scan_enc,4,"and 2",1.00,2.1377,0.4819,4,4,2026-10-06T10:24:01+00:00
graviton3,simde,256,main_scan_enc,4,"and 2",1.00,2.1357,0.4820,4,4,2026-10-06T10:24:01+00:00
graviton3,simde,256,main_scan_enc,4,"and 2",1.00,2.1378,0.4821,4,4,2026-10-06T10:24:01+00:00
graviton3,simde,256,main_scan_enc,4,"and 3",1.00,1.5363,0.4500,4,4,2026-10-06T10:24:01+00:00
graviton3,simde,256,main_scan_enc,4,"and 3",1.00,1.5412,0.4498,4,4,2026-10-06T10:24:01+00:00
graviton3,simde,256,main_scan_enc,4,"and 3",1.00,1.5426,0.4500,4,4,2026-10-06T10:24:01+00:00
graviton3,simde,256,main_scan_enc,4,"and 3",1.00,1.5392,0.4495,4,4,2026-10-06T10:24:01+00:00
graviton3,simde,256,main_scan_enc,4,"and 3",1.00,1.5423,0.4498,4,4,2026-10-06T10:24:01+00:00
graviton3,simde,128,main_gather,4,"gather_byte",100.00,0.147722,0.147722,4,4,2026-10-06T10:24:37+00:00
graviton3,simde,128,main_gather,4,"gather_short",100.00,0.138585,0.138585,4,4,2026-10-06T10:24:37+00:00
graviton3,simde,128,main_gather,4,"gather_int",100.00,0.162911,0.162911,4,4,2026-10-06T10:24:37+00:00
graviton3,simde,128,main_gather,4,"gather_long",100.00,0.144745,0.144745,4,4,2026-10-06T10:24:37+00:00
graviton3,simde,128,main_gather,4,"gather_char",100.00,0.025201,0.025201,4,4,2026-10-06T10:24:37+00:00
graviton3,simde,128,main_gather,4,"gather_encoded",100.00,0.099068,0.099068,4,4,2026-10-06T10:24:37+00:00
graviton3,simde,128,main_gather,4,"copy_encoded",100.00,1.463708,1.463708,4,4,2026-10-06T10:24:37+00:00
graviton3,simde,256,main_gather,4,"gather_byte",100.00,0.149169,0.149169,4,4,2026-10-06T10:25:37+00:00
graviton3,simde,256,main_gather,4,"gather_short",100.00,0.142120,0.142120,4,4,2026-10-06T10:25:37+00:00
graviton3,simde,256,main_gather,4,"gather_int",100.00,0.158430,0.158430,4,4,2026-10-06T10:25:37+00:00
graviton3,simde,256,main_gather,4,"gather_long",100.00,0.139027,0.139027,4,4,2026-10-06T10:25:37+00:00
graviton3,simde,256,main_gather,4,"gather_char",100.00,0.028876,0.028876,4,4,2026-10-06T10:25:37+00:00
graviton3,simde,256,main_gather,4,"gather_encoded",100.00,0.131322,0.131322,4,4,2026-10-06T10:25:37+00:00
graviton3,simde,256,main_gather,4,"copy_encoded",100.00,1.917613,1.917613,4,4,2026-10-06T10:25:37+00:00
graviton3,simde,128,main_hash,4,"jenkins_hash",100.00,0.017195,0.017195,4,4,2026-10-06T10:28:37+00:00
graviton3,simde,128,main_hash,4,"fnv_hash",100.00,0.025136,0.025136,4,4,2026-10-06T10:28:37+00:00
graviton3,simde,128,main_hash,4,"murmur_hash",100.00,0.055105,0.055105,4,4,2026-10-06T10:28:37+00:00
graviton3,simde,256,main_hash,4,"jenkins_hash",100.00,0.018674,0.018674,4,4,2026-10-06T10:29:01+00:00
graviton3,simde,256,main_hash,4,"fnv_hash",100.00,0.026448,0.026448,4,4,2026-10-06T10:29:01+00:00
graviton3,simde,256,main_hash,4,"murmur_hash",100.00,0.056386,0.056386,4,4,2026-10-06T10:29:01+00:00
graviton3,simde,128,main_select,4,"select_byte",100.00,2.875028,2.875028,4,4,2026-10-06T10:30:15+00:00
graviton3,simde,128,main_select,4,"select_short",100.00,3.511306,3.511306,4,4,2026-10-06T10:30:15+00:00
graviton3,simde,128,main_select,4,"select_int",100.00,4.163697,4.163697,4,4,2026-10-06T10:30:15+00:00
graviton3,simde,128,main_select,4,"select_long",100.00,1.016255,1.016255,4,4,2026-10-06T10:30:15+00:00
graviton3,simde,128,main_select,4,"select_float",100.00,3.693504,3.693504,4,4,2026-10-06T10:30:15+00:00
graviton3,simde,128,main_select,4,"select_double",100.00,0.893464,0.893464,4,4,2026-10-06T10:30:15+00:00
graviton3,simde,128,main_select,4,"select_char",100.00,0.128141,0.128141,4,4,2026-10-06T10:30:15+00:00
graviton3,simde,128,main_select,4,"select_encoded",100.00,1.250217,1.250217,4,4,2026-10-06T10:30:15+00:00
graviton3,simde,256,main_select,4,"select_byte",100.00,2.842642,2.842642,4,4,2026-10-06T10:30:51+00:00
graviton3,simde,256,main_select,4,"select_short",100.00,3.439820,3.439820,4,4,2026-10-06T10:30:51+00:00
graviton3,simde,256,main_select,4,"select_int",100.00,3.851527,3.851527,4,4,2026-10-06T10:30:51+00:00
graviton3,simde,256,main_select,4,"select_long",100.00,0.782313,0.782313,4,4,2026-10-06T10:30:51+00:00
graviton3,simde,256,main_select,4,"select_float",100.00,3.525076,3.525076,4,4,2026-10-06T10:30:51+00:00
graviton3,simde,256,main_select,4,"select_double",100.00,0.670708,0.670708,4,4,2026-10-06T10:30:51+00:00
graviton3,simde,256,main_select,4,"select_char",100.00,0.072702,0.072702,4,4,2026-10-06T10:30:51+00:00
graviton3,simde,256,main_select,4,"select_encoded",100.00,1.308148,1.308148,4,4,2026-10-06T10:30:51+00:00
graviton3,simde,128,main_filter,4,"filter_byte_eq",100.00,0.069018,0.069018,4,4,2026-10-06T10:32:38+00:00
graviton3,simde,128,main_filter,4,"filter_byte_lt",100.00,0.042661,0.042661,4,4,2026-10-06T10:32:38+00:00
graviton3,simde,128,main_filter,4,"filter_byte_gt",100.00,0.041805,0.041805,4,4,2026-10-06T10:32:38+00:00
graviton3,simde,128,main_filter,4,"filter_byte_ne",100.00,0.032987,0.032987,4,4,2026-10-06T10:32:38+00:00
graviton3,simde,128,main_filter,4,"filter_byte_le",100.00,0.041700,0.041700,4,4,2026-10-06T10:32:38+00:00
graviton3,simde,128,main_filter,4,"filter_byte_ge",100.00,0.041974,0.041974,4,4,2026-10-06T10:32:38+00:00
graviton3,simde,128,main_filter,4,"filter_short_eq",100.00,0.046933,0.046933,4,4,2026-10-06T10:32:38+00:00
graviton3,simde,128,main_filter,4,"filter_short_lt",100.00,0.032435,0.032435,4,4,2026-10-06T10:32:38+00:00
graviton3,simde,128,main_filter,4,"filter_short_gt",100.00,0.032784,0.032784,4,4,2026-10-06T10:32:38+00:00
graviton3,simde,128,main_filter,4,"filter_short_ne",100.00,0.029298,0.029298,4,4,2026-10-06T10:32:38+00:00
graviton3,simde,128,main_filter,4,"filter_short_le",100.00,0.032800,0.032800,4,4,2026-10-06T10:32:38+00:00
graviton3,simde,128,main_filter,4,"filter_short_ge",100.00,0.032121,0.032121,4,4,2026-10-06T10:32:38+00:00
graviton3,simde,128,main_filter,4,"filter_int_eq",100.00,0.041110,0.041110,4,4,2026-10-06T10:32:38+00:00
graviton3,simde,128,main_filter,4,"filter_int_lt",100.00,0.031948,0.031948,4,4,2026-10-06T10:32:38+00:00
graviton3,simde,128,main_filter,4,"filter_int_gt",100.00,0.031769,0.031769,4,4,2026-10-06T10:32:38+00:00
graviton3,simde,128,main_filter,4,"filter_int_ne",100.00,0.028518,0.028518,4,4,2026-10-06T10:32:38+00:00
graviton3,simde,128,main_filter,4,"filter_int_le",100.00,0.031921,0.031921,4,4,2026-10-06T10:32:38+00:00
graviton3,simde,128,main_filter,4,"filter_int_ge",100.00,0.031685,0.031685,4,4,2026-10-06T10:32:38+00:00
graviton3,simde,128,main_filter,4,"filter_long_eq",100.00,0.038168,0.038168,4,4,2026-10-06T10:32:38+00:00
graviton3,simde,128,main_filter,4,"filter_long_lt",100.00,0.032184,0.032184,4,4,2026-10-06T10:32:38+00:00
graviton3,simde,128,main_filter,4,"filter_long_gt",100.00,0.032142,0.032142,4,4,2026-10-06T10:32:38+00:00
graviton3,simde,128,main_filter,4,"filter_long_ne",100.00,0.028246,0.028246,4,4,2026-10-06T10:32:38+00:00
graviton3,simde,128,main_filter,4,"filter_long_le",100.00,0.032094,0.032094,4,4,2026-10-06T10:32:38+00:00
graviton3,simde,128,main_filter,4,"filter_long_ge",100.00,0.032037,0.032037,4,4,2026-10-06T10:32:38+00:00
graviton3,simde,128,main_filter,4,"filter_float_eq",100.00,0.043228,0.043228,4,4,2026-10-06T10:32:38+00:00
graviton3,simde,128,main_filter,4,"filter_float_lt",100.00,0.033133,0.033133,4,4,2026-10-06T10:32:38+00:00
graviton3,simde,128,main_filter,4,"filter_float_gt",100.00,0.033159,0.033159,4,4,2026-10-06T10:32:38+00:00
graviton3,simde,128,main_filter,4,"filter_float_ne",100.00,0.028858,0.028858,4,4,2026-10-06T10:32:38+00:00
graviton3,simde,128,main_filter,4,"filter_float_le",100.00,0.033015,0.033015,4,4,2026-10-06T10:32:38+00:00
graviton3,simde,128,main_filter,4,"filter_float_ge",100.00,0.033210,0.033210,4,4,2026-10-06T10:32:38+00:00
graviton3,simde,128,main_filter,4,"filter_double_eq",100.00,0.036626,0.036626,4,4,2026-10-06T10:32:38+00:00
graviton3,simde,128,main_filter,4,"filter_double_lt",100.00,0.031779,0.031779,4,4,2026-10-06T10:32:38+00:00
graviton3,simde,128,main_filter,4,"filter_double_gt",100.00,0.031920,0.031920,4,4,2026-10-06T10:32:38+00:00
graviton3,simde,128,main_filter,4,"filter_double_ne",100.00,0.027702,0.027702,4,4,2026-10-06T10:32:38+00:00
graviton3,simde,128,main_filter,4,"filter_double_le",100.00,0.031704,0.031704,4,4,2026-10-06T10:32:38+00:00
graviton3,simde,128,main_filter,4,"filter_double_ge",100.00,0.031815,0.031815,4,4,2026-10-06T10:32:38+00:00
graviton3,simde,128,main_filter,4,"filter_char_eq",100.00,0.033561,0.033561,4,4,2026-10-06T10:32:38+00:00
graviton3,simde,128,main_filter,4,"filter_char_lt",100.00,0.023841,0.023841,4,4,2026-10-06T10:32:38+00:00
graviton3,simde,128,main_filter,4,"filter_char_gt",100.00,0.023751,0.023751,4,4,2026-10-06T10:32:38+00:00
graviton3,simde,128,main_filter,4,"filter_char_ne",100.00,0.030584,0.030584,4,4,2026-10-06T10:32:38+00:00
graviton3,simde,128,main_filter,4,"filter_char_le",100.00,0.024172,0.024172,4,4,2026-10-06T10:32:38+00:00
graviton3,simde,128,main_filter,4,"filter_char_ge",100.00,0.024111,0.024111,4,4,2026-10-06T10:32:38+00:00
graviton3,simde,256,main_filter,4,"filter_byte_eq",100.00,0.062494,0.062494,4,4,2026-10-06T10:33:02+00:00
graviton3,simde,256,main_filter,4,"filter_byte_lt",100.00,0.044018,0.044018,4,4,2026-10-06T10:33:02+00:00
graviton3,simde,256,main_filter,4,"filter_byte_gt",100.00,0.043761,0.043761,4,4,2026-10-06T10:33:02+00:00
graviton3,simde,256,main_filter,4,"filter_byte_ne",100.00,0.034386,0.034386,4,4,2026-10-06T10:33:02+00:00
graviton3,simde,256,main_filter,4,"filter_byte_le",100.00,0.042706,0.042706,4,4,2026-10-06T10:33:02+00:00
graviton3,simde,256,main_filter,4,"filter_byte_ge",100.00,0.042287,0.042287,4,4,2026-10-06T10:33:02+00:00
graviton3,simde,256,main_filter,4,"filter_short_eq",100.00,0.037998,0.037998,4,4,2026-10-06T10:33:02+00:00
graviton3,simde,256,main_filter,4,"filter_short_lt",100.00,0.031566,0.031566,4,4,2026-10-06T10:33:02+00:00
graviton3,simde,256,main_filter,4,"filter_short_gt",100.00,0.031229,0.031229,4,4,2026-10-06T10:33:02+00:00
graviton3,simde,256,main_filter,4,"filter_short_ne",100.00,0.029085,0.029085,4,4,2026-10-06T10:33:02+00:00
graviton3,simde,256,main_filter,4,"filter_short_le",100.00,0.030799,0.030799,4,4,2026-10-06T10:33:02+00:00
graviton3,simde,256,main_filter,4,"filter_short_ge",100.00,0.030785,0.030785,4,4,2026-10-06T10:33:02+00:00
graviton3,simde,256,main_filter,4,"filter_int_eq",100.00,0.034984,0.034984,4,4,2026-10-06T10:33:02+00:00
graviton3,simde,256,main_filter,4,"filter_int_lt",100.00,0.030308,0.030308,4,4,2026-10-06T10:33:02+00:00
graviton3,simde,256,main_filter,4,"filter_int_gt",100.00,0.030123,0.030123,4,4,2026-10-06T10:33:02+00:00
graviton3,simde,256,main_filter,4,"filter_int_ne",100.00,0.027607,0.027607,4,4,2026-10-06T10:33:02+00:00
graviton3,simde,256,main_filter,4,"filter_int_le",100.00,0.030296,0.030296,4,4,2026-10-06T10:33:02+00:00
graviton3,simde,256,main_filter,4,"filter_int_ge",100.00,0.030089,0.030089,4,4,2026-10-06T10:33:02+00:00
graviton3,simde,256,main_filter,4,"filter_long_eq",100.00,0.035530,0.035530,4,4,2026-10-06T10:33:02+00:00
graviton3,simde,256,main_filter,4,"filter_long_lt",100.00,0.031046,0.031046,4,4,2026-10-06T10:33:02+00:00
graviton3,simde,256,main_filter,4,"filter_long_gt",100.00,0.030725,0.030725,4,4,2026-10-06T10:33:02+00:00
graviton3,simde,256,main_filter,4,"filter_long_ne",100.00,0.027330,0.027330,4,4,2026-10-06T10:33:02+00:00
graviton3,simde,256,main_filter,4,"filter_long_le",100.00,0.030572,0.030572,4,4,2026-10-06T10:33:02+00:00
graviton3,simde,256,main_filter,4,"filter_long_ge",100.00,0.030454,0.030454,4,4,2026-10-06T10:33:02+00:00
graviton3,simde,256,main_filter,4,"filter_float_eq",100.00,0.038906,0.038906,4,4,2026-10-06T10:33:02+00:00
graviton3,simde,256,main_filter,4,"filter_float_lt",100.00,0.031342,0.031342,4,4,2026-10-06T10:33:02+00:00
graviton3,simde,256,main_filter,4,"filter_float_gt",100.00,0.031073,0.031073,4,4,2026-10-06T10:33:02+00:00
graviton3,simde,256,main_filter,4,"filter_float_ne",100.00,0.028915,0.028915,4,4,2026-10-06T10:33:02+00:00
graviton3,simde,256,main_filter,4,"filter_float_le",100.00,0.030628,0.030628,4,4,2026-10-06T10:33:02+00:00
graviton3,simde,256,main_filter,4,"filter_float_ge",100.00,0.030675,0.030675,4,4,2026-10-06T10:33:02+00:00
graviton3,simde,256,main_filter,4,"filter_double_eq",100.00,0.033714,0.033714,4,4,2026-10-06T10:33:02+00:00
graviton3,simde,256,main_filter,4,"filter_double_lt",100.00,0.029462,0.029462,4,4,2026-10-06T10:33:02+00:00
graviton3,simde,256,main_filter,4,"filter_double_gt",100.00,0.029575,0.029575,4,4,2026-10-06T10:33:02+00:00
graviton3,simde,256,main_filter,4,"filter_double_ne",100.00,0.026245,0.026245,4,4,2026-10-06T10:33:02+00:00
graviton3,simde,256,main_filter,4,"filter_double_le",100.00,0.029812,0.029812,4,4,2026-10-06T10:33:02+00:00
graviton3,simde,256,main_filter,4,"filter_double_ge",100.00,0.028904,0.028904,4,4,2026-10-06T10:33:02+00:00
graviton3,simde,256,main_filter,4,"filter_char_eq",100.00,0.030565,0.030565,4,4,2026-10-06T10:33:02+00:00
graviton3,simde,256,main_filter,4,"filter_char_lt",100.00,0.020793,0.020793,4,4,2026-10-06T10:33:02+00:00
graviton3,simde,256,main_filter,4,"filter_char_gt",100.00,0.020880,0.020880,4,4,2026-10-06T10:33:02+00:00
graviton3,simde,256,main_filter,4,"filter_char_ne",100.00,0.028670,0.028670,4,4,2026-10-06T10:33:02+00:00
graviton3,simde,256,main_filter,4,"filter_char_le",100.00,0.021215,0.021215,4,4,2026-10-06T10:33:02+00:00
graviton3,simde,256,main_filter,4,"filter_char_ge",100.00,0.021236,0.021236,4,4,2026-10-06T10:33:02+00:00
graviton3,simde,128,main_shuffle,4,"shuffle_offset",100.00,0.071158,0.071158,4,4,2026-10-06T10:34:07+00:00
graviton3,simde,128,main_shuffle,4,"shuffle_byte",100.00,0.909820,0.909820,4,4,2026-10-06T10:34:07+00:00
graviton3,simde,128,main_shuffle,4,"flush_byte",100.00,1588.029683,1588.029683,4,4,2026-10-06T10:34:07+00:00
graviton3,simde,128,main_shuffle,4,"shuffle_short",100.00,0.705148,0.705148,4,4,2026-10-06T10:34:07+00:00
graviton3,simde,128,main_shuffle,4,"flush_short",100.00,1745.444861,1745.444861,4,4,2026-10-06T10:34:07+00:00
graviton3,simde,128,main_shuffle,4,"shuffle_int",100.00,0.562510,0.562510,4,4,2026-10-06T10:34:07+00:00
graviton3,simde,128,main_shuffle,4,"flush_int",100.00,1512.987519,1512.987519,4,4,2026-10-06T10:34:07+00:00
graviton3,simde,128,main_shuffle,4,"shuffle_long",100.00,0.432608,0.432608,4,4,2026-10-06T10:34:07+00:00
graviton3,simde,128,main_shuffle,4,"flush_long",100.00,2821.407238,2821.407238,4,4,2026-10-06T10:34:07+00:00
graviton3,simde,128,main_shuffle,4,"shuffle_char",100.00,0.032683,0.032683,4,4,2026-10-06T10:34:07+00:00
graviton3,simde,128,main_shuffle,4,"flush_char",100.00,1753.544881,1753.544881,4,4,2026-10-06T10:34:07+00:00
graviton3,simde,256,main_shuffle,4,"shuffle_offset",100.00,0.072362,0.072362,4,4,2026-10-06T10:36:31+00:00
graviton3,simde,256,main_shuffle,4,"shuffle_byte",100.00,0.800561,0.800561,4,4,2026-10-06T10:36:31+00:00
graviton3,simde,256,main_shuffle,4,"flush_byte",100.00,1567.436750,1567.436750,4,4,2026-10-06T10:36:31+00:00
graviton3,simde,256,main_shuffle,4,"shuffle_short",100.00,0.677476,0.677476,4,4,2026-10-06T10:36:31+00:00
graviton3,simde,256,main_shuffle,4,"flush_short",100.00,1773.265125,1773.265125,4,4,2026-10-06T10:36:31+00:00
graviton3,simde,256,main_shuffle,4,"shuffle_int",100.00,0.590879,0.590879,4,4,2026-10-06T10:36:31+00:00
graviton3,simde,256,main_shuffle,4,"flush_int",100.00,2261.202221,2261.202221,4,4,2026-10-06T10:36:31+00:00
graviton3,simde,256,main_shuffle,4,"shuffle_long",100.00,0.433880,0.433880,4,4,2026-10-06T10:36:31+00:00
graviton3,simde,256,main_shuffle,4,"flush_long",100.00,2685.213828,2685.213828,4,4,2026-10-06T10:36:31+00:00
graviton3,simde,256,main_shuffle,4,"shuffle_char",100.00,0.034410,0.034410,4,4,2026-10-06T10:36:31+00:00
graviton3,simde,256,main_shuffle,4,"flush_char",100.00,1682.644537,1682.644537,4,4,2026-10-06T10:36:31+00:00
graviton3,simde,128,main_expr,4,"expr_float/+",100.00,4.946063,4.946063,4,4,2026-10-06T10:43:17+00:00
graviton3,simde,128,main_expr,4,"expr_float/-",100.00,6.689358,6.689358,4,4,2026-10-06T10:43:17+00:00
graviton3,simde,128,main_expr,4,"expr_float/*",100.00,6.939492,6.939492,4,4,2026-10-06T10:43:17+00:00
graviton3,simde,128,main_expr,4,"expr_float//",100.00,3.423753,3.423753,4,4,2026-10-06T10:43:17+00:00
graviton3,simde,128,main_expr,4,"expr_double/+",100.00,2.292025,2.292025,4,4,2026-10-06T10:43:17+00:00
graviton3,simde,128,main_expr,4,"expr_double/-",100.00,2.799438,2.799438,4,4,2026-10-06T10:43:17+00:00
graviton3,simde,128,main_expr,4,"expr_double/*",100.00,2.969781,2.969781,4,4,2026-10-06T10:43:17+00:00
graviton3,simde,128,main_expr,4,"expr_double//",100.00,1.029682,1.029682,4,4,2026-10-06T10:43:17+00:00
graviton3,simde,128,main_expr,4,"expr_decimal/+",100.00,1.900711,1.900711,4,4,2026-10-06T10:43:17+00:00
graviton3,simde,128,main_expr,4,"expr_decimal/-",100.00,2.250586,2.250586,4,4,2026-10-06T10:43:17+00:00
graviton3,simde,128,main_expr,4,"expr_decimal/*",100.00,0.311438,0.311438,4,4,2026-10-06T10:43:17+00:00
graviton3,simde,128,main_expr,4,"expr_decimal//",100.00,0.220993,0.220993,4,4,2026-10-06T10:43:17+00:00
graviton3,simde,256,main_expr,4,"expr_float/+",100.00,4.872244,4.872244,4,4,2026-10-06T10:43:19+00:00
graviton3,simde,256,main_expr,4,"expr_float/-",100.00,6.206729,6.206729,4,4,2026-10-06T10:43:19+00:00
graviton3,simde,256,main_expr,4,"expr_float/*",100.00,6.663118,6.663118,4,4,2026-10-06T10:43:19+00:00
graviton3,simde,256,main_expr,4,"expr_float//",100.00,3.430280,3.430280,4,4,2026-10-06T10:43:19+00:00
graviton3,simde,256,main_expr,4,"expr_double/+",100.00,2.288131,2.288131,4,4,2026-10-06T10:43:19+00:00
graviton3,simde,256,main_expr,4,"expr_double/-",100.00,2.839284,2.839284,4,4,2026-10-06T10:43:19+00:00
graviton3,simde,256,main_expr,4,"expr_double/*",100.00,2.993897,2.993897,4,4,2026-10-06T10:43:19+00:00
graviton3,simde,256,main_expr,4,"expr_double//",100.00,1.029939,1.029939,4,4,2026-10-06T10:43:19+00:00
graviton3,simde,256,main_expr,4,"expr_decimal/+",100.00,1.644082,1.644082,4,4,2026-10-06T10:43:19+00:00
graviton3,simde,256,main_expr,4,"expr_decimal/-",100.00,1.901421,1.901421,4,4,2026-10-06T10:43:19+00:00
graviton3,simde,256,main_expr,4,"expr_decimal/*",100.00,0.245143,0.245143,4,4,2026-10-06T10:43:19+00:00
graviton3,simde,256,main_expr,4,"expr_decimal//",100.00,0.194604,0.194604,4,4,2026-10-06T10:43:19+00:00
graviton3,simde,128,main_part,4,"int * 1 | 2^4",,0.2337,0.2337,4,4,2026-10-06T10:43:30+00:00
graviton3,simde,128,main_part,4,"int * 1 | 2^4",,0.2337,0.2337,4,4,2026-10-06T10:43:30+00:00
graviton3,simde,128,main_part,4,"int * 1 | 2^4",,0.2337,0.2337,4,4,2026-10-06T10:43:30+00:00
graviton3,simde,128,main_part,4,"int * 1 | 2^4",,0.2338,0.2338,4,4,2026-10-06T10:43:30+00:00
graviton3,simde,128,main_part,4,"int * 1 | 2^4",,0.2337,0.2337,4,4,2026-10-06T10:43:30+00:00
graviton3,simde,128,main_part,4,"int * 1 | 2^5",,0.2335,0.2335,4,4,2026-10-06T10:43:30+00:00
graviton3,simde,128,main_part,4,"int * 1 | 2^5",,0.2337,0.2337,4,4,2026-10-06T10:43:30+00:00
graviton3,simde,128,main_part,4,"int * 1 | 2^5",,0.2337,0.2337,4,4,2026-10-06T10:43:30+00:00
graviton3,simde,128,main_part,4,"int * 1 | 2^5",,0.2337,0.2337,4,4,2026-10-06T10:43:30+00:00
graviton3,simde,128,main_part,4,"int * 1 | 2^5",,0.2335,0.2335,4,4,2026-10-06T10:43:30+00:00
graviton3,simde,128,main_part,4,"int * 1 | 2^6",,0.2335,0.2335,4,4,2026-10-06T10:43:30+00:00
graviton3,simde,128,main_part,4,"int * 1 | 2^6",,0.2335,0.2335,4,4,2026-10-06T10:43:30+00:00
graviton3,simde,128,main_part,4,"int * 1 | 2^6",,0.2335,0.2335,4,4,2026-10-06T10:43:30+00:00
graviton3,simde,128,main_part,4,"int * 1 | 2^6",,0.2335,0.2335,4,4,2026-10-06T10:43:30+00:00
graviton3,simde,128,main_part,4,"int * 1 | 2^6",,0.2337,0.2337,4,4,2026-10-06T10:43:30+00:00
graviton3,simde,128,main_part,4,"int * 1 | 2^7",,0.2333,0.2333,4,4,2026-10-06T10:43:30+00:00
graviton3,simde,128,main_part,4,"int * 1 | 2^7",,0.2336,0.2336,4,4,2026-10-06T10:43:30+00:00
graviton3,simde,128,main_part,4,"int * 1 | 2^7",,0.2336,0.2336,4,4,2026-10-06T10:43:30+00:00
graviton3,simde,128,main_part,4,"int * 1 | 2^7",,0.2336,0.2336,4,4,2026-10-06T10:43:30+00:00
graviton3,simde,128,main_part,4,"int * 1 | 2^7",,0.2337,0.2337,4,4,2026-10-06T10:43:30+00:00
graviton3,simde,128,main_part,4,"int * 1 | 2^8",,0.2321,0.2321,4,4,2026-10-06T10:43:30+00:00
graviton3,simde,128,main_part,4,"int * 1 | 2^8",,0.2320,0.2320,4,4,2026-10-06T10:43:30+00:00
graviton3,simde,128,main_part,4,"int * 1 | 2^8",,0.2320,0.2320,4,4,2026-10-06T10:43:30+00:00
graviton3,simde,128,main_part,4,"int * 1 | 2^8",,0.2320,0.2320,4,4,2026-10-06T10:43:30+00:00
graviton3,simde,128,main_part,4,"int * 1 | 2^8",,0.2320,0.2320,4,4,2026-10-06T10:43:30+00:00
graviton3,simde,128,main_part,4,"int * 2 | 2^4",,0.2184,0.2184,4,4,2026-10-06T10:43:30+00:00
graviton3,simde,128,main_part,4,"int * 2 | 2^4",,0.2184,0.2184,4,4,2026-10-06T10:43:30+00:00
graviton3,simde,128,main_part,4,"int * 2 | 2^4",,0.2184,0.2184,4,4,2026-10-06T10:43:30+00:00
graviton3,simde,128,main_part,4,"int * 2 | 2^4",,0.2183,0.2183,4,4,2026-10-06T10:43:30+00:00
graviton3,simde,128,main_part,4,"int * 2 | 2^4",,0.2184,0.2184,4,4,2026-10-06T10:43:30+00:00
graviton3,simde,128,main_part,4,"int * 2 | 2^5",,0.2182,0.2182,4,4,2026-10-06T10:43:30+00:00
graviton3,simde,128,main_part,4,"int * 2 | 2^5",,0.2181,0.2181,4,4,2026-10-06T10:43:30+00:00
graviton3,simde,128,main_part,4,"int * 2 | 2^5",,0.2178,0.2178,4,4,2026-10-06T10:43:30+00:00
graviton3,simde,128,main_part,4,"int * 2 | 2^5",,0.2182,0.2182,4,4,2026-10-06T10:43:30+00:00
graviton3,simde,128,main_part,4,"int * 2 | 2^5",,0.2181,0.2181,4,4,2026-10-06T10:43:30+00:00
graviton3,simde,128,main_part,4,"int * 2 | 2^6",,0.2176,0.2176,4,4,2026-10-06T10:43:30+00:00
graviton3,simde,128,main_part,4,"int * 2 | 2^6",,0.2175,0.2175,4,4,2026-10-06T10:43:30+00:00
graviton3,simde,128,main_part,4,"int * 2 | 2^6",,0.2176,0.2176,4,4,2026-10-06T10:43:30+00:00
graviton3,simde,128,main_part,4,"int * 2 | 2^6",,0.2177,0.2177,4,4,2026-10-06T10:43:30+00:00
graviton3,simde,128,main_part,4,"int * 2 | 2^6",,0.2176,0.2176,4,4,2026-10-06T10:43:30+00:00
graviton3,simde,128,main_part,4,"int * 2 | 2^7",,0.2173,0.2173,4,4,2026-10-06T10:43:30+00:00
graviton3,simde,128,main_part,4,"int * 2 | 2^7",,0.2172,0.2172,4,4,2026-10-06T10:43:30+00:00
graviton3,simde,128,main_part,4,"int * 2 | 2^7",,0.2172,0.2172,4,4,2026-10-06T10:43:30+00:00
graviton3,simde,128,main_part,4,"int * 2 | 2^7",,0.2173,0.2173,4,4,2026-10-06T10:43:30+00:00
graviton3,simde,128,main_part,4,"int * 2 | 2^7",,0.2172,0.2172,4,4,2026-10-06T10:43:30+00:00
graviton3,simde,128,main_part,4,"int * 2 | 2^8",,0.2090,0.2090,4,4,2026-10-06T10:43:30+00:00
graviton3,simde,128,main_part,4,"int * 2 | 2^8",,0.2090,0.2090,4,4,2026-10-06T10:43:30+00:00
graviton3,simde,128,main_part,4,"int * 2 | 2^8",,0.2089,0.2089,4,4,2026-10-06T10:43:30+00:00
graviton3,simde,128,main_part,4,"int * 2 | 2^8",,0.2088,0.2088,4,4,2026-10-06T10:43:30+00:00
graviton3,simde,128,main_part,4,"int * 2 | 2^8",,0.2087,0.2087,4,4,2026-10-06T10:43:30+00:00
graviton3,simde,128,main_part,4,"int * 3 | 2^4",,0.2049,0.2049,4,4,2026-10-06T10:43:30+00:00
graviton3,simde,128,main_part,4,"int * 3 | 2^4",,0.2049,0.2049,4,4,2026-10-06T10:43:30+00:00
graviton3,simde,128,main_part,4,"int * 3 | 2^4",,0.2048,0.2048,4,4,2026-10-06T10:43:30+00:00
graviton3,simde,128,main_part,4,"int * 3 | 2^4",,0.2049,0.2049,4,4,2026-10-06T10:43:30+00:00
graviton3,simde,128,main_part,4,"int * 3 | 2^4",,0.2049,0.2049,4,4,2026-10-06T10:43:30+00:00
graviton3,simde,128,main_part,4,"int * 3 | 2^5",,0.2046,0.2046,4,4,2026-10-06T10:43:30+00:00
graviton3,simde,128,main_part,4,"int * 3 | 2^5",,0.2046,0.2046,4,4,2026-10-06T10:43:30+00:00
graviton3,simde,128,main_part,4,"int * 3 | 2^5",,0.2047,0.2047,4,4,2026-10-06T10:43:30+00:00
graviton3,simde,128,main_part,4,"int * 3 | 2^5",,0.2047,0.2047,4,4,2026-10-06T10:43:30+00:00
graviton3,simde,128,main_part,4,"int * 3 | 2^5",,0.2047,0.2047,4,4,2026-10-06T10:43:30+00:00
graviton3,simde,128,main_part,4,"int * 3 | 2^6",,0.2038,0.2038,4,4,2026-10-06T10:43:30+00:00
graviton3,simde,128,main_part,4,"int * 3 | 2^6",,0.2039,0.2039,4,4,2026-10-06T10:43:30+00:00
graviton3,simde,128,main_part,4,"int * 3 | 2^6",,0.2035,0.2035,4,4,2026-10-06T10:43:30+00:00
graviton3,simde,128,main_part,4,"int * 3 | 2^6",,0.2038,0.2038,4,4,2026-10-06T10:43:30+00:00
graviton3,simde,128,main_part,4,"int * 3 | 2^6",,0.2037,0.2037,4,4,2026-10-06T10:43:30+00:00
graviton3,simde,128,main_part,4,"int * 3 | 2^7",,0.2033,0.2033,4,4,2026-10-06T10:43:30+00:00
graviton3,simde,128,main_part,4,"int * 3 | 2^7",,0.2034,0.2034,4,4,2026-10-06T10:43:30+00:00
graviton3,simde,128,main_part,4,"int * 3 | 2^7",,0.2034,0.2034,4,4,2026-10-06T10:43:30+00:00
graviton3,simde,128,main_part,4,"int * 3 | 2^7",,0.2033,0.2033,4,4,2026-10-06T10:43:30+00:00
graviton3,simde,128,main_part,4,"int * 3 | 2^7",,0.2034,0.2034,4,4,2026-10-06T10:43:30+00:00
graviton3,simde,128,main_part,4,"int * 3 | 2^8",,0.1924,0.1924,4,4,2026-10-06T10:43:30+00:00
graviton3,simde,128,main_part,4,"int * 3 | 2^8",,0.1925,0.1925,4,4,2026-10-06T10:43:30+00:00
graviton3,simde,128,main_part,4,"int * 3 | 2^8",,0.1923,0.1923,4,4,2026-10-06T10:43:30+00:00
graviton3,simde,128,main_part,4,"int * 3 | 2^8",,0.1923,0.1923,4,4,2026-10-06T10:43:30+00:00
graviton3,simde,128,main_part,4,"int * 3 | 2^8",,0.1922,0.1922,4,4,2026-10-06T10:43:30+00:00
graviton3,simde,256,main_part,4,"int * 1 | 2^4",,0.2273,0.2273,4,4,2026-10-06T10:43:48+00:00
graviton3,simde,256,main_part,4,"int * 1 | 2^4",,0.2274,0.2274,4,4,2026-10-06T10:43:48+00:00
graviton3,simde,256,main_part,4,"int * 1 | 2^4",,0.2275,0.2275,4,4,2026-10-06T10:43:48+00:00
graviton3,simde,256,main_part,4,"int * 1 | 2^4",,0.2275,0.2275,4,4,2026-10-06T10:43:48+00:00
graviton3,simde,256,main_part,4,"int * 1 | 2^4",,0.2275,0.2275,4,4,2026-10-06T10:43:48+00:00
graviton3,simde,256,main_part,4,"int * 1 | 2^5",,0.2276,0.2276,4,4,2026-10-06T10:43:48+00:00
graviton3,simde,256,main_part,4,"int * 1 | 2^5",,0.2276,0.2276,4,4,2026-10-06T10:43:48+00:00
graviton3,simde,256,main_part,4,"int * 1 | 2^5",,0.2275,0.2275,4,4,2026-10-06T10:43:48+00:00
graviton3,simde,256,main_part,4,"int * 1 | 2^5",,0.2275,0.2275,4,4,2026-10-06T10:43:48+00:00
graviton3,simde,256,main_part,4,"int * 1 | 2^5",,0.2272,0.2272,4,4,2026-10-06T10:43:48+00:00
graviton3,simde,256,main_part,4,"int * 1 | 2^6",,0.2274,0.2274,4,4,2026-10-06T10:43:48+00:00
graviton3,simde,256,main_part,4,"int * 1 | 2^6",,0.2274,0.2274,4,4,2026-10-06T10:43:48+00:00
graviton3,simde,256,main_part,4,"int * 1 | 2^6",,0.2274,0.2274,4,4,2026-10-06T10:43:48+00:00
graviton3,simde,256,main_part,4,"int * 1 | 2^6",,0.2274,0.2274,4,4,2026-10-06T10:43:48+00:00
graviton3,simde,256,main_part,4,"int * 1 | 2^6",,0.2273,0.2273,4,4,2026-10-06T10:43:48+00:00
graviton3,simde,256,main_part,4,"int * 1 | 2^7",,0.2271,0.2271,4,4,2026-10-06T10:43:48+00:00
graviton3,simde,256,main_part,4,"int * 1 | 2^7",,0.2272,0.2272,4,4,2026-10-06T10:43:48+00:00
graviton3,simde,256,main_part,4,"int * 1 | 2^7",,0.2272,0.2272,4,4,2026-10-06T10:43:48+00:00
graviton3,simde,256,main_part,4,"int * 1 | 2^7",,0.2271,0.2271,4,4,2026-10-06T10:43:48+00:00
graviton3,simde,256,main_part,4,"int * 1 | 2^7",,0.2271,0.2271,4,4,2026-10-06T10:43:48+00:00
graviton3,simde,256,main_part,4,"int * 1 | 2^8",,0.2257,0.2257,4,4,2026-10-06T10:43:48+00:00
graviton3,simde,256,main_part,4,"int * 1 | 2^8",,0.2257,0.2257,4,4,2026-10-06T10:43:48+00:00
graviton3,simde,256,main_part,4,"int * 1 | 2^8",,0.2255,0.2255,4,4,2026-10-06T10:43:48+00:00
graviton3,simde,256,main_part,4,"int * 1 | 2^8",,0.2257,0.2257,4,4,2026-10-06T10:43:48+00:00
graviton3,simde,256,main_part,4,"int * 1 | 2^8",,0.2256,0.2256,4,4,2026-10-06T10:43:48+00:00
graviton3,simde,256,main_part,4,"int * 2 | 2^4",,0.2150,0.2150,4,4,2026-10-06T10:43:48+00:00
graviton3,simde,256,main_part,4,"int * 2 | 2^4",,0.2148,0.2148,4,4,2026-10-06T10:43:48+00:00
graviton3,simde,256,main_part,4,"int * 2 | 2^4",,0.2149,0.2149,4,4,2026-10-06T10:43:48+00:00
graviton3,simde,256,main_part,4,"int * 2 | 2^4",,0.2150,0.2150,4,4,2026-10-06T10:43:48+00:00
graviton3,simde,256,main_part,4,"int * 2 | 2^4",,0.2150,0.2150,4,4,2026-10-06T10:43:48+00:00
graviton3,simde,256,main_part,4,"int * 2 | 2^5",,0.2148,0.2148,4,4,2026-10-06T10:43:48+00:00
graviton3,simde,256,main_part,4,"int * 2 | 2^5",,0.2149,0.2149,4,4,2026-10-06T10:43:48+00:00
graviton3,simde,256,main_part,4,"int * 2 | 2^5",,0.2149,0.2149,4,4,2026-10-06T10:43:48+00:00
graviton3,simde,256,main_part,4,"int * 2 | 2^5",,0.2150,0.2150,4,4,2026-10-06T10:43:48+00:00
graviton3,simde,256,main_part,4,"int * 2 | 2^5",,0.2149,0.2149,4,4,2026-10-06T10:43:48+00:00
graviton3,simde,256,main_part,4,"int * 2 | 2^6",,0.2144,0.2144,4,4,2026-10-06T10:43:48+00:00
graviton3,simde,256,main_part,4,"int * 2 | 2^6",,0.2144,0.2144,4,4,2026-10-06T10:43:48+00:00
graviton3,simde,256,main_part,4,"int * 2 | 2^6",,0.2144,0.2144,4,4,2026-10-06T10:43:48+00:00
graviton3,simde,256,main_part,4,"int * 2 | 2^6",,0.2143,0.2143,4,4,2026-10-06T10:43:48+00:00
graviton3,simde,256,main_part,4,"int * 2 | 2^6",,0.2143,0.2143,4,4,2026-10-06T10:43:48+00:00
graviton3,simde,256,main_part,4,"int * 2 | 2^7",,0.2136,0.2136,4,4,2026-10-06T10:43:48+00:00
graviton3,simde,256,main_part,4,"int * 2 | 2^7",,0.2140,0.2140,4,4,2026-10-06T10:43:48+00:00
graviton3,simde,256,main_part,4,"int * 2 | 2^7",,0.2139,0.2139,4,4,2026-10-06T10:43:48+00:00
graviton3,simde,256,main_part,4,"int * 2 | 2^7",,0.2139,0.2139,4,4,2026-10-06T10:43:48+00:00
graviton3,simde,256,main_part,4,"int * 2 | 2^7",,0.2140,0.2140,4,4,2026-10-06T10:43:48+00:00
graviton3,simde,256,main_part,4,"int * 2 | 2^8",,0.2071,0.2071,4,4,2026-10-06T10:43:48+00:00
graviton3,simde,256,main_part,4,"int * 2 | 2^8",,0.2075,0.2075,4,4,2026-10-06T10:43:48+00:00
graviton3,simde,256,main_part,4,"int * 2 | 2^8",,0.2076,0.2076,4,4,2026-10-06T10:43:48+00:00
graviton3,simde,256,main_part,4,"int * 2 | 2^8",,0.2077,0.2077,4,4,2026-10-06T10:43:48+00:00
graviton3,simde,256,main_part,4,"int * 2 | 2^8",,0.2077,0.2077,4,4,2026-10-06T10:43:48+00:00
graviton3,simde,256,main_part,4,"int * 3 | 2^4",,0.2036,0.2036,4,4,2026-10-06T10:43:48+00:00
graviton3,simde,256,main_part,4,"int * 3 | 2^4",,0.2035,0.2035,4,4,2026-10-06T10:43:48+00:00
graviton3,simde,256,main_part,4,"int * 3 | 2^4",,0.2031,0.2031,4,4,2026-10-06T10:43:48+00:00
graviton3,simde,256,main_part,4,"int * 3 | 2^4",,0.2034,0.2034,4,4,2026-10-06T10:43:48+00:00
graviton3,simde,256,main_part,4,"int * 3 | 2^4",,0.2034,0.2034,4,4,2026-10-06T10:43:48+00:00
graviton3,simde,256,main_part,4,"int * 3 | 2^5",,0.2033,0.2033,4,4,2026-10-06T10:43:48+00:00
graviton3,simde,256,main_part,4,"int * 3 | 2^5",,0.2033,0.2033,4,4,2026-10-06T10:43:48+00:00
graviton3,simde,256,main_part,4,"int * 3 | 2^5",,0.2034,0.2034,4,4,2026-10-06T10:43:48+00:00
graviton3,simde,256,main_part,4,"int * 3 | 2^5",,0.2034,0.2034,4,4,2026-10-06T10:43:48+00:00
graviton3,simde,256,main_part,4,"int * 3 | 2^5",,0.2034,0.2034,4,4,2026-10-06T10:43:48+00:00
graviton3,simde,256,main_part,4,"int * 3 | 2^6",,0.2026,0.2026,4,4,2026-10-06T10:43:48+00:00
graviton3,simde,256,main_part,4,"int * 3 | 2^6",,0.2023,0.2023,4,4,2026-10-06T10:43:48+00:00
graviton3,simde,256,main_part,4,"int * 3 | 2^6",,0.2026,0.2026,4,4,2026-10-06T10:43:48+00:00
graviton3,simde,256,main_part,4,"int * 3 | 2^6",,0.2026,0.2026,4,4,2026-10-06T10:43:48+00:00
graviton3,simde,256,main_part,4,"int * 3 | 2^6",,0.2025,0.2025,4,4,2026-10-06T10:43:48+00:00
graviton3,simde,256,main_part,4,"int * 3 | 2^7",,0.2021,0.2021,4,4,2026-10-06T10:43:48+00:00
graviton3,simde,256,main_part,4,"int * 3 | 2^7",,0.2020,0.2020,4,4,2026-10-06T10:43:48+00:00
graviton3,simde,256,main_part,4,"int * 3 | 2^7",,0.2020,0.2020,4,4,2026-10-06T10:43:48+00:00
graviton3,simde,256,main_part,4,"int * 3 | 2^7",,0.2018,0.2018,4,4,2026-10-06T10:43:48+00:00
graviton3,simde,256,main_part,4,"int * 3 | 2^7",,0.2016,0.2016,4,4,2026-10-06T10:43:48+00:00
graviton3,simde,256,main_part,4,"int * 3 | 2^8",,0.1941,0.1941,4,4,2026-10-06T10:43:48+00:00
graviton3,simde,256,main_part,4,"int * 3 | 2^8",,0.1931,0.1931,4,4,2026-10-06T10:43:48+00:00
graviton3,simde,256,main_part,4,"int * 3 | 2^8",,0.1944,0.1944,4,4,2026-10-06T10:43:48+00:00
graviton3,simde,256,main_part,4,"int * 3 | 2^8",,0.1947,0.1947,4,4,2026-10-06T10:43:48+00:00
graviton3,simde,256,main_part,4,"int * 3 | 2^8",,0.1947,0.1947,4,4,2026-10-06T10:43:48+00:00
graviton3,simde,128,main_aggr,4,"Codegen 1 sum",,0.1236,0.1236,4,4,2026-10-06T10:44:29+00:00
graviton3,simde,128,main_aggr,4,"Codegen 1 sum",,0.1235,0.1235,4,4,2026-10-06T10:44:29+00:00
graviton3,simde,128,main_aggr,4,"Codegen 1 sum",,0.1250,0.1250,4,4,2026-10-06T10:44:29+00:00
graviton3,simde,128,main_aggr,4,"Codegen 1 sum",,0.1262,0.1262,4,4,2026-10-06T10:44:29+00:00
graviton3,simde,128,main_aggr,4,"Codegen 1 sum",,0.1251,0.1251,4,4,2026-10-06T10:44:29+00:00
graviton3,simde,128,main_aggr,4,"Codegen 2 sum",,0.1205,0.1205,4,4,2026-10-06T10:44:29+00:00
graviton3,simde,128,main_aggr,4,"Codegen 2 sum",,0.1203,0.1203,4,4,2026-10-06T10:44:29+00:00
graviton3,simde,128,main_aggr,4,"Codegen 2 sum",,0.1202,0.1202,4,4,2026-10-06T10:44:29+00:00
graviton3,simde,128,main_aggr,4,"Codegen 2 sum",,0.1209,0.1209,4,4,2026-10-06T10:44:29+00:00
graviton3,simde,128,main_aggr,4,"Codegen 2 sum",,0.1195,0.1195,4,4,2026-10-06T10:44:29+00:00
graviton3,simde,128,main_aggr,4,"Codegen 3 sum",,0.1146,0.1146,4,4,2026-10-06T10:44:29+00:00
graviton3,simde,128,main_aggr,4,"Codegen 3 sum",,0.1146,0.1146,4,4,2026-10-06T10:44:29+00:00
graviton3,simde,128,main_aggr,4,"Codegen 3 sum",,0.1140,0.1140,4,4,2026-10-06T10:44:29+00:00
graviton3,simde,128,main_aggr,4,"Codegen 3 sum",,0.1138,0.1138,4,4,2026-10-06T10:44:29+00:00
graviton3,simde,128,main_aggr,4,"Codegen 3 sum",,0.1138,0.1138,4,4,2026-10-06T10:44:29+00:00
graviton3,simde,128,main_aggr,4,"Engine 1 sum",,0.0618,0.0618,4,4,2026-10-06T10:44:29+00:00
graviton3,simde,128,main_aggr,4,"Engine 1 sum",,0.0619,0.0619,4,4,2026-10-06T10:44:29+00:00
graviton3,simde,128,main_aggr,4,"Engine 1 sum",,0.0619,0.0619,4,4,2026-10-06T10:44:29+00:00
graviton3,simde,128,main_aggr,4,"Engine 1 sum",,0.0619,0.0619,4,4,2026-10-06T10:44:29+00:00
graviton3,simde,128,main_aggr,4,"Engine 1 sum",,0.0619,0.0619,4,4,2026-10-06T10:44:29+00:00
graviton3,simde,128,main_aggr,4,"Engine 2 sum",,0.0573,0.0573,4,4,2026-10-06T10:44:29+00:00
graviton3,simde,128,main_aggr,4,"Engine 2 sum",,0.0572,0.0572,4,4,2026-10-06T10:44:29+00:00
graviton3,simde,128,main_aggr,4,"Engine 2 sum",,0.0572,0.0572,4,4,2026-10-06T10:44:29+00:00
graviton3,simde,128,main_aggr,4,"Engine 2 sum",,0.0571,0.0571,4,4,2026-10-06T10:44:29+00:00
graviton3,simde,128,main_aggr,4,"Engine 2 sum",,0.0573,0.0573,4,4,2026-10-06T10:44:29+00:00
graviton3,simde,128,main_aggr,4,"Engine 3 sum",,0.0534,0.0534,4,4,2026-10-06T10:44:29+00:00
graviton3,simde,128,main_aggr,4,"Engine 3 sum",,0.0531,0.0531,4,4,2026-10-06T10:44:29+00:00
graviton3,simde,128,main_aggr,4,"Engine 3 sum",,0.0532,0.0532,4,4,2026-10-06T10:44:29+00:00
graviton3,simde,128,main_aggr,4,"Engine 3 sum",,0.0531,0.0531,4,4,2026-10-06T10:44:29+00:00
graviton3,simde,128,main_aggr,4,"Engine 3 sum",,0.0533,0.0533,4,4,2026-10-06T10:44:29+00:00
graviton3,simde,256,main_aggr,4,"Codegen 1 sum",,0.1268,0.1268,4,4,2026-10-06T10:44:49+00:00
graviton3,simde,256,main_aggr,4,"Codegen 1 sum",,0.1251,0.1251,4,4,2026-10-06T10:44:49+00:00
graviton3,simde,256,main_aggr,4,"Codegen 1 sum",,0.1207,0.1207,4,4,2026-10-06T10:44:49+00:00
graviton3,simde,256,main_aggr,4,"Codegen 1 sum",,0.1202,0.1202,4,4,2026-10-06T10:44:49+00:00
graviton3,simde,256,main_aggr,4,"Codegen 1 sum",,0.1205,0.1205,4,4,2026-10-06T10:44:49+00:00
graviton3,simde,256,main_aggr,4,"Codegen 2 sum",,0.1209,0.1209,4,4,2026-10-06T10:44:49+00:00
graviton3,simde,256,main_aggr,4,"Codegen 2 sum",,0.1212,0.1212,4,4,2026-10-06T10:44:49+00:00
graviton3,simde,256,main_aggr,4,"Codegen 2 sum",,0.1205,0.1205,4,4,2026-10-06T10:44:49+00:00
graviton3,simde,256,main_aggr,4,"Codegen 2 sum",,0.1209,0.1209,4,4,2026-10-06T10:44:49+00:00
graviton3,simde,256,main_aggr,4,"Codegen 2 sum",,0.1199,0.1199,4,4,2026-10-06T10:44:49+00:00
graviton3,simde,256,main_aggr,4,"Codegen 3 sum",,0.1138,0.1138,4,4,2026-10-06T10:44:49+00:00
graviton3,simde,256,main_aggr,4,"Codegen 3 sum",,0.1145,0.1145,4,4,2026-10-06T10:44:49+00:00
graviton3,simde,256,main_aggr,4,"Codegen 3 sum",,0.1140,0.1140,4,4,2026-10-06T10:44:49+00:00
graviton3,simde,256,main_aggr,4,"Codegen 3 sum",,0.1117,0.1117,4,4,2026-10-06T10:44:49+00:00
graviton3,simde,256,main_aggr,4,"Codegen 3 sum",,0.1142,0.1142,4,4,2026-10-06T10:44:49+00:00
graviton3,simde,256,main_aggr,4,"Engine 1 sum",,0.0599,0.0599,4,4,2026-10-06T10:44:49+00:00
graviton3,simde,256,main_aggr,4,"Engine 1 sum",,0.0598,0.0598,4,4,2026-10-06T10:44:49+00:00
graviton3,simde,256,main_aggr,4,"Engine 1 sum",,0.0598,0.0598,4,4,2026-10-06T10:44:49+00:00
graviton3,simde,256,main_aggr,4,"Engine 1 sum",,0.0598,0.0598,4,4,2026-10-06T10:44:49+00:00
graviton3,simde,256,main_aggr,4,"Engine 1 sum",,0.0597,0.0597,4,4,2026-10-06T10:44:49+00:00
graviton3,simde,256,main_aggr,4,"Engine 2 sum",,0.0554,0.0554,4,4,2026-10-06T10:44:49+00:00
graviton3,simde,256,main_aggr,4,"Engine 2 sum",,0.0553,0.0553,4,4,2026-10-06T10:44:49+00:00
graviton3,simde,256,main_aggr,4,"Engine 2 sum",,0.0553,0.0553,4,4,2026-10-06T10:44:49+00:00
graviton3,simde,256,main_aggr,4,"Engine 2 sum",,0.0554,0.0554,4,4,2026-10-06T10:44:49+00:00
graviton3,simde,256,main_aggr,4,"Engine 2 sum",,0.0555,0.0555,4,4,2026-10-06T10:44:49+00:00
graviton3,simde,256,main_aggr,4,"Engine 3 sum",,0.0517,0.0517,4,4,2026-10-06T10:44:49+00:00
graviton3,simde,256,main_aggr,4,"Engine 3 sum",,0.0514,0.0514,4,4,2026-10-06T10:44:49+00:00
graviton3,simde,256,main_aggr,4,"Engine 3 sum",,0.0515,0.0515,4,4,2026-10-06T10:44:49+00:00
graviton3,simde,256,main_aggr,4,"Engine 3 sum",,0.0516,0.0516,4,4,2026-10-06T10:44:49+00:00
graviton3,simde,256,main_aggr,4,"Engine 3 sum",,0.0516,0.0516,4,4,2026-10-06T10:44:49+00:00
graviton3,simde,128,main_join,4,"Engine  1-1",,0.0495,0.0495,4,4,2026-10-06T10:45:43+00:00
graviton3,simde,128,main_join,4,"Engine  1-3",,0.0464,0.0464,4,4,2026-10-06T10:45:43+00:00
graviton3,simde,128,main_join,4,"Engine  3-1",,0.0484,0.0484,4,4,2026-10-06T10:45:43+00:00
graviton3,simde,128,main_join,4,"Engine  3-3",,0.0452,0.0452,4,4,2026-10-06T10:45:43+00:00
graviton3,simde,128,main_join,4,"Codegen 1-1",,0.0855,0.0855,4,4,2026-10-06T10:45:43+00:00
graviton3,simde,128,main_join,4,"Codegen 1-1",,0.0831,0.0831,4,4,2026-10-06T10:45:43+00:00
graviton3,simde,128,main_join,4,"Codegen 1-1",,0.0837,0.0837,4,4,2026-10-06T10:45:43+00:00
graviton3,simde,128,main_join,4,"Codegen 1-1",,0.0867,0.0867,4,4,2026-10-06T10:45:43+00:00
graviton3,simde,128,main_join,4,"Codegen 1-1",,0.0852,0.0852,4,4,2026-10-06T10:45:43+00:00
graviton3,simde,128,main_join,4,"Codegen 1-3",,0.0829,0.0829,4,4,2026-10-06T10:45:43+00:00
graviton3,simde,128,main_join,4,"Codegen 1-3",,0.0809,0.0809,4,4,2026-10-06T10:45:43+00:00
graviton3,simde,128,main_join,4,"Codegen 1-3",,0.0810,0.0810,4,4,2026-10-06T10:45:43+00:00
graviton3,simde,128,main_join,4,"Codegen 1-3",,0.0819,0.0819,4,4,2026-10-06T10:45:43+00:00
graviton3,simde,128,main_join,4,"Codegen 1-3",,0.0830,0.0830,4,4,2026-10-06T10:45:43+00:00
graviton3,simde,128,main_join,4,"Codegen 3-1",,0.0749,0.0749,4,4,2026-10-06T10:45:43+00:00
graviton3,simde,128,main_join,4,"Codegen 3-1",,0.0730,0.0730,4,4,2026-10-06T10:45:43+00:00
graviton3,simde,128,main_join,4,"Codegen 3-1",,0.0736,0.0736,4,4,2026-10-06T10:45:43+00:00
graviton3,simde,128,main_join,4,"Codegen 3-1",,0.0729,0.0729,4,4,2026-10-06T10:45:43+00:00
graviton3,simde,128,main_join,4,"Codegen 3-1",,0.0715,0.0715,4,4,2026-10-06T10:45:43+00:00
graviton3,simde,128,main_join,4,"Codegen 3-3",,0.0702,0.0702,4,4,2026-10-06T10:45:43+00:00
graviton3,simde,128,main_join,4,"Codegen 3-3",,0.0691,0.0691,4,4,2026-10-06T10:45:43+00:00
graviton3,simde,128,main_join,4,"Codegen 3-3",,0.0708,0.0708,4,4,2026-10-06T10:45:43+00:00
graviton3,simde,128,main_join,4,"Codegen 3-3",,0.0688,0.0688,4,4,2026-10-06T10:45:43+00:00
graviton3,simde,128,main_join,4,"Codegen 3-3",,0.0711,0.0711,4,4,2026-10-06T10:45:43+00:00
graviton3,simde,256,main_join,4,"Engine  1-1",,0.0374,0.0374,4,4,2026-10-06T10:45:44+00:00
graviton3,simde,256,main_join,4,"Engine  1-3",,0.0356,0.0356,4,4,2026-10-06T10:45:44+00:00
graviton3,simde,256,main_join,4,"Engine  3-1",,0.0367,0.0367,4,4,2026-10-06T10:45:44+00:00
graviton3,simde,256,main_join,4,"Engine  3-3",,0.0350,0.0350,4,4,2026-10-06T10:45:44+00:00
graviton3,simde,256,main_join,4,"Codegen 1-1",,0.0850,0.0850,4,4,2026-10-06T10:45:44+00:00
graviton3,simde,256,main_join,4,"Codegen 1-1",,0.0871,0.0871,4,4,2026-10-06T10:45:44+00:00
graviton3,simde,256,main_join,4,"Codegen 1-1",,0.0872,0.0872,4,4,2026-10-06T10:45:44+00:00
graviton3,simde,256,main_join,4,"Codegen 1-1",,0.0871,0.0871,4,4,2026-10-06T10:45:44+00:00
graviton3,simde,256,main_join,4,"Codegen 1-1",,0.0864,0.0864,4,4,2026-10-06T10:45:44+00:00
graviton3,simde,256,main_join,4,"Codegen 1-3",,0.0865,0.0865,4,4,2026-10-06T10:45:44+00:00
graviton3,simde,256,main_join,4,"Codegen 1-3",,0.0850,0.0850,4,4,2026-10-06T10:45:44+00:00
graviton3,simde,256,main_join,4,"Codegen 1-3",,0.0872,0.0872,4,4,2026-10-06T10:45:44+00:00
graviton3,simde,256,main_join,4,"Codegen 1-3",,0.0861,0.0861,4,4,2026-10-06T10:45:44+00:00
graviton3,simde,256,main_join,4,"Codegen 1-3",,0.0831,0.0831,4,4,2026-10-06T10:45:44+00:00
graviton3,simde,256,main_join,4,"Codegen 3-1",,0.0750,0.0750,4,4,2026-10-06T10:45:44+00:00
graviton3,simde,256,main_join,4,"Codegen 3-1",,0.0746,0.0746,4,4,2026-10-06T10:45:44+00:00
graviton3,simde,256,main_join,4,"Codegen 3-1",,0.0732,0.0732,4,4,2026-10-06T10:45:44+00:00
graviton3,simde,256,main_join,4,"Codegen 3-1",,0.0744,0.0744,4,4,2026-10-06T10:45:44+00:00
graviton3,simde,256,main_join,4,"Codegen 3-1",,0.0776,0.0776,4,4,2026-10-06T10:45:44+00:00
graviton3,simde,256,main_join,4,"Codegen 3-3",,0.0742,0.0742,4,4,2026-10-06T10:45:44+00:00
graviton3,simde,256,main_join,4,"Codegen 3-3",,0.0773,0.0773,4,4,2026-10-06T10:45:44+00:00
graviton3,simde,256,main_join,4,"Codegen 3-3",,0.0761,0.0761,4,4,2026-10-06T10:45:44+00:00
graviton3,simde,256,main_join,4,"Codegen 3-3",,0.0773,0.0773,4,4,2026-10-06T10:45:44+00:00
graviton3,simde,256,main_join,4,"Codegen 3-3",,0.0761,0.0761,4,4,2026-10-06T10:45:44+00:00
graviton3,simde,128,main_scan_int,5,"and 1",0.00,5.9987,12.6820,5,5,2026-10-06T10:45:47+00:00
graviton3,simde,128,main_scan_int,5,"and 1",0.00,6.2736,12.7953,5,5,2026-10-06T10:45:47+00:00
graviton3,simde,128,main_scan_int,5,"and 1",0.00,6.4216,12.8550,5,5,2026-10-06T10:45:47+00:00
graviton3,simde,128,main_scan_int,5,"and 1",0.00,6.3666,12.7811,5,5,2026-10-06T10:45:47+00:00
graviton3,simde,128,main_scan_int,5,"and 1",0.00,6.2674,12.6840,5,5,2026-10-06T10:45:47+00:00
graviton3,simde,128,main_scan_int,5,"and 2",0.03,4.0043,5.1859,5,5,2026-10-06T10:45:47+00:00
graviton3,simde,128,main_scan_int,5,"and 2",0.03,3.9764,5.1947,5,5,2026-10-06T10:45:47+00:00
graviton3,simde,128,main_scan_int,5,"and 2",0.03,4.0325,5.1510,5,5,2026-10-06T10:45:47+00:00
graviton3,simde,128,main_scan_int,5,"and 2",0.03,4.0297,5.2114,5,5,2026-10-06T10:45:47+00:00
graviton3,simde,128,main_scan_int,5,"and 2",0.03,3.9906,5.2105,5,5,2026-10-06T10:45:47+00:00
graviton3,simde,128,main_scan_int,5,"and 3",0.10,2.0785,4.0684,5,5,2026-10-06T10:45:47+00:00
graviton3,simde,128,main_scan_int,5,"and 3",0.10,2.0652,4.0706,5,5,2026-10-06T10:45:47+00:00
graviton3,simde,128,main_scan_int,5,"and 3",0.10,2.0607,4.0272,5,5,2026-10-06T10:45:47+00:00
graviton3,simde,128,main_scan_int,5,"and 3",0.10,2.0585,4.0476,5,5,2026-10-06T10:45:47+00:00
graviton3,simde,128,main_scan_int,5,"and 3",0.10,2.0806,4.0516,5,5,2026-10-06T10:45:47+00:00
graviton3,simde,128,main_scan_int,5,"and 1",0.00,5.2730,11.1287,5,5,2026-10-06T10:45:47+00:00
graviton3,simde,128,main_scan_int,5,"and 1",0.00,5.6931,11.3516,5,5,2026-10-06T10:45:47+00:00
graviton3,simde,128,main_scan_int,5,"and 1",0.00,5.9035,11.3910,5,5,2026-10-06T10:45:47+00:00
graviton3,simde,128,main_scan_int,5,"and 1",0.00,6.0331,11.3905,5,5,2026-10-06T10:45:47+00:00
graviton3,simde,128,main_scan_int,5,"and 1",0.00,5.9167,11.3619,5,5,2026-10-06T10:45:47+00:00
graviton3,simde,128,main_scan_int,5,"and 2",0.04,3.5510,5.3058,5,5,2026-10-06T10:45:47+00:00
graviton3,simde,128,main_scan_int,5,"and 2",0.04,3.5911,5.3109,5,5,2026-10-06T10:45:47+00:00
graviton3,simde,128,main_scan_int,5,"and 2",0.04,3.5813,5.3142,5,5,2026-10-06T10:45:47+00:00
graviton3,simde,128,main_scan_int,5,"and 2",0.04,3.6025,5.3550,5,5,2026-10-06T10:45:47+00:00
graviton3,simde,128,main_scan_int,5,"and 2",0.04,3.6492,5.3069,5,5,2026-10-06T10:45:47+00:00
graviton3,simde,128,main_scan_int,5,"and 3",0.13,1.7351,3.7664,5,5,2026-10-06T10:45:47+00:00
graviton3,simde,128,main_scan_int,5,"and 3",0.13,1.8934,3.7122,5,5,2026-10-06T10:45:47+00:00
graviton3,simde,128,main_scan_int,5,"and 3",0.13,1.9265,3.7386,5,5,2026-10-06T10:45:47+00:00
graviton3,simde,128,main_scan_int,5,"and 3",0.13,1.9275,3.7696,5,5,2026-10-06T10:45:47+00:00
graviton3,simde,128,main_scan_int,5,"and 3",0.13,1.9319,3.7700,5,5,2026-10-06T10:45:47+00:00
graviton3,simde,128,main_scan_int,5,"and 1",0.01,4.2621,9.2152,5,5,2026-10-06T10:45:47+00:00
graviton3,simde,128,main_scan_int,5,"and 1",0.01,4.6654,9.3402,5,5,2026-10-06T10:45:47+00:00
graviton3,simde,128,main_scan_int,5,"and 1",0.01,4.6899,9.2683,5,5,2026-10-06T10:45:47+00:00
graviton3,simde,128,main_scan_int,5,"and 1",0.01,4.5895,9.2297,5,5,2026-10-06T10:45:47+00:00
graviton3,simde,128,main_scan_int,5,"and 1",0.01,4.4995,9.1681,5,5,2026-10-06T10:45:47+00:00
graviton3,simde,128,main_scan_int,5,"and 2",0.07,2.6744,4.9662,5,5,2026-10-06T10:45:47+00:00
graviton3,simde,128,main_scan_int,5,"and 2",0.07,2.6430,4.9507,5,5,2026-10-06T10:45:47+00:00
graviton3,simde,128,main_scan_int,5,"and 2",0.07,2.7374,4.9860,5,5,2026-10-06T10:45:47+00:00
graviton3,simde,128,main_scan_int,5,"and 2",0.07,2.7506,4.9840,5,5,2026-10-06T10:45:47+00:00
graviton3,simde,128,main_scan_int,5,"and 2",0.07,2.7332,4.9836,5,5,2026-10-06T10:45:47+00:00
graviton3,simde,128,main_scan_int,5,"and 3",0.17,1.4981,3.2901,5,5,2026-10-06T10:45:47+00:00
graviton3,simde,128,main_scan_int,5,"and 3",0.17,1.5826,3.2839,5,5,2026-10-06T10:45:47+00:00
graviton3,simde,128,main_scan_int,5,"and 3",0.17,1.5874,3.2887,5,5,2026-10-06T10:45:47+00:00
graviton3,simde,128,main_scan_int,5,"and 3",0.17,1.6173,3.2647,5,5,2026-10-06T10:45:47+00:00
graviton3,simde,128,main_scan_int,5,"and 3",0.17,1.6118,3.3019,5,5,2026-10-06T10:45:47+00:00
graviton3,simde,128,main_scan_int,5,"and 1",0.01,3.8209,7.2928,5,5,2026-10-06T10:45:47+00:00
graviton3,simde,128,main_scan_int,5,"and 1",0.01,3.7966,7.2379,5,5,2026-10-06T10:45:47+00:00
graviton3,simde,128,main_scan_int,5,"and 1",0.01,3.7880,7.2624,5,5,2026-10-06T10:45:47+00:00
graviton3,simde,128,main_scan_int,5,"and 1",0.01,3.7871,7.2578,5,5,2026-10-06T10:45:47+00:00
graviton3,simde,128,main_scan_int,5,"and 1",0.01,3.7857,7.3051,5,5,2026-10-06T10:45:47+00:00
graviton3,simde,128,main_scan_int,5,"and 2",0.10,2.3289,4.2352,5,5,2026-10-06T10:45:47+00:00
graviton3,simde,128,main_scan_int,5,"and 2",0.10,2.2983,4.2104,5,5,2026-10-06T10:45:47+00:00
graviton3,simde,128,main_scan_int,5,"and 2",0.10,2.3494,4.2098,5,5,2026-10-06T10:45:47+00:00
graviton3,simde,128,main_scan_int,5,"and 2",0.10,2.3397,4.2269,5,5,2026-10-06T10:45:47+00:00
graviton3,simde,128,main_scan_int,5,"and 2",0.10,2.3775,4.2765,5,5,2026-10-06T10:45:47+00:00
graviton3,simde,128,main_scan_int,5,"and 3",0.22,1.3398,2.9837,5,5,2026-10-06T10:45:47+00:00
graviton3,simde,128,main_scan_int,5,"and 3",0.22,1.3674,2.9795,5,5,2026-10-06T10:45:47+00:00
graviton3,simde,128,main_scan_int,5,"and 3",0.22,1.3559,3.0024,5,5,2026-10-06T10:45:47+00:00
graviton3,simde,128,main_scan_int,5,"and 3",0.22,1.3789,2.9860,5,5,2026-10-06T10:45:47+00:00
graviton3,simde,128,main_scan_int,5,"and 3",0.22,1.3902,2.9823,5,5,2026-10-06T10:45:47+00:00
graviton3,simde,128,main_scan_int,5,"and 1",0.02,4.3133,5.3603,5,5,2026-10-06T10:45:47+00:00
graviton3,simde,128,main_scan_int,5,"and 1",0.02,4.3039,5.4388,5,5,2026-10-06T10:45:47+00:00
graviton3,simde,128,main_scan_int,5,"and 1",0.02,4.3214,5.4023,5,5,2026-10-06T10:45:47+00:00
graviton3,simde,128,main_scan_int,5,"and 1",0.02,4.2948,5.3418,5,5,2026-10-06T10:45:47+00:00
graviton3,simde,128,main_scan_int,5,"and 1",0.02,4.2774,5.4320,5,5,2026-10-06T10:45:47+00:00
graviton3,simde,128,main_scan_int,5,"and 2",0.14,2.1166,3.5020,5,5,2026-10-06T10:45:47+00:00
graviton3,simde,128,main_scan_int,5,"and 2",0.14,2.1462,3.5695,5,5,2026-10-06T10:45:47+00:00
graviton3,simde,128,main_scan_int,5,"and 2",0.14,2.1471,3.5968,5,5,2026-10-06T10:45:47+00:00
graviton3,simde,128,main_scan_int,5,"and 2",0.14,2.1288,3.5857,5,5,2026-10-06T10:45:47+00:00
graviton3,simde,128,main_scan_int,5,"and 2",0.14,2.1800,3.5921,5,5,2026-10-06T10:45:47+00:00
graviton3,simde,128,main_scan_int,5,"and 3",0.27,1.1506,2.7262,5,5,2026-10-06T10:45:47+00:00
graviton3,simde,128,main_scan_int,5,"and 3",0.27,1.1670,2.7301,5,5,2026-10-06T10:45:47+00:00
graviton3,simde,128,main_scan_int,5,"and 3",0.27,1.1640,2.7267,5,5,2026-10-06T10:45:47+00:00
graviton3,simde,128,main_scan_int,5,"and 3",0.27,1.1788,2.7484,5,5,2026-10-06T10:45:47+00:00
graviton3,simde,128,main_scan_int,5,"and 3",0.27,1.1744,2.7365,5,5,2026-10-06T10:45:47+00:00
graviton3,simde,128,main_scan_int,5,"and 1",0.05,4.3896,3.5477,5,5,2026-10-06T10:45:47+00:00
graviton3,simde,128,main_scan_int,5,"and 1",0.05,4.4005,3.5721,5,5,2026-10-06T10:45:47+00:00
graviton3,simde,128,main_scan_int,5,"and 1",0.05,4.5039,3.5807,5,5,2026-10-06T10:45:47+00:00
graviton3,simde,128,main_scan_int,5,"and 1",0.05,4.0396,3.3336,5,5,2026-10-06T10:45:47+00:00
graviton3,simde,128,main_scan_int,5,"and 1",0.05,4.3069,3.4449,5,5,2026-10-06T10:45:47+00:00
graviton3,simde,128,main_scan_int,5,"and 2",0.22,1.4508,2.6585,5,5,2026-10-06T10:45:47+00:00
graviton3,simde,128,main_scan_int,5,"and 2",0.22,1.4995,2.6542,5,5,2026-10-06T10:45:47+00:00
graviton3,simde,128,main_scan_int,5,"and 2",0.22,1.5050,2.6704,5,5,2026-10-06T10:45:47+00:00
graviton3,simde,128,main_scan_int,5,"and 2",0.22,1.4924,2.6394,5,5,2026-10-06T10:45:47+00:00
graviton3,simde,128,main_scan_int,5,"and 2",0.22,1.5058,2.6447,5,5,2026-10-06T10:45:47+00:00
graviton3,simde,128,main_scan_int,5,"and 3",0.37,0.8625,2.2440,5,5,2026-10-06T10:45:47+00:00
graviton3,simde,128,main_scan_int,5,"and 3",0.37,0.8735,2.2255,5,5,2026-10-06T10:45:47+00:00
graviton3,simde,128,main_scan_int,5,"and 3",0.37,0.8719,2.2237,5,5,2026-10-06T10:45:47+00:00
graviton3,simde,128,main_scan_int,5,"and 3",0.37,0.8664,2.2300,5,5,2026-10-06T10:45:47+00:00
graviton3,simde,128,main_scan_int,5,"and 3",0.37,0.8727,2.2387,5,5,2026-10-06T10:45:47+00:00
graviton3,simde,128,main_scan_int,5,"and 1",0.10,3.0081,2.5089,5,5,2026-10-06T10:45:47+00:00
graviton3,simde,128,main_scan_int,5,"and 1",0.10,3.1644,2.5145,5,5,2026-10-06T10:45:47+00:00
graviton3,simde,128,main_scan_int,5,"and 1",0.10,3.2303,2.5113,5,5,2026-10-06T10:45:47+00:00
graviton3,simde,128,main_scan_int,5,"and 1",0.10,3.2223,2.5102,5,5,2026-10-06T10:45:47+00:00
graviton3,simde,128,main_scan_int,5,"and 1",0.10,3.2754,2.5119,5,5,2026-10-06T10:45:47+00:00
graviton3,simde,128,main_scan_int,5,"and 2",0.32,1.1095,2.0228,5,5,2026-10-06T10:45:47+00:00
graviton3,simde,128,main_scan_int,5,"and 2",0.32,1.1239,2.0299,5,5,2026-10-06T10:45:47+00:00
graviton3,simde,128,main_scan_int,5,"and 2",0.32,1.1116,2.0238,5,5,2026-10-06T10:45:47+00:00
graviton3,simde,128,main_scan_int,5,"and 2",0.32,1.1136,2.0220,5,5,2026-10-06T10:45:47+00:00
graviton3,simde,128,main_scan_int,5,"and 2",0.32,1.1391,2.0290,5,5,2026-10-06T10:45:47+00:00
graviton3,simde,128,main_scan_int,5,"and 3",0.46,0.7132,1.7584,5,5,2026-10-06T10:45:47+00:00
graviton3,simde,128,main_scan_int,5,"and 3",0.46,0.7138,1.7613,5,5,2026-10-06T10:45:47+00:00
graviton3,simde,128,main_scan_int,5,"and 3",0.46,0.7148,1.7590,5,5,2026-10-06T10:45:47+00:00
graviton3,simde,128,main_scan_int,5,"and 3",0.46,0.7148,1.7614,5,5,2026-10-06T10:45:47+00:00
graviton3,simde,128,main_scan_int,5,"and 3",0.46,0.7145,1.7602,5,5,2026-10-06T10:45:47+00:00
graviton3,simde,128,main_scan_int,5,"and 1",0.20,1.8957,1.7169,5,5,2026-10-06T10:45:47+00:00
graviton3,simde,128,main_scan_int,5,"and 1",0.20,2.0622,1.7202,5,5,2026-10-06T10:45:47+00:00
graviton3,simde,128,main_scan_int,5,"and 1",0.20,2.0336,1.7226,5,5,2026-10-06T10:45:47+00:00
graviton3,simde,128,main_scan_int,5,"and 1",0.20,2.0516,1.7206,5,5,2026-10-06T10:45:47+00:00
graviton3,simde,128,main_scan_int,5,"and 1",0.20,2.0408,1.7201,5,5,2026-10-06T10:45:47+00:00
graviton3,simde,128,main_scan_int,5,"and 2",0.45,0.8647,1.4732,5,5,2026-10-06T10:45:47+00:00
graviton3,simde,128,main_scan_int,5,"and 2",0.45,0.8635,1.4746,5,5,2026-10-06T10:45:47+00:00
graviton3,simde,128,main_scan_int,5,"and 2",0.45,0.8644,1.4652,5,5,2026-10-06T10:45:47+00:00
graviton3,simde,128,main_scan_int,5,"and 2",0.45,0.8660,1.4708,5,5,2026-10-06T10:45:47+00:00
graviton3,simde,128,main_scan_int,5,"and 2",0.45,0.8611,1.4758,5,5,2026-10-06T10:45:47+00:00
graviton3,simde,128,main_scan_int,5,"and 3",0.58,0.6333,1.3272,5,5,2026-10-06T10:45:47+00:00
graviton3,simde,128,main_scan_int,5,"and 3",0.58,0.6332,1.3287,5,5,2026-10-06T10:45:47+00:00
graviton3,simde,128,main_scan_int,5,"and 3",0.58,0.6349,1.3254,5,5,2026-10-06T10:45:47+00:00
graviton3,simde,128,main_scan_int,5,"and 3",0.58,0.6336,1.3222,5,5,2026-10-06T10:45:47+00:00
graviton3,simde,128,main_scan_int,5,"and 3",0.58,0.6326,1.3247,5,5,2026-10-06T10:45:47+00:00
graviton3,simde,128,main_scan_int,5,"and 1",0.50,1.1832,0.9066,5,5,2026-10-06T10:45:47+00:00
graviton3,simde,128,main_scan_int,5,"and 1",0.50,1.1819,0.9065,5,5,2026-10-06T10:45:47+00:00
graviton3,simde,128,main_scan_int,5,"and 1",0.50,1.1857,0.9062,5,5,2026-10-06T10:45:47+00:00
graviton3,simde,128,main_scan_int,5,"and 1",0.50,1.1843,0.9067,5,5,2026-10-06T10:45:47+00:00
graviton3,simde,128,main_scan_int,5,"and 1",0.50,1.1854,0.9052,5,5,2026-10-06T10:45:47+00:00
graviton3,simde,128,main_scan_int,5,"and 2",0.71,0.8326,0.8383,5,5,2026-10-06T10:45:47+00:00
graviton3,simde,128,main_scan_int,5,"and 2",0.71,0.8315,0.8385,5,5,2026-10-06T10:45:47+00:00
graviton3,simde,128,main_scan_int,5,"and 2",0.71,0.8323,0.8387,5,5,2026-10-06T10:45:47+00:00
graviton3,simde,128,main_scan_int,5,"and 2",0.71,0.8264,0.8381,5,5,2026-10-06T10:45:47+00:00
graviton3,simde,128,main_scan_int,5,"and 2",0.71,0.8189,0.8380,5,5,2026-10-06T10:45:47+00:00
graviton3,simde,128,main_scan_int,5,"and 3",0.79,0.8300,0.7872,5,5,2026-10-06T10:45:47+00:00
graviton3,simde,128,main_scan_int,5,"and 3",0.79,0.8247,0.7857,5,5,2026-10-06T10:45:47+00:00
graviton3,simde,128,main_scan_int,5,"and 3",0.79,0.8249,0.7871,5,5,2026-10-06T10:45:47+00:00
graviton3,simde,128,main_scan_int,5,"and 3",0.79,0.8247,0.7864,5,5,2026-10-06T10:45:47+00:00
graviton3,simde,128,main_scan_int,5,"and 3",0.79,0.8206,0.7875,5,5,2026-10-06T10:45:47+00:00
graviton3,simde,128,main_scan_int,5,"and 1",1.00,5.8819,7.9770,5,5,2026-10-06T10:45:47+00:00
graviton3,simde,128,main_scan_int,5,"and 1",1.00,5.8873,8.0409,5,5,2026-10-06T10:45:47+00:00
graviton3,simde,128,main_scan_int,5,"and 1",1.00,5.9066,8.0448,5,5,2026-10-06T10:45:47+00:00
graviton3,simde,128,main_scan_int,5,"and 1",1.00,5.8875,7.9857,5,5,2026-10-06T10:45:47+00:00
graviton3,simde,128,main_scan_int,5,"and 1",1.00,5.8727,7.8020,5,5,2026-10-06T10:45:47+00:00
graviton3,simde,128,main_scan_int,5,"and 2",1.00,4.5976,4.8418,5,5,2026-10-06T10:45:47+00:00
graviton3,simde,128,main_scan_int,5,"and 2",1.00,4.6431,4.8399,5,5,2026-10-06T10:45:47+00:00
graviton3,simde,128,main_scan_int,5,"and 2",1.00,4.6291,4.8262,5,5,2026-10-06T10:45:47+00:00
graviton3,simde,128,main_scan_int,5,"and 2",1.00,4.6101,4.8023,5,5,2026-10-06T10:45:47+00:00
graviton3,simde,128,main_scan_int,5,"and 2",1.00,4.6554,4.8077,5,5,2026-10-06T10:45:47+00:00
graviton3,simde,128,main_scan_int,5,"and 3",1.00,3.6616,3.5834,5,5,2026-10-06T10:45:47+00:00
graviton3,simde,128,main_scan_int,5,"and 3",1.00,3.6352,3.5806,5,5,2026-10-06T10:45:47+00:00
graviton3,simde,128,main_scan_int,5,"and 3",1.00,3.6518,3.5718,5,5,2026-10-06T10:45:47+00:00
graviton3,simde,128,main_scan_int,5,"and 3",1.00,3.6478,3.6200,5,5,2026-10-06T10:45:47+00:00
graviton3,simde,128,main_scan_int,5,"and 3",1.00,3.6571,3.5906,5,5,2026-10-06T10:45:47+00:00
graviton3,simde,256,main_scan_int,5,"and 1",0.00,5.9695,10.6147,5,5,2026-10-06T10:45:56+00:00
graviton3,simde,256,main_scan_int,5,"and 1",0.00,5.9914,10.4994,5,5,2026-10-06T10:45:56+00:00
graviton3,simde,256,main_scan_int,5,"and 1",0.00,5.9861,10.5926,5,5,2026-10-06T10:45:56+00:00
graviton3,simde,256,main_scan_int,5,"and 1",0.00,5.9870,10.6110,5,5,2026-10-06T10:45:56+00:00
graviton3,simde,256,main_scan_int,5,"and 1",0.00,6.0151,10.6305,5,5,2026-10-06T10:45:56+00:00
graviton3,simde,256,main_scan_int,5,"and 2",0.03,3.9119,5.1105,5,5,2026-10-06T10:45:56+00:00
graviton3,simde,256,main_scan_int,5,"and 2",0.03,3.9264,5.0669,5,5,2026-10-06T10:45:56+00:00
graviton3,simde,256,main_scan_int,5,"and 2",0.03,3.9088,5.0091,5,5,2026-10-06T10:45:56+00:00
graviton3,simde,256,main_scan_int,5,"and 2",0.03,3.8927,5.0150,5,5,2026-10-06T10:45:56+00:00
graviton3,simde,256,main_scan_int,5,"and 2",0.03,3.9212,5.0822,5,5,2026-10-06T10:45:56+00:00
graviton3,simde,256,main_scan_int,5,"and 3",0.10,2.0511,3.7338,5,5,2026-10-06T10:45:56+00:00
graviton3,simde,256,main_scan_int,5,"and 3",0.10,2.0998,3.7453,5,5,2026-10-06T10:45:56+00:00
graviton3,simde,256,main_scan_int,5,"and 3",0.10,2.1162,3.7258,5,5,2026-10-06T10:45:56+00:00
graviton3,simde,256,main_scan_int,5,"and 3",0.10,2.0562,3.6739,5,5,2026-10-06T10:45:56+00:00
graviton3,simde,256,main_scan_int,5,"and 3",0.10,2.0673,3.6875,5,5,2026-10-06T10:45:56+00:00
graviton3,simde,256,main_scan_int,5,"and 1",0.00,5.2082,9.5539,5,5,2026-10-06T10:45:56+00:00
graviton3,simde,256,main_scan_int,5,"and 1",0.00,5.2415,9.6238,5,5,2026-10-06T10:45:56+00:00
graviton3,simde,256,main_scan_int,5,"and 1",0.00,5.2515,9.5465,5,5,2026-10-06T10:45:56+00:00
graviton3,simde,256,main_scan_int,5,"and 1",0.00,5.2827,9.5609,5,5,2026-10-06T10:45:56+00:00
graviton3,simde,256,main_scan_int,5,"and 1",0.00,5.2627,9.4925,5,5,2026-10-06T10:45:56+00:00
graviton3,simde,256,main_scan_int,5,"and 2",0.04,3.4164,5.0215,5,5,2026-10-06T10:45:56+00:00
graviton3,simde,256,main_scan_int,5,"and 2",0.04,3.4235,5.0796,5,5,2026-10-06T10:45:56+00:00
graviton3,simde,256,main_scan_int,5,"and 2",0.04,3.4864,5.0630,5,5,2026-10-06T10:45:56+00:00
graviton3,simde,256,main_scan_int,5,"and 2",0.04,3.4422,5.0956,5,5,2026-10-06T10:45:56+00:00
graviton3,simde,256,main_scan_int,5,"and 2",0.04,3.4907,5.0536,5,5,2026-10-06T10:45:56+00:00
graviton3,simde,256,main_scan_int,5,"and 3",0.13,1.8689,3.5376,5,5,2026-10-06T10:45:56+00:00
graviton3,simde,256,main_scan_int,5,"and 3",0.13,1.8918,3.5231,5,5,2026-10-06T10:45:56+00:00
graviton3,simde,256,main_scan_int,5,"and 3",0.13,1.9116,3.5356,5,5,2026-10-06T10:45:56+00:00
graviton3,simde,256,main_scan_int,5,"and 3",0.13,1.9067,3.5468,5,5,2026-10-06T10:45:56+00:00
graviton3,simde,256,main_scan_int,5,"and 3",0.13,1.9123,3.5244,5,5,2026-10-06T10:45:56+00:00
graviton3,simde,256,main_scan_int,5,"and 1",0.01,4.1556,7.4431,5,5,2026-10-06T10:45:56+00:00
graviton3,simde,256,main_scan_int,5,"and 1",0.01,4.1697,7.9521,5,5,2026-10-06T10:45:56+00:00
graviton3,simde,256,main_scan_int,5,"and 1",0.01,4.2174,7.9643,5,5,2026-10-06T10:45:56+00:00
graviton3,simde,256,main_scan_int,5,"and 1",0.01,4.1758,7.9949,5,5,2026-10-06T10:45:56+00:00
graviton3,simde,256,main_scan_int,5,"and 1",0.01,4.2038,7.9267,5,5,2026-10-06T10:45:56+00:00
graviton3,simde,256,main_scan_int,5,"and 2",0.07,2.6903,4.5930,5,5,2026-10-06T10:45:56+00:00
graviton3,simde,256,main_scan_int,5,"and 2",0.07,2.7136,4.6001,5,5,2026-10-06T10:45:56+00:00
graviton3,simde,256,main_scan_int,5,"and 2",0.07,2.6504,4.5896,5,5,2026-10-06T10:45:56+00:00
graviton3,simde,256,main_scan_int,5,"and 2",0.07,2.6663,4.5996,5,5,2026-10-06T10:45:56+00:00
graviton3,simde,256,main_scan_int,5,"and 2",0.07,2.7079,4.5694,5,5,2026-10-06T10:45:56+00:00
graviton3,simde,256,main_scan_int,5,"and 3",0.17,1.5946,3.2603,5,5,2026-10-06T10:45:56+00:00
graviton3,simde,256,main_scan_int,5,"and 3",0.17,1.5943,3.2614,5,5,2026-10-06T10:45:56+00:00
graviton3,simde,256,main_scan_int,5,"and 3",0.17,1.6081,3.2832,5,5,2026-10-06T10:45:56+00:00
graviton3,simde,256,main_scan_int,5,"and 3",0.17,1.6144,3.2780,5,5,2026-10-06T10:45:56+00:00
graviton3,simde,256,main_scan_int,5,"and 3",0.17,1.6231,3.2639,5,5,2026-10-06T10:45:56+00:00
graviton3,simde,256,main_scan_int,5,"and 1",0.01,3.7385,6.5051,5,5,2026-10-06T10:45:56+00:00
graviton3,simde,256,main_scan_int,5,"and 1",0.01,3.7731,6.5347,5,5,2026-10-06T10:45:56+00:00
graviton3,simde,256,main_scan_int,5,"and 1",0.01,3.7879,6.5359,5,5,2026-10-06T10:45:56+00:00
graviton3,simde,256,main_scan_int,5,"and 1",0.01,3.7560,6.5559,5,5,2026-10-06T10:45:56+00:00
graviton3,simde,256,main_scan_int,5,"and 1",0.01,3.7897,6.5084,5,5,2026-10-06T10:45:56+00:00
graviton3,simde,256,main_scan_int,5,"and 2",0.10,2.3410,3.8717,5,5,2026-10-06T10:45:56+00:00
graviton3,simde,256,main_scan_int,5,"and 2",0.10,2.3520,3.8835,5,5,2026-10-06T10:45:56+00:00
graviton3,simde,256,main_scan_int,5,"and 2",0.10,2.3478,3.8650,5,5,2026-10-06T10:45:56+00:00
graviton3,simde,256,main_scan_int,5,"and 2",0.10,2.3784,3.8728,5,5,2026-10-06T10:45:56+00:00
graviton3,simde,256,main_scan_int,5,"and 2",0.10,2.3709,3.8640,5,5,2026-10-06T10:45:56+00:00
graviton3,simde,256,main_scan_int,5,"and 3",0.22,1.3360,3.0041,5,5,2026-10-06T10:45:56+00:00
graviton3,simde,256,main_scan_int,5,"and 3",0.22,1.3986,3.0289,5,5,2026-10-06T10:45:56+00:00
graviton3,simde,256,main_scan_int,5,"and 3",0.22,1.3930,3.0268,5,5,2026-10-06T10:45:56+00:00
graviton3,simde,256,main_scan_int,5,"and 3",0.22,1.3946,3.0231,5,5,2026-10-06T10:45:56+00:00
graviton3,simde,256,main_scan_int,5,"and 3",0.22,1.3836,3.0230,5,5,2026-10-06T10:45:56+00:00
graviton3,simde,256,main_scan_int,5,"and 1",0.02,4.3212,4.9599,5,5,2026-10-06T10:45:56+00:00
graviton3,simde,256,main_scan_int,5,"and 1",0.02,4.2380,4.9472,5,5,2026-10-06T10:45:56+00:00
graviton3,simde,256,main_scan_int,5,"and 1",0.02,4.3126,4.9782,5,5,2026-10-06T10:45:56+00:00
graviton3,simde,256,main_scan_int,5,"and 1",0.02,4.2526,4.9265,5,5,2026-10-06T10:45:56+00:00
graviton3,simde,256,main_scan_int,5,"and 1",0.02,4.2932,4.9695,5,5,2026-10-06T10:45:56+00:00
graviton3,simde,256,main_scan_int,5,"and 2",0.14,2.0900,3.3379,5,5,2026-10-06T10:45:56+00:00
graviton3,simde,256,main_scan_int,5,"and 2",0.14,2.1408,3.3489,5,5,2026-10-06T10:45:56+00:00
graviton3,simde,256,main_scan_int,5,"and 2",0.14,2.1437,3.3189,5,5,2026-10-06T10:45:56+00:00
graviton3,simde,256,main_scan_int,5,"and 2",0.14,2.1900,3.3188,5,5,2026-10-06T10:45:56+00:00
graviton3,simde,256,main_scan_int,5,"and 2",0.14,2.1619,3.3127,5,5,2026-10-06T10:45:56+00:00
graviton3,simde,256,main_scan_int,5,"and 3",0.27,1.1550,2.6212,5,5,2026-10-06T10:45:56+00:00
graviton3,simde,256,main_scan_int,5,"and 3",0.27,1.1609,2.6069,5,5,2026-10-06T10:45:56+00:00
graviton3,simde,256,main_scan_int,5,"and 3",0.27,1.1697,2.6250,5,5,2026-10-06T10:45:56+00:00
graviton3,simde,256,main_scan_int,5,"and 3",0.27,1.1671,2.6245,5,5,2026-10-06T10:45:56+00:00
graviton3,simde,256,main_scan_int,5,"and 3",0.27,1.1682,2.6335,5,5,2026-10-06T10:45:56+00:00
graviton3,simde,256,main_scan_int,5,"and 1",0.05,4.4463,3.3050,5,5,2026-10-06T10:45:56+00:00
graviton3,simde,256,main_scan_int,5,"and 1",0.05,4.4324,3.3192,5,5,2026-10-06T10:45:56+00:00
graviton3,simde,256,main_scan_int,5,"and 1",0.05,4.4425,3.3084,5,5,2026-10-06T10:45:56+00:00
graviton3,simde,256,main_scan_int,5,"and 1",0.05,4.4841,3.3120,5,5,2026-10-06T10:45:56+00:00
graviton3,simde,256,main_scan_int,5,"and 1",0.05,4.5080,3.3206,5,5,2026-10-06T10:45:56+00:00
graviton3,simde,256,main_scan_int,5,"and 2",0.22,1.4571,2.5036,5,5,2026-10-06T10:45:56+00:00
graviton3,simde,256,main_scan_int,5,"and 2",0.22,1.4973,2.5054,5,5,2026-10-06T10:45:56+00:00
graviton3,simde,256,main_scan_int,5,"and 2",0.22,1.5019,2.5189,5,5,2026-10-06T10:45:56+00:00
graviton3,simde,256,main_scan_int,5,"and 2",0.22,1.4982,2.4968,5,5,2026-10-06T10:45:56+00:00
graviton3,simde,256,main_scan_int,5,"and 2",0.22,1.5137,2.5089,5,5,2026-10-06T10:45:56+00:00
graviton3,simde,256,main_scan_int,5,"and 3",0.37,0.8622,2.0917,5,5,2026-10-06T10:45:56+00:00
graviton3,simde,256,main_scan_int,5,"and 3",0.37,0.8725,2.0956,5,5,2026-10-06T10:45:56+00:00
graviton3,simde,256,main_scan_int,5,"and 3",0.37,0.8734,2.0883,5,5,2026-10-06T10:45:56+00:00
graviton3,simde,256,main_scan_int,5,"and 3",0.37,0.8668,1.9044,5,5,2026-10-06T10:45:56+00:00
graviton3,simde,256,main_scan_int,5,"and 3",0.37,0.8702,2.0718,5,5,2026-10-06T10:45:56+00:00
graviton3,simde,256,main_scan_int,5,"and 1",0.10,3.2655,2.3497,5,5,2026-10-06T10:45:56+00:00
graviton3,simde,256,main_scan_int,5,"and 1",0.10,3.3083,2.3599,5,5,2026-10-06T10:45:56+00:00
graviton3,simde,256,main_scan_int,5,"and 1",0.10,3.2822,2.3619,5,5,2026-10-06T10:45:56+00:00
graviton3,simde,256,main_scan_int,5,"and 1",0.10,3.2499,2.3564,5,5,2026-10-06T10:45:56+00:00
graviton3,simde,256,main_scan_int,5,"and 1",0.10,3.3326,2.3587,5,5,2026-10-06T10:45:56+00:00
graviton3,simde,256,main_scan_int,5,"and 2",0.32,1.0929,1.9126,5,5,2026-10-06T10:45:56+00:00
graviton3,simde,256,main_scan_int,5,"and 2",0.32,1.1199,1.9066,5,5,2026-10-06T10:45:56+00:00
graviton3,simde,256,main_scan_int,5,"and 2",0.32,1.1295,1.9174,5,5,2026-10-06T10:45:56+00:00
graviton3,simde,256,main_scan_int,5,"and 2",0.32,1.1279,1.8968,5,5,2026-10-06T10:45:56+00:00
graviton3,simde,256,main_scan_int,5,"and 2",0.32,1.1246,1.8989,5,5,2026-10-06T10:45:56+00:00
graviton3,simde,256,main_scan_int,5,"and 3",0.46,0.7099,1.6340,5,5,2026-10-06T10:45:56+00:00
graviton3,simde,256,main_scan_int,5,"and 3",0.46,0.7096,1.6255,5,5,2026-10-06T10:45:56+00:00
graviton3,simde,256,main_scan_int,5,"and 3",0.46,0.7142,1.6248,5,5,2026-10-06T10:45:56+00:00
graviton3,simde,256,main_scan_int,5,"and 3",0.46,0.7101,1.6199,5,5,2026-10-06T10:45:56+00:00
graviton3,simde,256,main_scan_int,5,"and 3",0.46,0.7138,1.6164,5,5,2026-10-06T10:45:56+00:00
graviton3,simde,256,main_scan_int,5,"and 1",0.20,2.0352,1.6254,5,5,2026-10-06T10:45:56+00:00
graviton3,simde,256,main_scan_int,5,"and 1",0.20,2.0319,1.6258,5,5,2026-10-06T10:45:56+00:00
graviton3,simde,256,main_scan_int,5,"and 1",0.20,2.0411,1.6282,5,5,2026-10-06T10:45:56+00:00
graviton3,simde,256,main_scan_int,5,"and 1",0.20,2.0263,1.6261,5,5,2026-10-06T10:45:56+00:00
graviton3,simde,256,main_scan_int,5,"and 1",0.20,2.0862,1.6244,5,5,2026-10-06T10:45:56+00:00
graviton3,simde,256,main_scan_int,5,"and 2",0.45,0.8618,1.4123,5,5,2026-10-06T10:45:56+00:00
graviton3,simde,256,main_scan_int,5,"and 2",0.45,0.8670,1.4057,5,5,2026-10-06T10:45:56+00:00
graviton3,simde,256,main_scan_int,5,"and 2",0.45,0.8663,1.4148,5,5,2026-10-06T10:45:56+00:00
graviton3,simde,256,main_scan_int,5,"and 2",0.45,0.8627,1.4068,5,5,2026-10-06T10:45:56+00:00
graviton3,simde,256,main_scan_int,5,"and 2",0.45,0.8623,1.4090,5,5,2026-10-06T10:45:56+00:00
graviton3,simde,256,main_scan_int,5,"and 3",0.58,0.6337,1.2537,5,5,2026-10-06T10:45:56+00:00
graviton3,simde,256,main_scan_int,5,"and 3",0.58,0.6347,1.2487,5,5,2026-10-06T10:45:56+00:00
graviton3,simde,256,main_scan_int,5,"and 3",0.58,0.6354,1.2519,5,5,2026-10-06T10:45:56+00:00
graviton3,simde,256,main_scan_int,5,"and 3",0.58,0.6346,1.2483,5,5,2026-10-06T10:45:56+00:00
graviton3,simde,256,main_scan_int,5,"and 3",0.58,0.6345,1.2592,5,5,2026-10-06T10:45:56+00:00
graviton3,simde,256,main_scan_int,5,"and 1",0.50,1.1847,0.8829,5,5,2026-10-06T10:45:56+00:00
graviton3,simde,256,main_scan_int,5,"and 1",0.50,1.1820,0.8833,5,5,2026-10-06T10:45:56+00:00
graviton3,simde,256,main_scan_int,5,"and 1",0.50,1.1821,0.8830,5,5,2026-10-06T10:45:56+00:00
graviton3,simde,256,main_scan_int,5,"and 1",0.50,1.1862,0.8828,5,5,2026-10-06T10:45:56+00:00
graviton3,simde,256,main_scan_int,5,"and 1",0.50,1.1809,0.8829,5,5,2026-10-06T10:45:56+00:00
graviton3,simde,256,main_scan_int,5,"and 2",0.71,0.8262,0.8169,5,5,2026-10-06T10:45:56+00:00
graviton3,simde,256,main_scan_int,5,"and 2",0.71,0.8311,0.8162,5,5,2026-10-06T10:45:56+00:00
graviton3,simde,256,main_scan_int,5,"and 2",0.71,0.8290,0.8160,5,5,2026-10-06T10:45:56+00:00
graviton3,simde,256,main_scan_int,5,"and 2",0.71,0.8345,0.8171,5,5,2026-10-06T10:45:56+00:00
graviton3,simde,256,main_scan_int,5,"and 2",0.71,0.8328,0.8164,5,5,2026-10-06T10:45:56+00:00
graviton3,simde,256,main_scan_int,5,"and 3",0.79,0.8265,0.7566,5,5,2026-10-06T10:45:56+00:00
graviton3,simde,256,main_scan_int,5,"and 3",0.79,0.8212,0.7613,5,5,2026-10-06T10:45:56+00:00
graviton3,simde,256,main_scan_int,5,"and 3",0.79,0.8241,0.7598,5,5,2026-10-06T10:45:56+00:00
graviton3,simde,256,main_scan_int,5,"and 3",0.79,0.8240,0.7608,5,5,2026-10-06T10:45:56+00:00
graviton3,simde,256,main_scan_int,5,"and 3",0.79,0.8236,0.7619,5,5,2026-10-06T10:45:56+00:00
graviton3,simde,256,main_scan_int,5,"and 1",1.00,5.8743,7.3267,5,5,2026-10-06T10:45:56+00:00
graviton3,simde,256,main_scan_int,5,"and 1",1.00,5.8638,7.3692,5,5,2026-10-06T10:45:56+00:00
graviton3,simde,256,main_scan_int,5,"and 1",1.00,5.8623,7.4451,5,5,2026-10-06T10:45:56+00:00
graviton3,simde,256,main_scan_int,5,"and 1",1.00,5.6864,7.2914,5,5,2026-10-06T10:45:56+00:00
graviton3,simde,256,main_scan_int,5,"and 1",1.00,5.8671,7.2874,5,5,2026-10-06T10:45:56+00:00
graviton3,simde,256,main_scan_int,5,"and 2",1.00,4.6199,4.4302,5,5,2026-10-06T10:45:56+00:00
graviton3,simde,256,main_scan_int,5,"and 2",1.00,4.6339,4.4218,5,5,2026-10-06T10:45:56+00:00
graviton3,simde,256,main_scan_int,5,"and 2",1.00,4.6355,4.4394,5,5,2026-10-06T10:45:56+00:00
graviton3,simde,256,main_scan_int,5,"and 2",1.00,4.6338,4.3762,5,5,2026-10-06T10:45:56+00:00
graviton3,simde,256,main_scan_int,5,"and 2",1.00,4.6041,4.3350,5,5,2026-10-06T10:45:56+00:00
graviton3,simde,256,main_scan_int,5,"and 3",1.00,3.6472,3.1015,5,5,2026-10-06T10:45:56+00:00
graviton3,simde,256,main_scan_int,5,"and 3",1.00,3.6606,3.1089,5,5,2026-10-06T10:45:56+00:00
graviton3,simde,256,main_scan_int,5,"and 3",1.00,3.6156,3.0847,5,5,2026-10-06T10:45:56+00:00
graviton3,simde,256,main_scan_int,5,"and 3",1.00,3.6421,3.1478,5,5,2026-10-06T10:45:56+00:00
graviton3,simde,256,main_scan_int,5,"and 3",1.00,3.6503,3.1386,5,5,2026-10-06T10:45:56+00:00
graviton3,simde,128,main_scan_enc,5,"and 1",0.00,3.3270,4.9616,5,5,2026-10-06T10:46:22+00:00
graviton3,simde,128,main_scan_enc,5,"and 1",0.00,3.3311,4.9757,5,5,2026-10-06T10:46:22+00:00
graviton3,simde,128,main_scan_enc,5,"and 1",0.00,3.3313,4.9483,5,5,2026-10-06T10:46:22+00:00
graviton3,simde,128,main_scan_enc,5,"and 1",0.00,3.3359,4.9614,5,5,2026-10-06T10:46:22+00:00
graviton3,simde,128,main_scan_enc,5,"and 1",0.00,3.3288,4.9648,5,5,2026-10-06T10:46:22+00:00
graviton3,simde,128,main_scan_enc,5,"and 2",0.03,2.5959,3.1655,5,5,2026-10-06T10:46:22+00:00
graviton3,simde,128,main_scan_enc,5,"and 2",0.03,2.5915,3.1512,5,5,2026-10-06T10:46:22+00:00
graviton3,simde,128,main_scan_enc,5,"and 2",0.03,2.5946,3.1591,5,5,2026-10-06T10:46:22+00:00
graviton3,simde,128,main_scan_enc,5,"and 2",0.03,2.5833,3.1617,5,5,2026-10-06T10:46:22+00:00
graviton3,simde,128,main_scan_enc,5,"and 2",0.03,2.5972,3.1593,5,5,2026-10-06T10:46:22+00:00
graviton3,simde,128,main_scan_enc,5,"and 3",0.10,1.6361,2.0443,5,5,2026-10-06T10:46:22+00:00
graviton3,simde,128,main_scan_enc,5,"and 3",0.10,1.6765,2.0456,5,5,2026-10-06T10:46:22+00:00
graviton3,simde,128,main_scan_enc,5,"and 3",0.10,1.6989,2.0492,5,5,2026-10-06T10:46:22+00:00
graviton3,simde,128,main_scan_enc,5,"and 3",0.10,1.7027,2.0460,5,5,2026-10-06T10:46:22+00:00
graviton3,simde,128,main_scan_enc,5,"and 3",0.10,1.6984,2.0410,5,5,2026-10-06T10:46:22+00:00
graviton3,simde,128,main_scan_enc,5,"and 1",0.00,3.0840,4.7471,5,5,2026-10-06T10:46:22+00:00
graviton3,simde,128,main_scan_enc,5,"and 1",0.00,3.0939,4.7419,5,5,2026-10-06T10:46:22+00:00
graviton3,simde,128,main_scan_enc,5,"and 1",0.00,3.0867,4.7488,5,5,2026-10-06T10:46:22+00:00
graviton3,simde,128,main_scan_enc,5,"and 1",0.00,3.0932,4.7488,5,5,2026-10-06T10:46:22+00:00
graviton3,simde,128,main_scan_enc,5,"and 1",0.00,3.0985,4.7422,5,5,2026-10-06T10:46:22+00:00
graviton3,simde,128,main_scan_enc,5,"and 2",0.04,2.3139,2.8999,5,5,2026-10-06T10:46:22+00:00
graviton3,simde,128,main_scan_enc,5,"and 2",0.04,2.3188,2.9022,5,5,2026-10-06T10:46:22+00:00
graviton3,simde,128,main_scan_enc,5,"and 2",0.04,2.3085,2.8956,5,5,2026-10-06T10:46:22+00:00
graviton3,simde,128,main_scan_enc,5,"and 2",0.04,2.3330,2.8995,5,5,2026-10-06T10:46:22+00:00
graviton3,simde,128,main_scan_enc,5,"and 2",0.04,2.3160,2.9031,5,5,2026-10-06T10:46:22+00:00
graviton3,simde,128,main_scan_enc,5,"and 3",0.13,1.4758,1.9454,5,5,2026-10-06T10:46:22+00:00
graviton3,simde,128,main_scan_enc,5,"and 3",0.13,1.5290,1.9408,5,5,2026-10-06T10:46:22+00:00
graviton3,simde,128,main_scan_enc,5,"and 3",0.13,1.5415,1.9430,5,5,2026-10-06T10:46:22+00:00
graviton3,simde,128,main_scan_enc,5,"and 3",0.13,1.5386,1.9457,5,5,2026-10-06T10:46:22+00:00
graviton3,simde,128,main_scan_enc,5,"and 3",0.13,1.5392,1.9416,5,5,2026-10-06T10:46:22+00:00
graviton3,simde,128,main_scan_enc,5,"and 1",0.01,2.6852,4.3279,5,5,2026-10-06T10:46:22+00:00
graviton3,simde,128,main_scan_enc,5,"and 1",0.01,2.7043,4.3343,5,5,2026-10-06T10:46:22+00:00
graviton3,simde,128,main_scan_enc,5,"and 1",0.01,2.6846,4.3291,5,5,2026-10-06T10:46:22+00:00
graviton3,simde,128,main_scan_enc,5,"and 1",0.01,2.7175,4.3234,5,5,2026-10-06T10:46:22+00:00
graviton3,simde,128,main_scan_enc,5,"and 1",0.01,2.7075,4.3301,5,5,2026-10-06T10:46:22+00:00
graviton3,simde,128,main_scan_enc,5,"and 2",0.07,1.8855,2.0147,5,5,2026-10-06T10:46:22+00:00
graviton3,simde,128,main_scan_enc,5,"and 2",0.07,1.8983,2.5240,5,5,2026-10-06T10:46:22+00:00
graviton3,simde,128,main_scan_enc,5,"and 2",0.07,1.9096,2.5237,5,5,2026-10-06T10:46:22+00:00
graviton3,simde,128,main_scan_enc,5,"and 2",0.07,1.9129,2.5146,5,5,2026-10-06T10:46:22+00:00
graviton3,simde,128,main_scan_enc,5,"and 2",0.07,1.9156,2.5266,5,5,2026-10-06T10:46:22+00:00
graviton3,simde,128,main_scan_enc,5,"and 3",0.17,1.2108,1.7884,5,5,2026-10-06T10:46:22+00:00
graviton3,simde,128,main_scan_enc,5,"and 3",0.17,1.2268,1.7837,5,5,2026-10-06T10:46:22+00:00
graviton3,simde,128,main_scan_enc,5,"and 3",0.17,1.2386,1.7850,5,5,2026-10-06T10:46:22+00:00
graviton3,simde,128,main_scan_enc,5,"and 3",0.17,1.2352,1.7884,5,5,2026-10-06T10:46:22+00:00
graviton3,simde,128,main_scan_enc,5,"and 3",0.17,1.2491,1.7914,5,5,2026-10-06T10:46:22+00:00
graviton3,simde,128,main_scan_enc,5,"and 1",0.01,2.5004,3.8683,5,5,2026-10-06T10:46:22+00:00
graviton3,simde,128,main_scan_enc,5,"and 1",0.01,2.5110,3.8839,5,5,2026-10-06T10:46:22+00:00
graviton3,simde,128,main_scan_enc,5,"and 1",0.01,2.5027,3.8831,5,5,2026-10-06T10:46:22+00:00
graviton3,simde,128,main_scan_enc,5,"and 1",0.01,2.5088,3.8856,5,5,2026-10-06T10:46:22+00:00
graviton3,simde,128,main_scan_enc,5,"and 1",0.01,2.5223,3.8859,5,5,2026-10-06T10:46:22+00:00
graviton3,simde,128,main_scan_enc,5,"and 2",0.10,1.6204,2.2385,5,5,2026-10-06T10:46:22+00:00
graviton3,simde,128,main_scan_enc,5,"and 2",0.10,1.6241,2.2422,5,5,2026-10-06T10:46:22+00:00
graviton3,simde,128,main_scan_enc,5,"and 2",0.10,1.6296,2.2352,5,5,2026-10-06T10:46:22+00:00
graviton3,simde,128,main_scan_enc,5,"and 2",0.10,1.6459,2.2420,5,5,2026-10-06T10:46:22+00:00
graviton3,simde,128,main_scan_enc,5,"and 2",0.10,1.6451,2.2407,5,5,2026-10-06T10:46:22+00:00
graviton3,simde,128,main_scan_enc,5,"and 3",0.22,1.0230,1.6528,5,5,2026-10-06T10:46:22+00:00
graviton3,simde,128,main_scan_enc,5,"and 3",0.22,1.0292,1.6536,5,5,2026-10-06T10:46:22+00:00
graviton3,simde,128,main_scan_enc,5,"and 3",0.22,1.0528,1.6552,5,5,2026-10-06T10:46:22+00:00
graviton3,simde,128,main_scan_enc,5,"and 3",0.22,1.0567,1.6540,5,5,2026-10-06T10:46:22+00:00
graviton3,simde,128,main_scan_enc,5,"and 3",0.22,1.0572,1.6501,5,5,2026-10-06T10:46:22+00:00
graviton3,simde,128,main_scan_enc,5,"and 1",0.02,2.8239,3.3151,5,5,2026-10-06T10:46:22+00:00
graviton3,simde,128,main_scan_enc,5,"and 1",0.02,2.8289,3.3165,5,5,2026-10-06T10:46:22+00:00
graviton3,simde,128,main_scan_enc,5,"and 1",0.02,2.8253,3.3014,5,5,2026-10-06T10:46:22+00:00
graviton3,simde,128,main_scan_enc,5,"and 1",0.02,2.8150,3.3117,5,5,2026-10-06T10:46:22+00:00
graviton3,simde,128,main_scan_enc,5,"and 1",0.02,2.8163,3.3128,5,5,2026-10-06T10:46:22+00:00
graviton3,simde,128,main_scan_enc,5,"and 2",0.14,1.4953,1.9578,5,5,2026-10-06T10:46:22+00:00
graviton3,simde,128,main_scan_enc,5,"and 2",0.14,1.5106,1.9631,5,5,2026-10-06T10:46:22+00:00
graviton3,simde,128,main_scan_enc,5,"and 2",0.14,1.5209,1.9583,5,5,2026-10-06T10:46:22+00:00
graviton3,simde,128,main_scan_enc,5,"and 2",0.14,1.5328,1.9604,5,5,2026-10-06T10:46:22+00:00
graviton3,simde,128,main_scan_enc,5,"and 2",0.14,1.5288,1.9635,5,5,2026-10-06T10:46:22+00:00
graviton3,simde,128,main_scan_enc,5,"and 3",0.27,0.8716,1.4817,5,5,2026-10-06T10:46:22+00:00
graviton3,simde,128,main_scan_enc,5,"and 3",0.27,0.8908,1.4780,5,5,2026-10-06T10:46:22+00:00
graviton3,simde,128,main_scan_enc,5,"and 3",0.27,0.8964,1.4840,5,5,2026-10-06T10:46:22+00:00
graviton3,simde,128,main_scan_enc,5,"and 3",0.27,0.8879,1.4809,5,5,2026-10-06T10:46:22+00:00
graviton3,simde,128,main_scan_enc,5,"and 3",0.27,0.8911,1.4842,5,5,2026-10-06T10:46:22+00:00
graviton3,simde,128,main_scan_enc,5,"and 1",0.05,2.7430,2.4977,5,5,2026-10-06T10:46:22+00:00
graviton3,simde,128,main_scan_enc,5,"and 1",0.05,2.7325,2.4926,5,5,2026-10-06T10:46:22+00:00
graviton3,simde,128,main_scan_enc,5,"and 1",0.05,2.7521,2.5061,5,5,2026-10-06T10:46:22+00:00
graviton3,simde,128,main_scan_enc,5,"and 1",0.05,2.7490,2.4942,5,5,2026-10-06T10:46:22+00:00
graviton3,simde,128,main_scan_enc,5,"and 1",0.05,2.7474,2.4956,5,5,2026-10-06T10:46:22+00:00
graviton3,simde,128,main_scan_enc,5,"and 2",0.22,1.1234,1.6140,5,5,2026-10-06T10:46:22+00:00
graviton3,simde,128,main_scan_enc,5,"and 2",0.22,1.1281,1.6172,5,5,2026-10-06T10:46:22+00:00
graviton3,simde,128,main_scan_enc,5,"and 2",0.22,1.1511,1.6191,5,5,2026-10-06T10:46:22+00:00
graviton3,simde,128,main_scan_enc,5,"and 2",0.22,1.1333,1.6150,5,5,2026-10-06T10:46:22+00:00
graviton3,simde,128,main_scan_enc,5,"and 2",0.22,1.1463,1.6152,5,5,2026-10-06T10:46:22+00:00
graviton3,simde,128,main_scan_enc,5,"and 3",0.37,0.6465,1.2401,5,5,2026-10-06T10:46:22+00:00
graviton3,simde,128,main_scan_enc,5,"and 3",0.37,0.6475,1.2242,5,5,2026-10-06T10:46:22+00:00
graviton3,simde,128,main_scan_enc,5,"and 3",0.37,0.6472,1.2416,5,5,2026-10-06T10:46:22+00:00
graviton3,simde,128,main_scan_enc,5,"and 3",0.37,0.6473,1.2402,5,5,2026-10-06T10:46:22+00:00
graviton3,simde,128,main_scan_enc,5,"and 3",0.37,0.6476,1.2413,5,5,2026-10-06T10:46:22+00:00
graviton3,simde,128,main_scan_enc,5,"and 1",0.10,2.0704,1.9076,5,5,2026-10-06T10:46:22+00:00
graviton3,simde,128,main_scan_enc,5,"and 1",0.10,2.0815,1.9069,5,5,2026-10-06T10:46:22+00:00
graviton3,simde,128,main_scan_enc,5,"and 1",0.10,2.0976,1.9087,5,5,2026-10-06T10:46:22+00:00
graviton3,simde,128,main_scan_enc,5,"and 1",0.10,2.1081,1.9103,5,5,2026-10-06T10:46:22+00:00
graviton3,simde,128,main_scan_enc,5,"and 1",0.10,2.1205,1.9063,5,5,2026-10-06T10:46:22+00:00
graviton3,simde,128,main_scan_enc,5,"and 2",0.32,0.8340,1.3393,5,5,2026-10-06T10:46:22+00:00
graviton3,simde,128,main_scan_enc,5,"and 2",0.32,0.8372,1.3436,5,5,2026-10-06T10:46:22+00:00
graviton3,simde,128,main_scan_enc,5,"and 2",0.32,0.8313,1.3453,5,5,2026-10-06T10:46:22+00:00
graviton3,simde,128,main_scan_enc,5,"and 2",0.32,0.8340,1.3417,5,5,2026-10-06T10:46:22+00:00
graviton3,simde,128,main_scan_enc,5,"and 2",0.32,0.8360,1.3428,5,5,2026-10-06T10:46:22+00:00
graviton3,simde,128,main_scan_enc,5,"and 3",0.46,0.5170,0.9260,5,5,2026-10-06T10:46:22+00:00
graviton3,simde,128,main_scan_enc,5,"and 3",0.46,0.5174,1.0557,5,5,2026-10-06T10:46:22+00:00
graviton3,simde,128,main_scan_enc,5,"and 3",0.46,0.5173,1.0587,5,5,2026-10-06T10:46:22+00:00
graviton3,simde,128,main_scan_enc,5,"and 3",0.46,0.5174,1.0585,5,5,2026-10-06T10:46:22+00:00
graviton3,simde,128,main_scan_enc,5,"and 3",0.46,0.5175,1.0586,5,5,2026-10-06T10:46:22+00:00
graviton3,simde,128,main_scan_enc,5,"and 1",0.20,1.3720,1.4217,5,5,2026-10-06T10:46:22+00:00
graviton3,simde,128,main_scan_enc,5,"and 1",0.20,1.4244,1.4210,5,5,2026-10-06T10:46:22+00:00
graviton3,simde,128,main_scan_enc,5,"and 1",0.20,1.4278,1.4189,5,5,2026-10-06T10:46:22+00:00
graviton3,simde,128,main_scan_enc,5,"and 1",0.20,1.3993,1.4212,5,5,2026-10-06T10:46:22+00:00
graviton3,simde,128,main_scan_enc,5,"and 1",0.20,1.3924,1.4175,5,5,2026-10-06T10:46:22+00:00
graviton3,simde,128,main_scan_enc,5,"and 2",0.45,0.6151,1.0811,5,5,2026-10-06T10:46:22+00:00
graviton3,simde,128,main_scan_enc,5,"and 2",0.45,0.6156,1.0846,5,5,2026-10-06T10:46:22+00:00
graviton3,simde,128,main_scan_enc,5,"and 2",0.45,0.6147,1.0836,5,5,2026-10-06T10:46:22+00:00
graviton3,simde,128,main_scan_enc,5,"and 2",0.45,0.6152,1.0822,5,5,2026-10-06T10:46:22+00:00
graviton3,simde,128,main_scan_enc,5,"and 2",0.45,0.6147,1.0838,5,5,2026-10-06T10:46:22+00:00
graviton3,simde,128,main_scan_enc,5,"and 3",0.58,0.4653,0.8712,5,5,2026-10-06T10:46:22+00:00
graviton3,simde,128,main_scan_enc,5,"and 3",0.58,0.4654,0.8729,5,5,2026-10-06T10:46:22+00:00
graviton3,simde,128,main_scan_enc,5,"and 3",0.58,0.4650,0.8730,5,5,2026-10-06T10:46:22+00:00
graviton3,simde,128,main_scan_enc,5,"and 3",0.58,0.4653,0.8687,5,5,2026-10-06T10:46:22+00:00
graviton3,simde,128,main_scan_enc,5,"and 3",0.58,0.4654,0.8737,5,5,2026-10-06T10:46:22+00:00
graviton3,simde,128,main_scan_enc,5,"and 1",0.50,0.8616,0.8188,5,5,2026-10-06T10:46:22+00:00
graviton3,simde,128,main_scan_enc,5,"and 1",0.50,0.8600,0.8183,5,5,2026-10-06T10:46:22+00:00
graviton3,simde,128,main_scan_enc,5,"and 1",0.50,0.8614,0.8192,5,5,2026-10-06T10:46:22+00:00
graviton3,simde,128,main_scan_enc,5,"and 1",0.50,0.8619,0.8182,5,5,2026-10-06T10:46:22+00:00
graviton3,simde,128,main_scan_enc,5,"and 1",0.50,0.8613,0.8184,5,5,2026-10-06T10:46:22+00:00
graviton3,simde,128,main_scan_enc,5,"and 2",0.71,0.6800,0.6893,5,5,2026-10-06T10:46:22+00:00
graviton3,simde,128,main_scan_enc,5,"and 2",0.71,0.6585,0.6896,5,5,2026-10-06T10:46:22+00:00
graviton3,simde,128,main_scan_enc,5,"and 2",0.71,0.6520,0.6894,5,5,2026-10-06T10:46:22+00:00
graviton3,simde,128,main_scan_enc,5,"and 2",0.71,0.6563,0.6887,5,5,2026-10-06T10:46:22+00:00
graviton3,simde,128,main_scan_enc,5,"and 2",0.71,0.6561,0.6883,5,5,2026-10-06T10:46:22+00:00
graviton3,simde,128,main_scan_enc,5,"and 3",0.79,0.5769,0.6029,5,5,2026-10-06T10:46:22+00:00
graviton3,simde,128,main_scan_enc,5,"and 3",0.79,0.5771,0.6029,5,5,2026-10-06T10:46:22+00:00
graviton3,simde,128,main_scan_enc,5,"and 3",0.79,0.5746,0.6026,5,5,2026-10-06T10:46:22+00:00
graviton3,simde,128,main_scan_enc,5,"and 3",0.79,0.5770,0.6022,5,5,2026-10-06T10:46:22+00:00
graviton3,simde,128,main_scan_enc,5,"and 3",0.79,0.5747,0.6031,5,5,2026-10-06T10:46:22+00:00
graviton3,simde,128,main_scan_enc,5,"and 1",1.00,3.3008,0.4616,5,5,2026-10-06T10:46:22+00:00
graviton3,simde,128,main_scan_enc,5,"and 1",1.00,3.2968,0.4617,5,5,2026-10-06T10:46:22+00:00
graviton3,simde,128,main_scan_enc,5,"and 1",1.00,3.3097,0.4614,5,5,2026-10-06T10:46:22+00:00
graviton3,simde,128,main_scan_enc,5,"and 1",1.00,3.2972,0.4618,5,5,2026-10-06T10:46:22+00:00
graviton3,simde,128,main_scan_enc,5,"and 1",1.00,3.3131,0.4617,5,5,2026-10-06T10:46:22+00:00
graviton3,simde,128,main_scan_enc,5,"and 2",1.00,2.1340,0.4186,5,5,2026-10-06T10:46:22+00:00
graviton3,simde,128,main_scan_enc,5,"and 2",1.00,2.1364,0.4179,5,5,2026-10-06T10:46:22+00:00
graviton3,simde,128,main_scan_enc,5,"and 2",1.00,2.1276,0.4187,5,5,2026-10-06T10:46:22+00:00
graviton3,simde,128,main_scan_enc,5,"and 2",1.00,2.1271,0.4189,5,5,2026-10-06T10:46:22+00:00
graviton3,simde,128,main_scan_enc,5,"and 2",1.00,2.1411,0.4187,5,5,2026-10-06T10:46:22+00:00
graviton3,simde,128,main_scan_enc,5,"and 3",1.00,1.5381,0.3863,5,5,2026-10-06T10:46:22+00:00
graviton3,simde,128,main_scan_enc,5,"and 3",1.00,1.5419,0.3863,5,5,2026-10-06T10:46:22+00:00
graviton3,simde,128,main_scan_enc,5,"and 3",1.00,1.5406,0.3862,5,5,2026-10-06T10:46:22+00:00
graviton3,simde,128,main_scan_enc,5,"and 3",1.00,1.5412,0.3863,5,5,2026-10-06T10:46:22+00:00
graviton3,simde,128,main_scan_enc,5,"and 3",1.00,1.5430,0.3865,5,5,2026-10-06T10:46:22+00:00
graviton3,simde,256,main_scan_enc,5,"and 1",0.00,3.3199,6.7333,5,5,2026-10-06T10:46:36+00:00
graviton3,simde,256,main_scan_enc,5,"and 1",0.00,3.3272,6.7337,5,5,2026-10-06T10:46:36+00:00
graviton3,simde,256,main_scan_enc,5,"and 1",0.00,3.3383,6.7419,5,5,2026-10-06T10:46:36+00:00
graviton3,simde,256,main_scan_enc,5,"and 1",0.00,3.3552,6.7629,5,5,2026-10-06T10:46:36+00:00
graviton3,simde,256,main_scan_enc,5,"and 1",0.00,3.3600,6.7398,5,5,2026-10-06T10:46:36+00:00
graviton3,simde,256,main_scan_enc,5,"and 2",0.03,2.6055,4.0157,5,5,2026-10-06T10:46:36+00:00
graviton3,simde,256,main_scan_enc,5,"and 2",0.03,2.5924,4.0291,5,5,2026-10-06T10:46:36+00:00
graviton3,simde,256,main_scan_enc,5,"and 2",0.03,2.6172,4.0314,5,5,2026-10-06T10:46:36+00:00
graviton3,simde,256,main_scan_enc,5,"and 2",0.03,2.6124,4.0223,5,5,2026-10-06T10:46:36+00:00
graviton3,simde,256,main_scan_enc,5,"and 2",0.03,2.6018,4.0041,5,5,2026-10-06T10:46:36+00:00
graviton3,simde,256,main_scan_enc,5,"and 3",0.10,1.6418,2.5150,5,5,2026-10-06T10:46:36+00:00
graviton3,simde,256,main_scan_enc,5,"and 3",0.10,1.6550,2.5117,5,5,2026-10-06T10:46:36+00:00
graviton3,simde,256,main_scan_enc,5,"and 3",0.10,1.6964,2.5188,5,5,2026-10-06T10:46:36+00:00
graviton3,simde,256,main_scan_enc,5,"and 3",0.10,1.6914,2.5160,5,5,2026-10-06T10:46:36+00:00
graviton3,simde,256,main_scan_enc,5,"and 3",0.10,1.6987,2.5119,5,5,2026-10-06T10:46:36+00:00
graviton3,simde,256,main_scan_enc,5,"and 1",0.00,3.0868,6.3249,5,5,2026-10-06T10:46:36+00:00
graviton3,simde,256,main_scan_enc,5,"and 1",0.00,3.0920,6.3271,5,5,2026-10-06T10:46:36+00:00
graviton3,simde,256,main_scan_enc,5,"and 1",0.00,3.0737,6.3135,5,5,2026-10-06T10:46:36+00:00
graviton3,simde,256,main_scan_enc,5,"and 1",0.00,3.0854,6.3320,5,5,2026-10-06T10:46:36+00:00
graviton3,simde,256,main_scan_enc,5,"and 1",0.00,3.1093,6.3592,5,5,2026-10-06T10:46:36+00:00
graviton3,simde,256,main_scan_enc,5,"and 2",0.04,2.3305,3.6796,5,5,2026-10-06T10:46:36+00:00
graviton3,simde,256,main_scan_enc,5,"and 2",0.04,2.3386,3.6835,5,5,2026-10-06T10:46:36+00:00
graviton3,simde,256,main_scan_enc,5,"and 2",0.04,2.3313,3.6795,5,5,2026-10-06T10:46:36+00:00
graviton3,simde,256,main_scan_enc,5,"and 2",0.04,2.3317,3.6816,5,5,2026-10-06T10:46:36+00:00
graviton3,simde,256,main_scan_enc,5,"and 2",0.04,2.3396,3.6844,5,5,2026-10-06T10:46:36+00:00
graviton3,simde,256,main_scan_enc,5,"and 3",0.13,1.5033,2.3728,5,5,2026-10-06T10:46:36+00:00
graviton3,simde,256,main_scan_enc,5,"and 3",0.13,1.5273,2.3717,5,5,2026-10-06T10:46:36+00:00
graviton3,simde,256,main_scan_enc,5,"and 3",0.13,1.5268,2.3764,5,5,2026-10-06T10:46:36+00:00
graviton3,simde,256,main_scan_enc,5,"and 3",0.13,1.5375,2.3531,5,5,2026-10-06T10:46:36+00:00
graviton3,simde,256,main_scan_enc,5,"and 3",0.13,1.5456,2.3808,5,5,2026-10-06T10:46:36+00:00
graviton3,simde,256,main_scan_enc,5,"and 1",0.01,2.7223,5.5516,5,5,2026-10-06T10:46:36+00:00
graviton3,simde,256,main_scan_enc,5,"and 1",0.01,2.7157,5.5818,5,5,2026-10-06T10:46:36+00:00
graviton3,simde,256,main_scan_enc,5,"and 1",0.01,2.7022,5.5643,5,5,2026-10-06T10:46:36+00:00
graviton3,simde,256,main_scan_enc,5,"and 1",0.01,2.7251,5.5609,5,5,2026-10-06T10:46:36+00:00
graviton3,simde,256,main_scan_enc,5,"and 1",0.01,2.7069,5.5571,5,5,2026-10-06T10:46:36+00:00
graviton3,simde,256,main_scan_enc,5,"and 2",0.07,1.8853,3.1261,5,5,2026-10-06T10:46:36+00:00
graviton3,simde,256,main_scan_enc,5,"and 2",0.07,1.8859,3.1349,5,5,2026-10-06T10:46:36+00:00
graviton3,simde,256,main_scan_enc,5,"and 2",0.07,1.9000,3.1323,5,5,2026-10-06T10:46:36+00:00
graviton3,simde,256,main_scan_enc,5,"and 2",0.07,1.9056,3.1185,5,5,2026-10-06T10:46:36+00:00
graviton3,simde,256,main_scan_enc,5,"and 2",0.07,1.9282,3.1405,5,5,2026-10-06T10:46:36+00:00
graviton3,simde,256,main_scan_enc,5,"and 3",0.17,1.2025,2.1602,5,5,2026-10-06T10:46:36+00:00
graviton3,simde,256,main_scan_enc,5,"and 3",0.17,1.2330,2.1621,5,5,2026-10-06T10:46:36+00:00
graviton3,simde,256,main_scan_enc,5,"and 3",0.17,1.2380,2.1542,5,5,2026-10-06T10:46:36+00:00
graviton3,simde,256,main_scan_enc,5,"and 3",0.17,1.2438,2.1550,5,5,2026-10-06T10:46:36+00:00
graviton3,simde,256,main_scan_enc,5,"and 3",0.17,1.2446,2.1521,5,5,2026-10-06T10:46:36+00:00
graviton3,simde,256,main_scan_enc,5,"and 1",0.01,2.5013,4.8109,5,5,2026-10-06T10:46:36+00:00
graviton3,simde,256,main_scan_enc,5,"and 1",0.01,2.4979,4.7977,5,5,2026-10-06T10:46:36+00:00
graviton3,simde,256,main_scan_enc,5,"and 1",0.01,2.4857,4.8106,5,5,2026-10-06T10:46:36+00:00
graviton3,simde,256,main_scan_enc,5,"and 1",0.01,2.4814,4.8356,5,5,2026-10-06T10:46:36+00:00
graviton3,simde,256,main_scan_enc,5,"and 1",0.01,2.4827,4.8198,5,5,2026-10-06T10:46:36+00:00
graviton3,simde,256,main_scan_enc,5,"and 2",0.10,1.6360,2.7222,5,5,2026-10-06T10:46:36+00:00
graviton3,simde,256,main_scan_enc,5,"and 2",0.10,1.6401,2.7253,5,5,2026-10-06T10:46:36+00:00
graviton3,simde,256,main_scan_enc,5,"and 2",0.10,1.6425,2.7248,5,5,2026-10-06T10:46:36+00:00
graviton3,simde,256,main_scan_enc,5,"and 2",0.10,1.6436,2.7283,5,5,2026-10-06T10:46:36+00:00
graviton3,simde,256,main_scan_enc,5,"and 2",0.10,1.6465,2.7269,5,5,2026-10-06T10:46:36+00:00
graviton3,simde,256,main_scan_enc,5,"and 3",0.22,1.0287,2.0151,5,5,2026-10-06T10:46:36+00:00
graviton3,simde,256,main_scan_enc,5,"and 3",0.22,1.0466,2.0063,5,5,2026-10-06T10:46:36+00:00
graviton3,simde,256,main_scan_enc,5,"and 3",0.22,1.0605,2.0066,5,5,2026-10-06T10:46:36+00:00
graviton3,simde,256,main_scan_enc,5,"and 3",0.22,1.0500,2.0143,5,5,2026-10-06T10:46:36+00:00
graviton3,simde,256,main_scan_enc,5,"and 3",0.22,1.0605,2.0145,5,5,2026-10-06T10:46:36+00:00
graviton3,simde,256,main_scan_enc,5,"and 1",0.02,2.8161,3.9233,5,5,2026-10-06T10:46:36+00:00
graviton3,simde,256,main_scan_enc,5,"and 1",0.02,2.8053,3.9397,5,5,2026-10-06T10:46:36+00:00
graviton3,simde,256,main_scan_enc,5,"and 1",0.02,2.8162,3.9352,5,5,2026-10-06T10:46:36+00:00
graviton3,simde,256,main_scan_enc,5,"and 1",0.02,2.8126,3.9355,5,5,2026-10-06T10:46:36+00:00
graviton3,simde,256,main_scan_enc,5,"and 1",0.02,2.8192,3.9088,5,5,2026-10-06T10:46:36+00:00
graviton3,simde,256,main_scan_enc,5,"and 2",0.14,1.5031,2.3279,5,5,2026-10-06T10:46:36+00:00
graviton3,simde,256,main_scan_enc,5,"and 2",0.14,1.5270,2.3265,5,5,2026-10-06T10:46:36+00:00
graviton3,simde,256,main_scan_enc,5,"and 2",0.14,1.5372,2.3326,5,5,2026-10-06T10:46:36+00:00
graviton3,simde,256,main_scan_enc,5,"and 2",0.14,1.5422,2.3275,5,5,2026-10-06T10:46:36+00:00
graviton3,simde,256,main_scan_enc,5,"and 2",0.14,1.5464,2.3359,5,5,2026-10-06T10:46:36+00:00
graviton3,simde,256,main_scan_enc,5,"and 3",0.27,0.8772,1.7993,5,5,2026-10-06T10:46:36+00:00
graviton3,simde,256,main_scan_enc,5,"and 3",0.27,0.8866,1.7991,5,5,2026-10-06T10:46:36+00:00
graviton3,simde,256,main_scan_enc,5,"and 3",0.27,0.8869,1.7987,5,5,2026-10-06T10:46:36+00:00
graviton3,simde,256,main_scan_enc,5,"and 3",0.27,0.8919,1.7878,5,5,2026-10-06T10:46:36+00:00
graviton3,simde,256,main_scan_enc,5,"and 3",0.27,0.8839,1.7942,5,5,2026-10-06T10:46:36+00:00
graviton3,simde,256,main_scan_enc,5,"and 1",0.05,2.6966,2.8081,5,5,2026-10-06T10:46:36+00:00
graviton3,simde,256,main_scan_enc,5,"and 1",0.05,2.7058,2.8204,5,5,2026-10-06T10:46:36+00:00
graviton3,simde,256,main_scan_enc,5,"and 1",0.05,2.7496,2.8158,5,5,2026-10-06T10:46:36+00:00
graviton3,simde,256,main_scan_enc,5,"and 1",0.05,2.7411,2.8118,5,5,2026-10-06T10:46:36+00:00
graviton3,simde,256,main_scan_enc,5,"and 1",0.05,2.7493,2.8182,5,5,2026-10-06T10:46:36+00:00
graviton3,simde,256,main_scan_enc,5,"and 2",0.22,1.1332,1.8535,5,5,2026-10-06T10:46:36+00:00
graviton3,simde,256,main_scan_enc,5,"and 2",0.22,1.1459,1.8528,5,5,2026-10-06T10:46:36+00:00
graviton3,simde,256,main_scan_enc,5,"and 2",0.22,1.1597,1.8494,5,5,2026-10-06T10:46:36+00:00
graviton3,simde,256,main_scan_enc,5,"and 2",0.22,1.1636,1.8512,5,5,2026-10-06T10:46:36+00:00
graviton3,simde,256,main_scan_enc,5,"and 2",0.22,1.1585,1.8534,5,5,2026-10-06T10:46:36+00:00
graviton3,simde,256,main_scan_enc,5,"and 3",0.37,0.6427,1.4706,5,5,2026-10-06T10:46:36+00:00
graviton3,simde,256,main_scan_enc,5,"and 3",0.37,0.6484,1.4710,5,5,2026-10-06T10:46:36+00:00
graviton3,simde,256,main_scan_enc,5,"and 3",0.37,0.6467,1.4705,5,5,2026-10-06T10:46:36+00:00
graviton3,simde,256,main_scan_enc,5,"and 3",0.37,0.6451,1.4697,5,5,2026-10-06T10:46:36+00:00
graviton3,simde,256,main_scan_enc,5,"and 3",0.37,0.6480,1.4688,5,5,2026-10-06T10:46:36+00:00
graviton3,simde,256,main_scan_enc,5,"and 1",0.10,2.1289,2.0691,5,5,2026-10-06T10:46:36+00:00
graviton3,simde,256,main_scan_enc,5,"and 1",0.10,2.1357,2.0682,5,5,2026-10-06T10:46:36+00:00
graviton3,simde,256,main_scan_enc,5,"and 1",0.10,2.1355,2.0703,5,5,2026-10-06T10:46:36+00:00
graviton3,simde,256,main_scan_enc,5,"and 1",0.10,2.1458,2.0677,5,5,2026-10-06T10:46:36+00:00
graviton3,simde,256,main_scan_enc,5,"and 1",0.10,2.1549,2.0666,5,5,2026-10-06T10:46:36+00:00
graviton3,simde,256,main_scan_enc,5,"and 2",0.32,0.8400,1.4877,5,5,2026-10-06T10:46:36+00:00
graviton3,simde,256,main_scan_enc,5,"and 2",0.32,0.8352,1.4873,5,5,2026-10-06T10:46:36+00:00
graviton3,simde,256,main_scan_enc,5,"and 2",0.32,0.8346,1.4830,5,5,2026-10-06T10:46:36+00:00
graviton3,simde,256,main_scan_enc,5,"and 2",0.32,0.8319,1.4873,5,5,2026-10-06T10:46:36+00:00
graviton3,simde,256,main_scan_enc,5,"and 2",0.32,0.8303,1.4856,5,5,2026-10-06T10:46:36+00:00
graviton3,simde,256,main_scan_enc,5,"and 3",0.46,0.5171,1.2169,5,5,2026-10-06T10:46:36+00:00
graviton3,simde,256,main_scan_enc,5,"and 3",0.46,0.5173,1.2171,5,5,2026-10-06T10:46:36+00:00
graviton3,simde,256,main_scan_enc,5,"and 3",0.46,0.5172,1.2177,5,5,2026-10-06T10:46:36+00:00
graviton3,simde,256,main_scan_enc,5,"and 3",0.46,0.5174,1.2152,5,5,2026-10-06T10:46:36+00:00
graviton3,simde,256,main_scan_enc,5,"and 3",0.46,0.5170,1.2178,5,5,2026-10-06T10:46:36+00:00
graviton3,simde,256,main_scan_enc,5,"and 1",0.20,1.4367,1.4988,5,5,2026-10-06T10:46:36+00:00
graviton3,simde,256,main_scan_enc,5,"and 1",0.20,1.3420,1.4988,5,5,2026-10-06T10:46:36+00:00
graviton3,simde,256,main_scan_enc,5,"and 1",0.20,1.3551,1.5002,5,5,2026-10-06T10:46:36+00:00
graviton3,simde,256,main_scan_enc,5,"and 1",0.20,1.3034,1.4993,5,5,2026-10-06T10:46:36+00:00
graviton3,simde,256,main_scan_enc,5,"and 1",0.20,1.3409,1.4996,5,5,2026-10-06T10:46:36+00:00
graviton3,simde,256,main_scan_enc,5,"and 2",0.45,0.6153,1.1658,5,5,2026-10-06T10:46:36+00:00
graviton3,simde,256,main_scan_enc,5,"and 2",0.45,0.6152,1.1682,5,5,2026-10-06T10:46:36+00:00
graviton3,simde,256,main_scan_enc,5,"and 2",0.45,0.6150,1.1570,5,5,2026-10-06T10:46:36+00:00
graviton3,simde,256,main_scan_enc,5,"and 2",0.45,0.6160,1.1644,5,5,2026-10-06T10:46:36+00:00
graviton3,simde,256,main_scan_enc,5,"and 2",0.45,0.6157,1.1645,5,5,2026-10-06T10:46:36+00:00
graviton3,simde,256,main_scan_enc,5,"and 3",0.58,0.4647,0.9848,5,5,2026-10-06T10:46:36+00:00
graviton3,simde,256,main_scan_enc,5,"and 3",0.58,0.4650,0.9858,5,5,2026-10-06T10:46:36+00:00
graviton3,simde,256,main_scan_enc,5,"and 3",0.58,0.4649,0.9874,5,5,2026-10-06T10:46:36+00:00
graviton3,simde,256,main_scan_enc,5,"and 3",0.58,0.4647,0.9861,5,5,2026-10-06T10:46:36+00:00
graviton3,simde,256,main_scan_enc,5,"and 3",0.58,0.4652,0.9871,5,5,2026-10-06T10:46:36+00:00
graviton3,simde,256,main_scan_enc,5,"and 1",0.50,0.8616,0.8460,5,5,2026-10-06T10:46:36+00:00
graviton3,simde,256,main_scan_enc,5,"and 1",0.50,0.8620,0.8454,5,5,2026-10-06T10:46:36+00:00
graviton3,simde,256,main_scan_enc,5,"and 1",0.50,0.8614,0.8457,5,5,2026-10-06T10:46:36+00:00
graviton3,simde,256,main_scan_enc,5,"and 1",0.50,0.8615,0.8453,5,5,2026-10-06T10:46:36+00:00
graviton3,simde,256,main_scan_enc,5,"and 1",0.50,0.8621,0.8452,5,5,2026-10-06T10:46:36+00:00
graviton3,simde,256,main_scan_enc,5,"and 2",0.71,0.6764,0.7251,5,5,2026-10-06T10:46:36+00:00
graviton3,simde,256,main_scan_enc,5,"and 2",0.71,0.6519,0.7253,5,5,2026-10-06T10:46:36+00:00
graviton3,simde,256,main_scan_enc,5,"and 2",0.71,0.6576,0.7253,5,5,2026-10-06T10:46:36+00:00
graviton3,simde,256,main_scan_enc,5,"and 2",0.71,0.6563,0.7247,5,5,2026-10-06T10:46:36+00:00
graviton3,simde,256,main_scan_enc,5,"and 2",0.71,0.6535,0.7237,5,5,2026-10-06T10:46:36+00:00
graviton3,simde,256,main_scan_enc,5,"and 3",0.79,0.5695,0.6556,5,5,2026-10-06T10:46:36+00:00
graviton3,simde,256,main_scan_enc,5,"and 3",0.79,0.5728,0.6554,5,5,2026-10-06T10:46:36+00:00
graviton3,simde,256,main_scan_enc,5,"and 3",0.79,0.5733,0.6559,5,5,2026-10-06T10:46:36+00:00
graviton3,simde,256,main_scan_enc,5,"and 3",0.79,0.5732,0.6557,5,5,2026-10-06T10:46:36+00:00
graviton3,simde,256,main_scan_enc,5,"and 3",0.79,0.5720,0.6556,5,5,2026-10-06T10:46:36+00:00
graviton3,simde,256,main_scan_enc,5,"and 1",1.00,3.2976,0.5297,5,5,2026-10-06T10:46:36+00:00
graviton3,simde,256,main_scan_enc,5,"and 1",1.00,3.2991,0.5291,5,5,2026-10-06T10:46:36+00:00
graviton3,simde,256,main_scan_enc,5,"and 1",1.00,3.3020,0.5300,5,5,2026-10-06T10:46:36+00:00
graviton3,simde,256,main_scan_enc,5,"and 1",1.00,3.3078,0.5300,5,5,2026-10-06T10:46:36+00:00
graviton3,simde,256,main_scan_enc,5,"and 1",1.00,3.3140,0.5303,5,5,2026-10-06T10:46:36+00:00
graviton3,simde,256,main_scan_enc,5,"and 2",1.00,2.1326,0.4811,5,5,2026-10-06T10:46:36+00:00
graviton3,simde,256,main_scan_enc,5,"and 2",1.00,2.1327,0.4816,5,5,2026-10-06T10:46:36+00:00
graviton3,simde,256,main_scan_enc,5,"and 2",1.00,2.1370,0.4816,5,5,2026-10-06T10:46:36+00:00
graviton3,simde,256,main_scan_enc,5,"and 2",1.00,2.1347,0.4814,5,5,2026-10-06T10:46:36+00:00
graviton3,simde,256,main_scan_enc,5,"and 2",1.00,2.1337,0.4812,5,5,2026-10-06T10:46:36+00:00
graviton3,simde,256,main_scan_enc,5,"and 3",1.00,1.5440,0.4493,5,5,2026-10-06T10:46:36+00:00
graviton3,simde,256,main_scan_enc,5,"and 3",1.00,1.5420,0.4496,5,5,2026-10-06T10:46:36+00:00
graviton3,simde,256,main_scan_enc,5,"and 3",1.00,1.5421,0.4495,5,5,2026-10-06T10:46:36+00:00
graviton3,simde,256,main_scan_enc,5,"and 3",1.00,1.5374,0.4493,5,5,2026-10-06T10:46:36+00:00
graviton3,simde,256,main_scan_enc,5,"and 3",1.00,1.5416,0.4496,5,5,2026-10-06T10:46:36+00:00
graviton3,simde,128,main_gather,5,"gather_byte",100.00,0.152806,0.152806,5,5,2026-10-06T10:47:13+00:00
graviton3,simde,128,main_gather,5,"gather_short",100.00,0.137227,0.137227,5,5,2026-10-06T10:47:13+00:00
graviton3,simde,128,main_gather,5,"gather_int",100.00,0.162154,0.162154,5,5,2026-10-06T10:47:13+00:00
graviton3,simde,128,main_gather,5,"gather_long",100.00,0.146796,0.146796,5,5,2026-10-06T10:47:13+00:00
graviton3,simde,128,main_gather,5,"gather_char",100.00,0.025630,0.025630,5,5,2026-10-06T10:47:13+00:00
graviton3,simde,128,main_gather,5,"gather_encoded",100.00,0.099936,0.099936,5,5,2026-10-06T10:47:13+00:00
graviton3,simde,128,main_gather,5,"copy_encoded",100.00,1.464098,1.464098,5,5,2026-10-06T10:47:13+00:00
graviton3,simde,256,main_gather,5,"gather_byte",100.00,0.147066,0.147066,5,5,2026-10-06T10:48:13+00:00
graviton3,simde,256,main_gather,5,"gather_short",100.00,0.133475,0.133475,5,5,2026-10-06T10:48:13+00:00
graviton3,simde,256,main_gather,5,"gather_int",100.00,0.150115,0.150115,5,5,2026-10-06T10:48:13+00:00
graviton3,simde,256,main_gather,5,"gather_long",100.00,0.136890,0.136890,5,5,2026-10-06T10:48:13+00:00
graviton3,simde,256,main_gather,5,"gather_char",100.00,0.027723,0.027723,5,5,2026-10-06T10:48:13+00:00
graviton3,simde,256,main_gather,5,"gather_encoded",100.00,0.130289,0.130289,5,5,2026-10-06T10:48:13+00:00
graviton3,simde,256,main_gather,5,"copy_encoded",100.00,1.920100,1.920100,5,5,2026-10-06T10:48:13+00:00
graviton3,simde,128,main_hash,5,"jenkins_hash",100.00,0.017217,0.017217,5,5,2026-10-06T10:51:13+00:00
graviton3,simde,128,main_hash,5,"fnv_hash",100.00,0.025175,0.025175,5,5,2026-10-06T10:51:13+00:00
graviton3,simde,128,main_hash,5,"murmur_hash",100.00,0.054715,0.054715,5,5,2026-10-06T10:51:13+00:00
graviton3,simde,256,main_hash,5,"jenkins_hash",100.00,0.018665,0.018665,5,5,2026-10-06T10:51:38+00:00
graviton3,simde,256,main_hash,5,"fnv_hash",100.00,0.026458,0.026458,5,5,2026-10-06T10:51:38+00:00
graviton3,simde,256,main_hash,5,"murmur_hash",100.00,0.055785,0.055785,5,5,2026-10-06T10:51:38+00:00
graviton3,simde,128,main_select,5,"select_byte",100.00,2.875715,2.875715,5,5,2026-10-06T10:52:51+00:00
graviton3,simde,128,main_select,5,"select_short",100.00,3.509015,3.509015,5,5,2026-10-06T10:52:51+00:00
graviton3,simde,128,main_select,5,"select_int",100.00,4.169635,4.169635,5,5,2026-10-06T10:52:51+00:00
graviton3,simde,128,main_select,5,"select_long",100.00,1.015525,1.015525,5,5,2026-10-06T10:52:51+00:00
graviton3,simde,128,main_select,5,"select_float",100.00,3.693791,3.693791,5,5,2026-10-06T10:52:51+00:00
graviton3,simde,128,main_select,5,"select_double",100.00,0.892834,0.892834,5,5,2026-10-06T10:52:51+00:00
graviton3,simde,128,main_select,5,"select_char",100.00,0.128820,0.128820,5,5,2026-10-06T10:52:51+00:00
graviton3,simde,128,main_select,5,"select_encoded",100.00,1.250338,1.250338,5,5,2026-10-06T10:52:51+00:00
graviton3,simde,256,main_select,5,"select_byte",100.00,2.838601,2.838601,5,5,2026-10-06T10:53:27+00:00
graviton3,simde,256,main_select,5,"select_short",100.00,3.442010,3.442010,5,5,2026-10-06T10:53:27+00:00
graviton3,simde,256,main_select,5,"select_int",100.00,3.845846,3.845846,5,5,2026-10-06T10:53:27+00:00
graviton3,simde,256,main_select,5,"select_long",100.00,0.782038,0.782038,5,5,2026-10-06T10:53:27+00:00
graviton3,simde,256,main_select,5,"select_float",100.00,3.519888,3.519888,5,5,2026-10-06T10:53:27+00:00
graviton3,simde,256,main_select,5,"select_double",100.00,0.670527,0.670527,5,5,2026-10-06T10:53:27+00:00
graviton3,simde,256,main_select,5,"select_char",100.00,0.072890,0.072890,5,5,2026-10-06T10:53:27+00:00
graviton3,simde,256,main_select,5,"select_encoded",100.00,1.307691,1.307691,5,5,2026-10-06T10:53:27+00:00
graviton3,simde,128,main_filter,5,"filter_byte_eq",100.00,0.067072,0.067072,5,5,2026-10-06T10:55:14+00:00
graviton3,simde,128,main_filter,5,"filter_byte_lt",100.00,0.041567,0.041567,5,5,2026-10-06T10:55:14+00:00
graviton3,simde,128,main_filter,5,"filter_byte_gt",100.00,0.042587,0.042587,5,5,2026-10-06T10:55:14+00:00
graviton3,simde,128,main_filter,5,"filter_byte_ne",100.00,0.033325,0.033325,5,5,2026-10-06T10:55:14+00:00
graviton3,simde,128,main_filter,5,"filter_byte_le",100.00,0.041798,0.041798,5,5,2026-10-06T10:55:14+00:00
graviton3,simde,128,main_filter,5,"filter_byte_ge",100.00,0.042320,0.042320,5,5,2026-10-06T10:55:14+00:00
graviton3,simde,128,main_filter,5,"filter_short_eq",100.00,0.046002,0.046002,5,5,2026-10-06T10:55:14+00:00
graviton3,simde,128,main_filter,5,"filter_short_lt",100.00,0.032397,0.032397,5,5,2026-10-06T10:55:14+00:00
graviton3,simde,128,main_filter,5,"filter_short_gt",100.00,0.032758,0.032758,5,5,2026-10-06T10:55:14+00:00
graviton3,simde,128,main_filter,5,"filter_short_ne",100.00,0.029342,0.029342,5,5,2026-10-06T10:55:14+00:00
graviton3,simde,128,main_filter,5,"filter_short_le",100.00,0.032937,0.032937,5,5,2026-10-06T10:55:14+00:00
graviton3,simde,128,main_filter,5,"filter_short_ge",100.00,0.031737,0.031737,5,5,2026-10-06T10:55:14+00:00
graviton3,simde,128,main_filter,5,"filter_int_eq",100.00,0.040067,0.040067,5,5,2026-10-06T10:55:14+00:00
graviton3,simde,128,main_filter,5,"filter_int_lt",100.00,0.031395,0.031395,5,5,2026-10-06T10:55:14+00:00
graviton3,simde,128,main_filter,5,"filter_int_gt",100.00,0.031349,0.031349,5,5,2026-10-06T10:55:14+00:00
graviton3,simde,128,main_filter,5,"filter_int_ne",100.00,0.028433,0.028433,5,5,2026-10-06T10:55:14+00:00
graviton3,simde,128,main_filter,5,"filter_int_le",100.00,0.031229,0.031229,5,5,2026-10-06T10:55:14+00:00
graviton3,simde,128,main_filter,5,"filter_int_ge",100.00,0.031312,0.031312,5,5,2026-10-06T10:55:14+00:00
graviton3,simde,128,main_filter,5,"filter_long_eq",100.00,0.038412,0.038412,5,5,2026-10-06T10:55:14+00:00
graviton3,simde,128,main_filter,5,"filter_long_lt",100.00,0.032188,0.032188,5,5,2026-10-06T10:55:14+00:00
graviton3,simde,128,main_filter,5,"filter_long_gt",100.00,0.030975,0.030975,5,5,2026-10-06T10:55:14+00:00
graviton3,simde,128,main_filter,5,"filter_long_ne",100.00,0.028018,0.028018,5,5,2026-10-06T10:55:14+00:00
graviton3,simde,128,main_filter,5,"filter_long_le",100.00,0.032113,0.032113,5,5,2026-10-06T10:55:14+00:00
graviton3,simde,128,main_filter,5,"filter_long_ge",100.00,0.031972,0.031972,5,5,2026-10-06T10:55:14+00:00
graviton3,simde,128,main_filter,5,"filter_float_eq",100.00,0.042081,0.042081,5,5,2026-10-06T10:55:14+00:00
graviton3,simde,128,main_filter,5,"filter_float_lt",100.00,0.032877,0.032877,5,5,2026-10-06T10:55:14+00:00
graviton3,simde,128,main_filter,5,"filter_float_gt",100.00,0.032683,0.032683,5,5,2026-10-06T10:55:14+00:00
graviton3,simde,128,main_filter,5,"filter_float_ne",100.00,0.028457,0.028457,5,5,2026-10-06T10:55:14+00:00
graviton3,simde,128,main_filter,5,"filter_float_le",100.00,0.032915,0.032915,5,5,2026-10-06T10:55:14+00:00
graviton3,simde,128,main_filter,5,"filter_float_ge",100.00,0.032952,0.032952,5,5,2026-10-06T10:55:14+00:00
graviton3,simde,128,main_filter,5,"filter_double_eq",100.00,0.037516,0.037516,5,5,2026-10-06T10:55:14+00:00
graviton3,simde,128,main_filter,5,"filter_double_lt",100.00,0.032235,0.032235,5,5,2026-10-06T10:55:14+00:00
graviton3,simde,128,main_filter,5,"filter_double_gt",100.00,0.032252,0.032252,5,5,2026-10-06T10:55:14+00:00
graviton3,simde,128,main_filter,5,"filter_double_ne",100.00,0.028010,0.028010,5,5,2026-10-06T10:55:14+00:00
graviton3,simde,128,main_filter,5,"filter_double_le",100.00,0.031797,0.031797,5,5,2026-10-06T10:55:14+00:00
graviton3,simde,128,main_filter,5,"filter_double_ge",100.00,0.032123,0.032123,5,5,2026-10-06T10:55:14+00:00
graviton3,simde,128,main_filter,5,"filter_char_eq",100.00,0.033666,0.033666,5,5,2026-10-06T10:55:14+00:00
graviton3,simde,128,main_filter,5,"filter_char_lt",100.00,0.023891,0.023891,5,5,2026-10-06T10:55:14+00:00
graviton3,simde,128,main_filter,5,"filter_char_gt",100.00,0.023892,0.023892,5,5,2026-10-06T10:55:14+00:00
graviton3,simde,128,main_filter,5,"filter_char_ne",100.00,0.030730,0.030730,5,5,2026-10-06T10:55:14+00:00
graviton3,simde,128,main_filter,5,"filter_char_le",100.00,0.024314,0.024314,5,5,2026-10-06T10:55:14+00:00
graviton3,simde,128,main_filter,5,"filter_char_ge",100.00,0.024243,0.024243,5,5,2026-10-06T10:55:14+00:00
graviton3,simde,256,main_filter,5,"filter_byte_eq",100.00,0.054768,0.054768,5,5,2026-10-06T10:55:38+00:00
graviton3,simde,256,main_filter,5,"filter_byte_lt",100.00,0.037341,0.037341,5,5,2026-10-06T10:55:38+00:00
graviton3,simde,256,main_filter,5,"filter_byte_gt",100.00,0.036902,0.036902,5,5,2026-10-06T10:55:38+00:00
graviton3,simde,256,main_filter,5,"filter_byte_ne",100.00,0.031913,0.031913,5,5,2026-10-06T10:55:38+00:00
graviton3,simde,256,main_filter,5,"filter_byte_le",100.00,0.037642,0.037642,5,5,2026-10-06T10:55:38+00:00
graviton3,simde,256,main_filter,5,"filter_byte_ge",100.00,0.038110,0.038110,5,5,2026-10-06T10:55:38+00:00
graviton3,simde,256,main_filter,5,"filter_short_eq",100.00,0.038023,0.038023,5,5,2026-10-06T10:55:38+00:00
graviton3,simde,256,main_filter,5,"filter_short_lt",100.00,0.030928,0.030928,5,5,2026-10-06T10:55:38+00:00
graviton3,simde,256,main_filter,5,"filter_short_gt",100.00,0.030830,0.030830,5,5,2026-10-06T10:55:38+00:00
graviton3,simde,256,main_filter,5,"filter_short_ne",100.00,0.027918,0.027918,5,5,2026-10-06T10:55:38+00:00
graviton3,simde,256,main_filter,5,"filter_short_le",100.00,0.031253,0.031253,5,5,2026-10-06T10:55:38+00:00
graviton3,simde,256,main_filter,5,"filter_short_ge",100.00,0.030694,0.030694,5,5,2026-10-06T10:55:38+00:00
graviton3,simde,256,main_filter,5,"filter_int_eq",100.00,0.034632,0.034632,5,5,2026-10-06T10:55:38+00:00
graviton3,simde,256,main_filter,5,"filter_int_lt",100.00,0.030281,0.030281,5,5,2026-10-06T10:55:38+00:00
graviton3,simde,256,main_filter,5,"filter_int_gt",100.00,0.029712,0.029712,5,5,2026-10-06T10:55:38+00:00
graviton3,simde,256,main_filter,5,"filter_int_ne",100.00,0.027413,0.027413,5,5,2026-10-06T10:55:38+00:00
graviton3,simde,256,main_filter,5,"filter_int_le",100.00,0.029347,0.029347,5,5,2026-10-06T10:55:38+00:00
graviton3,simde,256,main_filter,5,"filter_int_ge",100.00,0.029452,0.029452,5,5,2026-10-06T10:55:38+00:00
graviton3,simde,256,main_filter,5,"filter_long_eq",100.00,0.034671,0.034671,5,5,2026-10-06T10:55:38+00:00
graviton3,simde,256,main_filter,5,"filter_long_lt",100.00,0.029984,0.029984,5,5,2026-10-06T10:55:38+00:00
graviton3,simde,256,main_filter,5,"filter_long_gt",100.00,0.029836,0.029836,5,5,2026-10-06T10:55:38+00:00
graviton3,simde,256,main_filter,5,"filter_long_ne",100.00,0.026667,0.026667,5,5,2026-10-06T10:55:38+00:00
graviton3,simde,256,main_filter,5,"filter_long_le",100.00,0.030186,0.030186,5,5,2026-10-06T10:55:38+00:00
graviton3,simde,256,main_filter,5,"filter_long_ge",100.00,0.029787,0.029787,5,5,2026-10-06T10:55:38+00:00
graviton3,simde,256,main_filter,5,"filter_float_eq",100.00,0.038194,0.038194,5,5,2026-10-06T10:55:38+00:00
graviton3,simde,256,main_filter,5,"filter_float_lt",100.00,0.030950,0.030950,5,5,2026-10-06T10:55:38+00:00
graviton3,simde,256,main_filter,5,"filter_float_gt",100.00,0.030271,0.030271,5,5,2026-10-06T10:55:38+00:00
graviton3,simde,256,main_filter,5,"filter_float_ne",100.00,0.028806,0.028806,5,5,2026-10-06T10:55:38+00:00
graviton3,simde,256,main_filter,5,"filter_float_le",100.00,0.030501,0.030501,5,5,2026-10-06T10:55:38+00:00
graviton3,simde,256,main_filter,5,"filter_float_ge",100.00,0.030527,0.030527,5,5,2026-10-06T10:55:38+00:00
graviton3,simde,256,main_filter,5,"filter_double_eq",100.00,0.032538,0.032538,5,5,2026-10-06T10:55:38+00:00
graviton3,simde,256,main_filter,5,"filter_double_lt",100.00,0.028629,0.028629,5,5,2026-10-06T10:55:38+00:00
graviton3,simde,256,main_filter,5,"filter_double_gt",100.00,0.028686,0.028686,5,5,2026-10-06T10:55:38+00:00
graviton3,simde,256,main_filter,5,"filter_double_ne",100.00,0.025892,0.025892,5,5,2026-10-06T10:55:38+00:00
graviton3,simde,256,main_filter,5,"filter_double_le",100.00,0.029362,0.029362,5,5,2026-10-06T10:55:38+00:00
graviton3,simde,256,main_filter,5,"filter_double_ge",100.00,0.029124,0.029124,5,5,2026-10-06T10:55:38+00:00
graviton3,simde,256,main_filter,5,"filter_char_eq",100.00,0.030693,0.030693,5,5,2026-10-06T10:55:38+00:00
graviton3,simde,256,main_filter,5,"filter_char_lt",100.00,0.020826,0.020826,5,5,2026-10-06T10:55:38+00:00
graviton3,simde,256,main_filter,5,"filter_char_gt",100.00,0.020941,0.020941,5,5,2026-10-06T10:55:38+00:00
graviton3,simde,256,main_filter,5,"filter_char_ne",100.00,0.028833,0.028833,5,5,2026-10-06T10:55:38+00:00
graviton3,simde,256,main_filter,5,"filter_char_le",100.00,0.021227,0.021227,5,5,2026-10-06T10:55:38+00:00
graviton3,simde,256,main_filter,5,"filter_char_ge",100.00,0.021420,0.021420,5,5,2026-10-06T10:55:38+00:00
graviton3,simde,256,main_shuffle,5,"shuffle_offset",100.00,0.072443,0.072443,5,5,2026-10-06T10:59:04+00:00
graviton3,simde,256,main_shuffle,5,"shuffle_byte",100.00,0.805726,0.805726,5,5,2026-10-06T10:59:04+00:00
graviton3,simde,256,main_shuffle,5,"flush_byte",100.00,1671.903376,1671.903376,5,5,2026-10-06T10:59:04+00:00
graviton3,simde,256,main_shuffle,5,"shuffle_short",100.00,0.671141,0.671141,5,5,2026-10-06T10:59:04+00:00
graviton3,simde,256,main_shuffle,5,"flush_short",100.00,1683.648041,1683.648041,5,5,2026-10-06T10:59:04+00:00
graviton3,simde,256,main_shuffle,5,"shuffle_int",100.00,0.584045,0.584045,5,5,2026-10-06T10:59:04+00:00
graviton3,simde,256,main_shuffle,5,"flush_int",100.00,2095.266260,2095.266260,5,5,2026-10-06T10:59:04+00:00
graviton3,simde,256,main_shuffle,5,"shuffle_long",100.00,0.426984,0.426984,5,5,2026-10-06T10:59:04+00:00
graviton3,simde,256,main_shuffle,5,"flush_long",100.00,2646.081635,2646.081635,5,5,2026-10-06T10:59:04+00:00
graviton3,simde,256,main_shuffle,5,"shuffle_char",100.00,0.034326,0.034326,5,5,2026-10-06T10:59:04+00:00
graviton3,simde,256,main_shuffle,5,"flush_char",100.00,1797.265426,1797.265426,5,5,2026-10-06T10:59:04+00:00
graviton3,simde,128,main_expr,5,"expr_float/+",100.00,4.863686,4.863686,5,5,2026-10-06T11:05:57+00:00
graviton3,simde,128,main_expr,5,"expr_float/-",100.00,6.531835,6.531835,5,5,2026-10-06T11:05:57+00:00
graviton3,simde,128,main_expr,5,"expr_float/*",100.00,6.768145,6.768145,5,5,2026-10-06T11:05:57+00:00
graviton3,simde,128,main_expr,5,"expr_float//",100.00,3.418583,3.418583,5,5,2026-10-06T11:05:57+00:00
graviton3,simde,128,main_expr,5,"expr_double/+",100.00,2.287346,2.287346,5,5,2026-10-06T11:05:57+00:00
graviton3,simde,128,main_expr,5,"expr_double/-",100.00,2.818897,2.818897,5,5,2026-10-06T11:05:57+00:00
graviton3,simde,128,main_expr,5,"expr_double/*",100.00,2.975321,2.975321,5,5,2026-10-06T11:05:57+00:00
graviton3,simde,128,main_expr,5,"expr_double//",100.00,1.030291,1.030291,5,5,2026-10-06T11:05:57+00:00
graviton3,simde,128,main_expr,5,"expr_decimal/+",100.00,1.876458,1.876458,5,5,2026-10-06T11:05:57+00:00
graviton3,simde,128,main_expr,5,"expr_decimal/-",100.00,2.211409,2.211409,5,5,2026-10-06T11:05:57+00:00
graviton3,simde,128,main_expr,5,"expr_decimal/*",100.00,0.312030,0.312030,5,5,2026-10-06T11:05:57+00:00
graviton3,simde,128,main_expr,5,"expr_decimal//",100.00,0.220875,0.220875,5,5,2026-10-06T11:05:57+00:00
graviton3,simde,256,main_expr,5,"expr_float/+",100.00,4.949928,4.949928,5,5,2026-10-06T11:05:59+00:00
graviton3,simde,256,main_expr,5,"expr_float/-",100.00,6.551256,6.551256,5,5,2026-10-06T11:05:59+00:00
graviton3,simde,256,main_expr,5,"expr_float/*",100.00,6.864110,6.864110,5,5,2026-10-06T11:05:59+00:00
graviton3,simde,256,main_expr,5,"expr_float//",100.00,3.429092,3.429092,5,5,2026-10-06T11:05:59+00:00
graviton3,simde,256,main_expr,5,"expr_double/+",100.00,2.305057,2.305057,5,5,2026-10-06T11:05:59+00:00
graviton3,simde,256,main_expr,5,"expr_double/-",100.00,2.876615,2.876615,5,5,2026-10-06T11:05:59+00:00
graviton3,simde,256,main_expr,5,"expr_double/*",100.00,3.035552,3.035552,5,5,2026-10-06T11:05:59+00:00
graviton3,simde,256,main_expr,5,"expr_double//",100.00,1.030341,1.030341,5,5,2026-10-06T11:05:59+00:00
graviton3,simde,256,main_expr,5,"expr_decimal/+",100.00,1.586973,1.586973,5,5,2026-10-06T11:05:59+00:00
graviton3,simde,256,main_expr,5,"expr_decimal/-",100.00,1.830303,1.830303,5,5,2026-10-06T11:05:59+00:00
graviton3,simde,256,main_expr,5,"expr_decimal/*",100.00,0.244809,0.244809,5,5,2026-10-06T11:05:59+00:00
graviton3,simde,256,main_expr,5,"expr_decimal//",100.00,0.194746,0.194746,5,5,2026-10-06T11:05:59+00:00
graviton3,simde,128,main_part,5,"int * 1 | 2^4",,0.2335,0.2335,5,5,2026-10-06T11:06:11+00:00
graviton3,simde,128,main_part,5,"int * 1 | 2^4",,0.2336,0.2336,5,5,2026-10-06T11:06:11+00:00
graviton3,simde,128,main_part,5,"int * 1 | 2^4",,0.2336,0.2336,5,5,2026-10-06T11:06:11+00:00
graviton3,simde,128,main_part,5,"int * 1 | 2^4",,0.2337,0.2337,5,5,2026-10-06T11:06:11+00:00
graviton3,simde,128,main_part,5,"int * 1 | 2^4",,0.2337,0.2337,5,5,2026-10-06T11:06:11+00:00
graviton3,simde,128,main_part,5,"int * 1 | 2^5",,0.2337,0.2337,5,5,2026-10-06T11:06:11+00:00
graviton3,simde,128,main_part,5,"int * 1 | 2^5",,0.2336,0.2336,5,5,2026-10-06T11:06:11+00:00
graviton3,simde,128,main_part,5,"int * 1 | 2^5",,0.2336,0.2336,5,5,2026-10-06T11:06:11+00:00
graviton3,simde,128,main_part,5,"int * 1 | 2^5",,0.2335,0.2335,5,5,2026-10-06T11:06:11+00:00
graviton3,simde,128,main_part,5,"int * 1 | 2^5",,0.2337,0.2337,5,5,2026-10-06T11:06:11+00:00
graviton3,simde,128,main_part,5,"int * 1 | 2^6",,0.2336,0.2336,5,5,2026-10-06T11:06:11+00:00
graviton3,simde,128,main_part,5,"int * 1 | 2^6",,0.2335,0.2335,5,5,2026-10-06T11:06:11+00:00
graviton3,simde,128,main_part,5,"int * 1 | 2^6",,0.2335,0.2335,5,5,2026-10-06T11:06:11+00:00
graviton3,simde,128,main_part,5,"int * 1 | 2^6",,0.2335,0.2335,5,5,2026-10-06T11:06:11+00:00
graviton3,simde,128,main_part,5,"int * 1 | 2^6",,0.2335,0.2335,5,5,2026-10-06T11:06:11+00:00
graviton3,simde,128,main_part,5,"int * 1 | 2^7",,0.2332,0.2332,5,5,2026-10-06T11:06:11+00:00
graviton3,simde,128,main_part,5,"int * 1 | 2^7",,0.2332,0.2332,5,5,2026-10-06T11:06:11+00:00
graviton3,simde,128,main_part,5,"int * 1 | 2^7",,0.2334,0.2334,5,5,2026-10-06T11:06:11+00:00
graviton3,simde,128,main_part,5,"int * 1 | 2^7",,0.2334,0.2334,5,5,2026-10-06T11:06:11+00:00
graviton3,simde,128,main_part,5,"int * 1 | 2^7",,0.2333,0.2333,5,5,2026-10-06T11:06:11+00:00
graviton3,simde,128,main_part,5,"int * 1 | 2^8",,0.2318,0.2318,5,5,2026-10-06T11:06:11+00:00
graviton3,simde,128,main_part,5,"int * 1 | 2^8",,0.2321,0.2321,5,5,2026-10-06T11:06:11+00:00
graviton3,simde,128,main_part,5,"int * 1 | 2^8",,0.2322,0.2322,5,5,2026-10-06T11:06:11+00:00
graviton3,simde,128,main_part,5,"int * 1 | 2^8",,0.2321,0.2321,5,5,2026-10-06T11:06:11+00:00
graviton3,simde,128,main_part,5,"int * 1 | 2^8",,0.2322,0.2322,5,5,2026-10-06T11:06:11+00:00
graviton3,simde,128,main_part,5,"int * 2 | 2^4",,0.2184,0.2184,5,5,2026-10-06T11:06:11+00:00
graviton3,simde,128,main_part,5,"int * 2 | 2^4",,0.2184,0.2184,5,5,2026-10-06T11:06:11+00:00
graviton3,simde,128,main_part,5,"int * 2 | 2^4",,0.2184,0.2184,5,5,2026-10-06T11:06:11+00:00
graviton3,simde,128,main_part,5,"int * 2 | 2^4",,0.2185,0.2185,5,5,2026-10-06T11:06:11+00:00
graviton3,simde,128,main_part,5,"int * 2 | 2^4",,0.2184,0.2184,5,5,2026-10-06T11:06:11+00:00
graviton3,simde,128,main_part,5,"int * 2 | 2^5",,0.2182,0.2182,5,5,2026-10-06T11:06:11+00:00
graviton3,simde,128,main_part,5,"int * 2 | 2^5",,0.2182,0.2182,5,5,2026-10-06T11:06:11+00:00
graviton3,simde,128,main_part,5,"int * 2 | 2^5",,0.2182,0.2182,5,5,2026-10-06T11:06:11+00:00
graviton3,simde,128,main_part,5,"int * 2 | 2^5",,0.2181,0.2181,5,5,2026-10-06T11:06:11+00:00
graviton3,simde,128,main_part,5,"int * 2 | 2^5",,0.2181,0.2181,5,5,2026-10-06T11:06:11+00:00
graviton3,simde,128,main_part,5,"int * 2 | 2^6",,0.2178,0.2178,5,5,2026-10-06T11:06:11+00:00
graviton3,simde,128,main_part,5,"int * 2 | 2^6",,0.2176,0.2176,5,5,2026-10-06T11:06:11+00:00
graviton3,simde,128,main_part,5,"int * 2 | 2^6",,0.2177,0.2177,5,5,2026-10-06T11:06:11+00:00
graviton3,simde,128,main_part,5,"int * 2 | 2^6",,0.2177,0.2177,5,5,2026-10-06T11:06:11+00:00
graviton3,simde,128,main_part,5,"int * 2 | 2^6",,0.2178,0.2178,5,5,2026-10-06T11:06:11+00:00
graviton3,simde,128,main_part,5,"int * 2 | 2^7",,0.2174,0.2174,5,5,2026-10-06T11:06:11+00:00
graviton3,simde,128,main_part,5,"int * 2 | 2^7",,0.2175,0.2175,5,5,2026-10-06T11:06:11+00:00
graviton3,simde,128,main_part,5,"int * 2 | 2^7",,0.2174,0.2174,5,5,2026-10-06T11:06:11+00:00
graviton3,simde,128,main_part,5,"int * 2 | 2^7",,0.2170,0.2170,5,5,2026-10-06T11:06:11+00:00
graviton3,simde,128,main_part,5,"int * 2 | 2^7",,0.2172,0.2172,5,5,2026-10-06T11:06:11+00:00
graviton3,simde,128,main_part,5,"int * 2 | 2^8",,0.2090,0.2090,5,5,2026-10-06T11:06:11+00:00
graviton3,simde,128,main_part,5,"int * 2 | 2^8",,0.2091,0.2091,5,5,2026-10-06T11:06:11+00:00
graviton3,simde,128,main_part,5,"int * 2 | 2^8",,0.2088,0.2088,5,5,2026-10-06T11:06:11+00:00
graviton3,simde,128,main_part,5,"int * 2 | 2^8",,0.2093,0.2093,5,5,2026-10-06T11:06:11+00:00
graviton3,simde,128,main_part,5,"int * 2 | 2^8",,0.2091,0.2091,5,5,2026-10-06T11:06:11+00:00
graviton3,simde,128,main_part,5,"int * 3 | 2^4",,0.2049,0.2049,5,5,2026-10-06T11:06:11+00:00
graviton3,simde,128,main_part,5,"int * 3 | 2^4",,0.2050,0.2050,5,5,2026-10-06T11:06:11+00:00
graviton3,simde,128,main_part,5,"int * 3 | 2^4",,0.2049,0.2049,5,5,2026-10-06T11:06:11+00:00
graviton3,simde,128,main_part,5,"int * 3 | 2^4",,0.2050,0.2050,5,5,2026-10-06T11:06:11+00:00
graviton3,simde,128,main_part,5,"int * 3 | 2^4",,0.2047,0.2047,5,5,2026-10-06T11:06:11+00:00
graviton3,simde,128,main_part,5,"int * 3 | 2^5",,0.2047,0.2047,5,5,2026-10-06T11:06:11+00:00
graviton3,simde,128,main_part,5,"int * 3 | 2^5",,0.2046,0.2046,5,5,2026-10-06T11:06:11+00:00
graviton3,simde,128,main_part,5,"int * 3 | 2^5",,0.2046,0.2046,5,5,2026-10-06T11:06:11+00:00
graviton3,simde,128,main_part,5,"int * 3 | 2^5",,0.2048,0.2048,5,5,2026-10-06T11:06:11+00:00
graviton3,simde,128,main_part,5,"int * 3 | 2^5",,0.2047,0.2047,5,5,2026-10-06T11:06:11+00:00
graviton3,simde,128,main_part,5,"int * 3 | 2^6",,0.2038,0.2038,5,5,2026-10-06T11:06:11+00:00
graviton3,simde,128,main_part,5,"int * 3 | 2^6",,0.2038,0.2038,5,5,2026-10-06T11:06:11+00:00
graviton3,simde,128,main_part,5,"int * 3 | 2^6",,0.2038,0.2038,5,5,2026-10-06T11:06:11+00:00
graviton3,simde,128,main_part,5,"int * 3 | 2^6",,0.2038,0.2038,5,5,2026-10-06T11:06:11+00:00
graviton3,simde,128,main_part,5,"int * 3 | 2^6",,0.2039,0.2039,5,5,2026-10-06T11:06:11+00:00
graviton3,simde,128,main_part,5,"int * 3 | 2^7",,0.2036,0.2036,5,5,2026-10-06T11:06:11+00:00
graviton3,simde,128,main_part,5,"int * 3 | 2^7",,0.1985,0.1985,5,5,2026-10-06T11:06:11+00:00
graviton3,simde,128,main_part,5,"int * 3 | 2^7",,0.1981,0.1981,5,5,2026-10-06T11:06:11+00:00
graviton3,simde,128,main_part,5,"int * 3 | 2^7",,0.2034,0.2034,5,5,2026-10-06T11:06:11+00:00
graviton3,simde,128,main_part,5,"int * 3 | 2^7",,0.2034,0.2034,5,5,2026-10-06T11:06:11+00:00
graviton3,simde,128,main_part,5,"int * 3 | 2^8",,0.1925,0.1925,5,5,2026-10-06T11:06:11+00:00
graviton3,simde,128,main_part,5,"int * 3 | 2^8",,0.1923,0.1923,5,5,2026-10-06T11:06:11+00:00
graviton3,simde,128,main_part,5,"int * 3 | 2^8",,0.1922,0.1922,5,5,2026-10-06T11:06:11+00:00
graviton3,simde,128,main_part,5,"int * 3 | 2^8",,0.1921,0.1921,5,5,2026-10-06T11:06:11+00:00
graviton3,simde,128,main_part,5,"int * 3 | 2^8",,0.1920,0.1920,5,5,2026-10-06T11:06:11+00:00
graviton3,simde,256,main_part,5,"int * 1 | 2^4",,0.2275,0.2275,5,5,2026-10-06T11:06:29+00:00
graviton3,simde,256,main_part,5,"int * 1 | 2^4",,0.2275,0.2275,5,5,2026-10-06T11:06:29+00:00
graviton3,simde,256,main_part,5,"int * 1 | 2^4",,0.2275,0.2275,5,5,2026-10-06T11:06:29+00:00
graviton3,simde,256,main_part,5,"int * 1 | 2^4",,0.2275,0.2275,5,5,2026-10-06T11:06:29+00:00
graviton3,simde,256,main_part,5,"int * 1 | 2^4",,0.2275,0.2275,5,5,2026-10-06T11:06:29+00:00
graviton3,simde,256,main_part,5,"int * 1 | 2^5",,0.2275,0.2275,5,5,2026-10-06T11:06:29+00:00
graviton3,simde,256,main_part,5,"int * 1 | 2^5",,0.2275,0.2275,5,5,2026-10-06T11:06:29+00:00
graviton3,simde,256,main_part,5,"int * 1 | 2^5",,0.2271,0.2271,5,5,2026-10-06T11:06:29+00:00
graviton3,simde,256,main_part,5,"int * 1 | 2^5",,0.2275,0.2275,5,5,2026-10-06T11:06:29+00:00
graviton3,simde,256,main_part,5,"int * 1 | 2^5",,0.2275,0.2275,5,5,2026-10-06T11:06:29+00:00
graviton3,simde,256,main_part,5,"int * 1 | 2^6",,0.2273,0.2273,5,5,2026-10-06T11:06:29+00:00
graviton3,simde,256,main_part,5,"int * 1 | 2^6",,0.2273,0.2273,5,5,2026-10-06T11:06:29+00:00
graviton3,simde,256,main_part,5,"int * 1 | 2^6",,0.2274,0.2274,5,5,2026-10-06T11:06:29+00:00
graviton3,simde,256,main_part,5,"int * 1 | 2^6",,0.2275,0.2275,5,5,2026-10-06T11:06:29+00:00
graviton3,simde,256,main_part,5,"int * 1 | 2^6",,0.2274,0.2274,5,5,2026-10-06T11:06:29+00:00
graviton3,simde,256,main_part,5,"int * 1 | 2^7",,0.2273,0.2273,5,5,2026-10-06T11:06:29+00:00
graviton3,simde,256,main_part,5,"int * 1 | 2^7",,0.2272,0.2272,5,5,2026-10-06T11:06:29+00:00
graviton3,simde,256,main_part,5,"int * 1 | 2^7",,0.2272,0.2272,5,5,2026-10-06T11:06:29+00:00
graviton3,simde,256,main_part,5,"int * 1 | 2^7",,0.2272,0.2272,5,5,2026-10-06T11:06:29+00:00
graviton3,simde,256,main_part,5,"int * 1 | 2^7",,0.2272,0.2272,5,5,2026-10-06T11:06:29+00:00
graviton3,simde,256,main_part,5,"int * 1 | 2^8",,0.2258,0.2258,5,5,2026-10-06T11:06:29+00:00
graviton3,simde,256,main_part,5,"int * 1 | 2^8",,0.2258,0.2258,5,5,2026-10-06T11:06:29+00:00
graviton3,simde,256,main_part,5,"int * 1 | 2^8",,0.2258,0.2258,5,5,2026-10-06T11:06:29+00:00
graviton3,simde,256,main_part,5,"int * 1 | 2^8",,0.2257,0.2257,5,5,2026-10-06T11:06:29+00:00
graviton3,simde,256,main_part,5,"int * 1 | 2^8",,0.2258,0.2258,5,5,2026-10-06T11:06:29+00:00
graviton3,simde,256,main_part,5,"int * 2 | 2^4",,0.2149,0.2149,5,5,2026-10-06T11:06:29+00:00
graviton3,simde,256,main_part,5,"int * 2 | 2^4",,0.2150,0.2150,5,5,2026-10-06T11:06:29+00:00
graviton3,simde,256,main_part,5,"int * 2 | 2^4",,0.2148,0.2148,5,5,2026-10-06T11:06:29+00:00
graviton3,simde,256,main_part,5,"int * 2 | 2^4",,0.2149,0.2149,5,5,2026-10-06T11:06:29+00:00
graviton3,simde,256,main_part,5,"int * 2 | 2^4",,0.2149,0.2149,5,5,2026-10-06T11:06:29+00:00
graviton3,simde,256,main_part,5,"int * 2 | 2^5",,0.2149,0.2149,5,5,2026-10-06T11:06:29+00:00
graviton3,simde,256,main_part,5,"int * 2 | 2^5",,0.2150,0.2150,5,5,2026-10-06T11:06:29+00:00
graviton3,simde,256,main_part,5,"int * 2 | 2^5",,0.2149,0.2149,5,5,2026-10-06T11:06:29+00:00
graviton3,simde,256,main_part,5,"int * 2 | 2^5",,0.2148,0.2148,5,5,2026-10-06T11:06:29+00:00
graviton3,simde,256,main_part,5,"int * 2 | 2^5",,0.2148,0.2148,5,5,2026-10-06T11:06:29+00:00
graviton3,simde,256,main_part,5,"int * 2 | 2^6",,0.2144,0.2144,5,5,2026-10-06T11:06:29+00:00
graviton3,simde,256,main_part,5,"int * 2 | 2^6",,0.2124,0.2124,5,5,2026-10-06T11:06:29+00:00
graviton3,simde,256,main_part,5,"int * 2 | 2^6",,0.2143,0.2143,5,5,2026-10-06T11:06:29+00:00
graviton3,simde,256,main_part,5,"int * 2 | 2^6",,0.2139,0.2139,5,5,2026-10-06T11:06:29+00:00
graviton3,simde,256,main_part,5,"int * 2 | 2^6",,0.2143,0.2143,5,5,2026-10-06T11:06:29+00:00
graviton3,simde,256,main_part,5,"int * 2 | 2^7",,0.2140,0.2140,5,5,2026-10-06T11:06:29+00:00
graviton3,simde,256,main_part,5,"int * 2 | 2^7",,0.2139,0.2139,5,5,2026-10-06T11:06:29+00:00
graviton3,simde,256,main_part,5,"int * 2 | 2^7",,0.2140,0.2140,5,5,2026-10-06T11:06:29+00:00
graviton3,simde,256,main_part,5,"int * 2 | 2^7",,0.2140,0.2140,5,5,2026-10-06T11:06:29+00:00
graviton3,simde,256,main_part,5,"int * 2 | 2^7",,0.2140,0.2140,5,5,2026-10-06T11:06:29+00:00
graviton3,simde,256,main_part,5,"int * 2 | 2^8",,0.2075,0.2075,5,5,2026-10-06T11:06:29+00:00
graviton3,simde,256,main_part,5,"int * 2 | 2^8",,0.2076,0.2076,5,5,2026-10-06T11:06:29+00:00
graviton3,simde,256,main_part,5,"int * 2 | 2^8",,0.2072,0.2072,5,5,2026-10-06T11:06:29+00:00
graviton3,simde,256,main_part,5,"int * 2 | 2^8",,0.2076,0.2076,5,5,2026-10-06T11:06:29+00:00
graviton3,simde,256,main_part,5,"int * 2 | 2^8",,0.2072,0.2072,5,5,2026-10-06T11:06:29+00:00
graviton3,simde,256,main_part,5,"int * 3 | 2^4",,0.2035,0.2035,5,5,2026-10-06T11:06:29+00:00
graviton3,simde,256,main_part,5,"int * 3 | 2^4",,0.2031,0.2031,5,5,2026-10-06T11:06:29+00:00
graviton3,simde,256,main_part,5,"int * 3 | 2^4",,0.2035,0.2035,5,5,2026-10-06T11:06:29+00:00
graviton3,simde,256,main_part,5,"int * 3 | 2^4",,0.2035,0.2035,5,5,2026-10-06T11:06:29+00:00
graviton3,simde,256,main_part,5,"int * 3 | 2^4",,0.2035,0.2035,5,5,2026-10-06T11:06:29+00:00
graviton3,simde,256,main_part,5,"int * 3 | 2^5",,0.2034,0.2034,5,5,2026-10-06T11:06:29+00:00
graviton3,simde,256,main_part,5,"int * 3 | 2^5",,0.2034,0.2034,5,5,2026-10-06T11:06:29+00:00
graviton3,simde,256,main_part,5,"int * 3 | 2^5",,0.2033,0.2033,5,5,2026-10-06T11:06:29+00:00
graviton3,simde,256,main_part,5,"int * 3 | 2^5",,0.2033,0.2033,5,5,2026-10-06T11:06:29+00:00
graviton3,simde,256,main_part,5,"int * 3 | 2^5",,0.2033,0.2033,5,5,2026-10-06T11:06:29+00:00
graviton3,simde,256,main_part,5,"int * 3 | 2^6",,0.2027,0.2027,5,5,2026-10-06T11:06:29+00:00
graviton3,simde,256,main_part,5,"int * 3 | 2^6",,0.2027,0.2027,5,5,2026-10-06T11:06:29+00:00
graviton3,simde,256,main_part,5,"int * 3 | 2^6",,0.2027,0.2027,5,5,2026-10-06T11:06:29+00:00
graviton3,simde,256,main_part,5,"int * 3 | 2^6",,0.2027,0.2027,5,5,2026-10-06T11:06:29+00:00
graviton3,simde,256,main_part,5,"int * 3 | 2^6",,0.2027,0.2027,5,5,2026-10-06T11:06:29+00:00
graviton3,simde,256,main_part,5,"int * 3 | 2^7",,0.2022,0.2022,5,5,2026-10-06T11:06:29+00:00
graviton3,simde,256,main_part,5,"int * 3 | 2^7",,0.1986,0.1986,5,5,2026-10-06T11:06:29+00:00
graviton3,simde,256,main_part,5,"int * 3 | 2^7",,0.2021,0.2021,5,5,2026-10-06T11:06:29+00:00
graviton3,simde,256,main_part,5,"int * 3 | 2^7",,0.2021,0.2021,5,5,2026-10-06T11:06:29+00:00
graviton3,simde,256,main_part,5,"int * 3 | 2^7",,0.2020,0.2020,5,5,2026-10-06T11:06:29+00:00
graviton3,simde,256,main_part,5,"int * 3 | 2^8",,0.1941,0.1941,5,5,2026-10-06T11:06:29+00:00
graviton3,simde,256,main_part,5,"int * 3 | 2^8",,0.1935,0.1935,5,5,2026-10-06T11:06:29+00:00
graviton3,simde,256,main_part,5,"int * 3 | 2^8",,0.1935,0.1935,5,5,2026-10-06T11:06:29+00:00
graviton3,simde,256,main_part,5,"int * 3 | 2^8",,0.1943,0.1943,5,5,2026-10-06T11:06:29+00:00
graviton3,simde,256,main_part,5,"int * 3 | 2^8",,0.1939,0.1939,5,5,2026-10-06T11:06:29+00:00
graviton3,simde,128,main_aggr,5,"Codegen 1 sum",,0.1211,0.1211,5,5,2026-10-06T11:07:09+00:00
graviton3,simde,128,main_aggr,5,"Codegen 1 sum",,0.1236,0.1236,5,5,2026-10-06T11:07:09+00:00
graviton3,simde,128,main_aggr,5,"Codegen 1 sum",,0.1229,0.1229,5,5,2026-10-06T11:07:09+00:00
graviton3,simde,128,main_aggr,5,"Codegen 1 sum",,0.1238,0.1238,5,5,2026-10-06T11:07:09+00:00
graviton3,simde,128,main_aggr,5,"Codegen 1 sum",,0.1251,0.1251,5,5,2026-10-06T11:07:09+00:00
graviton3,simde,128,main_aggr,5,"Codegen 2 sum",,0.1204,0.1204,5,5,2026-10-06T11:07:09+00:00
graviton3,simde,128,main_aggr,5,"Codegen 2 sum",,0.1202,0.1202,5,5,2026-10-06T11:07:09+00:00
graviton3,simde,128,main_aggr,5,"Codegen 2 sum",,0.1201,0.1201,5,5,2026-10-06T11:07:09+00:00
graviton3,simde,128,main_aggr,5,"Codegen 2 sum",,0.1206,0.1206,5,5,2026-10-06T11:07:09+00:00
graviton3,simde,128,main_aggr,5,"Codegen 2 sum",,0.1202,0.1202,5,5,2026-10-06T11:07:09+00:00
graviton3,simde,128,main_aggr,5,"Codegen 3 sum",,0.1140,0.1140,5,5,2026-10-06T11:07:09+00:00
graviton3,simde,128,main_aggr,5,"Codegen 3 sum",,0.1145,0.1145,5,5,2026-10-06T11:07:09+00:00
graviton3,simde,128,main_aggr,5,"Codegen 3 sum",,0.1132,0.1132,5,5,2026-10-06T11:07:09+00:00
graviton3,simde,128,main_aggr,5,"Codegen 3 sum",,0.1149,0.1149,5,5,2026-10-06T11:07:09+00:00
graviton3,simde,128,main_aggr,5,"Codegen 3 sum",,0.1151,0.1151,5,5,2026-10-06T11:07:09+00:00
graviton3,simde,128,main_aggr,5,"Engine 1 sum",,0.0618,0.0618,5,5,2026-10-06T11:07:09+00:00
graviton3,simde,128,main_aggr,5,"Engine 1 sum",,0.0619,0.0619,5,5,2026-10-06T11:07:09+00:00
graviton3,simde,128,main_aggr,5,"Engine 1 sum",,0.0618,0.0618,5,5,2026-10-06T11:07:09+00:00
graviton3,simde,128,main_aggr,5,"Engine 1 sum",,0.0619,0.0619,5,5,2026-10-06T11:07:09+00:00
graviton3,simde,128,main_aggr,5,"Engine 1 sum",,0.0619,0.0619,5,5,2026-10-06T11:07:09+00:00
graviton3,simde,128,main_aggr,5,"Engine 2 sum",,0.0573,0.0573,5,5,2026-10-06T11:07:09+00:00
graviton3,simde,128,main_aggr,5,"Engine 2 sum",,0.0572,0.0572,5,5,2026-10-06T11:07:09+00:00
graviton3,simde,128,main_aggr,5,"Engine 2 sum",,0.0574,0.0574,5,5,2026-10-06T11:07:09+00:00
graviton3,simde,128,main_aggr,5,"Engine 2 sum",,0.0574,0.0574,5,5,2026-10-06T11:07:09+00:00
graviton3,simde,128,main_aggr,5,"Engine 2 sum",,0.0573,0.0573,5,5,2026-10-06T11:07:09+00:00
graviton3,simde,128,main_aggr,5,"Engine 3 sum",,0.0532,0.0532,5,5,2026-10-06T11:07:09+00:00
graviton3,simde,128,main_aggr,5,"Engine 3 sum",,0.0528,0.0528,5,5,2026-10-06T11:07:09+00:00
graviton3,simde,128,main_aggr,5,"Engine 3 sum",,0.0531,0.0531,5,5,2026-10-06T11:07:09+00:00
graviton3,simde,128,main_aggr,5,"Engine 3 sum",,0.0534,0.0534,5,5,2026-10-06T11:07:09+00:00
graviton3,simde,128,main_aggr,5,"Engine 3 sum",,0.0530,0.0530,5,5,2026-10-06T11:07:09+00:00
graviton3,simde,256,main_aggr,5,"Codegen 1 sum",,0.1217,0.1217,5,5,2026-10-06T11:07:30+00:00
graviton3,simde,256,main_aggr,5,"Codegen 1 sum",,0.1258,0.1258,5,5,2026-10-06T11:07:30+00:00
graviton3,simde,256,main_aggr,5,"Codegen 1 sum",,0.1249,0.1249,5,5,2026-10-06T11:07:30+00:00
graviton3,simde,256,main_aggr,5,"Codegen 1 sum",,0.1246,0.1246,5,5,2026-10-06T11:07:30+00:00
graviton3,simde,256,main_aggr,5,"Codegen 1 sum",,0.1231,0.1231,5,5,2026-10-06T11:07:30+00:00
graviton3,simde,256,main_aggr,5,"Codegen 2 sum",,0.1203,0.1203,5,5,2026-10-06T11:07:30+00:00
graviton3,simde,256,main_aggr,5,"Codegen 2 sum",,0.1208,0.1208,5,5,2026-10-06T11:07:30+00:00
graviton3,simde,256,main_aggr,5,"Codegen 2 sum",,0.1206,0.1206,5,5,2026-10-06T11:07:30+00:00
graviton3,simde,256,main_aggr,5,"Codegen 2 sum",,0.1206,0.1206,5,5,2026-10-06T11:07:30+00:00
graviton3,simde,256,main_aggr,5,"Codegen 2 sum",,0.1205,0.1205,5,5,2026-10-06T11:07:30+00:00
graviton3,simde,256,main_aggr,5,"Codegen 3 sum",,0.1135,0.1135,5,5,2026-10-06T11:07:30+00:00
graviton3,simde,256,main_aggr,5,"Codegen 3 sum",,0.1135,0.1135,5,5,2026-10-06T11:07:30+00:00
graviton3,simde,256,main_aggr,5,"Codegen 3 sum",,0.1128,0.1128,5,5,2026-10-06T11:07:30+00:00
graviton3,simde,256,main_aggr,5,"Codegen 3 sum",,0.1135,0.1135,5,5,2026-10-06T11:07:30+00:00
graviton3,simde,256,main_aggr,5,"Codegen 3 sum",,0.1126,0.1126,5,5,2026-10-06T11:07:30+00:00
graviton3,simde,256,main_aggr,5,"Engine 1 sum",,0.0599,0.0599,5,5,2026-10-06T11:07:30+00:00
graviton3,simde,256,main_aggr,5,"Engine 1 sum",,0.0597,0.0597,5,5,2026-10-06T11:07:30+00:00
graviton3,simde,256,main_aggr,5,"Engine 1 sum",,0.0599,0.0599,5,5,2026-10-06T11:07:30+00:00
graviton3,simde,256,main_aggr,5,"Engine 1 sum",,0.0598,0.0598,5,5,2026-10-06T11:07:30+00:00
graviton3,simde,256,main_aggr,5,"Engine 1 sum",,0.0598,0.0598,5,5,2026-10-06T11:07:30+00:00
graviton3,simde,256,main_aggr,5,"Engine 2 sum",,0.0554,0.0554,5,5,2026-10-06T11:07:30+00:00
graviton3,simde,256,main_aggr,5,"Engine 2 sum",,0.0553,0.0553,5,5,2026-10-06T11:07:30+00:00
graviton3,simde,256,main_aggr,5,"Engine 2 sum",,0.0554,0.0554,5,5,2026-10-06T11:07:30+00:00
graviton3,simde,256,main_aggr,5,"Engine 2 sum",,0.0554,0.0554,5,5,2026-10-06T11:07:30+00:00
graviton3,simde,256,main_aggr,5,"Engine 2 sum",,0.0554,0.0554,5,5,2026-10-06T11:07:30+00:00
graviton3,simde,256,main_aggr,5,"Engine 3 sum",,0.0516,0.0516,5,5,2026-10-06T11:07:30+00:00
graviton3,simde,256,main_aggr,5,"Engine 3 sum",,0.0516,0.0516,5,5,2026-10-06T11:07:30+00:00
graviton3,simde,256,main_aggr,5,"Engine 3 sum",,0.0515,0.0515,5,5,2026-10-06T11:07:30+00:00
graviton3,simde,256,main_aggr,5,"Engine 3 sum",,0.0516,0.0516,5,5,2026-10-06T11:07:30+00:00
graviton3,simde,256,main_aggr,5,"Engine 3 sum",,0.0514,0.0514,5,5,2026-10-06T11:07:30+00:00
graviton3,simde,128,main_join,5,"Engine  1-1",,0.0496,0.0496,5,5,2026-10-06T11:08:23+00:00
graviton3,simde,128,main_join,5,"Engine  1-3",,0.0461,0.0461,5,5,2026-10-06T11:08:23+00:00
graviton3,simde,128,main_join,5,"Engine  3-1",,0.0483,0.0483,5,5,2026-10-06T11:08:23+00:00
graviton3,simde,128,main_join,5,"Engine  3-3",,0.0450,0.0450,5,5,2026-10-06T11:08:23+00:00
graviton3,simde,128,main_join,5,"Codegen 1-1",,0.0832,0.0832,5,5,2026-10-06T11:08:23+00:00
graviton3,simde,128,main_join,5,"Codegen 1-1",,0.0815,0.0815,5,5,2026-10-06T11:08:23+00:00
graviton3,simde,128,main_join,5,"Codegen 1-1",,0.0787,0.0787,5,5,2026-10-06T11:08:23+00:00
graviton3,simde,128,main_join,5,"Codegen 1-1",,0.0671,0.0671,5,5,2026-10-06T11:08:23+00:00
graviton3,simde,128,main_join,5,"Codegen 1-1",,0.0810,0.0810,5,5,2026-10-06T11:08:23+00:00
graviton3,simde,128,main_join,5,"Codegen 1-3",,0.0812,0.0812,5,5,2026-10-06T11:08:23+00:00
graviton3,simde,128,main_join,5,"Codegen 1-3",,0.0791,0.0791,5,5,2026-10-06T11:08:23+00:00
graviton3,simde,128,main_join,5,"Codegen 1-3",,0.0814,0.0814,5,5,2026-10-06T11:08:23+00:00
graviton3,simde,128,main_join,5,"Codegen 1-3",,0.0810,0.0810,5,5,2026-10-06T11:08:23+00:00
graviton3,simde,128,main_join,5,"Codegen 1-3",,0.0845,0.0845,5,5,2026-10-06T11:08:23+00:00
graviton3,simde,128,main_join,5,"Codegen 3-1",,0.0746,0.0746,5,5,2026-10-06T11:08:23+00:00
graviton3,simde,128,main_join,5,"Codegen 3-1",,0.0734,0.0734,5,5,2026-10-06T11:08:23+00:00
graviton3,simde,128,main_join,5,"Codegen 3-1",,0.0747,0.0747,5,5,2026-10-06T11:08:23+00:00
graviton3,simde,128,main_join,5,"Codegen 3-1",,0.0732,0.0732,5,5,2026-10-06T11:08:23+00:00
graviton3,simde,128,main_join,5,"Codegen 3-1",,0.0735,0.0735,5,5,2026-10-06T11:08:23+00:00
graviton3,simde,128,main_join,5,"Codegen 3-3",,0.0738,0.0738,5,5,2026-10-06T11:08:23+00:00
graviton3,simde,128,main_join,5,"Codegen 3-3",,0.0733,0.0733,5,5,2026-10-06T11:08:23+00:00
graviton3,simde,128,main_join,5,"Codegen 3-3",,0.0716,0.0716,5,5,2026-10-06T11:08:23+00:00
graviton3,simde,128,main_join,5,"Codegen 3-3",,0.0701,0.0701,5,5,2026-10-06T11:08:23+00:00
graviton3,simde,128,main_join,5,"Codegen 3-3",,0.0753,0.0753,5,5,2026-10-06T11:08:23+00:00
graviton3,simde,256,main_join,5,"Engine  1-1",,0.0375,0.0375,5,5,2026-10-06T11:08:25+00:00
graviton3,simde,256,main_join,5,"Engine  1-3",,0.0357,0.0357,5,5,2026-10-06T11:08:25+00:00
graviton3,simde,256,main_join,5,"Engine  3-1",,0.0368,0.0368,5,5,2026-10-06T11:08:25+00:00
graviton3,simde,256,main_join,5,"Engine  3-3",,0.0350,0.0350,5,5,2026-10-06T11:08:25+00:00
graviton3,simde,256,main_join,5,"Codegen 1-1",,0.0890,0.0890,5,5,2026-10-06T11:08:25+00:00
graviton3,simde,256,main_join,5,"Codegen 1-1",,0.0880,0.0880,5,5,2026-10-06T11:08:25+00:00
graviton3,simde,256,main_join,5,"Codegen 1-1",,0.0865,0.0865,5,5,2026-10-06T11:08:25+00:00
graviton3,simde,256,main_join,5,"Codegen 1-1",,0.0872,0.0872,5,5,2026-10-06T11:08:25+00:00
graviton3,simde,256,main_join,5,"Codegen 1-1",,0.0851,0.0851,5,5,2026-10-06T11:08:25+00:00
graviton3,simde,256,main_join,5,"Codegen 1-3",,0.0839,0.0839,5,5,2026-10-06T11:08:25+00:00
graviton3,simde,256,main_join,5,"Codegen 1-3",,0.0843,0.0843,5,5,2026-10-06T11:08:25+00:00
graviton3,simde,256,main_join,5,"Codegen 1-3",,0.0850,0.0850,5,5,2026-10-06T11:08:25+00:00
graviton3,simde,256,main_join,5,"Codegen 1-3",,0.0823,0.0823,5,5,2026-10-06T11:08:25+00:00
graviton3,simde,256,main_join,5,"Codegen 1-3",,0.0840,0.0840,5,5,2026-10-06T11:08:25+00:00
graviton3,simde,256,main_join,5,"Codegen 3-1",,0.0726,0.0726,5,5,2026-10-06T11:08:25+00:00
graviton3,simde,256,main_join,5,"Codegen 3-1",,0.0744,0.0744,5,5,2026-10-06T11:08:25+00:00
graviton3,simde,256,main_join,5,"Codegen 3-1",,0.0734,0.0734,5,5,2026-10-06T11:08:25+00:00
graviton3,simde,256,main_join,5,"Codegen 3-1",,0.0714,0.0714,5,5,2026-10-06T11:08:25+00:00
graviton3,simde,256,main_join,5,"Codegen 3-1",,0.0744,0.0744,5,5,2026-10-06T11:08:25+00:00
graviton3,simde,256,main_join,5,"Codegen 3-3",,0.0718,0.0718,5,5,2026-10-06T11:08:25+00:00
graviton3,simde,256,main_join,5,"Codegen 3-3",,0.0693,0.0693,5,5,2026-10-06T11:08:25+00:00
graviton3,simde,256,main_join,5,"Codegen 3-3",,0.0695,0.0695,5,5,2026-10-06T11:08:25+00:00
graviton3,simde,256,main_join,5,"Codegen 3-3",,0.0686,0.0686,5,5,2026-10-06T11:08:25+00:00
graviton3,simde,256,main_join,5,"Codegen 3-3",,0.0693,0.0693,5,5,2026-10-06T11:08:25+00:00
graviton3,simde,128,main_gather,6,"gather_byte",100.00,0.153270,0.153270,6,6,2026-10-06T11:08:58+00:00
graviton3,simde,128,main_gather,6,"gather_short",100.00,0.136291,0.136291,6,6,2026-10-06T11:08:58+00:00
graviton3,simde,128,main_gather,6,"gather_int",100.00,0.159933,0.159933,6,6,2026-10-06T11:08:58+00:00
graviton3,simde,128,main_gather,6,"gather_long",100.00,0.141534,0.141534,6,6,2026-10-06T11:08:58+00:00
graviton3,simde,128,main_gather,6,"gather_char",100.00,0.024526,0.024526,6,6,2026-10-06T11:08:58+00:00
graviton3,simde,128,main_gather,6,"gather_encoded",100.00,0.096329,0.096329,6,6,2026-10-06T11:08:58+00:00
graviton3,simde,128,main_gather,6,"copy_encoded",100.00,1.462907,1.462907,6,6,2026-10-06T11:08:58+00:00
graviton3,simde,256,main_gather,6,"gather_byte",100.00,0.154051,0.154051,6,6,2026-10-06T11:09:58+00:00
graviton3,simde,256,main_gather,6,"gather_short",100.00,0.136284,0.136284,6,6,2026-10-06T11:09:58+00:00
graviton3,simde,256,main_gather,6,"gather_int",100.00,0.153023,0.153023,6,6,2026-10-06T11:09:58+00:00
graviton3,simde,256,main_gather,6,"gather_long",100.00,0.132749,0.132749,6,6,2026-10-06T11:09:58+00:00
graviton3,simde,256,main_gather,6,"gather_char",100.00,0.027538,0.027538,6,6,2026-10-06T11:09:58+00:00
graviton3,simde,256,main_gather,6,"gather_encoded",100.00,0.130946,0.130946,6,6,2026-10-06T11:09:58+00:00
graviton3,simde,256,main_gather,6,"copy_encoded",100.00,1.914043,1.914043,6,6,2026-10-06T11:09:58+00:00
graviton3,simde,128,main_hash,6,"jenkins_hash",100.00,0.017214,0.017214,6,6,2026-10-06T11:12:58+00:00
graviton3,simde,128,main_hash,6,"fnv_hash",100.00,0.025147,0.025147,6,6,2026-10-06T11:12:58+00:00
graviton3,simde,128,main_hash,6,"murmur_hash",100.00,0.052537,0.052537,6,6,2026-10-06T11:12:58+00:00
graviton3,simde,256,main_hash,6,"jenkins_hash",100.00,0.018658,0.018658,6,6,2026-10-06T11:13:22+00:00
graviton3,simde,256,main_hash,6,"fnv_hash",100.00,0.026394,0.026394,6,6,2026-10-06T11:13:22+00:00
graviton3,simde,256,main_hash,6,"murmur_hash",100.00,0.053330,0.053330,6,6,2026-10-06T11:13:22+00:00
graviton3,simde,128,main_filter,6,"filter_byte_eq",100.00,0.067063,0.067063,6,6,2026-10-06T11:14:36+00:00
graviton3,simde,128,main_filter,6,"filter_byte_lt",100.00,0.039290,0.039290,6,6,2026-10-06T11:14:36+00:00
graviton3,simde,128,main_filter,6,"filter_byte_gt",100.00,0.040635,0.040635,6,6,2026-10-06T11:14:36+00:00
graviton3,simde,128,main_filter,6,"filter_byte_ne",100.00,0.032405,0.032405,6,6,2026-10-06T11:14:36+00:00
graviton3,simde,128,main_filter,6,"filter_byte_le",100.00,0.039498,0.039498,6,6,2026-10-06T11:14:36+00:00
graviton3,simde,128,main_filter,6,"filter_byte_ge",100.00,0.040777,0.040777,6,6,2026-10-06T11:14:36+00:00
graviton3,simde,128,main_filter,6,"filter_short_eq",100.00,0.044603,0.044603,6,6,2026-10-06T11:14:36+00:00
graviton3,simde,128,main_filter,6,"filter_short_lt",100.00,0.032223,0.032223,6,6,2026-10-06T11:14:36+00:00
graviton3,simde,128,main_filter,6,"filter_short_gt",100.00,0.031983,0.031983,6,6,2026-10-06T11:14:36+00:00
graviton3,simde,128,main_filter,6,"filter_short_ne",100.00,0.028498,0.028498,6,6,2026-10-06T11:14:36+00:00
graviton3,simde,128,main_filter,6,"filter_short_le",100.00,0.032534,0.032534,6,6,2026-10-06T11:14:36+00:00
graviton3,simde,128,main_filter,6,"filter_short_ge",100.00,0.032240,0.032240,6,6,2026-10-06T11:14:36+00:00
graviton3,simde,128,main_filter,6,"filter_int_eq",100.00,0.040876,0.040876,6,6,2026-10-06T11:14:36+00:00
graviton3,simde,128,main_filter,6,"filter_int_lt",100.00,0.031797,0.031797,6,6,2026-10-06T11:14:36+00:00
graviton3,simde,128,main_filter,6,"filter_int_gt",100.00,0.031929,0.031929,6,6,2026-10-06T11:14:36+00:00
graviton3,simde,128,main_filter,6,"filter_int_ne",100.00,0.028687,0.028687,6,6,2026-10-06T11:14:36+00:00
graviton3,simde,128,main_filter,6,"filter_int_le",100.00,0.031695,0.031695,6,6,2026-10-06T11:14:36+00:00
graviton3,simde,128,main_filter,6,"filter_int_ge",100.00,0.031303,0.031303,6,6,2026-10-06T11:14:36+00:00
graviton3,simde,128,main_filter,6,"filter_long_eq",100.00,0.038188,0.038188,6,6,2026-10-06T11:14:36+00:00
graviton3,simde,128,main_filter,6,"filter_long_lt",100.00,0.032253,0.032253,6,6,2026-10-06T11:14:36+00:00
graviton3,simde,128,main_filter,6,"filter_long_gt",100.00,0.032025,0.032025,6,6,2026-10-06T11:14:36+00:00
graviton3,simde,128,main_filter,6,"filter_long_ne",100.00,0.028243,0.028243,6,6,2026-10-06T11:14:36+00:00
graviton3,simde,128,main_filter,6,"filter_long_le",100.00,0.032083,0.032083,6,6,2026-10-06T11:14:36+00:00
graviton3,simde,128,main_filter,6,"filter_long_ge",100.00,0.031998,0.031998,6,6,2026-10-06T11:14:36+00:00
graviton3,simde,128,main_filter,6,"filter_float_eq",100.00,0.042348,0.042348,6,6,2026-10-06T11:14:36+00:00
graviton3,simde,128,main_filter,6,"filter_float_lt",100.00,0.032768,0.032768,6,6,2026-10-06T11:14:36+00:00
graviton3,simde,128,main_filter,6,"filter_float_gt",100.00,0.032768,0.032768,6,6,2026-10-06T11:14:36+00:00
graviton3,simde,128,main_filter,6,"filter_float_ne",100.00,0.028552,0.028552,6,6,2026-10-06T11:14:36+00:00
graviton3,simde,128,main_filter,6,"filter_float_le",100.00,0.032962,0.032962,6,6,2026-10-06T11:14:36+00:00
graviton3,simde,128,main_filter,6,"filter_float_ge",100.00,0.032937,0.032937,6,6,2026-10-06T11:14:36+00:00
graviton3,simde,128,main_filter,6,"filter_double_eq",100.00,0.036898,0.036898,6,6,2026-10-06T11:14:36+00:00
graviton3,simde,128,main_filter,6,"filter_double_lt",100.00,0.032095,0.032095,6,6,2026-10-06T11:14:36+00:00
graviton3,simde,128,main_filter,6,"filter_double_gt",100.00,0.031903,0.031903,6,6,2026-10-06T11:14:36+00:00
graviton3,simde,128,main_filter,6,"filter_double_ne",100.00,0.027821,0.027821,6,6,2026-10-06T11:14:36+00:00
graviton3,simde,128,main_filter,6,"filter_double_le",100.00,0.031925,0.031925,6,6,2026-10-06T11:14:36+00:00
graviton3,simde,128,main_filter,6,"filter_double_ge",100.00,0.031794,0.031794,6,6,2026-10-06T11:14:36+00:00
graviton3,simde,128,main_filter,6,"filter_char_eq",100.00,0.033834,0.033834,6,6,2026-10-06T11:14:36+00:00
graviton3,simde,128,main_filter,6,"filter_char_lt",100.00,0.023963,0.023963,6,6,2026-10-06T11:14:36+00:00
graviton3,simde,128,main_filter,6,"filter_char_gt",100.00,0.023908,0.023908,6,6,2026-10-06T11:14:36+00:00
graviton3,simde,128,main_filter,6,"filter_char_ne",100.00,0.030964,0.030964,6,6,2026-10-06T11:14:36+00:00
graviton3,simde,128,main_filter,6,"filter_char_le",100.00,0.024351,0.024351,6,6,2026-10-06T11:14:36+00:00
graviton3,simde,128,main_filter,6,"filter_char_ge",100.00,0.024301,0.024301,6,6,2026-10-06T11:14:36+00:00
graviton3,simde,256,main_filter,6,"filter_byte_eq",100.00,0.056242,0.056242,6,6,2026-10-06T11:15:00+00:00
graviton3,simde,256,main_filter,6,"filter_byte_lt",100.00,0.039252,0.039252,6,6,2026-10-06T11:15:00+00:00
graviton3,simde,256,main_filter,6,"filter_byte_gt",100.00,0.038105,0.038105,6,6,2026-10-06T11:15:00+00:00
graviton3,simde,256,main_filter,6,"filter_byte_ne",100.00,0.032504,0.032504,6,6,2026-10-06T11:15:00+00:00
graviton3,simde,256,main_filter,6,"filter_byte_le",100.00,0.039791,0.039791,6,6,2026-10-06T11:15:00+00:00
graviton3,simde,256,main_filter,6,"filter_byte_ge",100.00,0.039096,0.039096,6,6,2026-10-06T11:15:00+00:00
graviton3,simde,256,main_filter,6,"filter_short_eq",100.00,0.036369,0.036369,6,6,2026-10-06T11:15:00+00:00
graviton3,simde,256,main_filter,6,"filter_short_lt",100.00,0.029861,0.029861,6,6,2026-10-06T11:15:00+00:00
graviton3,simde,256,main_filter,6,"filter_short_gt",100.00,0.030462,0.030462,6,6,2026-10-06T11:15:00+00:00
graviton3,simde,256,main_filter,6,"filter_short_ne",100.00,0.027437,0.027437,6,6,2026-10-06T11:15:00+00:00
graviton3,simde,256,main_filter,6,"filter_short_le",100.00,0.030955,0.030955,6,6,2026-10-06T11:15:00+00:00
graviton3,simde,256,main_filter,6,"filter_short_ge",100.00,0.029932,0.029932,6,6,2026-10-06T11:15:00+00:00
graviton3,simde,256,main_filter,6,"filter_int_eq",100.00,0.034574,0.034574,6,6,2026-10-06T11:15:00+00:00
graviton3,simde,256,main_filter,6,"filter_int_lt",100.00,0.030277,0.030277,6,6,2026-10-06T11:15:00+00:00
graviton3,simde,256,main_filter,6,"filter_int_gt",100.00,0.030064,0.030064,6,6,2026-10-06T11:15:00+00:00
graviton3,simde,256,main_filter,6,"filter_int_ne",100.00,0.027383,0.027383,6,6,2026-10-06T11:15:00+00:00
graviton3,simde,256,main_filter,6,"filter_int_le",100.00,0.030461,0.030461,6,6,2026-10-06T11:15:00+00:00
graviton3,simde,256,main_filter,6,"filter_int_ge",100.00,0.029800,0.029800,6,6,2026-10-06T11:15:00+00:00
graviton3,simde,256,main_filter,6,"filter_long_eq",100.00,0.035695,0.035695,6,6,2026-10-06T11:15:00+00:00
graviton3,simde,256,main_filter,6,"filter_long_lt",100.00,0.030200,0.030200,6,6,2026-10-06T11:15:00+00:00
graviton3,simde,256,main_filter,6,"filter_long_gt",100.00,0.029888,0.029888,6,6,2026-10-06T11:15:00+00:00
graviton3,simde,256,main_filter,6,"filter_long_ne",100.00,0.026931,0.026931,6,6,2026-10-06T11:15:00+00:00
graviton3,simde,256,main_filter,6,"filter_long_le",100.00,0.030650,0.030650,6,6,2026-10-06T11:15:00+00:00
graviton3,simde,256,main_filter,6,"filter_long_ge",100.00,0.030404,0.030404,6,6,2026-10-06T11:15:00+00:00
graviton3,simde,256,main_filter,6,"filter_float_eq",100.00,0.037386,0.037386,6,6,2026-10-06T11:15:00+00:00
graviton3,simde,256,main_filter,6,"filter_float_lt",100.00,0.030501,0.030501,6,6,2026-10-06T11:15:00+00:00
graviton3,simde,256,main_filter,6,"filter_float_gt",100.00,0.030375,0.030375,6,6,2026-10-06T11:15:00+00:00
graviton3,simde,256,main_filter,6,"filter_float_ne",100.00,0.028222,0.028222,6,6,2026-10-06T11:15:00+00:00
graviton3,simde,256,main_filter,6,"filter_float_le",100.00,0.030613,0.030613,6,6,2026-10-06T11:15:00+00:00
graviton3,simde,256,main_filter,6,"filter_float_ge",100.00,0.030193,0.030193,6,6,2026-10-06T11:15:00+00:00
graviton3,simde,256,main_filter,6,"filter_double_eq",100.00,0.033212,0.033212,6,6,2026-10-06T11:15:00+00:00
graviton3,simde,256,main_filter,6,"filter_double_lt",100.00,0.029134,0.029134,6,6,2026-10-06T11:15:00+00:00
graviton3,simde,256,main_filter,6,"filter_double_gt",100.00,0.029215,0.029215,6,6,2026-10-06T11:15:00+00:00
graviton3,simde,256,main_filter,6,"filter_double_ne",100.00,0.026019,0.026019,6,6,2026-10-06T11:15:00+00:00
graviton3,simde,256,main_filter,6,"filter_double_le",100.00,0.029626,0.029626,6,6,2026-10-06T11:15:00+00:00
graviton3,simde,256,main_filter,6,"filter_double_ge",100.00,0.029095,0.029095,6,6,2026-10-06T11:15:00+00:00
graviton3,simde,256,main_filter,6,"filter_char_eq",100.00,0.030192,0.030192,6,6,2026-10-06T11:15:00+00:00
graviton3,simde,256,main_filter,6,"filter_char_lt",100.00,0.020638,0.020638,6,6,2026-10-06T11:15:00+00:00
graviton3,simde,256,main_filter,6,"filter_char_gt",100.00,0.020818,0.020818,6,6,2026-10-06T11:15:00+00:00
graviton3,simde,256,main_filter,6,"filter_char_ne",100.00,0.028428,0.028428,6,6,2026-10-06T11:15:00+00:00
graviton3,simde,256,main_filter,6,"filter_char_le",100.00,0.020937,0.020937,6,6,2026-10-06T11:15:00+00:00
graviton3,simde,256,main_filter,6,"filter_char_ge",100.00,0.021040,0.021040,6,6,2026-10-06T11:15:00+00:00
graviton3,simde,256,main_shuffle,6,"shuffle_offset",100.00,0.072656,0.072656,6,6,2026-10-06T11:16:06+00:00
graviton3,simde,256,main_shuffle,6,"shuffle_byte",100.00,0.805680,0.805680,6,6,2026-10-06T11:16:06+00:00
graviton3,simde,256,main_shuffle,6,"flush_byte",100.00,1544.010307,1544.010307,6,6,2026-10-06T11:16:06+00:00
graviton3,simde,256,main_shuffle,6,"shuffle_short",100.00,0.675903,0.675903,6,6,2026-10-06T11:16:06+00:00
graviton3,simde,256,main_shuffle,6,"flush_short",100.00,1689.344289,1689.344289,6,6,2026-10-06T11:16:06+00:00
graviton3,simde,256,main_shuffle,6,"shuffle_int",100.00,0.583998,0.583998,6,6,2026-10-06T11:16:06+00:00
graviton3,simde,256,main_shuffle,6,"flush_int",100.00,2132.660802,2132.660802,6,6,2026-10-06T11:16:06+00:00
graviton3,simde,256,main_shuffle,6,"shuffle_long",100.00,0.421311,0.421311,6,6,2026-10-06T11:16:06+00:00
graviton3,simde,256,main_shuffle,6,"flush_long",100.00,2808.748410,2808.748410,6,6,2026-10-06T11:16:06+00:00
graviton3,simde,256,main_shuffle,6,"shuffle_char",100.00,0.034294,0.034294,6,6,2026-10-06T11:16:06+00:00
graviton3,simde,256,main_shuffle,6,"flush_char",100.00,1719.198492,1719.198492,6,6,2026-10-06T11:16:06+00:00
graviton3,simde,128,main_expr,6,"expr_float/+",100.00,4.845551,4.845551,6,6,2026-10-06T11:18:26+00:00
graviton3,simde,128,main_expr,6,"expr_float/-",100.00,6.539334,6.539334,6,6,2026-10-06T11:18:26+00:00
graviton3,simde,128,main_expr,6,"expr_float/*",100.00,6.823964,6.823964,6,6,2026-10-06T11:18:26+00:00
graviton3,simde,128,main_expr,6,"expr_float//",100.00,3.418522,3.418522,6,6,2026-10-06T11:18:26+00:00
graviton3,simde,128,main_expr,6,"expr_double/+",100.00,2.269136,2.269136,6,6,2026-10-06T11:18:26+00:00
graviton3,simde,128,main_expr,6,"expr_double/-",100.00,2.799381,2.799381,6,6,2026-10-06T11:18:26+00:00
graviton3,simde,128,main_expr,6,"expr_double/*",100.00,2.960058,2.960058,6,6,2026-10-06T11:18:26+00:00
graviton3,simde,128,main_expr,6,"expr_double//",100.00,1.029640,1.029640,6,6,2026-10-06T11:18:26+00:00
graviton3,simde,128,main_expr,6,"expr_decimal/+",100.00,1.912177,1.912177,6,6,2026-10-06T11:18:26+00:00
graviton3,simde,128,main_expr,6,"expr_decimal/-",100.00,2.266546,2.266546,6,6,2026-10-06T11:18:26+00:00
graviton3,simde,128,main_expr,6,"expr_decimal/*",100.00,0.311630,0.311630,6,6,2026-10-06T11:18:26+00:00
graviton3,simde,128,main_expr,6,"expr_decimal//",100.00,0.220957,0.220957,6,6,2026-10-06T11:18:26+00:00
graviton3,simde,256,main_expr,6,"expr_float/+",100.00,4.975564,4.975564,6,6,2026-10-06T11:18:29+00:00
graviton3,simde,256,main_expr,6,"expr_float/-",100.00,6.636781,6.636781,6,6,2026-10-06T11:18:29+00:00
graviton3,simde,256,main_expr,6,"expr_float/*",100.00,6.960991,6.960991,6,6,2026-10-06T11:18:29+00:00
graviton3,simde,256,main_expr,6,"expr_float//",100.00,3.419941,3.419941,6,6,2026-10-06T11:18:29+00:00
graviton3,simde,256,main_expr,6,"expr_double/+",100.00,2.311724,2.311724,6,6,2026-10-06T11:18:29+00:00
graviton3,simde,256,main_expr,6,"expr_double/-",100.00,2.867604,2.867604,6,6,2026-10-06T11:18:29+00:00
graviton3,simde,256,main_expr,6,"expr_double/*",100.00,3.054985,3.054985,6,6,2026-10-06T11:18:29+00:00
graviton3,simde,256,main_expr,6,"expr_double//",100.00,1.030529,1.030529,6,6,2026-10-06T11:18:29+00:00
graviton3,simde,256,main_expr,6,"expr_decimal/+",100.00,1.640492,1.640492,6,6,2026-10-06T11:18:29+00:00
graviton3,simde,256,main_expr,6,"expr_decimal/-",100.00,1.897768,1.897768,6,6,2026-10-06T11:18:29+00:00
graviton3,simde,256,main_expr,6,"expr_decimal/*",100.00,0.243896,0.243896,6,6,2026-10-06T11:18:29+00:00
graviton3,simde,256,main_expr,6,"expr_decimal//",100.00,0.195274,0.195274,6,6,2026-10-06T11:18:29+00:00
graviton3,simde,128,main_gather,7,"gather_byte",100.00,0.150691,0.150691,7,7,2026-10-06T11:19:10+00:00
graviton3,simde,128,main_gather,7,"gather_short",100.00,0.139395,0.139395,7,7,2026-10-06T11:19:10+00:00
graviton3,simde,128,main_gather,7,"gather_int",100.00,0.160428,0.160428,7,7,2026-10-06T11:19:10+00:00
graviton3,simde,128,main_gather,7,"gather_long",100.00,0.143336,0.143336,7,7,2026-10-06T11:19:10+00:00
graviton3,simde,128,main_gather,7,"gather_char",100.00,0.024887,0.024887,7,7,2026-10-06T11:19:10+00:00
graviton3,simde,128,main_gather,7,"gather_encoded",100.00,0.097769,0.097769,7,7,2026-10-06T11:19:10+00:00
graviton3,simde,128,main_gather,7,"copy_encoded",100.00,1.463174,1.463174,7,7,2026-10-06T11:19:10+00:00
graviton3,simde,256,main_gather,7,"gather_byte",100.00,0.144859,0.144859,7,7,2026-10-06T11:20:10+00:00
graviton3,simde,256,main_gather,7,"gather_short",100.00,0.136773,0.136773,7,7,2026-10-06T11:20:10+00:00
graviton3,simde,256,main_gather,7,"gather_int",100.00,0.153580,0.153580,7,7,2026-10-06T11:20:10+00:00
graviton3,simde,256,main_gather,7,"gather_long",100.00,0.134506,0.134506,7,7,2026-10-06T11:20:10+00:00
graviton3,simde,256,main_gather,7,"gather_char",100.00,0.028189,0.028189,7,7,2026-10-06T11:20:10+00:00
graviton3,simde,256,main_gather,7,"gather_encoded",100.00,0.133727,0.133727,7,7,2026-10-06T11:20:10+00:00
graviton3,simde,256,main_gather,7,"copy_encoded",100.00,1.914023,1.914023,7,7,2026-10-06T11:20:10+00:00
graviton3,simde,128,main_hash,7,"jenkins_hash",100.00,0.017205,0.017205,7,7,2026-10-06T11:23:10+00:00
graviton3,simde,128,main_hash,7,"fnv_hash",100.00,0.025164,0.025164,7,7,2026-10-06T11:23:10+00:00
graviton3,simde,128,main_hash,7,"murmur_hash",100.00,0.052418,0.052418,7,7,2026-10-06T11:23:10+00:00
graviton3,simde,256,main_hash,7,"jenkins_hash",100.00,0.018683,0.018683,7,7,2026-10-06T11:23:35+00:00
graviton3,simde,256,main_hash,7,"fnv_hash",100.00,0.026431,0.026431,7,7,2026-10-06T11:23:35+00:00
graviton3,simde,256,main_hash,7,"murmur_hash",100.00,0.053789,0.053789,7,7,2026-10-06T11:23:35+00:00
graviton3,simde,128,main_filter,7,"filter_byte_eq",100.00,0.069330,0.069330,7,7,2026-10-06T11:24:48+00:00
graviton3,simde,128,main_filter,7,"filter_byte_lt",100.00,0.043182,0.043182,7,7,2026-10-06T11:24:48+00:00
graviton3,simde,128,main_filter,7,"filter_byte_gt",100.00,0.043557,0.043557,7,7,2026-10-06T11:24:48+00:00
graviton3,simde,128,main_filter,7,"filter_byte_ne",100.00,0.033924,0.033924,7,7,2026-10-06T11:24:48+00:00
graviton3,simde,128,main_filter,7,"filter_byte_le",100.00,0.042496,0.042496,7,7,2026-10-06T11:24:48+00:00
graviton3,simde,128,main_filter,7,"filter_byte_ge",100.00,0.040094,0.040094,7,7,2026-10-06T11:24:48+00:00
graviton3,simde,128,main_filter,7,"filter_short_eq",100.00,0.045349,0.045349,7,7,2026-10-06T11:24:48+00:00
graviton3,simde,128,main_filter,7,"filter_short_lt",100.00,0.031946,0.031946,7,7,2026-10-06T11:24:48+00:00
graviton3,simde,128,main_filter,7,"filter_short_gt",100.00,0.032507,0.032507,7,7,2026-10-06T11:24:48+00:00
graviton3,simde,128,main_filter,7,"filter_short_ne",100.00,0.028763,0.028763,7,7,2026-10-06T11:24:48+00:00
graviton3,simde,128,main_filter,7,"filter_short_le",100.00,0.032551,0.032551,7,7,2026-10-06T11:24:48+00:00
graviton3,simde,128,main_filter,7,"filter_short_ge",100.00,0.032779,0.032779,7,7,2026-10-06T11:24:48+00:00
graviton3,simde,128,main_filter,7,"filter_int_eq",100.00,0.040768,0.040768,7,7,2026-10-06T11:24:48+00:00
graviton3,simde,128,main_filter,7,"filter_int_lt",100.00,0.031779,0.031779,7,7,2026-10-06T11:24:48+00:00
graviton3,simde,128,main_filter,7,"filter_int_gt",100.00,0.031649,0.031649,7,7,2026-10-06T11:24:48+00:00
graviton3,simde,128,main_filter,7,"filter_int_ne",100.00,0.028601,0.028601,7,7,2026-10-06T11:24:48+00:00
graviton3,simde,128,main_filter,7,"filter_int_le",100.00,0.031919,0.031919,7,7,2026-10-06T11:24:48+00:00
graviton3,simde,128,main_filter,7,"filter_int_ge",100.00,0.031693,0.031693,7,7,2026-10-06T11:24:48+00:00
graviton3,simde,128,main_filter,7,"filter_long_eq",100.00,0.038001,0.038001,7,7,2026-10-06T11:24:48+00:00
graviton3,simde,128,main_filter,7,"filter_long_lt",100.00,0.032049,0.032049,7,7,2026-10-06T11:24:48+00:00
graviton3,simde,128,main_filter,7,"filter_long_gt",100.00,0.031755,0.031755,7,7,2026-10-06T11:24:48+00:00
graviton3,simde,128,main_filter,7,"filter_long_ne",100.00,0.027237,0.027237,7,7,2026-10-06T11:24:48+00:00
graviton3,simde,128,main_filter,7,"filter_long_le",100.00,0.031692,0.031692,7,7,2026-10-06T11:24:48+00:00
graviton3,simde,128,main_filter,7,"filter_long_ge",100.00,0.032000,0.032000,7,7,2026-10-06T11:24:48+00:00
graviton3,simde,128,main_filter,7,"filter_float_eq",100.00,0.040428,0.040428,7,7,2026-10-06T11:24:48+00:00
graviton3,simde,128,main_filter,7,"filter_float_lt",100.00,0.032288,0.032288,7,7,2026-10-06T11:24:48+00:00
graviton3,simde,128,main_filter,7,"filter_float_gt",100.00,0.032326,0.032326,7,7,2026-10-06T11:24:48+00:00
graviton3,simde,128,main_filter,7,"filter_float_ne",100.00,0.027668,0.027668,7,7,2026-10-06T11:24:48+00:00
graviton3,simde,128,main_filter,7,"filter_float_le",100.00,0.031987,0.031987,7,7,2026-10-06T11:24:48+00:00
graviton3,simde,128,main_filter,7,"filter_float_ge",100.00,0.032044,0.032044,7,7,2026-10-06T11:24:48+00:00
graviton3,simde,128,main_filter,7,"filter_double_eq",100.00,0.036040,0.036040,7,7,2026-10-06T11:24:48+00:00
graviton3,simde,128,main_filter,7,"filter_double_lt",100.00,0.031361,0.031361,7,7,2026-10-06T11:24:48+00:00
graviton3,simde,128,main_filter,7,"filter_double_gt",100.00,0.031480,0.031480,7,7,2026-10-06T11:24:48+00:00
graviton3,simde,128,main_filter,7,"filter_double_ne",100.00,0.027287,0.027287,7,7,2026-10-06T11:24:48+00:00
graviton3,simde,128,main_filter,7,"filter_double_le",100.00,0.031073,0.031073,7,7,2026-10-06T11:24:48+00:00
graviton3,simde,128,main_filter,7,"filter_double_ge",100.00,0.031141,0.031141,7,7,2026-10-06T11:24:48+00:00
graviton3,simde,128,main_filter,7,"filter_char_eq",100.00,0.033347,0.033347,7,7,2026-10-06T11:24:48+00:00
graviton3,simde,128,main_filter,7,"filter_char_lt",100.00,0.023754,0.023754,7,7,2026-10-06T11:24:48+00:00
graviton3,simde,128,main_filter,7,"filter_char_gt",100.00,0.023735,0.023735,7,7,2026-10-06T11:24:48+00:00
graviton3,simde,128,main_filter,7,"filter_char_ne",100.00,0.030631,0.030631,7,7,2026-10-06T11:24:48+00:00
graviton3,simde,128,main_filter,7,"filter_char_le",100.00,0.024054,0.024054,7,7,2026-10-06T11:24:48+00:00
graviton3,simde,128,main_filter,7,"filter_char_ge",100.00,0.024073,0.024073,7,7,2026-10-06T11:24:48+00:00
graviton3,simde,256,main_filter,7,"filter_byte_eq",100.00,0.058475,0.058475,7,7,2026-10-06T11:25:13+00:00
graviton3,simde,256,main_filter,7,"filter_byte_lt",100.00,0.041039,0.041039,7,7,2026-10-06T11:25:13+00:00
graviton3,simde,256,main_filter,7,"filter_byte_gt",100.00,0.040972,0.040972,7,7,2026-10-06T11:25:13+00:00
graviton3,simde,256,main_filter,7,"filter_byte_ne",100.00,0.032883,0.032883,7,7,2026-10-06T11:25:13+00:00
graviton3,simde,256,main_filter,7,"filter_byte_le",100.00,0.040479,0.040479,7,7,2026-10-06T11:25:13+00:00
graviton3,simde,256,main_filter,7,"filter_byte_ge",100.00,0.041452,0.041452,7,7,2026-10-06T11:25:13+00:00
graviton3,simde,256,main_filter,7,"filter_short_eq",100.00,0.040617,0.040617,7,7,2026-10-06T11:25:13+00:00
graviton3,simde,256,main_filter,7,"filter_short_lt",100.00,0.032276,0.032276,7,7,2026-10-06T11:25:13+00:00
graviton3,simde,256,main_filter,7,"filter_short_gt",100.00,0.031915,0.031915,7,7,2026-10-06T11:25:13+00:00
graviton3,simde,256,main_filter,7,"filter_short_ne",100.00,0.028947,0.028947,7,7,2026-10-06T11:25:13+00:00
graviton3,simde,256,main_filter,7,"filter_short_le",100.00,0.031675,0.031675,7,7,2026-10-06T11:25:13+00:00
graviton3,simde,256,main_filter,7,"filter_short_ge",100.00,0.032284,0.032284,7,7,2026-10-06T11:25:13+00:00
graviton3,simde,256,main_filter,7,"filter_int_eq",100.00,0.036197,0.036197,7,7,2026-10-06T11:25:13+00:00
graviton3,simde,256,main_filter,7,"filter_int_lt",100.00,0.031028,0.031028,7,7,2026-10-06T11:25:13+00:00
graviton3,simde,256,main_filter,7,"filter_int_gt",100.00,0.030111,0.030111,7,7,2026-10-06T11:25:13+00:00
graviton3,simde,256,main_filter,7,"filter_int_ne",100.00,0.027738,0.027738,7,7,2026-10-06T11:25:13+00:00
graviton3,simde,256,main_filter,7,"filter_int_le",100.00,0.030908,0.030908,7,7,2026-10-06T11:25:13+00:00
graviton3,simde,256,main_filter,7,"filter_int_ge",100.00,0.030455,0.030455,7,7,2026-10-06T11:25:13+00:00
graviton3,simde,256,main_filter,7,"filter_long_eq",100.00,0.036253,0.036253,7,7,2026-10-06T11:25:13+00:00
graviton3,simde,256,main_filter,7,"filter_long_lt",100.00,0.031228,0.031228,7,7,2026-10-06T11:25:13+00:00
graviton3,simde,256,main_filter,7,"filter_long_gt",100.00,0.030573,0.030573,7,7,2026-10-06T11:25:13+00:00
graviton3,simde,256,main_filter,7,"filter_long_ne",100.00,0.027106,0.027106,7,7,2026-10-06T11:25:13+00:00
graviton3,simde,256,main_filter,7,"filter_long_le",100.00,0.030434,0.030434,7,7,2026-10-06T11:25:13+00:00
graviton3,simde,256,main_filter,7,"filter_long_ge",100.00,0.030537,0.030537,7,7,2026-10-06T11:25:13+00:00
graviton3,simde,256,main_filter,7,"filter_float_eq",100.00,0.038807,0.038807,7,7,2026-10-06T11:25:13+00:00
graviton3,simde,256,main_filter,7,"filter_float_lt",100.00,0.031362,0.031362,7,7,2026-10-06T11:25:13+00:00
graviton3,simde,256,main_filter,7,"filter_float_gt",100.00,0.031067,0.031067,7,7,2026-10-06T11:25:13+00:00
graviton3,simde,256,main_filter,7,"filter_float_ne",100.00,0.028878,0.028878,7,7,2026-10-06T11:25:13+00:00
graviton3,simde,256,main_filter,7,"filter_float_le",100.00,0.030830,0.030830,7,7,2026-10-06T11:25:13+00:00
graviton3,simde,256,main_filter,7,"filter_float_ge",100.00,0.030964,0.030964,7,7,2026-10-06T11:25:13+00:00
graviton3,simde,256,main_filter,7,"filter_double_eq",100.00,0.033843,0.033843,7,7,2026-10-06T11:25:13+00:00
graviton3,simde,256,main_filter,7,"filter_double_lt",100.00,0.029848,0.029848,7,7,2026-10-06T11:25:13+00:00
graviton3,simde,256,main_filter,7,"filter_double_gt",100.00,0.029951,0.029951,7,7,2026-10-06T11:25:13+00:00
graviton3,simde,256,main_filter,7,"filter_double_ne",100.00,0.026192,0.026192,7,7,2026-10-06T11:25:13+00:00
graviton3,simde,256,main_filter,7,"filter_double_le",100.00,0.029516,0.029516,7,7,2026-10-06T11:25:13+00:00
graviton3,simde,256,main_filter,7,"filter_double_ge",100.00,0.029429,0.029429,7,7,2026-10-06T11:25:13+00:00
graviton3,simde,256,main_filter,7,"filter_char_eq",100.00,0.030482,0.030482,7,7,2026-10-06T11:25:13+00:00
graviton3,simde,256,main_filter,7,"filter_char_lt",100.00,0.020585,0.020585,7,7,2026-10-06T11:25:13+00:00
graviton3,simde,256,main_filter,7,"filter_char_gt",100.00,0.020748,0.020748,7,7,2026-10-06T11:25:13+00:00
graviton3,simde,256,main_filter,7,"filter_char_ne",100.00,0.028608,0.028608,7,7,2026-10-06T11:25:13+00:00
graviton3,simde,256,main_filter,7,"filter_char_le",100.00,0.020863,0.020863,7,7,2026-10-06T11:25:13+00:00
graviton3,simde,256,main_filter,7,"filter_char_ge",100.00,0.021226,0.021226,7,7,2026-10-06T11:25:13+00:00
graviton3,simde,256,main_expr,7,"expr_float/+",100.00,4.905203,4.905203,7,7,2026-10-06T11:26:19+00:00
graviton3,simde,256,main_expr,7,"expr_float/-",100.00,6.146185,6.146185,7,7,2026-10-06T11:26:19+00:00
graviton3,simde,256,main_expr,7,"expr_float/*",100.00,6.404407,6.404407,7,7,2026-10-06T11:26:19+00:00
graviton3,simde,256,main_expr,7,"expr_float//",100.00,3.433480,3.433480,7,7,2026-10-06T11:26:19+00:00
graviton3,simde,256,main_expr,7,"expr_double/+",100.00,2.321546,2.321546,7,7,2026-10-06T11:26:19+00:00
graviton3,simde,256,main_expr,7,"expr_double/-",100.00,2.848570,2.848570,7,7,2026-10-06T11:26:19+00:00
graviton3,simde,256,main_expr,7,"expr_double/*",100.00,2.907408,2.907408,7,7,2026-10-06T11:26:19+00:00
graviton3,simde,256,main_expr,7,"expr_double//",100.00,1.030136,1.030136,7,7,2026-10-06T11:26:19+00:00
graviton3,simde,256,main_expr,7,"expr_decimal/+",100.00,1.631103,1.631103,7,7,2026-10-06T11:26:19+00:00
graviton3,simde,256,main_expr,7,"expr_decimal/-",100.00,1.886751,1.886751,7,7,2026-10-06T11:26:19+00:00
graviton3,simde,256,main_expr,7,"expr_decimal/*",100.00,0.242033,0.242033,7,7,2026-10-06T11:26:19+00:00
graviton3,simde,256,main_expr,7,"expr_decimal//",100.00,0.193978,0.193978,7,7,2026-10-06T11:26:19+00:00
graviton3,simde,128,main_gather,8,"gather_byte",100.00,0.149092,0.149092,8,8,2026-10-06T11:27:00+00:00
graviton3,simde,128,main_gather,8,"gather_short",100.00,0.137531,0.137531,8,8,2026-10-06T11:27:00+00:00
graviton3,simde,128,main_gather,8,"gather_int",100.00,0.162104,0.162104,8,8,2026-10-06T11:27:00+00:00
graviton3,simde,128,main_gather,8,"gather_long",100.00,0.142658,0.142658,8,8,2026-10-06T11:27:00+00:00
graviton3,simde,128,main_gather,8,"gather_char",100.00,0.025054,0.025054,8,8,2026-10-06T11:27:00+00:00
graviton3,simde,128,main_gather,8,"gather_encoded",100.00,0.099356,0.099356,8,8,2026-10-06T11:27:00+00:00
graviton3,simde,128,main_gather,8,"copy_encoded",100.00,1.463673,1.463673,8,8,2026-10-06T11:27:00+00:00
graviton3,simde,256,main_gather,8,"gather_byte",100.00,0.143623,0.143623,8,8,2026-10-06T11:28:00+00:00
graviton3,simde,256,main_gather,8,"gather_short",100.00,0.135414,0.135414,8,8,2026-10-06T11:28:00+00:00
graviton3,simde,256,main_gather,8,"gather_int",100.00,0.150967,0.150967,8,8,2026-10-06T11:28:00+00:00
graviton3,simde,256,main_gather,8,"gather_long",100.00,0.132177,0.132177,8,8,2026-10-06T11:28:00+00:00
graviton3,simde,256,main_gather,8,"gather_char",100.00,0.027807,0.027807,8,8,2026-10-06T11:28:00+00:00
graviton3,simde,256,main_gather,8,"gather_encoded",100.00,0.128522,0.128522,8,8,2026-10-06T11:28:00+00:00
graviton3,simde,256,main_gather,8,"copy_encoded",100.00,1.921342,1.921342,8,8,2026-10-06T11:28:00+00:00
graviton3,simde,128,main_hash,8,"jenkins_hash",100.00,0.017217,0.017217,8,8,2026-10-06T11:31:00+00:00
graviton3,simde,128,main_hash,8,"fnv_hash",100.00,0.025167,0.025167,8,8,2026-10-06T11:31:00+00:00
graviton3,simde,128,main_hash,8,"murmur_hash",100.00,0.054415,0.054415,8,8,2026-10-06T11:31:00+00:00
graviton3,simde,256,main_hash,8,"jenkins_hash",100.00,0.018663,0.018663,8,8,2026-10-06T11:31:24+00:00
graviton3,simde,256,main_hash,8,"fnv_hash",100.00,0.026464,0.026464,8,8,2026-10-06T11:31:24+00:00
graviton3,simde,256,main_hash,8,"murmur_hash",100.00,0.055415,0.055415,8,8,2026-10-06T11:31:24+00:00
graviton3,simde,128,main_filter,8,"filter_byte_eq",100.00,0.068541,0.068541,8,8,2026-10-06T11:32:38+00:00
graviton3,simde,128,main_filter,8,"filter_byte_lt",100.00,0.042752,0.042752,8,8,2026-10-06T11:32:38+00:00
graviton3,simde,128,main_filter,8,"filter_byte_gt",100.00,0.042160,0.042160,8,8,2026-10-06T11:32:38+00:00
graviton3,simde,128,main_filter,8,"filter_byte_ne",100.00,0.033460,0.033460,8,8,2026-10-06T11:32:38+00:00
graviton3,simde,128,main_filter,8,"filter_byte_le",100.00,0.042127,0.042127,8,8,2026-10-06T11:32:38+00:00
graviton3,simde,128,main_filter,8,"filter_byte_ge",100.00,0.041873,0.041873,8,8,2026-10-06T11:32:38+00:00
graviton3,simde,128,main_filter,8,"filter_short_eq",100.00,0.045465,0.045465,8,8,2026-10-06T11:32:38+00:00
graviton3,simde,128,main_filter,8,"filter_short_lt",100.00,0.031843,0.031843,8,8,2026-10-06T11:32:38+00:00
graviton3,simde,128,main_filter,8,"filter_short_gt",100.00,0.032349,0.032349,8,8,2026-10-06T11:32:38+00:00
graviton3,simde,128,main_filter,8,"filter_short_ne",100.00,0.028561,0.028561,8,8,2026-10-06T11:32:38+00:00
graviton3,simde,128,main_filter,8,"filter_short_le",100.00,0.032279,0.032279,8,8,2026-10-06T11:32:38+00:00
graviton3,simde,128,main_filter,8,"filter_short_ge",100.00,0.031126,0.031126,8,8,2026-10-06T11:32:38+00:00
graviton3,simde,128,main_filter,8,"filter_int_eq",100.00,0.039261,0.039261,8,8,2026-10-06T11:32:38+00:00
graviton3,simde,128,main_filter,8,"filter_int_lt",100.00,0.031128,0.031128,8,8,2026-10-06T11:32:38+00:00
graviton3,simde,128,main_filter,8,"filter_int_gt",100.00,0.031108,0.031108,8,8,2026-10-06T11:32:38+00:00
graviton3,simde,128,main_filter,8,"filter_int_ne",100.00,0.027726,0.027726,8,8,2026-10-06T11:32:38+00:00
graviton3,simde,128,main_filter,8,"filter_int_le",100.00,0.030774,0.030774,8,8,2026-10-06T11:32:38+00:00
graviton3,simde,128,main_filter,8,"filter_int_ge",100.00,0.030759,0.030759,8,8,2026-10-06T11:32:38+00:00
graviton3,simde,128,main_filter,8,"filter_long_eq",100.00,0.036939,0.036939,8,8,2026-10-06T11:32:38+00:00
graviton3,simde,128,main_filter,8,"filter_long_lt",100.00,0.031538,0.031538,8,8,2026-10-06T11:32:38+00:00
graviton3,simde,128,main_filter,8,"filter_long_gt",100.00,0.031184,0.031184,8,8,2026-10-06T11:32:38+00:00
graviton3,simde,128,main_filter,8,"filter_long_ne",100.00,0.027318,0.027318,8,8,2026-10-06T11:32:38+00:00
graviton3,simde,128,main_filter,8,"filter_long_le",100.00,0.031488,0.031488,8,8,2026-10-06T11:32:38+00:00
graviton3,simde,128,main_filter,8,"filter_long_ge",100.00,0.031185,0.031185,8,8,2026-10-06T11:32:38+00:00
graviton3,simde,128,main_filter,8,"filter_float_eq",100.00,0.042031,0.042031,8,8,2026-10-06T11:32:38+00:00
graviton3,simde,128,main_filter,8,"filter_float_lt",100.00,0.032826,0.032826,8,8,2026-10-06T11:32:38+00:00
graviton3,simde,128,main_filter,8,"filter_float_gt",100.00,0.032922,0.032922,8,8,2026-10-06T11:32:38+00:00
graviton3,simde,128,main_filter,8,"filter_float_ne",100.00,0.028296,0.028296,8,8,2026-10-06T11:32:38+00:00
graviton3,simde,128,main_filter,8,"filter_float_le",100.00,0.032858,0.032858,8,8,2026-10-06T11:32:38+00:00
graviton3,simde,128,main_filter,8,"filter_float_ge",100.00,0.032857,0.032857,8,8,2026-10-06T11:32:38+00:00
graviton3,simde,128,main_filter,8,"filter_double_eq",100.00,0.036966,0.036966,8,8,2026-10-06T11:32:38+00:00
graviton3,simde,128,main_filter,8,"filter_double_lt",100.00,0.031975,0.031975,8,8,2026-10-06T11:32:38+00:00
graviton3,simde,128,main_filter,8,"filter_double_gt",100.00,0.031969,0.031969,8,8,2026-10-06T11:32:38+00:00
graviton3,simde,128,main_filter,8,"filter_double_ne",100.00,0.027479,0.027479,8,8,2026-10-06T11:32:38+00:00
graviton3,simde,128,main_filter,8,"filter_double_le",100.00,0.031739,0.031739,8,8,2026-10-06T11:32:38+00:00
graviton3,simde,128,main_filter,8,"filter_double_ge",100.00,0.031978,0.031978,8,8,2026-10-06T11:32:38+00:00
graviton3,simde,128,main_filter,8,"filter_char_eq",100.00,0.033303,0.033303,8,8,2026-10-06T11:32:38+00:00
graviton3,simde,128,main_filter,8,"filter_char_lt",100.00,0.023756,0.023756,8,8,2026-10-06T11:32:38+00:00
graviton3,simde,128,main_filter,8,"filter_char_gt",100.00,0.023741,0.023741,8,8,2026-10-06T11:32:38+00:00
graviton3,simde,128,main_filter,8,"filter_char_ne",100.00,0.030631,0.030631,8,8,2026-10-06T11:32:38+00:00
graviton3,simde,128,main_filter,8,"filter_char_le",100.00,0.024147,0.024147,8,8,2026-10-06T11:32:38+00:00
graviton3,simde,128,main_filter,8,"filter_char_ge",100.00,0.024089,0.024089,8,8,2026-10-06T11:32:38+00:00
graviton3,simde,256,main_filter,8,"filter_byte_eq",100.00,0.057901,0.057901,8,8,2026-10-06T11:33:02+00:00
graviton3,simde,256,main_filter,8,"filter_byte_lt",100.00,0.039974,0.039974,8,8,2026-10-06T11:33:02+00:00
graviton3,simde,256,main_filter,8,"filter_byte_gt",100.00,0.040964,0.040964,8,8,2026-10-06T11:33:02+00:00
graviton3,simde,256,main_filter,8,"filter_byte_ne",100.00,0.032679,0.032679,8,8,2026-10-06T11:33:02+00:00
graviton3,simde,256,main_filter,8,"filter_byte_le",100.00,0.040414,0.040414,8,8,2026-10-06T11:33:02+00:00
graviton3,simde,256,main_filter,8,"filter_byte_ge",100.00,0.040814,0.040814,8,8,2026-10-06T11:33:02+00:00
graviton3,simde,256,main_filter,8,"filter_short_eq",100.00,0.039620,0.039620,8,8,2026-10-06T11:33:02+00:00
graviton3,simde,256,main_filter,8,"filter_short_lt",100.00,0.031344,0.031344,8,8,2026-10-06T11:33:02+00:00
graviton3,simde,256,main_filter,8,"filter_short_gt",100.00,0.031373,0.031373,8,8,2026-10-06T11:33:02+00:00
graviton3,simde,256,main_filter,8,"filter_short_ne",100.00,0.029867,0.029867,8,8,2026-10-06T11:33:02+00:00
graviton3,simde,256,main_filter,8,"filter_short_le",100.00,0.032063,0.032063,8,8,2026-10-06T11:33:02+00:00
graviton3,simde,256,main_filter,8,"filter_short_ge",100.00,0.031212,0.031212,8,8,2026-10-06T11:33:02+00:00
graviton3,simde,256,main_filter,8,"filter_int_eq",100.00,0.035415,0.035415,8,8,2026-10-06T11:33:02+00:00
graviton3,simde,256,main_filter,8,"filter_int_lt",100.00,0.030710,0.030710,8,8,2026-10-06T11:33:02+00:00
graviton3,simde,256,main_filter,8,"filter_int_gt",100.00,0.030434,0.030434,8,8,2026-10-06T11:33:02+00:00
graviton3,simde,256,main_filter,8,"filter_int_ne",100.00,0.027801,0.027801,8,8,2026-10-06T11:33:02+00:00
graviton3,simde,256,main_filter,8,"filter_int_le",100.00,0.031060,0.031060,8,8,2026-10-06T11:33:02+00:00
graviton3,simde,256,main_filter,8,"filter_int_ge",100.00,0.029959,0.029959,8,8,2026-10-06T11:33:02+00:00
graviton3,simde,256,main_filter,8,"filter_long_eq",100.00,0.035396,0.035396,8,8,2026-10-06T11:33:02+00:00
graviton3,simde,256,main_filter,8,"filter_long_lt",100.00,0.030365,0.030365,8,8,2026-10-06T11:33:02+00:00
graviton3,simde,256,main_filter,8,"filter_long_gt",100.00,0.029995,0.029995,8,8,2026-10-06T11:33:02+00:00
graviton3,simde,256,main_filter,8,"filter_long_ne",100.00,0.026784,0.026784,8,8,2026-10-06T11:33:02+00:00
graviton3,simde,256,main_filter,8,"filter_long_le",100.00,0.030644,0.030644,8,8,2026-10-06T11:33:02+00:00
graviton3,simde,256,main_filter,8,"filter_long_ge",100.00,0.029858,0.029858,8,8,2026-10-06T11:33:02+00:00
graviton3,simde,256,main_filter,8,"filter_float_eq",100.00,0.037743,0.037743,8,8,2026-10-06T11:33:02+00:00
graviton3,simde,256,main_filter,8,"filter_float_lt",100.00,0.030766,0.030766,8,8,2026-10-06T11:33:02+00:00
graviton3,simde,256,main_filter,8,"filter_float_gt",100.00,0.030583,0.030583,8,8,2026-10-06T11:33:02+00:00
graviton3,simde,256,main_filter,8,"filter_float_ne",100.00,0.028282,0.028282,8,8,2026-10-06T11:33:02+00:00
graviton3,simde,256,main_filter,8,"filter_float_le",100.00,0.030821,0.030821,8,8,2026-10-06T11:33:02+00:00
graviton3,simde,256,main_filter,8,"filter_float_ge",100.00,0.030117,0.030117,8,8,2026-10-06T11:33:02+00:00
graviton3,simde,256,main_filter,8,"filter_double_eq",100.00,0.033601,0.033601,8,8,2026-10-06T11:33:02+00:00
graviton3,simde,256,main_filter,8,"filter_double_lt",100.00,0.029274,0.029274,8,8,2026-10-06T11:33:02+00:00
graviton3,simde,256,main_filter,8,"filter_double_gt",100.00,0.029087,0.029087,8,8,2026-10-06T11:33:02+00:00
graviton3,simde,256,main_filter,8,"filter_double_ne",100.00,0.026122,0.026122,8,8,2026-10-06T11:33:02+00:00
graviton3,simde,256,main_filter,8,"filter_double_le",100.00,0.029874,0.029874,8,8,2026-10-06T11:33:02+00:00
graviton3,simde,256,main_filter,8,"filter_double_ge",100.00,0.029576,0.029576,8,8,2026-10-06T11:33:02+00:00
graviton3,simde,256,main_filter,8,"filter_char_eq",100.00,0.030511,0.030511,8,8,2026-10-06T11:33:02+00:00
graviton3,simde,256,main_filter,8,"filter_char_lt",100.00,0.020736,0.020736,8,8,2026-10-06T11:33:02+00:00
graviton3,simde,256,main_filter,8,"filter_char_gt",100.00,0.020755,0.020755,8,8,2026-10-06T11:33:02+00:00
graviton3,simde,256,main_filter,8,"filter_char_ne",100.00,0.028599,0.028599,8,8,2026-10-06T11:33:02+00:00
graviton3,simde,256,main_filter,8,"filter_char_le",100.00,0.021107,0.021107,8,8,2026-10-06T11:33:02+00:00
graviton3,simde,256,main_filter,8,"filter_char_ge",100.00,0.021022,0.021022,8,8,2026-10-06T11:33:02+00:00
graviton3,simde,256,main_expr,8,"expr_float/+",100.00,4.874660,4.874660,8,8,2026-10-06T11:34:08+00:00
graviton3,simde,256,main_expr,8,"expr_float/-",100.00,6.064734,6.064734,8,8,2026-10-06T11:34:08+00:00
graviton3,simde,256,main_expr,8,"expr_float/*",100.00,6.322137,6.322137,8,8,2026-10-06T11:34:08+00:00
graviton3,simde,256,main_expr,8,"expr_float//",100.00,3.427373,3.427373,8,8,2026-10-06T11:34:08+00:00
graviton3,simde,256,main_expr,8,"expr_double/+",100.00,2.317999,2.317999,8,8,2026-10-06T11:34:08+00:00
graviton3,simde,256,main_expr,8,"expr_double/-",100.00,2.817906,2.817906,8,8,2026-10-06T11:34:08+00:00
graviton3,simde,256,main_expr,8,"expr_double/*",100.00,2.907064,2.907064,8,8,2026-10-06T11:34:08+00:00
graviton3,simde,256,main_expr,8,"expr_double//",100.00,1.030535,1.030535,8,8,2026-10-06T11:34:08+00:00
graviton3,simde,256,main_expr,8,"expr_decimal/+",100.00,1.615843,1.615843,8,8,2026-10-06T11:34:08+00:00
graviton3,simde,256,main_expr,8,"expr_decimal/-",100.00,1.903224,1.903224,8,8,2026-10-06T11:34:08+00:00
graviton3,simde,256,main_expr,8,"expr_decimal/*",100.00,0.243810,0.243810,8,8,2026-10-06T11:34:08+00:00
graviton3,simde,256,main_expr,8,"expr_decimal//",100.00,0.195249,0.195249,8,8,2026-10-06T11:34:08+00:00
graviton3,simde,256,main_gather,9,"gather_byte",100.00,0.167091,0.167091,9,9,2026-10-06T11:34:50+00:00
graviton3,simde,256,main_gather,9,"gather_short",100.00,0.135885,0.135885,9,9,2026-10-06T11:34:50+00:00
graviton3,simde,256,main_gather,9,"gather_int",100.00,0.154790,0.154790,9,9,2026-10-06T11:34:50+00:00
graviton3,simde,256,main_gather,9,"gather_long",100.00,0.131306,0.131306,9,9,2026-10-06T11:34:50+00:00
graviton3,simde,256,main_gather,9,"gather_char",100.00,0.027816,0.027816,9,9,2026-10-06T11:34:50+00:00
graviton3,simde,256,main_gather,9,"gather_encoded",100.00,0.131070,0.131070,9,9,2026-10-06T11:34:50+00:00
graviton3,simde,256,main_gather,9,"copy_encoded",100.00,1.910655,1.910655,9,9,2026-10-06T11:34:50+00:00
graviton3,simde,128,main_hash,9,"jenkins_hash",100.00,0.017198,0.017198,9,9,2026-10-06T11:37:49+00:00
graviton3,simde,128,main_hash,9,"fnv_hash",100.00,0.025186,0.025186,9,9,2026-10-06T11:37:49+00:00
graviton3,simde,128,main_hash,9,"murmur_hash",100.00,0.056207,0.056207,9,9,2026-10-06T11:37:49+00:00
graviton3,simde,256,main_hash,9,"jenkins_hash",100.00,0.018674,0.018674,9,9,2026-10-06T11:38:14+00:00
graviton3,simde,256,main_hash,9,"fnv_hash",100.00,0.026468,0.026468,9,9,2026-10-06T11:38:14+00:00
graviton3,simde,256,main_hash,9,"murmur_hash",100.00,0.057334,0.057334,9,9,2026-10-06T11:38:14+00:00
graviton3,simde,128,main_filter,9,"filter_byte_eq",100.00,0.064999,0.064999,9,9,2026-10-06T11:39:27+00:00
graviton3,simde,128,main_filter,9,"filter_byte_lt",100.00,0.040533,0.040533,9,9,2026-10-06T11:39:27+00:00
graviton3,simde,128,main_filter,9,"filter_byte_gt",100.00,0.041354,0.041354,9,9,2026-10-06T11:39:27+00:00
graviton3,simde,128,main_filter,9,"filter_byte_ne",100.00,0.032515,0.032515,9,9,2026-10-06T11:39:27+00:00
graviton3,simde,128,main_filter,9,"filter_byte_le",100.00,0.040757,0.040757,9,9,2026-10-06T11:39:27+00:00
graviton3,simde,128,main_filter,9,"filter_byte_ge",100.00,0.040546,0.040546,9,9,2026-10-06T11:39:27+00:00
graviton3,simde,128,main_filter,9,"filter_short_eq",100.00,0.044256,0.044256,9,9,2026-10-06T11:39:27+00:00
graviton3,simde,128,main_filter,9,"filter_short_lt",100.00,0.031635,0.031635,9,9,2026-10-06T11:39:27+00:00
graviton3,simde,128,main_filter,9,"filter_short_gt",100.00,0.032220,0.032220,9,9,2026-10-06T11:39:27+00:00
graviton3,simde,128,main_filter,9,"filter_short_ne",100.00,0.028400,0.028400,9,9,2026-10-06T11:39:27+00:00
graviton3,simde,128,main_filter,9,"filter_short_le",100.00,0.031377,0.031377,9,9,2026-10-06T11:39:27+00:00
graviton3,simde,128,main_filter,9,"filter_short_ge",100.00,0.031770,0.031770,9,9,2026-10-06T11:39:27+00:00
graviton3,simde,128,main_filter,9,"filter_int_eq",100.00,0.038798,0.038798,9,9,2026-10-06T11:39:27+00:00
graviton3,simde,128,main_filter,9,"filter_int_lt",100.00,0.030824,0.030824,9,9,2026-10-06T11:39:27+00:00
graviton3,simde,128,main_filter,9,"filter_int_gt",100.00,0.030724,0.030724,9,9,2026-10-06T11:39:27+00:00
graviton3,simde,128,main_filter,9,"filter_int_ne",100.00,0.027305,0.027305,9,9,2026-10-06T11:39:27+00:00
graviton3,simde,128,main_filter,9,"filter_int_le",100.00,0.030967,0.030967,9,9,2026-10-06T11:39:27+00:00
graviton3,simde,128,main_filter,9,"filter_int_ge",100.00,0.030395,0.030395,9,9,2026-10-06T11:39:27+00:00
graviton3,simde,128,main_filter,9,"filter_long_eq",100.00,0.038123,0.038123,9,9,2026-10-06T11:39:27+00:00
graviton3,simde,128,main_filter,9,"filter_long_lt",100.00,0.032202,0.032202,9,9,2026-10-06T11:39:27+00:00
graviton3,simde,128,main_filter,9,"filter_long_gt",100.00,0.032118,0.032118,9,9,2026-10-06T11:39:27+00:00
graviton3,simde,128,main_filter,9,"filter_long_ne",100.00,0.028089,0.028089,9,9,2026-10-06T11:39:27+00:00
graviton3,simde,128,main_filter,9,"filter_long_le",100.00,0.031491,0.031491,9,9,2026-10-06T11:39:27+00:00
graviton3,simde,128,main_filter,9,"filter_long_ge",100.00,0.031697,0.031697,9,9,2026-10-06T11:39:27+00:00
graviton3,simde,128,main_filter,9,"filter_float_eq",100.00,0.041132,0.041132,9,9,2026-10-06T11:39:27+00:00
graviton3,simde,128,main_filter,9,"filter_float_lt",100.00,0.032447,0.032447,9,9,2026-10-06T11:39:27+00:00
graviton3,simde,128,main_filter,9,"filter_float_gt",100.00,0.032575,0.032575,9,9,2026-10-06T11:39:27+00:00
graviton3,simde,128,main_filter,9,"filter_float_ne",100.00,0.028023,0.028023,9,9,2026-10-06T11:39:27+00:00
graviton3,simde,128,main_filter,9,"filter_float_le",100.00,0.032726,0.032726,9,9,2026-10-06T11:39:27+00:00
graviton3,simde,128,main_filter,9,"filter_float_ge",100.00,0.032307,0.032307,9,9,2026-10-06T11:39:27+00:00
graviton3,simde,128,main_filter,9,"filter_double_eq",100.00,0.036628,0.036628,9,9,2026-10-06T11:39:27+00:00
graviton3,simde,128,main_filter,9,"filter_double_lt",100.00,0.031887,0.031887,9,9,2026-10-06T11:39:27+00:00
graviton3,simde,128,main_filter,9,"filter_double_gt",100.00,0.031898,0.031898,9,9,2026-10-06T11:39:27+00:00
graviton3,simde,128,main_filter,9,"filter_double_ne",100.00,0.027755,0.027755,9,9,2026-10-06T11:39:27+00:00
graviton3,simde,128,main_filter,9,"filter_double_le",100.00,0.031805,0.031805,9,9,2026-10-06T11:39:27+00:00
graviton3,simde,128,main_filter,9,"filter_double_ge",100.00,0.031828,0.031828,9,9,2026-10-06T11:39:27+00:00
graviton3,simde,128,main_filter,9,"filter_char_eq",100.00,0.033221,0.033221,9,9,2026-10-06T11:39:27+00:00
graviton3,simde,128,main_filter,9,"filter_char_lt",100.00,0.023703,0.023703,9,9,2026-10-06T11:39:27+00:00
graviton3,simde,128,main_filter,9,"filter_char_gt",100.00,0.023613,0.023613,9,9,2026-10-06T11:39:27+00:00
graviton3,simde,128,main_filter,9,"filter_char_ne",100.00,0.030464,0.030464,9,9,2026-10-06T11:39:27+00:00
graviton3,simde,128,main_filter,9,"filter_char_le",100.00,0.024029,0.024029,9,9,2026-10-06T11:39:27+00:00
graviton3,simde,128,main_filter,9,"filter_char_ge",100.00,0.024042,0.024042,9,9,2026-10-06T11:39:27+00:00
graviton3,simde,256,main_filter,9,"filter_byte_eq",100.00,0.055972,0.055972,9,9,2026-10-06T11:39:52+00:00
graviton3,simde,256,main_filter,9,"filter_byte_lt",100.00,0.039392,0.039392,9,9,2026-10-06T11:39:52+00:00
graviton3,simde,256,main_filter,9,"filter_byte_gt",100.00,0.039070,0.039070,9,9,2026-10-06T11:39:52+00:00
graviton3,simde,256,main_filter,9,"filter_byte_ne",100.00,0.032338,0.032338,9,9,2026-10-06T11:39:52+00:00
graviton3,simde,256,main_filter,9,"filter_byte_le",100.00,0.039330,0.039330,9,9,2026-10-06T11:39:52+00:00
graviton3,simde,256,main_filter,9,"filter_byte_ge",100.00,0.039130,0.039130,9,9,2026-10-06T11:39:52+00:00
graviton3,simde,256,main_filter,9,"filter_short_eq",100.00,0.039859,0.039859,9,9,2026-10-06T11:39:52+00:00
graviton3,simde,256,main_filter,9,"filter_short_lt",100.00,0.031385,0.031385,9,9,2026-10-06T11:39:52+00:00
graviton3,simde,256,main_filter,9,"filter_short_gt",100.00,0.031244,0.031244,9,9,2026-10-06T11:39:52+00:00
graviton3,simde,256,main_filter,9,"filter_short_ne",100.00,0.028022,0.028022,9,9,2026-10-06T11:39:52+00:00
graviton3,simde,256,main_filter,9,"filter_short_le",100.00,0.031243,0.031243,9,9,2026-10-06T11:39:52+00:00
graviton3,simde,256,main_filter,9,"filter_short_ge",100.00,0.031135,0.031135,9,9,2026-10-06T11:39:52+00:00
graviton3,simde,256,main_filter,9,"filter_int_eq",100.00,0.034693,0.034693,9,9,2026-10-06T11:39:52+00:00
graviton3,simde,256,main_filter,9,"filter_int_lt",100.00,0.030502,0.030502,9,9,2026-10-06T11:39:52+00:00
graviton3,simde,256,main_filter,9,"filter_int_gt",100.00,0.029844,0.029844,9,9,2026-10-06T11:39:52+00:00
graviton3,simde,256,main_filter,9,"filter_int_ne",100.00,0.027271,0.027271,9,9,2026-10-06T11:39:52+00:00
graviton3,simde,256,main_filter,9,"filter_int_le",100.00,0.029987,0.029987,9,9,2026-10-06T11:39:52+00:00
graviton3,simde,256,main_filter,9,"filter_int_ge",100.00,0.029888,0.029888,9,9,2026-10-06T11:39:52+00:00
graviton3,simde,256,main_filter,9,"filter_long_eq",100.00,0.035029,0.035029,9,9,2026-10-06T11:39:52+00:00
graviton3,simde,256,main_filter,9,"filter_long_lt",100.00,0.030416,0.030416,9,9,2026-10-06T11:39:52+00:00
graviton3,simde,256,main_filter,9,"filter_long_gt",100.00,0.029713,0.029713,9,9,2026-10-06T11:39:52+00:00
graviton3,simde,256,main_filter,9,"filter_long_ne",100.00,0.026405,0.026405,9,9,2026-10-06T11:39:52+00:00
graviton3,simde,256,main_filter,9,"filter_long_le",100.00,0.029847,0.029847,9,9,2026-10-06T11:39:52+00:00
graviton3,simde,256,main_filter,9,"filter_long_ge",100.00,0.029529,0.029529,9,9,2026-10-06T11:39:52+00:00
graviton3,simde,256,main_filter,9,"filter_float_eq",100.00,0.036676,0.036676,9,9,2026-10-06T11:39:52+00:00
graviton3,simde,256,main_filter,9,"filter_float_lt",100.00,0.030111,0.030111,9,9,2026-10-06T11:39:52+00:00
graviton3,simde,256,main_filter,9,"filter_float_gt",100.00,0.029974,0.029974,9,9,2026-10-06T11:39:52+00:00
graviton3,simde,256,main_filter,9,"filter_float_ne",100.00,0.028134,0.028134,9,9,2026-10-06T11:39:52+00:00
graviton3,simde,256,main_filter,9,"filter_float_le",100.00,0.030176,0.030176,9,9,2026-10-06T11:39:52+00:00
graviton3,simde,256,main_filter,9,"filter_float_ge",100.00,0.030020,0.030020,9,9,2026-10-06T11:39:52+00:00
graviton3,simde,256,main_filter,9,"filter_double_eq",100.00,0.033279,0.033279,9,9,2026-10-06T11:39:52+00:00
graviton3,simde,256,main_filter,9,"filter_double_lt",100.00,0.029377,0.029377,9,9,2026-10-06T11:39:52+00:00
graviton3,simde,256,main_filter,9,"filter_double_gt",100.00,0.029359,0.029359,9,9,2026-10-06T11:39:52+00:00
graviton3,simde,256,main_filter,9,"filter_double_ne",100.00,0.026124,0.026124,9,9,2026-10-06T11:39:52+00:00
graviton3,simde,256,main_filter,9,"filter_double_le",100.00,0.029536,0.029536,9,9,2026-10-06T11:39:52+00:00
graviton3,simde,256,main_filter,9,"filter_double_ge",100.00,0.028966,0.028966,9,9,2026-10-06T11:39:52+00:00
graviton3,simde,256,main_filter,9,"filter_char_eq",100.00,0.029830,0.029830,9,9,2026-10-06T11:39:52+00:00
graviton3,simde,256,main_filter,9,"filter_char_lt",100.00,0.020465,0.020465,9,9,2026-10-06T11:39:52+00:00
graviton3,simde,256,main_filter,9,"filter_char_gt",100.00,0.020450,0.020450,9,9,2026-10-06T11:39:52+00:00
graviton3,simde,256,main_filter,9,"filter_char_ne",100.00,0.027980,0.027980,9,9,2026-10-06T11:39:52+00:00
graviton3,simde,256,main_filter,9,"filter_char_le",100.00,0.020827,0.020827,9,9,2026-10-06T11:39:52+00:00
graviton3,simde,256,main_filter,9,"filter_char_ge",100.00,0.020793,0.020793,9,9,2026-10-06T11:39:52+00:00
graviton3,simde,256,main_expr,9,"expr_float/+",100.00,4.604649,4.604649,9,9,2026-10-06T11:40:58+00:00
graviton3,simde,256,main_expr,9,"expr_float/-",100.00,5.592330,5.592330,9,9,2026-10-06T11:40:58+00:00
graviton3,simde,256,main_expr,9,"expr_float/*",100.00,5.749939,5.749939,9,9,2026-10-06T11:40:58+00:00
graviton3,simde,256,main_expr,9,"expr_float//",100.00,3.389960,3.389960,9,9,2026-10-06T11:40:58+00:00
graviton3,simde,256,main_expr,9,"expr_double/+",100.00,2.240622,2.240622,9,9,2026-10-06T11:40:58+00:00
graviton3,simde,256,main_expr,9,"expr_double/-",100.00,2.696868,2.696868,9,9,2026-10-06T11:40:58+00:00
graviton3,simde,256,main_expr,9,"expr_double/*",100.00,2.758931,2.758931,9,9,2026-10-06T11:40:58+00:00
graviton3,simde,256,main_expr,9,"expr_double//",100.00,1.030146,1.030146,9,9,2026-10-06T11:40:58+00:00
graviton3,simde,256,main_expr,9,"expr_decimal/+",100.00,1.632007,1.632007,9,9,2026-10-06T11:40:58+00:00
graviton3,simde,256,main_expr,9,"expr_decimal/-",100.00,1.885099,1.885099,9,9,2026-10-06T11:40:58+00:00
graviton3,simde,256,main_expr,9,"expr_decimal/*",100.00,0.245071,0.245071,9,9,2026-10-06T11:40:58+00:00
graviton3,simde,256,main_expr,9,"expr_decimal//",100.00,0.194729,0.194729,9,9,2026-10-06T11:40:58+00:00
graviton3,simde,256,main_gather,10,"gather_byte",100.00,0.142537,0.142537,10,10,2026-10-06T11:41:39+00:00
graviton3,simde,256,main_gather,10,"gather_short",100.00,0.133565,0.133565,10,10,2026-10-06T11:41:39+00:00
graviton3,simde,256,main_gather,10,"gather_int",100.00,0.146203,0.146203,10,10,2026-10-06T11:41:39+00:00
graviton3,simde,256,main_gather,10,"gather_long",100.00,0.133701,0.133701,10,10,2026-10-06T11:41:39+00:00
graviton3,simde,256,main_gather,10,"gather_char",100.00,0.027717,0.027717,10,10,2026-10-06T11:41:39+00:00
graviton3,simde,256,main_gather,10,"gather_encoded",100.00,0.131436,0.131436,10,10,2026-10-06T11:41:39+00:00
graviton3,simde,256,main_gather,10,"copy_encoded",100.00,1.912734,1.912734,10,10,2026-10-06T11:41:39+00:00
graviton3,simde,128,main_hash,10,"jenkins_hash",100.00,0.017209,0.017209,10,10,2026-10-06T11:44:39+00:00
graviton3,simde,128,main_hash,10,"fnv_hash",100.00,0.025101,0.025101,10,10,2026-10-06T11:44:39+00:00
graviton3,simde,128,main_hash,10,"murmur_hash",100.00,0.056249,0.056249,10,10,2026-10-06T11:44:39+00:00
graviton3,simde,256,main_hash,10,"jenkins_hash",100.00,0.018680,0.018680,10,10,2026-10-06T11:45:04+00:00
graviton3,simde,256,main_hash,10,"fnv_hash",100.00,0.026378,0.026378,10,10,2026-10-06T11:45:04+00:00
graviton3,simde,256,main_hash,10,"murmur_hash",100.00,0.057373,0.057373,10,10,2026-10-06T11:45:04+00:00
graviton3,simde,128,main_filter,10,"filter_byte_eq",100.00,0.062446,0.062446,10,10,2026-10-06T11:46:17+00:00
graviton3,simde,128,main_filter,10,"filter_byte_lt",100.00,0.039142,0.039142,10,10,2026-10-06T11:46:17+00:00
graviton3,simde,128,main_filter,10,"filter_byte_gt",100.00,0.037672,0.037672,10,10,2026-10-06T11:46:17+00:00
graviton3,simde,128,main_filter,10,"filter_byte_ne",100.00,0.031977,0.031977,10,10,2026-10-06T11:46:17+00:00
graviton3,simde,128,main_filter,10,"filter_byte_le",100.00,0.037811,0.037811,10,10,2026-10-06T11:46:17+00:00
graviton3,simde,128,main_filter,10,"filter_byte_ge",100.00,0.038735,0.038735,10,10,2026-10-06T11:46:17+00:00
graviton3,simde,128,main_filter,10,"filter_short_eq",100.00,0.042829,0.042829,10,10,2026-10-06T11:46:17+00:00
graviton3,simde,128,main_filter,10,"filter_short_lt",100.00,0.032286,0.032286,10,10,2026-10-06T11:46:17+00:00
graviton3,simde,128,main_filter,10,"filter_short_gt",100.00,0.031527,0.031527,10,10,2026-10-06T11:46:17+00:00
graviton3,simde,128,main_filter,10,"filter_short_ne",100.00,0.028415,0.028415,10,10,2026-10-06T11:46:17+00:00
graviton3,simde,128,main_filter,10,"filter_short_le",100.00,0.031567,0.031567,10,10,2026-10-06T11:46:17+00:00
graviton3,simde,128,main_filter,10,"filter_short_ge",100.00,0.030928,0.030928,10,10,2026-10-06T11:46:17+00:00
graviton3,simde,128,main_filter,10,"filter_int_eq",100.00,0.040490,0.040490,10,10,2026-10-06T11:46:17+00:00
graviton3,simde,128,main_filter,10,"filter_int_lt",100.00,0.031815,0.031815,10,10,2026-10-06T11:46:17+00:00
graviton3,simde,128,main_filter,10,"filter_int_gt",100.00,0.031480,0.031480,10,10,2026-10-06T11:46:17+00:00
graviton3,simde,128,main_filter,10,"filter_int_ne",100.00,0.028261,0.028261,10,10,2026-10-06T11:46:17+00:00
graviton3,simde,128,main_filter,10,"filter_int_le",100.00,0.031781,0.031781,10,10,2026-10-06T11:46:17+00:00
graviton3,simde,128,main_filter,10,"filter_int_ge",100.00,0.031387,0.031387,10,10,2026-10-06T11:46:17+00:00
graviton3,simde,128,main_filter,10,"filter_long_eq",100.00,0.038606,0.038606,10,10,2026-10-06T11:46:17+00:00
graviton3,simde,128,main_filter,10,"filter_long_lt",100.00,0.032374,0.032374,10,10,2026-10-06T11:46:17+00:00
graviton3,simde,128,main_filter,10,"filter_long_gt",100.00,0.032243,0.032243,10,10,2026-10-06T11:46:17+00:00
graviton3,simde,128,main_filter,10,"filter_long_ne",100.00,0.028339,0.028339,10,10,2026-10-06T11:46:17+00:00
graviton3,simde,128,main_filter,10,"filter_long_le",100.00,0.032243,0.032243,10,10,2026-10-06T11:46:17+00:00
graviton3,simde,128,main_filter,10,"filter_long_ge",100.00,0.032219,0.032219,10,10,2026-10-06T11:46:17+00:00
graviton3,simde,128,main_filter,10,"filter_float_eq",100.00,0.043857,0.043857,10,10,2026-10-06T11:46:17+00:00
graviton3,simde,128,main_filter,10,"filter_float_lt",100.00,0.033424,0.033424,10,10,2026-10-06T11:46:17+00:00
graviton3,simde,128,main_filter,10,"filter_float_gt",100.00,0.033382,0.033382,10,10,2026-10-06T11:46:17+00:00
graviton3,simde,128,main_filter,10,"filter_float_ne",100.00,0.028936,0.028936,10,10,2026-10-06T11:46:17+00:00
graviton3,simde,128,main_filter,10,"filter_float_le",100.00,0.033103,0.033103,10,10,2026-10-06T11:46:17+00:00
graviton3,simde,128,main_filter,10,"filter_float_ge",100.00,0.033106,0.033106,10,10,2026-10-06T11:46:17+00:00
graviton3,simde,128,main_filter,10,"filter_double_eq",100.00,0.036984,0.036984,10,10,2026-10-06T11:46:17+00:00
graviton3,simde,128,main_filter,10,"filter_double_lt",100.00,0.032076,0.032076,10,10,2026-10-06T11:46:17+00:00
graviton3,simde,128,main_filter,10,"filter_double_gt",100.00,0.031908,0.031908,10,10,2026-10-06T11:46:17+00:00
graviton3,simde,128,main_filter,10,"filter_double_ne",100.00,0.027811,0.027811,10,10,2026-10-06T11:46:17+00:00
graviton3,simde,128,main_filter,10,"filter_double_le",100.00,0.031375,0.031375,10,10,2026-10-06T11:46:17+00:00
graviton3,simde,128,main_filter,10,"filter_double_ge",100.00,0.031673,0.031673,10,10,2026-10-06T11:46:17+00:00
graviton3,simde,128,main_filter,10,"filter_char_eq",100.00,0.033247,0.033247,10,10,2026-10-06T11:46:17+00:00
graviton3,simde,128,main_filter,10,"filter_char_lt",100.00,0.023702,0.023702,10,10,2026-10-06T11:46:17+00:00
graviton3,simde,128,main_filter,10,"filter_char_gt",100.00,0.023640,0.023640,10,10,2026-10-06T11:46:17+00:00
graviton3,simde,128,main_filter,10,"filter_char_ne",100.00,0.030421,0.030421,10,10,2026-10-06T11:46:17+00:00
graviton3,simde,128,main_filter,10,"filter_char_le",100.00,0.024016,0.024016,10,10,2026-10-06T11:46:17+00:00
graviton3,simde,128,main_filter,10,"filter_char_ge",100.00,0.023895,0.023895,10,10,2026-10-06T11:46:17+00:00
graviton3,simde,256,main_filter,10,"filter_byte_eq",100.00,0.057367,0.057367,10,10,2026-10-06T11:46:41+00:00
graviton3,simde,256,main_filter,10,"filter_byte_lt",100.00,0.039135,0.039135,10,10,2026-10-06T11:46:41+00:00
graviton3,simde,256,main_filter,10,"filter_byte_gt",100.00,0.041035,0.041035,10,10,2026-10-06T11:46:41+00:00
graviton3,simde,256,main_filter,10,"filter_byte_ne",100.00,0.033174,0.033174,10,10,2026-10-06T11:46:41+00:00
graviton3,simde,256,main_filter,10,"filter_byte_le",100.00,0.041090,0.041090,10,10,2026-10-06T11:46:41+00:00
graviton3,simde,256,main_filter,10,"filter_byte_ge",100.00,0.040735,0.040735,10,10,2026-10-06T11:46:41+00:00
graviton3,simde,256,main_filter,10,"filter_short_eq",100.00,0.038548,0.038548,10,10,2026-10-06T11:46:41+00:00
graviton3,simde,256,main_filter,10,"filter_short_lt",100.00,0.031174,0.031174,10,10,2026-10-06T11:46:41+00:00
graviton3,simde,256,main_filter,10,"filter_short_gt",100.00,0.031068,0.031068,10,10,2026-10-06T11:46:41+00:00
graviton3,simde,256,main_filter,10,"filter_short_ne",100.00,0.028229,0.028229,10,10,2026-10-06T11:46:41+00:00
graviton3,simde,256,main_filter,10,"filter_short_le",100.00,0.031058,0.031058,10,10,2026-10-06T11:46:41+00:00
graviton3,simde,256,main_filter,10,"filter_short_ge",100.00,0.030378,0.030378,10,10,2026-10-06T11:46:41+00:00
graviton3,simde,256,main_filter,10,"filter_int_eq",100.00,0.034984,0.034984,10,10,2026-10-06T11:46:41+00:00
graviton3,simde,256,main_filter,10,"filter_int_lt",100.00,0.030399,0.030399,10,10,2026-10-06T11:46:41+00:00
graviton3,simde,256,main_filter,10,"filter_int_gt",100.00,0.029823,0.029823,10,10,2026-10-06T11:46:41+00:00
graviton3,simde,256,main_filter,10,"filter_int_ne",100.00,0.027294,0.027294,10,10,2026-10-06T11:46:41+00:00
graviton3,simde,256,main_filter,10,"filter_int_le",100.00,0.029886,0.029886,10,10,2026-10-06T11:46:41+00:00
graviton3,simde,256,main_filter,10,"filter_int_ge",100.00,0.030004,0.030004,10,10,2026-10-06T11:46:41+00:00
graviton3,simde,256,main_filter,10,"filter_long_eq",100.00,0.034273,0.034273,10,10,2026-10-06T11:46:41+00:00
graviton3,simde,256,main_filter,10,"filter_long_lt",100.00,0.030460,0.030460,10,10,2026-10-06T11:46:41+00:00
graviton3,simde,256,main_filter,10,"filter_long_gt",100.00,0.029625,0.029625,10,10,2026-10-06T11:46:41+00:00
graviton3,simde,256,main_filter,10,"filter_long_ne",100.00,0.026352,0.026352,10,10,2026-10-06T11:46:41+00:00
graviton3,simde,256,main_filter,10,"filter_long_le",100.00,0.029677,0.029677,10,10,2026-10-06T11:46:41+00:00
graviton3,simde,256,main_filter,10,"filter_long_ge",100.00,0.029531,0.029531,10,10,2026-10-06T11:46:41+00:00
graviton3,simde,256,main_filter,10,"filter_float_eq",100.00,0.036675,0.036675,10,10,2026-10-06T11:46:41+00:00
graviton3,simde,256,main_filter,10,"filter_float_lt",100.00,0.030539,0.030539,10,10,2026-10-06T11:46:41+00:00
graviton3,simde,256,main_filter,10,"filter_float_gt",100.00,0.030042,0.030042,10,10,2026-10-06T11:46:41+00:00
graviton3,simde,256,main_filter,10,"filter_float_ne",100.00,0.028350,0.028350,10,10,2026-10-06T11:46:41+00:00
graviton3,simde,256,main_filter,10,"filter_float_le",100.00,0.029807,0.029807,10,10,2026-10-06T11:46:41+00:00
graviton3,simde,256,main_filter,10,"filter_float_ge",100.00,0.029904,0.029904,10,10,2026-10-06T11:46:41+00:00
graviton3,simde,256,main_filter,10,"filter_double_eq",100.00,0.033642,0.033642,10,10,2026-10-06T11:46:41+00:00
graviton3,simde,256,main_filter,10,"filter_double_lt",100.00,0.029057,0.029057,10,10,2026-10-06T11:46:41+00:00
graviton3,simde,256,main_filter,10,"filter_double_gt",100.00,0.029058,0.029058,10,10,2026-10-06T11:46:41+00:00
graviton3,simde,256,main_filter,10,"filter_double_ne",100.00,0.025827,0.025827,10,10,2026-10-06T11:46:41+00:00
graviton3,simde,256,main_filter,10,"filter_double_le",100.00,0.029178,0.029178,10,10,2026-10-06T11:46:41+00:00
graviton3,simde,256,main_filter,10,"filter_double_ge",100.00,0.028944,0.028944,10,10,2026-10-06T11:46:41+00:00
graviton3,simde,256,main_filter,10,"filter_char_eq",100.00,0.030231,0.030231,10,10,2026-10-06T11:46:41+00:00
graviton3,simde,256,main_filter,10,"filter_char_lt",100.00,0.020578,0.020578,10,10,2026-10-06T11:46:41+00:00
graviton3,simde,256,main_filter,10,"filter_char_gt",100.00,0.020761,0.020761,10,10,2026-10-06T11:46:41+00:00
graviton3,simde,256,main_filter,10,"filter_char_ne",100.00,0.028372,0.028372,10,10,2026-10-06T11:46:41+00:00
graviton3,simde,256,main_filter,10,"filter_char_le",100.00,0.021094,0.021094,10,10,2026-10-06T11:46:41+00:00
graviton3,simde,256,main_filter,10,"filter_char_ge",100.00,0.021070,0.021070,10,10,2026-10-06T11:46:41+00:00
graviton3,simde,256,main_expr,10,"expr_float/+",100.00,4.947217,4.947217,10,10,2026-10-06T11:47:47+00:00
graviton3,simde,256,main_expr,10,"expr_float/-",100.00,6.194925,6.194925,10,10,2026-10-06T11:47:47+00:00
graviton3,simde,256,main_expr,10,"expr_float/*",100.00,6.391160,6.391160,10,10,2026-10-06T11:47:47+00:00
graviton3,simde,256,main_expr,10,"expr_float//",100.00,3.429159,3.429159,10,10,2026-10-06T11:47:47+00:00
graviton3,simde,256,main_expr,10,"expr_double/+",100.00,2.344220,2.344220,10,10,2026-10-06T11:47:47+00:00
graviton3,simde,256,main_expr,10,"expr_double/-",100.00,2.872264,2.872264,10,10,2026-10-06T11:47:47+00:00
graviton3,simde,256,main_expr,10,"expr_double/*",100.00,2.944923,2.944923,10,10,2026-10-06T11:47:47+00:00
graviton3,simde,256,main_expr,10,"expr_double//",100.00,1.030812,1.030812,10,10,2026-10-06T11:47:47+00:00
graviton3,simde,256,main_expr,10,"expr_decimal/+",100.00,1.636438,1.636438,10,10,2026-10-06T11:47:47+00:00
graviton3,simde,256,main_expr,10,"expr_decimal/-",100.00,1.895956,1.895956,10,10,2026-10-06T11:47:47+00:00
graviton3,simde,256,main_expr,10,"expr_decimal/*",100.00,0.245078,0.245078,10,10,2026-10-06T11:47:47+00:00
graviton3,simde,256,main_expr,10,"expr_decimal//",100.00,0.194590,0.194590,10,10,2026-10-06T11:47:47+00:00
graviton3,simde,256,main_gather,11,"gather_byte",100.00,0.147303,0.147303,11,11,2026-10-06T11:48:28+00:00
graviton3,simde,256,main_gather,11,"gather_short",100.00,0.137105,0.137105,11,11,2026-10-06T11:48:28+00:00
graviton3,simde,256,main_gather,11,"gather_int",100.00,0.154187,0.154187,11,11,2026-10-06T11:48:28+00:00
graviton3,simde,256,main_gather,11,"gather_long",100.00,0.136105,0.136105,11,11,2026-10-06T11:48:28+00:00
graviton3,simde,256,main_gather,11,"gather_char",100.00,0.027701,0.027701,11,11,2026-10-06T11:48:28+00:00
graviton3,simde,256,main_gather,11,"gather_encoded",100.00,0.130608,0.130608,11,11,2026-10-06T11:48:28+00:00
graviton3,simde,256,main_gather,11,"copy_encoded",100.00,1.914780,1.914780,11,11,2026-10-06T11:48:28+00:00
graviton3,simde,128,main_hash,11,"jenkins_hash",100.00,0.017203,0.017203,11,11,2026-10-06T11:51:28+00:00
graviton3,simde,128,main_hash,11,"fnv_hash",100.00,0.025159,0.025159,11,11,2026-10-06T11:51:28+00:00
graviton3,simde,128,main_hash,11,"murmur_hash",100.00,0.056583,0.056583,11,11,2026-10-06T11:51:28+00:00
graviton3,simde,256,main_hash,11,"jenkins_hash",100.00,0.018668,0.018668,11,11,2026-10-06T11:51:53+00:00
graviton3,simde,256,main_hash,11,"fnv_hash",100.00,0.026474,0.026474,11,11,2026-10-06T11:51:53+00:00
graviton3,simde,256,main_hash,11,"murmur_hash",100.00,0.057724,0.057724,11,11,2026-10-06T11:51:53+00:00
graviton3,simde,128,main_filter,11,"filter_byte_eq",100.00,0.064892,0.064892,11,11,2026-10-06T11:53:06+00:00
graviton3,simde,128,main_filter,11,"filter_byte_lt",100.00,0.040053,0.040053,11,11,2026-10-06T11:53:06+00:00
graviton3,simde,128,main_filter,11,"filter_byte_gt",100.00,0.040077,0.040077,11,11,2026-10-06T11:53:06+00:00
graviton3,simde,128,main_filter,11,"filter_byte_ne",100.00,0.031482,0.031482,11,11,2026-10-06T11:53:06+00:00
graviton3,simde,128,main_filter,11,"filter_byte_le",100.00,0.039602,0.039602,11,11,2026-10-06T11:53:06+00:00
graviton3,simde,128,main_filter,11,"filter_byte_ge",100.00,0.039568,0.039568,11,11,2026-10-06T11:53:06+00:00
graviton3,simde,128,main_filter,11,"filter_short_eq",100.00,0.043533,0.043533,11,11,2026-10-06T11:53:06+00:00
graviton3,simde,128,main_filter,11,"filter_short_lt",100.00,0.031476,0.031476,11,11,2026-10-06T11:53:06+00:00
graviton3,simde,128,main_filter,11,"filter_short_gt",100.00,0.031504,0.031504,11,11,2026-10-06T11:53:06+00:00
graviton3,simde,128,main_filter,11,"filter_short_ne",100.00,0.028545,0.028545,11,11,2026-10-06T11:53:06+00:00
graviton3,simde,128,main_filter,11,"filter_short_le",100.00,0.032061,0.032061,11,11,2026-10-06T11:53:06+00:00
graviton3,simde,128,main_filter,11,"filter_short_ge",100.00,0.031646,0.031646,11,11,2026-10-06T11:53:06+00:00
graviton3,simde,128,main_filter,11,"filter_int_eq",100.00,0.040449,0.040449,11,11,2026-10-06T11:53:06+00:00
graviton3,simde,128,main_filter,11,"filter_int_lt",100.00,0.031726,0.031726,11,11,2026-10-06T11:53:06+00:00
graviton3,simde,128,main_filter,11,"filter_int_gt",100.00,0.031228,0.031228,11,11,2026-10-06T11:53:06+00:00
graviton3,simde,128,main_filter,11,"filter_int_ne",100.00,0.028484,0.028484,11,11,2026-10-06T11:53:06+00:00
graviton3,simde,128,main_filter,11,"filter_int_le",100.00,0.031701,0.031701,11,11,2026-10-06T11:53:06+00:00
graviton3,simde,128,main_filter,11,"filter_int_ge",100.00,0.031546,0.031546,11,11,2026-10-06T11:53:06+00:00
graviton3,simde,128,main_filter,11,"filter_long_eq",100.00,0.038608,0.038608,11,11,2026-10-06T11:53:06+00:00
graviton3,simde,128,main_filter,11,"filter_long_lt",100.00,0.032338,0.032338,11,11,2026-10-06T11:53:06+00:00
graviton3,simde,128,main_filter,11,"filter_long_gt",100.00,0.032262,0.032262,11,11,2026-10-06T11:53:06+00:00
graviton3,simde,128,main_filter,11,"filter_long_ne",100.00,0.028378,0.028378,11,11,2026-10-06T11:53:06+00:00
graviton3,simde,128,main_filter,11,"filter_long_le",100.00,0.032271,0.032271,11,11,2026-10-06T11:53:06+00:00
graviton3,simde,128,main_filter,11,"filter_long_ge",100.00,0.032230,0.032230,11,11,2026-10-06T11:53:06+00:00
graviton3,simde,128,main_filter,11,"filter_float_eq",100.00,0.041222,0.041222,11,11,2026-10-06T11:53:06+00:00
graviton3,simde,128,main_filter,11,"filter_float_lt",100.00,0.032641,0.032641,11,11,2026-10-06T11:53:06+00:00
graviton3,simde,128,main_filter,11,"filter_float_gt",100.00,0.032583,0.032583,11,11,2026-10-06T11:53:06+00:00
graviton3,simde,128,main_filter,11,"filter_float_ne",100.00,0.028118,0.028118,11,11,2026-10-06T11:53:06+00:00
graviton3,simde,128,main_filter,11,"filter_float_le",100.00,0.032597,0.032597,11,11,2026-10-06T11:53:06+00:00
graviton3,simde,128,main_filter,11,"filter_float_ge",100.00,0.032624,0.032624,11,11,2026-10-06T11:53:06+00:00
graviton3,simde,128,main_filter,11,"filter_double_eq",100.00,0.037147,0.037147,11,11,2026-10-06T11:53:06+00:00
graviton3,simde,128,main_filter,11,"filter_double_lt",100.00,0.031519,0.031519,11,11,2026-10-06T11:53:06+00:00
graviton3,simde,128,main_filter,11,"filter_double_gt",100.00,0.032019,0.032019,11,11,2026-10-06T11:53:06+00:00
graviton3,simde,128,main_filter,11,"filter_double_ne",100.00,0.027860,0.027860,11,11,2026-10-06T11:53:06+00:00
graviton3,simde,128,main_filter,11,"filter_double_le",100.00,0.031598,0.031598,11,11,2026-10-06T11:53:06+00:00
graviton3,simde,128,main_filter,11,"filter_double_ge",100.00,0.032048,0.032048,11,11,2026-10-06T11:53:06+00:00
graviton3,simde,128,main_filter,11,"filter_char_eq",100.00,0.033721,0.033721,11,11,2026-10-06T11:53:06+00:00
graviton3,simde,128,main_filter,11,"filter_char_lt",100.00,0.023938,0.023938,11,11,2026-10-06T11:53:06+00:00
graviton3,simde,128,main_filter,11,"filter_char_gt",100.00,0.023839,0.023839,11,11,2026-10-06T11:53:06+00:00
graviton3,simde,128,main_filter,11,"filter_char_ne",100.00,0.030868,0.030868,11,11,2026-10-06T11:53:06+00:00
graviton3,simde,128,main_filter,11,"filter_char_le",100.00,0.024303,0.024303,11,11,2026-10-06T11:53:06+00:00
graviton3,simde,128,main_filter,11,"filter_char_ge",100.00,0.024196,0.024196,11,11,2026-10-06T11:53:06+00:00
graviton3,simde,256,main_filter,11,"filter_byte_eq",100.00,0.057635,0.057635,11,11,2026-10-06T11:53:30+00:00
graviton3,simde,256,main_filter,11,"filter_byte_lt",100.00,0.040640,0.040640,11,11,2026-10-06T11:53:30+00:00
graviton3,simde,256,main_filter,11,"filter_byte_gt",100.00,0.041273,0.041273,11,11,2026-10-06T11:53:30+00:00
graviton3,simde,256,main_filter,11,"filter_byte_ne",100.00,0.032511,0.032511,11,11,2026-10-06T11:53:30+00:00
graviton3,simde,256,main_filter,11,"filter_byte_le",100.00,0.039796,0.039796,11,11,2026-10-06T11:53:30+00:00
graviton3,simde,256,main_filter,11,"filter_byte_ge",100.00,0.039156,0.039156,11,11,2026-10-06T11:53:30+00:00
graviton3,simde,256,main_filter,11,"filter_short_eq",100.00,0.037344,0.037344,11,11,2026-10-06T11:53:30+00:00
graviton3,simde,256,main_filter,11,"filter_short_lt",100.00,0.030025,0.030025,11,11,2026-10-06T11:53:30+00:00
graviton3,simde,256,main_filter,11,"filter_short_gt",100.00,0.030274,0.030274,11,11,2026-10-06T11:53:30+00:00
graviton3,simde,256,main_filter,11,"filter_short_ne",100.00,0.027921,0.027921,11,11,2026-10-06T11:53:30+00:00
graviton3,simde,256,main_filter,11,"filter_short_le",100.00,0.031185,0.031185,11,11,2026-10-06T11:53:30+00:00
graviton3,simde,256,main_filter,11,"filter_short_ge",100.00,0.029944,0.029944,11,11,2026-10-06T11:53:30+00:00
graviton3,simde,256,main_filter,11,"filter_int_eq",100.00,0.035537,0.035537,11,11,2026-10-06T11:53:30+00:00
graviton3,simde,256,main_filter,11,"filter_int_lt",100.00,0.030397,0.030397,11,11,2026-10-06T11:53:30+00:00
graviton3,simde,256,main_filter,11,"filter_int_gt",100.00,0.030252,0.030252,11,11,2026-10-06T11:53:30+00:00
graviton3,simde,256,main_filter,11,"filter_int_ne",100.00,0.027649,0.027649,11,11,2026-10-06T11:53:30+00:00
graviton3,simde,256,main_filter,11,"filter_int_le",100.00,0.030472,0.030472,11,11,2026-10-06T11:53:30+00:00
graviton3,simde,256,main_filter,11,"filter_int_ge",100.00,0.030315,0.030315,11,11,2026-10-06T11:53:30+00:00
graviton3,simde,256,main_filter,11,"filter_long_eq",100.00,0.035384,0.035384,11,11,2026-10-06T11:53:30+00:00
graviton3,simde,256,main_filter,11,"filter_long_lt",100.00,0.031099,0.031099,11,11,2026-10-06T11:53:30+00:00
graviton3,simde,256,main_filter,11,"filter_long_gt",100.00,0.031012,0.031012,11,11,2026-10-06T11:53:30+00:00
graviton3,simde,256,main_filter,11,"filter_long_ne",100.00,0.026949,0.026949,11,11,2026-10-06T11:53:30+00:00
graviton3,simde,256,main_filter,11,"filter_long_le",100.00,0.030467,0.030467,11,11,2026-10-06T11:53:30+00:00
graviton3,simde,256,main_filter,11,"filter_long_ge",100.00,0.030381,0.030381,11,11,2026-10-06T11:53:30+00:00
graviton3,simde,256,main_filter,11,"filter_float_eq",100.00,0.036889,0.036889,11,11,2026-10-06T11:53:30+00:00
graviton3,simde,256,main_filter,11,"filter_float_lt",100.00,0.030335,0.030335,11,11,2026-10-06T11:53:30+00:00
graviton3,simde,256,main_filter,11,"filter_float_gt",100.00,0.030135,0.030135,11,11,2026-10-06T11:53:30+00:00
graviton3,simde,256,main_filter,11,"filter_float_ne",100.00,0.027672,0.027672,11,11,2026-10-06T11:53:30+00:00
graviton3,simde,256,main_filter,11,"filter_float_le",100.00,0.030089,0.030089,11,11,2026-10-06T11:53:30+00:00
graviton3,simde,256,main_filter,11,"filter_float_ge",100.00,0.029970,0.029970,11,11,2026-10-06T11:53:30+00:00
graviton3,simde,256,main_filter,11,"filter_double_eq",100.00,0.032938,0.032938,11,11,2026-10-06T11:53:30+00:00
graviton3,simde,256,main_filter,11,"filter_double_lt",100.00,0.029019,0.029019,11,11,2026-10-06T11:53:30+00:00
graviton3,simde,256,main_filter,11,"filter_double_gt",100.00,0.029134,0.029134,11,11,2026-10-06T11:53:30+00:00
graviton3,simde,256,main_filter,11,"filter_double_ne",100.00,0.025632,0.025632,11,11,2026-10-06T11:53:30+00:00
graviton3,simde,256,main_filter,11,"filter_double_le",100.00,0.028736,0.028736,11,11,2026-10-06T11:53:30+00:00
graviton3,simde,256,main_filter,11,"filter_double_ge",100.00,0.028675,0.028675,11,11,2026-10-06T11:53:30+00:00
graviton3,simde,256,main_filter,11,"filter_char_eq",100.00,0.030089,0.030089,11,11,2026-10-06T11:53:30+00:00
graviton3,simde,256,main_filter,11,"filter_char_lt",100.00,0.020459,0.020459,11,11,2026-10-06T11:53:30+00:00
graviton3,simde,256,main_filter,11,"filter_char_gt",100.00,0.020673,0.020673,11,11,2026-10-06T11:53:30+00:00
graviton3,simde,256,main_filter,11,"filter_char_ne",100.00,0.028208,0.028208,11,11,2026-10-06T11:53:30+00:00
graviton3,simde,256,main_filter,11,"filter_char_le",100.00,0.021020,0.021020,11,11,2026-10-06T11:53:30+00:00
graviton3,simde,256,main_filter,11,"filter_char_ge",100.00,0.021092,0.021092,11,11,2026-10-06T11:53:30+00:00
graviton3,simde,256,main_expr,11,"expr_float/+",100.00,4.587358,4.587358,11,11,2026-10-06T11:54:37+00:00
graviton3,simde,256,main_expr,11,"expr_float/-",100.00,5.536293,5.536293,11,11,2026-10-06T11:54:37+00:00
graviton3,simde,256,main_expr,11,"expr_float/*",100.00,5.725642,5.725642,11,11,2026-10-06T11:54:37+00:00
graviton3,simde,256,main_expr,11,"expr_float//",100.00,3.425248,3.425248,11,11,2026-10-06T11:54:37+00:00
graviton3,simde,256,main_expr,11,"expr_double/+",100.00,2.259309,2.259309,11,11,2026-10-06T11:54:37+00:00
graviton3,simde,256,main_expr,11,"expr_double/-",100.00,2.711657,2.711657,11,11,2026-10-06T11:54:37+00:00
graviton3,simde,256,main_expr,11,"expr_double/*",100.00,2.770149,2.770149,11,11,2026-10-06T11:54:37+00:00
graviton3,simde,256,main_expr,11,"expr_double//",100.00,1.030121,1.030121,11,11,2026-10-06T11:54:37+00:00
graviton3,simde,256,main_expr,11,"expr_decimal/+",100.00,1.635724,1.635724,11,11,2026-10-06T11:54:37+00:00
graviton3,simde,256,main_expr,11,"expr_decimal/-",100.00,1.889198,1.889198,11,11,2026-10-06T11:54:37+00:00
graviton3,simde,256,main_expr,11,"expr_decimal/*",100.00,0.241924,0.241924,11,11,2026-10-06T11:54:37+00:00
graviton3,simde,256,main_expr,11,"expr_decimal//",100.00,0.194579,0.194579,11,11,2026-10-06T11:54:37+00:00
graviton3,simde,256,main_gather,12,"gather_byte",100.00,0.146051,0.146051,12,12,2026-10-06T11:55:18+00:00
graviton3,simde,256,main_gather,12,"gather_short",100.00,0.134766,0.134766,12,12,2026-10-06T11:55:18+00:00
graviton3,simde,256,main_gather,12,"gather_int",100.00,0.149589,0.149589,12,12,2026-10-06T11:55:18+00:00
graviton3,simde,256,main_gather,12,"gather_long",100.00,0.132050,0.132050,12,12,2026-10-06T11:55:18+00:00
graviton3,simde,256,main_gather,12,"gather_char",100.00,0.027727,0.027727,12,12,2026-10-06T11:55:18+00:00
graviton3,simde,256,main_gather,12,"gather_encoded",100.00,0.127923,0.127923,12,12,2026-10-06T11:55:18+00:00
graviton3,simde,256,main_gather,12,"copy_encoded",100.00,1.913811,1.913811,12,12,2026-10-06T11:55:18+00:00
graviton3,simde,128,main_hash,12,"jenkins_hash",100.00,0.017220,0.017220,12,12,2026-10-06T11:58:18+00:00
graviton3,simde,128,main_hash,12,"fnv_hash",100.00,0.025164,0.025164,12,12,2026-10-06T11:58:18+00:00
graviton3,simde,128,main_hash,12,"murmur_hash",100.00,0.055718,0.055718,12,12,2026-10-06T11:58:18+00:00
graviton3,simde,256,main_hash,12,"jenkins_hash",100.00,0.018668,0.018668,12,12,2026-10-06T11:58:43+00:00
graviton3,simde,256,main_hash,12,"fnv_hash",100.00,0.026453,0.026453,12,12,2026-10-06T11:58:43+00:00
graviton3,simde,256,main_hash,12,"murmur_hash",100.00,0.057012,0.057012,12,12,2026-10-06T11:58:43+00:00
graviton3,simde,128,main_filter,12,"filter_byte_eq",100.00,0.064048,0.064048,12,12,2026-10-06T11:59:56+00:00
graviton3,simde,128,main_filter,12,"filter_byte_lt",100.00,0.039055,0.039055,12,12,2026-10-06T11:59:56+00:00
graviton3,simde,128,main_filter,12,"filter_byte_gt",100.00,0.038526,0.038526,12,12,2026-10-06T11:59:56+00:00
graviton3,simde,128,main_filter,12,"filter_byte_ne",100.00,0.031915,0.031915,12,12,2026-10-06T11:59:56+00:00
graviton3,simde,128,main_filter,12,"filter_byte_le",100.00,0.038522,0.038522,12,12,2026-10-06T11:59:56+00:00
graviton3,simde,128,main_filter,12,"filter_byte_ge",100.00,0.038718,0.038718,12,12,2026-10-06T11:59:56+00:00
graviton3,simde,128,main_filter,12,"filter_short_eq",100.00,0.042936,0.042936,12,12,2026-10-06T11:59:56+00:00
graviton3,simde,128,main_filter,12,"filter_short_lt",100.00,0.031516,0.031516,12,12,2026-10-06T11:59:56+00:00
graviton3,simde,128,main_filter,12,"filter_short_gt",100.00,0.031650,0.031650,12,12,2026-10-06T11:59:56+00:00
graviton3,simde,128,main_filter,12,"filter_short_ne",100.00,0.028230,0.028230,12,12,2026-10-06T11:59:56+00:00
graviton3,simde,128,main_filter,12,"filter_short_le",100.00,0.031218,0.031218,12,12,2026-10-06T11:59:56+00:00
graviton3,simde,128,main_filter,12,"filter_short_ge",100.00,0.031167,0.031167,12,12,2026-10-06T11:59:56+00:00
graviton3,simde,128,main_filter,12,"filter_int_eq",100.00,0.039569,0.039569,12,12,2026-10-06T11:59:56+00:00
graviton3,simde,128,main_filter,12,"filter_int_lt",100.00,0.031259,0.031259,12,12,2026-10-06T11:59:56+00:00
graviton3,simde,128,main_filter,12,"filter_int_gt",100.00,0.030800,0.030800,12,12,2026-10-06T11:59:56+00:00
graviton3,simde,128,main_filter,12,"filter_int_ne",100.00,0.027743,0.027743,12,12,2026-10-06T11:59:56+00:00
graviton3,simde,128,main_filter,12,"filter_int_le",100.00,0.030854,0.030854,12,12,2026-10-06T11:59:56+00:00
graviton3,simde,128,main_filter,12,"filter_int_ge",100.00,0.030926,0.030926,12,12,2026-10-06T11:59:56+00:00
graviton3,simde,128,main_filter,12,"filter_long_eq",100.00,0.037525,0.037525,12,12,2026-10-06T11:59:56+00:00
graviton3,simde,128,main_filter,12,"filter_long_lt",100.00,0.031706,0.031706,12,12,2026-10-06T11:59:56+00:00
graviton3,simde,128,main_filter,12,"filter_long_gt",100.00,0.031726,0.031726,12,12,2026-10-06T11:59:56+00:00
graviton3,simde,128,main_filter,12,"filter_long_ne",100.00,0.027803,0.027803,12,12,2026-10-06T11:59:56+00:00
graviton3,simde,128,main_filter,12,"filter_long_le",100.00,0.031346,0.031346,12,12,2026-10-06T11:59:56+00:00
graviton3,simde,128,main_filter,12,"filter_long_ge",100.00,0.031485,0.031485,12,12,2026-10-06T11:59:56+00:00
graviton3,simde,128,main_filter,12,"filter_float_eq",100.00,0.038664,0.038664,12,12,2026-10-06T11:59:56+00:00
graviton3,simde,128,main_filter,12,"filter_float_lt",100.00,0.031126,0.031126,12,12,2026-10-06T11:59:56+00:00
graviton3,simde,128,main_filter,12,"filter_float_gt",100.00,0.031563,0.031563,12,12,2026-10-06T11:59:56+00:00
graviton3,simde,128,main_filter,12,"filter_float_ne",100.00,0.026713,0.026713,12,12,2026-10-06T11:59:56+00:00
graviton3,simde,128,main_filter,12,"filter_float_le",100.00,0.031379,0.031379,12,12,2026-10-06T11:59:56+00:00
graviton3,simde,128,main_filter,12,"filter_float_ge",100.00,0.031382,0.031382,12,12,2026-10-06T11:59:56+00:00
graviton3,simde,128,main_filter,12,"filter_double_eq",100.00,0.035539,0.035539,12,12,2026-10-06T11:59:56+00:00
graviton3,simde,128,main_filter,12,"filter_double_lt",100.00,0.030625,0.030625,12,12,2026-10-06T11:59:56+00:00
graviton3,simde,128,main_filter,12,"filter_double_gt",100.00,0.030834,0.030834,12,12,2026-10-06T11:59:56+00:00
graviton3,simde,128,main_filter,12,"filter_double_ne",100.00,0.026984,0.026984,12,12,2026-10-06T11:59:56+00:00
graviton3,simde,128,main_filter,12,"filter_double_le",100.00,0.029903,0.029903,12,12,2026-10-06T11:59:56+00:00
graviton3,simde,128,main_filter,12,"filter_double_ge",100.00,0.031195,0.031195,12,12,2026-10-06T11:59:56+00:00
graviton3,simde,128,main_filter,12,"filter_char_eq",100.00,0.032947,0.032947,12,12,2026-10-06T11:59:56+00:00
graviton3,simde,128,main_filter,12,"filter_char_lt",100.00,0.023548,0.023548,12,12,2026-10-06T11:59:56+00:00
graviton3,simde,128,main_filter,12,"filter_char_gt",100.00,0.023513,0.023513,12,12,2026-10-06T11:59:56+00:00
graviton3,simde,128,main_filter,12,"filter_char_ne",100.00,0.030213,0.030213,12,12,2026-10-06T11:59:56+00:00
graviton3,simde,128,main_filter,12,"filter_char_le",100.00,0.023888,0.023888,12,12,2026-10-06T11:59:56+00:00
graviton3,simde,128,main_filter,12,"filter_char_ge",100.00,0.023850,0.023850,12,12,2026-10-06T11:59:56+00:00
graviton3,simde,256,main_filter,12,"filter_byte_eq",100.00,0.051474,0.051474,12,12,2026-10-06T12:00:21+00:00
graviton3,simde,256,main_filter,12,"filter_byte_lt",100.00,0.036230,0.036230,12,12,2026-10-06T12:00:21+00:00
graviton3,simde,256,main_filter,12,"filter_byte_gt",100.00,0.035637,0.035637,12,12,2026-10-06T12:00:21+00:00
graviton3,simde,256,main_filter,12,"filter_byte_ne",100.00,0.030959,0.030959,12,12,2026-10-06T12:00:21+00:00
graviton3,simde,256,main_filter,12,"filter_byte_le",100.00,0.035773,0.035773,12,12,2026-10-06T12:00:21+00:00
graviton3,simde,256,main_filter,12,"filter_byte_ge",100.00,0.036016,0.036016,12,12,2026-10-06T12:00:21+00:00
graviton3,simde,256,main_filter,12,"filter_short_eq",100.00,0.037979,0.037979,12,12,2026-10-06T12:00:21+00:00
graviton3,simde,256,main_filter,12,"filter_short_lt",100.00,0.030263,0.030263,12,12,2026-10-06T12:00:21+00:00
graviton3,simde,256,main_filter,12,"filter_short_gt",100.00,0.030081,0.030081,12,12,2026-10-06T12:00:21+00:00
graviton3,simde,256,main_filter,12,"filter_short_ne",100.00,0.027714,0.027714,12,12,2026-10-06T12:00:21+00:00
graviton3,simde,256,main_filter,12,"filter_short_le",100.00,0.031158,0.031158,12,12,2026-10-06T12:00:21+00:00
graviton3,simde,256,main_filter,12,"filter_short_ge",100.00,0.030714,0.030714,12,12,2026-10-06T12:00:21+00:00
graviton3,simde,256,main_filter,12,"filter_int_eq",100.00,0.034977,0.034977,12,12,2026-10-06T12:00:21+00:00
graviton3,simde,256,main_filter,12,"filter_int_lt",100.00,0.030210,0.030210,12,12,2026-10-06T12:00:21+00:00
graviton3,simde,256,main_filter,12,"filter_int_gt",100.00,0.030310,0.030310,12,12,2026-10-06T12:00:21+00:00
graviton3,simde,256,main_filter,12,"filter_int_ne",100.00,0.027188,0.027188,12,12,2026-10-06T12:00:21+00:00
graviton3,simde,256,main_filter,12,"filter_int_le",100.00,0.030553,0.030553,12,12,2026-10-06T12:00:21+00:00
graviton3,simde,256,main_filter,12,"filter_int_ge",100.00,0.030018,0.030018,12,12,2026-10-06T12:00:21+00:00
graviton3,simde,256,main_filter,12,"filter_long_eq",100.00,0.034548,0.034548,12,12,2026-10-06T12:00:21+00:00
graviton3,simde,256,main_filter,12,"filter_long_lt",100.00,0.030109,0.030109,12,12,2026-10-06T12:00:21+00:00
graviton3,simde,256,main_filter,12,"filter_long_gt",100.00,0.029962,0.029962,12,12,2026-10-06T12:00:21+00:00
graviton3,simde,256,main_filter,12,"filter_long_ne",100.00,0.026648,0.026648,12,12,2026-10-06T12:00:21+00:00
graviton3,simde,256,main_filter,12,"filter_long_le",100.00,0.030333,0.030333,12,12,2026-10-06T12:00:21+00:00
graviton3,simde,256,main_filter,12,"filter_long_ge",100.00,0.030008,0.030008,12,12,2026-10-06T12:00:21+00:00
graviton3,simde,256,main_filter,12,"filter_float_eq",100.00,0.036791,0.036791,12,12,2026-10-06T12:00:21+00:00
graviton3,simde,256,main_filter,12,"filter_float_lt",100.00,0.030072,0.030072,12,12,2026-10-06T12:00:21+00:00
graviton3,simde,256,main_filter,12,"filter_float_gt",100.00,0.030003,0.030003,12,12,2026-10-06T12:00:21+00:00
graviton3,simde,256,main_filter,12,"filter_float_ne",100.00,0.028006,0.028006,12,12,2026-10-06T12:00:21+00:00
graviton3,simde,256,main_filter,12,"filter_float_le",100.00,0.030205,0.030205,12,12,2026-10-06T12:00:21+00:00
graviton3,simde,256,main_filter,12,"filter_float_ge",100.00,0.029845,0.029845,12,12,2026-10-06T12:00:21+00:00
graviton3,simde,256,main_filter,12,"filter_double_eq",100.00,0.033292,0.033292,12,12,2026-10-06T12:00:21+00:00
graviton3,simde,256,main_filter,12,"filter_double_lt",100.00,0.028962,0.028962,12,12,2026-10-06T12:00:21+00:00
graviton3,simde,256,main_filter,12,"filter_double_gt",100.00,0.029021,0.029021,12,12,2026-10-06T12:00:21+00:00
graviton3,simde,256,main_filter,12,"filter_double_ne",100.00,0.025948,0.025948,12,12,2026-10-06T12:00:21+00:00
graviton3,simde,256,main_filter,12,"filter_double_le",100.00,0.029344,0.029344,12,12,2026-10-06T12:00:21+00:00
graviton3,simde,256,main_filter,12,"filter_double_ge",100.00,0.028817,0.028817,12,12,2026-10-06T12:00:21+00:00
graviton3,simde,256,main_filter,12,"filter_char_eq",100.00,0.029675,0.029675,12,12,2026-10-06T12:00:21+00:00
graviton3,simde,256,main_filter,12,"filter_char_lt",100.00,0.020381,0.020381,12,12,2026-10-06T12:00:21+00:00
graviton3,simde,256,main_filter,12,"filter_char_gt",100.00,0.020548,0.020548,12,12,2026-10-06T12:00:21+00:00
graviton3,simde,256,main_filter,12,"filter_char_ne",100.00,0.027797,0.027797,12,12,2026-10-06T12:00:21+00:00
graviton3,simde,256,main_filter,12,"filter_char_le",100.00,0.020939,0.020939,12,12,2026-10-06T12:00:21+00:00
graviton3,simde,256,main_filter,12,"filter_char_ge",100.00,0.021049,0.021049,12,12,2026-10-06T12:00:21+00:00
graviton3,simde,256,main_expr,12,"expr_float/+",100.00,4.474775,4.474775,12,12,2026-10-06T12:01:28+00:00
graviton3,simde,256,main_expr,12,"expr_float/-",100.00,5.350946,5.350946,12,12,2026-10-06T12:01:28+00:00
graviton3,simde,256,main_expr,12,"expr_float/*",100.00,5.464371,5.464371,12,12,2026-10-06T12:01:28+00:00
graviton3,simde,256,main_expr,12,"expr_float//",100.00,3.409690,3.409690,12,12,2026-10-06T12:01:28+00:00
graviton3,simde,256,main_expr,12,"expr_double/+",100.00,2.187677,2.187677,12,12,2026-10-06T12:01:28+00:00
graviton3,simde,256,main_expr,12,"expr_double/-",100.00,2.603704,2.603704,12,12,2026-10-06T12:01:28+00:00
graviton3,simde,256,main_expr,12,"expr_double/*",100.00,2.634212,2.634212,12,12,2026-10-06T12:01:28+00:00
graviton3,simde,256,main_expr,12,"expr_double//",100.00,1.029171,1.029171,12,12,2026-10-06T12:01:28+00:00
graviton3,simde,256,main_expr,12,"expr_decimal/+",100.00,1.624094,1.624094,12,12,2026-10-06T12:01:28+00:00
graviton3,simde,256,main_expr,12,"expr_decimal/-",100.00,1.868089,1.868089,12,12,2026-10-06T12:01:28+00:00
graviton3,simde,256,main_expr,12,"expr_decimal/*",100.00,0.243662,0.243662,12,12,2026-10-06T12:01:28+00:00
graviton3,simde,256,main_expr,12,"expr_decimal//",100.00,0.195091,0.195091,12,12,2026-10-06T12:01:28+00:00
graviton3,simde,256,main_gather,13,"gather_byte",100.00,0.132860,0.132860,13,13,2026-10-06T12:01:49+00:00
graviton3,simde,256,main_gather,13,"gather_short",100.00,0.127233,0.127233,13,13,2026-10-06T12:01:49+00:00
graviton3,simde,256,main_gather,13,"gather_int",100.00,0.142814,0.142814,13,13,2026-10-06T12:01:49+00:00
graviton3,simde,256,main_gather,13,"gather_long",100.00,0.130062,0.130062,13,13,2026-10-06T12:01:49+00:00
graviton3,simde,256,main_gather,13,"gather_char",100.00,0.026676,0.026676,13,13,2026-10-06T12:01:49+00:00
graviton3,simde,256,main_gather,13,"gather_encoded",100.00,0.125403,0.125403,13,13,2026-10-06T12:01:49+00:00
graviton3,simde,256,main_gather,13,"copy_encoded",100.00,1.905246,1.905246,13,13,2026-10-06T12:01:49+00:00
graviton3,simde,128,main_hash,13,"jenkins_hash",100.00,0.017203,0.017203,13,13,2026-10-06T12:04:50+00:00
graviton3,simde,128,main_hash,13,"fnv_hash",100.00,0.025185,0.025185,13,13,2026-10-06T12:04:50+00:00
graviton3,simde,128,main_hash,13,"murmur_hash",100.00,0.053417,0.053417,13,13,2026-10-06T12:04:50+00:00
graviton3,simde,256,main_hash,13,"jenkins_hash",100.00,0.018661,0.018661,13,13,2026-10-06T12:05:15+00:00
graviton3,simde,256,main_hash,13,"fnv_hash",100.00,0.026468,0.026468,13,13,2026-10-06T12:05:15+00:00
graviton3,simde,256,main_hash,13,"murmur_hash",100.00,0.054502,0.054502,13,13,2026-10-06T12:05:15+00:00
graviton3,simde,128,main_filter,13,"filter_byte_eq",100.00,0.073245,0.073245,13,13,2026-10-06T12:06:28+00:00
graviton3,simde,128,main_filter,13,"filter_byte_lt",100.00,0.043032,0.043032,13,13,2026-10-06T12:06:28+00:00
graviton3,simde,128,main_filter,13,"filter_byte_gt",100.00,0.043988,0.043988,13,13,2026-10-06T12:06:28+00:00
graviton3,simde,128,main_filter,13,"filter_byte_ne",100.00,0.033878,0.033878,13,13,2026-10-06T12:06:28+00:00
graviton3,simde,128,main_filter,13,"filter_byte_le",100.00,0.043874,0.043874,13,13,2026-10-06T12:06:28+00:00
graviton3,simde,128,main_filter,13,"filter_byte_ge",100.00,0.044001,0.044001,13,13,2026-10-06T12:06:28+00:00
graviton3,simde,128,main_filter,13,"filter_short_eq",100.00,0.045366,0.045366,13,13,2026-10-06T12:06:28+00:00
graviton3,simde,128,main_filter,13,"filter_short_lt",100.00,0.032218,0.032218,13,13,2026-10-06T12:06:28+00:00
graviton3,simde,128,main_filter,13,"filter_short_gt",100.00,0.031823,0.031823,13,13,2026-10-06T12:06:28+00:00
graviton3,simde,128,main_filter,13,"filter_short_ne",100.00,0.028413,0.028413,13,13,2026-10-06T12:06:28+00:00
graviton3,simde,128,main_filter,13,"filter_short_le",100.00,0.031801,0.031801,13,13,2026-10-06T12:06:28+00:00
graviton3,simde,128,main_filter,13,"filter_short_ge",100.00,0.031731,0.031731,13,13,2026-10-06T12:06:28+00:00
graviton3,simde,128,main_filter,13,"filter_int_eq",100.00,0.039436,0.039436,13,13,2026-10-06T12:06:28+00:00
graviton3,simde,128,main_filter,13,"filter_int_lt",100.00,0.030905,0.030905,13,13,2026-10-06T12:06:28+00:00
graviton3,simde,128,main_filter,13,"filter_int_gt",100.00,0.030645,0.030645,13,13,2026-10-06T12:06:28+00:00
graviton3,simde,128,main_filter,13,"filter_int_ne",100.00,0.027304,0.027304,13,13,2026-10-06T12:06:28+00:00
graviton3,simde,128,main_filter,13,"filter_int_le",100.00,0.030336,0.030336,13,13,2026-10-06T12:06:28+00:00
graviton3,simde,128,main_filter,13,"filter_int_ge",100.00,0.030118,0.030118,13,13,2026-10-06T12:06:28+00:00
graviton3,simde,128,main_filter,13,"filter_long_eq",100.00,0.037340,0.037340,13,13,2026-10-06T12:06:28+00:00
graviton3,simde,128,main_filter,13,"filter_long_lt",100.00,0.031780,0.031780,13,13,2026-10-06T12:06:28+00:00
graviton3,simde,128,main_filter,13,"filter_long_gt",100.00,0.031569,0.031569,13,13,2026-10-06T12:06:28+00:00
graviton3,simde,128,main_filter,13,"filter_long_ne",100.00,0.027809,0.027809,13,13,2026-10-06T12:06:28+00:00
graviton3,simde,128,main_filter,13,"filter_long_le",100.00,0.031820,0.031820,13,13,2026-10-06T12:06:28+00:00
graviton3,simde,128,main_filter,13,"filter_long_ge",100.00,0.031795,0.031795,13,13,2026-10-06T12:06:28+00:00
graviton3,simde,128,main_filter,13,"filter_float_eq",100.00,0.041769,0.041769,13,13,2026-10-06T12:06:28+00:00
graviton3,simde,128,main_filter,13,"filter_float_lt",100.00,0.032768,0.032768,13,13,2026-10-06T12:06:28+00:00
graviton3,simde,128,main_filter,13,"filter_float_gt",100.00,0.032694,0.032694,13,13,2026-10-06T12:06:28+00:00
graviton3,simde,128,main_filter,13,"filter_float_ne",100.00,0.028241,0.028241,13,13,2026-10-06T12:06:28+00:00
graviton3,simde,128,main_filter,13,"filter_float_le",100.00,0.032520,0.032520,13,13,2026-10-06T12:06:28+00:00
graviton3,simde,128,main_filter,13,"filter_float_ge",100.00,0.032677,0.032677,13,13,2026-10-06T12:06:28+00:00
graviton3,simde,128,main_filter,13,"filter_double_eq",100.00,0.036390,0.036390,13,13,2026-10-06T12:06:28+00:00
graviton3,simde,128,main_filter,13,"filter_double_lt",100.00,0.031690,0.031690,13,13,2026-10-06T12:06:28+00:00
graviton3,simde,128,main_filter,13,"filter_double_gt",100.00,0.031774,0.031774,13,13,2026-10-06T12:06:28+00:00
graviton3,simde,128,main_filter,13,"filter_double_ne",100.00,0.027216,0.027216,13,13,2026-10-06T12:06:28+00:00
graviton3,simde,128,main_filter,13,"filter_double_le",100.00,0.031279,0.031279,13,13,2026-10-06T12:06:28+00:00
graviton3,simde,128,main_filter,13,"filter_double_ge",100.00,0.031694,0.031694,13,13,2026-10-06T12:06:28+00:00
graviton3,simde,128,main_filter,13,"filter_char_eq",100.00,0.032752,0.032752,13,13,2026-10-06T12:06:28+00:00
graviton3,simde,128,main_filter,13,"filter_char_lt",100.00,0.023385,0.023385,13,13,2026-10-06T12:06:28+00:00
graviton3,simde,128,main_filter,13,"filter_char_gt",100.00,0.023364,0.023364,13,13,2026-10-06T12:06:28+00:00
graviton3,simde,128,main_filter,13,"filter_char_ne",100.00,0.030053,0.030053,13,13,2026-10-06T12:06:28+00:00
graviton3,simde,128,main_filter,13,"filter_char_le",100.00,0.023641,0.023641,13,13,2026-10-06T12:06:28+00:00
graviton3,simde,128,main_filter,13,"filter_char_ge",100.00,0.023665,0.023665,13,13,2026-10-06T12:06:28+00:00
graviton3,simde,256,main_filter,13,"filter_byte_eq",100.00,0.051759,0.051759,13,13,2026-10-06T12:06:52+00:00
graviton3,simde,256,main_filter,13,"filter_byte_lt",100.00,0.036393,0.036393,13,13,2026-10-06T12:06:52+00:00
graviton3,simde,256,main_filter,13,"filter_byte_gt",100.00,0.036621,0.036621,13,13,2026-10-06T12:06:52+00:00
graviton3,simde,256,main_filter,13,"filter_byte_ne",100.00,0.031339,0.031339,13,13,2026-10-06T12:06:52+00:00
graviton3,simde,256,main_filter,13,"filter_byte_le",100.00,0.036491,0.036491,13,13,2026-10-06T12:06:52+00:00
graviton3,simde,256,main_filter,13,"filter_byte_ge",100.00,0.036130,0.036130,13,13,2026-10-06T12:06:52+00:00
graviton3,simde,256,main_filter,13,"filter_short_eq",100.00,0.037987,0.037987,13,13,2026-10-06T12:06:52+00:00
graviton3,simde,256,main_filter,13,"filter_short_lt",100.00,0.031345,0.031345,13,13,2026-10-06T12:06:52+00:00
graviton3,simde,256,main_filter,13,"filter_short_gt",100.00,0.031266,0.031266,13,13,2026-10-06T12:06:52+00:00
graviton3,simde,256,main_filter,13,"filter_short_ne",100.00,0.028122,0.028122,13,13,2026-10-06T12:06:52+00:00
graviton3,simde,256,main_filter,13,"filter_short_le",100.00,0.031173,0.031173,13,13,2026-10-06T12:06:52+00:00
graviton3,simde,256,main_filter,13,"filter_short_ge",100.00,0.030905,0.030905,13,13,2026-10-06T12:06:52+00:00
graviton3,simde,256,main_filter,13,"filter_int_eq",100.00,0.035432,0.035432,13,13,2026-10-06T12:06:52+00:00
graviton3,simde,256,main_filter,13,"filter_int_lt",100.00,0.031084,0.031084,13,13,2026-10-06T12:06:52+00:00
graviton3,simde,256,main_filter,13,"filter_int_gt",100.00,0.030500,0.030500,13,13,2026-10-06T12:06:52+00:00
graviton3,simde,256,main_filter,13,"filter_int_ne",100.00,0.027542,0.027542,13,13,2026-10-06T12:06:52+00:00
graviton3,simde,256,main_filter,13,"filter_int_le",100.00,0.030576,0.030576,13,13,2026-10-06T12:06:52+00:00
graviton3,simde,256,main_filter,13,"filter_int_ge",100.00,0.030486,0.030486,13,13,2026-10-06T12:06:52+00:00
graviton3,simde,256,main_filter,13,"filter_long_eq",100.00,0.033984,0.033984,13,13,2026-10-06T12:06:52+00:00
graviton3,simde,256,main_filter,13,"filter_long_lt",100.00,0.029188,0.029188,13,13,2026-10-06T12:06:52+00:00
graviton3,simde,256,main_filter,13,"filter_long_gt",100.00,0.029249,0.029249,13,13,2026-10-06T12:06:52+00:00
graviton3,simde,256,main_filter,13,"filter_long_ne",100.00,0.026115,0.026115,13,13,2026-10-06T12:06:52+00:00
graviton3,simde,256,main_filter,13,"filter_long_le",100.00,0.029705,0.029705,13,13,2026-10-06T12:06:52+00:00
graviton3,simde,256,main_filter,13,"filter_long_ge",100.00,0.029454,0.029454,13,13,2026-10-06T12:06:52+00:00
graviton3,simde,256,main_filter,13,"filter_float_eq",100.00,0.037291,0.037291,13,13,2026-10-06T12:06:52+00:00
graviton3,simde,256,main_filter,13,"filter_float_lt",100.00,0.030785,0.030785,13,13,2026-10-06T12:06:52+00:00
graviton3,simde,256,main_filter,13,"filter_float_gt",100.00,0.030573,0.030573,13,13,2026-10-06T12:06:52+00:00
graviton3,simde,256,main_filter,13,"filter_float_ne",100.00,0.027781,0.027781,13,13,2026-10-06T12:06:52+00:00
graviton3,simde,256,main_filter,13,"filter_float_le",100.00,0.030017,0.030017,13,13,2026-10-06T12:06:52+00:00
graviton3,simde,256,main_filter,13,"filter_float_ge",100.00,0.030041,0.030041,13,13,2026-10-06T12:06:52+00:00
graviton3,simde,256,main_filter,13,"filter_double_eq",100.00,0.032852,0.032852,13,13,2026-10-06T12:06:52+00:00
graviton3,simde,256,main_filter,13,"filter_double_lt",100.00,0.028816,0.028816,13,13,2026-10-06T12:06:52+00:00
graviton3,simde,256,main_filter,13,"filter_double_gt",100.00,0.028707,0.028707,13,13,2026-10-06T12:06:52+00:00
graviton3,simde,256,main_filter,13,"filter_double_ne",100.00,0.025707,0.025707,13,13,2026-10-06T12:06:52+00:00
graviton3,simde,256,main_filter,13,"filter_double_le",100.00,0.029160,0.029160,13,13,2026-10-06T12:06:52+00:00
graviton3,simde,256,main_filter,13,"filter_double_ge",100.00,0.028817,0.028817,13,13,2026-10-06T12:06:52+00:00
graviton3,simde,256,main_filter,13,"filter_char_eq",100.00,0.029650,0.029650,13,13,2026-10-06T12:06:52+00:00
graviton3,simde,256,main_filter,13,"filter_char_lt",100.00,0.020270,0.020270,13,13,2026-10-06T12:06:52+00:00
graviton3,simde,256,main_filter,13,"filter_char_gt",100.00,0.020430,0.020430,13,13,2026-10-06T12:06:52+00:00
graviton3,simde,256,main_filter,13,"filter_char_ne",100.00,0.027942,0.027942,13,13,2026-10-06T12:06:52+00:00
graviton3,simde,256,main_filter,13,"filter_char_le",100.00,0.020725,0.020725,13,13,2026-10-06T12:06:52+00:00
graviton3,simde,256,main_filter,13,"filter_char_ge",100.00,0.020810,0.020810,13,13,2026-10-06T12:06:52+00:00
graviton3,simde,256,main_expr,13,"expr_float/+",100.00,4.954736,4.954736,13,13,2026-10-06T12:07:59+00:00
graviton3,simde,256,main_expr,13,"expr_float/-",100.00,6.413350,6.413350,13,13,2026-10-06T12:07:59+00:00
graviton3,simde,256,main_expr,13,"expr_float/*",100.00,6.779721,6.779721,13,13,2026-10-06T12:07:59+00:00
graviton3,simde,256,main_expr,13,"expr_float//",100.00,3.433721,3.433721,13,13,2026-10-06T12:07:59+00:00
graviton3,simde,256,main_expr,13,"expr_double/+",100.00,2.267256,2.267256,13,13,2026-10-06T12:07:59+00:00
graviton3,simde,256,main_expr,13,"expr_double/-",100.00,2.752057,2.752057,13,13,2026-10-06T12:07:59+00:00
graviton3,simde,256,main_expr,13,"expr_double/*",100.00,2.868812,2.868812,13,13,2026-10-06T12:07:59+00:00
graviton3,simde,256,main_expr,13,"expr_double//",100.00,1.030277,1.030277,13,13,2026-10-06T12:07:59+00:00
graviton3,simde,256,main_expr,13,"expr_decimal/+",100.00,1.590483,1.590483,13,13,2026-10-06T12:07:59+00:00
graviton3,simde,256,main_expr,13,"expr_decimal/-",100.00,1.847963,1.847963,13,13,2026-10-06T12:07:59+00:00
graviton3,simde,256,main_expr,13,"expr_decimal/*",100.00,0.241873,0.241873,13,13,2026-10-06T12:07:59+00:00
graviton3,simde,256,main_expr,13,"expr_decimal//",100.00,0.194582,0.194582,13,13,2026-10-06T12:07:59+00:00
graviton3,simde,256,main_gather,14,"gather_byte",100.00,0.140940,0.140940,14,14,2026-10-06T12:08:20+00:00
graviton3,simde,256,main_gather,14,"gather_short",100.00,0.133258,0.133258,14,14,2026-10-06T12:08:20+00:00
graviton3,simde,256,main_gather,14,"gather_int",100.00,0.149297,0.149297,14,14,2026-10-06T12:08:20+00:00
graviton3,simde,256,main_gather,14,"gather_long",100.00,0.133145,0.133145,14,14,2026-10-06T12:08:20+00:00
graviton3,simde,256,main_gather,14,"gather_char",100.00,0.027426,0.027426,14,14,2026-10-06T12:08:20+00:00
graviton3,simde,256,main_gather,14,"gather_encoded",100.00,0.126474,0.126474,14,14,2026-10-06T12:08:20+00:00
graviton3,simde,256,main_gather,14,"copy_encoded",100.00,1.920562,1.920562,14,14,2026-10-06T12:08:20+00:00
graviton3,simde,128,main_hash,14,"jenkins_hash",100.00,0.017216,0.017216,14,14,2026-10-06T12:11:21+00:00
graviton3,simde,128,main_hash,14,"fnv_hash",100.00,0.025167,0.025167,14,14,2026-10-06T12:11:21+00:00
graviton3,simde,128,main_hash,14,"murmur_hash",100.00,0.057010,0.057010,14,14,2026-10-06T12:11:21+00:00
graviton3,simde,256,main_hash,14,"jenkins_hash",100.00,0.018656,0.018656,14,14,2026-10-06T12:11:45+00:00
graviton3,simde,256,main_hash,14,"fnv_hash",100.00,0.026443,0.026443,14,14,2026-10-06T12:11:45+00:00
graviton3,simde,256,main_hash,14,"murmur_hash",100.00,0.058125,0.058125,14,14,2026-10-06T12:11:45+00:00
graviton3,simde,128,main_filter,14,"filter_byte_eq",100.00,0.064074,0.064074,14,14,2026-10-06T12:12:58+00:00
graviton3,simde,128,main_filter,14,"filter_byte_lt",100.00,0.040302,0.040302,14,14,2026-10-06T12:12:58+00:00
graviton3,simde,128,main_filter,14,"filter_byte_gt",100.00,0.040323,0.040323,14,14,2026-10-06T12:12:58+00:00
graviton3,simde,128,main_filter,14,"filter_byte_ne",100.00,0.032441,0.032441,14,14,2026-10-06T12:12:58+00:00
graviton3,simde,128,main_filter,14,"filter_byte_le",100.00,0.040253,0.040253,14,14,2026-10-06T12:12:58+00:00
graviton3,simde,128,main_filter,14,"filter_byte_ge",100.00,0.038039,0.038039,14,14,2026-10-06T12:12:58+00:00
graviton3,simde,128,main_filter,14,"filter_short_eq",100.00,0.043722,0.043722,14,14,2026-10-06T12:12:58+00:00
graviton3,simde,128,main_filter,14,"filter_short_lt",100.00,0.031658,0.031658,14,14,2026-10-06T12:12:58+00:00
graviton3,simde,128,main_filter,14,"filter_short_gt",100.00,0.031360,0.031360,14,14,2026-10-06T12:12:58+00:00
graviton3,simde,128,main_filter,14,"filter_short_ne",100.00,0.027986,0.027986,14,14,2026-10-06T12:12:58+00:00
graviton3,simde,128,main_filter,14,"filter_short_le",100.00,0.031493,0.031493,14,14,2026-10-06T12:12:58+00:00
graviton3,simde,128,main_filter,14,"filter_short_ge",100.00,0.031231,0.031231,14,14,2026-10-06T12:12:58+00:00
graviton3,simde,128,main_filter,14,"filter_int_eq",100.00,0.038393,0.038393,14,14,2026-10-06T12:12:58+00:00
graviton3,simde,128,main_filter,14,"filter_int_lt",100.00,0.029945,0.029945,14,14,2026-10-06T12:12:58+00:00
graviton3,simde,128,main_filter,14,"filter_int_gt",100.00,0.029463,0.029463,14,14,2026-10-06T12:12:58+00:00
graviton3,simde,128,main_filter,14,"filter_int_ne",100.00,0.026858,0.026858,14,14,2026-10-06T12:12:58+00:00
graviton3,simde,128,main_filter,14,"filter_int_le",100.00,0.029986,0.029986,14,14,2026-10-06T12:12:58+00:00
graviton3,simde,128,main_filter,14,"filter_int_ge",100.00,0.029631,0.029631,14,14,2026-10-06T12:12:58+00:00
graviton3,simde,128,main_filter,14,"filter_long_eq",100.00,0.037015,0.037015,14,14,2026-10-06T12:12:58+00:00
graviton3,simde,128,main_filter,14,"filter_long_lt",100.00,0.031794,0.031794,14,14,2026-10-06T12:12:58+00:00
graviton3,simde,128,main_filter,14,"filter_long_gt",100.00,0.031849,0.031849,14,14,2026-10-06T12:12:58+00:00
graviton3,simde,128,main_filter,14,"filter_long_ne",100.00,0.027930,0.027930,14,14,2026-10-06T12:12:58+00:00
graviton3,simde,128,main_filter,14,"filter_long_le",100.00,0.031596,0.031596,14,14,2026-10-06T12:12:58+00:00
graviton3,simde,128,main_filter,14,"filter_long_ge",100.00,0.031314,0.031314,14,14,2026-10-06T12:12:58+00:00
graviton3,simde,128,main_filter,14,"filter_float_eq",100.00,0.040950,0.040950,14,14,2026-10-06T12:12:58+00:00
graviton3,simde,128,main_filter,14,"filter_float_lt",100.00,0.032411,0.032411,14,14,2026-10-06T12:12:58+00:00
graviton3,simde,128,main_filter,14,"filter_float_gt",100.00,0.032347,0.032347,14,14,2026-10-06T12:12:58+00:00
graviton3,simde,128,main_filter,14,"filter_float_ne",100.00,0.027865,0.027865,14,14,2026-10-06T12:12:58+00:00
graviton3,simde,128,main_filter,14,"filter_float_le",100.00,0.032412,0.032412,14,14,2026-10-06T12:12:58+00:00
graviton3,simde,128,main_filter,14,"filter_float_ge",100.00,0.032230,0.032230,14,14,2026-10-06T12:12:58+00:00
graviton3,simde,128,main_filter,14,"filter_double_eq",100.00,0.036340,0.036340,14,14,2026-10-06T12:12:58+00:00
graviton3,simde,128,main_filter,14,"filter_double_lt",100.00,0.031390,0.031390,14,14,2026-10-06T12:12:58+00:00
graviton3,simde,128,main_filter,14,"filter_double_gt",100.00,0.031821,0.031821,14,14,2026-10-06T12:12:58+00:00
graviton3,simde,128,main_filter,14,"filter_double_ne",100.00,0.027380,0.027380,14,14,2026-10-06T12:12:58+00:00
graviton3,simde,128,main_filter,14,"filter_double_le",100.00,0.031346,0.031346,14,14,2026-10-06T12:12:58+00:00
graviton3,simde,128,main_filter,14,"filter_double_ge",100.00,0.031430,0.031430,14,14,2026-10-06T12:12:58+00:00
graviton3,simde,128,main_filter,14,"filter_char_eq",100.00,0.033027,0.033027,14,14,2026-10-06T12:12:58+00:00
graviton3,simde,128,main_filter,14,"filter_char_lt",100.00,0.023569,0.023569,14,14,2026-10-06T12:12:58+00:00
graviton3,simde,128,main_filter,14,"filter_char_gt",100.00,0.023440,0.023440,14,14,2026-10-06T12:12:58+00:00
graviton3,simde,128,main_filter,14,"filter_char_ne",100.00,0.030307,0.030307,14,14,2026-10-06T12:12:58+00:00
graviton3,simde,128,main_filter,14,"filter_char_le",100.00,0.023892,0.023892,14,14,2026-10-06T12:12:58+00:00
graviton3,simde,128,main_filter,14,"filter_char_ge",100.00,0.023829,0.023829,14,14,2026-10-06T12:12:58+00:00
graviton3,simde,256,main_filter,14,"filter_byte_eq",100.00,0.053569,0.053569,14,14,2026-10-06T12:13:22+00:00
graviton3,simde,256,main_filter,14,"filter_byte_lt",100.00,0.037664,0.037664,14,14,2026-10-06T12:13:22+00:00
graviton3,simde,256,main_filter,14,"filter_byte_gt",100.00,0.038120,0.038120,14,14,2026-10-06T12:13:22+00:00
graviton3,simde,256,main_filter,14,"filter_byte_ne",100.00,0.032085,0.032085,14,14,2026-10-06T12:13:22+00:00
graviton3,simde,256,main_filter,14,"filter_byte_le",100.00,0.037669,0.037669,14,14,2026-10-06T12:13:22+00:00
graviton3,simde,256,main_filter,14,"filter_byte_ge",100.00,0.037375,0.037375,14,14,2026-10-06T12:13:22+00:00
graviton3,simde,256,main_filter,14,"filter_short_eq",100.00,0.039570,0.039570,14,14,2026-10-06T12:13:22+00:00
graviton3,simde,256,main_filter,14,"filter_short_lt",100.00,0.031678,0.031678,14,14,2026-10-06T12:13:22+00:00
graviton3,simde,256,main_filter,14,"filter_short_gt",100.00,0.031008,0.031008,14,14,2026-10-06T12:13:22+00:00
graviton3,simde,256,main_filter,14,"filter_short_ne",100.00,0.028329,0.028329,14,14,2026-10-06T12:13:22+00:00
graviton3,simde,256,main_filter,14,"filter_short_le",100.00,0.030830,0.030830,14,14,2026-10-06T12:13:22+00:00
graviton3,simde,256,main_filter,14,"filter_short_ge",100.00,0.031022,0.031022,14,14,2026-10-06T12:13:22+00:00
graviton3,simde,256,main_filter,14,"filter_int_eq",100.00,0.036578,0.036578,14,14,2026-10-06T12:13:22+00:00
graviton3,simde,256,main_filter,14,"filter_int_lt",100.00,0.031367,0.031367,14,14,2026-10-06T12:13:22+00:00
graviton3,simde,256,main_filter,14,"filter_int_gt",100.00,0.030813,0.030813,14,14,2026-10-06T12:13:22+00:00
graviton3,simde,256,main_filter,14,"filter_int_ne",100.00,0.027601,0.027601,14,14,2026-10-06T12:13:22+00:00
graviton3,simde,256,main_filter,14,"filter_int_le",100.00,0.030752,0.030752,14,14,2026-10-06T12:13:22+00:00
graviton3,simde,256,main_filter,14,"filter_int_ge",100.00,0.030444,0.030444,14,14,2026-10-06T12:13:22+00:00
graviton3,simde,256,main_filter,14,"filter_long_eq",100.00,0.034401,0.034401,14,14,2026-10-06T12:13:22+00:00
graviton3,simde,256,main_filter,14,"filter_long_lt",100.00,0.030172,0.030172,14,14,2026-10-06T12:13:22+00:00
graviton3,simde,256,main_filter,14,"filter_long_gt",100.00,0.029371,0.029371,14,14,2026-10-06T12:13:22+00:00
graviton3,simde,256,main_filter,14,"filter_long_ne",100.00,0.026314,0.026314,14,14,2026-10-06T12:13:22+00:00
graviton3,simde,256,main_filter,14,"filter_long_le",100.00,0.029170,0.029170,14,14,2026-10-06T12:13:22+00:00
graviton3,simde,256,main_filter,14,"filter_long_ge",100.00,0.029448,0.029448,14,14,2026-10-06T12:13:22+00:00
graviton3,simde,256,main_filter,14,"filter_float_eq",100.00,0.037293,0.037293,14,14,2026-10-06T12:13:22+00:00
graviton3,simde,256,main_filter,14,"filter_float_lt",100.00,0.030988,0.030988,14,14,2026-10-06T12:13:22+00:00
graviton3,simde,256,main_filter,14,"filter_float_gt",100.00,0.030585,0.030585,14,14,2026-10-06T12:13:22+00:00
graviton3,simde,256,main_filter,14,"filter_float_ne",100.00,0.028293,0.028293,14,14,2026-10-06T12:13:22+00:00
graviton3,simde,256,main_filter,14,"filter_float_le",100.00,0.030352,0.030352,14,14,2026-10-06T12:13:22+00:00
graviton3,simde,256,main_filter,14,"filter_float_ge",100.00,0.030743,0.030743,14,14,2026-10-06T12:13:22+00:00
graviton3,simde,256,main_filter,14,"filter_double_eq",100.00,0.033990,0.033990,14,14,2026-10-06T12:13:22+00:00
graviton3,simde,256,main_filter,14,"filter_double_lt",100.00,0.030113,0.030113,14,14,2026-10-06T12:13:22+00:00
graviton3,simde,256,main_filter,14,"filter_double_gt",100.00,0.029780,0.029780,14,14,2026-10-06T12:13:22+00:00
graviton3,simde,256,main_filter,14,"filter_double_ne",100.00,0.026373,0.026373,14,14,2026-10-06T12:13:22+00:00
graviton3,simde,256,main_filter,14,"filter_double_le",100.00,0.029694,0.029694,14,14,2026-10-06T12:13:22+00:00
graviton3,simde,256,main_filter,14,"filter_double_ge",100.00,0.029467,0.029467,14,14,2026-10-06T12:13:22+00:00
graviton3,simde,256,main_filter,14,"filter_char_eq",100.00,0.029978,0.029978,14,14,2026-10-06T12:13:22+00:00
graviton3,simde,256,main_filter,14,"filter_char_lt",100.00,0.020450,0.020450,14,14,2026-10-06T12:13:22+00:00
graviton3,simde,256,main_filter,14,"filter_char_gt",100.00,0.020628,0.020628,14,14,2026-10-06T12:13:22+00:00
graviton3,simde,256,main_filter,14,"filter_char_ne",100.00,0.028079,0.028079,14,14,2026-10-06T12:13:22+00:00
graviton3,simde,256,main_filter,14,"filter_char_le",100.00,0.020880,0.020880,14,14,2026-10-06T12:13:22+00:00
graviton3,simde,256,main_filter,14,"filter_char_ge",100.00,0.021049,0.021049,14,14,2026-10-06T12:13:22+00:00
graviton3,simde,256,main_expr,14,"expr_float/+",100.00,4.787964,4.787964,14,14,2026-10-06T12:14:29+00:00
graviton3,simde,256,main_expr,14,"expr_float/-",100.00,5.886943,5.886943,14,14,2026-10-06T12:14:29+00:00
graviton3,simde,256,main_expr,14,"expr_float/*",100.00,6.032390,6.032390,14,14,2026-10-06T12:14:29+00:00
graviton3,simde,256,main_expr,14,"expr_float//",100.00,3.421057,3.421057,14,14,2026-10-06T12:14:29+00:00
graviton3,simde,256,main_expr,14,"expr_double/+",100.00,2.251385,2.251385,14,14,2026-10-06T12:14:29+00:00
graviton3,simde,256,main_expr,14,"expr_double/-",100.00,2.724205,2.724205,14,14,2026-10-06T12:14:29+00:00
graviton3,simde,256,main_expr,14,"expr_double/*",100.00,2.780506,2.780506,14,14,2026-10-06T12:14:29+00:00
graviton3,simde,256,main_expr,14,"expr_double//",100.00,1.029883,1.029883,14,14,2026-10-06T12:14:29+00:00
graviton3,simde,256,main_expr,14,"expr_decimal/+",100.00,1.610145,1.610145,14,14,2026-10-06T12:14:29+00:00
graviton3,simde,256,main_expr,14,"expr_decimal/-",100.00,1.887925,1.887925,14,14,2026-10-06T12:14:29+00:00
graviton3,simde,256,main_expr,14,"expr_decimal/*",100.00,0.242097,0.242097,14,14,2026-10-06T12:14:29+00:00
graviton3,simde,256,main_expr,14,"expr_decimal//",100.00,0.193635,0.193635,14,14,2026-10-06T12:14:29+00:00
graviton3,simde,256,main_gather,15,"gather_byte",100.00,0.135341,0.135341,15,15,2026-10-06T12:14:50+00:00
graviton3,simde,256,main_gather,15,"gather_short",100.00,0.127068,0.127068,15,15,2026-10-06T12:14:50+00:00
graviton3,simde,256,main_gather,15,"gather_int",100.00,0.143173,0.143173,15,15,2026-10-06T12:14:50+00:00
graviton3,simde,256,main_gather,15,"gather_long",100.00,0.131782,0.131782,15,15,2026-10-06T12:14:50+00:00
graviton3,simde,256,main_gather,15,"gather_char",100.00,0.026391,0.026391,15,15,2026-10-06T12:14:50+00:00
graviton3,simde,256,main_gather,15,"gather_encoded",100.00,0.123516,0.123516,15,15,2026-10-06T12:14:50+00:00
graviton3,simde,256,main_gather,15,"copy_encoded",100.00,1.906904,1.906904,15,15,2026-10-06T12:14:50+00:00
graviton3,simde,128,main_hash,15,"jenkins_hash",100.00,0.017211,0.017211,15,15,2026-10-06T12:17:51+00:00
graviton3,simde,128,main_hash,15,"fnv_hash",100.00,0.025121,0.025121,15,15,2026-10-06T12:17:51+00:00
graviton3,simde,128,main_hash,15,"murmur_hash",100.00,0.055079,0.055079,15,15,2026-10-06T12:17:51+00:00
graviton3,simde,256,main_hash,15,"jenkins_hash",100.00,0.018681,0.018681,15,15,2026-10-06T12:18:16+00:00
graviton3,simde,256,main_hash,15,"fnv_hash",100.00,0.026444,0.026444,15,15,2026-10-06T12:18:16+00:00
graviton3,simde,256,main_hash,15,"murmur_hash",100.00,0.056339,0.056339,15,15,2026-10-06T12:18:16+00:00
graviton3,simde,128,main_filter,15,"filter_byte_eq",100.00,0.064007,0.064007,15,15,2026-10-06T12:19:29+00:00
graviton3,simde,128,main_filter,15,"filter_byte_lt",100.00,0.039879,0.039879,15,15,2026-10-06T12:19:29+00:00
graviton3,simde,128,main_filter,15,"filter_byte_gt",100.00,0.040494,0.040494,15,15,2026-10-06T12:19:29+00:00
graviton3,simde,128,main_filter,15,"filter_byte_ne",100.00,0.032822,0.032822,15,15,2026-10-06T12:19:29+00:00
graviton3,simde,128,main_filter,15,"filter_byte_le",100.00,0.039888,0.039888,15,15,2026-10-06T12:19:29+00:00
graviton3,simde,128,main_filter,15,"filter_byte_ge",100.00,0.040067,0.040067,15,15,2026-10-06T12:19:29+00:00
graviton3,simde,128,main_filter,15,"filter_short_eq",100.00,0.043660,0.043660,15,15,2026-10-06T12:19:29+00:00
graviton3,simde,128,main_filter,15,"filter_short_lt",100.00,0.032062,0.032062,15,15,2026-10-06T12:19:29+00:00
graviton3,simde,128,main_filter,15,"filter_short_gt",100.00,0.031853,0.031853,15,15,2026-10-06T12:19:29+00:00
graviton3,simde,128,main_filter,15,"filter_short_ne",100.00,0.028368,0.028368,15,15,2026-10-06T12:19:29+00:00
graviton3,simde,128,main_filter,15,"filter_short_le",100.00,0.031618,0.031618,15,15,2026-10-06T12:19:29+00:00
graviton3,simde,128,main_filter,15,"filter_short_ge",100.00,0.031773,0.031773,15,15,2026-10-06T12:19:29+00:00
graviton3,simde,128,main_filter,15,"filter_int_eq",100.00,0.040278,0.040278,15,15,2026-10-06T12:19:29+00:00
graviton3,simde,128,main_filter,15,"filter_int_lt",100.00,0.031684,0.031684,15,15,2026-10-06T12:19:29+00:00
graviton3,simde,128,main_filter,15,"filter_int_gt",100.00,0.031613,0.031613,15,15,2026-10-06T12:19:29+00:00
graviton3,simde,128,main_filter,15,"filter_int_ne",100.00,0.028335,0.028335,15,15,2026-10-06T12:19:29+00:00
graviton3,simde,128,main_filter,15,"filter_int_le",100.00,0.030920,0.030920,15,15,2026-10-06T12:19:29+00:00
graviton3,simde,128,main_filter,15,"filter_int_ge",100.00,0.031232,0.031232,15,15,2026-10-06T12:19:29+00:00
graviton3,simde,128,main_filter,15,"filter_long_eq",100.00,0.037598,0.037598,15,15,2026-10-06T12:19:29+00:00
graviton3,simde,128,main_filter,15,"filter_long_lt",100.00,0.031873,0.031873,15,15,2026-10-06T12:19:29+00:00
graviton3,simde,128,main_filter,15,"filter_long_gt",100.00,0.031946,0.031946,15,15,2026-10-06T12:19:29+00:00
graviton3,simde,128,main_filter,15,"filter_long_ne",100.00,0.027876,0.027876,15,15,2026-10-06T12:19:29+00:00
graviton3,simde,128,main_filter,15,"filter_long_le",100.00,0.031518,0.031518,15,15,2026-10-06T12:19:29+00:00
graviton3,simde,128,main_filter,15,"filter_long_ge",100.00,0.031475,0.031475,15,15,2026-10-06T12:19:29+00:00
graviton3,simde,128,main_filter,15,"filter_float_eq",100.00,0.040477,0.040477,15,15,2026-10-06T12:19:29+00:00
graviton3,simde,128,main_filter,15,"filter_float_lt",100.00,0.032444,0.032444,15,15,2026-10-06T12:19:29+00:00
graviton3,simde,128,main_filter,15,"filter_float_gt",100.00,0.032190,0.032190,15,15,2026-10-06T12:19:29+00:00
graviton3,simde,128,main_filter,15,"filter_float_ne",100.00,0.027672,0.027672,15,15,2026-10-06T12:19:29+00:00
graviton3,simde,128,main_filter,15,"filter_float_le",100.00,0.032311,0.032311,15,15,2026-10-06T12:19:29+00:00
graviton3,simde,128,main_filter,15,"filter_float_ge",100.00,0.032260,0.032260,15,15,2026-10-06T12:19:29+00:00
graviton3,simde,128,main_filter,15,"filter_double_eq",100.00,0.036595,0.036595,15,15,2026-10-06T12:19:29+00:00
graviton3,simde,128,main_filter,15,"filter_double_lt",100.00,0.031892,0.031892,15,15,2026-10-06T12:19:29+00:00
graviton3,simde,128,main_filter,15,"filter_double_gt",100.00,0.031779,0.031779,15,15,2026-10-06T12:19:29+00:00
graviton3,simde,128,main_filter,15,"filter_double_ne",100.00,0.027628,0.027628,15,15,2026-10-06T12:19:29+00:00
graviton3,simde,128,main_filter,15,"filter_double_le",100.00,0.031249,0.031249,15,15,2026-10-06T12:19:29+00:00
graviton3,simde,128,main_filter,15,"filter_double_ge",100.00,0.031476,0.031476,15,15,2026-10-06T12:19:29+00:00
graviton3,simde,128,main_filter,15,"filter_char_eq",100.00,0.033656,0.033656,15,15,2026-10-06T12:19:29+00:00
graviton3,simde,128,main_filter,15,"filter_char_lt",100.00,0.023824,0.023824,15,15,2026-10-06T12:19:29+00:00
graviton3,simde,128,main_filter,15,"filter_char_gt",100.00,0.023841,0.023841,15,15,2026-10-06T12:19:29+00:00
graviton3,simde,128,main_filter,15,"filter_char_ne",100.00,0.030733,0.030733,15,15,2026-10-06T12:19:29+00:00
graviton3,simde,128,main_filter,15,"filter_char_le",100.00,0.024235,0.024235,15,15,2026-10-06T12:19:29+00:00
graviton3,simde,128,main_filter,15,"filter_char_ge",100.00,0.024216,0.024216,15,15,2026-10-06T12:19:29+00:00
graviton3,simde,256,main_filter,15,"filter_byte_eq",100.00,0.061556,0.061556,15,15,2026-10-06T12:19:53+00:00
graviton3,simde,256,main_filter,15,"filter_byte_lt",100.00,0.041878,0.041878,15,15,2026-10-06T12:19:53+00:00
graviton3,simde,256,main_filter,15,"filter_byte_gt",100.00,0.041874,0.041874,15,15,2026-10-06T12:19:53+00:00
graviton3,simde,256,main_filter,15,"filter_byte_ne",100.00,0.033175,0.033175,15,15,2026-10-06T12:19:53+00:00
graviton3,simde,256,main_filter,15,"filter_byte_le",100.00,0.041269,0.041269,15,15,2026-10-06T12:19:53+00:00
graviton3,simde,256,main_filter,15,"filter_byte_ge",100.00,0.041622,0.041622,15,15,2026-10-06T12:19:53+00:00
graviton3,simde,256,main_filter,15,"filter_short_eq",100.00,0.038339,0.038339,15,15,2026-10-06T12:19:53+00:00
graviton3,simde,256,main_filter,15,"filter_short_lt",100.00,0.030615,0.030615,15,15,2026-10-06T12:19:53+00:00
graviton3,simde,256,main_filter,15,"filter_short_gt",100.00,0.031083,0.031083,15,15,2026-10-06T12:19:53+00:00
graviton3,simde,256,main_filter,15,"filter_short_ne",100.00,0.027966,0.027966,15,15,2026-10-06T12:19:53+00:00
graviton3,simde,256,main_filter,15,"filter_short_le",100.00,0.031356,0.031356,15,15,2026-10-06T12:19:53+00:00
graviton3,simde,256,main_filter,15,"filter_short_ge",100.00,0.031129,0.031129,15,15,2026-10-06T12:19:53+00:00
graviton3,simde,256,main_filter,15,"filter_int_eq",100.00,0.035052,0.035052,15,15,2026-10-06T12:19:53+00:00
graviton3,simde,256,main_filter,15,"filter_int_lt",100.00,0.029754,0.029754,15,15,2026-10-06T12:19:53+00:00
graviton3,simde,256,main_filter,15,"filter_int_gt",100.00,0.029316,0.029316,15,15,2026-10-06T12:19:53+00:00
graviton3,simde,256,main_filter,15,"filter_int_ne",100.00,0.027119,0.027119,15,15,2026-10-06T12:19:53+00:00
graviton3,simde,256,main_filter,15,"filter_int_le",100.00,0.030326,0.030326,15,15,2026-10-06T12:19:53+00:00
graviton3,simde,256,main_filter,15,"filter_int_ge",100.00,0.029617,0.029617,15,15,2026-10-06T12:19:53+00:00
graviton3,simde,256,main_filter,15,"filter_long_eq",100.00,0.034532,0.034532,15,15,2026-10-06T12:19:53+00:00
graviton3,simde,256,main_filter,15,"filter_long_lt",100.00,0.029933,0.029933,15,15,2026-10-06T12:19:53+00:00
graviton3,simde,256,main_filter,15,"filter_long_gt",100.00,0.029889,0.029889,15,15,2026-10-06T12:19:53+00:00
graviton3,simde,256,main_filter,15,"filter_long_ne",100.00,0.026637,0.026637,15,15,2026-10-06T12:19:53+00:00
graviton3,simde,256,main_filter,15,"filter_long_le",100.00,0.030272,0.030272,15,15,2026-10-06T12:19:53+00:00
graviton3,simde,256,main_filter,15,"filter_long_ge",100.00,0.029432,0.029432,15,15,2026-10-06T12:19:53+00:00
graviton3,simde,256,main_filter,15,"filter_float_eq",100.00,0.038210,0.038210,15,15,2026-10-06T12:19:53+00:00
graviton3,simde,256,main_filter,15,"filter_float_lt",100.00,0.030637,0.030637,15,15,2026-10-06T12:19:53+00:00
graviton3,simde,256,main_filter,15,"filter_float_gt",100.00,0.030778,0.030778,15,15,2026-10-06T12:19:53+00:00
graviton3,simde,256,main_filter,15,"filter_float_ne",100.00,0.029005,0.029005,15,15,2026-10-06T12:19:53+00:00
graviton3,simde,256,main_filter,15,"filter_float_le",100.00,0.030813,0.030813,15,15,2026-10-06T12:19:53+00:00
graviton3,simde,256,main_filter,15,"filter_float_ge",100.00,0.030692,0.030692,15,15,2026-10-06T12:19:53+00:00
graviton3,simde,256,main_filter,15,"filter_double_eq",100.00,0.033503,0.033503,15,15,2026-10-06T12:19:53+00:00
graviton3,simde,256,main_filter,15,"filter_double_lt",100.00,0.029060,0.029060,15,15,2026-10-06T12:19:53+00:00
graviton3,simde,256,main_filter,15,"filter_double_gt",100.00,0.029347,0.029347,15,15,2026-10-06T12:19:53+00:00
graviton3,simde,256,main_filter,15,"filter_double_ne",100.00,0.025792,0.025792,15,15,2026-10-06T12:19:53+00:00
graviton3,simde,256,main_filter,15,"filter_double_le",100.00,0.029245,0.029245,15,15,2026-10-06T12:19:53+00:00
graviton3,simde,256,main_filter,15,"filter_double_ge",100.00,0.029123,0.029123,15,15,2026-10-06T12:19:53+00:00
graviton3,simde,256,main_filter,15,"filter_char_eq",100.00,0.029749,0.029749,15,15,2026-10-06T12:19:53+00:00
graviton3,simde,256,main_filter,15,"filter_char_lt",100.00,0.020344,0.020344,15,15,2026-10-06T12:19:53+00:00
graviton3,simde,256,main_filter,15,"filter_char_gt",100.00,0.020516,0.020516,15,15,2026-10-06T12:19:53+00:00
graviton3,simde,256,main_filter,15,"filter_char_ne",100.00,0.028139,0.028139,15,15,2026-10-06T12:19:53+00:00
graviton3,simde,256,main_filter,15,"filter_char_le",100.00,0.021027,0.021027,15,15,2026-10-06T12:19:53+00:00
graviton3,simde,256,main_filter,15,"filter_char_ge",100.00,0.020898,0.020898,15,15,2026-10-06T12:19:53+00:00
graviton3,simde,256,main_expr,15,"expr_float/+",100.00,4.783970,4.783970,15,15,2026-10-06T12:21:00+00:00
graviton3,simde,256,main_expr,15,"expr_float/-",100.00,5.793809,5.793809,15,15,2026-10-06T12:21:00+00:00
graviton3,simde,256,main_expr,15,"expr_float/*",100.00,6.018190,6.018190,15,15,2026-10-06T12:21:00+00:00
graviton3,simde,256,main_expr,15,"expr_float//",100.00,3.438373,3.438373,15,15,2026-10-06T12:21:00+00:00
graviton3,simde,256,main_expr,15,"expr_double/+",100.00,2.263249,2.263249,15,15,2026-10-06T12:21:00+00:00
graviton3,simde,256,main_expr,15,"expr_double/-",100.00,2.743802,2.743802,15,15,2026-10-06T12:21:00+00:00
graviton3,simde,256,main_expr,15,"expr_double/*",100.00,2.818626,2.818626,15,15,2026-10-06T12:21:00+00:00
graviton3,simde,256,main_expr,15,"expr_double//",100.00,1.030082,1.030082,15,15,2026-10-06T12:21:00+00:00
graviton3,simde,256,main_expr,15,"expr_decimal/+",100.00,1.586938,1.586938,15,15,2026-10-06T12:21:00+00:00
graviton3,simde,256,main_expr,15,"expr_decimal/-",100.00,1.820249,1.820249,15,15,2026-10-06T12:21:00+00:00
graviton3,simde,256,main_expr,15,"expr_decimal/*",100.00,0.241585,0.241585,15,15,2026-10-06T12:21:00+00:00
graviton3,simde,256,main_expr,15,"expr_decimal//",100.00,0.194352,0.194352,15,15,2026-10-06T12:21:00+00:00
graviton3,simde,256,main_gather,16,"gather_byte",100.00,0.141747,0.141747,16,16,2026-10-06T12:21:12+00:00
graviton3,simde,256,main_gather,16,"gather_short",100.00,0.134442,0.134442,16,16,2026-10-06T12:21:12+00:00
graviton3,simde,256,main_gather,16,"gather_int",100.00,0.150042,0.150042,16,16,2026-10-06T12:21:12+00:00
graviton3,simde,256,main_gather,16,"gather_long",100.00,0.130736,0.130736,16,16,2026-10-06T12:21:12+00:00
graviton3,simde,256,main_gather,16,"gather_char",100.00,0.027177,0.027177,16,16,2026-10-06T12:21:12+00:00
graviton3,simde,256,main_gather,16,"gather_encoded",100.00,0.124822,0.124822,16,16,2026-10-06T12:21:12+00:00
graviton3,simde,256,main_gather,16,"copy_encoded",100.00,1.919617,1.919617,16,16,2026-10-06T12:21:12+00:00
graviton3,simde,256,main_hash,16,"jenkins_hash",100.00,0.018658,0.018658,16,16,2026-10-06T12:24:12+00:00
graviton3,simde,256,main_hash,16,"fnv_hash",100.00,0.026501,0.026501,16,16,2026-10-06T12:24:12+00:00
graviton3,simde,256,main_hash,16,"murmur_hash",100.00,0.055591,0.055591,16,16,2026-10-06T12:24:12+00:00
graviton3,simde,128,main_filter,16,"filter_byte_eq",100.00,0.068375,0.068375,16,16,2026-10-06T12:25:25+00:00
graviton3,simde,128,main_filter,16,"filter_byte_lt",100.00,0.041048,0.041048,16,16,2026-10-06T12:25:25+00:00
graviton3,simde,128,main_filter,16,"filter_byte_gt",100.00,0.040913,0.040913,16,16,2026-10-06T12:25:25+00:00
graviton3,simde,128,main_filter,16,"filter_byte_ne",100.00,0.032740,0.032740,16,16,2026-10-06T12:25:25+00:00
graviton3,simde,128,main_filter,16,"filter_byte_le",100.00,0.040780,0.040780,16,16,2026-10-06T12:25:25+00:00
graviton3,simde,128,main_filter,16,"filter_byte_ge",100.00,0.040845,0.040845,16,16,2026-10-06T12:25:25+00:00
graviton3,simde,128,main_filter,16,"filter_short_eq",100.00,0.045812,0.045812,16,16,2026-10-06T12:25:25+00:00
graviton3,simde,128,main_filter,16,"filter_short_lt",100.00,0.033068,0.033068,16,16,2026-10-06T12:25:25+00:00
graviton3,simde,128,main_filter,16,"filter_short_gt",100.00,0.033241,0.033241,16,16,2026-10-06T12:25:25+00:00
graviton3,simde,128,main_filter,16,"filter_short_ne",100.00,0.029278,0.029278,16,16,2026-10-06T12:25:25+00:00
graviton3,simde,128,main_filter,16,"filter_short_le",100.00,0.032395,0.032395,16,16,2026-10-06T12:25:25+00:00
graviton3,simde,128,main_filter,16,"filter_short_ge",100.00,0.033068,0.033068,16,16,2026-10-06T12:25:25+00:00
graviton3,simde,128,main_filter,16,"filter_int_eq",100.00,0.039832,0.039832,16,16,2026-10-06T12:25:25+00:00
graviton3,simde,128,main_filter,16,"filter_int_lt",100.00,0.031515,0.031515,16,16,2026-10-06T12:25:25+00:00
graviton3,simde,128,main_filter,16,"filter_int_gt",100.00,0.031356,0.031356,16,16,2026-10-06T12:25:25+00:00
graviton3,simde,128,main_filter,16,"filter_int_ne",100.00,0.028166,0.028166,16,16,2026-10-06T12:25:25+00:00
graviton3,simde,128,main_filter,16,"filter_int_le",100.00,0.031512,0.031512,16,16,2026-10-06T12:25:25+00:00
graviton3,simde,128,main_filter,16,"filter_int_ge",100.00,0.031162,0.031162,16,16,2026-10-06T12:25:25+00:00
graviton3,simde,128,main_filter,16,"filter_long_eq",100.00,0.037688,0.037688,16,16,2026-10-06T12:25:25+00:00
graviton3,simde,128,main_filter,16,"filter_long_lt",100.00,0.032076,0.032076,16,16,2026-10-06T12:25:25+00:00
graviton3,simde,128,main_filter,16,"filter_long_gt",100.00,0.031188,0.031188,16,16,2026-10-06T12:25:25+00:00
graviton3,simde,128,main_filter,16,"filter_long_ne",100.00,0.027651,0.027651,16,16,2026-10-06T12:25:25+00:00
graviton3,simde,128,main_filter,16,"filter_long_le",100.00,0.032009,0.032009,16,16,2026-10-06T12:25:25+00:00
graviton3,simde,128,main_filter,16,"filter_long_ge",100.00,0.031709,0.031709,16,16,2026-10-06T12:25:25+00:00
graviton3,simde,128,main_filter,16,"filter_float_eq",100.00,0.041847,0.041847,16,16,2026-10-06T12:25:25+00:00
graviton3,simde,128,main_filter,16,"filter_float_lt",100.00,0.032628,0.032628,16,16,2026-10-06T12:25:25+00:00
graviton3,simde,128,main_filter,16,"filter_float_gt",100.00,0.032211,0.032211,16,16,2026-10-06T12:25:25+00:00
graviton3,simde,128,main_filter,16,"filter_float_ne",100.00,0.028159,0.028159,16,16,2026-10-06T12:25:25+00:00
graviton3,simde,128,main_filter,16,"filter_float_le",100.00,0.032814,0.032814,16,16,2026-10-06T12:25:25+00:00
graviton3,simde,128,main_filter,16,"filter_float_ge",100.00,0.032609,0.032609,16,16,2026-10-06T12:25:25+00:00
graviton3,simde,128,main_filter,16,"filter_double_eq",100.00,0.036983,0.036983,16,16,2026-10-06T12:25:25+00:00
graviton3,simde,128,main_filter,16,"filter_double_lt",100.00,0.031966,0.031966,16,16,2026-10-06T12:25:25+00:00
graviton3,simde,128,main_filter,16,"filter_double_gt",100.00,0.032163,0.032163,16,16,2026-10-06T12:25:25+00:00
graviton3,simde,128,main_filter,16,"filter_double_ne",100.00,0.027825,0.027825,16,16,2026-10-06T12:25:25+00:00
graviton3,simde,128,main_filter,16,"filter_double_le",100.00,0.031858,0.031858,16,16,2026-10-06T12:25:25+00:00
graviton3,simde,128,main_filter,16,"filter_double_ge",100.00,0.031745,0.031745,16,16,2026-10-06T12:25:25+00:00
graviton3,simde,128,main_filter,16,"filter_char_eq",100.00,0.033236,0.033236,16,16,2026-10-06T12:25:25+00:00
graviton3,simde,128,main_filter,16,"filter_char_lt",100.00,0.023592,0.023592,16,16,2026-10-06T12:25:25+00:00
graviton3,simde,128,main_filter,16,"filter_char_gt",100.00,0.023597,0.023597,16,16,2026-10-06T12:25:25+00:00
graviton3,simde,128,main_filter,16,"filter_char_ne",100.00,0.030433,0.030433,16,16,2026-10-06T12:25:25+00:00
graviton3,simde,128,main_filter,16,"filter_char_le",100.00,0.023952,0.023952,16,16,2026-10-06T12:25:25+00:00
graviton3,simde,128,main_filter,16,"filter_char_ge",100.00,0.023935,0.023935,16,16,2026-10-06T12:25:25+00:00
graviton3,simde,256,main_filter,16,"filter_byte_eq",100.00,0.048794,0.048794,16,16,2026-10-06T12:25:50+00:00
graviton3,simde,256,main_filter,16,"filter_byte_lt",100.00,0.034517,0.034517,16,16,2026-10-06T12:25:50+00:00
graviton3,simde,256,main_filter,16,"filter_byte_gt",100.00,0.035051,0.035051,16,16,2026-10-06T12:25:50+00:00
graviton3,simde,256,main_filter,16,"filter_byte_ne",100.00,0.030428,0.030428,16,16,2026-10-06T12:25:50+00:00
graviton3,simde,256,main_filter,16,"filter_byte_le",100.00,0.034367,0.034367,16,16,2026-10-06T12:25:50+00:00
graviton3,simde,256,main_filter,16,"filter_byte_ge",100.00,0.035369,0.035369,16,16,2026-10-06T12:25:50+00:00
graviton3,simde,256,main_filter,16,"filter_short_eq",100.00,0.037308,0.037308,16,16,2026-10-06T12:25:50+00:00
graviton3,simde,256,main_filter,16,"filter_short_lt",100.00,0.031047,0.031047,16,16,2026-10-06T12:25:50+00:00
graviton3,simde,256,main_filter,16,"filter_short_gt",100.00,0.031305,0.031305,16,16,2026-10-06T12:25:50+00:00
graviton3,simde,256,main_filter,16,"filter_short_ne",100.00,0.027147,0.027147,16,16,2026-10-06T12:25:50+00:00
graviton3,simde,256,main_filter,16,"filter_short_le",100.00,0.030955,0.030955,16,16,2026-10-06T12:25:50+00:00
graviton3,simde,256,main_filter,16,"filter_short_ge",100.00,0.030667,0.030667,16,16,2026-10-06T12:25:50+00:00
graviton3,simde,256,main_filter,16,"filter_int_eq",100.00,0.034195,0.034195,16,16,2026-10-06T12:25:50+00:00
graviton3,simde,256,main_filter,16,"filter_int_lt",100.00,0.030040,0.030040,16,16,2026-10-06T12:25:50+00:00
graviton3,simde,256,main_filter,16,"filter_int_gt",100.00,0.029788,0.029788,16,16,2026-10-06T12:25:50+00:00
graviton3,simde,256,main_filter,16,"filter_int_ne",100.00,0.027004,0.027004,16,16,2026-10-06T12:25:50+00:00
graviton3,simde,256,main_filter,16,"filter_int_le",100.00,0.029692,0.029692,16,16,2026-10-06T12:25:50+00:00
graviton3,simde,256,main_filter,16,"filter_int_ge",100.00,0.029508,0.029508,16,16,2026-10-06T12:25:50+00:00
graviton3,simde,256,main_filter,16,"filter_long_eq",100.00,0.033432,0.033432,16,16,2026-10-06T12:25:50+00:00
graviton3,simde,256,main_filter,16,"filter_long_lt",100.00,0.029351,0.029351,16,16,2026-10-06T12:25:50+00:00
graviton3,simde,256,main_filter,16,"filter_long_gt",100.00,0.029508,0.029508,16,16,2026-10-06T12:25:50+00:00
graviton3,simde,256,main_filter,16,"filter_long_ne",100.00,0.025813,0.025813,16,16,2026-10-06T12:25:50+00:00
graviton3,simde,256,main_filter,16,"filter_long_le",100.00,0.028975,0.028975,16,16,2026-10-06T12:25:50+00:00
graviton3,simde,256,main_filter,16,"filter_long_ge",100.00,0.029023,0.029023,16,16,2026-10-06T12:25:50+00:00
graviton3,simde,256,main_filter,16,"filter_float_eq",100.00,0.034829,0.034829,16,16,2026-10-06T12:25:50+00:00
graviton3,simde,256,main_filter,16,"filter_float_lt",100.00,0.029381,0.029381,16,16,2026-10-06T12:25:50+00:00
graviton3,simde,256,main_filter,16,"filter_float_gt",100.00,0.029380,0.029380,16,16,2026-10-06T12:25:50+00:00
graviton3,simde,256,main_filter,16,"filter_float_ne",100.00,0.026836,0.026836,16,16,2026-10-06T12:25:50+00:00
graviton3,simde,256,main_filter,16,"filter_float_le",100.00,0.028701,0.028701,16,16,2026-10-06T12:25:50+00:00
graviton3,simde,256,main_filter,16,"filter_float_ge",100.00,0.028924,0.028924,16,16,2026-10-06T12:25:50+00:00
graviton3,simde,256,main_filter,16,"filter_double_eq",100.00,0.032277,0.032277,16,16,2026-10-06T12:25:50+00:00
graviton3,simde,256,main_filter,16,"filter_double_lt",100.00,0.028658,0.028658,16,16,2026-10-06T12:25:50+00:00
graviton3,simde,256,main_filter,16,"filter_double_gt",100.00,0.028799,0.028799,16,16,2026-10-06T12:25:50+00:00
graviton3,simde,256,main_filter,16,"filter_double_ne",100.00,0.025519,0.025519,16,16,2026-10-06T12:25:50+00:00
graviton3,simde,256,main_filter,16,"filter_double_le",100.00,0.028719,0.028719,16,16,2026-10-06T12:25:50+00:00
graviton3,simde,256,main_filter,16,"filter_double_ge",100.00,0.028541,0.028541,16,16,2026-10-06T12:25:50+00:00
graviton3,simde,256,main_filter,16,"filter_char_eq",100.00,0.029852,0.029852,16,16,2026-10-06T12:25:50+00:00
graviton3,simde,256,main_filter,16,"filter_char_lt",100.00,0.020235,0.020235,16,16,2026-10-06T12:25:50+00:00
graviton3,simde,256,main_filter,16,"filter_char_gt",100.00,0.020572,0.020572,16,16,2026-10-06T12:25:50+00:00
graviton3,simde,256,main_filter,16,"filter_char_ne",100.00,0.028010,0.028010,16,16,2026-10-06T12:25:50+00:00
graviton3,simde,256,main_filter,16,"filter_char_le",100.00,0.020648,0.020648,16,16,2026-10-06T12:25:50+00:00
graviton3,simde,256,main_filter,16,"filter_char_ge",100.00,0.020718,0.020718,16,16,2026-10-06T12:25:50+00:00
graviton3,simde,256,main_expr,16,"expr_float/+",100.00,4.697022,4.697022,16,16,2026-10-06T12:26:57+00:00
graviton3,simde,256,main_expr,16,"expr_float/-",100.00,5.746241,5.746241,16,16,2026-10-06T12:26:57+00:00
graviton3,simde,256,main_expr,16,"expr_float/*",100.00,6.098207,6.098207,16,16,2026-10-06T12:26:57+00:00
graviton3,simde,256,main_expr,16,"expr_float//",100.00,3.427693,3.427693,16,16,2026-10-06T12:26:57+00:00
graviton3,simde,256,main_expr,16,"expr_double/+",100.00,2.225713,2.225713,16,16,2026-10-06T12:26:57+00:00
graviton3,simde,256,main_expr,16,"expr_double/-",100.00,2.673465,2.673465,16,16,2026-10-06T12:26:57+00:00
graviton3,simde,256,main_expr,16,"expr_double/*",100.00,2.735275,2.735275,16,16,2026-10-06T12:26:57+00:00
graviton3,simde,256,main_expr,16,"expr_double//",100.00,1.029606,1.029606,16,16,2026-10-06T12:26:57+00:00
graviton3,simde,256,main_expr,16,"expr_decimal/+",100.00,1.620276,1.620276,16,16,2026-10-06T12:26:57+00:00
graviton3,simde,256,main_expr,16,"expr_decimal/-",100.00,1.883524,1.883524,16,16,2026-10-06T12:26:57+00:00
graviton3,simde,256,main_expr,16,"expr_decimal/*",100.00,0.244182,0.244182,16,16,2026-10-06T12:26:57+00:00
graviton3,simde,256,main_expr,16,"expr_decimal//",100.00,0.193830,0.193830,16,16,2026-10-06T12:26:57+00:00
graviton3,simde,256,main_gather,17,"gather_byte",100.00,0.147008,0.147008,17,17,2026-10-06T12:27:09+00:00
graviton3,simde,256,main_gather,17,"gather_short",100.00,0.132196,0.132196,17,17,2026-10-06T12:27:09+00:00
graviton3,simde,256,main_gather,17,"gather_int",100.00,0.146437,0.146437,17,17,2026-10-06T12:27:09+00:00
graviton3,simde,256,main_gather,17,"gather_long",100.00,0.131325,0.131325,17,17,2026-10-06T12:27:09+00:00
graviton3,simde,256,main_gather,17,"gather_char",100.00,0.027079,0.027079,17,17,2026-10-06T12:27:09+00:00
graviton3,simde,256,main_gather,17,"gather_encoded",100.00,0.123349,0.123349,17,17,2026-10-06T12:27:09+00:00
graviton3,simde,256,main_gather,17,"copy_encoded",100.00,1.919471,1.919471,17,17,2026-10-06T12:27:09+00:00
graviton3,simde,128,main_hash,16,"jenkins_hash",100.00,0.017218,0.017218,17,17,2026-10-06T12:30:10+00:00
graviton3,simde,128,main_hash,16,"fnv_hash",100.00,0.025139,0.025139,17,17,2026-10-06T12:30:10+00:00
graviton3,simde,128,main_hash,16,"murmur_hash",100.00,0.057150,0.057150,17,17,2026-10-06T12:30:10+00:00
graviton3,simde,256,main_hash,17,"jenkins_hash",100.00,0.018671,0.018671,17,17,2026-10-06T12:30:34+00:00
graviton3,simde,256,main_hash,17,"fnv_hash",100.00,0.026486,0.026486,17,17,2026-10-06T12:30:34+00:00
graviton3,simde,256,main_hash,17,"murmur_hash",100.00,0.058439,0.058439,17,17,2026-10-06T12:30:34+00:00
graviton3,simde,128,main_filter,17,"filter_byte_eq",100.00,0.065719,0.065719,17,17,2026-10-06T12:31:47+00:00
graviton3,simde,128,main_filter,17,"filter_byte_lt",100.00,0.039558,0.039558,17,17,2026-10-06T12:31:47+00:00
graviton3,simde,128,main_filter,17,"filter_byte_gt",100.00,0.039953,0.039953,17,17,2026-10-06T12:31:47+00:00
graviton3,simde,128,main_filter,17,"filter_byte_ne",100.00,0.032362,0.032362,17,17,2026-10-06T12:31:47+00:00
graviton3,simde,128,main_filter,17,"filter_byte_le",100.00,0.039107,0.039107,17,17,2026-10-06T12:31:47+00:00
graviton3,simde,128,main_filter,17,"filter_byte_ge",100.00,0.039555,0.039555,17,17,2026-10-06T12:31:47+00:00
graviton3,simde,128,main_filter,17,"filter_short_eq",100.00,0.043154,0.043154,17,17,2026-10-06T12:31:47+00:00
graviton3,simde,128,main_filter,17,"filter_short_lt",100.00,0.031570,0.031570,17,17,2026-10-06T12:31:47+00:00
graviton3,simde,128,main_filter,17,"filter_short_gt",100.00,0.031984,0.031984,17,17,2026-10-06T12:31:47+00:00
graviton3,simde,128,main_filter,17,"filter_short_ne",100.00,0.028256,0.028256,17,17,2026-10-06T12:31:47+00:00
graviton3,simde,128,main_filter,17,"filter_short_le",100.00,0.031611,0.031611,17,17,2026-10-06T12:31:47+00:00
graviton3,simde,128,main_filter,17,"filter_short_ge",100.00,0.031347,0.031347,17,17,2026-10-06T12:31:47+00:00
graviton3,simde,128,main_filter,17,"filter_int_eq",100.00,0.039357,0.039357,17,17,2026-10-06T12:31:47+00:00
graviton3,simde,128,main_filter,17,"filter_int_lt",100.00,0.031002,0.031002,17,17,2026-10-06T12:31:47+00:00
graviton3,simde,128,main_filter,17,"filter_int_gt",100.00,0.030943,0.030943,17,17,2026-10-06T12:31:47+00:00
graviton3,simde,128,main_filter,17,"filter_int_ne",100.00,0.027928,0.027928,17,17,2026-10-06T12:31:47+00:00
graviton3,simde,128,main_filter,17,"filter_int_le",100.00,0.031440,0.031440,17,17,2026-10-06T12:31:47+00:00
graviton3,simde,128,main_filter,17,"filter_int_ge",100.00,0.030334,0.030334,17,17,2026-10-06T12:31:47+00:00
graviton3,simde,128,main_filter,17,"filter_long_eq",100.00,0.037227,0.037227,17,17,2026-10-06T12:31:47+00:00
graviton3,simde,128,main_filter,17,"filter_long_lt",100.00,0.031475,0.031475,17,17,2026-10-06T12:31:47+00:00
graviton3,simde,128,main_filter,17,"filter_long_gt",100.00,0.031382,0.031382,17,17,2026-10-06T12:31:47+00:00
graviton3,simde,128,main_filter,17,"filter_long_ne",100.00,0.027365,0.027365,17,17,2026-10-06T12:31:47+00:00
graviton3,simde,128,main_filter,17,"filter_long_le",100.00,0.031196,0.031196,17,17,2026-10-06T12:31:47+00:00
graviton3,simde,128,main_filter,17,"filter_long_ge",100.00,0.031269,0.031269,17,17,2026-10-06T12:31:47+00:00
graviton3,simde,128,main_filter,17,"filter_float_eq",100.00,0.039435,0.039435,17,17,2026-10-06T12:31:47+00:00
graviton3,simde,128,main_filter,17,"filter_float_lt",100.00,0.032139,0.032139,17,17,2026-10-06T12:31:47+00:00
graviton3,simde,128,main_filter,17,"filter_float_gt",100.00,0.032111,0.032111,17,17,2026-10-06T12:31:47+00:00
graviton3,simde,128,main_filter,17,"filter_float_ne",100.00,0.027169,0.027169,17,17,2026-10-06T12:31:47+00:00
graviton3,simde,128,main_filter,17,"filter_float_le",100.00,0.032064,0.032064,17,17,2026-10-06T12:31:47+00:00
graviton3,simde,128,main_filter,17,"filter_float_ge",100.00,0.032110,0.032110,17,17,2026-10-06T12:31:47+00:00
graviton3,simde,128,main_filter,17,"filter_double_eq",100.00,0.035305,0.035305,17,17,2026-10-06T12:31:47+00:00
graviton3,simde,128,main_filter,17,"filter_double_lt",100.00,0.031409,0.031409,17,17,2026-10-06T12:31:47+00:00
graviton3,simde,128,main_filter,17,"filter_double_gt",100.00,0.030981,0.030981,17,17,2026-10-06T12:31:47+00:00
graviton3,simde,128,main_filter,17,"filter_double_ne",100.00,0.027230,0.027230,17,17,2026-10-06T12:31:47+00:00
graviton3,simde,128,main_filter,17,"filter_double_le",100.00,0.030680,0.030680,17,17,2026-10-06T12:31:47+00:00
graviton3,simde,128,main_filter,17,"filter_double_ge",100.00,0.031197,0.031197,17,17,2026-10-06T12:31:47+00:00
graviton3,simde,128,main_filter,17,"filter_char_eq",100.00,0.032676,0.032676,17,17,2026-10-06T12:31:47+00:00
graviton3,simde,128,main_filter,17,"filter_char_lt",100.00,0.023394,0.023394,17,17,2026-10-06T12:31:47+00:00
graviton3,simde,128,main_filter,17,"filter_char_gt",100.00,0.023359,0.023359,17,17,2026-10-06T12:31:47+00:00
graviton3,simde,128,main_filter,17,"filter_char_ne",100.00,0.029991,0.029991,17,17,2026-10-06T12:31:47+00:00
graviton3,simde,128,main_filter,17,"filter_char_le",100.00,0.023718,0.023718,17,17,2026-10-06T12:31:47+00:00
graviton3,simde,128,main_filter,17,"filter_char_ge",100.00,0.023596,0.023596,17,17,2026-10-06T12:31:47+00:00
graviton3,simde,256,main_filter,17,"filter_byte_eq",100.00,0.058688,0.058688,17,17,2026-10-06T12:32:12+00:00
graviton3,simde,256,main_filter,17,"filter_byte_lt",100.00,0.040208,0.040208,17,17,2026-10-06T12:32:12+00:00
graviton3,simde,256,main_filter,17,"filter_byte_gt",100.00,0.040610,0.040610,17,17,2026-10-06T12:32:12+00:00
graviton3,simde,256,main_filter,17,"filter_byte_ne",100.00,0.032724,0.032724,17,17,2026-10-06T12:32:12+00:00
graviton3,simde,256,main_filter,17,"filter_byte_le",100.00,0.038920,0.038920,17,17,2026-10-06T12:32:12+00:00
graviton3,simde,256,main_filter,17,"filter_byte_ge",100.00,0.039091,0.039091,17,17,2026-10-06T12:32:12+00:00
graviton3,simde,256,main_filter,17,"filter_short_eq",100.00,0.037881,0.037881,17,17,2026-10-06T12:32:12+00:00
graviton3,simde,256,main_filter,17,"filter_short_lt",100.00,0.031036,0.031036,17,17,2026-10-06T12:32:12+00:00
graviton3,simde,256,main_filter,17,"filter_short_gt",100.00,0.031411,0.031411,17,17,2026-10-06T12:32:12+00:00
graviton3,simde,256,main_filter,17,"filter_short_ne",100.00,0.028241,0.028241,17,17,2026-10-06T12:32:12+00:00
graviton3,simde,256,main_filter,17,"filter_short_le",100.00,0.031286,0.031286,17,17,2026-10-06T12:32:12+00:00
graviton3,simde,256,main_filter,17,"filter_short_ge",100.00,0.030311,0.030311,17,17,2026-10-06T12:32:12+00:00
graviton3,simde,256,main_filter,17,"filter_int_eq",100.00,0.034994,0.034994,17,17,2026-10-06T12:32:12+00:00
graviton3,simde,256,main_filter,17,"filter_int_lt",100.00,0.030592,0.030592,17,17,2026-10-06T12:32:12+00:00
graviton3,simde,256,main_filter,17,"filter_int_gt",100.00,0.029665,0.029665,17,17,2026-10-06T12:32:12+00:00
graviton3,simde,256,main_filter,17,"filter_int_ne",100.00,0.027765,0.027765,17,17,2026-10-06T12:32:12+00:00
graviton3,simde,256,main_filter,17,"filter_int_le",100.00,0.030158,0.030158,17,17,2026-10-06T12:32:12+00:00
graviton3,simde,256,main_filter,17,"filter_int_ge",100.00,0.029744,0.029744,17,17,2026-10-06T12:32:12+00:00
graviton3,simde,256,main_filter,17,"filter_long_eq",100.00,0.034677,0.034677,17,17,2026-10-06T12:32:12+00:00
graviton3,simde,256,main_filter,17,"filter_long_lt",100.00,0.030244,0.030244,17,17,2026-10-06T12:32:12+00:00
graviton3,simde,256,main_filter,17,"filter_long_gt",100.00,0.029243,0.029243,17,17,2026-10-06T12:32:12+00:00
graviton3,simde,256,main_filter,17,"filter_long_ne",100.00,0.026228,0.026228,17,17,2026-10-06T12:32:12+00:00
graviton3,simde,256,main_filter,17,"filter_long_le",100.00,0.029740,0.029740,17,17,2026-10-06T12:32:12+00:00
graviton3,simde,256,main_filter,17,"filter_long_ge",100.00,0.029719,0.029719,17,17,2026-10-06T12:32:12+00:00
graviton3,simde,256,main_filter,17,"filter_float_eq",100.00,0.035942,0.035942,17,17,2026-10-06T12:32:12+00:00
graviton3,simde,256,main_filter,17,"filter_float_lt",100.00,0.029910,0.029910,17,17,2026-10-06T12:32:12+00:00
graviton3,simde,256,main_filter,17,"filter_float_gt",100.00,0.029227,0.029227,17,17,2026-10-06T12:32:12+00:00
graviton3,simde,256,main_filter,17,"filter_float_ne",100.00,0.027680,0.027680,17,17,2026-10-06T12:32:12+00:00
graviton3,simde,256,main_filter,17,"filter_float_le",100.00,0.029314,0.029314,17,17,2026-10-06T12:32:12+00:00
graviton3,simde,256,main_filter,17,"filter_float_ge",100.00,0.029339,0.029339,17,17,2026-10-06T12:32:12+00:00
graviton3,simde,256,main_filter,17,"filter_double_eq",100.00,0.032784,0.032784,17,17,2026-10-06T12:32:12+00:00
graviton3,simde,256,main_filter,17,"filter_double_lt",100.00,0.028657,0.028657,17,17,2026-10-06T12:32:12+00:00
graviton3,simde,256,main_filter,17,"filter_double_gt",100.00,0.028464,0.028464,17,17,2026-10-06T12:32:12+00:00
graviton3,simde,256,main_filter,17,"filter_double_ne",100.00,0.025558,0.025558,17,17,2026-10-06T12:32:12+00:00
graviton3,simde,256,main_filter,17,"filter_double_le",100.00,0.028504,0.028504,17,17,2026-10-06T12:32:12+00:00
graviton3,simde,256,main_filter,17,"filter_double_ge",100.00,0.028149,0.028149,17,17,2026-10-06T12:32:12+00:00
graviton3,simde,256,main_filter,17,"filter_char_eq",100.00,0.029726,0.029726,17,17,2026-10-06T12:32:12+00:00
graviton3,simde,256,main_filter,17,"filter_char_lt",100.00,0.020432,0.020432,17,17,2026-10-06T12:32:12+00:00
graviton3,simde,256,main_filter,17,"filter_char_gt",100.00,0.020482,0.020482,17,17,2026-10-06T12:32:12+00:00
graviton3,simde,256,main_filter,17,"filter_char_ne",100.00,0.027794,0.027794,17,17,2026-10-06T12:32:12+00:00
graviton3,simde,256,main_filter,17,"filter_char_le",100.00,0.020710,0.020710,17,17,2026-10-06T12:32:12+00:00
graviton3,simde,256,main_filter,17,"filter_char_ge",100.00,0.020895,0.020895,17,17,2026-10-06T12:32:12+00:00
graviton3,simde,256,main_expr,17,"expr_float/+",100.00,4.637688,4.637688,17,17,2026-10-06T12:33:19+00:00
graviton3,simde,256,main_expr,17,"expr_float/-",100.00,5.655514,5.655514,17,17,2026-10-06T12:33:19+00:00
graviton3,simde,256,main_expr,17,"expr_float/*",100.00,6.000452,6.000452,17,17,2026-10-06T12:33:19+00:00
graviton3,simde,256,main_expr,17,"expr_float//",100.00,3.425974,3.425974,17,17,2026-10-06T12:33:19+00:00
graviton3,simde,256,main_expr,17,"expr_double/+",100.00,2.214306,2.214306,17,17,2026-10-06T12:33:19+00:00
graviton3,simde,256,main_expr,17,"expr_double/-",100.00,2.668223,2.668223,17,17,2026-10-06T12:33:19+00:00
graviton3,simde,256,main_expr,17,"expr_double/*",100.00,2.736027,2.736027,17,17,2026-10-06T12:33:19+00:00
graviton3,simde,256,main_expr,17,"expr_double//",100.00,1.029609,1.029609,17,17,2026-10-06T12:33:19+00:00
graviton3,simde,256,main_expr,17,"expr_decimal/+",100.00,1.638176,1.638176,17,17,2026-10-06T12:33:19+00:00
graviton3,simde,256,main_expr,17,"expr_decimal/-",100.00,1.896370,1.896370,17,17,2026-10-06T12:33:19+00:00
graviton3,simde,256,main_expr,17,"expr_decimal/*",100.00,0.241862,0.241862,17,17,2026-10-06T12:33:19+00:00
graviton3,simde,256,main_expr,17,"expr_decimal//",100.00,0.194445,0.194445,17,17,2026-10-06T12:33:19+00:00
graviton3,simde,256,main_gather,18,"gather_byte",100.00,0.139858,0.139858,18,18,2026-10-06T12:33:31+00:00
graviton3,simde,256,main_gather,18,"gather_short",100.00,0.135178,0.135178,18,18,2026-10-06T12:33:31+00:00
graviton3,simde,256,main_gather,18,"gather_int",100.00,0.148628,0.148628,18,18,2026-10-06T12:33:31+00:00
graviton3,simde,256,main_gather,18,"gather_long",100.00,0.134561,0.134561,18,18,2026-10-06T12:33:31+00:00
graviton3,simde,256,main_gather,18,"gather_char",100.00,0.027324,0.027324,18,18,2026-10-06T12:33:31+00:00
graviton3,simde,256,main_gather,18,"gather_encoded",100.00,0.129438,0.129438,18,18,2026-10-06T12:33:31+00:00
graviton3,simde,256,main_gather,18,"copy_encoded",100.00,1.910431,1.910431,18,18,2026-10-06T12:33:31+00:00
graviton3,simde,128,main_hash,17,"jenkins_hash",100.00,0.017209,0.017209,18,18,2026-10-06T12:36:31+00:00
graviton3,simde,128,main_hash,17,"fnv_hash",100.00,0.025163,0.025163,18,18,2026-10-06T12:36:31+00:00
graviton3,simde,128,main_hash,17,"murmur_hash",100.00,0.056166,0.056166,18,18,2026-10-06T12:36:31+00:00
graviton3,simde,256,main_hash,18,"jenkins_hash",100.00,0.018661,0.018661,18,18,2026-10-06T12:36:56+00:00
graviton3,simde,256,main_hash,18,"fnv_hash",100.00,0.026445,0.026445,18,18,2026-10-06T12:36:56+00:00
graviton3,simde,256,main_hash,18,"murmur_hash",100.00,0.057470,0.057470,18,18,2026-10-06T12:36:56+00:00
graviton3,simde,128,main_filter,18,"filter_byte_eq",100.00,0.060677,0.060677,18,18,2026-10-06T12:38:09+00:00
graviton3,simde,128,main_filter,18,"filter_byte_lt",100.00,0.037051,0.037051,18,18,2026-10-06T12:38:09+00:00
graviton3,simde,128,main_filter,18,"filter_byte_gt",100.00,0.037073,0.037073,18,18,2026-10-06T12:38:09+00:00
graviton3,simde,128,main_filter,18,"filter_byte_ne",100.00,0.031313,0.031313,18,18,2026-10-06T12:38:09+00:00
graviton3,simde,128,main_filter,18,"filter_byte_le",100.00,0.037182,0.037182,18,18,2026-10-06T12:38:09+00:00
graviton3,simde,128,main_filter,18,"filter_byte_ge",100.00,0.037064,0.037064,18,18,2026-10-06T12:38:09+00:00
graviton3,simde,128,main_filter,18,"filter_short_eq",100.00,0.043157,0.043157,18,18,2026-10-06T12:38:09+00:00
graviton3,simde,128,main_filter,18,"filter_short_lt",100.00,0.031297,0.031297,18,18,2026-10-06T12:38:09+00:00
graviton3,simde,128,main_filter,18,"filter_short_gt",100.00,0.031734,0.031734,18,18,2026-10-06T12:38:09+00:00
graviton3,simde,128,main_filter,18,"filter_short_ne",100.00,0.028345,0.028345,18,18,2026-10-06T12:38:09+00:00
graviton3,simde,128,main_filter,18,"filter_short_le",100.00,0.031153,0.031153,18,18,2026-10-06T12:38:09+00:00
graviton3,simde,128,main_filter,18,"filter_short_ge",100.00,0.031389,0.031389,18,18,2026-10-06T12:38:09+00:00
graviton3,simde,128,main_filter,18,"filter_int_eq",100.00,0.039973,0.039973,18,18,2026-10-06T12:38:09+00:00
graviton3,simde,128,main_filter,18,"filter_int_lt",100.00,0.031245,0.031245,18,18,2026-10-06T12:38:09+00:00
graviton3,simde,128,main_filter,18,"filter_int_gt",100.00,0.030909,0.030909,18,18,2026-10-06T12:38:09+00:00
graviton3,simde,128,main_filter,18,"filter_int_ne",100.00,0.027894,0.027894,18,18,2026-10-06T12:38:09+00:00
graviton3,simde,128,main_filter,18,"filter_int_le",100.00,0.031087,0.031087,18,18,2026-10-06T12:38:09+00:00
graviton3,simde,128,main_filter,18,"filter_int_ge",100.00,0.030917,0.030917,18,18,2026-10-06T12:38:09+00:00
graviton3,simde,128,main_filter,18,"filter_long_eq",100.00,0.036848,0.036848,18,18,2026-10-06T12:38:09+00:00
graviton3,simde,128,main_filter,18,"filter_long_lt",100.00,0.031597,0.031597,18,18,2026-10-06T12:38:09+00:00
graviton3,simde,128,main_filter,18,"filter_long_gt",100.00,0.031445,0.031445,18,18,2026-10-06T12:38:09+00:00
graviton3,simde,128,main_filter,18,"filter_long_ne",100.00,0.027582,0.027582,18,18,2026-10-06T12:38:09+00:00
graviton3,simde,128,main_filter,18,"filter_long_le",100.00,0.031153,0.031153,18,18,2026-10-06T12:38:09+00:00
graviton3,simde,128,main_filter,18,"filter_long_ge",100.00,0.031516,0.031516,18,18,2026-10-06T12:38:09+00:00
graviton3,simde,128,main_filter,18,"filter_float_eq",100.00,0.041530,0.041530,18,18,2026-10-06T12:38:09+00:00
graviton3,simde,128,main_filter,18,"filter_float_lt",100.00,0.032561,0.032561,18,18,2026-10-06T12:38:09+00:00
graviton3,simde,128,main_filter,18,"filter_float_gt",100.00,0.032442,0.032442,18,18,2026-10-06T12:38:09+00:00
graviton3,simde,128,main_filter,18,"filter_float_ne",100.00,0.027826,0.027826,18,18,2026-10-06T12:38:09+00:00
graviton3,simde,128,main_filter,18,"filter_float_le",100.00,0.032318,0.032318,18,18,2026-10-06T12:38:09+00:00
graviton3,simde,128,main_filter,18,"filter_float_ge",100.00,0.032283,0.032283,18,18,2026-10-06T12:38:09+00:00
graviton3,simde,128,main_filter,18,"filter_double_eq",100.00,0.036118,0.036118,18,18,2026-10-06T12:38:09+00:00
graviton3,simde,128,main_filter,18,"filter_double_lt",100.00,0.031798,0.031798,18,18,2026-10-06T12:38:09+00:00
graviton3,simde,128,main_filter,18,"filter_double_gt",100.00,0.031710,0.031710,18,18,2026-10-06T12:38:09+00:00
graviton3,simde,128,main_filter,18,"filter_double_ne",100.00,0.027281,0.027281,18,18,2026-10-06T12:38:09+00:00
graviton3,simde,128,main_filter,18,"filter_double_le",100.00,0.031071,0.031071,18,18,2026-10-06T12:38:09+00:00
graviton3,simde,128,main_filter,18,"filter_double_ge",100.00,0.031240,0.031240,18,18,2026-10-06T12:38:09+00:00
graviton3,simde,128,main_filter,18,"filter_char_eq",100.00,0.032784,0.032784,18,18,2026-10-06T12:38:09+00:00
graviton3,simde,128,main_filter,18,"filter_char_lt",100.00,0.023439,0.023439,18,18,2026-10-06T12:38:09+00:00
graviton3,simde,128,main_filter,18,"filter_char_gt",100.00,0.023420,0.023420,18,18,2026-10-06T12:38:09+00:00
graviton3,simde,128,main_filter,18,"filter_char_ne",100.00,0.030158,0.030158,18,18,2026-10-06T12:38:09+00:00
graviton3,simde,128,main_filter,18,"filter_char_le",100.00,0.023726,0.023726,18,18,2026-10-06T12:38:09+00:00
graviton3,simde,128,main_filter,18,"filter_char_ge",100.00,0.023768,0.023768,18,18,2026-10-06T12:38:09+00:00
graviton3,simde,256,main_filter,18,"filter_byte_eq",100.00,0.050319,0.050319,18,18,2026-10-06T12:38:34+00:00
graviton3,simde,256,main_filter,18,"filter_byte_lt",100.00,0.035929,0.035929,18,18,2026-10-06T12:38:34+00:00
graviton3,simde,256,main_filter,18,"filter_byte_gt",100.00,0.035498,0.035498,18,18,2026-10-06T12:38:34+00:00
graviton3,simde,256,main_filter,18,"filter_byte_ne",100.00,0.031031,0.031031,18,18,2026-10-06T12:38:34+00:00
graviton3,simde,256,main_filter,18,"filter_byte_le",100.00,0.035872,0.035872,18,18,2026-10-06T12:38:34+00:00
graviton3,simde,256,main_filter,18,"filter_byte_ge",100.00,0.035541,0.035541,18,18,2026-10-06T12:38:34+00:00
graviton3,simde,256,main_filter,18,"filter_short_eq",100.00,0.038759,0.038759,18,18,2026-10-06T12:38:34+00:00
graviton3,simde,256,main_filter,18,"filter_short_lt",100.00,0.030924,0.030924,18,18,2026-10-06T12:38:34+00:00
graviton3,simde,256,main_filter,18,"filter_short_gt",100.00,0.030746,0.030746,18,18,2026-10-06T12:38:34+00:00
graviton3,simde,256,main_filter,18,"filter_short_ne",100.00,0.027557,0.027557,18,18,2026-10-06T12:38:34+00:00
graviton3,simde,256,main_filter,18,"filter_short_le",100.00,0.030644,0.030644,18,18,2026-10-06T12:38:34+00:00
graviton3,simde,256,main_filter,18,"filter_short_ge",100.00,0.030132,0.030132,18,18,2026-10-06T12:38:34+00:00
graviton3,simde,256,main_filter,18,"filter_int_eq",100.00,0.034778,0.034778,18,18,2026-10-06T12:38:34+00:00
graviton3,simde,256,main_filter,18,"filter_int_lt",100.00,0.030268,0.030268,18,18,2026-10-06T12:38:34+00:00
graviton3,simde,256,main_filter,18,"filter_int_gt",100.00,0.029609,0.029609,18,18,2026-10-06T12:38:34+00:00
graviton3,simde,256,main_filter,18,"filter_int_ne",100.00,0.027323,0.027323,18,18,2026-10-06T12:38:34+00:00
graviton3,simde,256,main_filter,18,"filter_int_le",100.00,0.030352,0.030352,18,18,2026-10-06T12:38:34+00:00
graviton3,simde,256,main_filter,18,"filter_int_ge",100.00,0.030190,0.030190,18,18,2026-10-06T12:38:34+00:00
graviton3,simde,256,main_filter,18,"filter_long_eq",100.00,0.035544,0.035544,18,18,2026-10-06T12:38:34+00:00
graviton3,simde,256,main_filter,18,"filter_long_lt",100.00,0.031128,0.031128,18,18,2026-10-06T12:38:34+00:00
graviton3,simde,256,main_filter,18,"filter_long_gt",100.00,0.030590,0.030590,18,18,2026-10-06T12:38:34+00:00
graviton3,simde,256,main_filter,18,"filter_long_ne",100.00,0.027088,0.027088,18,18,2026-10-06T12:38:34+00:00
graviton3,simde,256,main_filter,18,"filter_long_le",100.00,0.030003,0.030003,18,18,2026-10-06T12:38:34+00:00
graviton3,simde,256,main_filter,18,"filter_long_ge",100.00,0.030322,0.030322,18,18,2026-10-06T12:38:34+00:00
graviton3,simde,256,main_filter,18,"filter_float_eq",100.00,0.036032,0.036032,18,18,2026-10-06T12:38:34+00:00
graviton3,simde,256,main_filter,18,"filter_float_lt",100.00,0.030185,0.030185,18,18,2026-10-06T12:38:34+00:00
graviton3,simde,256,main_filter,18,"filter_float_gt",100.00,0.029822,0.029822,18,18,2026-10-06T12:38:34+00:00
graviton3,simde,256,main_filter,18,"filter_float_ne",100.00,0.027969,0.027969,18,18,2026-10-06T12:38:34+00:00
graviton3,simde,256,main_filter,18,"filter_float_le",100.00,0.029712,0.029712,18,18,2026-10-06T12:38:34+00:00
graviton3,simde,256,main_filter,18,"filter_float_ge",100.00,0.029611,0.029611,18,18,2026-10-06T12:38:34+00:00
graviton3,simde,256,main_filter,18,"filter_double_eq",100.00,0.032752,0.032752,18,18,2026-10-06T12:38:34+00:00
graviton3,simde,256,main_filter,18,"filter_double_lt",100.00,0.028640,0.028640,18,18,2026-10-06T12:38:34+00:00
graviton3,simde,256,main_filter,18,"filter_double_gt",100.00,0.028521,0.028521,18,18,2026-10-06T12:38:34+00:00
graviton3,simde,256,main_filter,18,"filter_double_ne",100.00,0.025623,0.025623,18,18,2026-10-06T12:38:34+00:00
graviton3,simde,256,main_filter,18,"filter_double_le",100.00,0.028701,0.028701,18,18,2026-10-06T12:38:34+00:00
graviton3,simde,256,main_filter,18,"filter_double_ge",100.00,0.028495,0.028495,18,18,2026-10-06T12:38:34+00:00
graviton3,simde,256,main_filter,18,"filter_char_eq",100.00,0.029729,0.029729,18,18,2026-10-06T12:38:34+00:00
graviton3,simde,256,main_filter,18,"filter_char_lt",100.00,0.020465,0.020465,18,18,2026-10-06T12:38:34+00:00
graviton3,simde,256,main_filter,18,"filter_char_gt",100.00,0.020534,0.020534,18,18,2026-10-06T12:38:34+00:00
graviton3,simde,256,main_filter,18,"filter_char_ne",100.00,0.027940,0.027940,18,18,2026-10-06T12:38:34+00:00
graviton3,simde,256,main_filter,18,"filter_char_le",100.00,0.020923,0.020923,18,18,2026-10-06T12:38:34+00:00
graviton3,simde,256,main_filter,18,"filter_char_ge",100.00,0.020876,0.020876,18,18,2026-10-06T12:38:34+00:00
graviton3,simde,256,main_expr,18,"expr_float/+",100.00,4.607916,4.607916,18,18,2026-10-06T12:39:41+00:00
graviton3,simde,256,main_expr,18,"expr_float/-",100.00,5.510596,5.510596,18,18,2026-10-06T12:39:41+00:00
graviton3,simde,256,main_expr,18,"expr_float/*",100.00,5.671564,5.671564,18,18,2026-10-06T12:39:41+00:00
graviton3,simde,256,main_expr,18,"expr_float//",100.00,3.422384,3.422384,18,18,2026-10-06T12:39:41+00:00
graviton3,simde,256,main_expr,18,"expr_double/+",100.00,2.220642,2.220642,18,18,2026-10-06T12:39:41+00:00
graviton3,simde,256,main_expr,18,"expr_double/-",100.00,2.656435,2.656435,18,18,2026-10-06T12:39:41+00:00
graviton3,simde,256,main_expr,18,"expr_double/*",100.00,2.719965,2.719965,18,18,2026-10-06T12:39:41+00:00
graviton3,simde,256,main_expr,18,"expr_double//",100.00,1.028420,1.028420,18,18,2026-10-06T12:39:41+00:00
graviton3,simde,256,main_expr,18,"expr_decimal/+",100.00,1.629039,1.629039,18,18,2026-10-06T12:39:41+00:00
graviton3,simde,256,main_expr,18,"expr_decimal/-",100.00,1.875072,1.875072,18,18,2026-10-06T12:39:41+00:00
graviton3,simde,256,main_expr,18,"expr_decimal/*",100.00,0.243717,0.243717,18,18,2026-10-06T12:39:41+00:00
graviton3,simde,256,main_expr,18,"expr_decimal//",100.00,0.195195,0.195195,18,18,2026-10-06T12:39:41+00:00
graviton3,simde,256,main_gather,19,"gather_byte",100.00,0.142568,0.142568,19,19,2026-10-06T12:39:54+00:00
graviton3,simde,256,main_gather,19,"gather_short",100.00,0.132286,0.132286,19,19,2026-10-06T12:39:54+00:00
graviton3,simde,256,main_gather,19,"gather_int",100.00,0.147529,0.147529,19,19,2026-10-06T12:39:54+00:00
graviton3,simde,256,main_gather,19,"gather_long",100.00,0.131861,0.131861,19,19,2026-10-06T12:39:54+00:00
graviton3,simde,256,main_gather,19,"gather_char",100.00,0.026572,0.026572,19,19,2026-10-06T12:39:54+00:00
graviton3,simde,256,main_gather,19,"gather_encoded",100.00,0.123818,0.123818,19,19,2026-10-06T12:39:54+00:00
graviton3,simde,256,main_gather,19,"copy_encoded",100.00,1.914832,1.914832,19,19,2026-10-06T12:39:54+00:00
graviton3,simde,128,main_hash,18,"jenkins_hash",100.00,0.017209,0.017209,19,19,2026-10-06T12:42:55+00:00
graviton3,simde,128,main_hash,18,"fnv_hash",100.00,0.025111,0.025111,19,19,2026-10-06T12:42:55+00:00
graviton3,simde,128,main_hash,18,"murmur_hash",100.00,0.057272,0.057272,19,19,2026-10-06T12:42:55+00:00
graviton3,simde,256,main_hash,19,"jenkins_hash",100.00,0.018664,0.018664,19,19,2026-10-06T12:43:19+00:00
graviton3,simde,256,main_hash,19,"fnv_hash",100.00,0.026455,0.026455,19,19,2026-10-06T12:43:19+00:00
graviton3,simde,256,main_hash,19,"murmur_hash",100.00,0.058385,0.058385,19,19,2026-10-06T12:43:19+00:00
graviton3,simde,128,main_filter,19,"filter_byte_eq",100.00,0.063438,0.063438,19,19,2026-10-06T12:43:44+00:00
graviton3,simde,128,main_filter,19,"filter_byte_lt",100.00,0.037933,0.037933,19,19,2026-10-06T12:43:44+00:00
graviton3,simde,128,main_filter,19,"filter_byte_gt",100.00,0.038548,0.038548,19,19,2026-10-06T12:43:44+00:00
graviton3,simde,128,main_filter,19,"filter_byte_ne",100.00,0.032139,0.032139,19,19,2026-10-06T12:43:44+00:00
graviton3,simde,128,main_filter,19,"filter_byte_le",100.00,0.038339,0.038339,19,19,2026-10-06T12:43:44+00:00
graviton3,simde,128,main_filter,19,"filter_byte_ge",100.00,0.038341,0.038341,19,19,2026-10-06T12:43:44+00:00
graviton3,simde,128,main_filter,19,"filter_short_eq",100.00,0.042153,0.042153,19,19,2026-10-06T12:43:44+00:00
graviton3,simde,128,main_filter,19,"filter_short_lt",100.00,0.031196,0.031196,19,19,2026-10-06T12:43:44+00:00
graviton3,simde,128,main_filter,19,"filter_short_gt",100.00,0.031502,0.031502,19,19,2026-10-06T12:43:44+00:00
graviton3,simde,128,main_filter,19,"filter_short_ne",100.00,0.028170,0.028170,19,19,2026-10-06T12:43:44+00:00
graviton3,simde,128,main_filter,19,"filter_short_le",100.00,0.031520,0.031520,19,19,2026-10-06T12:43:44+00:00
graviton3,simde,128,main_filter,19,"filter_short_ge",100.00,0.031023,0.031023,19,19,2026-10-06T12:43:44+00:00
graviton3,simde,128,main_filter,19,"filter_int_eq",100.00,0.038983,0.038983,19,19,2026-10-06T12:43:44+00:00
graviton3,simde,128,main_filter,19,"filter_int_lt",100.00,0.030595,0.030595,19,19,2026-10-06T12:43:44+00:00
graviton3,simde,128,main_filter,19,"filter_int_gt",100.00,0.030362,0.030362,19,19,2026-10-06T12:43:44+00:00
graviton3,simde,128,main_filter,19,"filter_int_ne",100.00,0.027270,0.027270,19,19,2026-10-06T12:43:44+00:00
graviton3,simde,128,main_filter,19,"filter_int_le",100.00,0.030140,0.030140,19,19,2026-10-06T12:43:44+00:00
graviton3,simde,128,main_filter,19,"filter_int_ge",100.00,0.029638,0.029638,19,19,2026-10-06T12:43:44+00:00
graviton3,simde,128,main_filter,19,"filter_long_eq",100.00,0.036220,0.036220,19,19,2026-10-06T12:43:44+00:00
graviton3,simde,128,main_filter,19,"filter_long_lt",100.00,0.031056,0.031056,19,19,2026-10-06T12:43:44+00:00
graviton3,simde,128,main_filter,19,"filter_long_gt",100.00,0.030901,0.030901,19,19,2026-10-06T12:43:44+00:00
graviton3,simde,128,main_filter,19,"filter_long_ne",100.00,0.027227,0.027227,19,19,2026-10-06T12:43:44+00:00
graviton3,simde,128,main_filter,19,"filter_long_le",100.00,0.030862,0.030862,19,19,2026-10-06T12:43:44+00:00
graviton3,simde,128,main_filter,19,"filter_long_ge",100.00,0.031026,0.031026,19,19,2026-10-06T12:43:44+00:00
graviton3,simde,128,main_filter,19,"filter_float_eq",100.00,0.039723,0.039723,19,19,2026-10-06T12:43:44+00:00
graviton3,simde,128,main_filter,19,"filter_float_lt",100.00,0.031871,0.031871,19,19,2026-10-06T12:43:44+00:00
graviton3,simde,128,main_filter,19,"filter_float_gt",100.00,0.032045,0.032045,19,19,2026-10-06T12:43:44+00:00
graviton3,simde,128,main_filter,19,"filter_float_ne",100.00,0.027259,0.027259,19,19,2026-10-06T12:43:44+00:00
graviton3,simde,128,main_filter,19,"filter_float_le",100.00,0.031974,0.031974,19,19,2026-10-06T12:43:44+00:00
graviton3,simde,128,main_filter,19,"filter_float_ge",100.00,0.031925,0.031925,19,19,2026-10-06T12:43:44+00:00
graviton3,simde,128,main_filter,19,"filter_double_eq",100.00,0.036330,0.036330,19,19,2026-10-06T12:43:44+00:00
graviton3,simde,128,main_filter,19,"filter_double_lt",100.00,0.031708,0.031708,19,19,2026-10-06T12:43:44+00:00
graviton3,simde,128,main_filter,19,"filter_double_gt",100.00,0.031411,0.031411,19,19,2026-10-06T12:43:44+00:00
graviton3,simde,128,main_filter,19,"filter_double_ne",100.00,0.027593,0.027593,19,19,2026-10-06T12:43:44+00:00
graviton3,simde,128,main_filter,19,"filter_double_le",100.00,0.031251,0.031251,19,19,2026-10-06T12:43:44+00:00
graviton3,simde,128,main_filter,19,"filter_double_ge",100.00,0.031639,0.031639,19,19,2026-10-06T12:43:44+00:00
graviton3,simde,128,main_filter,19,"filter_char_eq",100.00,0.032872,0.032872,19,19,2026-10-06T12:43:44+00:00
graviton3,simde,128,main_filter,19,"filter_char_lt",100.00,0.023428,0.023428,19,19,2026-10-06T12:43:44+00:00
graviton3,simde,128,main_filter,19,"filter_char_gt",100.00,0.023358,0.023358,19,19,2026-10-06T12:43:44+00:00
graviton3,simde,128,main_filter,19,"filter_char_ne",100.00,0.029970,0.029970,19,19,2026-10-06T12:43:44+00:00
graviton3,simde,128,main_filter,19,"filter_char_le",100.00,0.023637,0.023637,19,19,2026-10-06T12:43:44+00:00
graviton3,simde,128,main_filter,19,"filter_char_ge",100.00,0.023624,0.023624,19,19,2026-10-06T12:43:44+00:00
graviton3,simde,256,main_filter,19,"filter_byte_eq",100.00,0.054286,0.054286,19,19,2026-10-06T12:44:09+00:00
graviton3,simde,256,main_filter,19,"filter_byte_lt",100.00,0.037786,0.037786,19,19,2026-10-06T12:44:09+00:00
graviton3,simde,256,main_filter,19,"filter_byte_gt",100.00,0.038228,0.038228,19,19,2026-10-06T12:44:09+00:00
graviton3,simde,256,main_filter,19,"filter_byte_ne",100.00,0.032335,0.032335,19,19,2026-10-06T12:44:09+00:00
graviton3,simde,256,main_filter,19,"filter_byte_le",100.00,0.039486,0.039486,19,19,2026-10-06T12:44:09+00:00
graviton3,simde,256,main_filter,19,"filter_byte_ge",100.00,0.038697,0.038697,19,19,2026-10-06T12:44:09+00:00
graviton3,simde,256,main_filter,19,"filter_short_eq",100.00,0.037355,0.037355,19,19,2026-10-06T12:44:09+00:00
graviton3,simde,256,main_filter,19,"filter_short_lt",100.00,0.030139,0.030139,19,19,2026-10-06T12:44:09+00:00
graviton3,simde,256,main_filter,19,"filter_short_gt",100.00,0.030208,0.030208,19,19,2026-10-06T12:44:09+00:00
graviton3,simde,256,main_filter,19,"filter_short_ne",100.00,0.027898,0.027898,19,19,2026-10-06T12:44:09+00:00
graviton3,simde,256,main_filter,19,"filter_short_le",100.00,0.030481,0.030481,19,19,2026-10-06T12:44:09+00:00
graviton3,simde,256,main_filter,19,"filter_short_ge",100.00,0.029702,0.029702,19,19,2026-10-06T12:44:09+00:00
graviton3,simde,256,main_filter,19,"filter_int_eq",100.00,0.034052,0.034052,19,19,2026-10-06T12:44:09+00:00
graviton3,simde,256,main_filter,19,"filter_int_lt",100.00,0.029466,0.029466,19,19,2026-10-06T12:44:09+00:00
graviton3,simde,256,main_filter,19,"filter_int_gt",100.00,0.029431,0.029431,19,19,2026-10-06T12:44:09+00:00
graviton3,simde,256,main_filter,19,"filter_int_ne",100.00,0.026893,0.026893,19,19,2026-10-06T12:44:09+00:00
graviton3,simde,256,main_filter,19,"filter_int_le",100.00,0.029848,0.029848,19,19,2026-10-06T12:44:09+00:00
graviton3,simde,256,main_filter,19,"filter_int_ge",100.00,0.029335,0.029335,19,19,2026-10-06T12:44:09+00:00
graviton3,simde,256,main_filter,19,"filter_long_eq",100.00,0.033908,0.033908,19,19,2026-10-06T12:44:09+00:00
graviton3,simde,256,main_filter,19,"filter_long_lt",100.00,0.029525,0.029525,19,19,2026-10-06T12:44:09+00:00
graviton3,simde,256,main_filter,19,"filter_long_gt",100.00,0.029244,0.029244,19,19,2026-10-06T12:44:09+00:00
graviton3,simde,256,main_filter,19,"filter_long_ne",100.00,0.025932,0.025932,19,19,2026-10-06T12:44:09+00:00
graviton3,simde,256,main_filter,19,"filter_long_le",100.00,0.030090,0.030090,19,19,2026-10-06T12:44:09+00:00
graviton3,simde,256,main_filter,19,"filter_long_ge",100.00,0.029455,0.029455,19,19,2026-10-06T12:44:09+00:00
graviton3,simde,256,main_filter,19,"filter_float_eq",100.00,0.035558,0.035558,19,19,2026-10-06T12:44:09+00:00
graviton3,simde,256,main_filter,19,"filter_float_lt",100.00,0.029553,0.029553,19,19,2026-10-06T12:44:09+00:00
graviton3,simde,256,main_filter,19,"filter_float_gt",100.00,0.029371,0.029371,19,19,2026-10-06T12:44:09+00:00
graviton3,simde,256,main_filter,19,"filter_float_ne",100.00,0.027642,0.027642,19,19,2026-10-06T12:44:09+00:00
graviton3,simde,256,main_filter,19,"filter_float_le",100.00,0.029714,0.029714,19,19,2026-10-06T12:44:09+00:00
graviton3,simde,256,main_filter,19,"filter_float_ge",100.00,0.029423,0.029423,19,19,2026-10-06T12:44:09+00:00
graviton3,simde,256,main_filter,19,"filter_double_eq",100.00,0.032456,0.032456,19,19,2026-10-06T12:44:09+00:00
graviton3,simde,256,main_filter,19,"filter_double_lt",100.00,0.028792,0.028792,19,19,2026-10-06T12:44:09+00:00
graviton3,simde,256,main_filter,19,"filter_double_gt",100.00,0.028630,0.028630,19,19,2026-10-06T12:44:09+00:00
graviton3,simde,256,main_filter,19,"filter_double_ne",100.00,0.025773,0.025773,19,19,2026-10-06T12:44:09+00:00
graviton3,simde,256,main_filter,19,"filter_double_le",100.00,0.028627,0.028627,19,19,2026-10-06T12:44:09+00:00
graviton3,simde,256,main_filter,19,"filter_double_ge",100.00,0.028573,0.028573,19,19,2026-10-06T12:44:09+00:00
graviton3,simde,256,main_filter,19,"filter_char_eq",100.00,0.029792,0.029792,19,19,2026-10-06T12:44:09+00:00
graviton3,simde,256,main_filter,19,"filter_char_lt",100.00,0.020224,0.020224,19,19,2026-10-06T12:44:09+00:00
graviton3,simde,256,main_filter,19,"filter_char_gt",100.00,0.020487,0.020487,19,19,2026-10-06T12:44:09+00:00
graviton3,simde,256,main_filter,19,"filter_char_ne",100.00,0.028092,0.028092,19,19,2026-10-06T12:44:09+00:00
graviton3,simde,256,main_filter,19,"filter_char_le",100.00,0.020757,0.020757,19,19,2026-10-06T12:44:09+00:00
graviton3,simde,256,main_filter,19,"filter_char_ge",100.00,0.020860,0.020860,19,19,2026-10-06T12:44:09+00:00
graviton3,simde,256,main_expr,19,"expr_float/+",100.00,4.581752,4.581752,19,19,2026-10-06T12:45:16+00:00
graviton3,simde,256,main_expr,19,"expr_float/-",100.00,5.507347,5.507347,19,19,2026-10-06T12:45:16+00:00
graviton3,simde,256,main_expr,19,"expr_float/*",100.00,5.808158,5.808158,19,19,2026-10-06T12:45:16+00:00
graviton3,simde,256,main_expr,19,"expr_float//",100.00,3.421346,3.421346,19,19,2026-10-06T12:45:16+00:00
graviton3,simde,256,main_expr,19,"expr_double/+",100.00,2.261554,2.261554,19,19,2026-10-06T12:45:16+00:00
graviton3,simde,256,main_expr,19,"expr_double/-",100.00,2.735223,2.735223,19,19,2026-10-06T12:45:16+00:00
graviton3,simde,256,main_expr,19,"expr_double/*",100.00,2.860691,2.860691,19,19,2026-10-06T12:45:16+00:00
graviton3,simde,256,main_expr,19,"expr_double//",100.00,1.030091,1.030091,19,19,2026-10-06T12:45:16+00:00
graviton3,simde,256,main_expr,19,"expr_decimal/+",100.00,1.641118,1.641118,19,19,2026-10-06T12:45:16+00:00
graviton3,simde,256,main_expr,19,"expr_decimal/-",100.00,1.894409,1.894409,19,19,2026-10-06T12:45:16+00:00
graviton3,simde,256,main_expr,19,"expr_decimal/*",100.00,0.244525,0.244525,19,19,2026-10-06T12:45:16+00:00
graviton3,simde,256,main_expr,19,"expr_decimal//",100.00,0.194230,0.194230,19,19,2026-10-06T12:45:16+00:00
graviton3,simde,256,main_gather,20,"gather_byte",100.00,0.143025,0.143025,20,20,2026-10-06T12:45:29+00:00
graviton3,simde,256,main_gather,20,"gather_short",100.00,0.131480,0.131480,20,20,2026-10-06T12:45:29+00:00
graviton3,simde,256,main_gather,20,"gather_int",100.00,0.151372,0.151372,20,20,2026-10-06T12:45:29+00:00
graviton3,simde,256,main_gather,20,"gather_long",100.00,0.133365,0.133365,20,20,2026-10-06T12:45:29+00:00
graviton3,simde,256,main_gather,20,"gather_char",100.00,0.026954,0.026954,20,20,2026-10-06T12:45:29+00:00
graviton3,simde,256,main_gather,20,"gather_encoded",100.00,0.120791,0.120791,20,20,2026-10-06T12:45:29+00:00
graviton3,simde,256,main_gather,20,"copy_encoded",100.00,1.915949,1.915949,20,20,2026-10-06T12:45:29+00:00
graviton3,simde,128,main_hash,19,"jenkins_hash",100.00,0.017210,0.017210,20,20,2026-10-06T12:48:29+00:00
graviton3,simde,128,main_hash,19,"fnv_hash",100.00,0.025157,0.025157,20,20,2026-10-06T12:48:29+00:00
graviton3,simde,128,main_hash,19,"murmur_hash",100.00,0.052212,0.052212,20,20,2026-10-06T12:48:29+00:00
graviton3,simde,128,main_filter,20,"filter_byte_eq",100.00,0.064238,0.064238,20,20,2026-10-06T12:48:54+00:00
graviton3,simde,128,main_filter,20,"filter_byte_lt",100.00,0.038554,0.038554,20,20,2026-10-06T12:48:54+00:00
graviton3,simde,128,main_filter,20,"filter_byte_gt",100.00,0.038906,0.038906,20,20,2026-10-06T12:48:54+00:00
graviton3,simde,128,main_filter,20,"filter_byte_ne",100.00,0.032175,0.032175,20,20,2026-10-06T12:48:54+00:00
graviton3,simde,128,main_filter,20,"filter_byte_le",100.00,0.039198,0.039198,20,20,2026-10-06T12:48:54+00:00
graviton3,simde,128,main_filter,20,"filter_byte_ge",100.00,0.040127,0.040127,20,20,2026-10-06T12:48:54+00:00
graviton3,simde,128,main_filter,20,"filter_short_eq",100.00,0.043603,0.043603,20,20,2026-10-06T12:48:54+00:00
graviton3,simde,128,main_filter,20,"filter_short_lt",100.00,0.031595,0.031595,20,20,2026-10-06T12:48:54+00:00
graviton3,simde,128,main_filter,20,"filter_short_gt",100.00,0.031814,0.031814,20,20,2026-10-06T12:48:54+00:00
graviton3,simde,128,main_filter,20,"filter_short_ne",100.00,0.028635,0.028635,20,20,2026-10-06T12:48:54+00:00
graviton3,simde,128,main_filter,20,"filter_short_le",100.00,0.031700,0.031700,20,20,2026-10-06T12:48:54+00:00
graviton3,simde,128,main_filter,20,"filter_short_ge",100.00,0.030931,0.030931,20,20,2026-10-06T12:48:54+00:00
graviton3,simde,128,main_filter,20,"filter_int_eq",100.00,0.040453,0.040453,20,20,2026-10-06T12:48:54+00:00
graviton3,simde,128,main_filter,20,"filter_int_lt",100.00,0.031522,0.031522,20,20,2026-10-06T12:48:54+00:00
graviton3,simde,128,main_filter,20,"filter_int_gt",100.00,0.031318,0.031318,20,20,2026-10-06T12:48:54+00:00
graviton3,simde,128,main_filter,20,"filter_int_ne",100.00,0.028341,0.028341,20,20,2026-10-06T12:48:54+00:00
graviton3,simde,128,main_filter,20,"filter_int_le",100.00,0.031641,0.031641,20,20,2026-10-06T12:48:54+00:00
graviton3,simde,128,main_filter,20,"filter_int_ge",100.00,0.031050,0.031050,20,20,2026-10-06T12:48:54+00:00
graviton3,simde,128,main_filter,20,"filter_long_eq",100.00,0.036606,0.036606,20,20,2026-10-06T12:48:54+00:00
graviton3,simde,128,main_filter,20,"filter_long_lt",100.00,0.031164,0.031164,20,20,2026-10-06T12:48:54+00:00
graviton3,simde,128,main_filter,20,"filter_long_gt",100.00,0.031158,0.031158,20,20,2026-10-06T12:48:54+00:00
graviton3,simde,128,main_filter,20,"filter_long_ne",100.00,0.027443,0.027443,20,20,2026-10-06T12:48:54+00:00
graviton3,simde,128,main_filter,20,"filter_long_le",100.00,0.031133,0.031133,20,20,2026-10-06T12:48:54+00:00
graviton3,simde,128,main_filter,20,"filter_long_ge",100.00,0.031083,0.031083,20,20,2026-10-06T12:48:54+00:00
graviton3,simde,128,main_filter,20,"filter_float_eq",100.00,0.040079,0.040079,20,20,2026-10-06T12:48:54+00:00
graviton3,simde,128,main_filter,20,"filter_float_lt",100.00,0.032238,0.032238,20,20,2026-10-06T12:48:54+00:00
graviton3,simde,128,main_filter,20,"filter_float_gt",100.00,0.032231,0.032231,20,20,2026-10-06T12:48:54+00:00
graviton3,simde,128,main_filter,20,"filter_float_ne",100.00,0.027548,0.027548,20,20,2026-10-06T12:48:54+00:00
graviton3,simde,128,main_filter,20,"filter_float_le",100.00,0.031673,0.031673,20,20,2026-10-06T12:48:54+00:00
graviton3,simde,128,main_filter,20,"filter_float_ge",100.00,0.032204,0.032204,20,20,2026-10-06T12:48:54+00:00
graviton3,simde,128,main_filter,20,"filter_double_eq",100.00,0.035988,0.035988,20,20,2026-10-06T12:48:54+00:00
graviton3,simde,128,main_filter,20,"filter_double_lt",100.00,0.031356,0.031356,20,20,2026-10-06T12:48:54+00:00
graviton3,simde,128,main_filter,20,"filter_double_gt",100.00,0.031461,0.031461,20,20,2026-10-06T12:48:54+00:00
graviton3,simde,128,main_filter,20,"filter_double_ne",100.00,0.027165,0.027165,20,20,2026-10-06T12:48:54+00:00
graviton3,simde,128,main_filter,20,"filter_double_le",100.00,0.030592,0.030592,20,20,2026-10-06T12:48:54+00:00
graviton3,simde,128,main_filter,20,"filter_double_ge",100.00,0.031118,0.031118,20,20,2026-10-06T12:48:54+00:00
graviton3,simde,128,main_filter,20,"filter_char_eq",100.00,0.033368,0.033368,20,20,2026-10-06T12:48:54+00:00
graviton3,simde,128,main_filter,20,"filter_char_lt",100.00,0.023785,0.023785,20,20,2026-10-06T12:48:54+00:00
graviton3,simde,128,main_filter,20,"filter_char_gt",100.00,0.023701,0.023701,20,20,2026-10-06T12:48:54+00:00
graviton3,simde,128,main_filter,20,"filter_char_ne",100.00,0.030659,0.030659,20,20,2026-10-06T12:48:54+00:00
graviton3,simde,128,main_filter,20,"filter_char_le",100.00,0.024097,0.024097,20,20,2026-10-06T12:48:54+00:00
graviton3,simde,128,main_filter,20,"filter_char_ge",100.00,0.024037,0.024037,20,20,2026-10-06T12:48:54+00:00
graviton3,simde,256,main_filter,20,"filter_byte_eq",100.00,0.059773,0.059773,20,20,2026-10-06T12:49:18+00:00
graviton3,simde,256,main_filter,20,"filter_byte_lt",100.00,0.041609,0.041609,20,20,2026-10-06T12:49:18+00:00
graviton3,simde,256,main_filter,20,"filter_byte_gt",100.00,0.041308,0.041308,20,20,2026-10-06T12:49:18+00:00
graviton3,simde,256,main_filter,20,"filter_byte_ne",100.00,0.032823,0.032823,20,20,2026-10-06T12:49:18+00:00
graviton3,simde,256,main_filter,20,"filter_byte_le",100.00,0.040574,0.040574,20,20,2026-10-06T12:49:18+00:00
graviton3,simde,256,main_filter,20,"filter_byte_ge",100.00,0.040527,0.040527,20,20,2026-10-06T12:49:18+00:00
graviton3,simde,256,main_filter,20,"filter_short_eq",100.00,0.039959,0.039959,20,20,2026-10-06T12:49:18+00:00
graviton3,simde,256,main_filter,20,"filter_short_lt",100.00,0.031246,0.031246,20,20,2026-10-06T12:49:18+00:00
graviton3,simde,256,main_filter,20,"filter_short_gt",100.00,0.031472,0.031472,20,20,2026-10-06T12:49:18+00:00
graviton3,simde,256,main_filter,20,"filter_short_ne",100.00,0.029370,0.029370,20,20,2026-10-06T12:49:18+00:00
graviton3,simde,256,main_filter,20,"filter_short_le",100.00,0.032524,0.032524,20,20,2026-10-06T12:49:18+00:00
graviton3,simde,256,main_filter,20,"filter_short_ge",100.00,0.031531,0.031531,20,20,2026-10-06T12:49:18+00:00
graviton3,simde,256,main_filter,20,"filter_int_eq",100.00,0.036954,0.036954,20,20,2026-10-06T12:49:18+00:00
graviton3,simde,256,main_filter,20,"filter_int_lt",100.00,0.030849,0.030849,20,20,2026-10-06T12:49:18+00:00
graviton3,simde,256,main_filter,20,"filter_int_gt",100.00,0.030832,0.030832,20,20,2026-10-06T12:49:18+00:00
graviton3,simde,256,main_filter,20,"filter_int_ne",100.00,0.027641,0.027641,20,20,2026-10-06T12:49:18+00:00
graviton3,simde,256,main_filter,20,"filter_int_le",100.00,0.031372,0.031372,20,20,2026-10-06T12:49:18+00:00
graviton3,simde,256,main_filter,20,"filter_int_ge",100.00,0.030840,0.030840,20,20,2026-10-06T12:49:18+00:00
graviton3,simde,256,main_filter,20,"filter_long_eq",100.00,0.036074,0.036074,20,20,2026-10-06T12:49:18+00:00
graviton3,simde,256,main_filter,20,"filter_long_lt",100.00,0.030908,0.030908,20,20,2026-10-06T12:49:18+00:00
graviton3,simde,256,main_filter,20,"filter_long_gt",100.00,0.030733,0.030733,20,20,2026-10-06T12:49:18+00:00
graviton3,simde,256,main_filter,20,"filter_long_ne",100.00,0.027055,0.027055,20,20,2026-10-06T12:49:18+00:00
graviton3,simde,256,main_filter,20,"filter_long_le",100.00,0.030858,0.030858,20,20,2026-10-06T12:49:18+00:00
graviton3,simde,256,main_filter,20,"filter_long_ge",100.00,0.030497,0.030497,20,20,2026-10-06T12:49:18+00:00
graviton3,simde,256,main_filter,20,"filter_float_eq",100.00,0.037065,0.037065,20,20,2026-10-06T12:49:18+00:00
graviton3,simde,256,main_filter,20,"filter_float_lt",100.00,0.030279,0.030279,20,20,2026-10-06T12:49:18+00:00
graviton3,simde,256,main_filter,20,"filter_float_gt",100.00,0.030708,0.030708,20,20,2026-10-06T12:49:18+00:00
graviton3,simde,256,main_filter,20,"filter_float_ne",100.00,0.028414,0.028414,20,20,2026-10-06T12:49:18+00:00
graviton3,simde,256,main_filter,20,"filter_float_le",100.00,0.031001,0.031001,20,20,2026-10-06T12:49:18+00:00
graviton3,simde,256,main_filter,20,"filter_float_ge",100.00,0.030683,0.030683,20,20,2026-10-06T12:49:18+00:00
graviton3,simde,256,main_filter,20,"filter_double_eq",100.00,0.033632,0.033632,20,20,2026-10-06T12:49:18+00:00
graviton3,simde,256,main_filter,20,"filter_double_lt",100.00,0.029663,0.029663,20,20,2026-10-06T12:49:18+00:00
graviton3,simde,256,main_filter,20,"filter_double_gt",100.00,0.029381,0.029381,20,20,2026-10-06T12:49:18+00:00
graviton3,simde,256,main_filter,20,"filter_double_ne",100.00,0.026082,0.026082,20,20,2026-10-06T12:49:18+00:00
graviton3,simde,256,main_filter,20,"filter_double_le",100.00,0.029896,0.029896,20,20,2026-10-06T12:49:18+00:00
graviton3,simde,256,main_filter,20,"filter_double_ge",100.00,0.029494,0.029494,20,20,2026-10-06T12:49:18+00:00
graviton3,simde,256,main_filter,20,"filter_char_eq",100.00,0.030477,0.030477,20,20,2026-10-06T12:49:18+00:00
graviton3,simde,256,main_filter,20,"filter_char_lt",100.00,0.020637,0.020637,20,20,2026-10-06T12:49:18+00:00
graviton3,simde,256,main_filter,20,"filter_char_gt",100.00,0.020844,0.020844,20,20,2026-10-06T12:49:18+00:00
graviton3,simde,256,main_filter,20,"filter_char_ne",100.00,0.028643,0.028643,20,20,2026-10-06T12:49:18+00:00
graviton3,simde,256,main_filter,20,"filter_char_le",100.00,0.021259,0.021259,20,20,2026-10-06T12:49:18+00:00
graviton3,simde,256,main_filter,20,"filter_char_ge",100.00,0.021218,0.021218,20,20,2026-10-06T12:49:18+00:00
graviton3,simde,256,main_expr,20,"expr_float/+",100.00,4.742821,4.742821,20,20,2026-10-06T12:50:25+00:00
graviton3,simde,256,main_expr,20,"expr_float/-",100.00,5.868718,5.868718,20,20,2026-10-06T12:50:25+00:00
graviton3,simde,256,main_expr,20,"expr_float/*",100.00,6.068502,6.068502,20,20,2026-10-06T12:50:25+00:00
graviton3,simde,256,main_expr,20,"expr_float//",100.00,3.418634,3.418634,20,20,2026-10-06T12:50:25+00:00
graviton3,simde,256,main_expr,20,"expr_double/+",100.00,2.302199,2.302199,20,20,2026-10-06T12:50:25+00:00
graviton3,simde,256,main_expr,20,"expr_double/-",100.00,2.802671,2.802671,20,20,2026-10-06T12:50:25+00:00
graviton3,simde,256,main_expr,20,"expr_double/*",100.00,2.881902,2.881902,20,20,2026-10-06T12:50:25+00:00
graviton3,simde,256,main_expr,20,"expr_double//",100.00,1.030566,1.030566,20,20,2026-10-06T12:50:25+00:00
graviton3,simde,256,main_expr,20,"expr_decimal/+",100.00,1.638267,1.638267,20,20,2026-10-06T12:50:25+00:00
graviton3,simde,256,main_expr,20,"expr_decimal/-",100.00,1.889090,1.889090,20,20,2026-10-06T12:50:25+00:00
graviton3,simde,256,main_expr,20,"expr_decimal/*",100.00,0.243824,0.243824,20,20,2026-10-06T12:50:25+00:00
graviton3,simde,256,main_expr,20,"expr_decimal//",100.00,0.195222,0.195222,20,20,2026-10-06T12:50:25+00:00
graviton3,simde,256,main_gather,21,"gather_byte",100.00,0.149073,0.149073,21,21,2026-10-06T12:50:37+00:00
graviton3,simde,256,main_gather,21,"gather_short",100.00,0.132213,0.132213,21,21,2026-10-06T12:50:37+00:00
graviton3,simde,256,main_gather,21,"gather_int",100.00,0.149216,0.149216,21,21,2026-10-06T12:50:37+00:00
graviton3,simde,256,main_gather,21,"gather_long",100.00,0.132763,0.132763,21,21,2026-10-06T12:50:37+00:00
graviton3,simde,256,main_gather,21,"gather_char",100.00,0.027759,0.027759,21,21,2026-10-06T12:50:37+00:00
graviton3,simde,256,main_gather,21,"gather_encoded",100.00,0.126314,0.126314,21,21,2026-10-06T12:50:37+00:00
graviton3,simde,256,main_gather,21,"copy_encoded",100.00,1.917473,1.917473,21,21,2026-10-06T12:50:37+00:00
graviton3,simde,128,main_hash,20,"jenkins_hash",100.00,0.017220,0.017220,21,21,2026-10-06T12:53:38+00:00
graviton3,simde,128,main_hash,20,"fnv_hash",100.00,0.025140,0.025140,21,21,2026-10-06T12:53:38+00:00
graviton3,simde,128,main_hash,20,"murmur_hash",100.00,0.052099,0.052099,21,21,2026-10-06T12:53:38+00:00
graviton3,simde,128,main_filter,21,"filter_byte_eq",100.00,0.061397,0.061397,21,21,2026-10-06T12:54:03+00:00
graviton3,simde,128,main_filter,21,"filter_byte_lt",100.00,0.038933,0.038933,21,21,2026-10-06T12:54:03+00:00
graviton3,simde,128,main_filter,21,"filter_byte_gt",100.00,0.039203,0.039203,21,21,2026-10-06T12:54:03+00:00
graviton3,simde,128,main_filter,21,"filter_byte_ne",100.00,0.032008,0.032008,21,21,2026-10-06T12:54:03+00:00
graviton3,simde,128,main_filter,21,"filter_byte_le",100.00,0.039070,0.039070,21,21,2026-10-06T12:54:03+00:00
graviton3,simde,128,main_filter,21,"filter_byte_ge",100.00,0.038999,0.038999,21,21,2026-10-06T12:54:03+00:00
graviton3,simde,128,main_filter,21,"filter_short_eq",100.00,0.041097,0.041097,21,21,2026-10-06T12:54:03+00:00
graviton3,simde,128,main_filter,21,"filter_short_lt",100.00,0.031218,0.031218,21,21,2026-10-06T12:54:03+00:00
graviton3,simde,128,main_filter,21,"filter_short_gt",100.00,0.031255,0.031255,21,21,2026-10-06T12:54:03+00:00
graviton3,simde,128,main_filter,21,"filter_short_ne",100.00,0.027912,0.027912,21,21,2026-10-06T12:54:03+00:00
graviton3,simde,128,main_filter,21,"filter_short_le",100.00,0.031522,0.031522,21,21,2026-10-06T12:54:03+00:00
graviton3,simde,128,main_filter,21,"filter_short_ge",100.00,0.031326,0.031326,21,21,2026-10-06T12:54:03+00:00
graviton3,simde,128,main_filter,21,"filter_int_eq",100.00,0.039899,0.039899,21,21,2026-10-06T12:54:03+00:00
graviton3,simde,128,main_filter,21,"filter_int_lt",100.00,0.031442,0.031442,21,21,2026-10-06T12:54:03+00:00
graviton3,simde,128,main_filter,21,"filter_int_gt",100.00,0.031331,0.031331,21,21,2026-10-06T12:54:03+00:00
graviton3,simde,128,main_filter,21,"filter_int_ne",100.00,0.028060,0.028060,21,21,2026-10-06T12:54:03+00:00
graviton3,simde,128,main_filter,21,"filter_int_le",100.00,0.031284,0.031284,21,21,2026-10-06T12:54:03+00:00
graviton3,simde,128,main_filter,21,"filter_int_ge",100.00,0.030987,0.030987,21,21,2026-10-06T12:54:03+00:00
graviton3,simde,128,main_filter,21,"filter_long_eq",100.00,0.037567,0.037567,21,21,2026-10-06T12:54:03+00:00
graviton3,simde,128,main_filter,21,"filter_long_lt",100.00,0.031833,0.031833,21,21,2026-10-06T12:54:03+00:00
graviton3,simde,128,main_filter,21,"filter_long_gt",100.00,0.031878,0.031878,21,21,2026-10-06T12:54:03+00:00
graviton3,simde,128,main_filter,21,"filter_long_ne",100.00,0.027744,0.027744,21,21,2026-10-06T12:54:03+00:00
graviton3,simde,128,main_filter,21,"filter_long_le",100.00,0.031741,0.031741,21,21,2026-10-06T12:54:03+00:00
graviton3,simde,128,main_filter,21,"filter_long_ge",100.00,0.031575,0.031575,21,21,2026-10-06T12:54:03+00:00
graviton3,simde,128,main_filter,21,"filter_float_eq",100.00,0.040777,0.040777,21,21,2026-10-06T12:54:03+00:00
graviton3,simde,128,main_filter,21,"filter_float_lt",100.00,0.032514,0.032514,21,21,2026-10-06T12:54:03+00:00
graviton3,simde,128,main_filter,21,"filter_float_gt",100.00,0.032588,0.032588,21,21,2026-10-06T12:54:03+00:00
graviton3,simde,128,main_filter,21,"filter_float_ne",100.00,0.028044,0.028044,21,21,2026-10-06T12:54:03+00:00
graviton3,simde,128,main_filter,21,"filter_float_le",100.00,0.032404,0.032404,21,21,2026-10-06T12:54:03+00:00
graviton3,simde,128,main_filter,21,"filter_float_ge",100.00,0.032305,0.032305,21,21,2026-10-06T12:54:03+00:00
graviton3,simde,128,main_filter,21,"filter_double_eq",100.00,0.035438,0.035438,21,21,2026-10-06T12:54:03+00:00
graviton3,simde,128,main_filter,21,"filter_double_lt",100.00,0.031044,0.031044,21,21,2026-10-06T12:54:03+00:00
graviton3,simde,128,main_filter,21,"filter_double_gt",100.00,0.030818,0.030818,21,21,2026-10-06T12:54:03+00:00
graviton3,simde,128,main_filter,21,"filter_double_ne",100.00,0.026708,0.026708,21,21,2026-10-06T12:54:03+00:00
graviton3,simde,128,main_filter,21,"filter_double_le",100.00,0.030679,0.030679,21,21,2026-10-06T12:54:03+00:00
graviton3,simde,128,main_filter,21,"filter_double_ge",100.00,0.030995,0.030995,21,21,2026-10-06T12:54:03+00:00
graviton3,simde,128,main_filter,21,"filter_char_eq",100.00,0.032741,0.032741,21,21,2026-10-06T12:54:03+00:00
graviton3,simde,128,main_filter,21,"filter_char_lt",100.00,0.023414,0.023414,21,21,2026-10-06T12:54:03+00:00
graviton3,simde,128,main_filter,21,"filter_char_gt",100.00,0.023424,0.023424,21,21,2026-10-06T12:54:03+00:00
graviton3,simde,128,main_filter,21,"filter_char_ne",100.00,0.030155,0.030155,21,21,2026-10-06T12:54:03+00:00
graviton3,simde,128,main_filter,21,"filter_char_le",100.00,0.023883,0.023883,21,21,2026-10-06T12:54:03+00:00
graviton3,simde,128,main_filter,21,"filter_char_ge",100.00,0.023744,0.023744,21,21,2026-10-06T12:54:03+00:00
graviton3,simde,256,main_filter,21,"filter_byte_eq",100.00,0.054328,0.054328,21,21,2026-10-06T12:54:27+00:00
graviton3,simde,256,main_filter,21,"filter_byte_lt",100.00,0.037483,0.037483,21,21,2026-10-06T12:54:27+00:00
graviton3,simde,256,main_filter,21,"filter_byte_gt",100.00,0.038584,0.038584,21,21,2026-10-06T12:54:27+00:00
graviton3,simde,256,main_filter,21,"filter_byte_ne",100.00,0.032141,0.032141,21,21,2026-10-06T12:54:27+00:00
graviton3,simde,256,main_filter,21,"filter_byte_le",100.00,0.037749,0.037749,21,21,2026-10-06T12:54:27+00:00
graviton3,simde,256,main_filter,21,"filter_byte_ge",100.00,0.037961,0.037961,21,21,2026-10-06T12:54:27+00:00
graviton3,simde,256,main_filter,21,"filter_short_eq",100.00,0.038119,0.038119,21,21,2026-10-06T12:54:27+00:00
graviton3,simde,256,main_filter,21,"filter_short_lt",100.00,0.031096,0.031096,21,21,2026-10-06T12:54:27+00:00
graviton3,simde,256,main_filter,21,"filter_short_gt",100.00,0.031128,0.031128,21,21,2026-10-06T12:54:27+00:00
graviton3,simde,256,main_filter,21,"filter_short_ne",100.00,0.028154,0.028154,21,21,2026-10-06T12:54:27+00:00
graviton3,simde,256,main_filter,21,"filter_short_le",100.00,0.030778,0.030778,21,21,2026-10-06T12:54:27+00:00
graviton3,simde,256,main_filter,21,"filter_short_ge",100.00,0.031078,0.031078,21,21,2026-10-06T12:54:27+00:00
graviton3,simde,256,main_filter,21,"filter_int_eq",100.00,0.034643,0.034643,21,21,2026-10-06T12:54:27+00:00
graviton3,simde,256,main_filter,21,"filter_int_lt",100.00,0.030564,0.030564,21,21,2026-10-06T12:54:27+00:00
graviton3,simde,256,main_filter,21,"filter_int_gt",100.00,0.029893,0.029893,21,21,2026-10-06T12:54:27+00:00
graviton3,simde,256,main_filter,21,"filter_int_ne",100.00,0.027386,0.027386,21,21,2026-10-06T12:54:27+00:00
graviton3,simde,256,main_filter,21,"filter_int_le",100.00,0.030079,0.030079,21,21,2026-10-06T12:54:27+00:00
graviton3,simde,256,main_filter,21,"filter_int_ge",100.00,0.029880,0.029880,21,21,2026-10-06T12:54:27+00:00
graviton3,simde,256,main_filter,21,"filter_long_eq",100.00,0.034941,0.034941,21,21,2026-10-06T12:54:27+00:00
graviton3,simde,256,main_filter,21,"filter_long_lt",100.00,0.030126,0.030126,21,21,2026-10-06T12:54:27+00:00
graviton3,simde,256,main_filter,21,"filter_long_gt",100.00,0.029912,0.029912,21,21,2026-10-06T12:54:27+00:00
graviton3,simde,256,main_filter,21,"filter_long_ne",100.00,0.026629,0.026629,21,21,2026-10-06T12:54:27+00:00
graviton3,simde,256,main_filter,21,"filter_long_le",100.00,0.030528,0.030528,21,21,2026-10-06T12:54:27+00:00
graviton3,simde,256,main_filter,21,"filter_long_ge",100.00,0.029573,0.029573,21,21,2026-10-06T12:54:27+00:00
graviton3,simde,256,main_filter,21,"filter_float_eq",100.00,0.038021,0.038021,21,21,2026-10-06T12:54:27+00:00
graviton3,simde,256,main_filter,21,"filter_float_lt",100.00,0.030910,0.030910,21,21,2026-10-06T12:54:27+00:00
graviton3,simde,256,main_filter,21,"filter_float_gt",100.00,0.030648,0.030648,21,21,2026-10-06T12:54:27+00:00
graviton3,simde,256,main_filter,21,"filter_float_ne",100.00,0.028861,0.028861,21,21,2026-10-06T12:54:27+00:00
graviton3,simde,256,main_filter,21,"filter_float_le",100.00,0.030596,0.030596,21,21,2026-10-06T12:54:27+00:00
graviton3,simde,256,main_filter,21,"filter_float_ge",100.00,0.030620,0.030620,21,21,2026-10-06T12:54:27+00:00
graviton3,simde,256,main_filter,21,"filter_double_eq",100.00,0.032705,0.032705,21,21,2026-10-06T12:54:27+00:00
graviton3,simde,256,main_filter,21,"filter_double_lt",100.00,0.028640,0.028640,21,21,2026-10-06T12:54:27+00:00
graviton3,simde,256,main_filter,21,"filter_double_gt",100.00,0.028664,0.028664,21,21,2026-10-06T12:54:27+00:00
graviton3,simde,256,main_filter,21,"filter_double_ne",100.00,0.025725,0.025725,21,21,2026-10-06T12:54:27+00:00
graviton3,simde,256,main_filter,21,"filter_double_le",100.00,0.028524,0.028524,21,21,2026-10-06T12:54:27+00:00
graviton3,simde,256,main_filter,21,"filter_double_ge",100.00,0.028197,0.028197,21,21,2026-10-06T12:54:27+00:00
graviton3,simde,256,main_filter,21,"filter_char_eq",100.00,0.029779,0.029779,21,21,2026-10-06T12:54:27+00:00
graviton3,simde,256,main_filter,21,"filter_char_lt",100.00,0.020427,0.020427,21,21,2026-10-06T12:54:27+00:00
graviton3,simde,256,main_filter,21,"filter_char_gt",100.00,0.020514,0.020514,21,21,2026-10-06T12:54:27+00:00
graviton3,simde,256,main_filter,21,"filter_char_ne",100.00,0.027796,0.027796,21,21,2026-10-06T12:54:27+00:00
graviton3,simde,256,main_filter,21,"filter_char_le",100.00,0.020744,0.020744,21,21,2026-10-06T12:54:27+00:00
graviton3,simde,256,main_filter,21,"filter_char_ge",100.00,0.020773,0.020773,21,21,2026-10-06T12:54:27+00:00
graviton3,simde,256,main_expr,21,"expr_float/+",100.00,4.794707,4.794707,21,21,2026-10-06T12:55:34+00:00
graviton3,simde,256,main_expr,21,"expr_float/-",100.00,5.980294,5.980294,21,21,2026-10-06T12:55:34+00:00
graviton3,simde,256,main_expr,21,"expr_float/*",100.00,6.395796,6.395796,21,21,2026-10-06T12:55:34+00:00
graviton3,simde,256,main_expr,21,"expr_float//",100.00,3.427029,3.427029,21,21,2026-10-06T12:55:34+00:00
graviton3,simde,256,main_expr,21,"expr_double/+",100.00,2.332132,2.332132,21,21,2026-10-06T12:55:34+00:00
graviton3,simde,256,main_expr,21,"expr_double/-",100.00,2.883281,2.883281,21,21,2026-10-06T12:55:34+00:00
graviton3,simde,256,main_expr,21,"expr_double/*",100.00,3.004966,3.004966,21,21,2026-10-06T12:55:34+00:00
graviton3,simde,256,main_expr,21,"expr_double//",100.00,1.029980,1.029980,21,21,2026-10-06T12:55:34+00:00
graviton3,simde,256,main_expr,21,"expr_decimal/+",100.00,1.639180,1.639180,21,21,2026-10-06T12:55:34+00:00
graviton3,simde,256,main_expr,21,"expr_decimal/-",100.00,1.905694,1.905694,21,21,2026-10-06T12:55:34+00:00
graviton3,simde,256,main_expr,21,"expr_decimal/*",100.00,0.243901,0.243901,21,21,2026-10-06T12:55:34+00:00
graviton3,simde,256,main_expr,21,"expr_decimal//",100.00,0.195273,0.195273,21,21,2026-10-06T12:55:34+00:00
graviton3,simde,256,main_gather,22,"gather_byte",100.00,0.143492,0.143492,22,22,2026-10-06T12:55:47+00:00
graviton3,simde,256,main_gather,22,"gather_short",100.00,0.131282,0.131282,22,22,2026-10-06T12:55:47+00:00
graviton3,simde,256,main_gather,22,"gather_int",100.00,0.150425,0.150425,22,22,2026-10-06T12:55:47+00:00
graviton3,simde,256,main_gather,22,"gather_long",100.00,0.129053,0.129053,22,22,2026-10-06T12:55:47+00:00
graviton3,simde,256,main_gather,22,"gather_char",100.00,0.026920,0.026920,22,22,2026-10-06T12:55:47+00:00
graviton3,simde,256,main_gather,22,"gather_encoded",100.00,0.125209,0.125209,22,22,2026-10-06T12:55:47+00:00
graviton3,simde,256,main_gather,22,"copy_encoded",100.00,1.911534,1.911534,22,22,2026-10-06T12:55:47+00:00
graviton3,simde,128,main_hash,21,"jenkins_hash",100.00,0.017204,0.017204,22,22,2026-10-06T12:58:47+00:00
graviton3,simde,128,main_hash,21,"fnv_hash",100.00,0.025140,0.025140,22,22,2026-10-06T12:58:47+00:00
graviton3,simde,128,main_hash,21,"murmur_hash",100.00,0.054806,0.054806,22,22,2026-10-06T12:58:47+00:00
graviton3,simde,128,main_filter,22,"filter_byte_eq",100.00,0.066943,0.066943,22,22,2026-10-06T12:59:12+00:00
graviton3,simde,128,main_filter,22,"filter_byte_lt",100.00,0.041239,0.041239,22,22,2026-10-06T12:59:12+00:00
graviton3,simde,128,main_filter,22,"filter_byte_gt",100.00,0.041480,0.041480,22,22,2026-10-06T12:59:12+00:00
graviton3,simde,128,main_filter,22,"filter_byte_ne",100.00,0.032557,0.032557,22,22,2026-10-06T12:59:12+00:00
graviton3,simde,128,main_filter,22,"filter_byte_le",100.00,0.040349,0.040349,22,22,2026-10-06T12:59:12+00:00
graviton3,simde,128,main_filter,22,"filter_byte_ge",100.00,0.039322,0.039322,22,22,2026-10-06T12:59:12+00:00
graviton3,simde,128,main_filter,22,"filter_short_eq",100.00,0.043010,0.043010,22,22,2026-10-06T12:59:12+00:00
graviton3,simde,128,main_filter,22,"filter_short_lt",100.00,0.031124,0.031124,22,22,2026-10-06T12:59:12+00:00
graviton3,simde,128,main_filter,22,"filter_short_gt",100.00,0.031190,0.031190,22,22,2026-10-06T12:59:12+00:00
graviton3,simde,128,main_filter,22,"filter_short_ne",100.00,0.027874,0.027874,22,22,2026-10-06T12:59:12+00:00
graviton3,simde,128,main_filter,22,"filter_short_le",100.00,0.031819,0.031819,22,22,2026-10-06T12:59:12+00:00
graviton3,simde,128,main_filter,22,"filter_short_ge",100.00,0.030610,0.030610,22,22,2026-10-06T12:59:12+00:00
graviton3,simde,128,main_filter,22,"filter_int_eq",100.00,0.039247,0.039247,22,22,2026-10-06T12:59:12+00:00
graviton3,simde,128,main_filter,22,"filter_int_lt",100.00,0.030979,0.030979,22,22,2026-10-06T12:59:12+00:00
graviton3,simde,128,main_filter,22,"filter_int_gt",100.00,0.030736,0.030736,22,22,2026-10-06T12:59:12+00:00
graviton3,simde,128,main_filter,22,"filter_int_ne",100.00,0.027891,0.027891,22,22,2026-10-06T12:59:12+00:00
graviton3,simde,128,main_filter,22,"filter_int_le",100.00,0.031315,0.031315,22,22,2026-10-06T12:59:12+00:00
graviton3,simde,128,main_filter,22,"filter_int_ge",100.00,0.030905,0.030905,22,22,2026-10-06T12:59:12+00:00
graviton3,simde,128,main_filter,22,"filter_long_eq",100.00,0.037272,0.037272,22,22,2026-10-06T12:59:12+00:00
graviton3,simde,128,main_filter,22,"filter_long_lt",100.00,0.031801,0.031801,22,22,2026-10-06T12:59:12+00:00
graviton3,simde,128,main_filter,22,"filter_long_gt",100.00,0.031790,0.031790,22,22,2026-10-06T12:59:12+00:00
graviton3,simde,128,main_filter,22,"filter_long_ne",100.00,0.027889,0.027889,22,22,2026-10-06T12:59:12+00:00
graviton3,simde,128,main_filter,22,"filter_long_le",100.00,0.031534,0.031534,22,22,2026-10-06T12:59:12+00:00
graviton3,simde,128,main_filter,22,"filter_long_ge",100.00,0.031389,0.031389,22,22,2026-10-06T12:59:12+00:00
graviton3,simde,128,main_filter,22,"filter_float_eq",100.00,0.041630,0.041630,22,22,2026-10-06T12:59:12+00:00
graviton3,simde,128,main_filter,22,"filter_float_lt",100.00,0.032605,0.032605,22,22,2026-10-06T12:59:12+00:00
graviton3,simde,128,main_filter,22,"filter_float_gt",100.00,0.032675,0.032675,22,22,2026-10-06T12:59:12+00:00
graviton3,simde,128,main_filter,22,"filter_float_ne",100.00,0.027989,0.027989,22,22,2026-10-06T12:59:12+00:00
graviton3,simde,128,main_filter,22,"filter_float_le",100.00,0.032155,0.032155,22,22,2026-10-06T12:59:12+00:00
graviton3,simde,128,main_filter,22,"filter_float_ge",100.00,0.032617,0.032617,22,22,2026-10-06T12:59:12+00:00
graviton3,simde,128,main_filter,22,"filter_double_eq",100.00,0.036697,0.036697,22,22,2026-10-06T12:59:12+00:00
graviton3,simde,128,main_filter,22,"filter_double_lt",100.00,0.031952,0.031952,22,22,2026-10-06T12:59:12+00:00
graviton3,simde,128,main_filter,22,"filter_double_gt",100.00,0.031822,0.031822,22,22,2026-10-06T12:59:12+00:00
graviton3,simde,128,main_filter,22,"filter_double_ne",100.00,0.027534,0.027534,22,22,2026-10-06T12:59:12+00:00
graviton3,simde,128,main_filter,22,"filter_double_le",100.00,0.031631,0.031631,22,22,2026-10-06T12:59:12+00:00
graviton3,simde,128,main_filter,22,"filter_double_ge",100.00,0.031664,0.031664,22,22,2026-10-06T12:59:12+00:00
graviton3,simde,128,main_filter,22,"filter_char_eq",100.00,0.032888,0.032888,22,22,2026-10-06T12:59:12+00:00
graviton3,simde,128,main_filter,22,"filter_char_lt",100.00,0.023424,0.023424,22,22,2026-10-06T12:59:12+00:00
graviton3,simde,128,main_filter,22,"filter_char_gt",100.00,0.023382,0.023382,22,22,2026-10-06T12:59:12+00:00
graviton3,simde,128,main_filter,22,"filter_char_ne",100.00,0.030043,0.030043,22,22,2026-10-06T12:59:12+00:00
graviton3,simde,128,main_filter,22,"filter_char_le",100.00,0.023700,0.023700,22,22,2026-10-06T12:59:12+00:00
graviton3,simde,128,main_filter,22,"filter_char_ge",100.00,0.023750,0.023750,22,22,2026-10-06T12:59:12+00:00
graviton3,simde,256,main_filter,22,"filter_byte_eq",100.00,0.054021,0.054021,22,22,2026-10-06T12:59:36+00:00
graviton3,simde,256,main_filter,22,"filter_byte_lt",100.00,0.037655,0.037655,22,22,2026-10-06T12:59:36+00:00
graviton3,simde,256,main_filter,22,"filter_byte_gt",100.00,0.037659,0.037659,22,22,2026-10-06T12:59:36+00:00
graviton3,simde,256,main_filter,22,"filter_byte_ne",100.00,0.031702,0.031702,22,22,2026-10-06T12:59:36+00:00
graviton3,simde,256,main_filter,22,"filter_byte_le",100.00,0.037340,0.037340,22,22,2026-10-06T12:59:36+00:00
graviton3,simde,256,main_filter,22,"filter_byte_ge",100.00,0.037342,0.037342,22,22,2026-10-06T12:59:36+00:00
graviton3,simde,256,main_filter,22,"filter_short_eq",100.00,0.039208,0.039208,22,22,2026-10-06T12:59:36+00:00
graviton3,simde,256,main_filter,22,"filter_short_lt",100.00,0.031189,0.031189,22,22,2026-10-06T12:59:36+00:00
graviton3,simde,256,main_filter,22,"filter_short_gt",100.00,0.031178,0.031178,22,22,2026-10-06T12:59:36+00:00
graviton3,simde,256,main_filter,22,"filter_short_ne",100.00,0.028042,0.028042,22,22,2026-10-06T12:59:36+00:00
graviton3,simde,256,main_filter,22,"filter_short_le",100.00,0.031305,0.031305,22,22,2026-10-06T12:59:36+00:00
graviton3,simde,256,main_filter,22,"filter_short_ge",100.00,0.030720,0.030720,22,22,2026-10-06T12:59:36+00:00
graviton3,simde,256,main_filter,22,"filter_int_eq",100.00,0.036011,0.036011,22,22,2026-10-06T12:59:36+00:00
graviton3,simde,256,main_filter,22,"filter_int_lt",100.00,0.031309,0.031309,22,22,2026-10-06T12:59:36+00:00
graviton3,simde,256,main_filter,22,"filter_int_gt",100.00,0.030462,0.030462,22,22,2026-10-06T12:59:36+00:00
graviton3,simde,256,main_filter,22,"filter_int_ne",100.00,0.028013,0.028013,22,22,2026-10-06T12:59:36+00:00
graviton3,simde,256,main_filter,22,"filter_int_le",100.00,0.030771,0.030771,22,22,2026-10-06T12:59:36+00:00
graviton3,simde,256,main_filter,22,"filter_int_ge",100.00,0.030378,0.030378,22,22,2026-10-06T12:59:36+00:00
graviton3,simde,256,main_filter,22,"filter_long_eq",100.00,0.034661,0.034661,22,22,2026-10-06T12:59:36+00:00
graviton3,simde,256,main_filter,22,"filter_long_lt",100.00,0.030548,0.030548,22,22,2026-10-06T12:59:36+00:00
graviton3,simde,256,main_filter,22,"filter_long_gt",100.00,0.030158,0.030158,22,22,2026-10-06T12:59:36+00:00
graviton3,simde,256,main_filter,22,"filter_long_ne",100.00,0.026522,0.026522,22,22,2026-10-06T12:59:36+00:00
graviton3,simde,256,main_filter,22,"filter_long_le",100.00,0.029550,0.029550,22,22,2026-10-06T12:59:36+00:00
graviton3,simde,256,main_filter,22,"filter_long_ge",100.00,0.029842,0.029842,22,22,2026-10-06T12:59:36+00:00
graviton3,simde,256,main_filter,22,"filter_float_eq",100.00,0.036268,0.036268,22,22,2026-10-06T12:59:36+00:00
graviton3,simde,256,main_filter,22,"filter_float_lt",100.00,0.030168,0.030168,22,22,2026-10-06T12:59:36+00:00
graviton3,simde,256,main_filter,22,"filter_float_gt",100.00,0.029972,0.029972,22,22,2026-10-06T12:59:36+00:00
graviton3,simde,256,main_filter,22,"filter_float_ne",100.00,0.027799,0.027799,22,22,2026-10-06T12:59:36+00:00
graviton3,simde,256,main_filter,22,"filter_float_le",100.00,0.029787,0.029787,22,22,2026-10-06T12:59:36+00:00
graviton3,simde,256,main_filter,22,"filter_float_ge",100.00,0.029708,0.029708,22,22,2026-10-06T12:59:36+00:00
graviton3,simde,256,main_filter,22,"filter_double_eq",100.00,0.033716,0.033716,22,22,2026-10-06T12:59:36+00:00
graviton3,simde,256,main_filter,22,"filter_double_lt",100.00,0.029830,0.029830,22,22,2026-10-06T12:59:36+00:00
graviton3,simde,256,main_filter,22,"filter_double_gt",100.00,0.029289,0.029289,22,22,2026-10-06T12:59:36+00:00
graviton3,simde,256,main_filter,22,"filter_double_ne",100.00,0.026066,0.026066,22,22,2026-10-06T12:59:36+00:00
graviton3,simde,256,main_filter,22,"filter_double_le",100.00,0.029241,0.029241,22,22,2026-10-06T12:59:36+00:00
graviton3,simde,256,main_filter,22,"filter_double_ge",100.00,0.029257,0.029257,22,22,2026-10-06T12:59:36+00:00
graviton3,simde,256,main_filter,22,"filter_char_eq",100.00,0.030013,0.030013,22,22,2026-10-06T12:59:36+00:00
graviton3,simde,256,main_filter,22,"filter_char_lt",100.00,0.020593,0.020593,22,22,2026-10-06T12:59:36+00:00
graviton3,simde,256,main_filter,22,"filter_char_gt",100.00,0.020665,0.020665,22,22,2026-10-06T12:59:36+00:00
graviton3,simde,256,main_filter,22,"filter_char_ne",100.00,0.028021,0.028021,22,22,2026-10-06T12:59:36+00:00
graviton3,simde,256,main_filter,22,"filter_char_le",100.00,0.020990,0.020990,22,22,2026-10-06T12:59:36+00:00
graviton3,simde,256,main_filter,22,"filter_char_ge",100.00,0.021105,0.021105,22,22,2026-10-06T12:59:36+00:00
graviton3,simde,256,main_expr,22,"expr_float/+",100.00,4.679090,4.679090,22,22,2026-10-06T13:00:43+00:00
graviton3,simde,256,main_expr,22,"expr_float/-",100.00,5.720213,5.720213,22,22,2026-10-06T13:00:43+00:00
graviton3,simde,256,main_expr,22,"expr_float/*",100.00,6.001534,6.001534,22,22,2026-10-06T13:00:43+00:00
graviton3,simde,256,main_expr,22,"expr_float//",100.00,3.412278,3.412278,22,22,2026-10-06T13:00:43+00:00
graviton3,simde,256,main_expr,22,"expr_double/+",100.00,2.191094,2.191094,22,22,2026-10-06T13:00:43+00:00
graviton3,simde,256,main_expr,22,"expr_double/-",100.00,2.644225,2.644225,22,22,2026-10-06T13:00:43+00:00
graviton3,simde,256,main_expr,22,"expr_double/*",100.00,2.723574,2.723574,22,22,2026-10-06T13:00:43+00:00
graviton3,simde,256,main_expr,22,"expr_double//",100.00,1.028991,1.028991,22,22,2026-10-06T13:00:43+00:00
graviton3,simde,256,main_expr,22,"expr_decimal/+",100.00,1.597371,1.597371,22,22,2026-10-06T13:00:43+00:00
graviton3,simde,256,main_expr,22,"expr_decimal/-",100.00,1.851758,1.851758,22,22,2026-10-06T13:00:43+00:00
graviton3,simde,256,main_expr,22,"expr_decimal/*",100.00,0.241809,0.241809,22,22,2026-10-06T13:00:43+00:00
graviton3,simde,256,main_expr,22,"expr_decimal//",100.00,0.194346,0.194346,22,22,2026-10-06T13:00:43+00:00
graviton3,simde,256,main_gather,23,"gather_byte",100.00,0.133882,0.133882,23,23,2026-10-06T13:00:56+00:00
graviton3,simde,256,main_gather,23,"gather_short",100.00,0.125401,0.125401,23,23,2026-10-06T13:00:56+00:00
graviton3,simde,256,main_gather,23,"gather_int",100.00,0.143551,0.143551,23,23,2026-10-06T13:00:56+00:00
graviton3,simde,256,main_gather,23,"gather_long",100.00,0.131686,0.131686,23,23,2026-10-06T13:00:56+00:00
graviton3,simde,256,main_gather,23,"gather_char",100.00,0.027370,0.027370,23,23,2026-10-06T13:00:56+00:00
graviton3,simde,256,main_gather,23,"gather_encoded",100.00,0.127342,0.127342,23,23,2026-10-06T13:00:56+00:00
graviton3,simde,256,main_gather,23,"copy_encoded",100.00,1.913517,1.913517,23,23,2026-10-06T13:00:56+00:00
graviton3,simde,128,main_hash,22,"jenkins_hash",100.00,0.017199,0.017199,23,23,2026-10-06T13:03:56+00:00
graviton3,simde,128,main_hash,22,"fnv_hash",100.00,0.025192,0.025192,23,23,2026-10-06T13:03:56+00:00
graviton3,simde,128,main_hash,22,"murmur_hash",100.00,0.054967,0.054967,23,23,2026-10-06T13:03:56+00:00
graviton3,simde,128,main_filter,23,"filter_byte_eq",100.00,0.065863,0.065863,23,23,2026-10-06T13:04:21+00:00
graviton3,simde,128,main_filter,23,"filter_byte_lt",100.00,0.040001,0.040001,23,23,2026-10-06T13:04:21+00:00
graviton3,simde,128,main_filter,23,"filter_byte_gt",100.00,0.040226,0.040226,23,23,2026-10-06T13:04:21+00:00
graviton3,simde,128,main_filter,23,"filter_byte_ne",100.00,0.032699,0.032699,23,23,2026-10-06T13:04:21+00:00
graviton3,simde,128,main_filter,23,"filter_byte_le",100.00,0.040367,0.040367,23,23,2026-10-06T13:04:21+00:00
graviton3,simde,128,main_filter,23,"filter_byte_ge",100.00,0.040416,0.040416,23,23,2026-10-06T13:04:21+00:00
graviton3,simde,128,main_filter,23,"filter_short_eq",100.00,0.043029,0.043029,23,23,2026-10-06T13:04:21+00:00
graviton3,simde,128,main_filter,23,"filter_short_lt",100.00,0.031340,0.031340,23,23,2026-10-06T13:04:21+00:00
graviton3,simde,128,main_filter,23,"filter_short_gt",100.00,0.031163,0.031163,23,23,2026-10-06T13:04:21+00:00
graviton3,simde,128,main_filter,23,"filter_short_ne",100.00,0.027826,0.027826,23,23,2026-10-06T13:04:21+00:00
graviton3,simde,128,main_filter,23,"filter_short_le",100.00,0.030930,0.030930,23,23,2026-10-06T13:04:21+00:00
graviton3,simde,128,main_filter,23,"filter_short_ge",100.00,0.031339,0.031339,23,23,2026-10-06T13:04:21+00:00
graviton3,simde,128,main_filter,23,"filter_int_eq",100.00,0.039208,0.039208,23,23,2026-10-06T13:04:21+00:00
graviton3,simde,128,main_filter,23,"filter_int_lt",100.00,0.031014,0.031014,23,23,2026-10-06T13:04:21+00:00
graviton3,simde,128,main_filter,23,"filter_int_gt",100.00,0.031233,0.031233,23,23,2026-10-06T13:04:21+00:00
graviton3,simde,128,main_filter,23,"filter_int_ne",100.00,0.028172,0.028172,23,23,2026-10-06T13:04:21+00:00
graviton3,simde,128,main_filter,23,"filter_int_le",100.00,0.031114,0.031114,23,23,2026-10-06T13:04:21+00:00
graviton3,simde,128,main_filter,23,"filter_int_ge",100.00,0.031008,0.031008,23,23,2026-10-06T13:04:21+00:00
graviton3,simde,128,main_filter,23,"filter_long_eq",100.00,0.037350,0.037350,23,23,2026-10-06T13:04:21+00:00
graviton3,simde,128,main_filter,23,"filter_long_lt",100.00,0.031790,0.031790,23,23,2026-10-06T13:04:21+00:00
graviton3,simde,128,main_filter,23,"filter_long_gt",100.00,0.031518,0.031518,23,23,2026-10-06T13:04:21+00:00
graviton3,simde,128,main_filter,23,"filter_long_ne",100.00,0.027748,0.027748,23,23,2026-10-06T13:04:21+00:00
graviton3,simde,128,main_filter,23,"filter_long_le",100.00,0.031634,0.031634,23,23,2026-10-06T13:04:21+00:00
graviton3,simde,128,main_filter,23,"filter_long_ge",100.00,0.031432,0.031432,23,23,2026-10-06T13:04:21+00:00
graviton3,simde,128,main_filter,23,"filter_float_eq",100.00,0.040019,0.040019,23,23,2026-10-06T13:04:21+00:00
graviton3,simde,128,main_filter,23,"filter_float_lt",100.00,0.031841,0.031841,23,23,2026-10-06T13:04:21+00:00
graviton3,simde,128,main_filter,23,"filter_float_gt",100.00,0.032019,0.032019,23,23,2026-10-06T13:04:21+00:00
graviton3,simde,128,main_filter,23,"filter_float_ne",100.00,0.027541,0.027541,23,23,2026-10-06T13:04:21+00:00
graviton3,simde,128,main_filter,23,"filter_float_le",100.00,0.031949,0.031949,23,23,2026-10-06T13:04:21+00:00
graviton3,simde,128,main_filter,23,"filter_float_ge",100.00,0.032256,0.032256,23,23,2026-10-06T13:04:21+00:00
graviton3,simde,128,main_filter,23,"filter_double_eq",100.00,0.035357,0.035357,23,23,2026-10-06T13:04:21+00:00
graviton3,simde,128,main_filter,23,"filter_double_lt",100.00,0.031436,0.031436,23,23,2026-10-06T13:04:21+00:00
graviton3,simde,128,main_filter,23,"filter_double_gt",100.00,0.031217,0.031217,23,23,2026-10-06T13:04:21+00:00
graviton3,simde,128,main_filter,23,"filter_double_ne",100.00,0.027322,0.027322,23,23,2026-10-06T13:04:21+00:00
graviton3,simde,128,main_filter,23,"filter_double_le",100.00,0.031055,0.031055,23,23,2026-10-06T13:04:21+00:00
graviton3,simde,128,main_filter,23,"filter_double_ge",100.00,0.031040,0.031040,23,23,2026-10-06T13:04:21+00:00
graviton3,simde,128,main_filter,23,"filter_char_eq",100.00,0.032601,0.032601,23,23,2026-10-06T13:04:21+00:00
graviton3,simde,128,main_filter,23,"filter_char_lt",100.00,0.023410,0.023410,23,23,2026-10-06T13:04:21+00:00
graviton3,simde,128,main_filter,23,"filter_char_gt",100.00,0.023295,0.023295,23,23,2026-10-06T13:04:21+00:00
graviton3,simde,128,main_filter,23,"filter_char_ne",100.00,0.029995,0.029995,23,23,2026-10-06T13:04:21+00:00
graviton3,simde,128,main_filter,23,"filter_char_le",100.00,0.023709,0.023709,23,23,2026-10-06T13:04:21+00:00
graviton3,simde,128,main_filter,23,"filter_char_ge",100.00,0.023628,0.023628,23,23,2026-10-06T13:04:21+00:00
graviton3,simde,256,main_filter,23,"filter_byte_eq",100.00,0.054476,0.054476,23,23,2026-10-06T13:04:45+00:00
graviton3,simde,256,main_filter,23,"filter_byte_lt",100.00,0.039021,0.039021,23,23,2026-10-06T13:04:45+00:00
graviton3,simde,256,main_filter,23,"filter_byte_gt",100.00,0.038794,0.038794,23,23,2026-10-06T13:04:45+00:00
graviton3,simde,256,main_filter,23,"filter_byte_ne",100.00,0.032181,0.032181,23,23,2026-10-06T13:04:45+00:00
graviton3,simde,256,main_filter,23,"filter_byte_le",100.00,0.038122,0.038122,23,23,2026-10-06T13:04:45+00:00
graviton3,simde,256,main_filter,23,"filter_byte_ge",100.00,0.037934,0.037934,23,23,2026-10-06T13:04:45+00:00
graviton3,simde,256,main_filter,23,"filter_short_eq",100.00,0.035941,0.035941,23,23,2026-10-06T13:04:45+00:00
graviton3,simde,256,main_filter,23,"filter_short_lt",100.00,0.030157,0.030157,23,23,2026-10-06T13:04:45+00:00
graviton3,simde,256,main_filter,23,"filter_short_gt",100.00,0.029544,0.029544,23,23,2026-10-06T13:04:45+00:00
graviton3,simde,256,main_filter,23,"filter_short_ne",100.00,0.026913,0.026913,23,23,2026-10-06T13:04:45+00:00
graviton3,simde,256,main_filter,23,"filter_short_le",100.00,0.030239,0.030239,23,23,2026-10-06T13:04:45+00:00
graviton3,simde,256,main_filter,23,"filter_short_ge",100.00,0.030259,0.030259,23,23,2026-10-06T13:04:45+00:00
graviton3,simde,256,main_filter,23,"filter_int_eq",100.00,0.034136,0.034136,23,23,2026-10-06T13:04:45+00:00
graviton3,simde,256,main_filter,23,"filter_int_lt",100.00,0.029995,0.029995,23,23,2026-10-06T13:04:45+00:00
graviton3,simde,256,main_filter,23,"filter_int_gt",100.00,0.029533,0.029533,23,23,2026-10-06T13:04:45+00:00
graviton3,simde,256,main_filter,23,"filter_int_ne",100.00,0.027102,0.027102,23,23,2026-10-06T13:04:45+00:00
graviton3,simde,256,main_filter,23,"filter_int_le",100.00,0.029297,0.029297,23,23,2026-10-06T13:04:45+00:00
graviton3,simde,256,main_filter,23,"filter_int_ge",100.00,0.029338,0.029338,23,23,2026-10-06T13:04:45+00:00
graviton3,simde,256,main_filter,23,"filter_long_eq",100.00,0.034695,0.034695,23,23,2026-10-06T13:04:45+00:00
graviton3,simde,256,main_filter,23,"filter_long_lt",100.00,0.030189,0.030189,23,23,2026-10-06T13:04:45+00:00
graviton3,simde,256,main_filter,23,"filter_long_gt",100.00,0.029610,0.029610,23,23,2026-10-06T13:04:45+00:00
graviton3,simde,256,main_filter,23,"filter_long_ne",100.00,0.026100,0.026100,23,23,2026-10-06T13:04:45+00:00
graviton3,simde,256,main_filter,23,"filter_long_le",100.00,0.029546,0.029546,23,23,2026-10-06T13:04:45+00:00
graviton3,simde,256,main_filter,23,"filter_long_ge",100.00,0.029577,0.029577,23,23,2026-10-06T13:04:45+00:00
graviton3,simde,256,main_filter,23,"filter_float_eq",100.00,0.035866,0.035866,23,23,2026-10-06T13:04:45+00:00
graviton3,simde,256,main_filter,23,"filter_float_lt",100.00,0.030029,0.030029,23,23,2026-10-06T13:04:45+00:00
graviton3,simde,256,main_filter,23,"filter_float_gt",100.00,0.029291,0.029291,23,23,2026-10-06T13:04:45+00:00
graviton3,simde,256,main_filter,23,"filter_float_ne",100.00,0.027864,0.027864,23,23,2026-10-06T13:04:45+00:00
graviton3,simde,256,main_filter,23,"filter_float_le",100.00,0.029644,0.029644,23,23,2026-10-06T13:04:45+00:00
graviton3,simde,256,main_filter,23,"filter_float_ge",100.00,0.029720,0.029720,23,23,2026-10-06T13:04:45+00:00
graviton3,simde,256,main_filter,23,"filter_double_eq",100.00,0.032310,0.032310,23,23,2026-10-06T13:04:45+00:00
graviton3,simde,256,main_filter,23,"filter_double_lt",100.00,0.028412,0.028412,23,23,2026-10-06T13:04:45+00:00
graviton3,simde,256,main_filter,23,"filter_double_gt",100.00,0.028633,0.028633,23,23,2026-10-06T13:04:45+00:00
graviton3,simde,256,main_filter,23,"filter_double_ne",100.00,0.025429,0.025429,23,23,2026-10-06T13:04:45+00:00
graviton3,simde,256,main_filter,23,"filter_double_le",100.00,0.028297,0.028297,23,23,2026-10-06T13:04:45+00:00
graviton3,simde,256,main_filter,23,"filter_double_ge",100.00,0.028195,0.028195,23,23,2026-10-06T13:04:45+00:00
graviton3,simde,256,main_filter,23,"filter_char_eq",100.00,0.029104,0.029104,23,23,2026-10-06T13:04:45+00:00
graviton3,simde,256,main_filter,23,"filter_char_lt",100.00,0.020095,0.020095,23,23,2026-10-06T13:04:45+00:00
graviton3,simde,256,main_filter,23,"filter_char_gt",100.00,0.020200,0.020200,23,23,2026-10-06T13:04:45+00:00
graviton3,simde,256,main_filter,23,"filter_char_ne",100.00,0.027280,0.027280,23,23,2026-10-06T13:04:45+00:00
graviton3,simde,256,main_filter,23,"filter_char_le",100.00,0.020388,0.020388,23,23,2026-10-06T13:04:45+00:00
graviton3,simde,256,main_filter,23,"filter_char_ge",100.00,0.020435,0.020435,23,23,2026-10-06T13:04:45+00:00
graviton3,simde,256,main_expr,23,"expr_float/+",100.00,4.551591,4.551591,23,23,2026-10-06T13:05:53+00:00
graviton3,simde,256,main_expr,23,"expr_float/-",100.00,5.458487,5.458487,23,23,2026-10-06T13:05:53+00:00
graviton3,simde,256,main_expr,23,"expr_float/*",100.00,5.633284,5.633284,23,23,2026-10-06T13:05:53+00:00
graviton3,simde,256,main_expr,23,"expr_float//",100.00,3.421728,3.421728,23,23,2026-10-06T13:05:53+00:00
graviton3,simde,256,main_expr,23,"expr_double/+",100.00,2.231612,2.231612,23,23,2026-10-06T13:05:53+00:00
graviton3,simde,256,main_expr,23,"expr_double/-",100.00,2.665276,2.665276,23,23,2026-10-06T13:05:53+00:00
graviton3,simde,256,main_expr,23,"expr_double/*",100.00,2.713249,2.713249,23,23,2026-10-06T13:05:53+00:00
graviton3,simde,256,main_expr,23,"expr_double//",100.00,1.029801,1.029801,23,23,2026-10-06T13:05:53+00:00
graviton3,simde,256,main_expr,23,"expr_decimal/+",100.00,1.634865,1.634865,23,23,2026-10-06T13:05:53+00:00
graviton3,simde,256,main_expr,23,"expr_decimal/-",100.00,1.891641,1.891641,23,23,2026-10-06T13:05:53+00:00
graviton3,simde,256,main_expr,23,"expr_decimal/*",100.00,0.244968,0.244968,23,23,2026-10-06T13:05:53+00:00
graviton3,simde,256,main_expr,23,"expr_decimal//",100.00,0.194782,0.194782,23,23,2026-10-06T13:05:53+00:00
graviton3,simde,256,main_gather,24,"gather_byte",100.00,0.133890,0.133890,24,24,2026-10-06T13:06:06+00:00
graviton3,simde,256,main_gather,24,"gather_short",100.00,0.126096,0.126096,24,24,2026-10-06T13:06:06+00:00
graviton3,simde,256,main_gather,24,"gather_int",100.00,0.139797,0.139797,24,24,2026-10-06T13:06:06+00:00
graviton3,simde,256,main_gather,24,"gather_long",100.00,0.129382,0.129382,24,24,2026-10-06T13:06:06+00:00
graviton3,simde,256,main_gather,24,"gather_char",100.00,0.026334,0.026334,24,24,2026-10-06T13:06:06+00:00
graviton3,simde,256,main_gather,24,"gather_encoded",100.00,0.121383,0.121383,24,24,2026-10-06T13:06:06+00:00
graviton3,simde,256,main_gather,24,"copy_encoded",100.00,1.917948,1.917948,24,24,2026-10-06T13:06:06+00:00
graviton3,simde,128,main_filter,24,"filter_byte_eq",100.00,0.064898,0.064898,24,24,2026-10-06T13:09:31+00:00
graviton3,simde,128,main_filter,24,"filter_byte_lt",100.00,0.039071,0.039071,24,24,2026-10-06T13:09:31+00:00
graviton3,simde,128,main_filter,24,"filter_byte_gt",100.00,0.039357,0.039357,24,24,2026-10-06T13:09:31+00:00
graviton3,simde,128,main_filter,24,"filter_byte_ne",100.00,0.032194,0.032194,24,24,2026-10-06T13:09:31+00:00
graviton3,simde,128,main_filter,24,"filter_byte_le",100.00,0.037394,0.037394,24,24,2026-10-06T13:09:31+00:00
graviton3,simde,128,main_filter,24,"filter_byte_ge",100.00,0.038558,0.038558,24,24,2026-10-06T13:09:31+00:00
graviton3,simde,128,main_filter,24,"filter_short_eq",100.00,0.044058,0.044058,24,24,2026-10-06T13:09:31+00:00
graviton3,simde,128,main_filter,24,"filter_short_lt",100.00,0.032145,0.032145,24,24,2026-10-06T13:09:31+00:00
graviton3,simde,128,main_filter,24,"filter_short_gt",100.00,0.031270,0.031270,24,24,2026-10-06T13:09:31+00:00
graviton3,simde,128,main_filter,24,"filter_short_ne",100.00,0.028389,0.028389,24,24,2026-10-06T13:09:31+00:00
graviton3,simde,128,main_filter,24,"filter_short_le",100.00,0.031798,0.031798,24,24,2026-10-06T13:09:31+00:00
graviton3,simde,128,main_filter,24,"filter_short_ge",100.00,0.031526,0.031526,24,24,2026-10-06T13:09:31+00:00
graviton3,simde,128,main_filter,24,"filter_int_eq",100.00,0.039242,0.039242,24,24,2026-10-06T13:09:31+00:00
graviton3,simde,128,main_filter,24,"filter_int_lt",100.00,0.030971,0.030971,24,24,2026-10-06T13:09:31+00:00
graviton3,simde,128,main_filter,24,"filter_int_gt",100.00,0.031147,0.031147,24,24,2026-10-06T13:09:31+00:00
graviton3,simde,128,main_filter,24,"filter_int_ne",100.00,0.027663,0.027663,24,24,2026-10-06T13:09:31+00:00
graviton3,simde,128,main_filter,24,"filter_int_le",100.00,0.031039,0.031039,24,24,2026-10-06T13:09:31+00:00
graviton3,simde,128,main_filter,24,"filter_int_ge",100.00,0.030948,0.030948,24,24,2026-10-06T13:09:31+00:00
graviton3,simde,128,main_filter,24,"filter_long_eq",100.00,0.037863,0.037863,24,24,2026-10-06T13:09:31+00:00
graviton3,simde,128,main_filter,24,"filter_long_lt",100.00,0.032102,0.032102,24,24,2026-10-06T13:09:31+00:00
graviton3,simde,128,main_filter,24,"filter_long_gt",100.00,0.032024,0.032024,24,24,2026-10-06T13:09:31+00:00
graviton3,simde,128,main_filter,24,"filter_long_ne",100.00,0.028031,0.028031,24,24,2026-10-06T13:09:31+00:00
graviton3,simde,128,main_filter,24,"filter_long_le",100.00,0.032088,0.032088,24,24,2026-10-06T13:09:31+00:00
graviton3,simde,128,main_filter,24,"filter_long_ge",100.00,0.031893,0.031893,24,24,2026-10-06T13:09:31+00:00
graviton3,simde,128,main_filter,24,"filter_float_eq",100.00,0.040165,0.040165,24,24,2026-10-06T13:09:31+00:00
graviton3,simde,128,main_filter,24,"filter_float_lt",100.00,0.032044,0.032044,24,24,2026-10-06T13:09:31+00:00
graviton3,simde,128,main_filter,24,"filter_float_gt",100.00,0.032302,0.032302,24,24,2026-10-06T13:09:31+00:00
graviton3,simde,128,main_filter,24,"filter_float_ne",100.00,0.027711,0.027711,24,24,2026-10-06T13:09:31+00:00
graviton3,simde,128,main_filter,24,"filter_float_le",100.00,0.032249,0.032249,24,24,2026-10-06T13:09:31+00:00
graviton3,simde,128,main_filter,24,"filter_float_ge",100.00,0.032423,0.032423,24,24,2026-10-06T13:09:31+00:00
graviton3,simde,128,main_filter,24,"filter_double_eq",100.00,0.036848,0.036848,24,24,2026-10-06T13:09:31+00:00
graviton3,simde,128,main_filter,24,"filter_double_lt",100.00,0.031601,0.031601,24,24,2026-10-06T13:09:31+00:00
graviton3,simde,128,main_filter,24,"filter_double_gt",100.00,0.031756,0.031756,24,24,2026-10-06T13:09:31+00:00
graviton3,simde,128,main_filter,24,"filter_double_ne",100.00,0.027779,0.027779,24,24,2026-10-06T13:09:31+00:00
graviton3,simde,128,main_filter,24,"filter_double_le",100.00,0.031503,0.031503,24,24,2026-10-06T13:09:31+00:00
graviton3,simde,128,main_filter,24,"filter_double_ge",100.00,0.031599,0.031599,24,24,2026-10-06T13:09:31+00:00
graviton3,simde,128,main_filter,24,"filter_char_eq",100.00,0.033012,0.033012,24,24,2026-10-06T13:09:31+00:00
graviton3,simde,128,main_filter,24,"filter_char_lt",100.00,0.023519,0.023519,24,24,2026-10-06T13:09:31+00:00
graviton3,simde,128,main_filter,24,"filter_char_gt",100.00,0.023494,0.023494,24,24,2026-10-06T13:09:31+00:00
graviton3,simde,128,main_filter,24,"filter_char_ne",100.00,0.030248,0.030248,24,24,2026-10-06T13:09:31+00:00
graviton3,simde,128,main_filter,24,"filter_char_le",100.00,0.023904,0.023904,24,24,2026-10-06T13:09:31+00:00
graviton3,simde,128,main_filter,24,"filter_char_ge",100.00,0.023867,0.023867,24,24,2026-10-06T13:09:31+00:00
graviton3,simde,256,main_filter,24,"filter_byte_eq",100.00,0.051226,0.051226,24,24,2026-10-06T13:09:55+00:00
graviton3,simde,256,main_filter,24,"filter_byte_lt",100.00,0.037424,0.037424,24,24,2026-10-06T13:09:55+00:00
graviton3,simde,256,main_filter,24,"filter_byte_gt",100.00,0.036819,0.036819,24,24,2026-10-06T13:09:55+00:00
graviton3,simde,256,main_filter,24,"filter_byte_ne",100.00,0.031812,0.031812,24,24,2026-10-06T13:09:55+00:00
graviton3,simde,256,main_filter,24,"filter_byte_le",100.00,0.036769,0.036769,24,24,2026-10-06T13:09:55+00:00
graviton3,simde,256,main_filter,24,"filter_byte_ge",100.00,0.036447,0.036447,24,24,2026-10-06T13:09:55+00:00
graviton3,simde,256,main_filter,24,"filter_short_eq",100.00,0.039718,0.039718,24,24,2026-10-06T13:09:55+00:00
graviton3,simde,256,main_filter,24,"filter_short_lt",100.00,0.031145,0.031145,24,24,2026-10-06T13:09:55+00:00
graviton3,simde,256,main_filter,24,"filter_short_gt",100.00,0.030655,0.030655,24,24,2026-10-06T13:09:55+00:00
graviton3,simde,256,main_filter,24,"filter_short_ne",100.00,0.028081,0.028081,24,24,2026-10-06T13:09:55+00:00
graviton3,simde,256,main_filter,24,"filter_short_le",100.00,0.031721,0.031721,24,24,2026-10-06T13:09:55+00:00
graviton3,simde,256,main_filter,24,"filter_short_ge",100.00,0.031294,0.031294,24,24,2026-10-06T13:09:55+00:00
graviton3,simde,256,main_filter,24,"filter_int_eq",100.00,0.035543,0.035543,24,24,2026-10-06T13:09:55+00:00
graviton3,simde,256,main_filter,24,"filter_int_lt",100.00,0.030417,0.030417,24,24,2026-10-06T13:09:55+00:00
graviton3,simde,256,main_filter,24,"filter_int_gt",100.00,0.029915,0.029915,24,24,2026-10-06T13:09:55+00:00
graviton3,simde,256,main_filter,24,"filter_int_ne",100.00,0.026994,0.026994,24,24,2026-10-06T13:09:55+00:00
graviton3,simde,256,main_filter,24,"filter_int_le",100.00,0.030107,0.030107,24,24,2026-10-06T13:09:55+00:00
graviton3,simde,256,main_filter,24,"filter_int_ge",100.00,0.030224,0.030224,24,24,2026-10-06T13:09:55+00:00
graviton3,simde,256,main_filter,24,"filter_long_eq",100.00,0.034387,0.034387,24,24,2026-10-06T13:09:55+00:00
graviton3,simde,256,main_filter,24,"filter_long_lt",100.00,0.029819,0.029819,24,24,2026-10-06T13:09:55+00:00
graviton3,simde,256,main_filter,24,"filter_long_gt",100.00,0.029765,0.029765,24,24,2026-10-06T13:09:55+00:00
graviton3,simde,256,main_filter,24,"filter_long_ne",100.00,0.026329,0.026329,24,24,2026-10-06T13:09:55+00:00
graviton3,simde,256,main_filter,24,"filter_long_le",100.00,0.030244,0.030244,24,24,2026-10-06T13:09:55+00:00
graviton3,simde,256,main_filter,24,"filter_long_ge",100.00,0.029467,0.029467,24,24,2026-10-06T13:09:55+00:00
graviton3,simde,256,main_filter,24,"filter_float_eq",100.00,0.036200,0.036200,24,24,2026-10-06T13:09:55+00:00
graviton3,simde,256,main_filter,24,"filter_float_lt",100.00,0.030160,0.030160,24,24,2026-10-06T13:09:55+00:00
graviton3,simde,256,main_filter,24,"filter_float_gt",100.00,0.029904,0.029904,24,24,2026-10-06T13:09:55+00:00
graviton3,simde,256,main_filter,24,"filter_float_ne",100.00,0.027179,0.027179,24,24,2026-10-06T13:09:55+00:00
graviton3,simde,256,main_filter,24,"filter_float_le",100.00,0.029367,0.029367,24,24,2026-10-06T13:09:55+00:00
graviton3,simde,256,main_filter,24,"filter_float_ge",100.00,0.029775,0.029775,24,24,2026-10-06T13:09:55+00:00
graviton3,simde,256,main_filter,24,"filter_double_eq",100.00,0.031711,0.031711,24,24,2026-10-06T13:09:55+00:00
graviton3,simde,256,main_filter,24,"filter_double_lt",100.00,0.028283,0.028283,24,24,2026-10-06T13:09:55+00:00
graviton3,simde,256,main_filter,24,"filter_double_gt",100.00,0.027719,0.027719,24,24,2026-10-06T13:09:55+00:00
graviton3,simde,256,main_filter,24,"filter_double_ne",100.00,0.025112,0.025112,24,24,2026-10-06T13:09:55+00:00
graviton3,simde,256,main_filter,24,"filter_double_le",100.00,0.028424,0.028424,24,24,2026-10-06T13:09:55+00:00
graviton3,simde,256,main_filter,24,"filter_double_ge",100.00,0.027999,0.027999,24,24,2026-10-06T13:09:55+00:00
graviton3,simde,256,main_filter,24,"filter_char_eq",100.00,0.029561,0.029561,24,24,2026-10-06T13:09:55+00:00
graviton3,simde,256,main_filter,24,"filter_char_lt",100.00,0.020284,0.020284,24,24,2026-10-06T13:09:55+00:00
graviton3,simde,256,main_filter,24,"filter_char_gt",100.00,0.020435,0.020435,24,24,2026-10-06T13:09:55+00:00
graviton3,simde,256,main_filter,24,"filter_char_ne",100.00,0.027819,0.027819,24,24,2026-10-06T13:09:55+00:00
graviton3,simde,256,main_filter,24,"filter_char_le",100.00,0.020704,0.020704,24,24,2026-10-06T13:09:55+00:00
graviton3,simde,256,main_filter,24,"filter_char_ge",100.00,0.020771,0.020771,24,24,2026-10-06T13:09:55+00:00
graviton3,simde,256,main_expr,24,"expr_float/+",100.00,4.755667,4.755667,24,24,2026-10-06T13:11:02+00:00
graviton3,simde,256,main_expr,24,"expr_float/-",100.00,5.939377,5.939377,24,24,2026-10-06T13:11:02+00:00
graviton3,simde,256,main_expr,24,"expr_float/*",100.00,6.384652,6.384652,24,24,2026-10-06T13:11:02+00:00
graviton3,simde,256,main_expr,24,"expr_float//",100.00,3.427366,3.427366,24,24,2026-10-06T13:11:02+00:00
graviton3,simde,256,main_expr,24,"expr_double/+",100.00,2.224868,2.224868,24,24,2026-10-06T13:11:02+00:00
graviton3,simde,256,main_expr,24,"expr_double/-",100.00,2.689573,2.689573,24,24,2026-10-06T13:11:02+00:00
graviton3,simde,256,main_expr,24,"expr_double/*",100.00,2.783738,2.783738,24,24,2026-10-06T13:11:02+00:00
graviton3,simde,256,main_expr,24,"expr_double//",100.00,1.029801,1.029801,24,24,2026-10-06T13:11:02+00:00
graviton3,simde,256,main_expr,24,"expr_decimal/+",100.00,1.634892,1.634892,24,24,2026-10-06T13:11:02+00:00
graviton3,simde,256,main_expr,24,"expr_decimal/-",100.00,1.876789,1.876789,24,24,2026-10-06T13:11:02+00:00
graviton3,simde,256,main_expr,24,"expr_decimal/*",100.00,0.241798,0.241798,24,24,2026-10-06T13:11:02+00:00
graviton3,simde,256,main_expr,24,"expr_decimal//",100.00,0.193940,0.193940,24,24,2026-10-06T13:11:02+00:00
graviton3,simde,256,main_gather,25,"gather_byte",100.00,0.136101,0.136101,25,25,2026-10-06T13:11:15+00:00
graviton3,simde,256,main_gather,25,"gather_short",100.00,0.130885,0.130885,25,25,2026-10-06T13:11:15+00:00
graviton3,simde,256,main_gather,25,"gather_int",100.00,0.149905,0.149905,25,25,2026-10-06T13:11:15+00:00
graviton3,simde,256,main_gather,25,"gather_long",100.00,0.130914,0.130914,25,25,2026-10-06T13:11:15+00:00
graviton3,simde,256,main_gather,25,"gather_char",100.00,0.027319,0.027319,25,25,2026-10-06T13:11:15+00:00
graviton3,simde,256,main_gather,25,"gather_encoded",100.00,0.127055,0.127055,25,25,2026-10-06T13:11:15+00:00
graviton3,simde,256,main_gather,25,"copy_encoded",100.00,1.920386,1.920386,25,25,2026-10-06T13:11:15+00:00
graviton3,simde,128,main_filter,25,"filter_byte_eq",100.00,0.063256,0.063256,25,25,2026-10-06T13:14:16+00:00
graviton3,simde,128,main_filter,25,"filter_byte_lt",100.00,0.038553,0.038553,25,25,2026-10-06T13:14:16+00:00
graviton3,simde,128,main_filter,25,"filter_byte_gt",100.00,0.037634,0.037634,25,25,2026-10-06T13:14:16+00:00
graviton3,simde,128,main_filter,25,"filter_byte_ne",100.00,0.031948,0.031948,25,25,2026-10-06T13:14:16+00:00
graviton3,simde,128,main_filter,25,"filter_byte_le",100.00,0.037909,0.037909,25,25,2026-10-06T13:14:16+00:00
graviton3,simde,128,main_filter,25,"filter_byte_ge",100.00,0.038155,0.038155,25,25,2026-10-06T13:14:16+00:00
graviton3,simde,128,main_filter,25,"filter_short_eq",100.00,0.042931,0.042931,25,25,2026-10-06T13:14:16+00:00
graviton3,simde,128,main_filter,25,"filter_short_lt",100.00,0.030990,0.030990,25,25,2026-10-06T13:14:16+00:00
graviton3,simde,128,main_filter,25,"filter_short_gt",100.00,0.031489,0.031489,25,25,2026-10-06T13:14:16+00:00
graviton3,simde,128,main_filter,25,"filter_short_ne",100.00,0.028157,0.028157,25,25,2026-10-06T13:14:16+00:00
graviton3,simde,128,main_filter,25,"filter_short_le",100.00,0.031447,0.031447,25,25,2026-10-06T13:14:16+00:00
graviton3,simde,128,main_filter,25,"filter_short_ge",100.00,0.031063,0.031063,25,25,2026-10-06T13:14:16+00:00
graviton3,simde,128,main_filter,25,"filter_int_eq",100.00,0.039060,0.039060,25,25,2026-10-06T13:14:16+00:00
graviton3,simde,128,main_filter,25,"filter_int_lt",100.00,0.031232,0.031232,25,25,2026-10-06T13:14:16+00:00
graviton3,simde,128,main_filter,25,"filter_int_gt",100.00,0.030906,0.030906,25,25,2026-10-06T13:14:16+00:00
graviton3,simde,128,main_filter,25,"filter_int_ne",100.00,0.027778,0.027778,25,25,2026-10-06T13:14:16+00:00
graviton3,simde,128,main_filter,25,"filter_int_le",100.00,0.030787,0.030787,25,25,2026-10-06T13:14:16+00:00
graviton3,simde,128,main_filter,25,"filter_int_ge",100.00,0.030620,0.030620,25,25,2026-10-06T13:14:16+00:00
graviton3,simde,128,main_filter,25,"filter_long_eq",100.00,0.036912,0.036912,25,25,2026-10-06T13:14:16+00:00
graviton3,simde,128,main_filter,25,"filter_long_lt",100.00,0.031602,0.031602,25,25,2026-10-06T13:14:16+00:00
graviton3,simde,128,main_filter,25,"filter_long_gt",100.00,0.031717,0.031717,25,25,2026-10-06T13:14:16+00:00
graviton3,simde,128,main_filter,25,"filter_long_ne",100.00,0.027747,0.027747,25,25,2026-10-06T13:14:16+00:00
graviton3,simde,128,main_filter,25,"filter_long_le",100.00,0.031678,0.031678,25,25,2026-10-06T13:14:16+00:00
graviton3,simde,128,main_filter,25,"filter_long_ge",100.00,0.031689,0.031689,25,25,2026-10-06T13:14:16+00:00
graviton3,simde,128,main_filter,25,"filter_float_eq",100.00,0.042222,0.042222,25,25,2026-10-06T13:14:16+00:00
graviton3,simde,128,main_filter,25,"filter_float_lt",100.00,0.032956,0.032956,25,25,2026-10-06T13:14:16+00:00
graviton3,simde,128,main_filter,25,"filter_float_gt",100.00,0.033019,0.033019,25,25,2026-10-06T13:14:16+00:00
graviton3,simde,128,main_filter,25,"filter_float_ne",100.00,0.028556,0.028556,25,25,2026-10-06T13:14:16+00:00
graviton3,simde,128,main_filter,25,"filter_float_le",100.00,0.033078,0.033078,25,25,2026-10-06T13:14:16+00:00
graviton3,simde,128,main_filter,25,"filter_float_ge",100.00,0.032939,0.032939,25,25,2026-10-06T13:14:16+00:00
graviton3,simde,128,main_filter,25,"filter_double_eq",100.00,0.036876,0.036876,25,25,2026-10-06T13:14:16+00:00
graviton3,simde,128,main_filter,25,"filter_double_lt",100.00,0.031805,0.031805,25,25,2026-10-06T13:14:16+00:00
graviton3,simde,128,main_filter,25,"filter_double_gt",100.00,0.032047,0.032047,25,25,2026-10-06T13:14:16+00:00
graviton3,simde,128,main_filter,25,"filter_double_ne",100.00,0.027879,0.027879,25,25,2026-10-06T13:14:16+00:00
graviton3,simde,128,main_filter,25,"filter_double_le",100.00,0.031560,0.031560,25,25,2026-10-06T13:14:16+00:00
graviton3,simde,128,main_filter,25,"filter_double_ge",100.00,0.031973,0.031973,25,25,2026-10-06T13:14:16+00:00
graviton3,simde,128,main_filter,25,"filter_char_eq",100.00,0.033020,0.033020,25,25,2026-10-06T13:14:16+00:00
graviton3,simde,128,main_filter,25,"filter_char_lt",100.00,0.023609,0.023609,25,25,2026-10-06T13:14:16+00:00
graviton3,simde,128,main_filter,25,"filter_char_gt",100.00,0.023595,0.023595,25,25,2026-10-06T13:14:16+00:00
graviton3,simde,128,main_filter,25,"filter_char_ne",100.00,0.030447,0.030447,25,25,2026-10-06T13:14:16+00:00
graviton3,simde,128,main_filter,25,"filter_char_le",100.00,0.023952,0.023952,25,25,2026-10-06T13:14:16+00:00
graviton3,simde,128,main_filter,25,"filter_char_ge",100.00,0.023899,0.023899,25,25,2026-10-06T13:14:16+00:00
graviton3,simde,256,main_filter,25,"filter_byte_eq",100.00,0.053850,0.053850,25,25,2026-10-06T13:14:40+00:00
graviton3,simde,256,main_filter,25,"filter_byte_lt",100.00,0.037391,0.037391,25,25,2026-10-06T13:14:40+00:00
graviton3,simde,256,main_filter,25,"filter_byte_gt",100.00,0.038022,0.038022,25,25,2026-10-06T13:14:40+00:00
graviton3,simde,256,main_filter,25,"filter_byte_ne",100.00,0.031944,0.031944,25,25,2026-10-06T13:14:40+00:00
graviton3,simde,256,main_filter,25,"filter_byte_le",100.00,0.038264,0.038264,25,25,2026-10-06T13:14:40+00:00
graviton3,simde,256,main_filter,25,"filter_byte_ge",100.00,0.037450,0.037450,25,25,2026-10-06T13:14:40+00:00
graviton3,simde,256,main_filter,25,"filter_short_eq",100.00,0.036861,0.036861,25,25,2026-10-06T13:14:40+00:00
graviton3,simde,256,main_filter,25,"filter_short_lt",100.00,0.030144,0.030144,25,25,2026-10-06T13:14:40+00:00
graviton3,simde,256,main_filter,25,"filter_short_gt",100.00,0.030218,0.030218,25,25,2026-10-06T13:14:40+00:00
graviton3,simde,256,main_filter,25,"filter_short_ne",100.00,0.027480,0.027480,25,25,2026-10-06T13:14:40+00:00
graviton3,simde,256,main_filter,25,"filter_short_le",100.00,0.030193,0.030193,25,25,2026-10-06T13:14:40+00:00
graviton3,simde,256,main_filter,25,"filter_short_ge",100.00,0.030243,0.030243,25,25,2026-10-06T13:14:40+00:00
graviton3,simde,256,main_filter,25,"filter_int_eq",100.00,0.034479,0.034479,25,25,2026-10-06T13:14:40+00:00
graviton3,simde,256,main_filter,25,"filter_int_lt",100.00,0.029929,0.029929,25,25,2026-10-06T13:14:40+00:00
graviton3,simde,256,main_filter,25,"filter_int_gt",100.00,0.029832,0.029832,25,25,2026-10-06T13:14:40+00:00
graviton3,simde,256,main_filter,25,"filter_int_ne",100.00,0.027357,0.027357,25,25,2026-10-06T13:14:40+00:00
graviton3,simde,256,main_filter,25,"filter_int_le",100.00,0.030230,0.030230,25,25,2026-10-06T13:14:40+00:00
graviton3,simde,256,main_filter,25,"filter_int_ge",100.00,0.029950,0.029950,25,25,2026-10-06T13:14:40+00:00
graviton3,simde,256,main_filter,25,"filter_long_eq",100.00,0.034665,0.034665,25,25,2026-10-06T13:14:40+00:00
graviton3,simde,256,main_filter,25,"filter_long_lt",100.00,0.029630,0.029630,25,25,2026-10-06T13:14:40+00:00
graviton3,simde,256,main_filter,25,"filter_long_gt",100.00,0.029766,0.029766,25,25,2026-10-06T13:14:40+00:00
graviton3,simde,256,main_filter,25,"filter_long_ne",100.00,0.026379,0.026379,25,25,2026-10-06T13:14:40+00:00
graviton3,simde,256,main_filter,25,"filter_long_le",100.00,0.030155,0.030155,25,25,2026-10-06T13:14:40+00:00
graviton3,simde,256,main_filter,25,"filter_long_ge",100.00,0.029154,0.029154,25,25,2026-10-06T13:14:40+00:00
graviton3,simde,256,main_filter,25,"filter_float_eq",100.00,0.037454,0.037454,25,25,2026-10-06T13:14:40+00:00
graviton3,simde,256,main_filter,25,"filter_float_lt",100.00,0.030396,0.030396,25,25,2026-10-06T13:14:40+00:00
graviton3,simde,256,main_filter,25,"filter_float_gt",100.00,0.030464,0.030464,25,25,2026-10-06T13:14:40+00:00
graviton3,simde,256,main_filter,25,"filter_float_ne",100.00,0.028632,0.028632,25,25,2026-10-06T13:14:40+00:00
graviton3,simde,256,main_filter,25,"filter_float_le",100.00,0.030835,0.030835,25,25,2026-10-06T13:14:40+00:00
graviton3,simde,256,main_filter,25,"filter_float_ge",100.00,0.030332,0.030332,25,25,2026-10-06T13:14:40+00:00
graviton3,simde,256,main_filter,25,"filter_double_eq",100.00,0.033471,0.033471,25,25,2026-10-06T13:14:40+00:00
graviton3,simde,256,main_filter,25,"filter_double_lt",100.00,0.029700,0.029700,25,25,2026-10-06T13:14:40+00:00
graviton3,simde,256,main_filter,25,"filter_double_gt",100.00,0.029276,0.029276,25,25,2026-10-06T13:14:40+00:00
graviton3,simde,256,main_filter,25,"filter_double_ne",100.00,0.026013,0.026013,25,25,2026-10-06T13:14:40+00:00
graviton3,simde,256,main_filter,25,"filter_double_le",100.00,0.029458,0.029458,25,25,2026-10-06T13:14:40+00:00
graviton3,simde,256,main_filter,25,"filter_double_ge",100.00,0.029209,0.029209,25,25,2026-10-06T13:14:40+00:00
graviton3,simde,256,main_filter,25,"filter_char_eq",100.00,0.029611,0.029611,25,25,2026-10-06T13:14:40+00:00
graviton3,simde,256,main_filter,25,"filter_char_lt",100.00,0.020218,0.020218,25,25,2026-10-06T13:14:40+00:00
graviton3,simde,256,main_filter,25,"filter_char_gt",100.00,0.020399,0.020399,25,25,2026-10-06T13:14:40+00:00
graviton3,simde,256,main_filter,25,"filter_char_ne",100.00,0.027843,0.027843,25,25,2026-10-06T13:14:40+00:00
graviton3,simde,256,main_filter,25,"filter_char_le",100.00,0.020795,0.020795,25,25,2026-10-06T13:14:40+00:00
graviton3,simde,256,main_filter,25,"filter_char_ge",100.00,0.020733,0.020733,25,25,2026-10-06T13:14:40+00:00
graviton3,simde,256,main_expr,25,"expr_float/+",100.00,4.523941,4.523941,25,25,2026-10-06T13:15:47+00:00
graviton3,simde,256,main_expr,25,"expr_float/-",100.00,5.422485,5.422485,25,25,2026-10-06T13:15:47+00:00
graviton3,simde,256,main_expr,25,"expr_float/*",100.00,5.590400,5.590400,25,25,2026-10-06T13:15:47+00:00
graviton3,simde,256,main_expr,25,"expr_float//",100.00,3.423222,3.423222,25,25,2026-10-06T13:15:47+00:00
graviton3,simde,256,main_expr,25,"expr_double/+",100.00,2.189346,2.189346,25,25,2026-10-06T13:15:47+00:00
graviton3,simde,256,main_expr,25,"expr_double/-",100.00,2.629768,2.629768,25,25,2026-10-06T13:15:47+00:00
graviton3,simde,256,main_expr,25,"expr_double/*",100.00,2.680150,2.680150,25,25,2026-10-06T13:15:47+00:00
graviton3,simde,256,main_expr,25,"expr_double//",100.00,1.030062,1.030062,25,25,2026-10-06T13:15:47+00:00
graviton3,simde,256,main_expr,25,"expr_decimal/+",100.00,1.623353,1.623353,25,25,2026-10-06T13:15:47+00:00
graviton3,simde,256,main_expr,25,"expr_decimal/-",100.00,1.875051,1.875051,25,25,2026-10-06T13:15:47+00:00
graviton3,simde,256,main_expr,25,"expr_decimal/*",100.00,0.241680,0.241680,25,25,2026-10-06T13:15:47+00:00
graviton3,simde,256,main_expr,25,"expr_decimal//",100.00,0.194407,0.194407,25,25,2026-10-06T13:15:47+00:00
graviton3,simde,256,main_gather,26,"gather_byte",100.00,0.136863,0.136863,26,26,2026-10-06T13:16:00+00:00
graviton3,simde,256,main_gather,26,"gather_short",100.00,0.127215,0.127215,26,26,2026-10-06T13:16:00+00:00
graviton3,simde,256,main_gather,26,"gather_int",100.00,0.145291,0.145291,26,26,2026-10-06T13:16:00+00:00
graviton3,simde,256,main_gather,26,"gather_long",100.00,0.130401,0.130401,26,26,2026-10-06T13:16:00+00:00
graviton3,simde,256,main_gather,26,"gather_char",100.00,0.026790,0.026790,26,26,2026-10-06T13:16:00+00:00
graviton3,simde,256,main_gather,26,"gather_encoded",100.00,0.122726,0.122726,26,26,2026-10-06T13:16:00+00:00
graviton3,simde,256,main_gather,26,"copy_encoded",100.00,1.909814,1.909814,26,26,2026-10-06T13:16:00+00:00
graviton3,simde,128,main_filter,26,"filter_byte_eq",100.00,0.058218,0.058218,26,26,2026-10-06T13:19:01+00:00
graviton3,simde,128,main_filter,26,"filter_byte_lt",100.00,0.035209,0.035209,26,26,2026-10-06T13:19:01+00:00
graviton3,simde,128,main_filter,26,"filter_byte_gt",100.00,0.035814,0.035814,26,26,2026-10-06T13:19:01+00:00
graviton3,simde,128,main_filter,26,"filter_byte_ne",100.00,0.030581,0.030581,26,26,2026-10-06T13:19:01+00:00
graviton3,simde,128,main_filter,26,"filter_byte_le",100.00,0.035195,0.035195,26,26,2026-10-06T13:19:01+00:00
graviton3,simde,128,main_filter,26,"filter_byte_ge",100.00,0.035108,0.035108,26,26,2026-10-06T13:19:01+00:00
graviton3,simde,128,main_filter,26,"filter_short_eq",100.00,0.042440,0.042440,26,26,2026-10-06T13:19:01+00:00
graviton3,simde,128,main_filter,26,"filter_short_lt",100.00,0.031484,0.031484,26,26,2026-10-06T13:19:01+00:00
graviton3,simde,128,main_filter,26,"filter_short_gt",100.00,0.030901,0.030901,26,26,2026-10-06T13:19:01+00:00
graviton3,simde,128,main_filter,26,"filter_short_ne",100.00,0.027575,0.027575,26,26,2026-10-06T13:19:01+00:00
graviton3,simde,128,main_filter,26,"filter_short_le",100.00,0.031399,0.031399,26,26,2026-10-06T13:19:01+00:00
graviton3,simde,128,main_filter,26,"filter_short_ge",100.00,0.029563,0.029563,26,26,2026-10-06T13:19:01+00:00
graviton3,simde,128,main_filter,26,"filter_int_eq",100.00,0.038256,0.038256,26,26,2026-10-06T13:19:01+00:00
graviton3,simde,128,main_filter,26,"filter_int_lt",100.00,0.030304,0.030304,26,26,2026-10-06T13:19:01+00:00
graviton3,simde,128,main_filter,26,"filter_int_gt",100.00,0.029781,0.029781,26,26,2026-10-06T13:19:01+00:00
graviton3,simde,128,main_filter,26,"filter_int_ne",100.00,0.027091,0.027091,26,26,2026-10-06T13:19:01+00:00
graviton3,simde,128,main_filter,26,"filter_int_le",100.00,0.029609,0.029609,26,26,2026-10-06T13:19:01+00:00
graviton3,simde,128,main_filter,26,"filter_int_ge",100.00,0.029587,0.029587,26,26,2026-10-06T13:19:01+00:00
graviton3,simde,128,main_filter,26,"filter_long_eq",100.00,0.037535,0.037535,26,26,2026-10-06T13:19:01+00:00
graviton3,simde,128,main_filter,26,"filter_long_lt",100.00,0.031978,0.031978,26,26,2026-10-06T13:19:01+00:00
graviton3,simde,128,main_filter,26,"filter_long_gt",100.00,0.031756,0.031756,26,26,2026-10-06T13:19:01+00:00
graviton3,simde,128,main_filter,26,"filter_long_ne",100.00,0.027633,0.027633,26,26,2026-10-06T13:19:01+00:00
graviton3,simde,128,main_filter,26,"filter_long_le",100.00,0.031480,0.031480,26,26,2026-10-06T13:19:01+00:00
graviton3,simde,128,main_filter,26,"filter_long_ge",100.00,0.031550,0.031550,26,26,2026-10-06T13:19:01+00:00
graviton3,simde,128,main_filter,26,"filter_float_eq",100.00,0.040544,0.040544,26,26,2026-10-06T13:19:01+00:00
graviton3,simde,128,main_filter,26,"filter_float_lt",100.00,0.032311,0.032311,26,26,2026-10-06T13:19:01+00:00
graviton3,simde,128,main_filter,26,"filter_float_gt",100.00,0.032095,0.032095,26,26,2026-10-06T13:19:01+00:00
graviton3,simde,128,main_filter,26,"filter_float_ne",100.00,0.027607,0.027607,26,26,2026-10-06T13:19:01+00:00
graviton3,simde,128,main_filter,26,"filter_float_le",100.00,0.031931,0.031931,26,26,2026-10-06T13:19:01+00:00
graviton3,simde,128,main_filter,26,"filter_float_ge",100.00,0.032461,0.032461,26,26,2026-10-06T13:19:01+00:00
graviton3,simde,128,main_filter,26,"filter_double_eq",100.00,0.035264,0.035264,26,26,2026-10-06T13:19:01+00:00
graviton3,simde,128,main_filter,26,"filter_double_lt",100.00,0.030976,0.030976,26,26,2026-10-06T13:19:01+00:00
graviton3,simde,128,main_filter,26,"filter_double_gt",100.00,0.031142,0.031142,26,26,2026-10-06T13:19:01+00:00
graviton3,simde,128,main_filter,26,"filter_double_ne",100.00,0.027056,0.027056,26,26,2026-10-06T13:19:01+00:00
graviton3,simde,128,main_filter,26,"filter_double_le",100.00,0.030670,0.030670,26,26,2026-10-06T13:19:01+00:00
graviton3,simde,128,main_filter,26,"filter_double_ge",100.00,0.030867,0.030867,26,26,2026-10-06T13:19:01+00:00
graviton3,simde,128,main_filter,26,"filter_char_eq",100.00,0.032806,0.032806,26,26,2026-10-06T13:19:01+00:00
graviton3,simde,128,main_filter,26,"filter_char_lt",100.00,0.023457,0.023457,26,26,2026-10-06T13:19:01+00:00
graviton3,simde,128,main_filter,26,"filter_char_gt",100.00,0.023346,0.023346,26,26,2026-10-06T13:19:01+00:00
graviton3,simde,128,main_filter,26,"filter_char_ne",100.00,0.030023,0.030023,26,26,2026-10-06T13:19:01+00:00
graviton3,simde,128,main_filter,26,"filter_char_le",100.00,0.023655,0.023655,26,26,2026-10-06T13:19:01+00:00
graviton3,simde,128,main_filter,26,"filter_char_ge",100.00,0.023708,0.023708,26,26,2026-10-06T13:19:01+00:00
graviton3,simde,256,main_filter,26,"filter_byte_eq",100.00,0.053668,0.053668,26,26,2026-10-06T13:19:25+00:00
graviton3,simde,256,main_filter,26,"filter_byte_lt",100.00,0.038532,0.038532,26,26,2026-10-06T13:19:25+00:00
graviton3,simde,256,main_filter,26,"filter_byte_gt",100.00,0.038276,0.038276,26,26,2026-10-06T13:19:25+00:00
graviton3,simde,256,main_filter,26,"filter_byte_ne",100.00,0.032196,0.032196,26,26,2026-10-06T13:19:25+00:00
graviton3,simde,256,main_filter,26,"filter_byte_le",100.00,0.038578,0.038578,26,26,2026-10-06T13:19:25+00:00
graviton3,simde,256,main_filter,26,"filter_byte_ge",100.00,0.036768,0.036768,26,26,2026-10-06T13:19:25+00:00
graviton3,simde,256,main_filter,26,"filter_short_eq",100.00,0.040459,0.040459,26,26,2026-10-06T13:19:25+00:00
graviton3,simde,256,main_filter,26,"filter_short_lt",100.00,0.031387,0.031387,26,26,2026-10-06T13:19:25+00:00
graviton3,simde,256,main_filter,26,"filter_short_gt",100.00,0.032277,0.032277,26,26,2026-10-06T13:19:25+00:00
graviton3,simde,256,main_filter,26,"filter_short_ne",100.00,0.029347,0.029347,26,26,2026-10-06T13:19:25+00:00
graviton3,simde,256,main_filter,26,"filter_short_le",100.00,0.032829,0.032829,26,26,2026-10-06T13:19:25+00:00
graviton3,simde,256,main_filter,26,"filter_short_ge",100.00,0.031692,0.031692,26,26,2026-10-06T13:19:25+00:00
graviton3,simde,256,main_filter,26,"filter_int_eq",100.00,0.035417,0.035417,26,26,2026-10-06T13:19:25+00:00
graviton3,simde,256,main_filter,26,"filter_int_lt",100.00,0.030302,0.030302,26,26,2026-10-06T13:19:25+00:00
graviton3,simde,256,main_filter,26,"filter_int_gt",100.00,0.030229,0.030229,26,26,2026-10-06T13:19:25+00:00
graviton3,simde,256,main_filter,26,"filter_int_ne",100.00,0.026898,0.026898,26,26,2026-10-06T13:19:25+00:00
graviton3,simde,256,main_filter,26,"filter_int_le",100.00,0.030668,0.030668,26,26,2026-10-06T13:19:25+00:00
graviton3,simde,256,main_filter,26,"filter_int_ge",100.00,0.030260,0.030260,26,26,2026-10-06T13:19:25+00:00
graviton3,simde,256,main_filter,26,"filter_long_eq",100.00,0.033941,0.033941,26,26,2026-10-06T13:19:25+00:00
graviton3,simde,256,main_filter,26,"filter_long_lt",100.00,0.029790,0.029790,26,26,2026-10-06T13:19:25+00:00
graviton3,simde,256,main_filter,26,"filter_long_gt",100.00,0.029596,0.029596,26,26,2026-10-06T13:19:25+00:00
graviton3,simde,256,main_filter,26,"filter_long_ne",100.00,0.026158,0.026158,26,26,2026-10-06T13:19:25+00:00
graviton3,simde,256,main_filter,26,"filter_long_le",100.00,0.029703,0.029703,26,26,2026-10-06T13:19:25+00:00
graviton3,simde,256,main_filter,26,"filter_long_ge",100.00,0.029566,0.029566,26,26,2026-10-06T13:19:25+00:00
graviton3,simde,256,main_filter,26,"filter_float_eq",100.00,0.036869,0.036869,26,26,2026-10-06T13:19:25+00:00
graviton3,simde,256,main_filter,26,"filter_float_lt",100.00,0.030383,0.030383,26,26,2026-10-06T13:19:25+00:00
graviton3,simde,256,main_filter,26,"filter_float_gt",100.00,0.030388,0.030388,26,26,2026-10-06T13:19:25+00:00
graviton3,simde,256,main_filter,26,"filter_float_ne",100.00,0.027910,0.027910,26,26,2026-10-06T13:19:25+00:00
graviton3,simde,256,main_filter,26,"filter_float_le",100.00,0.030488,0.030488,26,26,2026-10-06T13:19:25+00:00
graviton3,simde,256,main_filter,26,"filter_float_ge",100.00,0.030284,0.030284,26,26,2026-10-06T13:19:25+00:00
graviton3,simde,256,main_filter,26,"filter_double_eq",100.00,0.032954,0.032954,26,26,2026-10-06T13:19:25+00:00
graviton3,simde,256,main_filter,26,"filter_double_lt",100.00,0.029141,0.029141,26,26,2026-10-06T13:19:25+00:00
graviton3,simde,256,main_filter,26,"filter_double_gt",100.00,0.028845,0.028845,26,26,2026-10-06T13:19:25+00:00
graviton3,simde,256,main_filter,26,"filter_double_ne",100.00,0.025864,0.025864,26,26,2026-10-06T13:19:25+00:00
graviton3,simde,256,main_filter,26,"filter_double_le",100.00,0.029318,0.029318,26,26,2026-10-06T13:19:25+00:00
graviton3,simde,256,main_filter,26,"filter_double_ge",100.00,0.028709,0.028709,26,26,2026-10-06T13:19:25+00:00
graviton3,simde,256,main_filter,26,"filter_char_eq",100.00,0.029671,0.029671,26,26,2026-10-06T13:19:25+00:00
graviton3,simde,256,main_filter,26,"filter_char_lt",100.00,0.020148,0.020148,26,26,2026-10-06T13:19:25+00:00
graviton3,simde,256,main_filter,26,"filter_char_gt",100.00,0.020451,0.020451,26,26,2026-10-06T13:19:25+00:00
graviton3,simde,256,main_filter,26,"filter_char_ne",100.00,0.027935,0.027935,26,26,2026-10-06T13:19:25+00:00
graviton3,simde,256,main_filter,26,"filter_char_le",100.00,0.020866,0.020866,26,26,2026-10-06T13:19:25+00:00
graviton3,simde,256,main_filter,26,"filter_char_ge",100.00,0.020974,0.020974,26,26,2026-10-06T13:19:25+00:00
graviton3,simde,256,main_expr,26,"expr_float/+",100.00,4.483189,4.483189,26,26,2026-10-06T13:20:33+00:00
graviton3,simde,256,main_expr,26,"expr_float/-",100.00,5.346845,5.346845,26,26,2026-10-06T13:20:33+00:00
graviton3,simde,256,main_expr,26,"expr_float/*",100.00,5.695937,5.695937,26,26,2026-10-06T13:20:33+00:00
graviton3,simde,256,main_expr,26,"expr_float//",100.00,3.414101,3.414101,26,26,2026-10-06T13:20:33+00:00
graviton3,simde,256,main_expr,26,"expr_double/+",100.00,2.239336,2.239336,26,26,2026-10-06T13:20:33+00:00
graviton3,simde,256,main_expr,26,"expr_double/-",100.00,2.719783,2.719783,26,26,2026-10-06T13:20:33+00:00
graviton3,simde,256,main_expr,26,"expr_double/*",100.00,2.834628,2.834628,26,26,2026-10-06T13:20:33+00:00
graviton3,simde,256,main_expr,26,"expr_double//",100.00,1.029485,1.029485,26,26,2026-10-06T13:20:33+00:00
graviton3,simde,256,main_expr,26,"expr_decimal/+",100.00,1.616051,1.616051,26,26,2026-10-06T13:20:33+00:00
graviton3,simde,256,main_expr,26,"expr_decimal/-",100.00,1.865225,1.865225,26,26,2026-10-06T13:20:33+00:00
graviton3,simde,256,main_expr,26,"expr_decimal/*",100.00,0.241704,0.241704,26,26,2026-10-06T13:20:33+00:00
graviton3,simde,256,main_expr,26,"expr_decimal//",100.00,0.194430,0.194430,26,26,2026-10-06T13:20:33+00:00
graviton3,simde,256,main_gather,27,"gather_byte",100.00,0.135593,0.135593,27,27,2026-10-06T13:20:46+00:00
graviton3,simde,256,main_gather,27,"gather_short",100.00,0.127429,0.127429,27,27,2026-10-06T13:20:46+00:00
graviton3,simde,256,main_gather,27,"gather_int",100.00,0.144218,0.144218,27,27,2026-10-06T13:20:46+00:00
graviton3,simde,256,main_gather,27,"gather_long",100.00,0.129223,0.129223,27,27,2026-10-06T13:20:46+00:00
graviton3,simde,256,main_gather,27,"gather_char",100.00,0.026326,0.026326,27,27,2026-10-06T13:20:46+00:00
graviton3,simde,256,main_gather,27,"gather_encoded",100.00,0.122875,0.122875,27,27,2026-10-06T13:20:46+00:00
graviton3,simde,256,main_gather,27,"copy_encoded",100.00,1.908426,1.908426,27,27,2026-10-06T13:20:46+00:00
graviton3,simde,128,main_filter,27,"filter_byte_eq",100.00,0.064209,0.064209,27,27,2026-10-06T13:23:47+00:00
graviton3,simde,128,main_filter,27,"filter_byte_lt",100.00,0.038705,0.038705,27,27,2026-10-06T13:23:47+00:00
graviton3,simde,128,main_filter,27,"filter_byte_gt",100.00,0.038572,0.038572,27,27,2026-10-06T13:23:47+00:00
graviton3,simde,128,main_filter,27,"filter_byte_ne",100.00,0.032158,0.032158,27,27,2026-10-06T13:23:47+00:00
graviton3,simde,128,main_filter,27,"filter_byte_le",100.00,0.038728,0.038728,27,27,2026-10-06T13:23:47+00:00
graviton3,simde,128,main_filter,27,"filter_byte_ge",100.00,0.039372,0.039372,27,27,2026-10-06T13:23:47+00:00
graviton3,simde,128,main_filter,27,"filter_short_eq",100.00,0.042882,0.042882,27,27,2026-10-06T13:23:47+00:00
graviton3,simde,128,main_filter,27,"filter_short_lt",100.00,0.031314,0.031314,27,27,2026-10-06T13:23:47+00:00
graviton3,simde,128,main_filter,27,"filter_short_gt",100.00,0.031154,0.031154,27,27,2026-10-06T13:23:47+00:00
graviton3,simde,128,main_filter,27,"filter_short_ne",100.00,0.027805,0.027805,27,27,2026-10-06T13:23:47+00:00
graviton3,simde,128,main_filter,27,"filter_short_le",100.00,0.030063,0.030063,27,27,2026-10-06T13:23:47+00:00
graviton3,simde,128,main_filter,27,"filter_short_ge",100.00,0.030773,0.030773,27,27,2026-10-06T13:23:47+00:00
graviton3,simde,128,main_filter,27,"filter_int_eq",100.00,0.039974,0.039974,27,27,2026-10-06T13:23:47+00:00
graviton3,simde,128,main_filter,27,"filter_int_lt",100.00,0.031322,0.031322,27,27,2026-10-06T13:23:47+00:00
graviton3,simde,128,main_filter,27,"filter_int_gt",100.00,0.031082,0.031082,27,27,2026-10-06T13:23:47+00:00
graviton3,simde,128,main_filter,27,"filter_int_ne",100.00,0.027950,0.027950,27,27,2026-10-06T13:23:47+00:00
graviton3,simde,128,main_filter,27,"filter_int_le",100.00,0.031380,0.031380,27,27,2026-10-06T13:23:47+00:00
graviton3,simde,128,main_filter,27,"filter_int_ge",100.00,0.031353,0.031353,27,27,2026-10-06T13:23:47+00:00
graviton3,simde,128,main_filter,27,"filter_long_eq",100.00,0.037379,0.037379,27,27,2026-10-06T13:23:47+00:00
graviton3,simde,128,main_filter,27,"filter_long_lt",100.00,0.031768,0.031768,27,27,2026-10-06T13:23:47+00:00
graviton3,simde,128,main_filter,27,"filter_long_gt",100.00,0.031498,0.031498,27,27,2026-10-06T13:23:47+00:00
graviton3,simde,128,main_filter,27,"filter_long_ne",100.00,0.027708,0.027708,27,27,2026-10-06T13:23:47+00:00
graviton3,simde,128,main_filter,27,"filter_long_le",100.00,0.031629,0.031629,27,27,2026-10-06T13:23:47+00:00
graviton3,simde,128,main_filter,27,"filter_long_ge",100.00,0.031674,0.031674,27,27,2026-10-06T13:23:47+00:00
graviton3,simde,128,main_filter,27,"filter_float_eq",100.00,0.040157,0.040157,27,27,2026-10-06T13:23:47+00:00
graviton3,simde,128,main_filter,27,"filter_float_lt",100.00,0.032174,0.032174,27,27,2026-10-06T13:23:47+00:00
graviton3,simde,128,main_filter,27,"filter_float_gt",100.00,0.031841,0.031841,27,27,2026-10-06T13:23:47+00:00
graviton3,simde,128,main_filter,27,"filter_float_ne",100.00,0.027466,0.027466,27,27,2026-10-06T13:23:47+00:00
graviton3,simde,128,main_filter,27,"filter_float_le",100.00,0.032188,0.032188,27,27,2026-10-06T13:23:47+00:00
graviton3,simde,128,main_filter,27,"filter_float_ge",100.00,0.031947,0.031947,27,27,2026-10-06T13:23:47+00:00
graviton3,simde,128,main_filter,27,"filter_double_eq",100.00,0.036225,0.036225,27,27,2026-10-06T13:23:47+00:00
graviton3,simde,128,main_filter,27,"filter_double_lt",100.00,0.031455,0.031455,27,27,2026-10-06T13:23:47+00:00
graviton3,simde,128,main_filter,27,"filter_double_gt",100.00,0.031427,0.031427,27,27,2026-10-06T13:23:47+00:00
graviton3,simde,128,main_filter,27,"filter_double_ne",100.00,0.027196,0.027196,27,27,2026-10-06T13:23:47+00:00
graviton3,simde,128,main_filter,27,"filter_double_le",100.00,0.031474,0.031474,27,27,2026-10-06T13:23:47+00:00
graviton3,simde,128,main_filter,27,"filter_double_ge",100.00,0.031540,0.031540,27,27,2026-10-06T13:23:47+00:00
graviton3,simde,128,main_filter,27,"filter_char_eq",100.00,0.032693,0.032693,27,27,2026-10-06T13:23:47+00:00
graviton3,simde,128,main_filter,27,"filter_char_lt",100.00,0.023350,0.023350,27,27,2026-10-06T13:23:47+00:00
graviton3,simde,128,main_filter,27,"filter_char_gt",100.00,0.023315,0.023315,27,27,2026-10-06T13:23:47+00:00
graviton3,simde,128,main_filter,27,"filter_char_ne",100.00,0.029971,0.029971,27,27,2026-10-06T13:23:47+00:00
graviton3,simde,128,main_filter,27,"filter_char_le",100.00,0.023667,0.023667,27,27,2026-10-06T13:23:47+00:00
graviton3,simde,128,main_filter,27,"filter_char_ge",100.00,0.023627,0.023627,27,27,2026-10-06T13:23:47+00:00
graviton3,simde,256,main_filter,27,"filter_byte_eq",100.00,0.050649,0.050649,27,27,2026-10-06T13:24:11+00:00
graviton3,simde,256,main_filter,27,"filter_byte_lt",100.00,0.035266,0.035266,27,27,2026-10-06T13:24:11+00:00
graviton3,simde,256,main_filter,27,"filter_byte_gt",100.00,0.036641,0.036641,27,27,2026-10-06T13:24:11+00:00
graviton3,simde,256,main_filter,27,"filter_byte_ne",100.00,0.031598,0.031598,27,27,2026-10-06T13:24:11+00:00
graviton3,simde,256,main_filter,27,"filter_byte_le",100.00,0.036901,0.036901,27,27,2026-10-06T13:24:11+00:00
graviton3,simde,256,main_filter,27,"filter_byte_ge",100.00,0.036335,0.036335,27,27,2026-10-06T13:24:11+00:00
graviton3,simde,256,main_filter,27,"filter_short_eq",100.00,0.037231,0.037231,27,27,2026-10-06T13:24:11+00:00
graviton3,simde,256,main_filter,27,"filter_short_lt",100.00,0.030098,0.030098,27,27,2026-10-06T13:24:11+00:00
graviton3,simde,256,main_filter,27,"filter_short_gt",100.00,0.030010,0.030010,27,27,2026-10-06T13:24:11+00:00
graviton3,simde,256,main_filter,27,"filter_short_ne",100.00,0.027272,0.027272,27,27,2026-10-06T13:24:11+00:00
graviton3,simde,256,main_filter,27,"filter_short_le",100.00,0.029660,0.029660,27,27,2026-10-06T13:24:11+00:00
graviton3,simde,256,main_filter,27,"filter_short_ge",100.00,0.029794,0.029794,27,27,2026-10-06T13:24:11+00:00
graviton3,simde,256,main_filter,27,"filter_int_eq",100.00,0.034241,0.034241,27,27,2026-10-06T13:24:11+00:00
graviton3,simde,256,main_filter,27,"filter_int_lt",100.00,0.029938,0.029938,27,27,2026-10-06T13:24:11+00:00
graviton3,simde,256,main_filter,27,"filter_int_gt",100.00,0.029413,0.029413,27,27,2026-10-06T13:24:11+00:00
graviton3,simde,256,main_filter,27,"filter_int_ne",100.00,0.026934,0.026934,27,27,2026-10-06T13:24:11+00:00
graviton3,simde,256,main_filter,27,"filter_int_le",100.00,0.029366,0.029366,27,27,2026-10-06T13:24:11+00:00
graviton3,simde,256,main_filter,27,"filter_int_ge",100.00,0.029659,0.029659,27,27,2026-10-06T13:24:11+00:00
graviton3,simde,256,main_filter,27,"filter_long_eq",100.00,0.034206,0.034206,27,27,2026-10-06T13:24:11+00:00
graviton3,simde,256,main_filter,27,"filter_long_lt",100.00,0.030384,0.030384,27,27,2026-10-06T13:24:11+00:00
graviton3,simde,256,main_filter,27,"filter_long_gt",100.00,0.029565,0.029565,27,27,2026-10-06T13:24:11+00:00
graviton3,simde,256,main_filter,27,"filter_long_ne",100.00,0.026348,0.026348,27,27,2026-10-06T13:24:11+00:00
graviton3,simde,256,main_filter,27,"filter_long_le",100.00,0.029781,0.029781,27,27,2026-10-06T13:24:11+00:00
graviton3,simde,256,main_filter,27,"filter_long_ge",100.00,0.029184,0.029184,27,27,2026-10-06T13:24:11+00:00
graviton3,simde,256,main_filter,27,"filter_float_eq",100.00,0.036368,0.036368,27,27,2026-10-06T13:24:11+00:00
graviton3,simde,256,main_filter,27,"filter_float_lt",100.00,0.030102,0.030102,27,27,2026-10-06T13:24:11+00:00
graviton3,simde,256,main_filter,27,"filter_float_gt",100.00,0.029803,0.029803,27,27,2026-10-06T13:24:11+00:00
graviton3,simde,256,main_filter,27,"filter_float_ne",100.00,0.028028,0.028028,27,27,2026-10-06T13:24:11+00:00
graviton3,simde,256,main_filter,27,"filter_float_le",100.00,0.029727,0.029727,27,27,2026-10-06T13:24:11+00:00
graviton3,simde,256,main_filter,27,"filter_float_ge",100.00,0.029732,0.029732,27,27,2026-10-06T13:24:11+00:00
graviton3,simde,256,main_filter,27,"filter_double_eq",100.00,0.033064,0.033064,27,27,2026-10-06T13:24:11+00:00
graviton3,simde,256,main_filter,27,"filter_double_lt",100.00,0.029360,0.029360,27,27,2026-10-06T13:24:11+00:00
graviton3,simde,256,main_filter,27,"filter_double_gt",100.00,0.028488,0.028488,27,27,2026-10-06T13:24:11+00:00
graviton3,simde,256,main_filter,27,"filter_double_ne",100.00,0.025895,0.025895,27,27,2026-10-06T13:24:11+00:00
graviton3,simde,256,main_filter,27,"filter_double_le",100.00,0.028974,0.028974,27,27,2026-10-06T13:24:11+00:00
graviton3,simde,256,main_filter,27,"filter_double_ge",100.00,0.028865,0.028865,27,27,2026-10-06T13:24:11+00:00
graviton3,simde,256,main_filter,27,"filter_char_eq",100.00,0.029631,0.029631,27,27,2026-10-06T13:24:11+00:00
graviton3,simde,256,main_filter,27,"filter_char_lt",100.00,0.020471,0.020471,27,27,2026-10-06T13:24:11+00:00
graviton3,simde,256,main_filter,27,"filter_char_gt",100.00,0.020554,0.020554,27,27,2026-10-06T13:24:11+00:00
graviton3,simde,256,main_filter,27,"filter_char_ne",100.00,0.027956,0.027956,27,27,2026-10-06T13:24:11+00:00
graviton3,simde,256,main_filter,27,"filter_char_le",100.00,0.020934,0.020934,27,27,2026-10-06T13:24:11+00:00
graviton3,simde,256,main_filter,27,"filter_char_ge",100.00,0.021028,0.021028,27,27,2026-10-06T13:24:11+00:00
graviton3,simde,256,main_expr,27,"expr_float/+",100.00,4.589220,4.589220,27,27,2026-10-06T13:25:19+00:00
graviton3,simde,256,main_expr,27,"expr_float/-",100.00,5.599780,5.599780,27,27,2026-10-06T13:25:19+00:00
graviton3,simde,256,main_expr,27,"expr_float/*",100.00,5.906718,5.906718,27,27,2026-10-06T13:25:19+00:00
graviton3,simde,256,main_expr,27,"expr_float//",100.00,3.423754,3.423754,27,27,2026-10-06T13:25:19+00:00
graviton3,simde,256,main_expr,27,"expr_double/+",100.00,2.191882,2.191882,27,27,2026-10-06T13:25:19+00:00
graviton3,simde,256,main_expr,27,"expr_double/-",100.00,2.635082,2.635082,27,27,2026-10-06T13:25:19+00:00
graviton3,simde,256,main_expr,27,"expr_double/*",100.00,2.726674,2.726674,27,27,2026-10-06T13:25:19+00:00
graviton3,simde,256,main_expr,27,"expr_double//",100.00,1.029362,1.029362,27,27,2026-10-06T13:25:19+00:00
graviton3,simde,256,main_expr,27,"expr_decimal/+",100.00,1.629068,1.629068,27,27,2026-10-06T13:25:19+00:00
graviton3,simde,256,main_expr,27,"expr_decimal/-",100.00,1.876283,1.876283,27,27,2026-10-06T13:25:19+00:00
graviton3,simde,256,main_expr,27,"expr_decimal/*",100.00,0.241723,0.241723,27,27,2026-10-06T13:25:19+00:00
graviton3,simde,256,main_expr,27,"expr_decimal//",100.00,0.194470,0.194470,27,27,2026-10-06T13:25:19+00:00
graviton3,simde,256,main_gather,28,"gather_byte",100.00,0.129059,0.129059,28,28,2026-10-06T13:25:32+00:00
graviton3,simde,256,main_gather,28,"gather_short",100.00,0.123624,0.123624,28,28,2026-10-06T13:25:32+00:00
graviton3,simde,256,main_gather,28,"gather_int",100.00,0.138685,0.138685,28,28,2026-10-06T13:25:32+00:00
graviton3,simde,256,main_gather,28,"gather_long",100.00,0.125306,0.125306,28,28,2026-10-06T13:25:32+00:00
graviton3,simde,256,main_gather,28,"gather_char",100.00,0.025467,0.025467,28,28,2026-10-06T13:25:32+00:00
graviton3,simde,256,main_gather,28,"gather_encoded",100.00,0.117251,0.117251,28,28,2026-10-06T13:25:32+00:00
graviton3,simde,256,main_gather,28,"copy_encoded",100.00,1.908679,1.908679,28,28,2026-10-06T13:25:32+00:00
graviton3,simde,128,main_filter,28,"filter_byte_eq",100.00,0.060632,0.060632,28,28,2026-10-06T13:28:33+00:00
graviton3,simde,128,main_filter,28,"filter_byte_lt",100.00,0.037303,0.037303,28,28,2026-10-06T13:28:33+00:00
graviton3,simde,128,main_filter,28,"filter_byte_gt",100.00,0.036801,0.036801,28,28,2026-10-06T13:28:33+00:00
graviton3,simde,128,main_filter,28,"filter_byte_ne",100.00,0.030996,0.030996,28,28,2026-10-06T13:28:33+00:00
graviton3,simde,128,main_filter,28,"filter_byte_le",100.00,0.037128,0.037128,28,28,2026-10-06T13:28:33+00:00
graviton3,simde,128,main_filter,28,"filter_byte_ge",100.00,0.036876,0.036876,28,28,2026-10-06T13:28:33+00:00
graviton3,simde,128,main_filter,28,"filter_short_eq",100.00,0.042000,0.042000,28,28,2026-10-06T13:28:33+00:00
graviton3,simde,128,main_filter,28,"filter_short_lt",100.00,0.030599,0.030599,28,28,2026-10-06T13:28:33+00:00
graviton3,simde,128,main_filter,28,"filter_short_gt",100.00,0.031326,0.031326,28,28,2026-10-06T13:28:33+00:00
graviton3,simde,128,main_filter,28,"filter_short_ne",100.00,0.027443,0.027443,28,28,2026-10-06T13:28:33+00:00
graviton3,simde,128,main_filter,28,"filter_short_le",100.00,0.031570,0.031570,28,28,2026-10-06T13:28:33+00:00
graviton3,simde,128,main_filter,28,"filter_short_ge",100.00,0.030691,0.030691,28,28,2026-10-06T13:28:33+00:00
graviton3,simde,128,main_filter,28,"filter_int_eq",100.00,0.038841,0.038841,28,28,2026-10-06T13:28:33+00:00
graviton3,simde,128,main_filter,28,"filter_int_lt",100.00,0.030442,0.030442,28,28,2026-10-06T13:28:33+00:00
graviton3,simde,128,main_filter,28,"filter_int_gt",100.00,0.030197,0.030197,28,28,2026-10-06T13:28:33+00:00
graviton3,simde,128,main_filter,28,"filter_int_ne",100.00,0.027213,0.027213,28,28,2026-10-06T13:28:33+00:00
graviton3,simde,128,main_filter,28,"filter_int_le",100.00,0.030386,0.030386,28,28,2026-10-06T13:28:33+00:00
graviton3,simde,128,main_filter,28,"filter_int_ge",100.00,0.030242,0.030242,28,28,2026-10-06T13:28:33+00:00
graviton3,simde,128,main_filter,28,"filter_long_eq",100.00,0.035147,0.035147,28,28,2026-10-06T13:28:33+00:00
graviton3,simde,128,main_filter,28,"filter_long_lt",100.00,0.031002,0.031002,28,28,2026-10-06T13:28:33+00:00
graviton3,simde,128,main_filter,28,"filter_long_gt",100.00,0.030975,0.030975,28,28,2026-10-06T13:28:33+00:00
graviton3,simde,128,main_filter,28,"filter_long_ne",100.00,0.027111,0.027111,28,28,2026-10-06T13:28:33+00:00
graviton3,simde,128,main_filter,28,"filter_long_le",100.00,0.030712,0.030712,28,28,2026-10-06T13:28:33+00:00
graviton3,simde,128,main_filter,28,"filter_long_ge",100.00,0.031133,0.031133,28,28,2026-10-06T13:28:33+00:00
graviton3,simde,128,main_filter,28,"filter_float_eq",100.00,0.040177,0.040177,28,28,2026-10-06T13:28:33+00:00
graviton3,simde,128,main_filter,28,"filter_float_lt",100.00,0.032260,0.032260,28,28,2026-10-06T13:28:33+00:00
graviton3,simde,128,main_filter,28,"filter_float_gt",100.00,0.032287,0.032287,28,28,2026-10-06T13:28:33+00:00
graviton3,simde,128,main_filter,28,"filter_float_ne",100.00,0.027559,0.027559,28,28,2026-10-06T13:28:33+00:00
graviton3,simde,128,main_filter,28,"filter_float_le",100.00,0.032166,0.032166,28,28,2026-10-06T13:28:33+00:00
graviton3,simde,128,main_filter,28,"filter_float_ge",100.00,0.032084,0.032084,28,28,2026-10-06T13:28:33+00:00
graviton3,simde,128,main_filter,28,"filter_double_eq",100.00,0.035717,0.035717,28,28,2026-10-06T13:28:33+00:00
graviton3,simde,128,main_filter,28,"filter_double_lt",100.00,0.031406,0.031406,28,28,2026-10-06T13:28:33+00:00
graviton3,simde,128,main_filter,28,"filter_double_gt",100.00,0.031546,0.031546,28,28,2026-10-06T13:28:33+00:00
graviton3,simde,128,main_filter,28,"filter_double_ne",100.00,0.027176,0.027176,28,28,2026-10-06T13:28:33+00:00
graviton3,simde,128,main_filter,28,"filter_double_le",100.00,0.031320,0.031320,28,28,2026-10-06T13:28:33+00:00
graviton3,simde,128,main_filter,28,"filter_double_ge",100.00,0.031080,0.031080,28,28,2026-10-06T13:28:33+00:00
graviton3,simde,128,main_filter,28,"filter_char_eq",100.00,0.032508,0.032508,28,28,2026-10-06T13:28:33+00:00
graviton3,simde,128,main_filter,28,"filter_char_lt",100.00,0.023267,0.023267,28,28,2026-10-06T13:28:33+00:00
graviton3,simde,128,main_filter,28,"filter_char_gt",100.00,0.023092,0.023092,28,28,2026-10-06T13:28:33+00:00
graviton3,simde,128,main_filter,28,"filter_char_ne",100.00,0.029866,0.029866,28,28,2026-10-06T13:28:33+00:00
graviton3,simde,128,main_filter,28,"filter_char_le",100.00,0.023519,0.023519,28,28,2026-10-06T13:28:33+00:00
graviton3,simde,128,main_filter,28,"filter_char_ge",100.00,0.023562,0.023562,28,28,2026-10-06T13:28:33+00:00
graviton3,simde,256,main_filter,28,"filter_byte_eq",100.00,0.048384,0.048384,28,28,2026-10-06T13:28:58+00:00
graviton3,simde,256,main_filter,28,"filter_byte_lt",100.00,0.034636,0.034636,28,28,2026-10-06T13:28:58+00:00
graviton3,simde,256,main_filter,28,"filter_byte_gt",100.00,0.035543,0.035543,28,28,2026-10-06T13:28:58+00:00
graviton3,simde,256,main_filter,28,"filter_byte_ne",100.00,0.029853,0.029853,28,28,2026-10-06T13:28:58+00:00
graviton3,simde,256,main_filter,28,"filter_byte_le",100.00,0.035185,0.035185,28,28,2026-10-06T13:28:58+00:00
graviton3,simde,256,main_filter,28,"filter_byte_ge",100.00,0.035261,0.035261,28,28,2026-10-06T13:28:58+00:00
graviton3,simde,256,main_filter,28,"filter_short_eq",100.00,0.036838,0.036838,28,28,2026-10-06T13:28:58+00:00
graviton3,simde,256,main_filter,28,"filter_short_lt",100.00,0.030540,0.030540,28,28,2026-10-06T13:28:58+00:00
graviton3,simde,256,main_filter,28,"filter_short_gt",100.00,0.030400,0.030400,28,28,2026-10-06T13:28:58+00:00
graviton3,simde,256,main_filter,28,"filter_short_ne",100.00,0.028103,0.028103,28,28,2026-10-06T13:28:58+00:00
graviton3,simde,256,main_filter,28,"filter_short_le",100.00,0.030837,0.030837,28,28,2026-10-06T13:28:58+00:00
graviton3,simde,256,main_filter,28,"filter_short_ge",100.00,0.030320,0.030320,28,28,2026-10-06T13:28:58+00:00
graviton3,simde,256,main_filter,28,"filter_int_eq",100.00,0.034710,0.034710,28,28,2026-10-06T13:28:58+00:00
graviton3,simde,256,main_filter,28,"filter_int_lt",100.00,0.030025,0.030025,28,28,2026-10-06T13:28:58+00:00
graviton3,simde,256,main_filter,28,"filter_int_gt",100.00,0.029446,0.029446,28,28,2026-10-06T13:28:58+00:00
graviton3,simde,256,main_filter,28,"filter_int_ne",100.00,0.026941,0.026941,28,28,2026-10-06T13:28:58+00:00
graviton3,simde,256,main_filter,28,"filter_int_le",100.00,0.028882,0.028882,28,28,2026-10-06T13:28:58+00:00
graviton3,simde,256,main_filter,28,"filter_int_ge",100.00,0.029227,0.029227,28,28,2026-10-06T13:28:58+00:00
graviton3,simde,256,main_filter,28,"filter_long_eq",100.00,0.033663,0.033663,28,28,2026-10-06T13:28:58+00:00
graviton3,simde,256,main_filter,28,"filter_long_lt",100.00,0.029828,0.029828,28,28,2026-10-06T13:28:58+00:00
graviton3,simde,256,main_filter,28,"filter_long_gt",100.00,0.029001,0.029001,28,28,2026-10-06T13:28:58+00:00
graviton3,simde,256,main_filter,28,"filter_long_ne",100.00,0.025941,0.025941,28,28,2026-10-06T13:28:58+00:00
graviton3,simde,256,main_filter,28,"filter_long_le",100.00,0.029101,0.029101,28,28,2026-10-06T13:28:58+00:00
graviton3,simde,256,main_filter,28,"filter_long_ge",100.00,0.029157,0.029157,28,28,2026-10-06T13:28:58+00:00
graviton3,simde,256,main_filter,28,"filter_float_eq",100.00,0.034235,0.034235,28,28,2026-10-06T13:28:58+00:00
graviton3,simde,256,main_filter,28,"filter_float_lt",100.00,0.029135,0.029135,28,28,2026-10-06T13:28:58+00:00
graviton3,simde,256,main_filter,28,"filter_float_gt",100.00,0.028893,0.028893,28,28,2026-10-06T13:28:58+00:00
graviton3,simde,256,main_filter,28,"filter_float_ne",100.00,0.026942,0.026942,28,28,2026-10-06T13:28:58+00:00
graviton3,simde,256,main_filter,28,"filter_float_le",100.00,0.028649,0.028649,28,28,2026-10-06T13:28:58+00:00
graviton3,simde,256,main_filter,28,"filter_float_ge",100.00,0.028390,0.028390,28,28,2026-10-06T13:28:58+00:00
graviton3,simde,256,main_filter,28,"filter_double_eq",100.00,0.032447,0.032447,28,28,2026-10-06T13:28:58+00:00
graviton3,simde,256,main_filter,28,"filter_double_lt",100.00,0.028563,0.028563,28,28,2026-10-06T13:28:58+00:00
graviton3,simde,256,main_filter,28,"filter_double_gt",100.00,0.028507,0.028507,28,28,2026-10-06T13:28:58+00:00
graviton3,simde,256,main_filter,28,"filter_double_ne",100.00,0.025502,0.025502,28,28,2026-10-06T13:28:58+00:00
graviton3,simde,256,main_filter,28,"filter_double_le",100.00,0.028484,0.028484,28,28,2026-10-06T13:28:58+00:00
graviton3,simde,256,main_filter,28,"filter_double_ge",100.00,0.028497,0.028497,28,28,2026-10-06T13:28:58+00:00
graviton3,simde,256,main_filter,28,"filter_char_eq",100.00,0.029554,0.029554,28,28,2026-10-06T13:28:58+00:00
graviton3,simde,256,main_filter,28,"filter_char_lt",100.00,0.020401,0.020401,28,28,2026-10-06T13:28:58+00:00
graviton3,simde,256,main_filter,28,"filter_char_gt",100.00,0.020424,0.020424,28,28,2026-10-06T13:28:58+00:00
graviton3,simde,256,main_filter,28,"filter_char_ne",100.00,0.027877,0.027877,28,28,2026-10-06T13:28:58+00:00
graviton3,simde,256,main_filter,28,"filter_char_le",100.00,0.020806,0.020806,28,28,2026-10-06T13:28:58+00:00
graviton3,simde,256,main_filter,28,"filter_char_ge",100.00,0.020933,0.020933,28,28,2026-10-06T13:28:58+00:00
graviton3,simde,256,main_expr,28,"expr_float/+",100.00,4.496575,4.496575,28,28,2026-10-06T13:30:06+00:00
graviton3,simde,256,main_expr,28,"expr_float/-",100.00,5.386110,5.386110,28,28,2026-10-06T13:30:06+00:00
graviton3,simde,256,main_expr,28,"expr_float/*",100.00,5.651986,5.651986,28,28,2026-10-06T13:30:06+00:00
graviton3,simde,256,main_expr,28,"expr_float//",100.00,3.413060,3.413060,28,28,2026-10-06T13:30:06+00:00
graviton3,simde,256,main_expr,28,"expr_double/+",100.00,2.175235,2.175235,28,28,2026-10-06T13:30:06+00:00
graviton3,simde,256,main_expr,28,"expr_double/-",100.00,2.610763,2.610763,28,28,2026-10-06T13:30:06+00:00
graviton3,simde,256,main_expr,28,"expr_double/*",100.00,2.651612,2.651612,28,28,2026-10-06T13:30:06+00:00
graviton3,simde,256,main_expr,28,"expr_double//",100.00,1.028554,1.028554,28,28,2026-10-06T13:30:06+00:00
graviton3,simde,256,main_expr,28,"expr_decimal/+",100.00,1.615888,1.615888,28,28,2026-10-06T13:30:06+00:00
graviton3,simde,256,main_expr,28,"expr_decimal/-",100.00,1.876502,1.876502,28,28,2026-10-06T13:30:06+00:00
graviton3,simde,256,main_expr,28,"expr_decimal/*",100.00,0.244802,0.244802,28,28,2026-10-06T13:30:06+00:00
graviton3,simde,256,main_expr,28,"expr_decimal//",100.00,0.194318,0.194318,28,28,2026-10-06T13:30:06+00:00
graviton3,simde,256,main_gather,29,"gather_byte",100.00,0.139979,0.139979,29,29,2026-10-06T13:30:19+00:00
graviton3,simde,256,main_gather,29,"gather_short",100.00,0.127801,0.127801,29,29,2026-10-06T13:30:19+00:00
graviton3,simde,256,main_gather,29,"gather_int",100.00,0.143781,0.143781,29,29,2026-10-06T13:30:19+00:00
graviton3,simde,256,main_gather,29,"gather_long",100.00,0.130828,0.130828,29,29,2026-10-06T13:30:19+00:00
graviton3,simde,256,main_gather,29,"gather_char",100.00,0.026190,0.026190,29,29,2026-10-06T13:30:19+00:00
graviton3,simde,256,main_gather,29,"gather_encoded",100.00,0.119082,0.119082,29,29,2026-10-06T13:30:19+00:00
graviton3,simde,256,main_gather,29,"copy_encoded",100.00,1.911604,1.911604,29,29,2026-10-06T13:30:19+00:00
graviton3,simde,128,main_filter,29,"filter_byte_eq",100.00,0.058676,0.058676,29,29,2026-10-06T13:33:20+00:00
graviton3,simde,128,main_filter,29,"filter_byte_lt",100.00,0.038497,0.038497,29,29,2026-10-06T13:33:20+00:00
graviton3,simde,128,main_filter,29,"filter_byte_gt",100.00,0.038192,0.038192,29,29,2026-10-06T13:33:20+00:00
graviton3,simde,128,main_filter,29,"filter_byte_ne",100.00,0.032043,0.032043,29,29,2026-10-06T13:33:20+00:00
graviton3,simde,128,main_filter,29,"filter_byte_le",100.00,0.038291,0.038291,29,29,2026-10-06T13:33:20+00:00
graviton3,simde,128,main_filter,29,"filter_byte_ge",100.00,0.038172,0.038172,29,29,2026-10-06T13:33:20+00:00
graviton3,simde,128,main_filter,29,"filter_short_eq",100.00,0.042066,0.042066,29,29,2026-10-06T13:33:20+00:00
graviton3,simde,128,main_filter,29,"filter_short_lt",100.00,0.031004,0.031004,29,29,2026-10-06T13:33:20+00:00
graviton3,simde,128,main_filter,29,"filter_short_gt",100.00,0.031182,0.031182,29,29,2026-10-06T13:33:20+00:00
graviton3,simde,128,main_filter,29,"filter_short_ne",100.00,0.027643,0.027643,29,29,2026-10-06T13:33:20+00:00
graviton3,simde,128,main_filter,29,"filter_short_le",100.00,0.031192,0.031192,29,29,2026-10-06T13:33:20+00:00
graviton3,simde,128,main_filter,29,"filter_short_ge",100.00,0.030786,0.030786,29,29,2026-10-06T13:33:20+00:00
graviton3,simde,128,main_filter,29,"filter_int_eq",100.00,0.038843,0.038843,29,29,2026-10-06T13:33:20+00:00
graviton3,simde,128,main_filter,29,"filter_int_lt",100.00,0.030465,0.030465,29,29,2026-10-06T13:33:20+00:00
graviton3,simde,128,main_filter,29,"filter_int_gt",100.00,0.030356,0.030356,29,29,2026-10-06T13:33:20+00:00
graviton3,simde,128,main_filter,29,"filter_int_ne",100.00,0.027246,0.027246,29,29,2026-10-06T13:33:20+00:00
graviton3,simde,128,main_filter,29,"filter_int_le",100.00,0.030659,0.030659,29,29,2026-10-06T13:33:20+00:00
graviton3,simde,128,main_filter,29,"filter_int_ge",100.00,0.030371,0.030371,29,29,2026-10-06T13:33:20+00:00
graviton3,simde,128,main_filter,29,"filter_long_eq",100.00,0.036766,0.036766,29,29,2026-10-06T13:33:20+00:00
graviton3,simde,128,main_filter,29,"filter_long_lt",100.00,0.031394,0.031394,29,29,2026-10-06T13:33:20+00:00
graviton3,simde,128,main_filter,29,"filter_long_gt",100.00,0.030886,0.030886,29,29,2026-10-06T13:33:20+00:00
graviton3,simde,128,main_filter,29,"filter_long_ne",100.00,0.027196,0.027196,29,29,2026-10-06T13:33:20+00:00
graviton3,simde,128,main_filter,29,"filter_long_le",100.00,0.031070,0.031070,29,29,2026-10-06T13:33:20+00:00
graviton3,simde,128,main_filter,29,"filter_long_ge",100.00,0.031050,0.031050,29,29,2026-10-06T13:33:20+00:00
graviton3,simde,128,main_filter,29,"filter_float_eq",100.00,0.039695,0.039695,29,29,2026-10-06T13:33:20+00:00
graviton3,simde,128,main_filter,29,"filter_float_lt",100.00,0.032020,0.032020,29,29,2026-10-06T13:33:20+00:00
graviton3,simde,128,main_filter,29,"filter_float_gt",100.00,0.031589,0.031589,29,29,2026-10-06T13:33:20+00:00
graviton3,simde,128,main_filter,29,"filter_float_ne",100.00,0.027643,0.027643,29,29,2026-10-06T13:33:20+00:00
graviton3,simde,128,main_filter,29,"filter_float_le",100.00,0.032156,0.032156,29,29,2026-10-06T13:33:20+00:00
graviton3,simde,128,main_filter,29,"filter_float_ge",100.00,0.032087,0.032087,29,29,2026-10-06T13:33:20+00:00
graviton3,simde,128,main_filter,29,"filter_double_eq",100.00,0.035711,0.035711,29,29,2026-10-06T13:33:20+00:00
graviton3,simde,128,main_filter,29,"filter_double_lt",100.00,0.031326,0.031326,29,29,2026-10-06T13:33:20+00:00
graviton3,simde,128,main_filter,29,"filter_double_gt",100.00,0.030690,0.030690,29,29,2026-10-06T13:33:20+00:00
graviton3,simde,128,main_filter,29,"filter_double_ne",100.00,0.026819,0.026819,29,29,2026-10-06T13:33:20+00:00
graviton3,simde,128,main_filter,29,"filter_double_le",100.00,0.030606,0.030606,29,29,2026-10-06T13:33:20+00:00
graviton3,simde,128,main_filter,29,"filter_double_ge",100.00,0.031131,0.031131,29,29,2026-10-06T13:33:20+00:00
graviton3,simde,128,main_filter,29,"filter_char_eq",100.00,0.032661,0.032661,29,29,2026-10-06T13:33:20+00:00
graviton3,simde,128,main_filter,29,"filter_char_lt",100.00,0.023367,0.023367,29,29,2026-10-06T13:33:20+00:00
graviton3,simde,128,main_filter,29,"filter_char_gt",100.00,0.023174,0.023174,29,29,2026-10-06T13:33:20+00:00
graviton3,simde,128,main_filter,29,"filter_char_ne",100.00,0.029873,0.029873,29,29,2026-10-06T13:33:20+00:00
graviton3,simde,128,main_filter,29,"filter_char_le",100.00,0.023580,0.023580,29,29,2026-10-06T13:33:20+00:00
graviton3,simde,128,main_filter,29,"filter_char_ge",100.00,0.023591,0.023591,29,29,2026-10-06T13:33:20+00:00
graviton3,simde,256,main_filter,29,"filter_byte_eq",100.00,0.049185,0.049185,29,29,2026-10-06T13:33:45+00:00
graviton3,simde,256,main_filter,29,"filter_byte_lt",100.00,0.034324,0.034324,29,29,2026-10-06T13:33:45+00:00
graviton3,simde,256,main_filter,29,"filter_byte_gt",100.00,0.035331,0.035331,29,29,2026-10-06T13:33:45+00:00
graviton3,simde,256,main_filter,29,"filter_byte_ne",100.00,0.030656,0.030656,29,29,2026-10-06T13:33:45+00:00
graviton3,simde,256,main_filter,29,"filter_byte_le",100.00,0.034716,0.034716,29,29,2026-10-06T13:33:45+00:00
graviton3,simde,256,main_filter,29,"filter_byte_ge",100.00,0.035455,0.035455,29,29,2026-10-06T13:33:45+00:00
graviton3,simde,256,main_filter,29,"filter_short_eq",100.00,0.036239,0.036239,29,29,2026-10-06T13:33:45+00:00
graviton3,simde,256,main_filter,29,"filter_short_lt",100.00,0.029298,0.029298,29,29,2026-10-06T13:33:45+00:00
graviton3,simde,256,main_filter,29,"filter_short_gt",100.00,0.029715,0.029715,29,29,2026-10-06T13:33:45+00:00
graviton3,simde,256,main_filter,29,"filter_short_ne",100.00,0.026802,0.026802,29,29,2026-10-06T13:33:45+00:00
graviton3,simde,256,main_filter,29,"filter_short_le",100.00,0.030890,0.030890,29,29,2026-10-06T13:33:45+00:00
graviton3,simde,256,main_filter,29,"filter_short_ge",100.00,0.029789,0.029789,29,29,2026-10-06T13:33:45+00:00
graviton3,simde,256,main_filter,29,"filter_int_eq",100.00,0.032876,0.032876,29,29,2026-10-06T13:33:45+00:00
graviton3,simde,256,main_filter,29,"filter_int_lt",100.00,0.028693,0.028693,29,29,2026-10-06T13:33:45+00:00
graviton3,simde,256,main_filter,29,"filter_int_gt",100.00,0.028201,0.028201,29,29,2026-10-06T13:33:45+00:00
graviton3,simde,256,main_filter,29,"filter_int_ne",100.00,0.026105,0.026105,29,29,2026-10-06T13:33:45+00:00
graviton3,simde,256,main_filter,29,"filter_int_le",100.00,0.029199,0.029199,29,29,2026-10-06T13:33:45+00:00
graviton3,simde,256,main_filter,29,"filter_int_ge",100.00,0.028697,0.028697,29,29,2026-10-06T13:33:45+00:00
graviton3,simde,256,main_filter,29,"filter_long_eq",100.00,0.034183,0.034183,29,29,2026-10-06T13:33:45+00:00
graviton3,simde,256,main_filter,29,"filter_long_lt",100.00,0.030254,0.030254,29,29,2026-10-06T13:33:45+00:00
graviton3,simde,256,main_filter,29,"filter_long_gt",100.00,0.029456,0.029456,29,29,2026-10-06T13:33:45+00:00
graviton3,simde,256,main_filter,29,"filter_long_ne",100.00,0.026581,0.026581,29,29,2026-10-06T13:33:45+00:00
graviton3,simde,256,main_filter,29,"filter_long_le",100.00,0.029629,0.029629,29,29,2026-10-06T13:33:45+00:00
graviton3,simde,256,main_filter,29,"filter_long_ge",100.00,0.029531,0.029531,29,29,2026-10-06T13:33:45+00:00
graviton3,simde,256,main_filter,29,"filter_float_eq",100.00,0.036336,0.036336,29,29,2026-10-06T13:33:45+00:00
graviton3,simde,256,main_filter,29,"filter_float_lt",100.00,0.030008,0.030008,29,29,2026-10-06T13:33:45+00:00
graviton3,simde,256,main_filter,29,"filter_float_gt",100.00,0.029733,0.029733,29,29,2026-10-06T13:33:45+00:00
graviton3,simde,256,main_filter,29,"filter_float_ne",100.00,0.028210,0.028210,29,29,2026-10-06T13:33:45+00:00
graviton3,simde,256,main_filter,29,"filter_float_le",100.00,0.030182,0.030182,29,29,2026-10-06T13:33:45+00:00
graviton3,simde,256,main_filter,29,"filter_float_ge",100.00,0.029610,0.029610,29,29,2026-10-06T13:33:45+00:00
graviton3,simde,256,main_filter,29,"filter_double_eq",100.00,0.032857,0.032857,29,29,2026-10-06T13:33:45+00:00
graviton3,simde,256,main_filter,29,"filter_double_lt",100.00,0.029252,0.029252,29,29,2026-10-06T13:33:45+00:00
graviton3,simde,256,main_filter,29,"filter_double_gt",100.00,0.029314,0.029314,29,29,2026-10-06T13:33:45+00:00
graviton3,simde,256,main_filter,29,"filter_double_ne",100.00,0.025812,0.025812,29,29,2026-10-06T13:33:45+00:00
graviton3,simde,256,main_filter,29,"filter_double_le",100.00,0.028811,0.028811,29,29,2026-10-06T13:33:45+00:00
graviton3,simde,256,main_filter,29,"filter_double_ge",100.00,0.028661,0.028661,29,29,2026-10-06T13:33:45+00:00
graviton3,simde,256,main_filter,29,"filter_char_eq",100.00,0.029166,0.029166,29,29,2026-10-06T13:33:45+00:00
graviton3,simde,256,main_filter,29,"filter_char_lt",100.00,0.020100,0.020100,29,29,2026-10-06T13:33:45+00:00
graviton3,simde,256,main_filter,29,"filter_char_gt",100.00,0.020301,0.020301,29,29,2026-10-06T13:33:45+00:00
graviton3,simde,256,main_filter,29,"filter_char_ne",100.00,0.027269,0.027269,29,29,2026-10-06T13:33:45+00:00
graviton3,simde,256,main_filter,29,"filter_char_le",100.00,0.020613,0.020613,29,29,2026-10-06T13:33:45+00:00
graviton3,simde,256,main_filter,29,"filter_char_ge",100.00,0.020712,0.020712,29,29,2026-10-06T13:33:45+00:00
graviton3,simde,256,main_expr,29,"expr_float/+",100.00,4.569005,4.569005,29,29,2026-10-06T13:34:52+00:00
graviton3,simde,256,main_expr,29,"expr_float/-",100.00,5.458483,5.458483,29,29,2026-10-06T13:34:52+00:00
graviton3,simde,256,main_expr,29,"expr_float/*",100.00,5.617114,5.617114,29,29,2026-10-06T13:34:52+00:00
graviton3,simde,256,main_expr,29,"expr_float//",100.00,3.419249,3.419249,29,29,2026-10-06T13:34:52+00:00
graviton3,simde,256,main_expr,29,"expr_double/+",100.00,2.182143,2.182143,29,29,2026-10-06T13:34:52+00:00
graviton3,simde,256,main_expr,29,"expr_double/-",100.00,2.619240,2.619240,29,29,2026-10-06T13:34:52+00:00
graviton3,simde,256,main_expr,29,"expr_double/*",100.00,2.647031,2.647031,29,29,2026-10-06T13:34:52+00:00
graviton3,simde,256,main_expr,29,"expr_double//",100.00,1.029963,1.029963,29,29,2026-10-06T13:34:52+00:00
graviton3,simde,256,main_expr,29,"expr_decimal/+",100.00,1.620038,1.620038,29,29,2026-10-06T13:34:52+00:00
graviton3,simde,256,main_expr,29,"expr_decimal/-",100.00,1.859768,1.859768,29,29,2026-10-06T13:34:52+00:00
graviton3,simde,256,main_expr,29,"expr_decimal/*",100.00,0.243584,0.243584,29,29,2026-10-06T13:34:52+00:00
graviton3,simde,256,main_expr,29,"expr_decimal//",100.00,0.195101,0.195101,29,29,2026-10-06T13:34:52+00:00
graviton3,simde,256,main_gather,30,"gather_byte",100.00,0.137633,0.137633,30,30,2026-10-06T13:35:05+00:00
graviton3,simde,256,main_gather,30,"gather_short",100.00,0.127973,0.127973,30,30,2026-10-06T13:35:05+00:00
graviton3,simde,256,main_gather,30,"gather_int",100.00,0.140747,0.140747,30,30,2026-10-06T13:35:05+00:00
graviton3,simde,256,main_gather,30,"gather_long",100.00,0.130208,0.130208,30,30,2026-10-06T13:35:05+00:00
graviton3,simde,256,main_gather,30,"gather_char",100.00,0.026435,0.026435,30,30,2026-10-06T13:35:05+00:00
graviton3,simde,256,main_gather,30,"gather_encoded",100.00,0.121638,0.121638,30,30,2026-10-06T13:35:05+00:00
graviton3,simde,256,main_gather,30,"copy_encoded",100.00,1.916033,1.916033,30,30,2026-10-06T13:35:05+00:00
graviton3,simde,128,main_hash,23,"jenkins_hash",100.00,0.017211,0.017211,30,30,2026-10-06T13:38:06+00:00
graviton3,simde,128,main_hash,23,"fnv_hash",100.00,0.025099,0.025099,30,30,2026-10-06T13:38:06+00:00
graviton3,simde,128,main_hash,23,"murmur_hash",100.00,0.055060,0.055060,30,30,2026-10-06T13:38:06+00:00
graviton3,simde,128,main_filter,30,"filter_byte_eq",100.00,0.062453,0.062453,30,30,2026-10-06T13:38:31+00:00
graviton3,simde,128,main_filter,30,"filter_byte_lt",100.00,0.038846,0.038846,30,30,2026-10-06T13:38:31+00:00
graviton3,simde,128,main_filter,30,"filter_byte_gt",100.00,0.038508,0.038508,30,30,2026-10-06T13:38:31+00:00
graviton3,simde,128,main_filter,30,"filter_byte_ne",100.00,0.032089,0.032089,30,30,2026-10-06T13:38:31+00:00
graviton3,simde,128,main_filter,30,"filter_byte_le",100.00,0.039160,0.039160,30,30,2026-10-06T13:38:31+00:00
graviton3,simde,128,main_filter,30,"filter_byte_ge",100.00,0.038696,0.038696,30,30,2026-10-06T13:38:31+00:00
graviton3,simde,128,main_filter,30,"filter_short_eq",100.00,0.044284,0.044284,30,30,2026-10-06T13:38:31+00:00
graviton3,simde,128,main_filter,30,"filter_short_lt",100.00,0.031884,0.031884,30,30,2026-10-06T13:38:31+00:00
graviton3,simde,128,main_filter,30,"filter_short_gt",100.00,0.032406,0.032406,30,30,2026-10-06T13:38:31+00:00
graviton3,simde,128,main_filter,30,"filter_short_ne",100.00,0.029264,0.029264,30,30,2026-10-06T13:38:31+00:00
graviton3,simde,128,main_filter,30,"filter_short_le",100.00,0.032661,0.032661,30,30,2026-10-06T13:38:31+00:00
graviton3,simde,128,main_filter,30,"filter_short_ge",100.00,0.031938,0.031938,30,30,2026-10-06T13:38:31+00:00
graviton3,simde,128,main_filter,30,"filter_int_eq",100.00,0.038870,0.038870,30,30,2026-10-06T13:38:31+00:00
graviton3,simde,128,main_filter,30,"filter_int_lt",100.00,0.030451,0.030451,30,30,2026-10-06T13:38:31+00:00
graviton3,simde,128,main_filter,30,"filter_int_gt",100.00,0.030173,0.030173,30,30,2026-10-06T13:38:31+00:00
graviton3,simde,128,main_filter,30,"filter_int_ne",100.00,0.027450,0.027450,30,30,2026-10-06T13:38:31+00:00
graviton3,simde,128,main_filter,30,"filter_int_le",100.00,0.030919,0.030919,30,30,2026-10-06T13:38:31+00:00
graviton3,simde,128,main_filter,30,"filter_int_ge",100.00,0.030652,0.030652,30,30,2026-10-06T13:38:31+00:00
graviton3,simde,128,main_filter,30,"filter_long_eq",100.00,0.037430,0.037430,30,30,2026-10-06T13:38:31+00:00
graviton3,simde,128,main_filter,30,"filter_long_lt",100.00,0.031879,0.031879,30,30,2026-10-06T13:38:31+00:00
graviton3,simde,128,main_filter,30,"filter_long_gt",100.00,0.031625,0.031625,30,30,2026-10-06T13:38:31+00:00
graviton3,simde,128,main_filter,30,"filter_long_ne",100.00,0.027725,0.027725,30,30,2026-10-06T13:38:31+00:00
graviton3,simde,128,main_filter,30,"filter_long_le",100.00,0.031747,0.031747,30,30,2026-10-06T13:38:31+00:00
graviton3,simde,128,main_filter,30,"filter_long_ge",100.00,0.031734,0.031734,30,30,2026-10-06T13:38:31+00:00
graviton3,simde,128,main_filter,30,"filter_float_eq",100.00,0.040307,0.040307,30,30,2026-10-06T13:38:31+00:00
graviton3,simde,128,main_filter,30,"filter_float_lt",100.00,0.032340,0.032340,30,30,2026-10-06T13:38:31+00:00
graviton3,simde,128,main_filter,30,"filter_float_gt",100.00,0.032190,0.032190,30,30,2026-10-06T13:38:31+00:00
graviton3,simde,128,main_filter,30,"filter_float_ne",100.00,0.027851,0.027851,30,30,2026-10-06T13:38:31+00:00
graviton3,simde,128,main_filter,30,"filter_float_le",100.00,0.032174,0.032174,30,30,2026-10-06T13:38:31+00:00
graviton3,simde,128,main_filter,30,"filter_float_ge",100.00,0.032310,0.032310,30,30,2026-10-06T13:38:31+00:00
graviton3,simde,128,main_filter,30,"filter_double_eq",100.00,0.035790,0.035790,30,30,2026-10-06T13:38:31+00:00
graviton3,simde,128,main_filter,30,"filter_double_lt",100.00,0.031701,0.031701,30,30,2026-10-06T13:38:31+00:00
graviton3,simde,128,main_filter,30,"filter_double_gt",100.00,0.031636,0.031636,30,30,2026-10-06T13:38:31+00:00
graviton3,simde,128,main_filter,30,"filter_double_ne",100.00,0.027230,0.027230,30,30,2026-10-06T13:38:31+00:00
graviton3,simde,128,main_filter,30,"filter_double_le",100.00,0.031436,0.031436,30,30,2026-10-06T13:38:31+00:00
graviton3,simde,128,main_filter,30,"filter_double_ge",100.00,0.031052,0.031052,30,30,2026-10-06T13:38:31+00:00
graviton3,simde,128,main_filter,30,"filter_char_eq",100.00,0.032545,0.032545,30,30,2026-10-06T13:38:31+00:00
graviton3,simde,128,main_filter,30,"filter_char_lt",100.00,0.023283,0.023283,30,30,2026-10-06T13:38:31+00:00
graviton3,simde,128,main_filter,30,"filter_char_gt",100.00,0.023235,0.023235,30,30,2026-10-06T13:38:31+00:00
graviton3,simde,128,main_filter,30,"filter_char_ne",100.00,0.029882,0.029882,30,30,2026-10-06T13:38:31+00:00
graviton3,simde,128,main_filter,30,"filter_char_le",100.00,0.023657,0.023657,30,30,2026-10-06T13:38:31+00:00
graviton3,simde,128,main_filter,30,"filter_char_ge",100.00,0.023625,0.023625,30,30,2026-10-06T13:38:31+00:00
graviton3,simde,256,main_filter,30,"filter_byte_eq",100.00,0.047369,0.047369,30,30,2026-10-06T13:38:55+00:00
graviton3,simde,256,main_filter,30,"filter_byte_lt",100.00,0.033883,0.033883,30,30,2026-10-06T13:38:55+00:00
graviton3,simde,256,main_filter,30,"filter_byte_gt",100.00,0.034792,0.034792,30,30,2026-10-06T13:38:55+00:00
graviton3,simde,256,main_filter,30,"filter_byte_ne",100.00,0.030111,0.030111,30,30,2026-10-06T13:38:55+00:00
graviton3,simde,256,main_filter,30,"filter_byte_le",100.00,0.034118,0.034118,30,30,2026-10-06T13:38:55+00:00
graviton3,simde,256,main_filter,30,"filter_byte_ge",100.00,0.034261,0.034261,30,30,2026-10-06T13:38:55+00:00
graviton3,simde,256,main_filter,30,"filter_short_eq",100.00,0.035376,0.035376,30,30,2026-10-06T13:38:55+00:00
graviton3,simde,256,main_filter,30,"filter_short_lt",100.00,0.029596,0.029596,30,30,2026-10-06T13:38:55+00:00
graviton3,simde,256,main_filter,30,"filter_short_gt",100.00,0.029709,0.029709,30,30,2026-10-06T13:38:55+00:00
graviton3,simde,256,main_filter,30,"filter_short_ne",100.00,0.026740,0.026740,30,30,2026-10-06T13:38:55+00:00
graviton3,simde,256,main_filter,30,"filter_short_le",100.00,0.031198,0.031198,30,30,2026-10-06T13:38:55+00:00
graviton3,simde,256,main_filter,30,"filter_short_ge",100.00,0.030102,0.030102,30,30,2026-10-06T13:38:55+00:00
graviton3,simde,256,main_filter,30,"filter_int_eq",100.00,0.033762,0.033762,30,30,2026-10-06T13:38:55+00:00
graviton3,simde,256,main_filter,30,"filter_int_lt",100.00,0.029461,0.029461,30,30,2026-10-06T13:38:55+00:00
graviton3,simde,256,main_filter,30,"filter_int_gt",100.00,0.029309,0.029309,30,30,2026-10-06T13:38:55+00:00
graviton3,simde,256,main_filter,30,"filter_int_ne",100.00,0.026249,0.026249,30,30,2026-10-06T13:38:55+00:00
graviton3,simde,256,main_filter,30,"filter_int_le",100.00,0.029753,0.029753,30,30,2026-10-06T13:38:55+00:00
graviton3,simde,256,main_filter,30,"filter_int_ge",100.00,0.029420,0.029420,30,30,2026-10-06T13:38:55+00:00
graviton3,simde,256,main_filter,30,"filter_long_eq",100.00,0.033485,0.033485,30,30,2026-10-06T13:38:55+00:00
graviton3,simde,256,main_filter,30,"filter_long_lt",100.00,0.029308,0.029308,30,30,2026-10-06T13:38:55+00:00
graviton3,simde,256,main_filter,30,"filter_long_gt",100.00,0.029317,0.029317,30,30,2026-10-06T13:38:55+00:00
graviton3,simde,256,main_filter,30,"filter_long_ne",100.00,0.025993,0.025993,30,30,2026-10-06T13:38:55+00:00
graviton3,simde,256,main_filter,30,"filter_long_le",100.00,0.029400,0.029400,30,30,2026-10-06T13:38:55+00:00
graviton3,simde,256,main_filter,30,"filter_long_ge",100.00,0.028955,0.028955,30,30,2026-10-06T13:38:55+00:00
graviton3,simde,256,main_filter,30,"filter_float_eq",100.00,0.034363,0.034363,30,30,2026-10-06T13:38:55+00:00
graviton3,simde,256,main_filter,30,"filter_float_lt",100.00,0.029175,0.029175,30,30,2026-10-06T13:38:55+00:00
graviton3,simde,256,main_filter,30,"filter_float_gt",100.00,0.029203,0.029203,30,30,2026-10-06T13:38:55+00:00
graviton3,simde,256,main_filter,30,"filter_float_ne",100.00,0.026864,0.026864,30,30,2026-10-06T13:38:55+00:00
graviton3,simde,256,main_filter,30,"filter_float_le",100.00,0.029569,0.029569,30,30,2026-10-06T13:38:55+00:00
graviton3,simde,256,main_filter,30,"filter_float_ge",100.00,0.028875,0.028875,30,30,2026-10-06T13:38:55+00:00
graviton3,simde,256,main_filter,30,"filter_double_eq",100.00,0.031976,0.031976,30,30,2026-10-06T13:38:55+00:00
graviton3,simde,256,main_filter,30,"filter_double_lt",100.00,0.028660,0.028660,30,30,2026-10-06T13:38:55+00:00
graviton3,simde,256,main_filter,30,"filter_double_gt",100.00,0.027799,0.027799,30,30,2026-10-06T13:38:55+00:00
graviton3,simde,256,main_filter,30,"filter_double_ne",100.00,0.025407,0.025407,30,30,2026-10-06T13:38:55+00:00
graviton3,simde,256,main_filter,30,"filter_double_le",100.00,0.028466,0.028466,30,30,2026-10-06T13:38:55+00:00
graviton3,simde,256,main_filter,30,"filter_double_ge",100.00,0.028439,0.028439,30,30,2026-10-06T13:38:55+00:00
graviton3,simde,256,main_filter,30,"filter_char_eq",100.00,0.029515,0.029515,30,30,2026-10-06T13:38:55+00:00
graviton3,simde,256,main_filter,30,"filter_char_lt",100.00,0.020317,0.020317,30,30,2026-10-06T13:38:55+00:00
graviton3,simde,256,main_filter,30,"filter_char_gt",100.00,0.020442,0.020442,30,30,2026-10-06T13:38:55+00:00
graviton3,simde,256,main_filter,30,"filter_char_ne",100.00,0.027744,0.027744,30,30,2026-10-06T13:38:55+00:00
graviton3,simde,256,main_filter,30,"filter_char_le",100.00,0.020911,0.020911,30,30,2026-10-06T13:38:55+00:00
graviton3,simde,256,main_filter,30,"filter_char_ge",100.00,0.020830,0.020830,30,30,2026-10-06T13:38:55+00:00
graviton3,simde,256,main_expr,30,"expr_float/+",100.00,4.294330,4.294330,30,30,2026-10-06T13:40:03+00:00
graviton3,simde,256,main_expr,30,"expr_float/-",100.00,5.097634,5.097634,30,30,2026-10-06T13:40:03+00:00
graviton3,simde,256,main_expr,30,"expr_float/*",100.00,5.357874,5.357874,30,30,2026-10-06T13:40:03+00:00
graviton3,simde,256,main_expr,30,"expr_float//",100.00,3.346627,3.346627,30,30,2026-10-06T13:40:03+00:00
graviton3,simde,256,main_expr,30,"expr_double/+",100.00,2.088520,2.088520,30,30,2026-10-06T13:40:03+00:00
graviton3,simde,256,main_expr,30,"expr_double/-",100.00,2.457391,2.457391,30,30,2026-10-06T13:40:03+00:00
graviton3,simde,256,main_expr,30,"expr_double/*",100.00,2.506006,2.506006,30,30,2026-10-06T13:40:03+00:00
graviton3,simde,256,main_expr,30,"expr_double//",100.00,1.025789,1.025789,30,30,2026-10-06T13:40:03+00:00
graviton3,simde,256,main_expr,30,"expr_decimal/+",100.00,1.502218,1.502218,30,30,2026-10-06T13:40:03+00:00
graviton3,simde,256,main_expr,30,"expr_decimal/-",100.00,1.708444,1.708444,30,30,2026-10-06T13:40:03+00:00
graviton3,simde,256,main_expr,30,"expr_decimal/*",100.00,0.243862,0.243862,30,30,2026-10-06T13:40:03+00:00
graviton3,simde,256,main_expr,30,"expr_decimal//",100.00,0.193812,0.193812,30,30,2026-10-06T13:40:03+00:00
graviton3,simde,256,main_gather,31,"gather_byte",100.00,0.139386,0.139386,31,31,2026-10-06T13:40:16+00:00
graviton3,simde,256,main_gather,31,"gather_short",100.00,0.130600,0.130600,31,31,2026-10-06T13:40:16+00:00
graviton3,simde,256,main_gather,31,"gather_int",100.00,0.150077,0.150077,31,31,2026-10-06T13:40:16+00:00
graviton3,simde,256,main_gather,31,"gather_long",100.00,0.129888,0.129888,31,31,2026-10-06T13:40:16+00:00
graviton3,simde,256,main_gather,31,"gather_char",100.00,0.026242,0.026242,31,31,2026-10-06T13:40:16+00:00
graviton3,simde,256,main_gather,31,"gather_encoded",100.00,0.124864,0.124864,31,31,2026-10-06T13:40:16+00:00
graviton3,simde,256,main_gather,31,"copy_encoded",100.00,1.913302,1.913302,31,31,2026-10-06T13:40:16+00:00
graviton3,simde,128,main_hash,24,"jenkins_hash",100.00,0.017210,0.017210,31,31,2026-10-06T13:43:17+00:00
graviton3,simde,128,main_hash,24,"fnv_hash",100.00,0.025182,0.025182,31,31,2026-10-06T13:43:17+00:00
graviton3,simde,128,main_hash,24,"murmur_hash",100.00,0.053489,0.053489,31,31,2026-10-06T13:43:17+00:00
graviton3,simde,128,main_filter,31,"filter_byte_eq",100.00,0.062137,0.062137,31,31,2026-10-06T13:43:42+00:00
graviton3,simde,128,main_filter,31,"filter_byte_lt",100.00,0.038473,0.038473,31,31,2026-10-06T13:43:42+00:00
graviton3,simde,128,main_filter,31,"filter_byte_gt",100.00,0.038522,0.038522,31,31,2026-10-06T13:43:42+00:00
graviton3,simde,128,main_filter,31,"filter_byte_ne",100.00,0.031834,0.031834,31,31,2026-10-06T13:43:42+00:00
graviton3,simde,128,main_filter,31,"filter_byte_le",100.00,0.038279,0.038279,31,31,2026-10-06T13:43:42+00:00
graviton3,simde,128,main_filter,31,"filter_byte_ge",100.00,0.038731,0.038731,31,31,2026-10-06T13:43:42+00:00
graviton3,simde,128,main_filter,31,"filter_short_eq",100.00,0.043972,0.043972,31,31,2026-10-06T13:43:42+00:00
graviton3,simde,128,main_filter,31,"filter_short_lt",100.00,0.031401,0.031401,31,31,2026-10-06T13:43:42+00:00
graviton3,simde,128,main_filter,31,"filter_short_gt",100.00,0.031409,0.031409,31,31,2026-10-06T13:43:42+00:00
graviton3,simde,128,main_filter,31,"filter_short_ne",100.00,0.027874,0.027874,31,31,2026-10-06T13:43:42+00:00
graviton3,simde,128,main_filter,31,"filter_short_le",100.00,0.032016,0.032016,31,31,2026-10-06T13:43:42+00:00
graviton3,simde,128,main_filter,31,"filter_short_ge",100.00,0.030615,0.030615,31,31,2026-10-06T13:43:42+00:00
graviton3,simde,128,main_filter,31,"filter_int_eq",100.00,0.038920,0.038920,31,31,2026-10-06T13:43:42+00:00
graviton3,simde,128,main_filter,31,"filter_int_lt",100.00,0.030885,0.030885,31,31,2026-10-06T13:43:42+00:00
graviton3,simde,128,main_filter,31,"filter_int_gt",100.00,0.030627,0.030627,31,31,2026-10-06T13:43:42+00:00
graviton3,simde,128,main_filter,31,"filter_int_ne",100.00,0.027864,0.027864,31,31,2026-10-06T13:43:42+00:00
graviton3,simde,128,main_filter,31,"filter_int_le",100.00,0.030801,0.030801,31,31,2026-10-06T13:43:42+00:00
graviton3,simde,128,main_filter,31,"filter_int_ge",100.00,0.030526,0.030526,31,31,2026-10-06T13:43:42+00:00
graviton3,simde,128,main_filter,31,"filter_long_eq",100.00,0.036613,0.036613,31,31,2026-10-06T13:43:42+00:00
graviton3,simde,128,main_filter,31,"filter_long_lt",100.00,0.031153,0.031153,31,31,2026-10-06T13:43:42+00:00
graviton3,simde,128,main_filter,31,"filter_long_gt",100.00,0.031170,0.031170,31,31,2026-10-06T13:43:42+00:00
graviton3,simde,128,main_filter,31,"filter_long_ne",100.00,0.027476,0.027476,31,31,2026-10-06T13:43:42+00:00
graviton3,simde,128,main_filter,31,"filter_long_le",100.00,0.031048,0.031048,31,31,2026-10-06T13:43:42+00:00
graviton3,simde,128,main_filter,31,"filter_long_ge",100.00,0.031394,0.031394,31,31,2026-10-06T13:43:42+00:00
graviton3,simde,128,main_filter,31,"filter_float_eq",100.00,0.039246,0.039246,31,31,2026-10-06T13:43:42+00:00
graviton3,simde,128,main_filter,31,"filter_float_lt",100.00,0.031958,0.031958,31,31,2026-10-06T13:43:42+00:00
graviton3,simde,128,main_filter,31,"filter_float_gt",100.00,0.031642,0.031642,31,31,2026-10-06T13:43:42+00:00
graviton3,simde,128,main_filter,31,"filter_float_ne",100.00,0.026782,0.026782,31,31,2026-10-06T13:43:42+00:00
graviton3,simde,128,main_filter,31,"filter_float_le",100.00,0.031614,0.031614,31,31,2026-10-06T13:43:42+00:00
graviton3,simde,128,main_filter,31,"filter_float_ge",100.00,0.031571,0.031571,31,31,2026-10-06T13:43:42+00:00
graviton3,simde,128,main_filter,31,"filter_double_eq",100.00,0.036226,0.036226,31,31,2026-10-06T13:43:42+00:00
graviton3,simde,128,main_filter,31,"filter_double_lt",100.00,0.031554,0.031554,31,31,2026-10-06T13:43:42+00:00
graviton3,simde,128,main_filter,31,"filter_double_gt",100.00,0.031626,0.031626,31,31,2026-10-06T13:43:42+00:00
graviton3,simde,128,main_filter,31,"filter_double_ne",100.00,0.027347,0.027347,31,31,2026-10-06T13:43:42+00:00
graviton3,simde,128,main_filter,31,"filter_double_le",100.00,0.030850,0.030850,31,31,2026-10-06T13:43:42+00:00
graviton3,simde,128,main_filter,31,"filter_double_ge",100.00,0.031507,0.031507,31,31,2026-10-06T13:43:42+00:00
graviton3,simde,128,main_filter,31,"filter_char_eq",100.00,0.032941,0.032941,31,31,2026-10-06T13:43:42+00:00
graviton3,simde,128,main_filter,31,"filter_char_lt",100.00,0.023467,0.023467,31,31,2026-10-06T13:43:42+00:00
graviton3,simde,128,main_filter,31,"filter_char_gt",100.00,0.023483,0.023483,31,31,2026-10-06T13:43:42+00:00
graviton3,simde,128,main_filter,31,"filter_char_ne",100.00,0.030228,0.030228,31,31,2026-10-06T13:43:42+00:00
graviton3,simde,128,main_filter,31,"filter_char_le",100.00,0.023778,0.023778,31,31,2026-10-06T13:43:42+00:00
graviton3,simde,128,main_filter,31,"filter_char_ge",100.00,0.023858,0.023858,31,31,2026-10-06T13:43:42+00:00
graviton3,simde,256,main_filter,31,"filter_byte_eq",100.00,0.055066,0.055066,31,31,2026-10-06T13:44:06+00:00
graviton3,simde,256,main_filter,31,"filter_byte_lt",100.00,0.037983,0.037983,31,31,2026-10-06T13:44:06+00:00
graviton3,simde,256,main_filter,31,"filter_byte_gt",100.00,0.038661,0.038661,31,31,2026-10-06T13:44:06+00:00
graviton3,simde,256,main_filter,31,"filter_byte_ne",100.00,0.032142,0.032142,31,31,2026-10-06T13:44:06+00:00
graviton3,simde,256,main_filter,31,"filter_byte_le",100.00,0.038461,0.038461,31,31,2026-10-06T13:44:06+00:00
graviton3,simde,256,main_filter,31,"filter_byte_ge",100.00,0.038034,0.038034,31,31,2026-10-06T13:44:06+00:00
graviton3,simde,256,main_filter,31,"filter_short_eq",100.00,0.038718,0.038718,31,31,2026-10-06T13:44:06+00:00
graviton3,simde,256,main_filter,31,"filter_short_lt",100.00,0.031051,0.031051,31,31,2026-10-06T13:44:06+00:00
graviton3,simde,256,main_filter,31,"filter_short_gt",100.00,0.031333,0.031333,31,31,2026-10-06T13:44:06+00:00
graviton3,simde,256,main_filter,31,"filter_short_ne",100.00,0.028213,0.028213,31,31,2026-10-06T13:44:06+00:00
graviton3,simde,256,main_filter,31,"filter_short_le",100.00,0.031988,0.031988,31,31,2026-10-06T13:44:06+00:00
graviton3,simde,256,main_filter,31,"filter_short_ge",100.00,0.030967,0.030967,31,31,2026-10-06T13:44:06+00:00
graviton3,simde,256,main_filter,31,"filter_int_eq",100.00,0.034808,0.034808,31,31,2026-10-06T13:44:06+00:00
graviton3,simde,256,main_filter,31,"filter_int_lt",100.00,0.030038,0.030038,31,31,2026-10-06T13:44:06+00:00
graviton3,simde,256,main_filter,31,"filter_int_gt",100.00,0.029602,0.029602,31,31,2026-10-06T13:44:06+00:00
graviton3,simde,256,main_filter,31,"filter_int_ne",100.00,0.027393,0.027393,31,31,2026-10-06T13:44:06+00:00
graviton3,simde,256,main_filter,31,"filter_int_le",100.00,0.029868,0.029868,31,31,2026-10-06T13:44:06+00:00
graviton3,simde,256,main_filter,31,"filter_int_ge",100.00,0.029542,0.029542,31,31,2026-10-06T13:44:06+00:00
graviton3,simde,256,main_filter,31,"filter_long_eq",100.00,0.035254,0.035254,31,31,2026-10-06T13:44:06+00:00
graviton3,simde,256,main_filter,31,"filter_long_lt",100.00,0.030733,0.030733,31,31,2026-10-06T13:44:06+00:00
graviton3,simde,256,main_filter,31,"filter_long_gt",100.00,0.029895,0.029895,31,31,2026-10-06T13:44:06+00:00
graviton3,simde,256,main_filter,31,"filter_long_ne",100.00,0.026750,0.026750,31,31,2026-10-06T13:44:06+00:00
graviton3,simde,256,main_filter,31,"filter_long_le",100.00,0.030155,0.030155,31,31,2026-10-06T13:44:06+00:00
graviton3,simde,256,main_filter,31,"filter_long_ge",100.00,0.030125,0.030125,31,31,2026-10-06T13:44:06+00:00
graviton3,simde,256,main_filter,31,"filter_float_eq",100.00,0.036552,0.036552,31,31,2026-10-06T13:44:06+00:00
graviton3,simde,256,main_filter,31,"filter_float_lt",100.00,0.030292,0.030292,31,31,2026-10-06T13:44:06+00:00
graviton3,simde,256,main_filter,31,"filter_float_gt",100.00,0.030120,0.030120,31,31,2026-10-06T13:44:06+00:00
graviton3,simde,256,main_filter,31,"filter_float_ne",100.00,0.028368,0.028368,31,31,2026-10-06T13:44:06+00:00
graviton3,simde,256,main_filter,31,"filter_float_le",100.00,0.029829,0.029829,31,31,2026-10-06T13:44:06+00:00
graviton3,simde,256,main_filter,31,"filter_float_ge",100.00,0.029666,0.029666,31,31,2026-10-06T13:44:06+00:00
graviton3,simde,256,main_filter,31,"filter_double_eq",100.00,0.032864,0.032864,31,31,2026-10-06T13:44:06+00:00
graviton3,simde,256,main_filter,31,"filter_double_lt",100.00,0.029089,0.029089,31,31,2026-10-06T13:44:06+00:00
graviton3,simde,256,main_filter,31,"filter_double_gt",100.00,0.028833,0.028833,31,31,2026-10-06T13:44:06+00:00
graviton3,simde,256,main_filter,31,"filter_double_ne",100.00,0.025805,0.025805,31,31,2026-10-06T13:44:06+00:00
graviton3,simde,256,main_filter,31,"filter_double_le",100.00,0.028578,0.028578,31,31,2026-10-06T13:44:06+00:00
graviton3,simde,256,main_filter,31,"filter_double_ge",100.00,0.028514,0.028514,31,31,2026-10-06T13:44:06+00:00
graviton3,simde,256,main_filter,31,"filter_char_eq",100.00,0.029772,0.029772,31,31,2026-10-06T13:44:06+00:00
graviton3,simde,256,main_filter,31,"filter_char_lt",100.00,0.020309,0.020309,31,31,2026-10-06T13:44:06+00:00
graviton3,simde,256,main_filter,31,"filter_char_gt",100.00,0.020462,0.020462,31,31,2026-10-06T13:44:06+00:00
graviton3,simde,256,main_filter,31,"filter_char_ne",100.00,0.027799,0.027799,31,31,2026-10-06T13:44:06+00:00
graviton3,simde,256,main_filter,31,"filter_char_le",100.00,0.020627,0.020627,31,31,2026-10-06T13:44:06+00:00
graviton3,simde,256,main_filter,31,"filter_char_ge",100.00,0.020694,0.020694,31,31,2026-10-06T13:44:06+00:00
graviton3,simde,256,main_expr,31,"expr_float/+",100.00,4.656645,4.656645,31,31,2026-10-06T13:45:13+00:00
graviton3,simde,256,main_expr,31,"expr_float/-",100.00,5.628612,5.628612,31,31,2026-10-06T13:45:13+00:00
graviton3,simde,256,main_expr,31,"expr_float/*",100.00,5.825867,5.825867,31,31,2026-10-06T13:45:13+00:00
graviton3,simde,256,main_expr,31,"expr_float//",100.00,3.429996,3.429996,31,31,2026-10-06T13:45:13+00:00
graviton3,simde,256,main_expr,31,"expr_double/+",100.00,2.242369,2.242369,31,31,2026-10-06T13:45:13+00:00
graviton3,simde,256,main_expr,31,"expr_double/-",100.00,2.689281,2.689281,31,31,2026-10-06T13:45:13+00:00
graviton3,simde,256,main_expr,31,"expr_double/*",100.00,2.741654,2.741654,31,31,2026-10-06T13:45:13+00:00
graviton3,simde,256,main_expr,31,"expr_double//",100.00,1.029376,1.029376,31,31,2026-10-06T13:45:13+00:00
graviton3,simde,256,main_expr,31,"expr_decimal/+",100.00,1.630829,1.630829,31,31,2026-10-06T13:45:13+00:00
graviton3,simde,256,main_expr,31,"expr_decimal/-",100.00,1.894377,1.894377,31,31,2026-10-06T13:45:13+00:00
graviton3,simde,256,main_expr,31,"expr_decimal/*",100.00,0.241880,0.241880,31,31,2026-10-06T13:45:13+00:00
graviton3,simde,256,main_expr,31,"expr_decimal//",100.00,0.194126,0.194126,31,31,2026-10-06T13:45:13+00:00
graviton3,simde,256,main_gather,32,"gather_byte",100.00,0.137140,0.137140,32,32,2026-10-06T13:45:26+00:00
graviton3,simde,256,main_gather,32,"gather_short",100.00,0.126896,0.126896,32,32,2026-10-06T13:45:26+00:00
graviton3,simde,256,main_gather,32,"gather_int",100.00,0.146123,0.146123,32,32,2026-10-06T13:45:26+00:00
graviton3,simde,256,main_gather,32,"gather_long",100.00,0.126101,0.126101,32,32,2026-10-06T13:45:26+00:00
graviton3,simde,256,main_gather,32,"gather_char",100.00,0.027332,0.027332,32,32,2026-10-06T13:45:26+00:00
graviton3,simde,256,main_gather,32,"gather_encoded",100.00,0.122717,0.122717,32,32,2026-10-06T13:45:26+00:00
graviton3,simde,256,main_gather,32,"copy_encoded",100.00,1.915537,1.915537,32,32,2026-10-06T13:45:26+00:00
graviton3,simde,128,main_filter,32,"filter_byte_eq",100.00,0.062236,0.062236,32,32,2026-10-06T13:48:27+00:00
graviton3,simde,128,main_filter,32,"filter_byte_lt",100.00,0.038575,0.038575,32,32,2026-10-06T13:48:27+00:00
graviton3,simde,128,main_filter,32,"filter_byte_gt",100.00,0.038354,0.038354,32,32,2026-10-06T13:48:27+00:00
graviton3,simde,128,main_filter,32,"filter_byte_ne",100.00,0.031984,0.031984,32,32,2026-10-06T13:48:27+00:00
graviton3,simde,128,main_filter,32,"filter_byte_le",100.00,0.038054,0.038054,32,32,2026-10-06T13:48:27+00:00
graviton3,simde,128,main_filter,32,"filter_byte_ge",100.00,0.038643,0.038643,32,32,2026-10-06T13:48:27+00:00
graviton3,simde,128,main_filter,32,"filter_short_eq",100.00,0.044112,0.044112,32,32,2026-10-06T13:48:27+00:00
graviton3,simde,128,main_filter,32,"filter_short_lt",100.00,0.031965,0.031965,32,32,2026-10-06T13:48:27+00:00
graviton3,simde,128,main_filter,32,"filter_short_gt",100.00,0.032080,0.032080,32,32,2026-10-06T13:48:27+00:00
graviton3,simde,128,main_filter,32,"filter_short_ne",100.00,0.028532,0.028532,32,32,2026-10-06T13:48:27+00:00
graviton3,simde,128,main_filter,32,"filter_short_le",100.00,0.032244,0.032244,32,32,2026-10-06T13:48:27+00:00
graviton3,simde,128,main_filter,32,"filter_short_ge",100.00,0.031609,0.031609,32,32,2026-10-06T13:48:27+00:00
graviton3,simde,128,main_filter,32,"filter_int_eq",100.00,0.039664,0.039664,32,32,2026-10-06T13:48:27+00:00
graviton3,simde,128,main_filter,32,"filter_int_lt",100.00,0.031462,0.031462,32,32,2026-10-06T13:48:27+00:00
graviton3,simde,128,main_filter,32,"filter_int_gt",100.00,0.031045,0.031045,32,32,2026-10-06T13:48:27+00:00
graviton3,simde,128,main_filter,32,"filter_int_ne",100.00,0.028216,0.028216,32,32,2026-10-06T13:48:27+00:00
graviton3,simde,128,main_filter,32,"filter_int_le",100.00,0.031494,0.031494,32,32,2026-10-06T13:48:27+00:00
graviton3,simde,128,main_filter,32,"filter_int_ge",100.00,0.031159,0.031159,32,32,2026-10-06T13:48:27+00:00
graviton3,simde,128,main_filter,32,"filter_long_eq",100.00,0.036551,0.036551,32,32,2026-10-06T13:48:27+00:00
graviton3,simde,128,main_filter,32,"filter_long_lt",100.00,0.031037,0.031037,32,32,2026-10-06T13:48:27+00:00
graviton3,simde,128,main_filter,32,"filter_long_gt",100.00,0.031137,0.031137,32,32,2026-10-06T13:48:27+00:00
graviton3,simde,128,main_filter,32,"filter_long_ne",100.00,0.027002,0.027002,32,32,2026-10-06T13:48:27+00:00
graviton3,simde,128,main_filter,32,"filter_long_le",100.00,0.031023,0.031023,32,32,2026-10-06T13:48:27+00:00
graviton3,simde,128,main_filter,32,"filter_long_ge",100.00,0.030969,0.030969,32,32,2026-10-06T13:48:27+00:00
graviton3,simde,128,main_filter,32,"filter_float_eq",100.00,0.040667,0.040667,32,32,2026-10-06T13:48:27+00:00
graviton3,simde,128,main_filter,32,"filter_float_lt",100.00,0.032438,0.032438,32,32,2026-10-06T13:48:27+00:00
graviton3,simde,128,main_filter,32,"filter_float_gt",100.00,0.032319,0.032319,32,32,2026-10-06T13:48:27+00:00
graviton3,simde,128,main_filter,32,"filter_float_ne",100.00,0.027674,0.027674,32,32,2026-10-06T13:48:27+00:00
graviton3,simde,128,main_filter,32,"filter_float_le",100.00,0.032290,0.032290,32,32,2026-10-06T13:48:27+00:00
graviton3,simde,128,main_filter,32,"filter_float_ge",100.00,0.032435,0.032435,32,32,2026-10-06T13:48:27+00:00
graviton3,simde,128,main_filter,32,"filter_double_eq",100.00,0.035938,0.035938,32,32,2026-10-06T13:48:27+00:00
graviton3,simde,128,main_filter,32,"filter_double_lt",100.00,0.031508,0.031508,32,32,2026-10-06T13:48:27+00:00
graviton3,simde,128,main_filter,32,"filter_double_gt",100.00,0.031568,0.031568,32,32,2026-10-06T13:48:27+00:00
graviton3,simde,128,main_filter,32,"filter_double_ne",100.00,0.027156,0.027156,32,32,2026-10-06T13:48:27+00:00
graviton3,simde,128,main_filter,32,"filter_double_le",100.00,0.030546,0.030546,32,32,2026-10-06T13:48:27+00:00
graviton3,simde,128,main_filter,32,"filter_double_ge",100.00,0.031320,0.031320,32,32,2026-10-06T13:48:27+00:00
graviton3,simde,128,main_filter,32,"filter_char_eq",100.00,0.032677,0.032677,32,32,2026-10-06T13:48:27+00:00
graviton3,simde,128,main_filter,32,"filter_char_lt",100.00,0.023337,0.023337,32,32,2026-10-06T13:48:27+00:00
graviton3,simde,128,main_filter,32,"filter_char_gt",100.00,0.022993,0.022993,32,32,2026-10-06T13:48:27+00:00
graviton3,simde,128,main_filter,32,"filter_char_ne",100.00,0.030000,0.030000,32,32,2026-10-06T13:48:27+00:00
graviton3,simde,128,main_filter,32,"filter_char_le",100.00,0.023678,0.023678,32,32,2026-10-06T13:48:27+00:00
graviton3,simde,128,main_filter,32,"filter_char_ge",100.00,0.023704,0.023704,32,32,2026-10-06T13:48:27+00:00
graviton3,simde,256,main_filter,32,"filter_byte_eq",100.00,0.053120,0.053120,32,32,2026-10-06T13:48:51+00:00
graviton3,simde,256,main_filter,32,"filter_byte_lt",100.00,0.037329,0.037329,32,32,2026-10-06T13:48:51+00:00
graviton3,simde,256,main_filter,32,"filter_byte_gt",100.00,0.037138,0.037138,32,32,2026-10-06T13:48:51+00:00
graviton3,simde,256,main_filter,32,"filter_byte_ne",100.00,0.031655,0.031655,32,32,2026-10-06T13:48:51+00:00
graviton3,simde,256,main_filter,32,"filter_byte_le",100.00,0.037943,0.037943,32,32,2026-10-06T13:48:51+00:00
graviton3,simde,256,main_filter,32,"filter_byte_ge",100.00,0.037828,0.037828,32,32,2026-10-06T13:48:51+00:00
graviton3,simde,256,main_filter,32,"filter_short_eq",100.00,0.037687,0.037687,32,32,2026-10-06T13:48:51+00:00
graviton3,simde,256,main_filter,32,"filter_short_lt",100.00,0.030668,0.030668,32,32,2026-10-06T13:48:51+00:00
graviton3,simde,256,main_filter,32,"filter_short_gt",100.00,0.030702,0.030702,32,32,2026-10-06T13:48:51+00:00
graviton3,simde,256,main_filter,32,"filter_short_ne",100.00,0.027430,0.027430,32,32,2026-10-06T13:48:51+00:00
graviton3,simde,256,main_filter,32,"filter_short_le",100.00,0.031069,0.031069,32,32,2026-10-06T13:48:51+00:00
graviton3,simde,256,main_filter,32,"filter_short_ge",100.00,0.030661,0.030661,32,32,2026-10-06T13:48:51+00:00
graviton3,simde,256,main_filter,32,"filter_int_eq",100.00,0.034453,0.034453,32,32,2026-10-06T13:48:51+00:00
graviton3,simde,256,main_filter,32,"filter_int_lt",100.00,0.029754,0.029754,32,32,2026-10-06T13:48:51+00:00
graviton3,simde,256,main_filter,32,"filter_int_gt",100.00,0.029553,0.029553,32,32,2026-10-06T13:48:51+00:00
graviton3,simde,256,main_filter,32,"filter_int_ne",100.00,0.027295,0.027295,32,32,2026-10-06T13:48:51+00:00
graviton3,simde,256,main_filter,32,"filter_int_le",100.00,0.030050,0.030050,32,32,2026-10-06T13:48:51+00:00
graviton3,simde,256,main_filter,32,"filter_int_ge",100.00,0.029518,0.029518,32,32,2026-10-06T13:48:51+00:00
graviton3,simde,256,main_filter,32,"filter_long_eq",100.00,0.034318,0.034318,32,32,2026-10-06T13:48:51+00:00
graviton3,simde,256,main_filter,32,"filter_long_lt",100.00,0.029616,0.029616,32,32,2026-10-06T13:48:51+00:00
graviton3,simde,256,main_filter,32,"filter_long_gt",100.00,0.029521,0.029521,32,32,2026-10-06T13:48:51+00:00
graviton3,simde,256,main_filter,32,"filter_long_ne",100.00,0.026307,0.026307,32,32,2026-10-06T13:48:51+00:00
graviton3,simde,256,main_filter,32,"filter_long_le",100.00,0.029992,0.029992,32,32,2026-10-06T13:48:51+00:00
graviton3,simde,256,main_filter,32,"filter_long_ge",100.00,0.029398,0.029398,32,32,2026-10-06T13:48:51+00:00
graviton3,simde,256,main_filter,32,"filter_float_eq",100.00,0.036007,0.036007,32,32,2026-10-06T13:48:51+00:00
graviton3,simde,256,main_filter,32,"filter_float_lt",100.00,0.029626,0.029626,32,32,2026-10-06T13:48:51+00:00
graviton3,simde,256,main_filter,32,"filter_float_gt",100.00,0.029347,0.029347,32,32,2026-10-06T13:48:51+00:00
graviton3,simde,256,main_filter,32,"filter_float_ne",100.00,0.027666,0.027666,32,32,2026-10-06T13:48:51+00:00
graviton3,simde,256,main_filter,32,"filter_float_le",100.00,0.029438,0.029438,32,32,2026-10-06T13:48:51+00:00
graviton3,simde,256,main_filter,32,"filter_float_ge",100.00,0.029120,0.029120,32,32,2026-10-06T13:48:51+00:00
graviton3,simde,256,main_filter,32,"filter_double_eq",100.00,0.032294,0.032294,32,32,2026-10-06T13:48:51+00:00
graviton3,simde,256,main_filter,32,"filter_double_lt",100.00,0.028498,0.028498,32,32,2026-10-06T13:48:51+00:00
graviton3,simde,256,main_filter,32,"filter_double_gt",100.00,0.028613,0.028613,32,32,2026-10-06T13:48:51+00:00
graviton3,simde,256,main_filter,32,"filter_double_ne",100.00,0.025425,0.025425,32,32,2026-10-06T13:48:51+00:00
graviton3,simde,256,main_filter,32,"filter_double_le",100.00,0.028859,0.028859,32,32,2026-10-06T13:48:51+00:00
graviton3,simde,256,main_filter,32,"filter_double_ge",100.00,0.028055,0.028055,32,32,2026-10-06T13:48:51+00:00
graviton3,simde,256,main_filter,32,"filter_char_eq",100.00,0.029417,0.029417,32,32,2026-10-06T13:48:51+00:00
graviton3,simde,256,main_filter,32,"filter_char_lt",100.00,0.020172,0.020172,32,32,2026-10-06T13:48:51+00:00
graviton3,simde,256,main_filter,32,"filter_char_gt",100.00,0.020244,0.020244,32,32,2026-10-06T13:48:51+00:00
graviton3,simde,256,main_filter,32,"filter_char_ne",100.00,0.027339,0.027339,32,32,2026-10-06T13:48:51+00:00
graviton3,simde,256,main_filter,32,"filter_char_le",100.00,0.020690,0.020690,32,32,2026-10-06T13:48:51+00:00
graviton3,simde,256,main_filter,32,"filter_char_ge",100.00,0.020860,0.020860,32,32,2026-10-06T13:48:51+00:00
graviton3,simde,256,main_expr,32,"expr_float/+",100.00,4.729326,4.729326,32,32,2026-10-06T13:49:58+00:00
graviton3,simde,256,main_expr,32,"expr_float/-",100.00,5.844932,5.844932,32,32,2026-10-06T13:49:58+00:00
graviton3,simde,256,main_expr,32,"expr_float/*",100.00,6.255666,6.255666,32,32,2026-10-06T13:49:58+00:00
graviton3,simde,256,main_expr,32,"expr_float//",100.00,3.426285,3.426285,32,32,2026-10-06T13:49:58+00:00
graviton3,simde,256,main_expr,32,"expr_double/+",100.00,2.280483,2.280483,32,32,2026-10-06T13:49:58+00:00
graviton3,simde,256,main_expr,32,"expr_double/-",100.00,2.762745,2.762745,32,32,2026-10-06T13:49:58+00:00
graviton3,simde,256,main_expr,32,"expr_double/*",100.00,2.885600,2.885600,32,32,2026-10-06T13:49:58+00:00
graviton3,simde,256,main_expr,32,"expr_double//",100.00,1.028800,1.028800,32,32,2026-10-06T13:49:58+00:00
graviton3,simde,256,main_expr,32,"expr_decimal/+",100.00,1.597793,1.597793,32,32,2026-10-06T13:49:58+00:00
graviton3,simde,256,main_expr,32,"expr_decimal/-",100.00,1.843792,1.843792,32,32,2026-10-06T13:49:58+00:00
graviton3,simde,256,main_expr,32,"expr_decimal/*",100.00,0.244765,0.244765,32,32,2026-10-06T13:49:58+00:00
graviton3,simde,256,main_expr,32,"expr_decimal//",100.00,0.194420,0.194420,32,32,2026-10-06T13:49:58+00:00
graviton3,simde,256,main_gather,33,"gather_byte",100.00,0.136170,0.136170,33,33,2026-10-06T13:50:11+00:00
graviton3,simde,256,main_gather,33,"gather_short",100.00,0.128718,0.128718,33,33,2026-10-06T13:50:11+00:00
graviton3,simde,256,main_gather,33,"gather_int",100.00,0.143303,0.143303,33,33,2026-10-06T13:50:11+00:00
graviton3,simde,256,main_gather,33,"gather_long",100.00,0.131732,0.131732,33,33,2026-10-06T13:50:11+00:00
graviton3,simde,256,main_gather,33,"gather_char",100.00,0.026851,0.026851,33,33,2026-10-06T13:50:11+00:00
graviton3,simde,256,main_gather,33,"gather_encoded",100.00,0.126671,0.126671,33,33,2026-10-06T13:50:11+00:00
graviton3,simde,256,main_gather,33,"copy_encoded",100.00,1.912801,1.912801,33,33,2026-10-06T13:50:11+00:00
graviton3,simde,128,main_filter,33,"filter_byte_eq",100.00,0.068599,0.068599,33,33,2026-10-06T13:53:12+00:00
graviton3,simde,128,main_filter,33,"filter_byte_lt",100.00,0.041478,0.041478,33,33,2026-10-06T13:53:12+00:00
graviton3,simde,128,main_filter,33,"filter_byte_gt",100.00,0.041915,0.041915,33,33,2026-10-06T13:53:12+00:00
graviton3,simde,128,main_filter,33,"filter_byte_ne",100.00,0.032318,0.032318,33,33,2026-10-06T13:53:12+00:00
graviton3,simde,128,main_filter,33,"filter_byte_le",100.00,0.039632,0.039632,33,33,2026-10-06T13:53:12+00:00
graviton3,simde,128,main_filter,33,"filter_byte_ge",100.00,0.041308,0.041308,33,33,2026-10-06T13:53:12+00:00
graviton3,simde,128,main_filter,33,"filter_short_eq",100.00,0.043425,0.043425,33,33,2026-10-06T13:53:12+00:00
graviton3,simde,128,main_filter,33,"filter_short_lt",100.00,0.032043,0.032043,33,33,2026-10-06T13:53:12+00:00
graviton3,simde,128,main_filter,33,"filter_short_gt",100.00,0.031950,0.031950,33,33,2026-10-06T13:53:12+00:00
graviton3,simde,128,main_filter,33,"filter_short_ne",100.00,0.028358,0.028358,33,33,2026-10-06T13:53:12+00:00
graviton3,simde,128,main_filter,33,"filter_short_le",100.00,0.032247,0.032247,33,33,2026-10-06T13:53:12+00:00
graviton3,simde,128,main_filter,33,"filter_short_ge",100.00,0.031376,0.031376,33,33,2026-10-06T13:53:12+00:00
graviton3,simde,128,main_filter,33,"filter_int_eq",100.00,0.039687,0.039687,33,33,2026-10-06T13:53:12+00:00
graviton3,simde,128,main_filter,33,"filter_int_lt",100.00,0.031426,0.031426,33,33,2026-10-06T13:53:12+00:00
graviton3,simde,128,main_filter,33,"filter_int_gt",100.00,0.030966,0.030966,33,33,2026-10-06T13:53:12+00:00
graviton3,simde,128,main_filter,33,"filter_int_ne",100.00,0.027974,0.027974,33,33,2026-10-06T13:53:12+00:00
graviton3,simde,128,main_filter,33,"filter_int_le",100.00,0.031477,0.031477,33,33,2026-10-06T13:53:12+00:00
graviton3,simde,128,main_filter,33,"filter_int_ge",100.00,0.031263,0.031263,33,33,2026-10-06T13:53:12+00:00
graviton3,simde,128,main_filter,33,"filter_long_eq",100.00,0.037695,0.037695,33,33,2026-10-06T13:53:12+00:00
graviton3,simde,128,main_filter,33,"filter_long_lt",100.00,0.031894,0.031894,33,33,2026-10-06T13:53:12+00:00
graviton3,simde,128,main_filter,33,"filter_long_gt",100.00,0.031733,0.031733,33,33,2026-10-06T13:53:12+00:00
graviton3,simde,128,main_filter,33,"filter_long_ne",100.00,0.027943,0.027943,33,33,2026-10-06T13:53:12+00:00
graviton3,simde,128,main_filter,33,"filter_long_le",100.00,0.031857,0.031857,33,33,2026-10-06T13:53:12+00:00
graviton3,simde,128,main_filter,33,"filter_long_ge",100.00,0.031590,0.031590,33,33,2026-10-06T13:53:12+00:00
graviton3,simde,128,main_filter,33,"filter_float_eq",100.00,0.039549,0.039549,33,33,2026-10-06T13:53:12+00:00
graviton3,simde,128,main_filter,33,"filter_float_lt",100.00,0.032012,0.032012,33,33,2026-10-06T13:53:12+00:00
graviton3,simde,128,main_filter,33,"filter_float_gt",100.00,0.031797,0.031797,33,33,2026-10-06T13:53:12+00:00
graviton3,simde,128,main_filter,33,"filter_float_ne",100.00,0.027347,0.027347,33,33,2026-10-06T13:53:12+00:00
graviton3,simde,128,main_filter,33,"filter_float_le",100.00,0.032030,0.032030,33,33,2026-10-06T13:53:12+00:00
graviton3,simde,128,main_filter,33,"filter_float_ge",100.00,0.031472,0.031472,33,33,2026-10-06T13:53:12+00:00
graviton3,simde,128,main_filter,33,"filter_double_eq",100.00,0.036183,0.036183,33,33,2026-10-06T13:53:12+00:00
graviton3,simde,128,main_filter,33,"filter_double_lt",100.00,0.031621,0.031621,33,33,2026-10-06T13:53:12+00:00
graviton3,simde,128,main_filter,33,"filter_double_gt",100.00,0.031458,0.031458,33,33,2026-10-06T13:53:12+00:00
graviton3,simde,128,main_filter,33,"filter_double_ne",100.00,0.027417,0.027417,33,33,2026-10-06T13:53:12+00:00
graviton3,simde,128,main_filter,33,"filter_double_le",100.00,0.030495,0.030495,33,33,2026-10-06T13:53:12+00:00
graviton3,simde,128,main_filter,33,"filter_double_ge",100.00,0.031213,0.031213,33,33,2026-10-06T13:53:12+00:00
graviton3,simde,128,main_filter,33,"filter_char_eq",100.00,0.033255,0.033255,33,33,2026-10-06T13:53:12+00:00
graviton3,simde,128,main_filter,33,"filter_char_lt",100.00,0.023737,0.023737,33,33,2026-10-06T13:53:12+00:00
graviton3,simde,128,main_filter,33,"filter_char_gt",100.00,0.023631,0.023631,33,33,2026-10-06T13:53:12+00:00
graviton3,simde,128,main_filter,33,"filter_char_ne",100.00,0.030533,0.030533,33,33,2026-10-06T13:53:12+00:00
graviton3,simde,128,main_filter,33,"filter_char_le",100.00,0.024106,0.024106,33,33,2026-10-06T13:53:12+00:00
graviton3,simde,128,main_filter,33,"filter_char_ge",100.00,0.024018,0.024018,33,33,2026-10-06T13:53:12+00:00
graviton3,simde,256,main_filter,33,"filter_byte_eq",100.00,0.055439,0.055439,33,33,2026-10-06T13:53:36+00:00
graviton3,simde,256,main_filter,33,"filter_byte_lt",100.00,0.038380,0.038380,33,33,2026-10-06T13:53:36+00:00
graviton3,simde,256,main_filter,33,"filter_byte_gt",100.00,0.038801,0.038801,33,33,2026-10-06T13:53:36+00:00
graviton3,simde,256,main_filter,33,"filter_byte_ne",100.00,0.032450,0.032450,33,33,2026-10-06T13:53:36+00:00
graviton3,simde,256,main_filter,33,"filter_byte_le",100.00,0.038954,0.038954,33,33,2026-10-06T13:53:36+00:00
graviton3,simde,256,main_filter,33,"filter_byte_ge",100.00,0.038198,0.038198,33,33,2026-10-06T13:53:36+00:00
graviton3,simde,256,main_filter,33,"filter_short_eq",100.00,0.037367,0.037367,33,33,2026-10-06T13:53:36+00:00
graviton3,simde,256,main_filter,33,"filter_short_lt",100.00,0.030444,0.030444,33,33,2026-10-06T13:53:36+00:00
graviton3,simde,256,main_filter,33,"filter_short_gt",100.00,0.030256,0.030256,33,33,2026-10-06T13:53:36+00:00
graviton3,simde,256,main_filter,33,"filter_short_ne",100.00,0.028037,0.028037,33,33,2026-10-06T13:53:36+00:00
graviton3,simde,256,main_filter,33,"filter_short_le",100.00,0.030241,0.030241,33,33,2026-10-06T13:53:36+00:00
graviton3,simde,256,main_filter,33,"filter_short_ge",100.00,0.030028,0.030028,33,33,2026-10-06T13:53:36+00:00
graviton3,simde,256,main_filter,33,"filter_int_eq",100.00,0.034958,0.034958,33,33,2026-10-06T13:53:36+00:00
graviton3,simde,256,main_filter,33,"filter_int_lt",100.00,0.030258,0.030258,33,33,2026-10-06T13:53:36+00:00
graviton3,simde,256,main_filter,33,"filter_int_gt",100.00,0.029581,0.029581,33,33,2026-10-06T13:53:36+00:00
graviton3,simde,256,main_filter,33,"filter_int_ne",100.00,0.027248,0.027248,33,33,2026-10-06T13:53:36+00:00
graviton3,simde,256,main_filter,33,"filter_int_le",100.00,0.030156,0.030156,33,33,2026-10-06T13:53:36+00:00
graviton3,simde,256,main_filter,33,"filter_int_ge",100.00,0.029850,0.029850,33,33,2026-10-06T13:53:36+00:00
graviton3,simde,256,main_filter,33,"filter_long_eq",100.00,0.034953,0.034953,33,33,2026-10-06T13:53:36+00:00
graviton3,simde,256,main_filter,33,"filter_long_lt",100.00,0.030743,0.030743,33,33,2026-10-06T13:53:36+00:00
graviton3,simde,256,main_filter,33,"filter_long_gt",100.00,0.030329,0.030329,33,33,2026-10-06T13:53:36+00:00
graviton3,simde,256,main_filter,33,"filter_long_ne",100.00,0.026842,0.026842,33,33,2026-10-06T13:53:36+00:00
graviton3,simde,256,main_filter,33,"filter_long_le",100.00,0.030414,0.030414,33,33,2026-10-06T13:53:36+00:00
graviton3,simde,256,main_filter,33,"filter_long_ge",100.00,0.030477,0.030477,33,33,2026-10-06T13:53:36+00:00
graviton3,simde,256,main_filter,33,"filter_float_eq",100.00,0.038111,0.038111,33,33,2026-10-06T13:53:36+00:00
graviton3,simde,256,main_filter,33,"filter_float_lt",100.00,0.031059,0.031059,33,33,2026-10-06T13:53:36+00:00
graviton3,simde,256,main_filter,33,"filter_float_gt",100.00,0.030719,0.030719,33,33,2026-10-06T13:53:36+00:00
graviton3,simde,256,main_filter,33,"filter_float_ne",100.00,0.029011,0.029011,33,33,2026-10-06T13:53:36+00:00
graviton3,simde,256,main_filter,33,"filter_float_le",100.00,0.030625,0.030625,33,33,2026-10-06T13:53:36+00:00
graviton3,simde,256,main_filter,33,"filter_float_ge",100.00,0.030540,0.030540,33,33,2026-10-06T13:53:36+00:00
graviton3,simde,256,main_filter,33,"filter_double_eq",100.00,0.034208,0.034208,33,33,2026-10-06T13:53:36+00:00
graviton3,simde,256,main_filter,33,"filter_double_lt",100.00,0.030124,0.030124,33,33,2026-10-06T13:53:36+00:00
graviton3,simde,256,main_filter,33,"filter_double_gt",100.00,0.029899,0.029899,33,33,2026-10-06T13:53:36+00:00
graviton3,simde,256,main_filter,33,"filter_double_ne",100.00,0.026116,0.026116,33,33,2026-10-06T13:53:36+00:00
graviton3,simde,256,main_filter,33,"filter_double_le",100.00,0.029367,0.029367,33,33,2026-10-06T13:53:36+00:00
graviton3,simde,256,main_filter,33,"filter_double_ge",100.00,0.029544,0.029544,33,33,2026-10-06T13:53:36+00:00
graviton3,simde,256,main_filter,33,"filter_char_eq",100.00,0.029871,0.029871,33,33,2026-10-06T13:53:36+00:00
graviton3,simde,256,main_filter,33,"filter_char_lt",100.00,0.020483,0.020483,33,33,2026-10-06T13:53:36+00:00
graviton3,simde,256,main_filter,33,"filter_char_gt",100.00,0.020517,0.020517,33,33,2026-10-06T13:53:36+00:00
graviton3,simde,256,main_filter,33,"filter_char_ne",100.00,0.027974,0.027974,33,33,2026-10-06T13:53:36+00:00
graviton3,simde,256,main_filter,33,"filter_char_le",100.00,0.020848,0.020848,33,33,2026-10-06T13:53:36+00:00
graviton3,simde,256,main_filter,33,"filter_char_ge",100.00,0.021057,0.021057,33,33,2026-10-06T13:53:36+00:00
graviton3,simde,256,main_expr,33,"expr_float/+",100.00,4.700251,4.700251,33,33,2026-10-06T13:54:43+00:00
graviton3,simde,256,main_expr,33,"expr_float/-",100.00,5.755892,5.755892,33,33,2026-10-06T13:54:43+00:00
graviton3,simde,256,main_expr,33,"expr_float/*",100.00,6.105282,6.105282,33,33,2026-10-06T13:54:43+00:00
graviton3,simde,256,main_expr,33,"expr_float//",100.00,3.420183,3.420183,33,33,2026-10-06T13:54:43+00:00
graviton3,simde,256,main_expr,33,"expr_double/+",100.00,2.247872,2.247872,33,33,2026-10-06T13:54:43+00:00
graviton3,simde,256,main_expr,33,"expr_double/-",100.00,2.710719,2.710719,33,33,2026-10-06T13:54:43+00:00
graviton3,simde,256,main_expr,33,"expr_double/*",100.00,2.813462,2.813462,33,33,2026-10-06T13:54:43+00:00
graviton3,simde,256,main_expr,33,"expr_double//",100.00,1.030211,1.030211,33,33,2026-10-06T13:54:43+00:00
graviton3,simde,256,main_expr,33,"expr_decimal/+",100.00,1.630500,1.630500,33,33,2026-10-06T13:54:43+00:00
graviton3,simde,256,main_expr,33,"expr_decimal/-",100.00,1.878593,1.878593,33,33,2026-10-06T13:54:43+00:00
graviton3,simde,256,main_expr,33,"expr_decimal/*",100.00,0.243594,0.243594,33,33,2026-10-06T13:54:43+00:00
graviton3,simde,256,main_expr,33,"expr_decimal//",100.00,0.195129,0.195129,33,33,2026-10-06T13:54:43+00:00
graviton3,simde,256,main_gather,34,"gather_byte",100.00,0.140340,0.140340,34,34,2026-10-06T13:54:56+00:00
graviton3,simde,256,main_gather,34,"gather_short",100.00,0.131990,0.131990,34,34,2026-10-06T13:54:56+00:00
graviton3,simde,256,main_gather,34,"gather_int",100.00,0.147895,0.147895,34,34,2026-10-06T13:54:56+00:00
graviton3,simde,256,main_gather,34,"gather_long",100.00,0.130344,0.130344,34,34,2026-10-06T13:54:56+00:00
graviton3,simde,256,main_gather,34,"gather_char",100.00,0.027203,0.027203,34,34,2026-10-06T13:54:56+00:00
graviton3,simde,256,main_gather,34,"gather_encoded",100.00,0.125120,0.125120,34,34,2026-10-06T13:54:56+00:00
graviton3,simde,256,main_gather,34,"copy_encoded",100.00,1.914978,1.914978,34,34,2026-10-06T13:54:56+00:00
graviton3,simde,128,main_filter,34,"filter_byte_eq",100.00,0.066136,0.066136,34,34,2026-10-06T13:57:57+00:00
graviton3,simde,128,main_filter,34,"filter_byte_lt",100.00,0.041712,0.041712,34,34,2026-10-06T13:57:57+00:00
graviton3,simde,128,main_filter,34,"filter_byte_gt",100.00,0.041455,0.041455,34,34,2026-10-06T13:57:57+00:00
graviton3,simde,128,main_filter,34,"filter_byte_ne",100.00,0.032860,0.032860,34,34,2026-10-06T13:57:57+00:00
graviton3,simde,128,main_filter,34,"filter_byte_le",100.00,0.041725,0.041725,34,34,2026-10-06T13:57:57+00:00
graviton3,simde,128,main_filter,34,"filter_byte_ge",100.00,0.038976,0.038976,34,34,2026-10-06T13:57:57+00:00
graviton3,simde,128,main_filter,34,"filter_short_eq",100.00,0.043735,0.043735,34,34,2026-10-06T13:57:57+00:00
graviton3,simde,128,main_filter,34,"filter_short_lt",100.00,0.031941,0.031941,34,34,2026-10-06T13:57:57+00:00
graviton3,simde,128,main_filter,34,"filter_short_gt",100.00,0.031744,0.031744,34,34,2026-10-06T13:57:57+00:00
graviton3,simde,128,main_filter,34,"filter_short_ne",100.00,0.028247,0.028247,34,34,2026-10-06T13:57:57+00:00
graviton3,simde,128,main_filter,34,"filter_short_le",100.00,0.031104,0.031104,34,34,2026-10-06T13:57:57+00:00
graviton3,simde,128,main_filter,34,"filter_short_ge",100.00,0.031397,0.031397,34,34,2026-10-06T13:57:57+00:00
graviton3,simde,128,main_filter,34,"filter_int_eq",100.00,0.039865,0.039865,34,34,2026-10-06T13:57:57+00:00
graviton3,simde,128,main_filter,34,"filter_int_lt",100.00,0.031337,0.031337,34,34,2026-10-06T13:57:57+00:00
graviton3,simde,128,main_filter,34,"filter_int_gt",100.00,0.031044,0.031044,34,34,2026-10-06T13:57:57+00:00
graviton3,simde,128,main_filter,34,"filter_int_ne",100.00,0.028240,0.028240,34,34,2026-10-06T13:57:57+00:00
graviton3,simde,128,main_filter,34,"filter_int_le",100.00,0.031254,0.031254,34,34,2026-10-06T13:57:57+00:00
graviton3,simde,128,main_filter,34,"filter_int_ge",100.00,0.030927,0.030927,34,34,2026-10-06T13:57:57+00:00
graviton3,simde,128,main_filter,34,"filter_long_eq",100.00,0.037664,0.037664,34,34,2026-10-06T13:57:57+00:00
graviton3,simde,128,main_filter,34,"filter_long_lt",100.00,0.031802,0.031802,34,34,2026-10-06T13:57:57+00:00
graviton3,simde,128,main_filter,34,"filter_long_gt",100.00,0.031615,0.031615,34,34,2026-10-06T13:57:57+00:00
graviton3,simde,128,main_filter,34,"filter_long_ne",100.00,0.027695,0.027695,34,34,2026-10-06T13:57:57+00:00
graviton3,simde,128,main_filter,34,"filter_long_le",100.00,0.031227,0.031227,34,34,2026-10-06T13:57:57+00:00
graviton3,simde,128,main_filter,34,"filter_long_ge",100.00,0.031305,0.031305,34,34,2026-10-06T13:57:57+00:00
graviton3,simde,128,main_filter,34,"filter_float_eq",100.00,0.039577,0.039577,34,34,2026-10-06T13:57:57+00:00
graviton3,simde,128,main_filter,34,"filter_float_lt",100.00,0.031884,0.031884,34,34,2026-10-06T13:57:57+00:00
graviton3,simde,128,main_filter,34,"filter_float_gt",100.00,0.031721,0.031721,34,34,2026-10-06T13:57:57+00:00
graviton3,simde,128,main_filter,34,"filter_float_ne",100.00,0.026832,0.026832,34,34,2026-10-06T13:57:57+00:00
graviton3,simde,128,main_filter,34,"filter_float_le",100.00,0.032153,0.032153,34,34,2026-10-06T13:57:57+00:00
graviton3,simde,128,main_filter,34,"filter_float_ge",100.00,0.031562,0.031562,34,34,2026-10-06T13:57:57+00:00
graviton3,simde,128,main_filter,34,"filter_double_eq",100.00,0.035753,0.035753,34,34,2026-10-06T13:57:57+00:00
graviton3,simde,128,main_filter,34,"filter_double_lt",100.00,0.031644,0.031644,34,34,2026-10-06T13:57:57+00:00
graviton3,simde,128,main_filter,34,"filter_double_gt",100.00,0.031624,0.031624,34,34,2026-10-06T13:57:57+00:00
graviton3,simde,128,main_filter,34,"filter_double_ne",100.00,0.027550,0.027550,34,34,2026-10-06T13:57:57+00:00
graviton3,simde,128,main_filter,34,"filter_double_le",100.00,0.031165,0.031165,34,34,2026-10-06T13:57:57+00:00
graviton3,simde,128,main_filter,34,"filter_double_ge",100.00,0.031314,0.031314,34,34,2026-10-06T13:57:57+00:00
graviton3,simde,128,main_filter,34,"filter_char_eq",100.00,0.032901,0.032901,34,34,2026-10-06T13:57:57+00:00
graviton3,simde,128,main_filter,34,"filter_char_lt",100.00,0.023439,0.023439,34,34,2026-10-06T13:57:57+00:00
graviton3,simde,128,main_filter,34,"filter_char_gt",100.00,0.023394,0.023394,34,34,2026-10-06T13:57:57+00:00
graviton3,simde,128,main_filter,34,"filter_char_ne",100.00,0.030221,0.030221,34,34,2026-10-06T13:57:57+00:00
graviton3,simde,128,main_filter,34,"filter_char_le",100.00,0.023737,0.023737,34,34,2026-10-06T13:57:57+00:00
graviton3,simde,128,main_filter,34,"filter_char_ge",100.00,0.023684,0.023684,34,34,2026-10-06T13:57:57+00:00
graviton3,simde,256,main_filter,34,"filter_byte_eq",100.00,0.051933,0.051933,34,34,2026-10-06T13:58:21+00:00
graviton3,simde,256,main_filter,34,"filter_byte_lt",100.00,0.037056,0.037056,34,34,2026-10-06T13:58:21+00:00
graviton3,simde,256,main_filter,34,"filter_byte_gt",100.00,0.037174,0.037174,34,34,2026-10-06T13:58:21+00:00
graviton3,simde,256,main_filter,34,"filter_byte_ne",100.00,0.031572,0.031572,34,34,2026-10-06T13:58:21+00:00
graviton3,simde,256,main_filter,34,"filter_byte_le",100.00,0.036743,0.036743,34,34,2026-10-06T13:58:21+00:00
graviton3,simde,256,main_filter,34,"filter_byte_ge",100.00,0.037163,0.037163,34,34,2026-10-06T13:58:21+00:00
graviton3,simde,256,main_filter,34,"filter_short_eq",100.00,0.039601,0.039601,34,34,2026-10-06T13:58:21+00:00
graviton3,simde,256,main_filter,34,"filter_short_lt",100.00,0.030899,0.030899,34,34,2026-10-06T13:58:21+00:00
graviton3,simde,256,main_filter,34,"filter_short_gt",100.00,0.030299,0.030299,34,34,2026-10-06T13:58:21+00:00
graviton3,simde,256,main_filter,34,"filter_short_ne",100.00,0.027785,0.027785,34,34,2026-10-06T13:58:21+00:00
graviton3,simde,256,main_filter,34,"filter_short_le",100.00,0.031320,0.031320,34,34,2026-10-06T13:58:21+00:00
graviton3,simde,256,main_filter,34,"filter_short_ge",100.00,0.030243,0.030243,34,34,2026-10-06T13:58:21+00:00
graviton3,simde,256,main_filter,34,"filter_int_eq",100.00,0.037098,0.037098,34,34,2026-10-06T13:58:21+00:00
graviton3,simde,256,main_filter,34,"filter_int_lt",100.00,0.031493,0.031493,34,34,2026-10-06T13:58:21+00:00
graviton3,simde,256,main_filter,34,"filter_int_gt",100.00,0.031027,0.031027,34,34,2026-10-06T13:58:21+00:00
graviton3,simde,256,main_filter,34,"filter_int_ne",100.00,0.028367,0.028367,34,34,2026-10-06T13:58:21+00:00
graviton3,simde,256,main_filter,34,"filter_int_le",100.00,0.031124,0.031124,34,34,2026-10-06T13:58:21+00:00
graviton3,simde,256,main_filter,34,"filter_int_ge",100.00,0.031117,0.031117,34,34,2026-10-06T13:58:21+00:00
graviton3,simde,256,main_filter,34,"filter_long_eq",100.00,0.035441,0.035441,34,34,2026-10-06T13:58:21+00:00
graviton3,simde,256,main_filter,34,"filter_long_lt",100.00,0.030744,0.030744,34,34,2026-10-06T13:58:21+00:00
graviton3,simde,256,main_filter,34,"filter_long_gt",100.00,0.030408,0.030408,34,34,2026-10-06T13:58:21+00:00
graviton3,simde,256,main_filter,34,"filter_long_ne",100.00,0.026959,0.026959,34,34,2026-10-06T13:58:21+00:00
graviton3,simde,256,main_filter,34,"filter_long_le",100.00,0.030299,0.030299,34,34,2026-10-06T13:58:21+00:00
graviton3,simde,256,main_filter,34,"filter_long_ge",100.00,0.030530,0.030530,34,34,2026-10-06T13:58:21+00:00
graviton3,simde,256,main_filter,34,"filter_float_eq",100.00,0.036872,0.036872,34,34,2026-10-06T13:58:21+00:00
graviton3,simde,256,main_filter,34,"filter_float_lt",100.00,0.030492,0.030492,34,34,2026-10-06T13:58:21+00:00
graviton3,simde,256,main_filter,34,"filter_float_gt",100.00,0.029976,0.029976,34,34,2026-10-06T13:58:21+00:00
graviton3,simde,256,main_filter,34,"filter_float_ne",100.00,0.028128,0.028128,34,34,2026-10-06T13:58:21+00:00
graviton3,simde,256,main_filter,34,"filter_float_le",100.00,0.029914,0.029914,34,34,2026-10-06T13:58:21+00:00
graviton3,simde,256,main_filter,34,"filter_float_ge",100.00,0.029721,0.029721,34,34,2026-10-06T13:58:21+00:00
graviton3,simde,256,main_filter,34,"filter_double_eq",100.00,0.033917,0.033917,34,34,2026-10-06T13:58:21+00:00
graviton3,simde,256,main_filter,34,"filter_double_lt",100.00,0.029850,0.029850,34,34,2026-10-06T13:58:21+00:00
graviton3,simde,256,main_filter,34,"filter_double_gt",100.00,0.029452,0.029452,34,34,2026-10-06T13:58:21+00:00
graviton3,simde,256,main_filter,34,"filter_double_ne",100.00,0.026254,0.026254,34,34,2026-10-06T13:58:21+00:00
graviton3,simde,256,main_filter,34,"filter_double_le",100.00,0.029293,0.029293,34,34,2026-10-06T13:58:21+00:00
graviton3,simde,256,main_filter,34,"filter_double_ge",100.00,0.029179,0.029179,34,34,2026-10-06T13:58:21+00:00
graviton3,simde,256,main_filter,34,"filter_char_eq",100.00,0.030001,0.030001,34,34,2026-10-06T13:58:21+00:00
graviton3,simde,256,main_filter,34,"filter_char_lt",100.00,0.020555,0.020555,34,34,2026-10-06T13:58:21+00:00
graviton3,simde,256,main_filter,34,"filter_char_gt",100.00,0.020634,0.020634,34,34,2026-10-06T13:58:21+00:00
graviton3,simde,256,main_filter,34,"filter_char_ne",100.00,0.028265,0.028265,34,34,2026-10-06T13:58:21+00:00
graviton3,simde,256,main_filter,34,"filter_char_le",100.00,0.021046,0.021046,34,34,2026-10-06T13:58:21+00:00
graviton3,simde,256,main_filter,34,"filter_char_ge",100.00,0.020984,0.020984,34,34,2026-10-06T13:58:21+00:00
graviton3,simde,256,main_expr,34,"expr_float/+",100.00,4.605705,4.605705,34,34,2026-10-06T13:59:28+00:00
graviton3,simde,256,main_expr,34,"expr_float/-",100.00,5.555988,5.555988,34,34,2026-10-06T13:59:28+00:00
graviton3,simde,256,main_expr,34,"expr_float/*",100.00,5.813513,5.813513,34,34,2026-10-06T13:59:28+00:00
graviton3,simde,256,main_expr,34,"expr_float//",100.00,3.424173,3.424173,34,34,2026-10-06T13:59:28+00:00
graviton3,simde,256,main_expr,34,"expr_double/+",100.00,2.231560,2.231560,34,34,2026-10-06T13:59:28+00:00
graviton3,simde,256,main_expr,34,"expr_double/-",100.00,2.663826,2.663826,34,34,2026-10-06T13:59:28+00:00
graviton3,simde,256,main_expr,34,"expr_double/*",100.00,2.737166,2.737166,34,34,2026-10-06T13:59:28+00:00
graviton3,simde,256,main_expr,34,"expr_double//",100.00,1.030405,1.030405,34,34,2026-10-06T13:59:28+00:00
graviton3,simde,256,main_expr,34,"expr_decimal/+",100.00,1.637839,1.637839,34,34,2026-10-06T13:59:28+00:00
graviton3,simde,256,main_expr,34,"expr_decimal/-",100.00,1.892694,1.892694,34,34,2026-10-06T13:59:28+00:00
graviton3,simde,256,main_expr,34,"expr_decimal/*",100.00,0.241905,0.241905,34,34,2026-10-06T13:59:28+00:00
graviton3,simde,256,main_expr,34,"expr_decimal//",100.00,0.194068,0.194068,34,34,2026-10-06T13:59:28+00:00
graviton3,simde,128,main_filter,35,"filter_byte_eq",100.00,0.066167,0.066167,35,35,2026-10-06T14:01:42+00:00
graviton3,simde,128,main_filter,35,"filter_byte_lt",100.00,0.041242,0.041242,35,35,2026-10-06T14:01:42+00:00
graviton3,simde,128,main_filter,35,"filter_byte_gt",100.00,0.040240,0.040240,35,35,2026-10-06T14:01:42+00:00
graviton3,simde,128,main_filter,35,"filter_byte_ne",100.00,0.032704,0.032704,35,35,2026-10-06T14:01:42+00:00
graviton3,simde,128,main_filter,35,"filter_byte_le",100.00,0.040705,0.040705,35,35,2026-10-06T14:01:42+00:00
graviton3,simde,128,main_filter,35,"filter_byte_ge",100.00,0.040635,0.040635,35,35,2026-10-06T14:01:42+00:00
graviton3,simde,128,main_filter,35,"filter_short_eq",100.00,0.043823,0.043823,35,35,2026-10-06T14:01:42+00:00
graviton3,simde,128,main_filter,35,"filter_short_lt",100.00,0.031434,0.031434,35,35,2026-10-06T14:01:42+00:00
graviton3,simde,128,main_filter,35,"filter_short_gt",100.00,0.031742,0.031742,35,35,2026-10-06T14:01:42+00:00
graviton3,simde,128,main_filter,35,"filter_short_ne",100.00,0.028338,0.028338,35,35,2026-10-06T14:01:42+00:00
graviton3,simde,128,main_filter,35,"filter_short_le",100.00,0.031766,0.031766,35,35,2026-10-06T14:01:42+00:00
graviton3,simde,128,main_filter,35,"filter_short_ge",100.00,0.031312,0.031312,35,35,2026-10-06T14:01:42+00:00
graviton3,simde,128,main_filter,35,"filter_int_eq",100.00,0.039611,0.039611,35,35,2026-10-06T14:01:42+00:00
graviton3,simde,128,main_filter,35,"filter_int_lt",100.00,0.031225,0.031225,35,35,2026-10-06T14:01:42+00:00
graviton3,simde,128,main_filter,35,"filter_int_gt",100.00,0.030853,0.030853,35,35,2026-10-06T14:01:42+00:00
graviton3,simde,128,main_filter,35,"filter_int_ne",100.00,0.027695,0.027695,35,35,2026-10-06T14:01:42+00:00
graviton3,simde,128,main_filter,35,"filter_int_le",100.00,0.030807,0.030807,35,35,2026-10-06T14:01:42+00:00
graviton3,simde,128,main_filter,35,"filter_int_ge",100.00,0.030731,0.030731,35,35,2026-10-06T14:01:42+00:00
graviton3,simde,128,main_filter,35,"filter_long_eq",100.00,0.037515,0.037515,35,35,2026-10-06T14:01:42+00:00
graviton3,simde,128,main_filter,35,"filter_long_lt",100.00,0.032032,0.032032,35,35,2026-10-06T14:01:42+00:00
graviton3,simde,128,main_filter,35,"filter_long_gt",100.00,0.032067,0.032067,35,35,2026-10-06T14:01:42+00:00
graviton3,simde,128,main_filter,35,"filter_long_ne",100.00,0.028034,0.028034,35,35,2026-10-06T14:01:42+00:00
graviton3,simde,128,main_filter,35,"filter_long_le",100.00,0.031792,0.031792,35,35,2026-10-06T14:01:42+00:00
graviton3,simde,128,main_filter,35,"filter_long_ge",100.00,0.031827,0.031827,35,35,2026-10-06T14:01:42+00:00
graviton3,simde,128,main_filter,35,"filter_float_eq",100.00,0.039835,0.039835,35,35,2026-10-06T14:01:42+00:00
graviton3,simde,128,main_filter,35,"filter_float_lt",100.00,0.032391,0.032391,35,35,2026-10-06T14:01:42+00:00
graviton3,simde,128,main_filter,35,"filter_float_gt",100.00,0.032165,0.032165,35,35,2026-10-06T14:01:42+00:00
graviton3,simde,128,main_filter,35,"filter_float_ne",100.00,0.027842,0.027842,35,35,2026-10-06T14:01:42+00:00
graviton3,simde,128,main_filter,35,"filter_float_le",100.00,0.032359,0.032359,35,35,2026-10-06T14:01:42+00:00
graviton3,simde,128,main_filter,35,"filter_float_ge",100.00,0.032048,0.032048,35,35,2026-10-06T14:01:42+00:00
graviton3,simde,128,main_filter,35,"filter_double_eq",100.00,0.036766,0.036766,35,35,2026-10-06T14:01:42+00:00
graviton3,simde,128,main_filter,35,"filter_double_lt",100.00,0.032061,0.032061,35,35,2026-10-06T14:01:42+00:00
graviton3,simde,128,main_filter,35,"filter_double_gt",100.00,0.032009,0.032009,35,35,2026-10-06T14:01:42+00:00
graviton3,simde,128,main_filter,35,"filter_double_ne",100.00,0.027812,0.027812,35,35,2026-10-06T14:01:42+00:00
graviton3,simde,128,main_filter,35,"filter_double_le",100.00,0.031463,0.031463,35,35,2026-10-06T14:01:42+00:00
graviton3,simde,128,main_filter,35,"filter_double_ge",100.00,0.032129,0.032129,35,35,2026-10-06T14:01:42+00:00
graviton3,simde,128,main_filter,35,"filter_char_eq",100.00,0.032953,0.032953,35,35,2026-10-06T14:01:42+00:00
graviton3,simde,128,main_filter,35,"filter_char_lt",100.00,0.023586,0.023586,35,35,2026-10-06T14:01:42+00:00
graviton3,simde,128,main_filter,35,"filter_char_gt",100.00,0.023525,0.023525,35,35,2026-10-06T14:01:42+00:00
graviton3,simde,128,main_filter,35,"filter_char_ne",100.00,0.030236,0.030236,35,35,2026-10-06T14:01:42+00:00
graviton3,simde,128,main_filter,35,"filter_char_le",100.00,0.023955,0.023955,35,35,2026-10-06T14:01:42+00:00
graviton3,simde,128,main_filter,35,"filter_char_ge",100.00,0.023850,0.023850,35,35,2026-10-06T14:01:42+00:00
graviton3,simde,256,main_filter,35,"filter_byte_eq",100.00,0.050789,0.050789,35,35,2026-10-06T14:02:06+00:00
graviton3,simde,256,main_filter,35,"filter_byte_lt",100.00,0.035908,0.035908,35,35,2026-10-06T14:02:06+00:00
graviton3,simde,256,main_filter,35,"filter_byte_gt",100.00,0.036218,0.036218,35,35,2026-10-06T14:02:06+00:00
graviton3,simde,256,main_filter,35,"filter_byte_ne",100.00,0.031110,0.031110,35,35,2026-10-06T14:02:06+00:00
graviton3,simde,256,main_filter,35,"filter_byte_le",100.00,0.036400,0.036400,35,35,2026-10-06T14:02:06+00:00
graviton3,simde,256,main_filter,35,"filter_byte_ge",100.00,0.036465,0.036465,35,35,2026-10-06T14:02:06+00:00
graviton3,simde,256,main_filter,35,"filter_short_eq",100.00,0.039675,0.039675,35,35,2026-10-06T14:02:06+00:00
graviton3,simde,256,main_filter,35,"filter_short_lt",100.00,0.031330,0.031330,35,35,2026-10-06T14:02:06+00:00
graviton3,simde,256,main_filter,35,"filter_short_gt",100.00,0.032142,0.032142,35,35,2026-10-06T14:02:06+00:00
graviton3,simde,256,main_filter,35,"filter_short_ne",100.00,0.028768,0.028768,35,35,2026-10-06T14:02:06+00:00
graviton3,simde,256,main_filter,35,"filter_short_le",100.00,0.032143,0.032143,35,35,2026-10-06T14:02:06+00:00
graviton3,simde,256,main_filter,35,"filter_short_ge",100.00,0.031260,0.031260,35,35,2026-10-06T14:02:06+00:00
graviton3,simde,256,main_filter,35,"filter_int_eq",100.00,0.034962,0.034962,35,35,2026-10-06T14:02:06+00:00
graviton3,simde,256,main_filter,35,"filter_int_lt",100.00,0.030040,0.030040,35,35,2026-10-06T14:02:06+00:00
graviton3,simde,256,main_filter,35,"filter_int_gt",100.00,0.030185,0.030185,35,35,2026-10-06T14:02:06+00:00
graviton3,simde,256,main_filter,35,"filter_int_ne",100.00,0.027248,0.027248,35,35,2026-10-06T14:02:06+00:00
graviton3,simde,256,main_filter,35,"filter_int_le",100.00,0.030388,0.030388,35,35,2026-10-06T14:02:06+00:00
graviton3,simde,256,main_filter,35,"filter_int_ge",100.00,0.030027,0.030027,35,35,2026-10-06T14:02:06+00:00
graviton3,simde,256,main_filter,35,"filter_long_eq",100.00,0.032949,0.032949,35,35,2026-10-06T14:02:06+00:00
graviton3,simde,256,main_filter,35,"filter_long_lt",100.00,0.029353,0.029353,35,35,2026-10-06T14:02:06+00:00
graviton3,simde,256,main_filter,35,"filter_long_gt",100.00,0.029156,0.029156,35,35,2026-10-06T14:02:06+00:00
graviton3,simde,256,main_filter,35,"filter_long_ne",100.00,0.026041,0.026041,35,35,2026-10-06T14:02:06+00:00
graviton3,simde,256,main_filter,35,"filter_long_le",100.00,0.029549,0.029549,35,35,2026-10-06T14:02:06+00:00
graviton3,simde,256,main_filter,35,"filter_long_ge",100.00,0.028708,0.028708,35,35,2026-10-06T14:02:06+00:00
graviton3,simde,256,main_filter,35,"filter_float_eq",100.00,0.036352,0.036352,35,35,2026-10-06T14:02:06+00:00
graviton3,simde,256,main_filter,35,"filter_float_lt",100.00,0.030199,0.030199,35,35,2026-10-06T14:02:06+00:00
graviton3,simde,256,main_filter,35,"filter_float_gt",100.00,0.030289,0.030289,35,35,2026-10-06T14:02:06+00:00
graviton3,simde,256,main_filter,35,"filter_float_ne",100.00,0.028173,0.028173,35,35,2026-10-06T14:02:06+00:00
graviton3,simde,256,main_filter,35,"filter_float_le",100.00,0.030196,0.030196,35,35,2026-10-06T14:02:06+00:00
graviton3,simde,256,main_filter,35,"filter_float_ge",100.00,0.030035,0.030035,35,35,2026-10-06T14:02:06+00:00
graviton3,simde,256,main_filter,35,"filter_double_eq",100.00,0.032846,0.032846,35,35,2026-10-06T14:02:06+00:00
graviton3,simde,256,main_filter,35,"filter_double_lt",100.00,0.028877,0.028877,35,35,2026-10-06T14:02:06+00:00
graviton3,simde,256,main_filter,35,"filter_double_gt",100.00,0.029013,0.029013,35,35,2026-10-06T14:02:06+00:00
graviton3,simde,256,main_filter,35,"filter_double_ne",100.00,0.025573,0.025573,35,35,2026-10-06T14:02:06+00:00
graviton3,simde,256,main_filter,35,"filter_double_le",100.00,0.029100,0.029100,35,35,2026-10-06T14:02:06+00:00
graviton3,simde,256,main_filter,35,"filter_double_ge",100.00,0.028662,0.028662,35,35,2026-10-06T14:02:06+00:00
graviton3,simde,256,main_filter,35,"filter_char_eq",100.00,0.029981,0.029981,35,35,2026-10-06T14:02:06+00:00
graviton3,simde,256,main_filter,35,"filter_char_lt",100.00,0.020440,0.020440,35,35,2026-10-06T14:02:06+00:00
graviton3,simde,256,main_filter,35,"filter_char_gt",100.00,0.020511,0.020511,35,35,2026-10-06T14:02:06+00:00
graviton3,simde,256,main_filter,35,"filter_char_ne",100.00,0.028076,0.028076,35,35,2026-10-06T14:02:06+00:00
graviton3,simde,256,main_filter,35,"filter_char_le",100.00,0.020767,0.020767,35,35,2026-10-06T14:02:06+00:00
graviton3,simde,256,main_filter,35,"filter_char_ge",100.00,0.020995,0.020995,35,35,2026-10-06T14:02:06+00:00
graviton3,simde,256,main_expr,35,"expr_float/+",100.00,4.582824,4.582824,35,35,2026-10-06T14:03:13+00:00
graviton3,simde,256,main_expr,35,"expr_float/-",100.00,5.611769,5.611769,35,35,2026-10-06T14:03:13+00:00
graviton3,simde,256,main_expr,35,"expr_float/*",100.00,5.731587,5.731587,35,35,2026-10-06T14:03:13+00:00
graviton3,simde,256,main_expr,35,"expr_float//",100.00,3.419341,3.419341,35,35,2026-10-06T14:03:13+00:00
graviton3,simde,256,main_expr,35,"expr_double/+",100.00,2.226018,2.226018,35,35,2026-10-06T14:03:13+00:00
graviton3,simde,256,main_expr,35,"expr_double/-",100.00,2.680183,2.680183,35,35,2026-10-06T14:03:13+00:00
graviton3,simde,256,main_expr,35,"expr_double/*",100.00,2.708119,2.708119,35,35,2026-10-06T14:03:13+00:00
graviton3,simde,256,main_expr,35,"expr_double//",100.00,1.029372,1.029372,35,35,2026-10-06T14:03:13+00:00
graviton3,simde,256,main_expr,35,"expr_decimal/+",100.00,1.606238,1.606238,35,35,2026-10-06T14:03:13+00:00
graviton3,simde,256,main_expr,35,"expr_decimal/-",100.00,1.848342,1.848342,35,35,2026-10-06T14:03:13+00:00
graviton3,simde,256,main_expr,35,"expr_decimal/*",100.00,0.241744,0.241744,35,35,2026-10-06T14:03:13+00:00
graviton3,simde,256,main_expr,35,"expr_decimal//",100.00,0.194008,0.194008,35,35,2026-10-06T14:03:13+00:00
graviton3,simde,128,main_filter,36,"filter_byte_eq",100.00,0.065564,0.065564,36,36,2026-10-06T14:05:27+00:00
graviton3,simde,128,main_filter,36,"filter_byte_lt",100.00,0.038973,0.038973,36,36,2026-10-06T14:05:27+00:00
graviton3,simde,128,main_filter,36,"filter_byte_gt",100.00,0.039059,0.039059,36,36,2026-10-06T14:05:27+00:00
graviton3,simde,128,main_filter,36,"filter_byte_ne",100.00,0.032171,0.032171,36,36,2026-10-06T14:05:27+00:00
graviton3,simde,128,main_filter,36,"filter_byte_le",100.00,0.038511,0.038511,36,36,2026-10-06T14:05:27+00:00
graviton3,simde,128,main_filter,36,"filter_byte_ge",100.00,0.039179,0.039179,36,36,2026-10-06T14:05:27+00:00
graviton3,simde,128,main_filter,36,"filter_short_eq",100.00,0.042597,0.042597,36,36,2026-10-06T14:05:27+00:00
graviton3,simde,128,main_filter,36,"filter_short_lt",100.00,0.031514,0.031514,36,36,2026-10-06T14:05:27+00:00
graviton3,simde,128,main_filter,36,"filter_short_gt",100.00,0.031204,0.031204,36,36,2026-10-06T14:05:27+00:00
graviton3,simde,128,main_filter,36,"filter_short_ne",100.00,0.027846,0.027846,36,36,2026-10-06T14:05:27+00:00
graviton3,simde,128,main_filter,36,"filter_short_le",100.00,0.032058,0.032058,36,36,2026-10-06T14:05:27+00:00
graviton3,simde,128,main_filter,36,"filter_short_ge",100.00,0.031646,0.031646,36,36,2026-10-06T14:05:27+00:00
graviton3,simde,128,main_filter,36,"filter_int_eq",100.00,0.040630,0.040630,36,36,2026-10-06T14:05:27+00:00
graviton3,simde,128,main_filter,36,"filter_int_lt",100.00,0.031757,0.031757,36,36,2026-10-06T14:05:27+00:00
graviton3,simde,128,main_filter,36,"filter_int_gt",100.00,0.031569,0.031569,36,36,2026-10-06T14:05:27+00:00
graviton3,simde,128,main_filter,36,"filter_int_ne",100.00,0.028523,0.028523,36,36,2026-10-06T14:05:27+00:00
graviton3,simde,128,main_filter,36,"filter_int_le",100.00,0.031797,0.031797,36,36,2026-10-06T14:05:27+00:00
graviton3,simde,128,main_filter,36,"filter_int_ge",100.00,0.031472,0.031472,36,36,2026-10-06T14:05:27+00:00
graviton3,simde,128,main_filter,36,"filter_long_eq",100.00,0.038175,0.038175,36,36,2026-10-06T14:05:27+00:00
graviton3,simde,128,main_filter,36,"filter_long_lt",100.00,0.032039,0.032039,36,36,2026-10-06T14:05:27+00:00
graviton3,simde,128,main_filter,36,"filter_long_gt",100.00,0.032053,0.032053,36,36,2026-10-06T14:05:27+00:00
graviton3,simde,128,main_filter,36,"filter_long_ne",100.00,0.028072,0.028072,36,36,2026-10-06T14:05:27+00:00
graviton3,simde,128,main_filter,36,"filter_long_le",100.00,0.031727,0.031727,36,36,2026-10-06T14:05:27+00:00
graviton3,simde,128,main_filter,36,"filter_long_ge",100.00,0.032066,0.032066,36,36,2026-10-06T14:05:27+00:00
graviton3,simde,128,main_filter,36,"filter_float_eq",100.00,0.040521,0.040521,36,36,2026-10-06T14:05:27+00:00
graviton3,simde,128,main_filter,36,"filter_float_lt",100.00,0.032300,0.032300,36,36,2026-10-06T14:05:27+00:00
graviton3,simde,128,main_filter,36,"filter_float_gt",100.00,0.032215,0.032215,36,36,2026-10-06T14:05:27+00:00
graviton3,simde,128,main_filter,36,"filter_float_ne",100.00,0.027838,0.027838,36,36,2026-10-06T14:05:27+00:00
graviton3,simde,128,main_filter,36,"filter_float_le",100.00,0.032319,0.032319,36,36,2026-10-06T14:05:27+00:00
graviton3,simde,128,main_filter,36,"filter_float_ge",100.00,0.032349,0.032349,36,36,2026-10-06T14:05:27+00:00
graviton3,simde,128,main_filter,36,"filter_double_eq",100.00,0.037044,0.037044,36,36,2026-10-06T14:05:27+00:00
graviton3,simde,128,main_filter,36,"filter_double_lt",100.00,0.031698,0.031698,36,36,2026-10-06T14:05:27+00:00
graviton3,simde,128,main_filter,36,"filter_double_gt",100.00,0.032033,0.032033,36,36,2026-10-06T14:05:27+00:00
graviton3,simde,128,main_filter,36,"filter_double_ne",100.00,0.027579,0.027579,36,36,2026-10-06T14:05:27+00:00
graviton3,simde,128,main_filter,36,"filter_double_le",100.00,0.031514,0.031514,36,36,2026-10-06T14:05:27+00:00
graviton3,simde,128,main_filter,36,"filter_double_ge",100.00,0.032073,0.032073,36,36,2026-10-06T14:05:27+00:00
graviton3,simde,128,main_filter,36,"filter_char_eq",100.00,0.033138,0.033138,36,36,2026-10-06T14:05:27+00:00
graviton3,simde,128,main_filter,36,"filter_char_lt",100.00,0.023637,0.023637,36,36,2026-10-06T14:05:27+00:00
graviton3,simde,128,main_filter,36,"filter_char_gt",100.00,0.023486,0.023486,36,36,2026-10-06T14:05:27+00:00
graviton3,simde,128,main_filter,36,"filter_char_ne",100.00,0.030353,0.030353,36,36,2026-10-06T14:05:27+00:00
graviton3,simde,128,main_filter,36,"filter_char_le",100.00,0.023873,0.023873,36,36,2026-10-06T14:05:27+00:00
graviton3,simde,128,main_filter,36,"filter_char_ge",100.00,0.023844,0.023844,36,36,2026-10-06T14:05:27+00:00
graviton3,simde,256,main_filter,36,"filter_byte_eq",100.00,0.052931,0.052931,36,36,2026-10-06T14:05:51+00:00
graviton3,simde,256,main_filter,36,"filter_byte_lt",100.00,0.036887,0.036887,36,36,2026-10-06T14:05:51+00:00
graviton3,simde,256,main_filter,36,"filter_byte_gt",100.00,0.037428,0.037428,36,36,2026-10-06T14:05:51+00:00
graviton3,simde,256,main_filter,36,"filter_byte_ne",100.00,0.031560,0.031560,36,36,2026-10-06T14:05:51+00:00
graviton3,simde,256,main_filter,36,"filter_byte_le",100.00,0.036237,0.036237,36,36,2026-10-06T14:05:51+00:00
graviton3,simde,256,main_filter,36,"filter_byte_ge",100.00,0.036373,0.036373,36,36,2026-10-06T14:05:51+00:00
graviton3,simde,256,main_filter,36,"filter_short_eq",100.00,0.037579,0.037579,36,36,2026-10-06T14:05:51+00:00
graviton3,simde,256,main_filter,36,"filter_short_lt",100.00,0.030337,0.030337,36,36,2026-10-06T14:05:51+00:00
graviton3,simde,256,main_filter,36,"filter_short_gt",100.00,0.030889,0.030889,36,36,2026-10-06T14:05:51+00:00
graviton3,simde,256,main_filter,36,"filter_short_ne",100.00,0.027498,0.027498,36,36,2026-10-06T14:05:51+00:00
graviton3,simde,256,main_filter,36,"filter_short_le",100.00,0.031621,0.031621,36,36,2026-10-06T14:05:51+00:00
graviton3,simde,256,main_filter,36,"filter_short_ge",100.00,0.030879,0.030879,36,36,2026-10-06T14:05:51+00:00
graviton3,simde,256,main_filter,36,"filter_int_eq",100.00,0.033980,0.033980,36,36,2026-10-06T14:05:51+00:00
graviton3,simde,256,main_filter,36,"filter_int_lt",100.00,0.029077,0.029077,36,36,2026-10-06T14:05:51+00:00
graviton3,simde,256,main_filter,36,"filter_int_gt",100.00,0.028997,0.028997,36,36,2026-10-06T14:05:51+00:00
graviton3,simde,256,main_filter,36,"filter_int_ne",100.00,0.026277,0.026277,36,36,2026-10-06T14:05:51+00:00
graviton3,simde,256,main_filter,36,"filter_int_le",100.00,0.029632,0.029632,36,36,2026-10-06T14:05:51+00:00
graviton3,simde,256,main_filter,36,"filter_int_ge",100.00,0.029052,0.029052,36,36,2026-10-06T14:05:51+00:00
graviton3,simde,256,main_filter,36,"filter_long_eq",100.00,0.034875,0.034875,36,36,2026-10-06T14:05:51+00:00
graviton3,simde,256,main_filter,36,"filter_long_lt",100.00,0.030341,0.030341,36,36,2026-10-06T14:05:51+00:00
graviton3,simde,256,main_filter,36,"filter_long_gt",100.00,0.029695,0.029695,36,36,2026-10-06T14:05:51+00:00
graviton3,simde,256,main_filter,36,"filter_long_ne",100.00,0.026435,0.026435,36,36,2026-10-06T14:05:51+00:00
graviton3,simde,256,main_filter,36,"filter_long_le",100.00,0.030463,0.030463,36,36,2026-10-06T14:05:51+00:00
graviton3,simde,256,main_filter,36,"filter_long_ge",100.00,0.030138,0.030138,36,36,2026-10-06T14:05:51+00:00
graviton3,simde,256,main_filter,36,"filter_float_eq",100.00,0.036483,0.036483,36,36,2026-10-06T14:05:51+00:00
graviton3,simde,256,main_filter,36,"filter_float_lt",100.00,0.029910,0.029910,36,36,2026-10-06T14:05:51+00:00
graviton3,simde,256,main_filter,36,"filter_float_gt",100.00,0.029731,0.029731,36,36,2026-10-06T14:05:51+00:00
graviton3,simde,256,main_filter,36,"filter_float_ne",100.00,0.027927,0.027927,36,36,2026-10-06T14:05:51+00:00
graviton3,simde,256,main_filter,36,"filter_float_le",100.00,0.030018,0.030018,36,36,2026-10-06T14:05:51+00:00
graviton3,simde,256,main_filter,36,"filter_float_ge",100.00,0.029667,0.029667,36,36,2026-10-06T14:05:51+00:00
graviton3,simde,256,main_filter,36,"filter_double_eq",100.00,0.032987,0.032987,36,36,2026-10-06T14:05:51+00:00
graviton3,simde,256,main_filter,36,"filter_double_lt",100.00,0.028732,0.028732,36,36,2026-10-06T14:05:51+00:00
graviton3,simde,256,main_filter,36,"filter_double_gt",100.00,0.028788,0.028788,36,36,2026-10-06T14:05:51+00:00
graviton3,simde,256,main_filter,36,"filter_double_ne",100.00,0.025716,0.025716,36,36,2026-10-06T14:05:51+00:00
graviton3,simde,256,main_filter,36,"filter_double_le",100.00,0.029347,0.029347,36,36,2026-10-06T14:05:51+00:00
graviton3,simde,256,main_filter,36,"filter_double_ge",100.00,0.028533,0.028533,36,36,2026-10-06T14:05:51+00:00
graviton3,simde,256,main_filter,36,"filter_char_eq",100.00,0.029264,0.029264,36,36,2026-10-06T14:05:51+00:00
graviton3,simde,256,main_filter,36,"filter_char_lt",100.00,0.020197,0.020197,36,36,2026-10-06T14:05:51+00:00
graviton3,simde,256,main_filter,36,"filter_char_gt",100.00,0.020255,0.020255,36,36,2026-10-06T14:05:51+00:00
graviton3,simde,256,main_filter,36,"filter_char_ne",100.00,0.027200,0.027200,36,36,2026-10-06T14:05:51+00:00
graviton3,simde,256,main_filter,36,"filter_char_le",100.00,0.020699,0.020699,36,36,2026-10-06T14:05:51+00:00
graviton3,simde,256,main_filter,36,"filter_char_ge",100.00,0.020807,0.020807,36,36,2026-10-06T14:05:51+00:00
graviton3,simde,256,main_expr,36,"expr_float/+",100.00,4.653265,4.653265,36,36,2026-10-06T14:06:59+00:00
graviton3,simde,256,main_expr,36,"expr_float/-",100.00,5.624170,5.624170,36,36,2026-10-06T14:06:59+00:00
graviton3,simde,256,main_expr,36,"expr_float/*",100.00,5.789595,5.789595,36,36,2026-10-06T14:06:59+00:00
graviton3,simde,256,main_expr,36,"expr_float//",100.00,3.422817,3.422817,36,36,2026-10-06T14:06:59+00:00
graviton3,simde,256,main_expr,36,"expr_double/+",100.00,2.216160,2.216160,36,36,2026-10-06T14:06:59+00:00
graviton3,simde,256,main_expr,36,"expr_double/-",100.00,2.656056,2.656056,36,36,2026-10-06T14:06:59+00:00
graviton3,simde,256,main_expr,36,"expr_double/*",100.00,2.703126,2.703126,36,36,2026-10-06T14:06:59+00:00
graviton3,simde,256,main_expr,36,"expr_double//",100.00,1.029958,1.029958,36,36,2026-10-06T14:06:59+00:00
graviton3,simde,256,main_expr,36,"expr_decimal/+",100.00,1.551858,1.551858,36,36,2026-10-06T14:06:59+00:00
graviton3,simde,256,main_expr,36,"expr_decimal/-",100.00,1.797821,1.797821,36,36,2026-10-06T14:06:59+00:00
graviton3,simde,256,main_expr,36,"expr_decimal/*",100.00,0.243739,0.243739,36,36,2026-10-06T14:06:59+00:00
graviton3,simde,256,main_expr,36,"expr_decimal//",100.00,0.193763,0.193763,36,36,2026-10-06T14:06:59+00:00
graviton3,simde,128,main_filter,37,"filter_byte_eq",100.00,0.065251,0.065251,37,37,2026-10-06T14:09:13+00:00
graviton3,simde,128,main_filter,37,"filter_byte_lt",100.00,0.039009,0.039009,37,37,2026-10-06T14:09:13+00:00
graviton3,simde,128,main_filter,37,"filter_byte_gt",100.00,0.038858,0.038858,37,37,2026-10-06T14:09:13+00:00
graviton3,simde,128,main_filter,37,"filter_byte_ne",100.00,0.032315,0.032315,37,37,2026-10-06T14:09:13+00:00
graviton3,simde,128,main_filter,37,"filter_byte_le",100.00,0.040068,0.040068,37,37,2026-10-06T14:09:13+00:00
graviton3,simde,128,main_filter,37,"filter_byte_ge",100.00,0.039817,0.039817,37,37,2026-10-06T14:09:13+00:00
graviton3,simde,128,main_filter,37,"filter_short_eq",100.00,0.042169,0.042169,37,37,2026-10-06T14:09:13+00:00
graviton3,simde,128,main_filter,37,"filter_short_lt",100.00,0.031244,0.031244,37,37,2026-10-06T14:09:13+00:00
graviton3,simde,128,main_filter,37,"filter_short_gt",100.00,0.030882,0.030882,37,37,2026-10-06T14:09:13+00:00
graviton3,simde,128,main_filter,37,"filter_short_ne",100.00,0.027507,0.027507,37,37,2026-10-06T14:09:13+00:00
graviton3,simde,128,main_filter,37,"filter_short_le",100.00,0.030366,0.030366,37,37,2026-10-06T14:09:13+00:00
graviton3,simde,128,main_filter,37,"filter_short_ge",100.00,0.030019,0.030019,37,37,2026-10-06T14:09:13+00:00
graviton3,simde,128,main_filter,37,"filter_int_eq",100.00,0.040276,0.040276,37,37,2026-10-06T14:09:13+00:00
graviton3,simde,128,main_filter,37,"filter_int_lt",100.00,0.031650,0.031650,37,37,2026-10-06T14:09:13+00:00
graviton3,simde,128,main_filter,37,"filter_int_gt",100.00,0.031152,0.031152,37,37,2026-10-06T14:09:13+00:00
graviton3,simde,128,main_filter,37,"filter_int_ne",100.00,0.028115,0.028115,37,37,2026-10-06T14:09:13+00:00
graviton3,simde,128,main_filter,37,"filter_int_le",100.00,0.031404,0.031404,37,37,2026-10-06T14:09:13+00:00
graviton3,simde,128,main_filter,37,"filter_int_ge",100.00,0.031290,0.031290,37,37,2026-10-06T14:09:13+00:00
graviton3,simde,128,main_filter,37,"filter_long_eq",100.00,0.037559,0.037559,37,37,2026-10-06T14:09:13+00:00
graviton3,simde,128,main_filter,37,"filter_long_lt",100.00,0.031867,0.031867,37,37,2026-10-06T14:09:13+00:00
graviton3,simde,128,main_filter,37,"filter_long_gt",100.00,0.031893,0.031893,37,37,2026-10-06T14:09:13+00:00
graviton3,simde,128,main_filter,37,"filter_long_ne",100.00,0.027817,0.027817,37,37,2026-10-06T14:09:13+00:00
graviton3,simde,128,main_filter,37,"filter_long_le",100.00,0.031704,0.031704,37,37,2026-10-06T14:09:13+00:00
graviton3,simde,128,main_filter,37,"filter_long_ge",100.00,0.031939,0.031939,37,37,2026-10-06T14:09:13+00:00
graviton3,simde,128,main_filter,37,"filter_float_eq",100.00,0.040086,0.040086,37,37,2026-10-06T14:09:13+00:00
graviton3,simde,128,main_filter,37,"filter_float_lt",100.00,0.032119,0.032119,37,37,2026-10-06T14:09:13+00:00
graviton3,simde,128,main_filter,37,"filter_float_gt",100.00,0.032366,0.032366,37,37,2026-10-06T14:09:13+00:00
graviton3,simde,128,main_filter,37,"filter_float_ne",100.00,0.027444,0.027444,37,37,2026-10-06T14:09:13+00:00
graviton3,simde,128,main_filter,37,"filter_float_le",100.00,0.032157,0.032157,37,37,2026-10-06T14:09:13+00:00
graviton3,simde,128,main_filter,37,"filter_float_ge",100.00,0.032110,0.032110,37,37,2026-10-06T14:09:13+00:00
graviton3,simde,128,main_filter,37,"filter_double_eq",100.00,0.036440,0.036440,37,37,2026-10-06T14:09:13+00:00
graviton3,simde,128,main_filter,37,"filter_double_lt",100.00,0.031680,0.031680,37,37,2026-10-06T14:09:13+00:00
graviton3,simde,128,main_filter,37,"filter_double_gt",100.00,0.031771,0.031771,37,37,2026-10-06T14:09:13+00:00
graviton3,simde,128,main_filter,37,"filter_double_ne",100.00,0.027515,0.027515,37,37,2026-10-06T14:09:13+00:00
graviton3,simde,128,main_filter,37,"filter_double_le",100.00,0.030931,0.030931,37,37,2026-10-06T14:09:13+00:00
graviton3,simde,128,main_filter,37,"filter_double_ge",100.00,0.031376,0.031376,37,37,2026-10-06T14:09:13+00:00
graviton3,simde,128,main_filter,37,"filter_char_eq",100.00,0.033297,0.033297,37,37,2026-10-06T14:09:13+00:00
graviton3,simde,128,main_filter,37,"filter_char_lt",100.00,0.023688,0.023688,37,37,2026-10-06T14:09:13+00:00
graviton3,simde,128,main_filter,37,"filter_char_gt",100.00,0.023703,0.023703,37,37,2026-10-06T14:09:13+00:00
graviton3,simde,128,main_filter,37,"filter_char_ne",100.00,0.030494,0.030494,37,37,2026-10-06T14:09:13+00:00
graviton3,simde,128,main_filter,37,"filter_char_le",100.00,0.024039,0.024039,37,37,2026-10-06T14:09:13+00:00
graviton3,simde,128,main_filter,37,"filter_char_ge",100.00,0.024030,0.024030,37,37,2026-10-06T14:09:13+00:00
graviton3,simde,256,main_filter,37,"filter_byte_eq",100.00,0.056793,0.056793,37,37,2026-10-06T14:09:37+00:00
graviton3,simde,256,main_filter,37,"filter_byte_lt",100.00,0.039614,0.039614,37,37,2026-10-06T14:09:37+00:00
graviton3,simde,256,main_filter,37,"filter_byte_gt",100.00,0.039266,0.039266,37,37,2026-10-06T14:09:37+00:00
graviton3,simde,256,main_filter,37,"filter_byte_ne",100.00,0.032460,0.032460,37,37,2026-10-06T14:09:37+00:00
graviton3,simde,256,main_filter,37,"filter_byte_le",100.00,0.039052,0.039052,37,37,2026-10-06T14:09:37+00:00
graviton3,simde,256,main_filter,37,"filter_byte_ge",100.00,0.039425,0.039425,37,37,2026-10-06T14:09:37+00:00
graviton3,simde,256,main_filter,37,"filter_short_eq",100.00,0.039250,0.039250,37,37,2026-10-06T14:09:37+00:00
graviton3,simde,256,main_filter,37,"filter_short_lt",100.00,0.031853,0.031853,37,37,2026-10-06T14:09:37+00:00
graviton3,simde,256,main_filter,37,"filter_short_gt",100.00,0.031027,0.031027,37,37,2026-10-06T14:09:37+00:00
graviton3,simde,256,main_filter,37,"filter_short_ne",100.00,0.028159,0.028159,37,37,2026-10-06T14:09:37+00:00
graviton3,simde,256,main_filter,37,"filter_short_le",100.00,0.031343,0.031343,37,37,2026-10-06T14:09:37+00:00
graviton3,simde,256,main_filter,37,"filter_short_ge",100.00,0.031296,0.031296,37,37,2026-10-06T14:09:37+00:00
graviton3,simde,256,main_filter,37,"filter_int_eq",100.00,0.035726,0.035726,37,37,2026-10-06T14:09:37+00:00
graviton3,simde,256,main_filter,37,"filter_int_lt",100.00,0.030784,0.030784,37,37,2026-10-06T14:09:37+00:00
graviton3,simde,256,main_filter,37,"filter_int_gt",100.00,0.030227,0.030227,37,37,2026-10-06T14:09:37+00:00
graviton3,simde,256,main_filter,37,"filter_int_ne",100.00,0.027518,0.027518,37,37,2026-10-06T14:09:37+00:00
graviton3,simde,256,main_filter,37,"filter_int_le",100.00,0.030802,0.030802,37,37,2026-10-06T14:09:37+00:00
graviton3,simde,256,main_filter,37,"filter_int_ge",100.00,0.030592,0.030592,37,37,2026-10-06T14:09:37+00:00
graviton3,simde,256,main_filter,37,"filter_long_eq",100.00,0.034179,0.034179,37,37,2026-10-06T14:09:37+00:00
graviton3,simde,256,main_filter,37,"filter_long_lt",100.00,0.029969,0.029969,37,37,2026-10-06T14:09:37+00:00
graviton3,simde,256,main_filter,37,"filter_long_gt",100.00,0.029595,0.029595,37,37,2026-10-06T14:09:37+00:00
graviton3,simde,256,main_filter,37,"filter_long_ne",100.00,0.026202,0.026202,37,37,2026-10-06T14:09:37+00:00
graviton3,simde,256,main_filter,37,"filter_long_le",100.00,0.029088,0.029088,37,37,2026-10-06T14:09:37+00:00
graviton3,simde,256,main_filter,37,"filter_long_ge",100.00,0.029493,0.029493,37,37,2026-10-06T14:09:37+00:00
graviton3,simde,256,main_filter,37,"filter_float_eq",100.00,0.037447,0.037447,37,37,2026-10-06T14:09:37+00:00
graviton3,simde,256,main_filter,37,"filter_float_lt",100.00,0.030681,0.030681,37,37,2026-10-06T14:09:37+00:00
graviton3,simde,256,main_filter,37,"filter_float_gt",100.00,0.030401,0.030401,37,37,2026-10-06T14:09:37+00:00
graviton3,simde,256,main_filter,37,"filter_float_ne",100.00,0.027952,0.027952,37,37,2026-10-06T14:09:37+00:00
graviton3,simde,256,main_filter,37,"filter_float_le",100.00,0.030210,0.030210,37,37,2026-10-06T14:09:37+00:00
graviton3,simde,256,main_filter,37,"filter_float_ge",100.00,0.030219,0.030219,37,37,2026-10-06T14:09:37+00:00
graviton3,simde,256,main_filter,37,"filter_double_eq",100.00,0.032854,0.032854,37,37,2026-10-06T14:09:37+00:00
graviton3,simde,256,main_filter,37,"filter_double_lt",100.00,0.029269,0.029269,37,37,2026-10-06T14:09:37+00:00
graviton3,simde,256,main_filter,37,"filter_double_gt",100.00,0.029173,0.029173,37,37,2026-10-06T14:09:37+00:00
graviton3,simde,256,main_filter,37,"filter_double_ne",100.00,0.025842,0.025842,37,37,2026-10-06T14:09:37+00:00
graviton3,simde,256,main_filter,37,"filter_double_le",100.00,0.029063,0.029063,37,37,2026-10-06T14:09:37+00:00
graviton3,simde,256,main_filter,37,"filter_double_ge",100.00,0.028775,0.028775,37,37,2026-10-06T14:09:37+00:00
graviton3,simde,256,main_filter,37,"filter_char_eq",100.00,0.029943,0.029943,37,37,2026-10-06T14:09:37+00:00
graviton3,simde,256,main_filter,37,"filter_char_lt",100.00,0.020332,0.020332,37,37,2026-10-06T14:09:37+00:00
graviton3,simde,256,main_filter,37,"filter_char_gt",100.00,0.020527,0.020527,37,37,2026-10-06T14:09:37+00:00
graviton3,simde,256,main_filter,37,"filter_char_ne",100.00,0.028088,0.028088,37,37,2026-10-06T14:09:37+00:00
graviton3,simde,256,main_filter,37,"filter_char_le",100.00,0.020590,0.020590,37,37,2026-10-06T14:09:37+00:00
graviton3,simde,256,main_filter,37,"filter_char_ge",100.00,0.020953,0.020953,37,37,2026-10-06T14:09:37+00:00
graviton3,simde,256,main_expr,37,"expr_float/+",100.00,4.783753,4.783753,37,37,2026-10-06T14:10:44+00:00
graviton3,simde,256,main_expr,37,"expr_float/-",100.00,5.952211,5.952211,37,37,2026-10-06T14:10:44+00:00
graviton3,simde,256,main_expr,37,"expr_float/*",100.00,6.306284,6.306284,37,37,2026-10-06T14:10:44+00:00
graviton3,simde,256,main_expr,37,"expr_float//",100.00,3.426246,3.426246,37,37,2026-10-06T14:10:44+00:00
graviton3,simde,256,main_expr,37,"expr_double/+",100.00,2.218262,2.218262,37,37,2026-10-06T14:10:44+00:00
graviton3,simde,256,main_expr,37,"expr_double/-",100.00,2.660273,2.660273,37,37,2026-10-06T14:10:44+00:00
graviton3,simde,256,main_expr,37,"expr_double/*",100.00,2.731171,2.731171,37,37,2026-10-06T14:10:44+00:00
graviton3,simde,256,main_expr,37,"expr_double//",100.00,1.029853,1.029853,37,37,2026-10-06T14:10:44+00:00
graviton3,simde,256,main_expr,37,"expr_decimal/+",100.00,1.615257,1.615257,37,37,2026-10-06T14:10:44+00:00
graviton3,simde,256,main_expr,37,"expr_decimal/-",100.00,1.873121,1.873121,37,37,2026-10-06T14:10:44+00:00
graviton3,simde,256,main_expr,37,"expr_decimal/*",100.00,0.243637,0.243637,37,37,2026-10-06T14:10:44+00:00
graviton3,simde,256,main_expr,37,"expr_decimal//",100.00,0.195157,0.195157,37,37,2026-10-06T14:10:44+00:00
graviton3,simde,128,main_filter,38,"filter_byte_eq",100.00,0.062209,0.062209,38,38,2026-10-06T14:11:57+00:00
graviton3,simde,128,main_filter,38,"filter_byte_lt",100.00,0.038305,0.038305,38,38,2026-10-06T14:11:57+00:00
graviton3,simde,128,main_filter,38,"filter_byte_gt",100.00,0.038925,0.038925,38,38,2026-10-06T14:11:57+00:00
graviton3,simde,128,main_filter,38,"filter_byte_ne",100.00,0.031969,0.031969,38,38,2026-10-06T14:11:57+00:00
graviton3,simde,128,main_filter,38,"filter_byte_le",100.00,0.037498,0.037498,38,38,2026-10-06T14:11:57+00:00
graviton3,simde,128,main_filter,38,"filter_byte_ge",100.00,0.037290,0.037290,38,38,2026-10-06T14:11:57+00:00
graviton3,simde,128,main_filter,38,"filter_short_eq",100.00,0.041483,0.041483,38,38,2026-10-06T14:11:57+00:00
graviton3,simde,128,main_filter,38,"filter_short_lt",100.00,0.030450,0.030450,38,38,2026-10-06T14:11:57+00:00
graviton3,simde,128,main_filter,38,"filter_short_gt",100.00,0.029829,0.029829,38,38,2026-10-06T14:11:57+00:00
graviton3,simde,128,main_filter,38,"filter_short_ne",100.00,0.026720,0.026720,38,38,2026-10-06T14:11:57+00:00
graviton3,simde,128,main_filter,38,"filter_short_le",100.00,0.030492,0.030492,38,38,2026-10-06T14:11:57+00:00
graviton3,simde,128,main_filter,38,"filter_short_ge",100.00,0.029933,0.029933,38,38,2026-10-06T14:11:57+00:00
graviton3,simde,128,main_filter,38,"filter_int_eq",100.00,0.038823,0.038823,38,38,2026-10-06T14:11:57+00:00
graviton3,simde,128,main_filter,38,"filter_int_lt",100.00,0.030454,0.030454,38,38,2026-10-06T14:11:57+00:00
graviton3,simde,128,main_filter,38,"filter_int_gt",100.00,0.030335,0.030335,38,38,2026-10-06T14:11:57+00:00
graviton3,simde,128,main_filter,38,"filter_int_ne",100.00,0.027526,0.027526,38,38,2026-10-06T14:11:57+00:00
graviton3,simde,128,main_filter,38,"filter_int_le",100.00,0.030518,0.030518,38,38,2026-10-06T14:11:57+00:00
graviton3,simde,128,main_filter,38,"filter_int_ge",100.00,0.030247,0.030247,38,38,2026-10-06T14:11:57+00:00
graviton3,simde,128,main_filter,38,"filter_long_eq",100.00,0.035569,0.035569,38,38,2026-10-06T14:11:57+00:00
graviton3,simde,128,main_filter,38,"filter_long_lt",100.00,0.030450,0.030450,38,38,2026-10-06T14:11:57+00:00
graviton3,simde,128,main_filter,38,"filter_long_gt",100.00,0.030450,0.030450,38,38,2026-10-06T14:11:57+00:00
graviton3,simde,128,main_filter,38,"filter_long_ne",100.00,0.027059,0.027059,38,38,2026-10-06T14:11:57+00:00
graviton3,simde,128,main_filter,38,"filter_long_le",100.00,0.030616,0.030616,38,38,2026-10-06T14:11:57+00:00
graviton3,simde,128,main_filter,38,"filter_long_ge",100.00,0.030712,0.030712,38,38,2026-10-06T14:11:57+00:00
graviton3,simde,128,main_filter,38,"filter_float_eq",100.00,0.039191,0.039191,38,38,2026-10-06T14:11:57+00:00
graviton3,simde,128,main_filter,38,"filter_float_lt",100.00,0.031889,0.031889,38,38,2026-10-06T14:11:57+00:00
graviton3,simde,128,main_filter,38,"filter_float_gt",100.00,0.032171,0.032171,38,38,2026-10-06T14:11:57+00:00
graviton3,simde,128,main_filter,38,"filter_float_ne",100.00,0.027427,0.027427,38,38,2026-10-06T14:11:57+00:00
graviton3,simde,128,main_filter,38,"filter_float_le",100.00,0.032041,0.032041,38,38,2026-10-06T14:11:57+00:00
graviton3,simde,128,main_filter,38,"filter_float_ge",100.00,0.031661,0.031661,38,38,2026-10-06T14:11:57+00:00
graviton3,simde,128,main_filter,38,"filter_double_eq",100.00,0.036065,0.036065,38,38,2026-10-06T14:11:57+00:00
graviton3,simde,128,main_filter,38,"filter_double_lt",100.00,0.031372,0.031372,38,38,2026-10-06T14:11:57+00:00
graviton3,simde,128,main_filter,38,"filter_double_gt",100.00,0.031400,0.031400,38,38,2026-10-06T14:11:57+00:00
graviton3,simde,128,main_filter,38,"filter_double_ne",100.00,0.027076,0.027076,38,38,2026-10-06T14:11:57+00:00
graviton3,simde,128,main_filter,38,"filter_double_le",100.00,0.030717,0.030717,38,38,2026-10-06T14:11:57+00:00
graviton3,simde,128,main_filter,38,"filter_double_ge",100.00,0.031107,0.031107,38,38,2026-10-06T14:11:57+00:00
graviton3,simde,128,main_filter,38,"filter_char_eq",100.00,0.032600,0.032600,38,38,2026-10-06T14:11:57+00:00
graviton3,simde,128,main_filter,38,"filter_char_lt",100.00,0.023364,0.023364,38,38,2026-10-06T14:11:57+00:00
graviton3,simde,128,main_filter,38,"filter_char_gt",100.00,0.023325,0.023325,38,38,2026-10-06T14:11:57+00:00
graviton3,simde,128,main_filter,38,"filter_char_ne",100.00,0.029909,0.029909,38,38,2026-10-06T14:11:57+00:00
graviton3,simde,128,main_filter,38,"filter_char_le",100.00,0.023758,0.023758,38,38,2026-10-06T14:11:57+00:00
graviton3,simde,128,main_filter,38,"filter_char_ge",100.00,0.023649,0.023649,38,38,2026-10-06T14:11:57+00:00
graviton3,simde,256,main_filter,38,"filter_byte_eq",100.00,0.050766,0.050766,38,38,2026-10-06T14:12:22+00:00
graviton3,simde,256,main_filter,38,"filter_byte_lt",100.00,0.036074,0.036074,38,38,2026-10-06T14:12:22+00:00
graviton3,simde,256,main_filter,38,"filter_byte_gt",100.00,0.036813,0.036813,38,38,2026-10-06T14:12:22+00:00
graviton3,simde,256,main_filter,38,"filter_byte_ne",100.00,0.031714,0.031714,38,38,2026-10-06T14:12:22+00:00
graviton3,simde,256,main_filter,38,"filter_byte_le",100.00,0.036566,0.036566,38,38,2026-10-06T14:12:22+00:00
graviton3,simde,256,main_filter,38,"filter_byte_ge",100.00,0.036453,0.036453,38,38,2026-10-06T14:12:22+00:00
graviton3,simde,256,main_filter,38,"filter_short_eq",100.00,0.036745,0.036745,38,38,2026-10-06T14:12:22+00:00
graviton3,simde,256,main_filter,38,"filter_short_lt",100.00,0.030565,0.030565,38,38,2026-10-06T14:12:22+00:00
graviton3,simde,256,main_filter,38,"filter_short_gt",100.00,0.029807,0.029807,38,38,2026-10-06T14:12:22+00:00
graviton3,simde,256,main_filter,38,"filter_short_ne",100.00,0.027299,0.027299,38,38,2026-10-06T14:12:22+00:00
graviton3,simde,256,main_filter,38,"filter_short_le",100.00,0.030677,0.030677,38,38,2026-10-06T14:12:22+00:00
graviton3,simde,256,main_filter,38,"filter_short_ge",100.00,0.029852,0.029852,38,38,2026-10-06T14:12:22+00:00
graviton3,simde,256,main_filter,38,"filter_int_eq",100.00,0.034299,0.034299,38,38,2026-10-06T14:12:22+00:00
graviton3,simde,256,main_filter,38,"filter_int_lt",100.00,0.029866,0.029866,38,38,2026-10-06T14:12:22+00:00
graviton3,simde,256,main_filter,38,"filter_int_gt",100.00,0.029784,0.029784,38,38,2026-10-06T14:12:22+00:00
graviton3,simde,256,main_filter,38,"filter_int_ne",100.00,0.027225,0.027225,38,38,2026-10-06T14:12:22+00:00
graviton3,simde,256,main_filter,38,"filter_int_le",100.00,0.030191,0.030191,38,38,2026-10-06T14:12:22+00:00
graviton3,simde,256,main_filter,38,"filter_int_ge",100.00,0.029732,0.029732,38,38,2026-10-06T14:12:22+00:00
graviton3,simde,256,main_filter,38,"filter_long_eq",100.00,0.034405,0.034405,38,38,2026-10-06T14:12:22+00:00
graviton3,simde,256,main_filter,38,"filter_long_lt",100.00,0.030246,0.030246,38,38,2026-10-06T14:12:22+00:00
graviton3,simde,256,main_filter,38,"filter_long_gt",100.00,0.029981,0.029981,38,38,2026-10-06T14:12:22+00:00
graviton3,simde,256,main_filter,38,"filter_long_ne",100.00,0.026273,0.026273,38,38,2026-10-06T14:12:22+00:00
graviton3,simde,256,main_filter,38,"filter_long_le",100.00,0.029500,0.029500,38,38,2026-10-06T14:12:22+00:00
graviton3,simde,256,main_filter,38,"filter_long_ge",100.00,0.029571,0.029571,38,38,2026-10-06T14:12:22+00:00
graviton3,simde,256,main_filter,38,"filter_float_eq",100.00,0.035377,0.035377,38,38,2026-10-06T14:12:22+00:00
graviton3,simde,256,main_filter,38,"filter_float_lt",100.00,0.029796,0.029796,38,38,2026-10-06T14:12:22+00:00
graviton3,simde,256,main_filter,38,"filter_float_gt",100.00,0.029427,0.029427,38,38,2026-10-06T14:12:22+00:00
graviton3,simde,256,main_filter,38,"filter_float_ne",100.00,0.027567,0.027567,38,38,2026-10-06T14:12:22+00:00
graviton3,simde,256,main_filter,38,"filter_float_le",100.00,0.029396,0.029396,38,38,2026-10-06T14:12:22+00:00
graviton3,simde,256,main_filter,38,"filter_float_ge",100.00,0.029165,0.029165,38,38,2026-10-06T14:12:22+00:00
graviton3,simde,256,main_filter,38,"filter_double_eq",100.00,0.032843,0.032843,38,38,2026-10-06T14:12:22+00:00
graviton3,simde,256,main_filter,38,"filter_double_lt",100.00,0.028989,0.028989,38,38,2026-10-06T14:12:22+00:00
graviton3,simde,256,main_filter,38,"filter_double_gt",100.00,0.029026,0.029026,38,38,2026-10-06T14:12:22+00:00
graviton3,simde,256,main_filter,38,"filter_double_ne",100.00,0.025774,0.025774,38,38,2026-10-06T14:12:22+00:00
graviton3,simde,256,main_filter,38,"filter_double_le",100.00,0.028623,0.028623,38,38,2026-10-06T14:12:22+00:00
graviton3,simde,256,main_filter,38,"filter_double_ge",100.00,0.028498,0.028498,38,38,2026-10-06T14:12:22+00:00
graviton3,simde,256,main_filter,38,"filter_char_eq",100.00,0.029845,0.029845,38,38,2026-10-06T14:12:22+00:00
graviton3,simde,256,main_filter,38,"filter_char_lt",100.00,0.020354,0.020354,38,38,2026-10-06T14:12:22+00:00
graviton3,simde,256,main_filter,38,"filter_char_gt",100.00,0.020571,0.020571,38,38,2026-10-06T14:12:22+00:00
graviton3,simde,256,main_filter,38,"filter_char_ne",100.00,0.028114,0.028114,38,38,2026-10-06T14:12:22+00:00
graviton3,simde,256,main_filter,38,"filter_char_le",100.00,0.020825,0.020825,38,38,2026-10-06T14:12:22+00:00
graviton3,simde,256,main_filter,38,"filter_char_ge",100.00,0.021002,0.021002,38,38,2026-10-06T14:12:22+00:00
graviton3,simde,256,main_expr,38,"expr_float/+",100.00,4.796319,4.796319,38,38,2026-10-06T14:13:29+00:00
graviton3,simde,256,main_expr,38,"expr_float/-",100.00,6.057328,6.057328,38,38,2026-10-06T14:13:29+00:00
graviton3,simde,256,main_expr,38,"expr_float/*",100.00,6.424895,6.424895,38,38,2026-10-06T14:13:29+00:00
graviton3,simde,256,main_expr,38,"expr_float//",100.00,3.424813,3.424813,38,38,2026-10-06T14:13:29+00:00
graviton3,simde,256,main_expr,38,"expr_double/+",100.00,2.276962,2.276962,38,38,2026-10-06T14:13:29+00:00
graviton3,simde,256,main_expr,38,"expr_double/-",100.00,2.773135,2.773135,38,38,2026-10-06T14:13:29+00:00
graviton3,simde,256,main_expr,38,"expr_double/*",100.00,2.894675,2.894675,38,38,2026-10-06T14:13:29+00:00
graviton3,simde,256,main_expr,38,"expr_double//",100.00,1.030022,1.030022,38,38,2026-10-06T14:13:29+00:00
graviton3,simde,256,main_expr,38,"expr_decimal/+",100.00,1.609866,1.609866,38,38,2026-10-06T14:13:29+00:00
graviton3,simde,256,main_expr,38,"expr_decimal/-",100.00,1.846418,1.846418,38,38,2026-10-06T14:13:29+00:00
graviton3,simde,256,main_expr,38,"expr_decimal/*",100.00,0.241807,0.241807,38,38,2026-10-06T14:13:29+00:00
graviton3,simde,256,main_expr,38,"expr_decimal//",100.00,0.193797,0.193797,38,38,2026-10-06T14:13:29+00:00
graviton3,simde,128,main_filter,39,"filter_byte_eq",100.00,0.063033,0.063033,39,39,2026-10-06T14:13:42+00:00
graviton3,simde,128,main_filter,39,"filter_byte_lt",100.00,0.038904,0.038904,39,39,2026-10-06T14:13:42+00:00
graviton3,simde,128,main_filter,39,"filter_byte_gt",100.00,0.039805,0.039805,39,39,2026-10-06T14:13:42+00:00
graviton3,simde,128,main_filter,39,"filter_byte_ne",100.00,0.032349,0.032349,39,39,2026-10-06T14:13:42+00:00
graviton3,simde,128,main_filter,39,"filter_byte_le",100.00,0.040030,0.040030,39,39,2026-10-06T14:13:42+00:00
graviton3,simde,128,main_filter,39,"filter_byte_ge",100.00,0.039172,0.039172,39,39,2026-10-06T14:13:42+00:00
graviton3,simde,128,main_filter,39,"filter_short_eq",100.00,0.044014,0.044014,39,39,2026-10-06T14:13:42+00:00
graviton3,simde,128,main_filter,39,"filter_short_lt",100.00,0.031683,0.031683,39,39,2026-10-06T14:13:42+00:00
graviton3,simde,128,main_filter,39,"filter_short_gt",100.00,0.031502,0.031502,39,39,2026-10-06T14:13:42+00:00
graviton3,simde,128,main_filter,39,"filter_short_ne",100.00,0.028036,0.028036,39,39,2026-10-06T14:13:42+00:00
graviton3,simde,128,main_filter,39,"filter_short_le",100.00,0.031515,0.031515,39,39,2026-10-06T14:13:42+00:00
graviton3,simde,128,main_filter,39,"filter_short_ge",100.00,0.031258,0.031258,39,39,2026-10-06T14:13:42+00:00
graviton3,simde,128,main_filter,39,"filter_int_eq",100.00,0.039705,0.039705,39,39,2026-10-06T14:13:42+00:00
graviton3,simde,128,main_filter,39,"filter_int_lt",100.00,0.031383,0.031383,39,39,2026-10-06T14:13:42+00:00
graviton3,simde,128,main_filter,39,"filter_int_gt",100.00,0.031417,0.031417,39,39,2026-10-06T14:13:42+00:00
graviton3,simde,128,main_filter,39,"filter_int_ne",100.00,0.028153,0.028153,39,39,2026-10-06T14:13:42+00:00
graviton3,simde,128,main_filter,39,"filter_int_le",100.00,0.031156,0.031156,39,39,2026-10-06T14:13:42+00:00
graviton3,simde,128,main_filter,39,"filter_int_ge",100.00,0.031118,0.031118,39,39,2026-10-06T14:13:42+00:00
graviton3,simde,128,main_filter,39,"filter_long_eq",100.00,0.038018,0.038018,39,39,2026-10-06T14:13:42+00:00
graviton3,simde,128,main_filter,39,"filter_long_lt",100.00,0.032020,0.032020,39,39,2026-10-06T14:13:42+00:00
graviton3,simde,128,main_filter,39,"filter_long_gt",100.00,0.031844,0.031844,39,39,2026-10-06T14:13:42+00:00
graviton3,simde,128,main_filter,39,"filter_long_ne",100.00,0.027876,0.027876,39,39,2026-10-06T14:13:42+00:00
graviton3,simde,128,main_filter,39,"filter_long_le",100.00,0.031806,0.031806,39,39,2026-10-06T14:13:42+00:00
graviton3,simde,128,main_filter,39,"filter_long_ge",100.00,0.031811,0.031811,39,39,2026-10-06T14:13:42+00:00
graviton3,simde,128,main_filter,39,"filter_float_eq",100.00,0.041311,0.041311,39,39,2026-10-06T14:13:42+00:00
graviton3,simde,128,main_filter,39,"filter_float_lt",100.00,0.032602,0.032602,39,39,2026-10-06T14:13:42+00:00
graviton3,simde,128,main_filter,39,"filter_float_gt",100.00,0.032620,0.032620,39,39,2026-10-06T14:13:42+00:00
graviton3,simde,128,main_filter,39,"filter_float_ne",100.00,0.028059,0.028059,39,39,2026-10-06T14:13:42+00:00
graviton3,simde,128,main_filter,39,"filter_float_le",100.00,0.032675,0.032675,39,39,2026-10-06T14:13:42+00:00
graviton3,simde,128,main_filter,39,"filter_float_ge",100.00,0.032409,0.032409,39,39,2026-10-06T14:13:42+00:00
graviton3,simde,128,main_filter,39,"filter_double_eq",100.00,0.037134,0.037134,39,39,2026-10-06T14:13:42+00:00
graviton3,simde,128,main_filter,39,"filter_double_lt",100.00,0.032066,0.032066,39,39,2026-10-06T14:13:42+00:00
graviton3,simde,128,main_filter,39,"filter_double_gt",100.00,0.032016,0.032016,39,39,2026-10-06T14:13:42+00:00
graviton3,simde,128,main_filter,39,"filter_double_ne",100.00,0.027832,0.027832,39,39,2026-10-06T14:13:42+00:00
graviton3,simde,128,main_filter,39,"filter_double_le",100.00,0.031708,0.031708,39,39,2026-10-06T14:13:42+00:00
graviton3,simde,128,main_filter,39,"filter_double_ge",100.00,0.031941,0.031941,39,39,2026-10-06T14:13:42+00:00
graviton3,simde,128,main_filter,39,"filter_char_eq",100.00,0.033033,0.033033,39,39,2026-10-06T14:13:42+00:00
graviton3,simde,128,main_filter,39,"filter_char_lt",100.00,0.023607,0.023607,39,39,2026-10-06T14:13:42+00:00
graviton3,simde,128,main_filter,39,"filter_char_gt",100.00,0.023492,0.023492,39,39,2026-10-06T14:13:42+00:00
graviton3,simde,128,main_filter,39,"filter_char_ne",100.00,0.030262,0.030262,39,39,2026-10-06T14:13:42+00:00
graviton3,simde,128,main_filter,39,"filter_char_le",100.00,0.023886,0.023886,39,39,2026-10-06T14:13:42+00:00
graviton3,simde,128,main_filter,39,"filter_char_ge",100.00,0.023837,0.023837,39,39,2026-10-06T14:13:42+00:00
graviton3,simde,256,main_filter,39,"filter_byte_eq",100.00,0.056949,0.056949,39,39,2026-10-06T14:14:07+00:00
graviton3,simde,256,main_filter,39,"filter_byte_lt",100.00,0.039904,0.039904,39,39,2026-10-06T14:14:07+00:00
graviton3,simde,256,main_filter,39,"filter_byte_gt",100.00,0.040541,0.040541,39,39,2026-10-06T14:14:07+00:00
graviton3,simde,256,main_filter,39,"filter_byte_ne",100.00,0.032799,0.032799,39,39,2026-10-06T14:14:07+00:00
graviton3,simde,256,main_filter,39,"filter_byte_le",100.00,0.039414,0.039414,39,39,2026-10-06T14:14:07+00:00
graviton3,simde,256,main_filter,39,"filter_byte_ge",100.00,0.039089,0.039089,39,39,2026-10-06T14:14:07+00:00
graviton3,simde,256,main_filter,39,"filter_short_eq",100.00,0.039418,0.039418,39,39,2026-10-06T14:14:07+00:00
graviton3,simde,256,main_filter,39,"filter_short_lt",100.00,0.030513,0.030513,39,39,2026-10-06T14:14:07+00:00
graviton3,simde,256,main_filter,39,"filter_short_gt",100.00,0.031235,0.031235,39,39,2026-10-06T14:14:07+00:00
graviton3,simde,256,main_filter,39,"filter_short_ne",100.00,0.028224,0.028224,39,39,2026-10-06T14:14:07+00:00
graviton3,simde,256,main_filter,39,"filter_short_le",100.00,0.032030,0.032030,39,39,2026-10-06T14:14:07+00:00
graviton3,simde,256,main_filter,39,"filter_short_ge",100.00,0.031052,0.031052,39,39,2026-10-06T14:14:07+00:00
graviton3,simde,256,main_filter,39,"filter_int_eq",100.00,0.036128,0.036128,39,39,2026-10-06T14:14:07+00:00
graviton3,simde,256,main_filter,39,"filter_int_lt",100.00,0.030738,0.030738,39,39,2026-10-06T14:14:07+00:00
graviton3,simde,256,main_filter,39,"filter_int_gt",100.00,0.030647,0.030647,39,39,2026-10-06T14:14:07+00:00
graviton3,simde,256,main_filter,39,"filter_int_ne",100.00,0.027562,0.027562,39,39,2026-10-06T14:14:07+00:00
graviton3,simde,256,main_filter,39,"filter_int_le",100.00,0.030922,0.030922,39,39,2026-10-06T14:14:07+00:00
graviton3,simde,256,main_filter,39,"filter_int_ge",100.00,0.030356,0.030356,39,39,2026-10-06T14:14:07+00:00
graviton3,simde,256,main_filter,39,"filter_long_eq",100.00,0.035539,0.035539,39,39,2026-10-06T14:14:07+00:00
graviton3,simde,256,main_filter,39,"filter_long_lt",100.00,0.030276,0.030276,39,39,2026-10-06T14:14:07+00:00
graviton3,simde,256,main_filter,39,"filter_long_gt",100.00,0.029881,0.029881,39,39,2026-10-06T14:14:07+00:00
graviton3,simde,256,main_filter,39,"filter_long_ne",100.00,0.026813,0.026813,39,39,2026-10-06T14:14:07+00:00
graviton3,simde,256,main_filter,39,"filter_long_le",100.00,0.030479,0.030479,39,39,2026-10-06T14:14:07+00:00
graviton3,simde,256,main_filter,39,"filter_long_ge",100.00,0.029625,0.029625,39,39,2026-10-06T14:14:07+00:00
graviton3,simde,256,main_filter,39,"filter_float_eq",100.00,0.037582,0.037582,39,39,2026-10-06T14:14:07+00:00
graviton3,simde,256,main_filter,39,"filter_float_lt",100.00,0.030279,0.030279,39,39,2026-10-06T14:14:07+00:00
graviton3,simde,256,main_filter,39,"filter_float_gt",100.00,0.030458,0.030458,39,39,2026-10-06T14:14:07+00:00
graviton3,simde,256,main_filter,39,"filter_float_ne",100.00,0.027682,0.027682,39,39,2026-10-06T14:14:07+00:00
graviton3,simde,256,main_filter,39,"filter_float_le",100.00,0.030691,0.030691,39,39,2026-10-06T14:14:07+00:00
graviton3,simde,256,main_filter,39,"filter_float_ge",100.00,0.030326,0.030326,39,39,2026-10-06T14:14:07+00:00
graviton3,simde,256,main_filter,39,"filter_double_eq",100.00,0.033059,0.033059,39,39,2026-10-06T14:14:07+00:00
graviton3,simde,256,main_filter,39,"filter_double_lt",100.00,0.029110,0.029110,39,39,2026-10-06T14:14:07+00:00
graviton3,simde,256,main_filter,39,"filter_double_gt",100.00,0.029029,0.029029,39,39,2026-10-06T14:14:07+00:00
graviton3,simde,256,main_filter,39,"filter_double_ne",100.00,0.025837,0.025837,39,39,2026-10-06T14:14:07+00:00
graviton3,simde,256,main_filter,39,"filter_double_le",100.00,0.029140,0.029140,39,39,2026-10-06T14:14:07+00:00
graviton3,simde,256,main_filter,39,"filter_double_ge",100.00,0.028866,0.028866,39,39,2026-10-06T14:14:07+00:00
graviton3,simde,256,main_filter,39,"filter_char_eq",100.00,0.030109,0.030109,39,39,2026-10-06T14:14:07+00:00
graviton3,simde,256,main_filter,39,"filter_char_lt",100.00,0.020414,0.020414,39,39,2026-10-06T14:14:07+00:00
graviton3,simde,256,main_filter,39,"filter_char_gt",100.00,0.020653,0.020653,39,39,2026-10-06T14:14:07+00:00
graviton3,simde,256,main_filter,39,"filter_char_ne",100.00,0.028228,0.028228,39,39,2026-10-06T14:14:07+00:00
graviton3,simde,256,main_filter,39,"filter_char_le",100.00,0.020890,0.020890,39,39,2026-10-06T14:14:07+00:00
graviton3,simde,256,main_filter,39,"filter_char_ge",100.00,0.020928,0.020928,39,39,2026-10-06T14:14:07+00:00
graviton3,simde,256,main_expr,39,"expr_float/+",100.00,4.703086,4.703086,39,39,2026-10-06T14:15:14+00:00
graviton3,simde,256,main_expr,39,"expr_float/-",100.00,5.710925,5.710925,39,39,2026-10-06T14:15:14+00:00
graviton3,simde,256,main_expr,39,"expr_float/*",100.00,5.943227,5.943227,39,39,2026-10-06T14:15:14+00:00
graviton3,simde,256,main_expr,39,"expr_float//",100.00,3.424879,3.424879,39,39,2026-10-06T14:15:14+00:00
graviton3,simde,256,main_expr,39,"expr_double/+",100.00,2.191365,2.191365,39,39,2026-10-06T14:15:14+00:00
graviton3,simde,256,main_expr,39,"expr_double/-",100.00,2.634130,2.634130,39,39,2026-10-06T14:15:14+00:00
graviton3,simde,256,main_expr,39,"expr_double/*",100.00,2.690940,2.690940,39,39,2026-10-06T14:15:14+00:00
graviton3,simde,256,main_expr,39,"expr_double//",100.00,1.029419,1.029419,39,39,2026-10-06T14:15:14+00:00
graviton3,simde,256,main_expr,39,"expr_decimal/+",100.00,1.618743,1.618743,39,39,2026-10-06T14:15:14+00:00
graviton3,simde,256,main_expr,39,"expr_decimal/-",100.00,1.886719,1.886719,39,39,2026-10-06T14:15:14+00:00
graviton3,simde,256,main_expr,39,"expr_decimal/*",100.00,0.241792,0.241792,39,39,2026-10-06T14:15:14+00:00
graviton3,simde,256,main_expr,39,"expr_decimal//",100.00,0.194028,0.194028,39,39,2026-10-06T14:15:14+00:00
graviton3,simde,128,main_filter,40,"filter_byte_eq",100.00,0.059730,0.059730,40,40,2026-10-06T14:15:27+00:00
graviton3,simde,128,main_filter,40,"filter_byte_lt",100.00,0.036651,0.036651,40,40,2026-10-06T14:15:27+00:00
graviton3,simde,128,main_filter,40,"filter_byte_gt",100.00,0.037285,0.037285,40,40,2026-10-06T14:15:27+00:00
graviton3,simde,128,main_filter,40,"filter_byte_ne",100.00,0.031309,0.031309,40,40,2026-10-06T14:15:27+00:00
graviton3,simde,128,main_filter,40,"filter_byte_le",100.00,0.037112,0.037112,40,40,2026-10-06T14:15:27+00:00
graviton3,simde,128,main_filter,40,"filter_byte_ge",100.00,0.036479,0.036479,40,40,2026-10-06T14:15:27+00:00
graviton3,simde,128,main_filter,40,"filter_short_eq",100.00,0.042032,0.042032,40,40,2026-10-06T14:15:27+00:00
graviton3,simde,128,main_filter,40,"filter_short_lt",100.00,0.031154,0.031154,40,40,2026-10-06T14:15:27+00:00
graviton3,simde,128,main_filter,40,"filter_short_gt",100.00,0.031289,0.031289,40,40,2026-10-06T14:15:27+00:00
graviton3,simde,128,main_filter,40,"filter_short_ne",100.00,0.027454,0.027454,40,40,2026-10-06T14:15:27+00:00
graviton3,simde,128,main_filter,40,"filter_short_le",100.00,0.031221,0.031221,40,40,2026-10-06T14:15:27+00:00
graviton3,simde,128,main_filter,40,"filter_short_ge",100.00,0.031025,0.031025,40,40,2026-10-06T14:15:27+00:00
graviton3,simde,128,main_filter,40,"filter_int_eq",100.00,0.039612,0.039612,40,40,2026-10-06T14:15:27+00:00
graviton3,simde,128,main_filter,40,"filter_int_lt",100.00,0.031176,0.031176,40,40,2026-10-06T14:15:27+00:00
graviton3,simde,128,main_filter,40,"filter_int_gt",100.00,0.031212,0.031212,40,40,2026-10-06T14:15:27+00:00
graviton3,simde,128,main_filter,40,"filter_int_ne",100.00,0.028035,0.028035,40,40,2026-10-06T14:15:27+00:00
graviton3,simde,128,main_filter,40,"filter_int_le",100.00,0.030930,0.030930,40,40,2026-10-06T14:15:27+00:00
graviton3,simde,128,main_filter,40,"filter_int_ge",100.00,0.031085,0.031085,40,40,2026-10-06T14:15:27+00:00
graviton3,simde,128,main_filter,40,"filter_long_eq",100.00,0.037407,0.037407,40,40,2026-10-06T14:15:27+00:00
graviton3,simde,128,main_filter,40,"filter_long_lt",100.00,0.031650,0.031650,40,40,2026-10-06T14:15:27+00:00
graviton3,simde,128,main_filter,40,"filter_long_gt",100.00,0.031871,0.031871,40,40,2026-10-06T14:15:27+00:00
graviton3,simde,128,main_filter,40,"filter_long_ne",100.00,0.027754,0.027754,40,40,2026-10-06T14:15:27+00:00
graviton3,simde,128,main_filter,40,"filter_long_le",100.00,0.031813,0.031813,40,40,2026-10-06T14:15:27+00:00
graviton3,simde,128,main_filter,40,"filter_long_ge",100.00,0.031384,0.031384,40,40,2026-10-06T14:15:27+00:00
graviton3,simde,128,main_filter,40,"filter_float_eq",100.00,0.040030,0.040030,40,40,2026-10-06T14:15:27+00:00
graviton3,simde,128,main_filter,40,"filter_float_lt",100.00,0.032276,0.032276,40,40,2026-10-06T14:15:27+00:00
graviton3,simde,128,main_filter,40,"filter_float_gt",100.00,0.032390,0.032390,40,40,2026-10-06T14:15:27+00:00
graviton3,simde,128,main_filter,40,"filter_float_ne",100.00,0.027989,0.027989,40,40,2026-10-06T14:15:27+00:00
graviton3,simde,128,main_filter,40,"filter_float_le",100.00,0.032331,0.032331,40,40,2026-10-06T14:15:27+00:00
graviton3,simde,128,main_filter,40,"filter_float_ge",100.00,0.032167,0.032167,40,40,2026-10-06T14:15:27+00:00
graviton3,simde,128,main_filter,40,"filter_double_eq",100.00,0.035836,0.035836,40,40,2026-10-06T14:15:27+00:00
graviton3,simde,128,main_filter,40,"filter_double_lt",100.00,0.031462,0.031462,40,40,2026-10-06T14:15:27+00:00
graviton3,simde,128,main_filter,40,"filter_double_gt",100.00,0.031709,0.031709,40,40,2026-10-06T14:15:27+00:00
graviton3,simde,128,main_filter,40,"filter_double_ne",100.00,0.027193,0.027193,40,40,2026-10-06T14:15:27+00:00
graviton3,simde,128,main_filter,40,"filter_double_le",100.00,0.031086,0.031086,40,40,2026-10-06T14:15:27+00:00
graviton3,simde,128,main_filter,40,"filter_double_ge",100.00,0.031142,0.031142,40,40,2026-10-06T14:15:27+00:00
graviton3,simde,128,main_filter,40,"filter_char_eq",100.00,0.032415,0.032415,40,40,2026-10-06T14:15:27+00:00
graviton3,simde,128,main_filter,40,"filter_char_lt",100.00,0.023183,0.023183,40,40,2026-10-06T14:15:27+00:00
graviton3,simde,128,main_filter,40,"filter_char_gt",100.00,0.023216,0.023216,40,40,2026-10-06T14:15:27+00:00
graviton3,simde,128,main_filter,40,"filter_char_ne",100.00,0.029767,0.029767,40,40,2026-10-06T14:15:27+00:00
graviton3,simde,128,main_filter,40,"filter_char_le",100.00,0.023423,0.023423,40,40,2026-10-06T14:15:27+00:00
graviton3,simde,128,main_filter,40,"filter_char_ge",100.00,0.023416,0.023416,40,40,2026-10-06T14:15:27+00:00
graviton3,simde,256,main_filter,40,"filter_byte_eq",100.00,0.051182,0.051182,40,40,2026-10-06T14:15:52+00:00
graviton3,simde,256,main_filter,40,"filter_byte_lt",100.00,0.036036,0.036036,40,40,2026-10-06T14:15:52+00:00
graviton3,simde,256,main_filter,40,"filter_byte_gt",100.00,0.035860,0.035860,40,40,2026-10-06T14:15:52+00:00
graviton3,simde,256,main_filter,40,"filter_byte_ne",100.00,0.031027,0.031027,40,40,2026-10-06T14:15:52+00:00
graviton3,simde,256,main_filter,40,"filter_byte_le",100.00,0.035914,0.035914,40,40,2026-10-06T14:15:52+00:00
graviton3,simde,256,main_filter,40,"filter_byte_ge",100.00,0.035385,0.035385,40,40,2026-10-06T14:15:52+00:00
graviton3,simde,256,main_filter,40,"filter_short_eq",100.00,0.035858,0.035858,40,40,2026-10-06T14:15:52+00:00
graviton3,simde,256,main_filter,40,"filter_short_lt",100.00,0.029594,0.029594,40,40,2026-10-06T14:15:52+00:00
graviton3,simde,256,main_filter,40,"filter_short_gt",100.00,0.029675,0.029675,40,40,2026-10-06T14:15:52+00:00
graviton3,simde,256,main_filter,40,"filter_short_ne",100.00,0.027011,0.027011,40,40,2026-10-06T14:15:52+00:00
graviton3,simde,256,main_filter,40,"filter_short_le",100.00,0.030611,0.030611,40,40,2026-10-06T14:15:52+00:00
graviton3,simde,256,main_filter,40,"filter_short_ge",100.00,0.029992,0.029992,40,40,2026-10-06T14:15:52+00:00
graviton3,simde,256,main_filter,40,"filter_int_eq",100.00,0.033085,0.033085,40,40,2026-10-06T14:15:52+00:00
graviton3,simde,256,main_filter,40,"filter_int_lt",100.00,0.029368,0.029368,40,40,2026-10-06T14:15:52+00:00
graviton3,simde,256,main_filter,40,"filter_int_gt",100.00,0.028862,0.028862,40,40,2026-10-06T14:15:52+00:00
graviton3,simde,256,main_filter,40,"filter_int_ne",100.00,0.027090,0.027090,40,40,2026-10-06T14:15:52+00:00
graviton3,simde,256,main_filter,40,"filter_int_le",100.00,0.029686,0.029686,40,40,2026-10-06T14:15:52+00:00
graviton3,simde,256,main_filter,40,"filter_int_ge",100.00,0.029277,0.029277,40,40,2026-10-06T14:15:52+00:00
graviton3,simde,256,main_filter,40,"filter_long_eq",100.00,0.034630,0.034630,40,40,2026-10-06T14:15:52+00:00
graviton3,simde,256,main_filter,40,"filter_long_lt",100.00,0.030271,0.030271,40,40,2026-10-06T14:15:52+00:00
graviton3,simde,256,main_filter,40,"filter_long_gt",100.00,0.029321,0.029321,40,40,2026-10-06T14:15:52+00:00
graviton3,simde,256,main_filter,40,"filter_long_ne",100.00,0.026228,0.026228,40,40,2026-10-06T14:15:52+00:00
graviton3,simde,256,main_filter,40,"filter_long_le",100.00,0.029446,0.029446,40,40,2026-10-06T14:15:52+00:00
graviton3,simde,256,main_filter,40,"filter_long_ge",100.00,0.029664,0.029664,40,40,2026-10-06T14:15:52+00:00
graviton3,simde,256,main_filter,40,"filter_float_eq",100.00,0.036563,0.036563,40,40,2026-10-06T14:15:52+00:00
graviton3,simde,256,main_filter,40,"filter_float_lt",100.00,0.030206,0.030206,40,40,2026-10-06T14:15:52+00:00
graviton3,simde,256,main_filter,40,"filter_float_gt",100.00,0.029831,0.029831,40,40,2026-10-06T14:15:52+00:00
graviton3,simde,256,main_filter,40,"filter_float_ne",100.00,0.028078,0.028078,40,40,2026-10-06T14:15:52+00:00
graviton3,simde,256,main_filter,40,"filter_float_le",100.00,0.029995,0.029995,40,40,2026-10-06T14:15:52+00:00
graviton3,simde,256,main_filter,40,"filter_float_ge",100.00,0.029680,0.029680,40,40,2026-10-06T14:15:52+00:00
graviton3,simde,256,main_filter,40,"filter_double_eq",100.00,0.032724,0.032724,40,40,2026-10-06T14:15:52+00:00
graviton3,simde,256,main_filter,40,"filter_double_lt",100.00,0.028787,0.028787,40,40,2026-10-06T14:15:52+00:00
graviton3,simde,256,main_filter,40,"filter_double_gt",100.00,0.029151,0.029151,40,40,2026-10-06T14:15:52+00:00
graviton3,simde,256,main_filter,40,"filter_double_ne",100.00,0.025720,0.025720,40,40,2026-10-06T14:15:52+00:00
graviton3,simde,256,main_filter,40,"filter_double_le",100.00,0.028895,0.028895,40,40,2026-10-06T14:15:52+00:00
graviton3,simde,256,main_filter,40,"filter_double_ge",100.00,0.028980,0.028980,40,40,2026-10-06T14:15:52+00:00
graviton3,simde,256,main_filter,40,"filter_char_eq",100.00,0.029596,0.029596,40,40,2026-10-06T14:15:52+00:00
graviton3,simde,256,main_filter,40,"filter_char_lt",100.00,0.020110,0.020110,40,40,2026-10-06T14:15:52+00:00
graviton3,simde,256,main_filter,40,"filter_char_gt",100.00,0.020324,0.020324,40,40,2026-10-06T14:15:52+00:00
graviton3,simde,256,main_filter,40,"filter_char_ne",100.00,0.027683,0.027683,40,40,2026-10-06T14:15:52+00:00
graviton3,simde,256,main_filter,40,"filter_char_le",100.00,0.020573,0.020573,40,40,2026-10-06T14:15:52+00:00
graviton3,simde,256,main_filter,40,"filter_char_ge",100.00,0.020737,0.020737,40,40,2026-10-06T14:15:52+00:00
graviton3,simde,256,main_expr,40,"expr_float/+",100.00,4.754626,4.754626,40,40,2026-10-06T14:16:59+00:00
graviton3,simde,256,main_expr,40,"expr_float/-",100.00,5.875261,5.875261,40,40,2026-10-06T14:16:59+00:00
graviton3,simde,256,main_expr,40,"expr_float/*",100.00,6.215225,6.215225,40,40,2026-10-06T14:16:59+00:00
graviton3,simde,256,main_expr,40,"expr_float//",100.00,3.417744,3.417744,40,40,2026-10-06T14:16:59+00:00
graviton3,simde,256,main_expr,40,"expr_double/+",100.00,2.260820,2.260820,40,40,2026-10-06T14:16:59+00:00
graviton3,simde,256,main_expr,40,"expr_double/-",100.00,2.734182,2.734182,40,40,2026-10-06T14:16:59+00:00
graviton3,simde,256,main_expr,40,"expr_double/*",100.00,2.856832,2.856832,40,40,2026-10-06T14:16:59+00:00
graviton3,simde,256,main_expr,40,"expr_double//",100.00,1.030234,1.030234,40,40,2026-10-06T14:16:59+00:00
graviton3,simde,256,main_expr,40,"expr_decimal/+",100.00,1.608465,1.608465,40,40,2026-10-06T14:16:59+00:00
graviton3,simde,256,main_expr,40,"expr_decimal/-",100.00,1.851392,1.851392,40,40,2026-10-06T14:16:59+00:00
graviton3,simde,256,main_expr,40,"expr_decimal/*",100.00,0.244925,0.244925,40,40,2026-10-06T14:16:59+00:00
graviton3,simde,256,main_expr,40,"expr_decimal//",100.00,0.194760,0.194760,40,40,2026-10-06T14:16:59+00:00
