arch,method,width,driver,run,label,selectivity,bpts,btps,round,seed,start
a64fx,simde,128,main_scan_int,1,"and 1",0.00,48.6514,30.7959,1,1,2026-10-07T01:15:07+02:00
a64fx,simde,128,main_scan_int,1,"and 1",0.00,47.8519,32.0514,1,1,2026-10-07T01:15:07+02:00
a64fx,simde,128,main_scan_int,1,"and 1",0.00,48.6410,32.0578,1,1,2026-10-07T01:15:07+02:00
a64fx,simde,128,main_scan_int,1,"and 1",0.00,45.6563,32.1955,1,1,2026-10-07T01:15:07+02:00
a64fx,simde,128,main_scan_int,1,"and 1",0.00,49.0634,32.3258,1,1,2026-10-07T01:15:07+02:00
a64fx,simde,128,main_scan_int,1,"and 2",0.03,14.6293,14.2456,1,1,2026-10-07T01:15:07+02:00
a64fx,simde,128,main_scan_int,1,"and 2",0.03,14.2334,14.2800,1,1,2026-10-07T01:15:07+02:00
a64fx,simde,128,main_scan_int,1,"and 2",0.03,14.5704,14.0660,1,1,2026-10-07T01:15:07+02:00
a64fx,simde,128,main_scan_int,1,"and 2",0.03,14.1909,14.2637,1,1,2026-10-07T01:15:07+02:00
a64fx,simde,128,main_scan_int,1,"and 2",0.03,14.3576,13.2343,1,1,2026-10-07T01:15:07+02:00
a64fx,simde,128,main_scan_int,1,"and 3",0.10,10.1189,10.3852,1,1,2026-10-07T01:15:07+02:00
a64fx,simde,128,main_scan_int,1,"and 3",0.10,9.9276,10.2421,1,1,2026-10-07T01:15:07+02:00
a64fx,simde,128,main_scan_int,1,"and 3",0.10,9.9036,10.1310,1,1,2026-10-07T01:15:07+02:00
a64fx,simde,128,main_scan_int,1,"and 3",0.10,10.0210,10.3519,1,1,2026-10-07T01:15:07+02:00
a64fx,simde,128,main_scan_int,1,"and 3",0.10,9.9262,10.0844,1,1,2026-10-07T01:15:07+02:00
a64fx,simde,128,main_scan_int,1,"and 1",0.00,42.5355,29.9788,1,1,2026-10-07T01:15:07+02:00
a64fx,simde,128,main_scan_int,1,"and 1",0.00,43.1708,30.0691,1,1,2026-10-07T01:15:07+02:00
a64fx,simde,128,main_scan_int,1,"and 1",0.00,42.5058,30.1913,1,1,2026-10-07T01:15:07+02:00
a64fx,simde,128,main_scan_int,1,"and 1",0.00,42.5905,28.3737,1,1,2026-10-07T01:15:07+02:00
a64fx,simde,128,main_scan_int,1,"and 1",0.00,42.3772,27.7616,1,1,2026-10-07T01:15:07+02:00
a64fx,simde,128,main_scan_int,1,"and 2",0.04,14.8087,14.3759,1,1,2026-10-07T01:15:07+02:00
a64fx,simde,128,main_scan_int,1,"and 2",0.04,14.1511,14.4118,1,1,2026-10-07T01:15:07+02:00
a64fx,simde,128,main_scan_int,1,"and 2",0.04,14.4696,13.9872,1,1,2026-10-07T01:15:07+02:00
a64fx,simde,128,main_scan_int,1,"and 2",0.04,14.8788,14.3851,1,1,2026-10-07T01:15:07+02:00
a64fx,simde,128,main_scan_int,1,"and 2",0.04,14.8447,7.1104,1,1,2026-10-07T01:15:07+02:00
a64fx,simde,128,main_scan_int,1,"and 3",0.13,8.4327,9.4509,1,1,2026-10-07T01:15:07+02:00
a64fx,simde,128,main_scan_int,1,"and 3",0.13,8.5780,9.3188,1,1,2026-10-07T01:15:07+02:00
a64fx,simde,128,main_scan_int,1,"and 3",0.13,8.5093,9.3814,1,1,2026-10-07T01:15:07+02:00
a64fx,simde,128,main_scan_int,1,"and 3",0.13,8.6940,9.5386,1,1,2026-10-07T01:15:07+02:00
a64fx,simde,128,main_scan_int,1,"and 3",0.13,8.5649,9.5376,1,1,2026-10-07T01:15:07+02:00
a64fx,simde,128,main_scan_int,1,"and 1",0.01,31.8278,25.9568,1,1,2026-10-07T01:15:07+02:00
a64fx,simde,128,main_scan_int,1,"and 1",0.01,30.1106,26.0109,1,1,2026-10-07T01:15:07+02:00
a64fx,simde,128,main_scan_int,1,"and 1",0.01,30.7353,26.0691,1,1,2026-10-07T01:15:07+02:00
a64fx,simde,128,main_scan_int,1,"and 1",0.01,30.6804,26.0818,1,1,2026-10-07T01:15:07+02:00
a64fx,simde,128,main_scan_int,1,"and 1",0.01,29.2592,26.0718,1,1,2026-10-07T01:15:07+02:00
a64fx,simde,128,main_scan_int,1,"and 2",0.07,12.6554,12.5033,1,1,2026-10-07T01:15:07+02:00
a64fx,simde,128,main_scan_int,1,"and 2",0.07,12.9334,13.0200,1,1,2026-10-07T01:15:07+02:00
a64fx,simde,128,main_scan_int,1,"and 2",0.07,12.3360,12.2825,1,1,2026-10-07T01:15:07+02:00
a64fx,simde,128,main_scan_int,1,"and 2",0.07,12.9155,12.9590,1,1,2026-10-07T01:15:07+02:00
a64fx,simde,128,main_scan_int,1,"and 2",0.07,12.4431,12.5751,1,1,2026-10-07T01:15:07+02:00
a64fx,simde,128,main_scan_int,1,"and 3",0.17,7.4042,8.7734,1,1,2026-10-07T01:15:07+02:00
a64fx,simde,128,main_scan_int,1,"and 3",0.17,7.3556,8.7787,1,1,2026-10-07T01:15:07+02:00
a64fx,simde,128,main_scan_int,1,"and 3",0.17,7.4216,8.7858,1,1,2026-10-07T01:15:07+02:00
a64fx,simde,128,main_scan_int,1,"and 3",0.17,7.3590,8.7791,1,1,2026-10-07T01:15:07+02:00
a64fx,simde,128,main_scan_int,1,"and 3",0.17,7.3138,8.8034,1,1,2026-10-07T01:15:07+02:00
a64fx,simde,128,main_scan_int,1,"and 1",0.01,24.6528,21.4018,1,1,2026-10-07T01:15:07+02:00
a64fx,simde,128,main_scan_int,1,"and 1",0.01,24.6705,21.4177,1,1,2026-10-07T01:15:07+02:00
a64fx,simde,128,main_scan_int,1,"and 1",0.01,24.6292,21.4226,1,1,2026-10-07T01:15:07+02:00
a64fx,simde,128,main_scan_int,1,"and 1",0.01,24.6996,21.3924,1,1,2026-10-07T01:15:07+02:00
a64fx,simde,128,main_scan_int,1,"and 1",0.01,23.4307,20.8678,1,1,2026-10-07T01:15:07+02:00
a64fx,simde,128,main_scan_int,1,"and 2",0.10,10.3629,10.8305,1,1,2026-10-07T01:15:07+02:00
a64fx,simde,128,main_scan_int,1,"and 2",0.10,10.6011,11.1562,1,1,2026-10-07T01:15:07+02:00
a64fx,simde,128,main_scan_int,1,"and 2",0.10,10.5501,11.1170,1,1,2026-10-07T01:15:07+02:00
a64fx,simde,128,main_scan_int,1,"and 2",0.10,10.4484,10.8127,1,1,2026-10-07T01:15:07+02:00
a64fx,simde,128,main_scan_int,1,"and 2",0.10,10.5965,11.0375,1,1,2026-10-07T01:15:07+02:00
a64fx,simde,128,main_scan_int,1,"and 3",0.22,6.5579,8.4004,1,1,2026-10-07T01:15:07+02:00
a64fx,simde,128,main_scan_int,1,"and 3",0.22,6.6491,8.4063,1,1,2026-10-07T01:15:07+02:00
a64fx,simde,128,main_scan_int,1,"and 3",0.22,6.5964,8.3921,1,1,2026-10-07T01:15:07+02:00
a64fx,simde,128,main_scan_int,1,"and 3",0.22,6.6264,8.4033,1,1,2026-10-07T01:15:07+02:00
a64fx,simde,128,main_scan_int,1,"and 3",0.22,6.6208,8.3469,1,1,2026-10-07T01:15:07+02:00
a64fx,simde,128,main_scan_int,1,"and 1",0.02,19.4226,16.5932,1,1,2026-10-07T01:15:07+02:00
a64fx,simde,128,main_scan_int,1,"and 1",0.02,20.4899,16.0047,1,1,2026-10-07T01:15:07+02:00
a64fx,simde,128,main_scan_int,1,"and 1",0.02,20.6915,16.6027,1,1,2026-10-07T01:15:07+02:00
a64fx,simde,128,main_scan_int,1,"and 1",0.02,20.6958,16.6356,1,1,2026-10-07T01:15:07+02:00
a64fx,simde,128,main_scan_int,1,"and 1",0.02,19.7513,16.3642,1,1,2026-10-07T01:15:07+02:00
a64fx,simde,128,main_scan_int,1,"and 2",0.14,8.7981,9.3354,1,1,2026-10-07T01:15:07+02:00
a64fx,simde,128,main_scan_int,1,"and 2",0.14,8.6997,9.1249,1,1,2026-10-07T01:15:07+02:00
a64fx,simde,128,main_scan_int,1,"and 2",0.14,8.6433,9.1793,1,1,2026-10-07T01:15:07+02:00
a64fx,simde,128,main_scan_int,1,"and 2",0.14,8.8124,8.8471,1,1,2026-10-07T01:15:07+02:00
a64fx,simde,128,main_scan_int,1,"and 2",0.14,8.8240,9.3409,1,1,2026-10-07T01:15:07+02:00
a64fx,simde,128,main_scan_int,1,"and 3",0.27,5.5474,7.4197,1,1,2026-10-07T01:15:07+02:00
a64fx,simde,128,main_scan_int,1,"and 3",0.27,5.6624,7.3925,1,1,2026-10-07T01:15:07+02:00
a64fx,simde,128,main_scan_int,1,"and 3",0.27,5.5773,7.3924,1,1,2026-10-07T01:15:07+02:00
a64fx,simde,128,main_scan_int,1,"and 3",0.27,5.6190,7.5592,1,1,2026-10-07T01:15:07+02:00
a64fx,simde,128,main_scan_int,1,"and 3",0.27,5.6086,7.5469,1,1,2026-10-07T01:15:07+02:00
a64fx,simde,128,main_scan_int,1,"and 1",0.05,25.4862,11.1880,1,1,2026-10-07T01:15:07+02:00
a64fx,simde,128,main_scan_int,1,"and 1",0.05,25.2215,11.1404,1,1,2026-10-07T01:15:07+02:00
a64fx,simde,128,main_scan_int,1,"and 1",0.05,24.3855,11.1543,1,1,2026-10-07T01:15:07+02:00
a64fx,simde,128,main_scan_int,1,"and 1",0.05,24.0183,10.9104,1,1,2026-10-07T01:15:07+02:00
a64fx,simde,128,main_scan_int,1,"and 1",0.05,25.3677,11.1573,1,1,2026-10-07T01:15:07+02:00
a64fx,simde,128,main_scan_int,1,"and 2",0.22,7.7340,7.1081,1,1,2026-10-07T01:15:07+02:00
a64fx,simde,128,main_scan_int,1,"and 2",0.22,7.7824,7.0929,1,1,2026-10-07T01:15:07+02:00
a64fx,simde,128,main_scan_int,1,"and 2",0.22,7.7476,7.0876,1,1,2026-10-07T01:15:07+02:00
a64fx,simde,128,main_scan_int,1,"and 2",0.22,7.7312,7.1002,1,1,2026-10-07T01:15:07+02:00
a64fx,simde,128,main_scan_int,1,"and 2",0.22,7.7363,7.0892,1,1,2026-10-07T01:15:07+02:00
a64fx,simde,128,main_scan_int,1,"and 3",0.37,4.5621,6.0207,1,1,2026-10-07T01:15:07+02:00
a64fx,simde,128,main_scan_int,1,"and 3",0.37,4.5625,6.0299,1,1,2026-10-07T01:15:07+02:00
a64fx,simde,128,main_scan_int,1,"and 3",0.37,4.5774,6.0127,1,1,2026-10-07T01:15:07+02:00
a64fx,simde,128,main_scan_int,1,"and 3",0.37,4.5704,6.0130,1,1,2026-10-07T01:15:07+02:00
a64fx,simde,128,main_scan_int,1,"and 3",0.37,4.5718,6.0914,1,1,2026-10-07T01:15:07+02:00
a64fx,simde,128,main_scan_int,1,"and 1",0.10,19.0925,7.7423,1,1,2026-10-07T01:15:07+02:00
a64fx,simde,128,main_scan_int,1,"and 1",0.10,19.1059,7.7411,1,1,2026-10-07T01:15:07+02:00
a64fx,simde,128,main_scan_int,1,"and 1",0.10,19.0919,7.8554,1,1,2026-10-07T01:15:07+02:00
a64fx,simde,128,main_scan_int,1,"and 1",0.10,18.5650,7.6967,1,1,2026-10-07T01:15:07+02:00
a64fx,simde,128,main_scan_int,1,"and 1",0.10,19.0564,7.8483,1,1,2026-10-07T01:15:07+02:00
a64fx,simde,128,main_scan_int,1,"and 2",0.32,5.9428,5.5989,1,1,2026-10-07T01:15:07+02:00
a64fx,simde,128,main_scan_int,1,"and 2",0.32,5.8447,5.5807,1,1,2026-10-07T01:15:07+02:00
a64fx,simde,128,main_scan_int,1,"and 2",0.32,5.8666,5.5424,1,1,2026-10-07T01:15:07+02:00
a64fx,simde,128,main_scan_int,1,"and 2",0.32,5.8776,5.6604,1,1,2026-10-07T01:15:07+02:00
a64fx,simde,128,main_scan_int,1,"and 2",0.32,5.9521,5.5506,1,1,2026-10-07T01:15:07+02:00
a64fx,simde,128,main_scan_int,1,"and 3",0.46,3.6806,4.9012,1,1,2026-10-07T01:15:07+02:00
a64fx,simde,128,main_scan_int,1,"and 3",0.46,3.6657,4.8318,1,1,2026-10-07T01:15:07+02:00
a64fx,simde,128,main_scan_int,1,"and 3",0.46,3.6773,4.8487,1,1,2026-10-07T01:15:07+02:00
a64fx,simde,128,main_scan_int,1,"and 3",0.46,3.6395,4.8625,1,1,2026-10-07T01:15:07+02:00
a64fx,simde,128,main_scan_int,1,"and 3",0.46,3.6382,4.8986,1,1,2026-10-07T01:15:07+02:00
a64fx,simde,128,main_scan_int,1,"and 1",0.20,11.3724,5.0423,1,1,2026-10-07T01:15:07+02:00
a64fx,simde,128,main_scan_int,1,"and 1",0.20,11.1868,5.0830,1,1,2026-10-07T01:15:07+02:00
a64fx,simde,128,main_scan_int,1,"and 1",0.20,11.4362,5.0695,1,1,2026-10-07T01:15:07+02:00
a64fx,simde,128,main_scan_int,1,"and 1",0.20,11.7694,5.0620,1,1,2026-10-07T01:15:07+02:00
a64fx,simde,128,main_scan_int,1,"and 1",0.20,11.7698,5.1141,1,1,2026-10-07T01:15:07+02:00
a64fx,simde,128,main_scan_int,1,"and 2",0.45,4.2903,4.0672,1,1,2026-10-07T01:15:07+02:00
a64fx,simde,128,main_scan_int,1,"and 2",0.45,4.2646,4.0842,1,1,2026-10-07T01:15:07+02:00
a64fx,simde,128,main_scan_int,1,"and 2",0.45,4.2907,4.0811,1,1,2026-10-07T01:15:07+02:00
a64fx,simde,128,main_scan_int,1,"and 2",0.45,4.2776,4.0874,1,1,2026-10-07T01:15:07+02:00
a64fx,simde,128,main_scan_int,1,"and 2",0.45,4.2905,4.0599,1,1,2026-10-07T01:15:07+02:00
a64fx,simde,128,main_scan_int,1,"and 3",0.58,3.5029,3.7044,1,1,2026-10-07T01:15:07+02:00
a64fx,simde,128,main_scan_int,1,"and 3",0.58,3.4904,3.6786,1,1,2026-10-07T01:15:07+02:00
a64fx,simde,128,main_scan_int,1,"and 3",0.58,3.4757,3.6961,1,1,2026-10-07T01:15:07+02:00
a64fx,simde,128,main_scan_int,1,"and 3",0.58,3.5013,3.7022,1,1,2026-10-07T01:15:07+02:00
a64fx,simde,128,main_scan_int,1,"and 3",0.58,3.4743,3.6813,1,1,2026-10-07T01:15:07+02:00
a64fx,simde,128,main_scan_int,1,"and 1",0.50,5.9026,2.6750,1,1,2026-10-07T01:15:07+02:00
a64fx,simde,128,main_scan_int,1,"and 1",0.50,5.8481,2.6781,1,1,2026-10-07T01:15:07+02:00
a64fx,simde,128,main_scan_int,1,"and 1",0.50,5.8569,2.5667,1,1,2026-10-07T01:15:07+02:00
a64fx,simde,128,main_scan_int,1,"and 1",0.50,5.8315,2.6729,1,1,2026-10-07T01:15:07+02:00
a64fx,simde,128,main_scan_int,1,"and 1",0.50,5.8623,2.6728,1,1,2026-10-07T01:15:07+02:00
a64fx,simde,128,main_scan_int,1,"and 2",0.71,5.4060,2.3565,1,1,2026-10-07T01:15:07+02:00
a64fx,simde,128,main_scan_int,1,"and 2",0.71,5.4172,2.3632,1,1,2026-10-07T01:15:07+02:00
a64fx,simde,128,main_scan_int,1,"and 2",0.71,5.3976,2.3547,1,1,2026-10-07T01:15:07+02:00
a64fx,simde,128,main_scan_int,1,"and 2",0.71,5.4229,2.3590,1,1,2026-10-07T01:15:07+02:00
a64fx,simde,128,main_scan_int,1,"and 2",0.71,5.4256,2.3603,1,1,2026-10-07T01:15:07+02:00
a64fx,simde,128,main_scan_int,1,"and 3",0.79,5.1956,2.2307,1,1,2026-10-07T01:15:07+02:00
a64fx,simde,128,main_scan_int,1,"and 3",0.79,5.2152,2.2227,1,1,2026-10-07T01:15:07+02:00
a64fx,simde,128,main_scan_int,1,"and 3",0.79,5.1698,2.2296,1,1,2026-10-07T01:15:07+02:00
a64fx,simde,128,main_scan_int,1,"and 3",0.79,5.1946,2.2248,1,1,2026-10-07T01:15:07+02:00
a64fx,simde,128,main_scan_int,1,"and 3",0.79,5.2150,2.2298,1,1,2026-10-07T01:15:07+02:00
a64fx,simde,128,main_scan_int,1,"and 1",1.00,31.8921,23.3220,1,1,2026-10-07T01:15:07+02:00
a64fx,simde,128,main_scan_int,1,"and 1",1.00,31.7855,23.1436,1,1,2026-10-07T01:15:07+02:00
a64fx,simde,128,main_scan_int,1,"and 1",1.00,31.8621,23.4141,1,1,2026-10-07T01:15:07+02:00
a64fx,simde,128,main_scan_int,1,"and 1",1.00,29.4628,23.4455,1,1,2026-10-07T01:15:07+02:00
a64fx,simde,128,main_scan_int,1,"and 1",1.00,31.8596,23.4360,1,1,2026-10-07T01:15:07+02:00
a64fx,simde,128,main_scan_int,1,"and 2",1.00,24.6570,11.5826,1,1,2026-10-07T01:15:07+02:00
a64fx,simde,128,main_scan_int,1,"and 2",1.00,26.0449,11.6878,1,1,2026-10-07T01:15:07+02:00
a64fx,simde,128,main_scan_int,1,"and 2",1.00,23.5273,11.2489,1,1,2026-10-07T01:15:07+02:00
a64fx,simde,128,main_scan_int,1,"and 2",1.00,26.1645,11.2374,1,1,2026-10-07T01:15:07+02:00
a64fx,simde,128,main_scan_int,1,"and 2",1.00,26.1891,11.6643,1,1,2026-10-07T01:15:07+02:00
a64fx,simde,128,main_scan_int,1,"and 3",1.00,9.7740,8.9589,1,1,2026-10-07T01:15:07+02:00
a64fx,simde,128,main_scan_int,1,"and 3",1.00,9.3568,8.6874,1,1,2026-10-07T01:15:07+02:00
a64fx,simde,128,main_scan_int,1,"and 3",1.00,9.5436,8.7964,1,1,2026-10-07T01:15:07+02:00
a64fx,simde,128,main_scan_int,1,"and 3",1.00,9.7675,8.9337,1,1,2026-10-07T01:15:07+02:00
a64fx,simde,128,main_scan_int,1,"and 3",1.00,9.7620,8.9498,1,1,2026-10-07T01:15:07+02:00
a64fx,simde,256,main_scan_int,1,"and 1",0.00,48.9587,28.3753,1,1,2026-10-07T01:15:16+02:00
a64fx,simde,256,main_scan_int,1,"and 1",0.00,48.9472,30.0251,1,1,2026-10-07T01:15:16+02:00
a64fx,simde,256,main_scan_int,1,"and 1",0.00,48.6192,30.0653,1,1,2026-10-07T01:15:16+02:00
a64fx,simde,256,main_scan_int,1,"and 1",0.00,48.5932,29.9722,1,1,2026-10-07T01:15:16+02:00
a64fx,simde,256,main_scan_int,1,"and 1",0.00,48.6216,30.0103,1,1,2026-10-07T01:15:16+02:00
a64fx,simde,256,main_scan_int,1,"and 2",0.03,14.3233,13.8552,1,1,2026-10-07T01:15:16+02:00
a64fx,simde,256,main_scan_int,1,"and 2",0.03,14.5927,13.4672,1,1,2026-10-07T01:15:16+02:00
a64fx,simde,256,main_scan_int,1,"and 2",0.03,14.6309,13.8433,1,1,2026-10-07T01:15:16+02:00
a64fx,simde,256,main_scan_int,1,"and 2",0.03,14.6113,13.8698,1,1,2026-10-07T01:15:16+02:00
a64fx,simde,256,main_scan_int,1,"and 2",0.03,14.2590,13.6124,1,1,2026-10-07T01:15:16+02:00
a64fx,simde,256,main_scan_int,1,"and 3",0.10,10.0763,9.9621,1,1,2026-10-07T01:15:16+02:00
a64fx,simde,256,main_scan_int,1,"and 3",0.10,9.7935,9.7575,1,1,2026-10-07T01:15:16+02:00
a64fx,simde,256,main_scan_int,1,"and 3",0.10,10.0753,9.9344,1,1,2026-10-07T01:15:16+02:00
a64fx,simde,256,main_scan_int,1,"and 3",0.10,9.8830,9.5622,1,1,2026-10-07T01:15:16+02:00
a64fx,simde,256,main_scan_int,1,"and 3",0.10,9.9762,9.7061,1,1,2026-10-07T01:15:16+02:00
a64fx,simde,256,main_scan_int,1,"and 1",0.00,42.0751,28.0495,1,1,2026-10-07T01:15:16+02:00
a64fx,simde,256,main_scan_int,1,"and 1",0.00,42.1549,27.8994,1,1,2026-10-07T01:15:16+02:00
a64fx,simde,256,main_scan_int,1,"and 1",0.00,42.2119,27.3429,1,1,2026-10-07T01:15:16+02:00
a64fx,simde,256,main_scan_int,1,"and 1",0.00,42.4542,28.1943,1,1,2026-10-07T01:15:16+02:00
a64fx,simde,256,main_scan_int,1,"and 1",0.00,37.2228,28.0847,1,1,2026-10-07T01:15:16+02:00
a64fx,simde,256,main_scan_int,1,"and 2",0.04,14.3513,12.7867,1,1,2026-10-07T01:15:16+02:00
a64fx,simde,256,main_scan_int,1,"and 2",0.04,14.9673,13.9025,1,1,2026-10-07T01:15:16+02:00
a64fx,simde,256,main_scan_int,1,"and 2",0.04,14.9741,13.9573,1,1,2026-10-07T01:15:16+02:00
a64fx,simde,256,main_scan_int,1,"and 2",0.04,14.2207,13.9209,1,1,2026-10-07T01:15:16+02:00
a64fx,simde,256,main_scan_int,1,"and 2",0.04,14.7021,13.6125,1,1,2026-10-07T01:15:16+02:00
a64fx,simde,256,main_scan_int,1,"and 3",0.13,8.6638,9.0859,1,1,2026-10-07T01:15:16+02:00
a64fx,simde,256,main_scan_int,1,"and 3",0.13,8.6596,9.0878,1,1,2026-10-07T01:15:16+02:00
a64fx,simde,256,main_scan_int,1,"and 3",0.13,8.5636,9.0845,1,1,2026-10-07T01:15:16+02:00
a64fx,simde,256,main_scan_int,1,"and 3",0.13,8.4707,8.8267,1,1,2026-10-07T01:15:16+02:00
a64fx,simde,256,main_scan_int,1,"and 3",0.13,8.6591,9.0724,1,1,2026-10-07T01:15:16+02:00
a64fx,simde,256,main_scan_int,1,"and 1",0.01,31.6800,24.1736,1,1,2026-10-07T01:15:16+02:00
a64fx,simde,256,main_scan_int,1,"and 1",0.01,29.7137,24.2239,1,1,2026-10-07T01:15:16+02:00
a64fx,simde,256,main_scan_int,1,"and 1",0.01,28.9617,24.1795,1,1,2026-10-07T01:15:16+02:00
a64fx,simde,256,main_scan_int,1,"and 1",0.01,31.9549,24.2236,1,1,2026-10-07T01:15:16+02:00
a64fx,simde,256,main_scan_int,1,"and 1",0.01,31.9643,24.2109,1,1,2026-10-07T01:15:16+02:00
a64fx,simde,256,main_scan_int,1,"and 2",0.07,12.6644,12.3443,1,1,2026-10-07T01:15:16+02:00
a64fx,simde,256,main_scan_int,1,"and 2",0.07,12.8427,12.1515,1,1,2026-10-07T01:15:16+02:00
a64fx,simde,256,main_scan_int,1,"and 2",0.07,12.8343,12.5003,1,1,2026-10-07T01:15:16+02:00
a64fx,simde,256,main_scan_int,1,"and 2",0.07,12.7794,12.1448,1,1,2026-10-07T01:15:16+02:00
a64fx,simde,256,main_scan_int,1,"and 2",0.07,12.8242,12.4910,1,1,2026-10-07T01:15:16+02:00
a64fx,simde,256,main_scan_int,1,"and 3",0.17,7.3677,8.3977,1,1,2026-10-07T01:15:16+02:00
a64fx,simde,256,main_scan_int,1,"and 3",0.17,7.3788,8.2529,1,1,2026-10-07T01:15:16+02:00
a64fx,simde,256,main_scan_int,1,"and 3",0.17,7.1999,8.3227,1,1,2026-10-07T01:15:16+02:00
a64fx,simde,256,main_scan_int,1,"and 3",0.17,7.3167,8.3119,1,1,2026-10-07T01:15:16+02:00
a64fx,simde,256,main_scan_int,1,"and 3",0.17,7.3695,8.2664,1,1,2026-10-07T01:15:16+02:00
a64fx,simde,256,main_scan_int,1,"and 1",0.01,24.5923,17.9380,1,1,2026-10-07T01:15:16+02:00
a64fx,simde,256,main_scan_int,1,"and 1",0.01,24.6154,20.0819,1,1,2026-10-07T01:15:16+02:00
a64fx,simde,256,main_scan_int,1,"and 1",0.01,24.5680,20.1889,1,1,2026-10-07T01:15:16+02:00
a64fx,simde,256,main_scan_int,1,"and 1",0.01,24.5768,20.1480,1,1,2026-10-07T01:15:16+02:00
a64fx,simde,256,main_scan_int,1,"and 1",0.01,24.5789,20.2089,1,1,2026-10-07T01:15:16+02:00
a64fx,simde,256,main_scan_int,1,"and 2",0.10,10.3252,10.5870,1,1,2026-10-07T01:15:16+02:00
a64fx,simde,256,main_scan_int,1,"and 2",0.10,10.5459,10.7926,1,1,2026-10-07T01:15:16+02:00
a64fx,simde,256,main_scan_int,1,"and 2",0.10,10.2296,10.4977,1,1,2026-10-07T01:15:16+02:00
a64fx,simde,256,main_scan_int,1,"and 2",0.10,10.5403,10.7957,1,1,2026-10-07T01:15:16+02:00
a64fx,simde,256,main_scan_int,1,"and 2",0.10,10.3422,10.6841,1,1,2026-10-07T01:15:16+02:00
a64fx,simde,256,main_scan_int,1,"and 3",0.22,6.5715,7.9127,1,1,2026-10-07T01:15:16+02:00
a64fx,simde,256,main_scan_int,1,"and 3",0.22,6.5275,7.9013,1,1,2026-10-07T01:15:16+02:00
a64fx,simde,256,main_scan_int,1,"and 3",0.22,4.7024,8.0288,1,1,2026-10-07T01:15:16+02:00
a64fx,simde,256,main_scan_int,1,"and 3",0.22,6.5890,8.0084,1,1,2026-10-07T01:15:16+02:00
a64fx,simde,256,main_scan_int,1,"and 3",0.22,6.5052,8.0333,1,1,2026-10-07T01:15:16+02:00
a64fx,simde,256,main_scan_int,1,"and 1",0.02,20.5083,15.1038,1,1,2026-10-07T01:15:16+02:00
a64fx,simde,256,main_scan_int,1,"and 1",0.02,20.9514,15.1199,1,1,2026-10-07T01:15:16+02:00
a64fx,simde,256,main_scan_int,1,"and 1",0.02,20.9262,15.6454,1,1,2026-10-07T01:15:16+02:00
a64fx,simde,256,main_scan_int,1,"and 1",0.02,20.9494,15.6635,1,1,2026-10-07T01:15:16+02:00
a64fx,simde,256,main_scan_int,1,"and 1",0.02,20.9264,15.6495,1,1,2026-10-07T01:15:16+02:00
a64fx,simde,256,main_scan_int,1,"and 2",0.14,8.5820,8.7282,1,1,2026-10-07T01:15:16+02:00
a64fx,simde,256,main_scan_int,1,"and 2",0.14,8.5988,8.8542,1,1,2026-10-07T01:15:16+02:00
a64fx,simde,256,main_scan_int,1,"and 2",0.14,8.8152,9.0188,1,1,2026-10-07T01:15:16+02:00
a64fx,simde,256,main_scan_int,1,"and 2",0.14,8.6666,8.9610,1,1,2026-10-07T01:15:16+02:00
a64fx,simde,256,main_scan_int,1,"and 2",0.14,8.6556,8.8039,1,1,2026-10-07T01:15:16+02:00
a64fx,simde,256,main_scan_int,1,"and 3",0.27,5.5986,7.2261,1,1,2026-10-07T01:15:16+02:00
a64fx,simde,256,main_scan_int,1,"and 3",0.27,5.6162,7.2092,1,1,2026-10-07T01:15:16+02:00
a64fx,simde,256,main_scan_int,1,"and 3",0.27,5.6274,7.1357,1,1,2026-10-07T01:15:16+02:00
a64fx,simde,256,main_scan_int,1,"and 3",0.27,5.5904,7.1284,1,1,2026-10-07T01:15:16+02:00
a64fx,simde,256,main_scan_int,1,"and 3",0.27,5.4694,7.0891,1,1,2026-10-07T01:15:16+02:00
a64fx,simde,256,main_scan_int,1,"and 1",0.05,25.0778,10.7578,1,1,2026-10-07T01:15:16+02:00
a64fx,simde,256,main_scan_int,1,"and 1",0.05,25.1124,10.6010,1,1,2026-10-07T01:15:16+02:00
a64fx,simde,256,main_scan_int,1,"and 1",0.05,25.3134,10.6343,1,1,2026-10-07T01:15:16+02:00
a64fx,simde,256,main_scan_int,1,"and 1",0.05,25.3164,10.7403,1,1,2026-10-07T01:15:16+02:00
a64fx,simde,256,main_scan_int,1,"and 1",0.05,25.1669,10.7270,1,1,2026-10-07T01:15:16+02:00
a64fx,simde,256,main_scan_int,1,"and 2",0.22,7.6381,6.9111,1,1,2026-10-07T01:15:16+02:00
a64fx,simde,256,main_scan_int,1,"and 2",0.22,7.8236,6.9921,1,1,2026-10-07T01:15:16+02:00
a64fx,simde,256,main_scan_int,1,"and 2",0.22,7.8408,6.8834,1,1,2026-10-07T01:15:16+02:00
a64fx,simde,256,main_scan_int,1,"and 2",0.22,7.8383,6.9895,1,1,2026-10-07T01:15:16+02:00
a64fx,simde,256,main_scan_int,1,"and 2",0.22,7.8014,6.9908,1,1,2026-10-07T01:15:16+02:00
a64fx,simde,256,main_scan_int,1,"and 3",0.37,4.5368,5.8282,1,1,2026-10-07T01:15:16+02:00
a64fx,simde,256,main_scan_int,1,"and 3",0.37,4.5826,5.8365,1,1,2026-10-07T01:15:16+02:00
a64fx,simde,256,main_scan_int,1,"and 3",0.37,4.5856,5.8268,1,1,2026-10-07T01:15:16+02:00
a64fx,simde,256,main_scan_int,1,"and 3",0.37,4.5756,5.8377,1,1,2026-10-07T01:15:16+02:00
a64fx,simde,256,main_scan_int,1,"and 3",0.37,4.5852,5.7622,1,1,2026-10-07T01:15:16+02:00
a64fx,simde,256,main_scan_int,1,"and 1",0.10,18.9551,7.5524,1,1,2026-10-07T01:15:16+02:00
a64fx,simde,256,main_scan_int,1,"and 1",0.10,19.0046,7.6322,1,1,2026-10-07T01:15:16+02:00
a64fx,simde,256,main_scan_int,1,"and 1",0.10,18.8478,7.5803,1,1,2026-10-07T01:15:16+02:00
a64fx,simde,256,main_scan_int,1,"and 1",0.10,18.6784,7.4796,1,1,2026-10-07T01:15:16+02:00
a64fx,simde,256,main_scan_int,1,"and 1",0.10,18.9777,7.4941,1,1,2026-10-07T01:15:16+02:00
a64fx,simde,256,main_scan_int,1,"and 2",0.32,5.8532,5.5579,1,1,2026-10-07T01:15:16+02:00
a64fx,simde,256,main_scan_int,1,"and 2",0.32,5.9375,5.4823,1,1,2026-10-07T01:15:16+02:00
a64fx,simde,256,main_scan_int,1,"and 2",0.32,5.8932,5.4594,1,1,2026-10-07T01:15:16+02:00
a64fx,simde,256,main_scan_int,1,"and 2",0.32,5.8890,5.4899,1,1,2026-10-07T01:15:16+02:00
a64fx,simde,256,main_scan_int,1,"and 2",0.32,5.4151,5.5045,1,1,2026-10-07T01:15:16+02:00
a64fx,simde,256,main_scan_int,1,"and 3",0.46,3.6394,4.7138,1,1,2026-10-07T01:15:16+02:00
a64fx,simde,256,main_scan_int,1,"and 3",0.46,3.6693,4.7206,1,1,2026-10-07T01:15:16+02:00
a64fx,simde,256,main_scan_int,1,"and 3",0.46,3.6644,4.7391,1,1,2026-10-07T01:15:16+02:00
a64fx,simde,256,main_scan_int,1,"and 3",0.46,3.6827,4.7028,1,1,2026-10-07T01:15:16+02:00
a64fx,simde,256,main_scan_int,1,"and 3",0.46,3.6759,4.7397,1,1,2026-10-07T01:15:16+02:00
a64fx,simde,256,main_scan_int,1,"and 1",0.20,11.7286,4.9116,1,1,2026-10-07T01:15:16+02:00
a64fx,simde,256,main_scan_int,1,"and 1",0.20,11.7374,4.8569,1,1,2026-10-07T01:15:16+02:00
a64fx,simde,256,main_scan_int,1,"and 1",0.20,11.7286,4.9695,1,1,2026-10-07T01:15:16+02:00
a64fx,simde,256,main_scan_int,1,"and 1",0.20,11.5717,4.9531,1,1,2026-10-07T01:15:16+02:00
a64fx,simde,256,main_scan_int,1,"and 1",0.20,11.4533,4.9751,1,1,2026-10-07T01:15:16+02:00
a64fx,simde,256,main_scan_int,1,"and 2",0.45,4.2535,3.9747,1,1,2026-10-07T01:15:16+02:00
a64fx,simde,256,main_scan_int,1,"and 2",0.45,4.2652,3.9793,1,1,2026-10-07T01:15:16+02:00
a64fx,simde,256,main_scan_int,1,"and 2",0.45,4.2765,3.9668,1,1,2026-10-07T01:15:16+02:00
a64fx,simde,256,main_scan_int,1,"and 2",0.45,4.2810,4.0041,1,1,2026-10-07T01:15:16+02:00
a64fx,simde,256,main_scan_int,1,"and 2",0.45,4.2890,3.9977,1,1,2026-10-07T01:15:16+02:00
a64fx,simde,256,main_scan_int,1,"and 3",0.58,3.5157,3.5964,1,1,2026-10-07T01:15:16+02:00
a64fx,simde,256,main_scan_int,1,"and 3",0.58,3.5051,3.5832,1,1,2026-10-07T01:15:16+02:00
a64fx,simde,256,main_scan_int,1,"and 3",0.58,3.5116,3.5841,1,1,2026-10-07T01:15:16+02:00
a64fx,simde,256,main_scan_int,1,"and 3",0.58,3.5005,3.5655,1,1,2026-10-07T01:15:16+02:00
a64fx,simde,256,main_scan_int,1,"and 3",0.58,3.5165,3.6012,1,1,2026-10-07T01:15:16+02:00
a64fx,simde,256,main_scan_int,1,"and 1",0.50,5.7820,2.5850,1,1,2026-10-07T01:15:16+02:00
a64fx,simde,256,main_scan_int,1,"and 1",0.50,5.8533,2.5846,1,1,2026-10-07T01:15:16+02:00
a64fx,simde,256,main_scan_int,1,"and 1",0.50,5.8362,2.5874,1,1,2026-10-07T01:15:16+02:00
a64fx,simde,256,main_scan_int,1,"and 1",0.50,5.7561,2.5897,1,1,2026-10-07T01:15:16+02:00
a64fx,simde,256,main_scan_int,1,"and 1",0.50,5.8686,2.5784,1,1,2026-10-07T01:15:16+02:00
a64fx,simde,256,main_scan_int,1,"and 2",0.71,5.3921,2.3018,1,1,2026-10-07T01:15:16+02:00
a64fx,simde,256,main_scan_int,1,"and 2",0.71,5.4213,2.2889,1,1,2026-10-07T01:15:16+02:00
a64fx,simde,256,main_scan_int,1,"and 2",0.71,5.3943,2.2936,1,1,2026-10-07T01:15:16+02:00
a64fx,simde,256,main_scan_int,1,"and 2",0.71,5.4138,2.2943,1,1,2026-10-07T01:15:16+02:00
a64fx,simde,256,main_scan_int,1,"and 2",0.71,5.3980,2.3028,1,1,2026-10-07T01:15:16+02:00
a64fx,simde,256,main_scan_int,1,"and 3",0.79,5.1739,2.1426,1,1,2026-10-07T01:15:16+02:00
a64fx,simde,256,main_scan_int,1,"and 3",0.79,5.2077,2.1555,1,1,2026-10-07T01:15:16+02:00
a64fx,simde,256,main_scan_int,1,"and 3",0.79,5.2018,2.1575,1,1,2026-10-07T01:15:16+02:00
a64fx,simde,256,main_scan_int,1,"and 3",0.79,5.1887,2.1549,1,1,2026-10-07T01:15:16+02:00
a64fx,simde,256,main_scan_int,1,"and 3",0.79,5.1884,2.1517,1,1,2026-10-07T01:15:16+02:00
a64fx,simde,256,main_scan_int,1,"and 1",1.00,31.8968,23.5431,1,1,2026-10-07T01:15:16+02:00
a64fx,simde,256,main_scan_int,1,"and 1",1.00,31.8736,22.6331,1,1,2026-10-07T01:15:16+02:00
a64fx,simde,256,main_scan_int,1,"and 1",1.00,31.8781,22.4880,1,1,2026-10-07T01:15:16+02:00
a64fx,simde,256,main_scan_int,1,"and 1",1.00,31.8371,23.5226,1,1,2026-10-07T01:15:16+02:00
a64fx,simde,256,main_scan_int,1,"and 1",1.00,31.8860,23.4216,1,1,2026-10-07T01:15:16+02:00
a64fx,simde,256,main_scan_int,1,"and 2",1.00,25.7611,11.7134,1,1,2026-10-07T01:15:16+02:00
a64fx,simde,256,main_scan_int,1,"and 2",1.00,23.7959,11.3954,1,1,2026-10-07T01:15:16+02:00
a64fx,simde,256,main_scan_int,1,"and 2",1.00,26.1529,11.5945,1,1,2026-10-07T01:15:16+02:00
a64fx,simde,256,main_scan_int,1,"and 2",1.00,25.2225,11.7316,1,1,2026-10-07T01:15:16+02:00
a64fx,simde,256,main_scan_int,1,"and 2",1.00,23.3528,11.4847,1,1,2026-10-07T01:15:16+02:00
a64fx,simde,256,main_scan_int,1,"and 3",1.00,9.7791,8.4261,1,1,2026-10-07T01:15:16+02:00
a64fx,simde,256,main_scan_int,1,"and 3",1.00,9.7701,8.5570,1,1,2026-10-07T01:15:16+02:00
a64fx,simde,256,main_scan_int,1,"and 3",1.00,9.7643,8.6858,1,1,2026-10-07T01:15:16+02:00
a64fx,simde,256,main_scan_int,1,"and 3",1.00,9.7421,8.6847,1,1,2026-10-07T01:15:16+02:00
a64fx,simde,256,main_scan_int,1,"and 3",1.00,9.7464,8.7071,1,1,2026-10-07T01:15:16+02:00
a64fx,simde,512,main_scan_int,1,"and 1",0.00,48.4379,35.4828,1,1,2026-10-07T01:15:24+02:00
a64fx,simde,512,main_scan_int,1,"and 1",0.00,48.3719,37.1338,1,1,2026-10-07T01:15:24+02:00
a64fx,simde,512,main_scan_int,1,"and 1",0.00,48.4660,36.7977,1,1,2026-10-07T01:15:24+02:00
a64fx,simde,512,main_scan_int,1,"and 1",0.00,48.3967,37.0996,1,1,2026-10-07T01:15:24+02:00
a64fx,simde,512,main_scan_int,1,"and 1",0.00,48.2733,36.8630,1,1,2026-10-07T01:15:24+02:00
a64fx,simde,512,main_scan_int,1,"and 2",0.03,14.2041,14.9425,1,1,2026-10-07T01:15:24+02:00
a64fx,simde,512,main_scan_int,1,"and 2",0.03,14.4416,14.6812,1,1,2026-10-07T01:15:24+02:00
a64fx,simde,512,main_scan_int,1,"and 2",0.03,14.6210,14.9611,1,1,2026-10-07T01:15:24+02:00
a64fx,simde,512,main_scan_int,1,"and 2",0.03,14.5982,14.9648,1,1,2026-10-07T01:15:24+02:00
a64fx,simde,512,main_scan_int,1,"and 2",0.03,14.1231,14.9518,1,1,2026-10-07T01:15:24+02:00
a64fx,simde,512,main_scan_int,1,"and 3",0.10,10.1010,10.7795,1,1,2026-10-07T01:15:24+02:00
a64fx,simde,512,main_scan_int,1,"and 3",0.10,9.9028,10.5308,1,1,2026-10-07T01:15:24+02:00
a64fx,simde,512,main_scan_int,1,"and 3",0.10,10.0783,10.7624,1,1,2026-10-07T01:15:24+02:00
a64fx,simde,512,main_scan_int,1,"and 3",0.10,10.1149,10.7879,1,1,2026-10-07T01:15:24+02:00
a64fx,simde,512,main_scan_int,1,"and 3",0.10,9.9987,10.6646,1,1,2026-10-07T01:15:24+02:00
a64fx,simde,512,main_scan_int,1,"and 1",0.00,42.5821,34.1338,1,1,2026-10-07T01:15:24+02:00
a64fx,simde,512,main_scan_int,1,"and 1",0.00,38.5000,34.2020,1,1,2026-10-07T01:15:24+02:00
a64fx,simde,512,main_scan_int,1,"and 1",0.00,42.7037,34.1515,1,1,2026-10-07T01:15:24+02:00
a64fx,simde,512,main_scan_int,1,"and 1",0.00,42.8126,34.3036,1,1,2026-10-07T01:15:24+02:00
a64fx,simde,512,main_scan_int,1,"and 1",0.00,42.7288,34.1555,1,1,2026-10-07T01:15:24+02:00
a64fx,simde,512,main_scan_int,1,"and 2",0.04,14.9182,14.9898,1,1,2026-10-07T01:15:24+02:00
a64fx,simde,512,main_scan_int,1,"and 2",0.04,14.6587,14.4401,1,1,2026-10-07T01:15:24+02:00
a64fx,simde,512,main_scan_int,1,"and 2",0.04,14.9131,14.8546,1,1,2026-10-07T01:15:24+02:00
a64fx,simde,512,main_scan_int,1,"and 2",0.04,13.7330,14.9725,1,1,2026-10-07T01:15:24+02:00
a64fx,simde,512,main_scan_int,1,"and 2",0.04,14.9330,14.9848,1,1,2026-10-07T01:15:24+02:00
a64fx,simde,512,main_scan_int,1,"and 3",0.13,8.5669,9.3290,1,1,2026-10-07T01:15:24+02:00
a64fx,simde,512,main_scan_int,1,"and 3",0.13,8.4702,8.8310,1,1,2026-10-07T01:15:24+02:00
a64fx,simde,512,main_scan_int,1,"and 3",0.13,8.6434,9.8973,1,1,2026-10-07T01:15:24+02:00
a64fx,simde,512,main_scan_int,1,"and 3",0.13,8.5611,9.7984,1,1,2026-10-07T01:15:24+02:00
a64fx,simde,512,main_scan_int,1,"and 3",0.13,8.3766,9.6819,1,1,2026-10-07T01:15:24+02:00
a64fx,simde,512,main_scan_int,1,"and 1",0.01,31.7631,27.5577,1,1,2026-10-07T01:15:24+02:00
a64fx,simde,512,main_scan_int,1,"and 1",0.01,31.8428,26.9557,1,1,2026-10-07T01:15:24+02:00
a64fx,simde,512,main_scan_int,1,"and 1",0.01,31.9023,28.7506,1,1,2026-10-07T01:15:24+02:00
a64fx,simde,512,main_scan_int,1,"and 1",0.01,32.0732,28.6575,1,1,2026-10-07T01:15:24+02:00
a64fx,simde,512,main_scan_int,1,"and 1",0.01,31.8865,28.5939,1,1,2026-10-07T01:15:24+02:00
a64fx,simde,512,main_scan_int,1,"and 2",0.07,12.8517,13.2901,1,1,2026-10-07T01:15:24+02:00
a64fx,simde,512,main_scan_int,1,"and 2",0.07,12.2004,13.0052,1,1,2026-10-07T01:15:24+02:00
a64fx,simde,512,main_scan_int,1,"and 2",0.07,12.8655,12.8763,1,1,2026-10-07T01:15:24+02:00
a64fx,simde,512,main_scan_int,1,"and 2",0.07,12.8655,13.3598,1,1,2026-10-07T01:15:24+02:00
a64fx,simde,512,main_scan_int,1,"and 2",0.07,12.4926,12.8203,1,1,2026-10-07T01:15:24+02:00
a64fx,simde,512,main_scan_int,1,"and 3",0.17,7.4443,9.1849,1,1,2026-10-07T01:15:24+02:00
a64fx,simde,512,main_scan_int,1,"and 3",0.17,7.2855,9.1861,1,1,2026-10-07T01:15:24+02:00
a64fx,simde,512,main_scan_int,1,"and 3",0.17,7.3165,8.7541,1,1,2026-10-07T01:15:24+02:00
a64fx,simde,512,main_scan_int,1,"and 3",0.17,7.3704,8.1428,1,1,2026-10-07T01:15:24+02:00
a64fx,simde,512,main_scan_int,1,"and 3",0.17,7.2649,8.8993,1,1,2026-10-07T01:15:24+02:00
a64fx,simde,512,main_scan_int,1,"and 1",0.01,24.7368,23.3742,1,1,2026-10-07T01:15:24+02:00
a64fx,simde,512,main_scan_int,1,"and 1",0.01,24.7099,23.3377,1,1,2026-10-07T01:15:24+02:00
a64fx,simde,512,main_scan_int,1,"and 1",0.01,24.6535,23.5031,1,1,2026-10-07T01:15:24+02:00
a64fx,simde,512,main_scan_int,1,"and 1",0.01,24.6378,23.4403,1,1,2026-10-07T01:15:24+02:00
a64fx,simde,512,main_scan_int,1,"and 1",0.01,24.7334,23.3518,1,1,2026-10-07T01:15:24+02:00
a64fx,simde,512,main_scan_int,1,"and 2",0.10,10.5534,11.4346,1,1,2026-10-07T01:15:24+02:00
a64fx,simde,512,main_scan_int,1,"and 2",0.10,10.3389,10.9907,1,1,2026-10-07T01:15:24+02:00
a64fx,simde,512,main_scan_int,1,"and 2",0.10,10.5452,11.4475,1,1,2026-10-07T01:15:24+02:00
a64fx,simde,512,main_scan_int,1,"and 2",0.10,10.3401,11.1807,1,1,2026-10-07T01:15:24+02:00
a64fx,simde,512,main_scan_int,1,"and 2",0.10,10.1970,11.2018,1,1,2026-10-07T01:15:24+02:00
a64fx,simde,512,main_scan_int,1,"and 3",0.22,6.6653,8.5228,1,1,2026-10-07T01:15:24+02:00
a64fx,simde,512,main_scan_int,1,"and 3",0.22,6.6562,8.7590,1,1,2026-10-07T01:15:24+02:00
a64fx,simde,512,main_scan_int,1,"and 3",0.22,6.5649,8.7343,1,1,2026-10-07T01:15:24+02:00
a64fx,simde,512,main_scan_int,1,"and 3",0.22,6.5994,8.6957,1,1,2026-10-07T01:15:24+02:00
a64fx,simde,512,main_scan_int,1,"and 3",0.22,6.6230,8.5701,1,1,2026-10-07T01:15:24+02:00
a64fx,simde,512,main_scan_int,1,"and 1",0.02,20.8405,17.7464,1,1,2026-10-07T01:15:24+02:00
a64fx,simde,512,main_scan_int,1,"and 1",0.02,20.8348,17.7497,1,1,2026-10-07T01:15:24+02:00
a64fx,simde,512,main_scan_int,1,"and 1",0.02,20.4051,17.7005,1,1,2026-10-07T01:15:24+02:00
a64fx,simde,512,main_scan_int,1,"and 1",0.02,19.9439,16.9950,1,1,2026-10-07T01:15:24+02:00
a64fx,simde,512,main_scan_int,1,"and 1",0.02,20.8179,17.3368,1,1,2026-10-07T01:15:24+02:00
a64fx,simde,512,main_scan_int,1,"and 2",0.14,8.7933,9.3177,1,1,2026-10-07T01:15:24+02:00
a64fx,simde,512,main_scan_int,1,"and 2",0.14,8.7927,8.1401,1,1,2026-10-07T01:15:24+02:00
a64fx,simde,512,main_scan_int,1,"and 2",0.14,8.6755,9.3101,1,1,2026-10-07T01:15:24+02:00
a64fx,simde,512,main_scan_int,1,"and 2",0.14,8.6485,9.3321,1,1,2026-10-07T01:15:24+02:00
a64fx,simde,512,main_scan_int,1,"and 2",0.14,8.8055,9.4812,1,1,2026-10-07T01:15:24+02:00
a64fx,simde,512,main_scan_int,1,"and 3",0.27,5.5915,7.8410,1,1,2026-10-07T01:15:24+02:00
a64fx,simde,512,main_scan_int,1,"and 3",0.27,5.6444,7.7591,1,1,2026-10-07T01:15:24+02:00
a64fx,simde,512,main_scan_int,1,"and 3",0.27,5.6015,7.7268,1,1,2026-10-07T01:15:24+02:00
a64fx,simde,512,main_scan_int,1,"and 3",0.27,5.5754,7.7086,1,1,2026-10-07T01:15:24+02:00
a64fx,simde,512,main_scan_int,1,"and 3",0.27,5.6125,7.8398,1,1,2026-10-07T01:15:24+02:00
a64fx,simde,512,main_scan_int,1,"and 1",0.05,25.1450,11.6171,1,1,2026-10-07T01:15:24+02:00
a64fx,simde,512,main_scan_int,1,"and 1",0.05,25.1392,11.6037,1,1,2026-10-07T01:15:24+02:00
a64fx,simde,512,main_scan_int,1,"and 1",0.05,25.1692,11.6229,1,1,2026-10-07T01:15:24+02:00
a64fx,simde,512,main_scan_int,1,"and 1",0.05,25.1971,11.0643,1,1,2026-10-07T01:15:24+02:00
a64fx,simde,512,main_scan_int,1,"and 1",0.05,25.1793,11.6135,1,1,2026-10-07T01:15:24+02:00
a64fx,simde,512,main_scan_int,1,"and 2",0.22,7.6354,7.2019,1,1,2026-10-07T01:15:24+02:00
a64fx,simde,512,main_scan_int,1,"and 2",0.22,7.6223,7.0019,1,1,2026-10-07T01:15:24+02:00
a64fx,simde,512,main_scan_int,1,"and 2",0.22,7.6724,7.0401,1,1,2026-10-07T01:15:24+02:00
a64fx,simde,512,main_scan_int,1,"and 2",0.22,7.6883,7.0642,1,1,2026-10-07T01:15:24+02:00
a64fx,simde,512,main_scan_int,1,"and 2",0.22,7.6335,7.0931,1,1,2026-10-07T01:15:24+02:00
a64fx,simde,512,main_scan_int,1,"and 3",0.37,4.5675,6.1981,1,1,2026-10-07T01:15:24+02:00
a64fx,simde,512,main_scan_int,1,"and 3",0.37,4.5432,6.2826,1,1,2026-10-07T01:15:24+02:00
a64fx,simde,512,main_scan_int,1,"and 3",0.37,4.5611,6.2470,1,1,2026-10-07T01:15:24+02:00
a64fx,simde,512,main_scan_int,1,"and 3",0.37,4.5778,6.2125,1,1,2026-10-07T01:15:24+02:00
a64fx,simde,512,main_scan_int,1,"and 3",0.37,4.5776,6.2254,1,1,2026-10-07T01:15:24+02:00
a64fx,simde,512,main_scan_int,1,"and 1",0.10,18.9317,8.0228,1,1,2026-10-07T01:15:24+02:00
a64fx,simde,512,main_scan_int,1,"and 1",0.10,18.9979,8.1496,1,1,2026-10-07T01:15:24+02:00
a64fx,simde,512,main_scan_int,1,"and 1",0.10,19.0102,8.0505,1,1,2026-10-07T01:15:24+02:00
a64fx,simde,512,main_scan_int,1,"and 1",0.10,19.0546,7.9797,1,1,2026-10-07T01:15:24+02:00
a64fx,simde,512,main_scan_int,1,"and 1",0.10,18.9935,8.1016,1,1,2026-10-07T01:15:24+02:00
a64fx,simde,512,main_scan_int,1,"and 2",0.32,5.9453,5.7124,1,1,2026-10-07T01:15:24+02:00
a64fx,simde,512,main_scan_int,1,"and 2",0.32,5.8579,5.6808,1,1,2026-10-07T01:15:24+02:00
a64fx,simde,512,main_scan_int,1,"and 2",0.32,5.8229,5.7058,1,1,2026-10-07T01:15:24+02:00
a64fx,simde,512,main_scan_int,1,"and 2",0.32,5.8689,5.6436,1,1,2026-10-07T01:15:24+02:00
a64fx,simde,512,main_scan_int,1,"and 2",0.32,5.9036,5.6983,1,1,2026-10-07T01:15:24+02:00
a64fx,simde,512,main_scan_int,1,"and 3",0.46,3.6872,5.0494,1,1,2026-10-07T01:15:24+02:00
a64fx,simde,512,main_scan_int,1,"and 3",0.46,3.6622,5.0254,1,1,2026-10-07T01:15:24+02:00
a64fx,simde,512,main_scan_int,1,"and 3",0.46,3.6839,5.0191,1,1,2026-10-07T01:15:24+02:00
a64fx,simde,512,main_scan_int,1,"and 3",0.46,3.6666,5.0284,1,1,2026-10-07T01:15:24+02:00
a64fx,simde,512,main_scan_int,1,"and 3",0.46,3.6514,5.0062,1,1,2026-10-07T01:15:24+02:00
a64fx,simde,512,main_scan_int,1,"and 1",0.20,11.3847,5.2394,1,1,2026-10-07T01:15:24+02:00
a64fx,simde,512,main_scan_int,1,"and 1",0.20,11.5362,5.1819,1,1,2026-10-07T01:15:24+02:00
a64fx,simde,512,main_scan_int,1,"and 1",0.20,11.5680,5.2291,1,1,2026-10-07T01:15:24+02:00
a64fx,simde,512,main_scan_int,1,"and 1",0.20,11.4288,5.2067,1,1,2026-10-07T01:15:24+02:00
a64fx,simde,512,main_scan_int,1,"and 1",0.20,11.7570,5.1934,1,1,2026-10-07T01:15:24+02:00
a64fx,simde,512,main_scan_int,1,"and 2",0.45,4.2875,4.0737,1,1,2026-10-07T01:15:24+02:00
a64fx,simde,512,main_scan_int,1,"and 2",0.45,4.3043,4.0947,1,1,2026-10-07T01:15:24+02:00
a64fx,simde,512,main_scan_int,1,"and 2",0.45,4.2809,4.1210,1,1,2026-10-07T01:15:24+02:00
a64fx,simde,512,main_scan_int,1,"and 2",0.45,4.2132,4.1206,1,1,2026-10-07T01:15:24+02:00
a64fx,simde,512,main_scan_int,1,"and 2",0.45,4.2492,4.1226,1,1,2026-10-07T01:15:24+02:00
a64fx,simde,512,main_scan_int,1,"and 3",0.58,3.5074,3.7589,1,1,2026-10-07T01:15:24+02:00
a64fx,simde,512,main_scan_int,1,"and 3",0.58,3.5154,3.7812,1,1,2026-10-07T01:15:24+02:00
a64fx,simde,512,main_scan_int,1,"and 3",0.58,3.5136,3.7821,1,1,2026-10-07T01:15:24+02:00
a64fx,simde,512,main_scan_int,1,"and 3",0.58,3.5040,3.6084,1,1,2026-10-07T01:15:24+02:00
a64fx,simde,512,main_scan_int,1,"and 3",0.58,3.5014,3.7774,1,1,2026-10-07T01:15:24+02:00
a64fx,simde,512,main_scan_int,1,"and 1",0.50,5.8722,2.8674,1,1,2026-10-07T01:15:24+02:00
a64fx,simde,512,main_scan_int,1,"and 1",0.50,5.9027,2.7435,1,1,2026-10-07T01:15:24+02:00
a64fx,simde,512,main_scan_int,1,"and 1",0.50,5.8472,2.8708,1,1,2026-10-07T01:15:24+02:00
a64fx,simde,512,main_scan_int,1,"and 1",0.50,5.8035,2.8753,1,1,2026-10-07T01:15:24+02:00
a64fx,simde,512,main_scan_int,1,"and 1",0.50,5.8595,2.8780,1,1,2026-10-07T01:15:24+02:00
a64fx,simde,512,main_scan_int,1,"and 2",0.71,5.4645,2.4946,1,1,2026-10-07T01:15:24+02:00
a64fx,simde,512,main_scan_int,1,"and 2",0.71,5.4201,2.4994,1,1,2026-10-07T01:15:24+02:00
a64fx,simde,512,main_scan_int,1,"and 2",0.71,5.4428,2.4973,1,1,2026-10-07T01:15:24+02:00
a64fx,simde,512,main_scan_int,1,"and 2",0.71,5.4399,2.4100,1,1,2026-10-07T01:15:24+02:00
a64fx,simde,512,main_scan_int,1,"and 2",0.71,5.4245,2.4994,1,1,2026-10-07T01:15:24+02:00
a64fx,simde,512,main_scan_int,1,"and 3",0.79,5.2039,2.3686,1,1,2026-10-07T01:15:24+02:00
a64fx,simde,512,main_scan_int,1,"and 3",0.79,5.2188,2.3706,1,1,2026-10-07T01:15:24+02:00
a64fx,simde,512,main_scan_int,1,"and 3",0.79,5.1835,2.3746,1,1,2026-10-07T01:15:24+02:00
a64fx,simde,512,main_scan_int,1,"and 3",0.79,5.2223,2.3673,1,1,2026-10-07T01:15:24+02:00
a64fx,simde,512,main_scan_int,1,"and 3",0.79,5.2326,2.3718,1,1,2026-10-07T01:15:24+02:00
a64fx,simde,512,main_scan_int,1,"and 1",1.00,31.9821,29.3438,1,1,2026-10-07T01:15:24+02:00
a64fx,simde,512,main_scan_int,1,"and 1",1.00,31.9017,29.1978,1,1,2026-10-07T01:15:24+02:00
a64fx,simde,512,main_scan_int,1,"and 1",1.00,31.8566,29.3001,1,1,2026-10-07T01:15:24+02:00
a64fx,simde,512,main_scan_int,1,"and 1",1.00,31.9498,29.2048,1,1,2026-10-07T01:15:24+02:00
a64fx,simde,512,main_scan_int,1,"and 1",1.00,31.7312,29.2602,1,1,2026-10-07T01:15:24+02:00
a64fx,simde,512,main_scan_int,1,"and 2",1.00,26.1944,12.2592,1,1,2026-10-07T01:15:24+02:00
a64fx,simde,512,main_scan_int,1,"and 2",1.00,24.7022,11.9336,1,1,2026-10-07T01:15:24+02:00
a64fx,simde,512,main_scan_int,1,"and 2",1.00,26.2632,12.2629,1,1,2026-10-07T01:15:24+02:00
a64fx,simde,512,main_scan_int,1,"and 2",1.00,24.8005,11.8388,1,1,2026-10-07T01:15:24+02:00
a64fx,simde,512,main_scan_int,1,"and 2",1.00,26.1769,11.9871,1,1,2026-10-07T01:15:24+02:00
a64fx,simde,512,main_scan_int,1,"and 3",1.00,9.7952,9.4636,1,1,2026-10-07T01:15:24+02:00
a64fx,simde,512,main_scan_int,1,"and 3",1.00,9.8060,9.5808,1,1,2026-10-07T01:15:24+02:00
a64fx,simde,512,main_scan_int,1,"and 3",1.00,9.7886,9.5754,1,1,2026-10-07T01:15:24+02:00
a64fx,simde,512,main_scan_int,1,"and 3",1.00,9.5437,9.3975,1,1,2026-10-07T01:15:24+02:00
a64fx,simde,512,main_scan_int,1,"and 3",1.00,9.8110,9.4888,1,1,2026-10-07T01:15:24+02:00
a64fx,simde,128,main_scan_enc,1,"and 1",0.00,18.1490,8.1334,1,1,2026-10-07T01:15:57+02:00
a64fx,simde,128,main_scan_enc,1,"and 1",0.00,18.1099,8.1658,1,1,2026-10-07T01:15:57+02:00
a64fx,simde,128,main_scan_enc,1,"and 1",0.00,17.4612,8.0150,1,1,2026-10-07T01:15:57+02:00
a64fx,simde,128,main_scan_enc,1,"and 1",0.00,17.5492,8.0165,1,1,2026-10-07T01:15:57+02:00
a64fx,simde,128,main_scan_enc,1,"and 1",0.00,18.1440,8.1432,1,1,2026-10-07T01:15:57+02:00
a64fx,simde,128,main_scan_enc,1,"and 2",0.03,13.5810,5.4058,1,1,2026-10-07T01:15:57+02:00
a64fx,simde,128,main_scan_enc,1,"and 2",0.03,13.7979,5.3877,1,1,2026-10-07T01:15:57+02:00
a64fx,simde,128,main_scan_enc,1,"and 2",0.03,13.9761,5.3628,1,1,2026-10-07T01:15:57+02:00
a64fx,simde,128,main_scan_enc,1,"and 2",0.03,13.9979,5.3536,1,1,2026-10-07T01:15:57+02:00
a64fx,simde,128,main_scan_enc,1,"and 2",0.03,13.9913,5.4298,1,1,2026-10-07T01:15:57+02:00
a64fx,simde,128,main_scan_enc,1,"and 3",0.10,7.8051,3.6587,1,1,2026-10-07T01:15:57+02:00
a64fx,simde,128,main_scan_enc,1,"and 3",0.10,7.8158,3.6859,1,1,2026-10-07T01:15:57+02:00
a64fx,simde,128,main_scan_enc,1,"and 3",0.10,7.7210,3.6700,1,1,2026-10-07T01:15:57+02:00
a64fx,simde,128,main_scan_enc,1,"and 3",0.10,7.7314,3.6611,1,1,2026-10-07T01:15:57+02:00
a64fx,simde,128,main_scan_enc,1,"and 3",0.10,7.8074,3.6782,1,1,2026-10-07T01:15:57+02:00
a64fx,simde,128,main_scan_enc,1,"and 1",0.00,16.8656,7.8031,1,1,2026-10-07T01:15:57+02:00
a64fx,simde,128,main_scan_enc,1,"and 1",0.00,17.1722,8.0045,1,1,2026-10-07T01:15:57+02:00
a64fx,simde,128,main_scan_enc,1,"and 1",0.00,16.6674,7.8537,1,1,2026-10-07T01:15:57+02:00
a64fx,simde,128,main_scan_enc,1,"and 1",0.00,17.1166,7.7906,1,1,2026-10-07T01:15:57+02:00
a64fx,simde,128,main_scan_enc,1,"and 1",0.00,17.1836,8.0063,1,1,2026-10-07T01:15:57+02:00
a64fx,simde,128,main_scan_enc,1,"and 2",0.04,12.0492,4.9521,1,1,2026-10-07T01:15:57+02:00
a64fx,simde,128,main_scan_enc,1,"and 2",0.04,12.2540,4.9148,1,1,2026-10-07T01:15:57+02:00
a64fx,simde,128,main_scan_enc,1,"and 2",0.04,12.5810,4.9506,1,1,2026-10-07T01:15:57+02:00
a64fx,simde,128,main_scan_enc,1,"and 2",0.04,12.5644,4.9342,1,1,2026-10-07T01:15:57+02:00
a64fx,simde,128,main_scan_enc,1,"and 2",0.04,12.6015,4.9078,1,1,2026-10-07T01:15:57+02:00
a64fx,simde,128,main_scan_enc,1,"and 3",0.13,7.0267,3.4263,1,1,2026-10-07T01:15:57+02:00
a64fx,simde,128,main_scan_enc,1,"and 3",0.13,6.9560,3.4298,1,1,2026-10-07T01:15:57+02:00
a64fx,simde,128,main_scan_enc,1,"and 3",0.13,6.8327,3.4380,1,1,2026-10-07T01:15:57+02:00
a64fx,simde,128,main_scan_enc,1,"and 3",0.13,6.8737,3.4273,1,1,2026-10-07T01:15:57+02:00
a64fx,simde,128,main_scan_enc,1,"and 3",0.13,6.9226,3.4158,1,1,2026-10-07T01:15:57+02:00
a64fx,simde,128,main_scan_enc,1,"and 1",0.01,15.1693,7.6997,1,1,2026-10-07T01:15:57+02:00
a64fx,simde,128,main_scan_enc,1,"and 1",0.01,14.4820,7.5805,1,1,2026-10-07T01:15:57+02:00
a64fx,simde,128,main_scan_enc,1,"and 1",0.01,15.1794,7.6645,1,1,2026-10-07T01:15:57+02:00
a64fx,simde,128,main_scan_enc,1,"and 1",0.01,15.1596,7.6206,1,1,2026-10-07T01:15:57+02:00
a64fx,simde,128,main_scan_enc,1,"and 1",0.01,15.1220,7.5566,1,1,2026-10-07T01:15:57+02:00
a64fx,simde,128,main_scan_enc,1,"and 2",0.07,9.5695,4.3668,1,1,2026-10-07T01:15:57+02:00
a64fx,simde,128,main_scan_enc,1,"and 2",0.07,10.2059,4.3633,1,1,2026-10-07T01:15:57+02:00
a64fx,simde,128,main_scan_enc,1,"and 2",0.07,10.2145,4.3511,1,1,2026-10-07T01:15:57+02:00
a64fx,simde,128,main_scan_enc,1,"and 2",0.07,10.0386,4.3708,1,1,2026-10-07T01:15:57+02:00
a64fx,simde,128,main_scan_enc,1,"and 2",0.07,10.0239,4.3443,1,1,2026-10-07T01:15:57+02:00
a64fx,simde,128,main_scan_enc,1,"and 3",0.17,6.0814,3.1250,1,1,2026-10-07T01:15:57+02:00
a64fx,simde,128,main_scan_enc,1,"and 3",0.17,6.0003,3.1199,1,1,2026-10-07T01:15:57+02:00
a64fx,simde,128,main_scan_enc,1,"and 3",0.17,5.9208,3.1226,1,1,2026-10-07T01:15:57+02:00
a64fx,simde,128,main_scan_enc,1,"and 3",0.17,6.0377,3.1366,1,1,2026-10-07T01:15:57+02:00
a64fx,simde,128,main_scan_enc,1,"and 3",0.17,6.0330,3.1420,1,1,2026-10-07T01:15:57+02:00
a64fx,simde,128,main_scan_enc,1,"and 1",0.01,13.0019,7.0866,1,1,2026-10-07T01:15:57+02:00
a64fx,simde,128,main_scan_enc,1,"and 1",0.01,13.2706,7.1842,1,1,2026-10-07T01:15:57+02:00
a64fx,simde,128,main_scan_enc,1,"and 1",0.01,13.2452,7.2474,1,1,2026-10-07T01:15:57+02:00
a64fx,simde,128,main_scan_enc,1,"and 1",0.01,12.9255,7.1346,1,1,2026-10-07T01:15:57+02:00
a64fx,simde,128,main_scan_enc,1,"and 1",0.01,12.9114,7.1463,1,1,2026-10-07T01:15:57+02:00
a64fx,simde,128,main_scan_enc,1,"and 2",0.10,8.4148,3.9551,1,1,2026-10-07T01:15:57+02:00
a64fx,simde,128,main_scan_enc,1,"and 2",0.10,8.2001,3.8804,1,1,2026-10-07T01:15:57+02:00
a64fx,simde,128,main_scan_enc,1,"and 2",0.10,8.1767,3.9185,1,1,2026-10-07T01:15:57+02:00
a64fx,simde,128,main_scan_enc,1,"and 2",0.10,8.1778,3.9654,1,1,2026-10-07T01:15:57+02:00
a64fx,simde,128,main_scan_enc,1,"and 2",0.10,8.4060,3.9256,1,1,2026-10-07T01:15:57+02:00
a64fx,simde,128,main_scan_enc,1,"and 3",0.22,5.0914,2.8786,1,1,2026-10-07T01:15:57+02:00
a64fx,simde,128,main_scan_enc,1,"and 3",0.22,5.0690,2.8963,1,1,2026-10-07T01:15:57+02:00
a64fx,simde,128,main_scan_enc,1,"and 3",0.22,5.1200,2.8812,1,1,2026-10-07T01:15:57+02:00
a64fx,simde,128,main_scan_enc,1,"and 3",0.22,5.0953,2.8714,1,1,2026-10-07T01:15:57+02:00
a64fx,simde,128,main_scan_enc,1,"and 3",0.22,5.0882,2.8695,1,1,2026-10-07T01:15:57+02:00
a64fx,simde,128,main_scan_enc,1,"and 1",0.02,11.9720,6.6050,1,1,2026-10-07T01:15:57+02:00
a64fx,simde,128,main_scan_enc,1,"and 1",0.02,11.6908,6.5640,1,1,2026-10-07T01:15:57+02:00
a64fx,simde,128,main_scan_enc,1,"and 1",0.02,11.7455,6.5389,1,1,2026-10-07T01:15:57+02:00
a64fx,simde,128,main_scan_enc,1,"and 1",0.02,11.9776,6.5016,1,1,2026-10-07T01:15:57+02:00
a64fx,simde,128,main_scan_enc,1,"and 1",0.02,11.9674,6.5126,1,1,2026-10-07T01:15:57+02:00
a64fx,simde,128,main_scan_enc,1,"and 2",0.14,6.9746,3.4033,1,1,2026-10-07T01:15:57+02:00
a64fx,simde,128,main_scan_enc,1,"and 2",0.14,6.9340,3.5720,1,1,2026-10-07T01:15:57+02:00
a64fx,simde,128,main_scan_enc,1,"and 2",0.14,6.9866,3.5688,1,1,2026-10-07T01:15:57+02:00
a64fx,simde,128,main_scan_enc,1,"and 2",0.14,6.7598,3.5952,1,1,2026-10-07T01:15:57+02:00
a64fx,simde,128,main_scan_enc,1,"and 2",0.14,6.8963,3.5673,1,1,2026-10-07T01:15:57+02:00
a64fx,simde,128,main_scan_enc,1,"and 3",0.27,4.3073,2.6272,1,1,2026-10-07T01:15:57+02:00
a64fx,simde,128,main_scan_enc,1,"and 3",0.27,4.3058,2.6365,1,1,2026-10-07T01:15:57+02:00
a64fx,simde,128,main_scan_enc,1,"and 3",0.27,4.2820,2.6252,1,1,2026-10-07T01:15:57+02:00
a64fx,simde,128,main_scan_enc,1,"and 3",0.27,4.3149,2.6198,1,1,2026-10-07T01:15:57+02:00
a64fx,simde,128,main_scan_enc,1,"and 3",0.27,4.2822,2.6405,1,1,2026-10-07T01:15:57+02:00
a64fx,simde,128,main_scan_enc,1,"and 1",0.05,12.6268,5.4914,1,1,2026-10-07T01:15:57+02:00
a64fx,simde,128,main_scan_enc,1,"and 1",0.05,12.7857,5.5009,1,1,2026-10-07T01:15:57+02:00
a64fx,simde,128,main_scan_enc,1,"and 1",0.05,12.9899,5.4382,1,1,2026-10-07T01:15:57+02:00
a64fx,simde,128,main_scan_enc,1,"and 1",0.05,12.9517,5.5144,1,1,2026-10-07T01:15:57+02:00
a64fx,simde,128,main_scan_enc,1,"and 1",0.05,12.7039,5.4770,1,1,2026-10-07T01:15:57+02:00
a64fx,simde,128,main_scan_enc,1,"and 2",0.22,5.8586,3.1579,1,1,2026-10-07T01:15:57+02:00
a64fx,simde,128,main_scan_enc,1,"and 2",0.22,5.9262,3.1516,1,1,2026-10-07T01:15:57+02:00
a64fx,simde,128,main_scan_enc,1,"and 2",0.22,5.9141,3.1427,1,1,2026-10-07T01:15:57+02:00
a64fx,simde,128,main_scan_enc,1,"and 2",0.22,5.8678,3.1382,1,1,2026-10-07T01:15:57+02:00
a64fx,simde,128,main_scan_enc,1,"and 2",0.22,5.8691,3.1374,1,1,2026-10-07T01:15:57+02:00
a64fx,simde,128,main_scan_enc,1,"and 3",0.37,3.2984,2.3217,1,1,2026-10-07T01:15:57+02:00
a64fx,simde,128,main_scan_enc,1,"and 3",0.37,3.2801,2.3206,1,1,2026-10-07T01:15:57+02:00
a64fx,simde,128,main_scan_enc,1,"and 3",0.37,3.2201,2.3222,1,1,2026-10-07T01:15:57+02:00
a64fx,simde,128,main_scan_enc,1,"and 3",0.37,3.2614,2.3152,1,1,2026-10-07T01:15:57+02:00
a64fx,simde,128,main_scan_enc,1,"and 3",0.37,3.2897,2.3250,1,1,2026-10-07T01:15:57+02:00
a64fx,simde,128,main_scan_enc,1,"and 1",0.10,10.8152,4.4973,1,1,2026-10-07T01:15:57+02:00
a64fx,simde,128,main_scan_enc,1,"and 1",0.10,10.6465,4.5230,1,1,2026-10-07T01:15:57+02:00
a64fx,simde,128,main_scan_enc,1,"and 1",0.10,10.3291,4.5333,1,1,2026-10-07T01:15:57+02:00
a64fx,simde,128,main_scan_enc,1,"and 1",0.10,10.8166,4.5275,1,1,2026-10-07T01:15:57+02:00
a64fx,simde,128,main_scan_enc,1,"and 1",0.10,10.8052,4.5612,1,1,2026-10-07T01:15:57+02:00
a64fx,simde,128,main_scan_enc,1,"and 2",0.32,4.3590,2.6905,1,1,2026-10-07T01:15:57+02:00
a64fx,simde,128,main_scan_enc,1,"and 2",0.32,4.3581,2.8070,1,1,2026-10-07T01:15:57+02:00
a64fx,simde,128,main_scan_enc,1,"and 2",0.32,4.3850,2.7936,1,1,2026-10-07T01:15:57+02:00
a64fx,simde,128,main_scan_enc,1,"and 2",0.32,4.3752,2.7921,1,1,2026-10-07T01:15:57+02:00
a64fx,simde,128,main_scan_enc,1,"and 2",0.32,4.3854,2.7763,1,1,2026-10-07T01:15:57+02:00
a64fx,simde,128,main_scan_enc,1,"and 3",0.46,2.6039,2.0891,1,1,2026-10-07T01:15:57+02:00
a64fx,simde,128,main_scan_enc,1,"and 3",0.46,2.5107,2.0866,1,1,2026-10-07T01:15:57+02:00
a64fx,simde,128,main_scan_enc,1,"and 3",0.46,2.6070,2.0927,1,1,2026-10-07T01:15:57+02:00
a64fx,simde,128,main_scan_enc,1,"and 3",0.46,2.6090,2.0488,1,1,2026-10-07T01:15:57+02:00
a64fx,simde,128,main_scan_enc,1,"and 3",0.46,2.5846,2.0909,1,1,2026-10-07T01:15:57+02:00
a64fx,simde,128,main_scan_enc,1,"and 1",0.20,7.7265,3.4838,1,1,2026-10-07T01:15:57+02:00
a64fx,simde,128,main_scan_enc,1,"and 1",0.20,7.5680,3.4904,1,1,2026-10-07T01:15:57+02:00
a64fx,simde,128,main_scan_enc,1,"and 1",0.20,7.6323,3.4686,1,1,2026-10-07T01:15:57+02:00
a64fx,simde,128,main_scan_enc,1,"and 1",0.20,7.6421,3.4687,1,1,2026-10-07T01:15:57+02:00
a64fx,simde,128,main_scan_enc,1,"and 1",0.20,7.6021,3.4577,1,1,2026-10-07T01:15:57+02:00
a64fx,simde,128,main_scan_enc,1,"and 2",0.45,3.1016,2.3606,1,1,2026-10-07T01:15:57+02:00
a64fx,simde,128,main_scan_enc,1,"and 2",0.45,3.0864,2.3631,1,1,2026-10-07T01:15:57+02:00
a64fx,simde,128,main_scan_enc,1,"and 2",0.45,3.1027,2.3611,1,1,2026-10-07T01:15:57+02:00
a64fx,simde,128,main_scan_enc,1,"and 2",0.45,3.0908,2.2761,1,1,2026-10-07T01:15:57+02:00
a64fx,simde,128,main_scan_enc,1,"and 2",0.45,3.1027,2.3592,1,1,2026-10-07T01:15:57+02:00
a64fx,simde,128,main_scan_enc,1,"and 3",0.58,2.4253,1.8431,1,1,2026-10-07T01:15:57+02:00
a64fx,simde,128,main_scan_enc,1,"and 3",0.58,2.4224,1.8414,1,1,2026-10-07T01:15:57+02:00
a64fx,simde,128,main_scan_enc,1,"and 3",0.58,2.4196,1.8468,1,1,2026-10-07T01:15:57+02:00
a64fx,simde,128,main_scan_enc,1,"and 3",0.58,2.4262,1.7970,1,1,2026-10-07T01:15:57+02:00
a64fx,simde,128,main_scan_enc,1,"and 3",0.58,2.4253,1.8149,1,1,2026-10-07T01:15:57+02:00
a64fx,simde,128,main_scan_enc,1,"and 1",0.50,4.2689,2.1271,1,1,2026-10-07T01:15:57+02:00
a64fx,simde,128,main_scan_enc,1,"and 1",0.50,4.2662,2.1488,1,1,2026-10-07T01:15:57+02:00
a64fx,simde,128,main_scan_enc,1,"and 1",0.50,4.2693,2.1474,1,1,2026-10-07T01:15:57+02:00
a64fx,simde,128,main_scan_enc,1,"and 1",0.50,4.2624,2.1327,1,1,2026-10-07T01:15:57+02:00
a64fx,simde,128,main_scan_enc,1,"and 1",0.50,3.9881,2.1278,1,1,2026-10-07T01:15:57+02:00
a64fx,simde,128,main_scan_enc,1,"and 2",0.71,3.5731,1.6629,1,1,2026-10-07T01:15:57+02:00
a64fx,simde,128,main_scan_enc,1,"and 2",0.71,3.5798,1.6649,1,1,2026-10-07T01:15:57+02:00
a64fx,simde,128,main_scan_enc,1,"and 2",0.71,3.5662,1.6636,1,1,2026-10-07T01:15:57+02:00
a64fx,simde,128,main_scan_enc,1,"and 2",0.71,3.5475,1.6610,1,1,2026-10-07T01:15:57+02:00
a64fx,simde,128,main_scan_enc,1,"and 2",0.71,3.5529,1.6632,1,1,2026-10-07T01:15:57+02:00
a64fx,simde,128,main_scan_enc,1,"and 3",0.79,3.2248,1.3915,1,1,2026-10-07T01:15:57+02:00
a64fx,simde,128,main_scan_enc,1,"and 3",0.79,3.2072,1.3945,1,1,2026-10-07T01:15:57+02:00
a64fx,simde,128,main_scan_enc,1,"and 3",0.79,3.2289,1.3929,1,1,2026-10-07T01:15:57+02:00
a64fx,simde,128,main_scan_enc,1,"and 3",0.79,3.2138,1.3617,1,1,2026-10-07T01:15:57+02:00
a64fx,simde,128,main_scan_enc,1,"and 3",0.79,3.2197,1.3917,1,1,2026-10-07T01:15:57+02:00
a64fx,simde,128,main_scan_enc,1,"and 1",1.00,16.1522,1.5453,1,1,2026-10-07T01:15:57+02:00
a64fx,simde,128,main_scan_enc,1,"and 1",1.00,16.0917,1.5620,1,1,2026-10-07T01:15:57+02:00
a64fx,simde,128,main_scan_enc,1,"and 1",1.00,16.1258,1.5520,1,1,2026-10-07T01:15:57+02:00
a64fx,simde,128,main_scan_enc,1,"and 1",1.00,16.5554,1.5643,1,1,2026-10-07T01:15:57+02:00
a64fx,simde,128,main_scan_enc,1,"and 1",1.00,16.5316,1.2895,1,1,2026-10-07T01:15:57+02:00
a64fx,simde,128,main_scan_enc,1,"and 2",1.00,9.1666,1.2840,1,1,2026-10-07T01:15:57+02:00
a64fx,simde,128,main_scan_enc,1,"and 2",1.00,9.1368,1.2899,1,1,2026-10-07T01:15:57+02:00
a64fx,simde,128,main_scan_enc,1,"and 2",1.00,9.3833,1.2902,1,1,2026-10-07T01:15:57+02:00
a64fx,simde,128,main_scan_enc,1,"and 2",1.00,9.3977,1.2911,1,1,2026-10-07T01:15:57+02:00
a64fx,simde,128,main_scan_enc,1,"and 2",1.00,9.3252,1.2894,1,1,2026-10-07T01:15:57+02:00
a64fx,simde,128,main_scan_enc,1,"and 3",1.00,6.2330,1.1195,1,1,2026-10-07T01:15:57+02:00
a64fx,simde,128,main_scan_enc,1,"and 3",1.00,6.1874,1.1203,1,1,2026-10-07T01:15:57+02:00
a64fx,simde,128,main_scan_enc,1,"and 3",1.00,6.2180,1.1201,1,1,2026-10-07T01:15:57+02:00
a64fx,simde,128,main_scan_enc,1,"and 3",1.00,6.2114,1.0995,1,1,2026-10-07T01:15:57+02:00
a64fx,simde,128,main_scan_enc,1,"and 3",1.00,6.2328,1.1179,1,1,2026-10-07T01:15:57+02:00
a64fx,simde,256,main_scan_enc,1,"and 1",0.00,17.8159,20.3132,1,1,2026-10-07T01:16:07+02:00
a64fx,simde,256,main_scan_enc,1,"and 1",0.00,18.1204,20.9423,1,1,2026-10-07T01:16:07+02:00
a64fx,simde,256,main_scan_enc,1,"and 1",0.00,17.8302,20.8586,1,1,2026-10-07T01:16:07+02:00
a64fx,simde,256,main_scan_enc,1,"and 1",0.00,14.5348,20.2420,1,1,2026-10-07T01:16:07+02:00
a64fx,simde,256,main_scan_enc,1,"and 1",0.00,18.0442,20.8178,1,1,2026-10-07T01:16:07+02:00
a64fx,simde,256,main_scan_enc,1,"and 2",0.03,13.6874,11.7812,1,1,2026-10-07T01:16:07+02:00
a64fx,simde,256,main_scan_enc,1,"and 2",0.03,13.9834,12.1186,1,1,2026-10-07T01:16:07+02:00
a64fx,simde,256,main_scan_enc,1,"and 2",0.03,14.0529,12.1250,1,1,2026-10-07T01:16:07+02:00
a64fx,simde,256,main_scan_enc,1,"and 2",0.03,13.8029,11.6921,1,1,2026-10-07T01:16:07+02:00
a64fx,simde,256,main_scan_enc,1,"and 2",0.03,13.9861,12.1105,1,1,2026-10-07T01:16:07+02:00
a64fx,simde,256,main_scan_enc,1,"and 3",0.10,7.5446,7.2821,1,1,2026-10-07T01:16:07+02:00
a64fx,simde,256,main_scan_enc,1,"and 3",0.10,7.6097,7.3424,1,1,2026-10-07T01:16:07+02:00
a64fx,simde,256,main_scan_enc,1,"and 3",0.10,7.6896,7.3445,1,1,2026-10-07T01:16:07+02:00
a64fx,simde,256,main_scan_enc,1,"and 3",0.10,7.4643,7.2898,1,1,2026-10-07T01:16:07+02:00
a64fx,simde,256,main_scan_enc,1,"and 3",0.10,7.6305,7.2929,1,1,2026-10-07T01:16:07+02:00
a64fx,simde,256,main_scan_enc,1,"and 1",0.00,17.1416,19.8707,1,1,2026-10-07T01:16:07+02:00
a64fx,simde,256,main_scan_enc,1,"and 1",0.00,16.8522,19.8699,1,1,2026-10-07T01:16:07+02:00
a64fx,simde,256,main_scan_enc,1,"and 1",0.00,16.4865,18.6278,1,1,2026-10-07T01:16:07+02:00
a64fx,simde,256,main_scan_enc,1,"and 1",0.00,17.1639,18.5608,1,1,2026-10-07T01:16:07+02:00
a64fx,simde,256,main_scan_enc,1,"and 1",0.00,17.1914,19.9036,1,1,2026-10-07T01:16:07+02:00
a64fx,simde,256,main_scan_enc,1,"and 2",0.04,12.5927,10.8917,1,1,2026-10-07T01:16:07+02:00
a64fx,simde,256,main_scan_enc,1,"and 2",0.04,12.1989,10.6072,1,1,2026-10-07T01:16:07+02:00
a64fx,simde,256,main_scan_enc,1,"and 2",0.04,12.6009,10.9136,1,1,2026-10-07T01:16:07+02:00
a64fx,simde,256,main_scan_enc,1,"and 2",0.04,12.2690,10.5431,1,1,2026-10-07T01:16:07+02:00
a64fx,simde,256,main_scan_enc,1,"and 2",0.04,12.6019,10.9224,1,1,2026-10-07T01:16:07+02:00
a64fx,simde,256,main_scan_enc,1,"and 3",0.13,6.9270,6.9572,1,1,2026-10-07T01:16:07+02:00
a64fx,simde,256,main_scan_enc,1,"and 3",0.13,6.8651,6.9581,1,1,2026-10-07T01:16:07+02:00
a64fx,simde,256,main_scan_enc,1,"and 3",0.13,6.9952,6.8996,1,1,2026-10-07T01:16:07+02:00
a64fx,simde,256,main_scan_enc,1,"and 3",0.13,7.0108,6.8736,1,1,2026-10-07T01:16:07+02:00
a64fx,simde,256,main_scan_enc,1,"and 3",0.13,6.8367,6.8467,1,1,2026-10-07T01:16:07+02:00
a64fx,simde,256,main_scan_enc,1,"and 1",0.01,15.1470,17.8811,1,1,2026-10-07T01:16:07+02:00
a64fx,simde,256,main_scan_enc,1,"and 1",0.01,14.7533,17.9004,1,1,2026-10-07T01:16:07+02:00
a64fx,simde,256,main_scan_enc,1,"and 1",0.01,14.7710,16.3891,1,1,2026-10-07T01:16:07+02:00
a64fx,simde,256,main_scan_enc,1,"and 1",0.01,15.1572,17.8490,1,1,2026-10-07T01:16:07+02:00
a64fx,simde,256,main_scan_enc,1,"and 1",0.01,15.1387,17.8179,1,1,2026-10-07T01:16:07+02:00
a64fx,simde,256,main_scan_enc,1,"and 2",0.07,10.0375,9.0654,1,1,2026-10-07T01:16:07+02:00
a64fx,simde,256,main_scan_enc,1,"and 2",0.07,10.2243,9.2855,1,1,2026-10-07T01:16:07+02:00
a64fx,simde,256,main_scan_enc,1,"and 2",0.07,9.9856,9.2501,1,1,2026-10-07T01:16:07+02:00
a64fx,simde,256,main_scan_enc,1,"and 2",0.07,10.1331,9.0883,1,1,2026-10-07T01:16:07+02:00
a64fx,simde,256,main_scan_enc,1,"and 2",0.07,9.9552,9.0581,1,1,2026-10-07T01:16:07+02:00
a64fx,simde,256,main_scan_enc,1,"and 3",0.17,5.9816,6.3621,1,1,2026-10-07T01:16:07+02:00
a64fx,simde,256,main_scan_enc,1,"and 3",0.17,6.0280,6.3349,1,1,2026-10-07T01:16:07+02:00
a64fx,simde,256,main_scan_enc,1,"and 3",0.17,6.0284,6.4243,1,1,2026-10-07T01:16:07+02:00
a64fx,simde,256,main_scan_enc,1,"and 3",0.17,6.0157,6.3419,1,1,2026-10-07T01:16:07+02:00
a64fx,simde,256,main_scan_enc,1,"and 3",0.17,6.0599,6.1885,1,1,2026-10-07T01:16:07+02:00
a64fx,simde,256,main_scan_enc,1,"and 1",0.01,13.3289,15.6053,1,1,2026-10-07T01:16:07+02:00
a64fx,simde,256,main_scan_enc,1,"and 1",0.01,13.1175,15.6668,1,1,2026-10-07T01:16:07+02:00
a64fx,simde,256,main_scan_enc,1,"and 1",0.01,13.2730,15.6362,1,1,2026-10-07T01:16:07+02:00
a64fx,simde,256,main_scan_enc,1,"and 1",0.01,13.2597,15.6414,1,1,2026-10-07T01:16:07+02:00
a64fx,simde,256,main_scan_enc,1,"and 1",0.01,12.9185,15.4050,1,1,2026-10-07T01:16:07+02:00
a64fx,simde,256,main_scan_enc,1,"and 2",0.10,8.3845,7.9386,1,1,2026-10-07T01:16:07+02:00
a64fx,simde,256,main_scan_enc,1,"and 2",0.10,8.4060,7.6886,1,1,2026-10-07T01:16:07+02:00
a64fx,simde,256,main_scan_enc,1,"and 2",0.10,8.0843,8.0745,1,1,2026-10-07T01:16:07+02:00
a64fx,simde,256,main_scan_enc,1,"and 2",0.10,8.2923,7.9202,1,1,2026-10-07T01:16:07+02:00
a64fx,simde,256,main_scan_enc,1,"and 2",0.10,8.2183,7.9299,1,1,2026-10-07T01:16:07+02:00
a64fx,simde,256,main_scan_enc,1,"and 3",0.22,5.0419,5.8367,1,1,2026-10-07T01:16:07+02:00
a64fx,simde,256,main_scan_enc,1,"and 3",0.22,5.0493,5.7982,1,1,2026-10-07T01:16:07+02:00
a64fx,simde,256,main_scan_enc,1,"and 3",0.22,5.0732,5.8614,1,1,2026-10-07T01:16:07+02:00
a64fx,simde,256,main_scan_enc,1,"and 3",0.22,4.9898,5.7993,1,1,2026-10-07T01:16:07+02:00
a64fx,simde,256,main_scan_enc,1,"and 3",0.22,5.0532,5.8699,1,1,2026-10-07T01:16:07+02:00
a64fx,simde,256,main_scan_enc,1,"and 1",0.02,12.0077,12.8374,1,1,2026-10-07T01:16:07+02:00
a64fx,simde,256,main_scan_enc,1,"and 1",0.02,11.6041,12.3967,1,1,2026-10-07T01:16:07+02:00
a64fx,simde,256,main_scan_enc,1,"and 1",0.02,12.0072,12.8605,1,1,2026-10-07T01:16:07+02:00
a64fx,simde,256,main_scan_enc,1,"and 1",0.02,12.0170,12.8653,1,1,2026-10-07T01:16:07+02:00
a64fx,simde,256,main_scan_enc,1,"and 1",0.02,12.0101,12.8284,1,1,2026-10-07T01:16:07+02:00
a64fx,simde,256,main_scan_enc,1,"and 2",0.14,6.9309,6.7369,1,1,2026-10-07T01:16:07+02:00
a64fx,simde,256,main_scan_enc,1,"and 2",0.14,6.8050,6.9449,1,1,2026-10-07T01:16:07+02:00
a64fx,simde,256,main_scan_enc,1,"and 2",0.14,6.9259,6.9678,1,1,2026-10-07T01:16:07+02:00
a64fx,simde,256,main_scan_enc,1,"and 2",0.14,6.9005,6.9538,1,1,2026-10-07T01:16:07+02:00
a64fx,simde,256,main_scan_enc,1,"and 2",0.14,6.9244,6.9688,1,1,2026-10-07T01:16:07+02:00
a64fx,simde,256,main_scan_enc,1,"and 3",0.27,4.2886,5.1377,1,1,2026-10-07T01:16:07+02:00
a64fx,simde,256,main_scan_enc,1,"and 3",0.27,4.2818,5.1783,1,1,2026-10-07T01:16:07+02:00
a64fx,simde,256,main_scan_enc,1,"and 3",0.27,4.2729,5.1931,1,1,2026-10-07T01:16:07+02:00
a64fx,simde,256,main_scan_enc,1,"and 3",0.27,4.3021,4.2783,1,1,2026-10-07T01:16:07+02:00
a64fx,simde,256,main_scan_enc,1,"and 3",0.27,4.2886,5.1840,1,1,2026-10-07T01:16:07+02:00
a64fx,simde,256,main_scan_enc,1,"and 1",0.05,12.9871,9.3072,1,1,2026-10-07T01:16:07+02:00
a64fx,simde,256,main_scan_enc,1,"and 1",0.05,12.8350,9.1807,1,1,2026-10-07T01:16:07+02:00
a64fx,simde,256,main_scan_enc,1,"and 1",0.05,13.0194,9.1528,1,1,2026-10-07T01:16:07+02:00
a64fx,simde,256,main_scan_enc,1,"and 1",0.05,13.0335,9.3150,1,1,2026-10-07T01:16:07+02:00
a64fx,simde,256,main_scan_enc,1,"and 1",0.05,13.0163,9.0238,1,1,2026-10-07T01:16:07+02:00
a64fx,simde,256,main_scan_enc,1,"and 2",0.22,5.8824,5.5585,1,1,2026-10-07T01:16:07+02:00
a64fx,simde,256,main_scan_enc,1,"and 2",0.22,5.8171,5.6467,1,1,2026-10-07T01:16:07+02:00
a64fx,simde,256,main_scan_enc,1,"and 2",0.22,5.7593,5.6145,1,1,2026-10-07T01:16:07+02:00
a64fx,simde,256,main_scan_enc,1,"and 2",0.22,5.8098,5.6061,1,1,2026-10-07T01:16:07+02:00
a64fx,simde,256,main_scan_enc,1,"and 2",0.22,5.8400,5.5577,1,1,2026-10-07T01:16:07+02:00
a64fx,simde,256,main_scan_enc,1,"and 3",0.37,3.2497,4.3917,1,1,2026-10-07T01:16:07+02:00
a64fx,simde,256,main_scan_enc,1,"and 3",0.37,3.2094,4.3763,1,1,2026-10-07T01:16:07+02:00
a64fx,simde,256,main_scan_enc,1,"and 3",0.37,3.2149,4.3819,1,1,2026-10-07T01:16:07+02:00
a64fx,simde,256,main_scan_enc,1,"and 3",0.37,3.2027,4.3701,1,1,2026-10-07T01:16:07+02:00
a64fx,simde,256,main_scan_enc,1,"and 3",0.37,3.2327,4.3824,1,1,2026-10-07T01:16:07+02:00
a64fx,simde,256,main_scan_enc,1,"and 1",0.10,10.8268,6.7794,1,1,2026-10-07T01:16:07+02:00
a64fx,simde,256,main_scan_enc,1,"and 1",0.10,10.8285,6.8859,1,1,2026-10-07T01:16:07+02:00
a64fx,simde,256,main_scan_enc,1,"and 1",0.10,10.6009,6.7922,1,1,2026-10-07T01:16:07+02:00
a64fx,simde,256,main_scan_enc,1,"and 1",0.10,10.8156,6.8914,1,1,2026-10-07T01:16:07+02:00
a64fx,simde,256,main_scan_enc,1,"and 1",0.10,10.5446,6.8337,1,1,2026-10-07T01:16:07+02:00
a64fx,simde,256,main_scan_enc,1,"and 2",0.32,4.3695,4.6366,1,1,2026-10-07T01:16:07+02:00
a64fx,simde,256,main_scan_enc,1,"and 2",0.32,4.3579,4.6335,1,1,2026-10-07T01:16:07+02:00
a64fx,simde,256,main_scan_enc,1,"and 2",0.32,4.3877,4.6367,1,1,2026-10-07T01:16:07+02:00
a64fx,simde,256,main_scan_enc,1,"and 2",0.32,4.3630,4.6308,1,1,2026-10-07T01:16:07+02:00
a64fx,simde,256,main_scan_enc,1,"and 2",0.32,4.3780,4.6074,1,1,2026-10-07T01:16:07+02:00
a64fx,simde,256,main_scan_enc,1,"and 3",0.46,2.6129,3.7306,1,1,2026-10-07T01:16:07+02:00
a64fx,simde,256,main_scan_enc,1,"and 3",0.46,2.5985,3.7397,1,1,2026-10-07T01:16:07+02:00
a64fx,simde,256,main_scan_enc,1,"and 3",0.46,2.5888,3.7275,1,1,2026-10-07T01:16:07+02:00
a64fx,simde,256,main_scan_enc,1,"and 3",0.46,2.5096,3.7302,1,1,2026-10-07T01:16:07+02:00
a64fx,simde,256,main_scan_enc,1,"and 3",0.46,2.6044,3.7391,1,1,2026-10-07T01:16:07+02:00
a64fx,simde,256,main_scan_enc,1,"and 1",0.20,7.6119,4.6279,1,1,2026-10-07T01:16:07+02:00
a64fx,simde,256,main_scan_enc,1,"and 1",0.20,7.7191,4.6493,1,1,2026-10-07T01:16:07+02:00
a64fx,simde,256,main_scan_enc,1,"and 1",0.20,7.7193,4.6262,1,1,2026-10-07T01:16:07+02:00
a64fx,simde,256,main_scan_enc,1,"and 1",0.20,7.6503,4.6279,1,1,2026-10-07T01:16:07+02:00
a64fx,simde,256,main_scan_enc,1,"and 1",0.20,7.7242,4.6384,1,1,2026-10-07T01:16:07+02:00
a64fx,simde,256,main_scan_enc,1,"and 2",0.45,3.1034,3.5110,1,1,2026-10-07T01:16:07+02:00
a64fx,simde,256,main_scan_enc,1,"and 2",0.45,3.0843,3.4996,1,1,2026-10-07T01:16:07+02:00
a64fx,simde,256,main_scan_enc,1,"and 2",0.45,3.0915,3.4927,1,1,2026-10-07T01:16:07+02:00
a64fx,simde,256,main_scan_enc,1,"and 2",0.45,3.0993,3.5134,1,1,2026-10-07T01:16:07+02:00
a64fx,simde,256,main_scan_enc,1,"and 2",0.45,3.1011,3.5124,1,1,2026-10-07T01:16:07+02:00
a64fx,simde,256,main_scan_enc,1,"and 3",0.58,2.4353,3.0025,1,1,2026-10-07T01:16:07+02:00
a64fx,simde,256,main_scan_enc,1,"and 3",0.58,2.4292,2.8727,1,1,2026-10-07T01:16:07+02:00
a64fx,simde,256,main_scan_enc,1,"and 3",0.58,2.4292,3.0045,1,1,2026-10-07T01:16:07+02:00
a64fx,simde,256,main_scan_enc,1,"and 3",0.58,2.4279,2.9995,1,1,2026-10-07T01:16:07+02:00
a64fx,simde,256,main_scan_enc,1,"and 3",0.58,2.4348,3.0034,1,1,2026-10-07T01:16:07+02:00
a64fx,simde,256,main_scan_enc,1,"and 1",0.50,4.2678,2.4299,1,1,2026-10-07T01:16:07+02:00
a64fx,simde,256,main_scan_enc,1,"and 1",0.50,4.2636,2.5004,1,1,2026-10-07T01:16:07+02:00
a64fx,simde,256,main_scan_enc,1,"and 1",0.50,4.2666,2.4059,1,1,2026-10-07T01:16:07+02:00
a64fx,simde,256,main_scan_enc,1,"and 1",0.50,4.2739,2.4985,1,1,2026-10-07T01:16:07+02:00
a64fx,simde,256,main_scan_enc,1,"and 1",0.50,4.2755,2.4778,1,1,2026-10-07T01:16:07+02:00
a64fx,simde,256,main_scan_enc,1,"and 2",0.71,3.5671,2.1221,1,1,2026-10-07T01:16:07+02:00
a64fx,simde,256,main_scan_enc,1,"and 2",0.71,3.5499,2.1257,1,1,2026-10-07T01:16:07+02:00
a64fx,simde,256,main_scan_enc,1,"and 2",0.71,3.5721,2.1271,1,1,2026-10-07T01:16:07+02:00
a64fx,simde,256,main_scan_enc,1,"and 2",0.71,3.5714,2.0586,1,1,2026-10-07T01:16:07+02:00
a64fx,simde,256,main_scan_enc,1,"and 2",0.71,3.5410,2.1250,1,1,2026-10-07T01:16:07+02:00
a64fx,simde,256,main_scan_enc,1,"and 3",0.79,3.2391,1.9390,1,1,2026-10-07T01:16:07+02:00
a64fx,simde,256,main_scan_enc,1,"and 3",0.79,3.2418,1.8668,1,1,2026-10-07T01:16:07+02:00
a64fx,simde,256,main_scan_enc,1,"and 3",0.79,3.2265,1.9291,1,1,2026-10-07T01:16:07+02:00
a64fx,simde,256,main_scan_enc,1,"and 3",0.79,3.2077,1.9369,1,1,2026-10-07T01:16:07+02:00
a64fx,simde,256,main_scan_enc,1,"and 3",0.79,3.2188,1.9353,1,1,2026-10-07T01:16:07+02:00
a64fx,simde,256,main_scan_enc,1,"and 1",1.00,16.5250,1.8546,1,1,2026-10-07T01:16:07+02:00
a64fx,simde,256,main_scan_enc,1,"and 1",1.00,16.4917,1.8554,1,1,2026-10-07T01:16:07+02:00
a64fx,simde,256,main_scan_enc,1,"and 1",1.00,16.5164,1.8558,1,1,2026-10-07T01:16:07+02:00
a64fx,simde,256,main_scan_enc,1,"and 1",1.00,16.1671,1.8134,1,1,2026-10-07T01:16:07+02:00
a64fx,simde,256,main_scan_enc,1,"and 1",1.00,16.0365,1.8508,1,1,2026-10-07T01:16:07+02:00
a64fx,simde,256,main_scan_enc,1,"and 2",1.00,8.0652,1.6394,1,1,2026-10-07T01:16:07+02:00
a64fx,simde,256,main_scan_enc,1,"and 2",1.00,9.2399,1.6404,1,1,2026-10-07T01:16:07+02:00
a64fx,simde,256,main_scan_enc,1,"and 2",1.00,9.3929,1.6419,1,1,2026-10-07T01:16:07+02:00
a64fx,simde,256,main_scan_enc,1,"and 2",1.00,9.3924,1.6379,1,1,2026-10-07T01:16:07+02:00
a64fx,simde,256,main_scan_enc,1,"and 2",1.00,9.2015,1.6392,1,1,2026-10-07T01:16:07+02:00
a64fx,simde,256,main_scan_enc,1,"and 3",1.00,6.2812,1.4842,1,1,2026-10-07T01:16:07+02:00
a64fx,simde,256,main_scan_enc,1,"and 3",1.00,6.2073,1.5214,1,1,2026-10-07T01:16:07+02:00
a64fx,simde,256,main_scan_enc,1,"and 3",1.00,6.1966,1.4889,1,1,2026-10-07T01:16:07+02:00
a64fx,simde,256,main_scan_enc,1,"and 3",1.00,6.2325,1.5233,1,1,2026-10-07T01:16:07+02:00
a64fx,simde,256,main_scan_enc,1,"and 3",1.00,6.2349,1.5223,1,1,2026-10-07T01:16:07+02:00
a64fx,simde,512,main_scan_enc,1,"and 1",0.00,18.1504,10.0685,1,1,2026-10-07T01:16:17+02:00
a64fx,simde,512,main_scan_enc,1,"and 1",0.00,18.1350,10.2104,1,1,2026-10-07T01:16:17+02:00
a64fx,simde,512,main_scan_enc,1,"and 1",0.00,17.5240,9.9628,1,1,2026-10-07T01:16:17+02:00
a64fx,simde,512,main_scan_enc,1,"and 1",0.00,18.1553,10.2043,1,1,2026-10-07T01:16:17+02:00
a64fx,simde,512,main_scan_enc,1,"and 1",0.00,18.1510,10.2071,1,1,2026-10-07T01:16:17+02:00
a64fx,simde,512,main_scan_enc,1,"and 2",0.03,13.6256,6.4769,1,1,2026-10-07T01:16:17+02:00
a64fx,simde,512,main_scan_enc,1,"and 2",0.03,13.5984,6.4861,1,1,2026-10-07T01:16:17+02:00
a64fx,simde,512,main_scan_enc,1,"and 2",0.03,14.0318,6.5507,1,1,2026-10-07T01:16:17+02:00
a64fx,simde,512,main_scan_enc,1,"and 2",0.03,14.0447,6.5893,1,1,2026-10-07T01:16:17+02:00
a64fx,simde,512,main_scan_enc,1,"and 2",0.03,13.7173,6.4724,1,1,2026-10-07T01:16:17+02:00
a64fx,simde,512,main_scan_enc,1,"and 3",0.10,7.6841,4.4808,1,1,2026-10-07T01:16:17+02:00
a64fx,simde,512,main_scan_enc,1,"and 3",0.10,7.6185,4.4753,1,1,2026-10-07T01:16:17+02:00
a64fx,simde,512,main_scan_enc,1,"and 3",0.10,7.6957,4.4887,1,1,2026-10-07T01:16:17+02:00
a64fx,simde,512,main_scan_enc,1,"and 3",0.10,7.8054,4.4768,1,1,2026-10-07T01:16:17+02:00
a64fx,simde,512,main_scan_enc,1,"and 3",0.10,7.7427,4.4701,1,1,2026-10-07T01:16:17+02:00
a64fx,simde,512,main_scan_enc,1,"and 1",0.00,16.4719,9.5946,1,1,2026-10-07T01:16:17+02:00
a64fx,simde,512,main_scan_enc,1,"and 1",0.00,17.2288,9.9710,1,1,2026-10-07T01:16:17+02:00
a64fx,simde,512,main_scan_enc,1,"and 1",0.00,16.7014,9.8591,1,1,2026-10-07T01:16:17+02:00
a64fx,simde,512,main_scan_enc,1,"and 1",0.00,17.2344,9.9869,1,1,2026-10-07T01:16:17+02:00
a64fx,simde,512,main_scan_enc,1,"and 1",0.00,17.2237,9.8840,1,1,2026-10-07T01:16:17+02:00
a64fx,simde,512,main_scan_enc,1,"and 2",0.04,12.6480,6.0003,1,1,2026-10-07T01:16:17+02:00
a64fx,simde,512,main_scan_enc,1,"and 2",0.04,12.6664,6.0128,1,1,2026-10-07T01:16:17+02:00
a64fx,simde,512,main_scan_enc,1,"and 2",0.04,12.6270,5.9097,1,1,2026-10-07T01:16:17+02:00
a64fx,simde,512,main_scan_enc,1,"and 2",0.04,12.6532,5.9205,1,1,2026-10-07T01:16:17+02:00
a64fx,simde,512,main_scan_enc,1,"and 2",0.04,12.6723,6.0099,1,1,2026-10-07T01:16:17+02:00
a64fx,simde,512,main_scan_enc,1,"and 3",0.13,6.9593,4.2797,1,1,2026-10-07T01:16:17+02:00
a64fx,simde,512,main_scan_enc,1,"and 3",0.13,6.9571,4.2716,1,1,2026-10-07T01:16:17+02:00
a64fx,simde,512,main_scan_enc,1,"and 3",0.13,6.9528,4.2776,1,1,2026-10-07T01:16:17+02:00
a64fx,simde,512,main_scan_enc,1,"and 3",0.13,6.9609,4.2596,1,1,2026-10-07T01:16:17+02:00
a64fx,simde,512,main_scan_enc,1,"and 3",0.13,6.9471,4.2873,1,1,2026-10-07T01:16:17+02:00
a64fx,simde,512,main_scan_enc,1,"and 1",0.01,15.1995,9.4741,1,1,2026-10-07T01:16:17+02:00
a64fx,simde,512,main_scan_enc,1,"and 1",0.01,15.0334,9.3034,1,1,2026-10-07T01:16:17+02:00
a64fx,simde,512,main_scan_enc,1,"and 1",0.01,15.2118,9.4735,1,1,2026-10-07T01:16:17+02:00
a64fx,simde,512,main_scan_enc,1,"and 1",0.01,15.1832,9.4603,1,1,2026-10-07T01:16:17+02:00
a64fx,simde,512,main_scan_enc,1,"and 1",0.01,15.1786,9.1252,1,1,2026-10-07T01:16:17+02:00
a64fx,simde,512,main_scan_enc,1,"and 2",0.07,10.2128,5.1450,1,1,2026-10-07T01:16:17+02:00
a64fx,simde,512,main_scan_enc,1,"and 2",0.07,9.6942,5.1786,1,1,2026-10-07T01:16:17+02:00
a64fx,simde,512,main_scan_enc,1,"and 2",0.07,9.8866,5.1774,1,1,2026-10-07T01:16:17+02:00
a64fx,simde,512,main_scan_enc,1,"and 2",0.07,10.1223,5.1467,1,1,2026-10-07T01:16:17+02:00
a64fx,simde,512,main_scan_enc,1,"and 2",0.07,9.9553,5.0825,1,1,2026-10-07T01:16:17+02:00
a64fx,simde,512,main_scan_enc,1,"and 3",0.17,6.0299,4.0467,1,1,2026-10-07T01:16:17+02:00
a64fx,simde,512,main_scan_enc,1,"and 3",0.17,6.0239,3.9889,1,1,2026-10-07T01:16:17+02:00
a64fx,simde,512,main_scan_enc,1,"and 3",0.17,5.9996,4.0203,1,1,2026-10-07T01:16:17+02:00
a64fx,simde,512,main_scan_enc,1,"and 3",0.17,6.0930,4.0363,1,1,2026-10-07T01:16:17+02:00
a64fx,simde,512,main_scan_enc,1,"and 3",0.17,6.0959,4.0397,1,1,2026-10-07T01:16:17+02:00
a64fx,simde,512,main_scan_enc,1,"and 1",0.01,13.0586,8.3653,1,1,2026-10-07T01:16:17+02:00
a64fx,simde,512,main_scan_enc,1,"and 1",0.01,13.3109,8.6982,1,1,2026-10-07T01:16:17+02:00
a64fx,simde,512,main_scan_enc,1,"and 1",0.01,13.2976,8.8204,1,1,2026-10-07T01:16:17+02:00
a64fx,simde,512,main_scan_enc,1,"and 1",0.01,13.0909,8.5430,1,1,2026-10-07T01:16:17+02:00
a64fx,simde,512,main_scan_enc,1,"and 1",0.01,13.2998,8.6797,1,1,2026-10-07T01:16:17+02:00
a64fx,simde,512,main_scan_enc,1,"and 2",0.10,8.4091,4.6209,1,1,2026-10-07T01:16:17+02:00
a64fx,simde,512,main_scan_enc,1,"and 2",0.10,8.1517,4.5802,1,1,2026-10-07T01:16:17+02:00
a64fx,simde,512,main_scan_enc,1,"and 2",0.10,8.2198,4.5259,1,1,2026-10-07T01:16:17+02:00
a64fx,simde,512,main_scan_enc,1,"and 2",0.10,8.4016,4.6467,1,1,2026-10-07T01:16:17+02:00
a64fx,simde,512,main_scan_enc,1,"and 2",0.10,8.4012,4.6340,1,1,2026-10-07T01:16:17+02:00
a64fx,simde,512,main_scan_enc,1,"and 3",0.22,5.0703,3.8360,1,1,2026-10-07T01:16:17+02:00
a64fx,simde,512,main_scan_enc,1,"and 3",0.22,5.1073,3.8489,1,1,2026-10-07T01:16:17+02:00
a64fx,simde,512,main_scan_enc,1,"and 3",0.22,5.0888,3.8053,1,1,2026-10-07T01:16:17+02:00
a64fx,simde,512,main_scan_enc,1,"and 3",0.22,5.0905,3.8453,1,1,2026-10-07T01:16:17+02:00
a64fx,simde,512,main_scan_enc,1,"and 3",0.22,5.0958,3.8403,1,1,2026-10-07T01:16:17+02:00
a64fx,simde,512,main_scan_enc,1,"and 1",0.02,11.7322,7.6524,1,1,2026-10-07T01:16:17+02:00
a64fx,simde,512,main_scan_enc,1,"and 1",0.02,11.9948,7.9087,1,1,2026-10-07T01:16:17+02:00
a64fx,simde,512,main_scan_enc,1,"and 1",0.02,11.9600,7.8995,1,1,2026-10-07T01:16:17+02:00
a64fx,simde,512,main_scan_enc,1,"and 1",0.02,11.7486,7.7267,1,1,2026-10-07T01:16:17+02:00
a64fx,simde,512,main_scan_enc,1,"and 1",0.02,12.0045,7.7275,1,1,2026-10-07T01:16:17+02:00
a64fx,simde,512,main_scan_enc,1,"and 2",0.14,6.9993,4.1487,1,1,2026-10-07T01:16:17+02:00
a64fx,simde,512,main_scan_enc,1,"and 2",0.14,6.9524,4.1507,1,1,2026-10-07T01:16:17+02:00
a64fx,simde,512,main_scan_enc,1,"and 2",0.14,6.8984,4.1253,1,1,2026-10-07T01:16:17+02:00
a64fx,simde,512,main_scan_enc,1,"and 2",0.14,6.9939,4.1543,1,1,2026-10-07T01:16:17+02:00
a64fx,simde,512,main_scan_enc,1,"and 2",0.14,6.8997,4.1566,1,1,2026-10-07T01:16:17+02:00
a64fx,simde,512,main_scan_enc,1,"and 3",0.27,4.2994,3.5423,1,1,2026-10-07T01:16:17+02:00
a64fx,simde,512,main_scan_enc,1,"and 3",0.27,2.4086,3.5947,1,1,2026-10-07T01:16:17+02:00
a64fx,simde,512,main_scan_enc,1,"and 3",0.27,2.1754,3.5850,1,1,2026-10-07T01:16:17+02:00
a64fx,simde,512,main_scan_enc,1,"and 3",0.27,1.5947,1.8088,1,1,2026-10-07T01:16:17+02:00
a64fx,simde,512,main_scan_enc,1,"and 3",0.27,1.5924,3.6036,1,1,2026-10-07T01:16:17+02:00
a64fx,simde,512,main_scan_enc,1,"and 1",0.05,3.2966,6.3897,1,1,2026-10-07T01:16:17+02:00
a64fx,simde,512,main_scan_enc,1,"and 1",0.05,3.4087,6.3853,1,1,2026-10-07T01:16:17+02:00
a64fx,simde,512,main_scan_enc,1,"and 1",0.05,6.6228,6.3859,1,1,2026-10-07T01:16:17+02:00
a64fx,simde,512,main_scan_enc,1,"and 1",0.05,1.5307,3.2094,1,1,2026-10-07T01:16:17+02:00
a64fx,simde,512,main_scan_enc,1,"and 1",0.05,12.9995,6.3989,1,1,2026-10-07T01:16:17+02:00
a64fx,simde,512,main_scan_enc,1,"and 2",0.22,2.9762,1.8249,1,1,2026-10-07T01:16:17+02:00
a64fx,simde,512,main_scan_enc,1,"and 2",0.22,5.8580,1.8098,1,1,2026-10-07T01:16:17+02:00
a64fx,simde,512,main_scan_enc,1,"and 2",0.22,5.9206,1.1474,1,1,2026-10-07T01:16:17+02:00
a64fx,simde,512,main_scan_enc,1,"and 2",0.22,5.9160,3.4067,1,1,2026-10-07T01:16:17+02:00
a64fx,simde,512,main_scan_enc,1,"and 2",0.22,5.8881,3.6021,1,1,2026-10-07T01:16:17+02:00
a64fx,simde,512,main_scan_enc,1,"and 3",0.37,3.2880,3.2301,1,1,2026-10-07T01:16:17+02:00
a64fx,simde,512,main_scan_enc,1,"and 3",0.37,3.2066,3.2260,1,1,2026-10-07T01:16:17+02:00
a64fx,simde,512,main_scan_enc,1,"and 3",0.37,3.1769,3.2196,1,1,2026-10-07T01:16:17+02:00
a64fx,simde,512,main_scan_enc,1,"and 3",0.37,3.2077,3.2109,1,1,2026-10-07T01:16:17+02:00
a64fx,simde,512,main_scan_enc,1,"and 3",0.37,3.1997,3.2086,1,1,2026-10-07T01:16:17+02:00
a64fx,simde,512,main_scan_enc,1,"and 1",0.10,10.8033,5.1519,1,1,2026-10-07T01:16:17+02:00
a64fx,simde,512,main_scan_enc,1,"and 1",0.10,10.8116,5.1441,1,1,2026-10-07T01:16:17+02:00
a64fx,simde,512,main_scan_enc,1,"and 1",0.10,10.8243,5.1734,1,1,2026-10-07T01:16:17+02:00
a64fx,simde,512,main_scan_enc,1,"and 1",0.10,10.5428,5.1297,1,1,2026-10-07T01:16:17+02:00
a64fx,simde,512,main_scan_enc,1,"and 1",0.10,10.5439,5.1129,1,1,2026-10-07T01:16:17+02:00
a64fx,simde,512,main_scan_enc,1,"and 2",0.32,4.3631,3.1681,1,1,2026-10-07T01:16:17+02:00
a64fx,simde,512,main_scan_enc,1,"and 2",0.32,4.3835,3.1758,1,1,2026-10-07T01:16:17+02:00
a64fx,simde,512,main_scan_enc,1,"and 2",0.32,4.3440,3.1850,1,1,2026-10-07T01:16:17+02:00
a64fx,simde,512,main_scan_enc,1,"and 2",0.32,4.3631,3.1973,1,1,2026-10-07T01:16:17+02:00
a64fx,simde,512,main_scan_enc,1,"and 2",0.32,4.3652,3.1694,1,1,2026-10-07T01:16:17+02:00
a64fx,simde,512,main_scan_enc,1,"and 3",0.46,2.6159,2.8733,1,1,2026-10-07T01:16:17+02:00
a64fx,simde,512,main_scan_enc,1,"and 3",0.46,2.5066,2.8916,1,1,2026-10-07T01:16:17+02:00
a64fx,simde,512,main_scan_enc,1,"and 3",0.46,2.5730,2.8783,1,1,2026-10-07T01:16:17+02:00
a64fx,simde,512,main_scan_enc,1,"and 3",0.46,2.5973,2.8810,1,1,2026-10-07T01:16:17+02:00
a64fx,simde,512,main_scan_enc,1,"and 3",0.46,2.5880,2.8923,1,1,2026-10-07T01:16:17+02:00
a64fx,simde,512,main_scan_enc,1,"and 1",0.20,7.7216,3.8332,1,1,2026-10-07T01:16:17+02:00
a64fx,simde,512,main_scan_enc,1,"and 1",0.20,7.6373,3.8160,1,1,2026-10-07T01:16:17+02:00
a64fx,simde,512,main_scan_enc,1,"and 1",0.20,7.7214,3.8228,1,1,2026-10-07T01:16:17+02:00
a64fx,simde,512,main_scan_enc,1,"and 1",0.20,7.6732,3.8404,1,1,2026-10-07T01:16:17+02:00
a64fx,simde,512,main_scan_enc,1,"and 1",0.20,7.6190,3.8396,1,1,2026-10-07T01:16:17+02:00
a64fx,simde,512,main_scan_enc,1,"and 2",0.45,3.0773,2.6159,1,1,2026-10-07T01:16:17+02:00
a64fx,simde,512,main_scan_enc,1,"and 2",0.45,3.0884,2.6207,1,1,2026-10-07T01:16:17+02:00
a64fx,simde,512,main_scan_enc,1,"and 2",0.45,3.0907,2.5549,1,1,2026-10-07T01:16:17+02:00
a64fx,simde,512,main_scan_enc,1,"and 2",0.45,3.1049,2.5592,1,1,2026-10-07T01:16:17+02:00
a64fx,simde,512,main_scan_enc,1,"and 2",0.45,3.1023,2.6201,1,1,2026-10-07T01:16:17+02:00
a64fx,simde,512,main_scan_enc,1,"and 3",0.58,2.4253,2.2590,1,1,2026-10-07T01:16:17+02:00
a64fx,simde,512,main_scan_enc,1,"and 3",0.58,2.4216,2.4384,1,1,2026-10-07T01:16:17+02:00
a64fx,simde,512,main_scan_enc,1,"and 3",0.58,2.4333,2.4285,1,1,2026-10-07T01:16:17+02:00
a64fx,simde,512,main_scan_enc,1,"and 3",0.58,2.4300,2.4368,1,1,2026-10-07T01:16:17+02:00
a64fx,simde,512,main_scan_enc,1,"and 3",0.58,2.4339,2.3655,1,1,2026-10-07T01:16:17+02:00
a64fx,simde,512,main_scan_enc,1,"and 1",0.50,4.2807,2.3865,1,1,2026-10-07T01:16:17+02:00
a64fx,simde,512,main_scan_enc,1,"and 1",0.50,4.2602,2.3869,1,1,2026-10-07T01:16:17+02:00
a64fx,simde,512,main_scan_enc,1,"and 1",0.50,4.2565,2.3524,1,1,2026-10-07T01:16:17+02:00
a64fx,simde,512,main_scan_enc,1,"and 1",0.50,4.2375,2.3563,1,1,2026-10-07T01:16:17+02:00
a64fx,simde,512,main_scan_enc,1,"and 1",0.50,4.2741,2.3842,1,1,2026-10-07T01:16:17+02:00
a64fx,simde,512,main_scan_enc,1,"and 2",0.71,3.5646,1.8500,1,1,2026-10-07T01:16:17+02:00
a64fx,simde,512,main_scan_enc,1,"and 2",0.71,3.5425,1.8513,1,1,2026-10-07T01:16:17+02:00
a64fx,simde,512,main_scan_enc,1,"and 2",0.71,3.5493,1.8509,1,1,2026-10-07T01:16:17+02:00
a64fx,simde,512,main_scan_enc,1,"and 2",0.71,3.5794,1.8562,1,1,2026-10-07T01:16:17+02:00
a64fx,simde,512,main_scan_enc,1,"and 2",0.71,3.5710,1.8521,1,1,2026-10-07T01:16:17+02:00
a64fx,simde,512,main_scan_enc,1,"and 3",0.79,3.2143,1.7618,1,1,2026-10-07T01:16:17+02:00
a64fx,simde,512,main_scan_enc,1,"and 3",0.79,3.2289,1.7574,1,1,2026-10-07T01:16:17+02:00
a64fx,simde,512,main_scan_enc,1,"and 3",0.79,3.2207,1.7664,1,1,2026-10-07T01:16:17+02:00
a64fx,simde,512,main_scan_enc,1,"and 3",0.79,3.2339,1.7603,1,1,2026-10-07T01:16:17+02:00
a64fx,simde,512,main_scan_enc,1,"and 3",0.79,3.2351,1.7633,1,1,2026-10-07T01:16:17+02:00
a64fx,simde,512,main_scan_enc,1,"and 1",1.00,16.5166,2.4227,1,1,2026-10-07T01:16:17+02:00
a64fx,simde,512,main_scan_enc,1,"and 1",1.00,16.5126,1.6979,1,1,2026-10-07T01:16:17+02:00
a64fx,simde,512,main_scan_enc,1,"and 1",1.00,16.5033,2.4302,1,1,2026-10-07T01:16:17+02:00
a64fx,simde,512,main_scan_enc,1,"and 1",1.00,16.4988,2.4211,1,1,2026-10-07T01:16:17+02:00
a64fx,simde,512,main_scan_enc,1,"and 1",1.00,16.1498,2.4246,1,1,2026-10-07T01:16:17+02:00
a64fx,simde,512,main_scan_enc,1,"and 2",1.00,9.0746,1.8803,1,1,2026-10-07T01:16:17+02:00
a64fx,simde,512,main_scan_enc,1,"and 2",1.00,9.1038,1.8779,1,1,2026-10-07T01:16:17+02:00
a64fx,simde,512,main_scan_enc,1,"and 2",1.00,9.4122,1.8821,1,1,2026-10-07T01:16:17+02:00
a64fx,simde,512,main_scan_enc,1,"and 2",1.00,9.3963,1.8807,1,1,2026-10-07T01:16:17+02:00
a64fx,simde,512,main_scan_enc,1,"and 2",1.00,9.3094,1.8837,1,1,2026-10-07T01:16:17+02:00
a64fx,simde,512,main_scan_enc,1,"and 3",1.00,6.1846,1.7675,1,1,2026-10-07T01:16:17+02:00
a64fx,simde,512,main_scan_enc,1,"and 3",1.00,6.2046,1.7780,1,1,2026-10-07T01:16:17+02:00
a64fx,simde,512,main_scan_enc,1,"and 3",1.00,6.1970,1.7814,1,1,2026-10-07T01:16:17+02:00
a64fx,simde,512,main_scan_enc,1,"and 3",1.00,6.2841,1.7769,1,1,2026-10-07T01:16:17+02:00
a64fx,simde,512,main_scan_enc,1,"and 3",1.00,6.2239,1.7481,1,1,2026-10-07T01:16:17+02:00
a64fx,simde,128,main_gather,1,"gather_byte",100.00,0.063493,0.063493,1,1,2026-10-07T01:17:01+02:00
a64fx,simde,128,main_gather,1,"gather_short",100.00,0.045958,0.045958,1,1,2026-10-07T01:17:01+02:00
a64fx,simde,128,main_gather,1,"gather_int",100.00,0.065505,0.065505,1,1,2026-10-07T01:17:01+02:00
a64fx,simde,128,main_gather,1,"gather_long",100.00,0.060309,0.060309,1,1,2026-10-07T01:17:01+02:00
a64fx,simde,128,main_gather,1,"gather_char",100.00,0.008186,0.008186,1,1,2026-10-07T01:17:01+02:00
a64fx,simde,128,main_gather,1,"gather_encoded",100.00,0.034080,0.034080,1,1,2026-10-07T01:17:01+02:00
a64fx,simde,128,main_gather,1,"copy_encoded",100.00,0.242642,0.242642,1,1,2026-10-07T01:17:01+02:00
a64fx,simde,256,main_gather,1,"gather_byte",100.00,0.058183,0.058183,1,1,2026-10-07T01:21:48+02:00
a64fx,simde,256,main_gather,1,"gather_short",100.00,0.059480,0.059480,1,1,2026-10-07T01:21:48+02:00
a64fx,simde,256,main_gather,1,"gather_int",100.00,0.066355,0.066355,1,1,2026-10-07T01:21:48+02:00
a64fx,simde,256,main_gather,1,"gather_long",100.00,0.067365,0.067365,1,1,2026-10-07T01:21:48+02:00
a64fx,simde,256,main_gather,1,"gather_char",100.00,0.007052,0.007052,1,1,2026-10-07T01:21:48+02:00
a64fx,simde,256,main_gather,1,"gather_encoded",100.00,0.050547,0.050547,1,1,2026-10-07T01:21:48+02:00
a64fx,simde,256,main_gather,1,"copy_encoded",100.00,0.581109,0.581109,1,1,2026-10-07T01:21:48+02:00
a64fx,simde,512,main_gather,1,"gather_byte",100.00,0.055026,0.055026,1,1,2026-10-07T01:26:30+02:00
a64fx,simde,512,main_gather,1,"gather_short",100.00,0.047379,0.047379,1,1,2026-10-07T01:26:30+02:00
a64fx,simde,512,main_gather,1,"gather_int",100.00,0.053685,0.053685,1,1,2026-10-07T01:26:30+02:00
a64fx,simde,512,main_gather,1,"gather_long",100.00,0.050575,0.050575,1,1,2026-10-07T01:26:30+02:00
a64fx,simde,512,main_gather,1,"gather_char",100.00,0.015070,0.015070,1,1,2026-10-07T01:26:30+02:00
a64fx,simde,512,main_gather,1,"gather_encoded",100.00,0.025420,0.025420,1,1,2026-10-07T01:26:30+02:00
a64fx,simde,512,main_gather,1,"copy_encoded",100.00,0.433869,0.433869,1,1,2026-10-07T01:26:30+02:00
a64fx,simde,128,main_hash,1,"jenkins_hash",100.00,0.003744,0.003744,1,1,2026-10-07T01:45:19+02:00
a64fx,simde,128,main_hash,1,"fnv_hash",100.00,0.005021,0.005021,1,1,2026-10-07T01:45:19+02:00
a64fx,simde,128,main_hash,1,"murmur_hash",100.00,0.009714,0.009714,1,1,2026-10-07T01:45:19+02:00
a64fx,simde,256,main_hash,1,"jenkins_hash",100.00,0.003962,0.003962,1,1,2026-10-07T01:46:55+02:00
a64fx,simde,256,main_hash,1,"fnv_hash",100.00,0.005113,0.005113,1,1,2026-10-07T01:46:55+02:00
a64fx,simde,256,main_hash,1,"murmur_hash",100.00,0.010493,0.010493,1,1,2026-10-07T01:46:55+02:00
a64fx,simde,512,main_hash,1,"jenkins_hash",100.00,0.002699,0.002699,1,1,2026-10-07T01:48:31+02:00
a64fx,simde,512,main_hash,1,"fnv_hash",100.00,0.001929,0.001929,1,1,2026-10-07T01:48:31+02:00
a64fx,simde,512,main_hash,1,"murmur_hash",100.00,0.002781,0.002781,1,1,2026-10-07T01:48:31+02:00
a64fx,simde,128,main_select,1,"select_byte",100.00,0.384552,0.384552,1,1,2026-10-07T01:55:01+02:00
a64fx,simde,128,main_select,1,"select_short",100.00,0.410955,0.410955,1,1,2026-10-07T01:55:01+02:00
a64fx,simde,128,main_select,1,"select_int",100.00,0.458101,0.458101,1,1,2026-10-07T01:55:01+02:00
a64fx,simde,128,main_select,1,"select_long",100.00,0.175484,0.175484,1,1,2026-10-07T01:55:01+02:00
a64fx,simde,128,main_select,1,"select_float",100.00,0.423313,0.423313,1,1,2026-10-07T01:55:01+02:00
a64fx,simde,128,main_select,1,"select_double",100.00,0.152008,0.152008,1,1,2026-10-07T01:55:01+02:00
a64fx,simde,128,main_select,1,"select_char",100.00,0.026400,0.026400,1,1,2026-10-07T01:55:01+02:00
a64fx,simde,128,main_select,1,"select_encoded",100.00,0.169895,0.169895,1,1,2026-10-07T01:55:01+02:00
a64fx,simde,256,main_select,1,"select_byte",100.00,0.417357,0.417357,1,1,2026-10-07T01:57:58+02:00
a64fx,simde,256,main_select,1,"select_short",100.00,0.424235,0.424235,1,1,2026-10-07T01:57:58+02:00
a64fx,simde,256,main_select,1,"select_int",100.00,0.436208,0.436208,1,1,2026-10-07T01:57:58+02:00
a64fx,simde,256,main_select,1,"select_long",100.00,0.086395,0.086395,1,1,2026-10-07T01:57:58+02:00
a64fx,simde,256,main_select,1,"select_float",100.00,0.415961,0.415961,1,1,2026-10-07T01:57:58+02:00
a64fx,simde,256,main_select,1,"select_double",100.00,0.075591,0.075591,1,1,2026-10-07T01:57:58+02:00
a64fx,simde,256,main_select,1,"select_char",100.00,0.015122,0.015122,1,1,2026-10-07T01:57:58+02:00
a64fx,simde,256,main_select,1,"select_encoded",100.00,0.269193,0.269193,1,1,2026-10-07T01:57:58+02:00
a64fx,simde,512,main_select,1,"select_byte",100.00,0.420834,0.420834,1,1,2026-10-07T02:01:39+02:00
a64fx,simde,512,main_select,1,"select_short",100.00,0.435815,0.435815,1,1,2026-10-07T02:01:39+02:00
a64fx,simde,512,main_select,1,"select_int",100.00,0.433862,0.433862,1,1,2026-10-07T02:01:39+02:00
a64fx,simde,512,main_select,1,"select_long",100.00,0.084633,0.084633,1,1,2026-10-07T02:01:39+02:00
a64fx,simde,512,main_select,1,"select_float",100.00,0.402942,0.402942,1,1,2026-10-07T02:01:39+02:00
a64fx,simde,512,main_select,1,"select_double",100.00,0.072691,0.072691,1,1,2026-10-07T02:01:39+02:00
a64fx,simde,512,main_select,1,"select_char",100.00,0.021368,0.021368,1,1,2026-10-07T02:01:39+02:00
a64fx,simde,512,main_select,1,"select_encoded",100.00,0.248649,0.248649,1,1,2026-10-07T02:01:39+02:00
a64fx,simde,128,main_filter,1,"filter_byte_eq",100.00,0.023370,0.023370,1,1,2026-10-07T02:11:08+02:00
a64fx,simde,128,main_filter,1,"filter_byte_lt",100.00,0.014987,0.014987,1,1,2026-10-07T02:11:08+02:00
a64fx,simde,128,main_filter,1,"filter_byte_gt",100.00,0.015042,0.015042,1,1,2026-10-07T02:11:08+02:00
a64fx,simde,128,main_filter,1,"filter_byte_ne",100.00,0.013148,0.013148,1,1,2026-10-07T02:11:08+02:00
a64fx,simde,128,main_filter,1,"filter_byte_le",100.00,0.014998,0.014998,1,1,2026-10-07T02:11:08+02:00
a64fx,simde,128,main_filter,1,"filter_byte_ge",100.00,0.014996,0.014996,1,1,2026-10-07T02:11:08+02:00
a64fx,simde,128,main_filter,1,"filter_short_eq",100.00,0.022418,0.022418,1,1,2026-10-07T02:11:08+02:00
a64fx,simde,128,main_filter,1,"filter_short_lt",100.00,0.014725,0.014725,1,1,2026-10-07T02:11:08+02:00
a64fx,simde,128,main_filter,1,"filter_short_gt",100.00,0.014765,0.014765,1,1,2026-10-07T02:11:08+02:00
a64fx,simde,128,main_filter,1,"filter_short_ne",100.00,0.012033,0.012033,1,1,2026-10-07T02:11:08+02:00
a64fx,simde,128,main_filter,1,"filter_short_le",100.00,0.014621,0.014621,1,1,2026-10-07T02:11:08+02:00
a64fx,simde,128,main_filter,1,"filter_short_ge",100.00,0.014739,0.014739,1,1,2026-10-07T02:11:08+02:00
a64fx,simde,128,main_filter,1,"filter_int_eq",100.00,0.021582,0.021582,1,1,2026-10-07T02:11:08+02:00
a64fx,simde,128,main_filter,1,"filter_int_lt",100.00,0.014378,0.014378,1,1,2026-10-07T02:11:08+02:00
a64fx,simde,128,main_filter,1,"filter_int_gt",100.00,0.014366,0.014366,1,1,2026-10-07T02:11:08+02:00
a64fx,simde,128,main_filter,1,"filter_int_ne",100.00,0.012628,0.012628,1,1,2026-10-07T02:11:08+02:00
a64fx,simde,128,main_filter,1,"filter_int_le",100.00,0.014222,0.014222,1,1,2026-10-07T02:11:08+02:00
a64fx,simde,128,main_filter,1,"filter_int_ge",100.00,0.014429,0.014429,1,1,2026-10-07T02:11:08+02:00
a64fx,simde,128,main_filter,1,"filter_long_eq",100.00,0.004108,0.004108,1,1,2026-10-07T02:11:08+02:00
a64fx,simde,128,main_filter,1,"filter_long_lt",100.00,0.003736,0.003736,1,1,2026-10-07T02:11:08+02:00
a64fx,simde,128,main_filter,1,"filter_long_gt",100.00,0.003725,0.003725,1,1,2026-10-07T02:11:08+02:00
a64fx,simde,128,main_filter,1,"filter_long_ne",100.00,0.003576,0.003576,1,1,2026-10-07T02:11:08+02:00
a64fx,simde,128,main_filter,1,"filter_long_le",100.00,0.003741,0.003741,1,1,2026-10-07T02:11:08+02:00
a64fx,simde,128,main_filter,1,"filter_long_ge",100.00,0.003733,0.003733,1,1,2026-10-07T02:11:08+02:00
a64fx,simde,128,main_filter,1,"filter_float_eq",100.00,0.020472,0.020472,1,1,2026-10-07T02:11:08+02:00
a64fx,simde,128,main_filter,1,"filter_float_lt",100.00,0.013787,0.013787,1,1,2026-10-07T02:11:08+02:00
a64fx,simde,128,main_filter,1,"filter_float_gt",100.00,0.013819,0.013819,1,1,2026-10-07T02:11:08+02:00
a64fx,simde,128,main_filter,1,"filter_float_ne",100.00,0.012068,0.012068,1,1,2026-10-07T02:11:08+02:00
a64fx,simde,128,main_filter,1,"filter_float_le",100.00,0.013882,0.013882,1,1,2026-10-07T02:11:08+02:00
a64fx,simde,128,main_filter,1,"filter_float_ge",100.00,0.013885,0.013885,1,1,2026-10-07T02:11:08+02:00
a64fx,simde,128,main_filter,1,"filter_double_eq",100.00,0.004083,0.004083,1,1,2026-10-07T02:11:08+02:00
a64fx,simde,128,main_filter,1,"filter_double_lt",100.00,0.003718,0.003718,1,1,2026-10-07T02:11:08+02:00
a64fx,simde,128,main_filter,1,"filter_double_gt",100.00,0.003725,0.003725,1,1,2026-10-07T02:11:08+02:00
a64fx,simde,128,main_filter,1,"filter_double_ne",100.00,0.003584,0.003584,1,1,2026-10-07T02:11:08+02:00
a64fx,simde,128,main_filter,1,"filter_double_le",100.00,0.003727,0.003727,1,1,2026-10-07T02:11:08+02:00
a64fx,simde,128,main_filter,1,"filter_double_ge",100.00,0.003722,0.003722,1,1,2026-10-07T02:11:08+02:00
a64fx,simde,128,main_filter,1,"filter_char_eq",100.00,0.003256,0.003256,1,1,2026-10-07T02:11:08+02:00
a64fx,simde,128,main_filter,1,"filter_char_lt",100.00,0.002674,0.002674,1,1,2026-10-07T02:11:08+02:00
a64fx,simde,128,main_filter,1,"filter_char_gt",100.00,0.002666,0.002666,1,1,2026-10-07T02:11:08+02:00
a64fx,simde,128,main_filter,1,"filter_char_ne",100.00,0.003145,0.003145,1,1,2026-10-07T02:11:08+02:00
a64fx,simde,128,main_filter,1,"filter_char_le",100.00,0.002671,0.002671,1,1,2026-10-07T02:11:08+02:00
a64fx,simde,128,main_filter,1,"filter_char_ge",100.00,0.002682,0.002682,1,1,2026-10-07T02:11:08+02:00
a64fx,simde,256,main_filter,1,"filter_byte_eq",100.00,0.020167,0.020167,1,1,2026-10-07T02:13:55+02:00
a64fx,simde,256,main_filter,1,"filter_byte_lt",100.00,0.013490,0.013490,1,1,2026-10-07T02:13:55+02:00
a64fx,simde,256,main_filter,1,"filter_byte_gt",100.00,0.013472,0.013472,1,1,2026-10-07T02:13:55+02:00
a64fx,simde,256,main_filter,1,"filter_byte_ne",100.00,0.012124,0.012124,1,1,2026-10-07T02:13:55+02:00
a64fx,simde,256,main_filter,1,"filter_byte_le",100.00,0.013482,0.013482,1,1,2026-10-07T02:13:55+02:00
a64fx,simde,256,main_filter,1,"filter_byte_ge",100.00,0.013488,0.013488,1,1,2026-10-07T02:13:55+02:00
a64fx,simde,256,main_filter,1,"filter_short_eq",100.00,0.019598,0.019598,1,1,2026-10-07T02:13:55+02:00
a64fx,simde,256,main_filter,1,"filter_short_lt",100.00,0.013061,0.013061,1,1,2026-10-07T02:13:55+02:00
a64fx,simde,256,main_filter,1,"filter_short_gt",100.00,0.013063,0.013063,1,1,2026-10-07T02:13:55+02:00
a64fx,simde,256,main_filter,1,"filter_short_ne",100.00,0.011835,0.011835,1,1,2026-10-07T02:13:55+02:00
a64fx,simde,256,main_filter,1,"filter_short_le",100.00,0.013089,0.013089,1,1,2026-10-07T02:13:55+02:00
a64fx,simde,256,main_filter,1,"filter_short_ge",100.00,0.013088,0.013088,1,1,2026-10-07T02:13:55+02:00
a64fx,simde,256,main_filter,1,"filter_int_eq",100.00,0.018565,0.018565,1,1,2026-10-07T02:13:55+02:00
a64fx,simde,256,main_filter,1,"filter_int_lt",100.00,0.012635,0.012635,1,1,2026-10-07T02:13:55+02:00
a64fx,simde,256,main_filter,1,"filter_int_gt",100.00,0.012591,0.012591,1,1,2026-10-07T02:13:55+02:00
a64fx,simde,256,main_filter,1,"filter_int_ne",100.00,0.011606,0.011606,1,1,2026-10-07T02:13:55+02:00
a64fx,simde,256,main_filter,1,"filter_int_le",100.00,0.012624,0.012624,1,1,2026-10-07T02:13:55+02:00
a64fx,simde,256,main_filter,1,"filter_int_ge",100.00,0.012623,0.012623,1,1,2026-10-07T02:13:55+02:00
a64fx,simde,256,main_filter,1,"filter_long_eq",100.00,0.003854,0.003854,1,1,2026-10-07T02:13:55+02:00
a64fx,simde,256,main_filter,1,"filter_long_lt",100.00,0.003535,0.003535,1,1,2026-10-07T02:13:55+02:00
a64fx,simde,256,main_filter,1,"filter_long_gt",100.00,0.003533,0.003533,1,1,2026-10-07T02:13:55+02:00
a64fx,simde,256,main_filter,1,"filter_long_ne",100.00,0.003451,0.003451,1,1,2026-10-07T02:13:55+02:00
a64fx,simde,256,main_filter,1,"filter_long_le",100.00,0.003530,0.003530,1,1,2026-10-07T02:13:55+02:00
a64fx,simde,256,main_filter,1,"filter_long_ge",100.00,0.003526,0.003526,1,1,2026-10-07T02:13:55+02:00
a64fx,simde,256,main_filter,1,"filter_float_eq",100.00,0.017020,0.017020,1,1,2026-10-07T02:13:55+02:00
a64fx,simde,256,main_filter,1,"filter_float_lt",100.00,0.012091,0.012091,1,1,2026-10-07T02:13:55+02:00
a64fx,simde,256,main_filter,1,"filter_float_gt",100.00,0.012178,0.012178,1,1,2026-10-07T02:13:55+02:00
a64fx,simde,256,main_filter,1,"filter_float_ne",100.00,0.011201,0.011201,1,1,2026-10-07T02:13:55+02:00
a64fx,simde,256,main_filter,1,"filter_float_le",100.00,0.012109,0.012109,1,1,2026-10-07T02:13:55+02:00
a64fx,simde,256,main_filter,1,"filter_float_ge",100.00,0.012159,0.012159,1,1,2026-10-07T02:13:55+02:00
a64fx,simde,256,main_filter,1,"filter_double_eq",100.00,0.003753,0.003753,1,1,2026-10-07T02:13:55+02:00
a64fx,simde,256,main_filter,1,"filter_double_lt",100.00,0.003431,0.003431,1,1,2026-10-07T02:13:55+02:00
a64fx,simde,256,main_filter,1,"filter_double_gt",100.00,0.003427,0.003427,1,1,2026-10-07T02:13:55+02:00
a64fx,simde,256,main_filter,1,"filter_double_ne",100.00,0.003373,0.003373,1,1,2026-10-07T02:13:55+02:00
a64fx,simde,256,main_filter,1,"filter_double_le",100.00,0.003433,0.003433,1,1,2026-10-07T02:13:55+02:00
a64fx,simde,256,main_filter,1,"filter_double_ge",100.00,0.003431,0.003431,1,1,2026-10-07T02:13:55+02:00
a64fx,simde,256,main_filter,1,"filter_char_eq",100.00,0.003180,0.003180,1,1,2026-10-07T02:13:55+02:00
a64fx,simde,256,main_filter,1,"filter_char_lt",100.00,0.002494,0.002494,1,1,2026-10-07T02:13:55+02:00
a64fx,simde,256,main_filter,1,"filter_char_gt",100.00,0.002508,0.002508,1,1,2026-10-07T02:13:55+02:00
a64fx,simde,256,main_filter,1,"filter_char_ne",100.00,0.003091,0.003091,1,1,2026-10-07T02:13:55+02:00
a64fx,simde,256,main_filter,1,"filter_char_le",100.00,0.002516,0.002516,1,1,2026-10-07T02:13:55+02:00
a64fx,simde,256,main_filter,1,"filter_char_ge",100.00,0.002522,0.002522,1,1,2026-10-07T02:13:55+02:00
a64fx,simde,512,main_filter,1,"filter_byte_eq",100.00,0.020587,0.020587,1,1,2026-10-07T02:16:47+02:00
a64fx,simde,512,main_filter,1,"filter_byte_lt",100.00,0.014432,0.014432,1,1,2026-10-07T02:16:47+02:00
a64fx,simde,512,main_filter,1,"filter_byte_gt",100.00,0.014477,0.014477,1,1,2026-10-07T02:16:47+02:00
a64fx,simde,512,main_filter,1,"filter_byte_ne",100.00,0.013964,0.013964,1,1,2026-10-07T02:16:47+02:00
a64fx,simde,512,main_filter,1,"filter_byte_le",100.00,0.014388,0.014388,1,1,2026-10-07T02:16:47+02:00
a64fx,simde,512,main_filter,1,"filter_byte_ge",100.00,0.014565,0.014565,1,1,2026-10-07T02:16:47+02:00
a64fx,simde,512,main_filter,1,"filter_short_eq",100.00,0.019952,0.019952,1,1,2026-10-07T02:16:47+02:00
a64fx,simde,512,main_filter,1,"filter_short_lt",100.00,0.014226,0.014226,1,1,2026-10-07T02:16:47+02:00
a64fx,simde,512,main_filter,1,"filter_short_gt",100.00,0.014185,0.014185,1,1,2026-10-07T02:16:47+02:00
a64fx,simde,512,main_filter,1,"filter_short_ne",100.00,0.013489,0.013489,1,1,2026-10-07T02:16:47+02:00
a64fx,simde,512,main_filter,1,"filter_short_le",100.00,0.014240,0.014240,1,1,2026-10-07T02:16:47+02:00
a64fx,simde,512,main_filter,1,"filter_short_ge",100.00,0.014214,0.014214,1,1,2026-10-07T02:16:47+02:00
a64fx,simde,512,main_filter,1,"filter_int_eq",100.00,0.019013,0.019013,1,1,2026-10-07T02:16:47+02:00
a64fx,simde,512,main_filter,1,"filter_int_lt",100.00,0.013690,0.013690,1,1,2026-10-07T02:16:47+02:00
a64fx,simde,512,main_filter,1,"filter_int_gt",100.00,0.013683,0.013683,1,1,2026-10-07T02:16:47+02:00
a64fx,simde,512,main_filter,1,"filter_int_ne",100.00,0.013203,0.013203,1,1,2026-10-07T02:16:47+02:00
a64fx,simde,512,main_filter,1,"filter_int_le",100.00,0.013643,0.013643,1,1,2026-10-07T02:16:47+02:00
a64fx,simde,512,main_filter,1,"filter_int_ge",100.00,0.013641,0.013641,1,1,2026-10-07T02:16:47+02:00
a64fx,simde,512,main_filter,1,"filter_long_eq",100.00,0.003935,0.003935,1,1,2026-10-07T02:16:47+02:00
a64fx,simde,512,main_filter,1,"filter_long_lt",100.00,0.003644,0.003644,1,1,2026-10-07T02:16:47+02:00
a64fx,simde,512,main_filter,1,"filter_long_gt",100.00,0.003637,0.003637,1,1,2026-10-07T02:16:47+02:00
a64fx,simde,512,main_filter,1,"filter_long_ne",100.00,0.003609,0.003609,1,1,2026-10-07T02:16:47+02:00
a64fx,simde,512,main_filter,1,"filter_long_le",100.00,0.003643,0.003643,1,1,2026-10-07T02:16:47+02:00
a64fx,simde,512,main_filter,1,"filter_long_ge",100.00,0.003646,0.003646,1,1,2026-10-07T02:16:47+02:00
a64fx,simde,512,main_filter,1,"filter_float_eq",100.00,0.018125,0.018125,1,1,2026-10-07T02:16:47+02:00
a64fx,simde,512,main_filter,1,"filter_float_lt",100.00,0.013020,0.013020,1,1,2026-10-07T02:16:47+02:00
a64fx,simde,512,main_filter,1,"filter_float_gt",100.00,0.012982,0.012982,1,1,2026-10-07T02:16:47+02:00
a64fx,simde,512,main_filter,1,"filter_float_ne",100.00,0.012774,0.012774,1,1,2026-10-07T02:16:47+02:00
a64fx,simde,512,main_filter,1,"filter_float_le",100.00,0.013003,0.013003,1,1,2026-10-07T02:16:47+02:00
a64fx,simde,512,main_filter,1,"filter_float_ge",100.00,0.012944,0.012944,1,1,2026-10-07T02:16:47+02:00
a64fx,simde,512,main_filter,1,"filter_double_eq",100.00,0.003845,0.003845,1,1,2026-10-07T02:16:47+02:00
a64fx,simde,512,main_filter,1,"filter_double_lt",100.00,0.003529,0.003529,1,1,2026-10-07T02:16:47+02:00
a64fx,simde,512,main_filter,1,"filter_double_gt",100.00,0.003534,0.003534,1,1,2026-10-07T02:16:47+02:00
a64fx,simde,512,main_filter,1,"filter_double_ne",100.00,0.003514,0.003514,1,1,2026-10-07T02:16:47+02:00
a64fx,simde,512,main_filter,1,"filter_double_le",100.00,0.003533,0.003533,1,1,2026-10-07T02:16:47+02:00
a64fx,simde,512,main_filter,1,"filter_double_ge",100.00,0.003533,0.003533,1,1,2026-10-07T02:16:47+02:00
a64fx,simde,512,main_filter,1,"filter_char_eq",100.00,0.003196,0.003196,1,1,2026-10-07T02:16:47+02:00
a64fx,simde,512,main_filter,1,"filter_char_lt",100.00,0.002697,0.002697,1,1,2026-10-07T02:16:47+02:00
a64fx,simde,512,main_filter,1,"filter_char_gt",100.00,0.002696,0.002696,1,1,2026-10-07T02:16:47+02:00
a64fx,simde,512,main_filter,1,"filter_char_ne",100.00,0.003141,0.003141,1,1,2026-10-07T02:16:47+02:00
a64fx,simde,512,main_filter,1,"filter_char_le",100.00,0.002716,0.002716,1,1,2026-10-07T02:16:47+02:00
a64fx,simde,512,main_filter,1,"filter_char_ge",100.00,0.002712,0.002712,1,1,2026-10-07T02:16:47+02:00
a64fx,simde,128,main_shuffle,1,"shuffle_offset",100.00,0.020667,0.020667,1,1,2026-10-07T02:27:21+02:00
a64fx,simde,128,main_shuffle,1,"shuffle_byte",100.00,0.188876,0.188876,1,1,2026-10-07T02:27:21+02:00
a64fx,simde,128,main_shuffle,1,"flush_byte",100.00,636.059567,636.059567,1,1,2026-10-07T02:27:21+02:00
a64fx,simde,128,main_shuffle,1,"shuffle_short",100.00,0.143909,0.143909,1,1,2026-10-07T02:27:21+02:00
a64fx,simde,128,main_shuffle,1,"flush_short",100.00,631.291993,631.291993,1,1,2026-10-07T02:27:21+02:00
a64fx,simde,128,main_shuffle,1,"shuffle_int",100.00,0.119988,0.119988,1,1,2026-10-07T02:27:21+02:00
a64fx,simde,128,main_shuffle,1,"flush_int",100.00,709.432022,709.432022,1,1,2026-10-07T02:27:21+02:00
a64fx,simde,128,main_shuffle,1,"shuffle_long",100.00,0.085070,0.085070,1,1,2026-10-07T02:27:21+02:00
a64fx,simde,128,main_shuffle,1,"flush_long",100.00,809.539287,809.539287,1,1,2026-10-07T02:27:21+02:00
a64fx,simde,128,main_shuffle,1,"shuffle_char",100.00,0.008100,0.008100,1,1,2026-10-07T02:27:21+02:00
a64fx,simde,128,main_shuffle,1,"flush_char",100.00,621.845577,621.845577,1,1,2026-10-07T02:27:21+02:00
a64fx,simde,256,main_shuffle,1,"shuffle_offset",100.00,0.017511,0.017511,1,1,2026-10-07T02:35:25+02:00
a64fx,simde,256,main_shuffle,1,"shuffle_byte",100.00,0.168919,0.168919,1,1,2026-10-07T02:35:25+02:00
a64fx,simde,256,main_shuffle,1,"flush_byte",100.00,614.910424,614.910424,1,1,2026-10-07T02:35:25+02:00
a64fx,simde,256,main_shuffle,1,"shuffle_short",100.00,0.137194,0.137194,1,1,2026-10-07T02:35:25+02:00
a64fx,simde,256,main_shuffle,1,"flush_short",100.00,652.911582,652.911582,1,1,2026-10-07T02:35:25+02:00
a64fx,simde,256,main_shuffle,1,"shuffle_int",100.00,0.135854,0.135854,1,1,2026-10-07T02:35:25+02:00
a64fx,simde,256,main_shuffle,1,"flush_int",100.00,682.777796,682.777796,1,1,2026-10-07T02:35:25+02:00
a64fx,simde,256,main_shuffle,1,"shuffle_long",100.00,0.089732,0.089732,1,1,2026-10-07T02:35:25+02:00
a64fx,simde,256,main_shuffle,1,"flush_long",100.00,827.589037,827.589037,1,1,2026-10-07T02:35:25+02:00
a64fx,simde,256,main_shuffle,1,"shuffle_char",100.00,0.008732,0.008732,1,1,2026-10-07T02:35:25+02:00
a64fx,simde,256,main_shuffle,1,"flush_char",100.00,602.312163,602.312163,1,1,2026-10-07T02:35:25+02:00
a64fx,simde,512,main_shuffle,1,"shuffle_offset",100.00,0.016178,0.016178,1,1,2026-10-07T02:43:30+02:00
a64fx,simde,512,main_shuffle,1,"shuffle_byte",100.00,0.174032,0.174032,1,1,2026-10-07T02:43:30+02:00
a64fx,simde,512,main_shuffle,1,"flush_byte",100.00,584.563839,584.563839,1,1,2026-10-07T02:43:30+02:00
a64fx,simde,512,main_shuffle,1,"shuffle_short",100.00,0.126842,0.126842,1,1,2026-10-07T02:43:30+02:00
a64fx,simde,512,main_shuffle,1,"flush_short",100.00,618.446476,618.446476,1,1,2026-10-07T02:43:30+02:00
a64fx,simde,512,main_shuffle,1,"shuffle_int",100.00,0.117525,0.117525,1,1,2026-10-07T02:43:30+02:00
a64fx,simde,512,main_shuffle,1,"flush_int",100.00,694.421192,694.421192,1,1,2026-10-07T02:43:30+02:00
a64fx,simde,512,main_shuffle,1,"shuffle_long",100.00,0.090224,0.090224,1,1,2026-10-07T02:43:30+02:00
a64fx,simde,512,main_shuffle,1,"flush_long",100.00,810.947971,810.947971,1,1,2026-10-07T02:43:30+02:00
a64fx,simde,512,main_shuffle,1,"shuffle_char",100.00,0.012434,0.012434,1,1,2026-10-07T02:43:30+02:00
a64fx,simde,512,main_shuffle,1,"flush_char",100.00,558.324881,558.324881,1,1,2026-10-07T02:43:30+02:00
a64fx,simde,128,main_expr,1,"expr_float/+",100.00,2.469965,2.469965,1,1,2026-10-07T03:14:09+02:00
a64fx,simde,128,main_expr,1,"expr_float/-",100.00,2.574375,2.574375,1,1,2026-10-07T03:14:09+02:00
a64fx,simde,128,main_expr,1,"expr_float/*",100.00,2.204292,2.204292,1,1,2026-10-07T03:14:09+02:00
a64fx,simde,128,main_expr,1,"expr_float//",100.00,0.245255,0.245255,1,1,2026-10-07T03:14:09+02:00
a64fx,simde,128,main_expr,1,"expr_double/+",100.00,1.240176,1.240176,1,1,2026-10-07T03:14:09+02:00
a64fx,simde,128,main_expr,1,"expr_double/-",100.00,1.285001,1.285001,1,1,2026-10-07T03:14:09+02:00
a64fx,simde,128,main_expr,1,"expr_double/*",100.00,1.108693,1.108693,1,1,2026-10-07T03:14:09+02:00
a64fx,simde,128,main_expr,1,"expr_double//",100.00,0.083296,0.083296,1,1,2026-10-07T03:14:09+02:00
a64fx,simde,128,main_expr,1,"expr_decimal/+",100.00,0.733692,0.733692,1,1,2026-10-07T03:14:09+02:00
a64fx,simde,128,main_expr,1,"expr_decimal/-",100.00,0.762503,0.762503,1,1,2026-10-07T03:14:09+02:00
a64fx,simde,128,main_expr,1,"expr_decimal/*",100.00,0.076769,0.076769,1,1,2026-10-07T03:14:09+02:00
a64fx,simde,128,main_expr,1,"expr_decimal//",100.00,0.036960,0.036960,1,1,2026-10-07T03:14:09+02:00
a64fx,simde,256,main_expr,1,"expr_float/+",100.00,4.099074,4.099074,1,1,2026-10-07T03:14:22+02:00
a64fx,simde,256,main_expr,1,"expr_float/-",100.00,4.438837,4.438837,1,1,2026-10-07T03:14:22+02:00
a64fx,simde,256,main_expr,1,"expr_float/*",100.00,4.439318,4.439318,1,1,2026-10-07T03:14:22+02:00
a64fx,simde,256,main_expr,1,"expr_float//",100.00,0.271541,0.271541,1,1,2026-10-07T03:14:22+02:00
a64fx,simde,256,main_expr,1,"expr_double/+",100.00,1.181010,1.181010,1,1,2026-10-07T03:14:22+02:00
a64fx,simde,256,main_expr,1,"expr_double/-",100.00,1.226114,1.226114,1,1,2026-10-07T03:14:22+02:00
a64fx,simde,256,main_expr,1,"expr_double/*",100.00,1.227646,1.227646,1,1,2026-10-07T03:14:22+02:00
a64fx,simde,256,main_expr,1,"expr_double//",100.00,0.089010,0.089010,1,1,2026-10-07T03:14:22+02:00
a64fx,simde,256,main_expr,1,"expr_decimal/+",100.00,0.808548,0.808548,1,1,2026-10-07T03:14:22+02:00
a64fx,simde,256,main_expr,1,"expr_decimal/-",100.00,0.892569,0.892569,1,1,2026-10-07T03:14:22+02:00
a64fx,simde,256,main_expr,1,"expr_decimal/*",100.00,0.069786,0.069786,1,1,2026-10-07T03:14:22+02:00
a64fx,simde,256,main_expr,1,"expr_decimal//",100.00,0.047222,0.047222,1,1,2026-10-07T03:14:22+02:00
a64fx,simde,512,main_expr,1,"expr_float/+",100.00,4.613070,4.613070,1,1,2026-10-07T03:14:34+02:00
a64fx,simde,512,main_expr,1,"expr_float/-",100.00,5.022460,5.022460,1,1,2026-10-07T03:14:34+02:00
a64fx,simde,512,main_expr,1,"expr_float/*",100.00,5.041223,5.041223,1,1,2026-10-07T03:14:34+02:00
a64fx,simde,512,main_expr,1,"expr_float//",100.00,0.290185,0.290185,1,1,2026-10-07T03:14:34+02:00
a64fx,simde,512,main_expr,1,"expr_double/+",100.00,1.252053,1.252053,1,1,2026-10-07T03:14:34+02:00
a64fx,simde,512,main_expr,1,"expr_double/-",100.00,1.319140,1.319140,1,1,2026-10-07T03:14:34+02:00
a64fx,simde,512,main_expr,1,"expr_double/*",100.00,1.318894,1.318894,1,1,2026-10-07T03:14:34+02:00
a64fx,simde,512,main_expr,1,"expr_double//",100.00,0.092680,0.092680,1,1,2026-10-07T03:14:34+02:00
a64fx,simde,512,main_expr,1,"expr_decimal/+",100.00,1.098652,1.098652,1,1,2026-10-07T03:14:34+02:00
a64fx,simde,512,main_expr,1,"expr_decimal/-",100.00,1.445858,1.445858,1,1,2026-10-07T03:14:34+02:00
a64fx,simde,512,main_expr,1,"expr_decimal/*",100.00,0.038699,0.038699,1,1,2026-10-07T03:14:34+02:00
a64fx,simde,512,main_expr,1,"expr_decimal//",100.00,0.027595,0.027595,1,1,2026-10-07T03:14:34+02:00
a64fx,simde,128,main_part,1,"int * 1 | 2^4",,0.7159,0.7159,1,1,2026-10-07T03:15:53+02:00
a64fx,simde,128,main_part,1,"int * 1 | 2^4",,0.7529,0.7529,1,1,2026-10-07T03:15:53+02:00
a64fx,simde,128,main_part,1,"int * 1 | 2^4",,0.7462,0.7462,1,1,2026-10-07T03:15:53+02:00
a64fx,simde,128,main_part,1,"int * 1 | 2^4",,0.7518,0.7518,1,1,2026-10-07T03:15:53+02:00
a64fx,simde,128,main_part,1,"int * 1 | 2^4",,0.7531,0.7531,1,1,2026-10-07T03:15:53+02:00
a64fx,simde,128,main_part,1,"int * 1 | 2^5",,0.7438,0.7438,1,1,2026-10-07T03:15:53+02:00
a64fx,simde,128,main_part,1,"int * 1 | 2^5",,0.7366,0.7366,1,1,2026-10-07T03:15:53+02:00
a64fx,simde,128,main_part,1,"int * 1 | 2^5",,0.7433,0.7433,1,1,2026-10-07T03:15:53+02:00
a64fx,simde,128,main_part,1,"int * 1 | 2^5",,0.7443,0.7443,1,1,2026-10-07T03:15:53+02:00
a64fx,simde,128,main_part,1,"int * 1 | 2^5",,0.7425,0.7425,1,1,2026-10-07T03:15:53+02:00
a64fx,simde,128,main_part,1,"int * 1 | 2^6",,0.7352,0.7352,1,1,2026-10-07T03:15:53+02:00
a64fx,simde,128,main_part,1,"int * 1 | 2^6",,0.7426,0.7426,1,1,2026-10-07T03:15:53+02:00
a64fx,simde,128,main_part,1,"int * 1 | 2^6",,0.7430,0.7430,1,1,2026-10-07T03:15:53+02:00
a64fx,simde,128,main_part,1,"int * 1 | 2^6",,0.7383,0.7383,1,1,2026-10-07T03:15:53+02:00
a64fx,simde,128,main_part,1,"int * 1 | 2^6",,0.7426,0.7426,1,1,2026-10-07T03:15:53+02:00
a64fx,simde,128,main_part,1,"int * 1 | 2^7",,0.7350,0.7350,1,1,2026-10-07T03:15:53+02:00
a64fx,simde,128,main_part,1,"int * 1 | 2^7",,0.7423,0.7423,1,1,2026-10-07T03:15:53+02:00
a64fx,simde,128,main_part,1,"int * 1 | 2^7",,0.7411,0.7411,1,1,2026-10-07T03:15:53+02:00
a64fx,simde,128,main_part,1,"int * 1 | 2^7",,0.7424,0.7424,1,1,2026-10-07T03:15:53+02:00
a64fx,simde,128,main_part,1,"int * 1 | 2^7",,0.7349,0.7349,1,1,2026-10-07T03:15:53+02:00
a64fx,simde,128,main_part,1,"int * 1 | 2^8",,0.7308,0.7308,1,1,2026-10-07T03:15:53+02:00
a64fx,simde,128,main_part,1,"int * 1 | 2^8",,0.7413,0.7413,1,1,2026-10-07T03:15:53+02:00
a64fx,simde,128,main_part,1,"int * 1 | 2^8",,0.7413,0.7413,1,1,2026-10-07T03:15:53+02:00
a64fx,simde,128,main_part,1,"int * 1 | 2^8",,0.7338,0.7338,1,1,2026-10-07T03:15:53+02:00
a64fx,simde,128,main_part,1,"int * 1 | 2^8",,0.7406,0.7406,1,1,2026-10-07T03:15:53+02:00
a64fx,simde,128,main_part,1,"int * 2 | 2^4",,0.6708,0.6708,1,1,2026-10-07T03:15:53+02:00
a64fx,simde,128,main_part,1,"int * 2 | 2^4",,0.6716,0.6716,1,1,2026-10-07T03:15:53+02:00
a64fx,simde,128,main_part,1,"int * 2 | 2^4",,0.6654,0.6654,1,1,2026-10-07T03:15:53+02:00
a64fx,simde,128,main_part,1,"int * 2 | 2^4",,0.6717,0.6717,1,1,2026-10-07T03:15:53+02:00
a64fx,simde,128,main_part,1,"int * 2 | 2^4",,0.6681,0.6681,1,1,2026-10-07T03:15:53+02:00
a64fx,simde,128,main_part,1,"int * 2 | 2^5",,0.6609,0.6609,1,1,2026-10-07T03:15:53+02:00
a64fx,simde,128,main_part,1,"int * 2 | 2^5",,0.6567,0.6567,1,1,2026-10-07T03:15:53+02:00
a64fx,simde,128,main_part,1,"int * 2 | 2^5",,0.6608,0.6608,1,1,2026-10-07T03:15:53+02:00
a64fx,simde,128,main_part,1,"int * 2 | 2^5",,0.6623,0.6623,1,1,2026-10-07T03:15:53+02:00
a64fx,simde,128,main_part,1,"int * 2 | 2^5",,0.6616,0.6616,1,1,2026-10-07T03:15:53+02:00
a64fx,simde,128,main_part,1,"int * 2 | 2^6",,0.6539,0.6539,1,1,2026-10-07T03:15:53+02:00
a64fx,simde,128,main_part,1,"int * 2 | 2^6",,0.6577,0.6577,1,1,2026-10-07T03:15:53+02:00
a64fx,simde,128,main_part,1,"int * 2 | 2^6",,0.6584,0.6584,1,1,2026-10-07T03:15:53+02:00
a64fx,simde,128,main_part,1,"int * 2 | 2^6",,0.6593,0.6593,1,1,2026-10-07T03:15:53+02:00
a64fx,simde,128,main_part,1,"int * 2 | 2^6",,0.6555,0.6555,1,1,2026-10-07T03:15:53+02:00
a64fx,simde,128,main_part,1,"int * 2 | 2^7",,0.6569,0.6569,1,1,2026-10-07T03:15:53+02:00
a64fx,simde,128,main_part,1,"int * 2 | 2^7",,0.6586,0.6586,1,1,2026-10-07T03:15:53+02:00
a64fx,simde,128,main_part,1,"int * 2 | 2^7",,0.6538,0.6538,1,1,2026-10-07T03:15:53+02:00
a64fx,simde,128,main_part,1,"int * 2 | 2^7",,0.6581,0.6581,1,1,2026-10-07T03:15:53+02:00
a64fx,simde,128,main_part,1,"int * 2 | 2^7",,0.6578,0.6578,1,1,2026-10-07T03:15:53+02:00
a64fx,simde,128,main_part,1,"int * 2 | 2^8",,0.6554,0.6554,1,1,2026-10-07T03:15:53+02:00
a64fx,simde,128,main_part,1,"int * 2 | 2^8",,0.6514,0.6514,1,1,2026-10-07T03:15:53+02:00
a64fx,simde,128,main_part,1,"int * 2 | 2^8",,0.6397,0.6397,1,1,2026-10-07T03:15:53+02:00
a64fx,simde,128,main_part,1,"int * 2 | 2^8",,0.6543,0.6543,1,1,2026-10-07T03:15:53+02:00
a64fx,simde,128,main_part,1,"int * 2 | 2^8",,0.6561,0.6561,1,1,2026-10-07T03:15:53+02:00
a64fx,simde,128,main_part,1,"int * 3 | 2^4",,0.6037,0.6037,1,1,2026-10-07T03:15:53+02:00
a64fx,simde,128,main_part,1,"int * 3 | 2^4",,0.6048,0.6048,1,1,2026-10-07T03:15:53+02:00
a64fx,simde,128,main_part,1,"int * 3 | 2^4",,0.6068,0.6068,1,1,2026-10-07T03:15:53+02:00
a64fx,simde,128,main_part,1,"int * 3 | 2^4",,0.6043,0.6043,1,1,2026-10-07T03:15:53+02:00
a64fx,simde,128,main_part,1,"int * 3 | 2^4",,0.6071,0.6071,1,1,2026-10-07T03:15:53+02:00
a64fx,simde,128,main_part,1,"int * 3 | 2^5",,0.5959,0.5959,1,1,2026-10-07T03:15:53+02:00
a64fx,simde,128,main_part,1,"int * 3 | 2^5",,0.5938,0.5938,1,1,2026-10-07T03:15:53+02:00
a64fx,simde,128,main_part,1,"int * 3 | 2^5",,0.5923,0.5923,1,1,2026-10-07T03:15:53+02:00
a64fx,simde,128,main_part,1,"int * 3 | 2^5",,0.5955,0.5955,1,1,2026-10-07T03:15:53+02:00
a64fx,simde,128,main_part,1,"int * 3 | 2^5",,0.5958,0.5958,1,1,2026-10-07T03:15:53+02:00
a64fx,simde,128,main_part,1,"int * 3 | 2^6",,0.5883,0.5883,1,1,2026-10-07T03:15:53+02:00
a64fx,simde,128,main_part,1,"int * 3 | 2^6",,0.5847,0.5847,1,1,2026-10-07T03:15:53+02:00
a64fx,simde,128,main_part,1,"int * 3 | 2^6",,0.5894,0.5894,1,1,2026-10-07T03:15:53+02:00
a64fx,simde,128,main_part,1,"int * 3 | 2^6",,0.5922,0.5922,1,1,2026-10-07T03:15:53+02:00
a64fx,simde,128,main_part,1,"int * 3 | 2^6",,0.5886,0.5886,1,1,2026-10-07T03:15:53+02:00
a64fx,simde,128,main_part,1,"int * 3 | 2^7",,0.5901,0.5901,1,1,2026-10-07T03:15:53+02:00
a64fx,simde,128,main_part,1,"int * 3 | 2^7",,0.5900,0.5900,1,1,2026-10-07T03:15:53+02:00
a64fx,simde,128,main_part,1,"int * 3 | 2^7",,0.5868,0.5868,1,1,2026-10-07T03:15:53+02:00
a64fx,simde,128,main_part,1,"int * 3 | 2^7",,0.5904,0.5904,1,1,2026-10-07T03:15:53+02:00
a64fx,simde,128,main_part,1,"int * 3 | 2^7",,0.5904,0.5904,1,1,2026-10-07T03:15:53+02:00
a64fx,simde,128,main_part,1,"int * 3 | 2^8",,0.5755,0.5755,1,1,2026-10-07T03:15:53+02:00
a64fx,simde,128,main_part,1,"int * 3 | 2^8",,0.5778,0.5778,1,1,2026-10-07T03:15:53+02:00
a64fx,simde,128,main_part,1,"int * 3 | 2^8",,0.5757,0.5757,1,1,2026-10-07T03:15:53+02:00
a64fx,simde,128,main_part,1,"int * 3 | 2^8",,0.5766,0.5766,1,1,2026-10-07T03:15:53+02:00
a64fx,simde,128,main_part,1,"int * 3 | 2^8",,0.5770,0.5770,1,1,2026-10-07T03:15:53+02:00
a64fx,simde,256,main_part,1,"int * 1 | 2^4",,0.6475,0.6475,1,1,2026-10-07T03:16:00+02:00
a64fx,simde,256,main_part,1,"int * 1 | 2^4",,0.6465,0.6465,1,1,2026-10-07T03:16:00+02:00
a64fx,simde,256,main_part,1,"int * 1 | 2^4",,0.6461,0.6461,1,1,2026-10-07T03:16:00+02:00
a64fx,simde,256,main_part,1,"int * 1 | 2^4",,0.6421,0.6421,1,1,2026-10-07T03:16:00+02:00
a64fx,simde,256,main_part,1,"int * 1 | 2^4",,0.6472,0.6472,1,1,2026-10-07T03:16:00+02:00
a64fx,simde,256,main_part,1,"int * 1 | 2^5",,0.6404,0.6404,1,1,2026-10-07T03:16:00+02:00
a64fx,simde,256,main_part,1,"int * 1 | 2^5",,0.6408,0.6408,1,1,2026-10-07T03:16:00+02:00
a64fx,simde,256,main_part,1,"int * 1 | 2^5",,0.6408,0.6408,1,1,2026-10-07T03:16:00+02:00
a64fx,simde,256,main_part,1,"int * 1 | 2^5",,0.6411,0.6411,1,1,2026-10-07T03:16:00+02:00
a64fx,simde,256,main_part,1,"int * 1 | 2^5",,0.6410,0.6410,1,1,2026-10-07T03:16:00+02:00
a64fx,simde,256,main_part,1,"int * 1 | 2^6",,0.6339,0.6339,1,1,2026-10-07T03:16:00+02:00
a64fx,simde,256,main_part,1,"int * 1 | 2^6",,0.6377,0.6377,1,1,2026-10-07T03:16:00+02:00
a64fx,simde,256,main_part,1,"int * 1 | 2^6",,0.6382,0.6382,1,1,2026-10-07T03:16:00+02:00
a64fx,simde,256,main_part,1,"int * 1 | 2^6",,0.6391,0.6391,1,1,2026-10-07T03:16:00+02:00
a64fx,simde,256,main_part,1,"int * 1 | 2^6",,0.6341,0.6341,1,1,2026-10-07T03:16:00+02:00
a64fx,simde,256,main_part,1,"int * 1 | 2^7",,0.6390,0.6390,1,1,2026-10-07T03:16:00+02:00
a64fx,simde,256,main_part,1,"int * 1 | 2^7",,0.6325,0.6325,1,1,2026-10-07T03:16:00+02:00
a64fx,simde,256,main_part,1,"int * 1 | 2^7",,0.6349,0.6349,1,1,2026-10-07T03:16:00+02:00
a64fx,simde,256,main_part,1,"int * 1 | 2^7",,0.6389,0.6389,1,1,2026-10-07T03:16:00+02:00
a64fx,simde,256,main_part,1,"int * 1 | 2^7",,0.6392,0.6392,1,1,2026-10-07T03:16:00+02:00
a64fx,simde,256,main_part,1,"int * 1 | 2^8",,0.6378,0.6378,1,1,2026-10-07T03:16:00+02:00
a64fx,simde,256,main_part,1,"int * 1 | 2^8",,0.6335,0.6335,1,1,2026-10-07T03:16:00+02:00
a64fx,simde,256,main_part,1,"int * 1 | 2^8",,0.6378,0.6378,1,1,2026-10-07T03:16:00+02:00
a64fx,simde,256,main_part,1,"int * 1 | 2^8",,0.6369,0.6369,1,1,2026-10-07T03:16:00+02:00
a64fx,simde,256,main_part,1,"int * 1 | 2^8",,0.6378,0.6378,1,1,2026-10-07T03:16:00+02:00
a64fx,simde,256,main_part,1,"int * 2 | 2^4",,0.5899,0.5899,1,1,2026-10-07T03:16:00+02:00
a64fx,simde,256,main_part,1,"int * 2 | 2^4",,0.5942,0.5942,1,1,2026-10-07T03:16:00+02:00
a64fx,simde,256,main_part,1,"int * 2 | 2^4",,0.5909,0.5909,1,1,2026-10-07T03:16:00+02:00
a64fx,simde,256,main_part,1,"int * 2 | 2^4",,0.5515,0.5515,1,1,2026-10-07T03:16:00+02:00
a64fx,simde,256,main_part,1,"int * 2 | 2^4",,0.5945,0.5945,1,1,2026-10-07T03:16:00+02:00
a64fx,simde,256,main_part,1,"int * 2 | 2^5",,0.5862,0.5862,1,1,2026-10-07T03:16:00+02:00
a64fx,simde,256,main_part,1,"int * 2 | 2^5",,0.5864,0.5864,1,1,2026-10-07T03:16:00+02:00
a64fx,simde,256,main_part,1,"int * 2 | 2^5",,0.5866,0.5866,1,1,2026-10-07T03:16:00+02:00
a64fx,simde,256,main_part,1,"int * 2 | 2^5",,0.5827,0.5827,1,1,2026-10-07T03:16:00+02:00
a64fx,simde,256,main_part,1,"int * 2 | 2^5",,0.5852,0.5852,1,1,2026-10-07T03:16:00+02:00
a64fx,simde,256,main_part,1,"int * 2 | 2^6",,0.5799,0.5799,1,1,2026-10-07T03:16:00+02:00
a64fx,simde,256,main_part,1,"int * 2 | 2^6",,0.5832,0.5832,1,1,2026-10-07T03:16:00+02:00
a64fx,simde,256,main_part,1,"int * 2 | 2^6",,0.5822,0.5822,1,1,2026-10-07T03:16:00+02:00
a64fx,simde,256,main_part,1,"int * 2 | 2^6",,0.5795,0.5795,1,1,2026-10-07T03:16:00+02:00
a64fx,simde,256,main_part,1,"int * 2 | 2^6",,0.5835,0.5835,1,1,2026-10-07T03:16:00+02:00
a64fx,simde,256,main_part,1,"int * 2 | 2^7",,0.5821,0.5821,1,1,2026-10-07T03:16:00+02:00
a64fx,simde,256,main_part,1,"int * 2 | 2^7",,0.5822,0.5822,1,1,2026-10-07T03:16:00+02:00
a64fx,simde,256,main_part,1,"int * 2 | 2^7",,0.5822,0.5822,1,1,2026-10-07T03:16:00+02:00
a64fx,simde,256,main_part,1,"int * 2 | 2^7",,0.5824,0.5824,1,1,2026-10-07T03:16:00+02:00
a64fx,simde,256,main_part,1,"int * 2 | 2^7",,0.5812,0.5812,1,1,2026-10-07T03:16:00+02:00
a64fx,simde,256,main_part,1,"int * 2 | 2^8",,0.5775,0.5775,1,1,2026-10-07T03:16:00+02:00
a64fx,simde,256,main_part,1,"int * 2 | 2^8",,0.5799,0.5799,1,1,2026-10-07T03:16:00+02:00
a64fx,simde,256,main_part,1,"int * 2 | 2^8",,0.5800,0.5800,1,1,2026-10-07T03:16:00+02:00
a64fx,simde,256,main_part,1,"int * 2 | 2^8",,0.5767,0.5767,1,1,2026-10-07T03:16:00+02:00
a64fx,simde,256,main_part,1,"int * 2 | 2^8",,0.5785,0.5785,1,1,2026-10-07T03:16:00+02:00
a64fx,simde,256,main_part,1,"int * 3 | 2^4",,0.5499,0.5499,1,1,2026-10-07T03:16:00+02:00
a64fx,simde,256,main_part,1,"int * 3 | 2^4",,0.5472,0.5472,1,1,2026-10-07T03:16:00+02:00
a64fx,simde,256,main_part,1,"int * 3 | 2^4",,0.5502,0.5502,1,1,2026-10-07T03:16:00+02:00
a64fx,simde,256,main_part,1,"int * 3 | 2^4",,0.5505,0.5505,1,1,2026-10-07T03:16:00+02:00
a64fx,simde,256,main_part,1,"int * 3 | 2^4",,0.5501,0.5501,1,1,2026-10-07T03:16:00+02:00
a64fx,simde,256,main_part,1,"int * 3 | 2^5",,0.5241,0.5241,1,1,2026-10-07T03:16:00+02:00
a64fx,simde,256,main_part,1,"int * 3 | 2^5",,0.5390,0.5390,1,1,2026-10-07T03:16:00+02:00
a64fx,simde,256,main_part,1,"int * 3 | 2^5",,0.5396,0.5396,1,1,2026-10-07T03:16:00+02:00
a64fx,simde,256,main_part,1,"int * 3 | 2^5",,0.5367,0.5367,1,1,2026-10-07T03:16:00+02:00
a64fx,simde,256,main_part,1,"int * 3 | 2^5",,0.5374,0.5374,1,1,2026-10-07T03:16:00+02:00
a64fx,simde,256,main_part,1,"int * 3 | 2^6",,0.5336,0.5336,1,1,2026-10-07T03:16:00+02:00
a64fx,simde,256,main_part,1,"int * 3 | 2^6",,0.5337,0.5337,1,1,2026-10-07T03:16:00+02:00
a64fx,simde,256,main_part,1,"int * 3 | 2^6",,0.5362,0.5362,1,1,2026-10-07T03:16:00+02:00
a64fx,simde,256,main_part,1,"int * 3 | 2^6",,0.5358,0.5358,1,1,2026-10-07T03:16:00+02:00
a64fx,simde,256,main_part,1,"int * 3 | 2^6",,0.5332,0.5332,1,1,2026-10-07T03:16:00+02:00
a64fx,simde,256,main_part,1,"int * 3 | 2^7",,0.5304,0.5304,1,1,2026-10-07T03:16:00+02:00
a64fx,simde,256,main_part,1,"int * 3 | 2^7",,0.5340,0.5340,1,1,2026-10-07T03:16:00+02:00
a64fx,simde,256,main_part,1,"int * 3 | 2^7",,0.5321,0.5321,1,1,2026-10-07T03:16:00+02:00
a64fx,simde,256,main_part,1,"int * 3 | 2^7",,0.5344,0.5344,1,1,2026-10-07T03:16:00+02:00
a64fx,simde,256,main_part,1,"int * 3 | 2^7",,0.5306,0.5306,1,1,2026-10-07T03:16:00+02:00
a64fx,simde,256,main_part,1,"int * 3 | 2^8",,0.5261,0.5261,1,1,2026-10-07T03:16:00+02:00
a64fx,simde,256,main_part,1,"int * 3 | 2^8",,0.5267,0.5267,1,1,2026-10-07T03:16:00+02:00
a64fx,simde,256,main_part,1,"int * 3 | 2^8",,0.5266,0.5266,1,1,2026-10-07T03:16:00+02:00
a64fx,simde,256,main_part,1,"int * 3 | 2^8",,0.5234,0.5234,1,1,2026-10-07T03:16:00+02:00
a64fx,simde,256,main_part,1,"int * 3 | 2^8",,0.5249,0.5249,1,1,2026-10-07T03:16:00+02:00
a64fx,simde,512,main_part,1,"int * 1 | 2^4",,0.5929,0.5929,1,1,2026-10-07T03:16:09+02:00
a64fx,simde,512,main_part,1,"int * 1 | 2^4",,0.5893,0.5893,1,1,2026-10-07T03:16:09+02:00
a64fx,simde,512,main_part,1,"int * 1 | 2^4",,0.5886,0.5886,1,1,2026-10-07T03:16:09+02:00
a64fx,simde,512,main_part,1,"int * 1 | 2^4",,0.5935,0.5935,1,1,2026-10-07T03:16:09+02:00
a64fx,simde,512,main_part,1,"int * 1 | 2^4",,0.5933,0.5933,1,1,2026-10-07T03:16:09+02:00
a64fx,simde,512,main_part,1,"int * 1 | 2^5",,0.5879,0.5879,1,1,2026-10-07T03:16:09+02:00
a64fx,simde,512,main_part,1,"int * 1 | 2^5",,0.5830,0.5830,1,1,2026-10-07T03:16:09+02:00
a64fx,simde,512,main_part,1,"int * 1 | 2^5",,0.5825,0.5825,1,1,2026-10-07T03:16:09+02:00
a64fx,simde,512,main_part,1,"int * 1 | 2^5",,0.5865,0.5865,1,1,2026-10-07T03:16:09+02:00
a64fx,simde,512,main_part,1,"int * 1 | 2^5",,0.5831,0.5831,1,1,2026-10-07T03:16:09+02:00
a64fx,simde,512,main_part,1,"int * 1 | 2^6",,0.5852,0.5852,1,1,2026-10-07T03:16:09+02:00
a64fx,simde,512,main_part,1,"int * 1 | 2^6",,0.5847,0.5847,1,1,2026-10-07T03:16:09+02:00
a64fx,simde,512,main_part,1,"int * 1 | 2^6",,0.5813,0.5813,1,1,2026-10-07T03:16:09+02:00
a64fx,simde,512,main_part,1,"int * 1 | 2^6",,0.5820,0.5820,1,1,2026-10-07T03:16:09+02:00
a64fx,simde,512,main_part,1,"int * 1 | 2^6",,0.5847,0.5847,1,1,2026-10-07T03:16:09+02:00
a64fx,simde,512,main_part,1,"int * 1 | 2^7",,0.5849,0.5849,1,1,2026-10-07T03:16:09+02:00
a64fx,simde,512,main_part,1,"int * 1 | 2^7",,0.5803,0.5803,1,1,2026-10-07T03:16:09+02:00
a64fx,simde,512,main_part,1,"int * 1 | 2^7",,0.5845,0.5845,1,1,2026-10-07T03:16:09+02:00
a64fx,simde,512,main_part,1,"int * 1 | 2^7",,0.5841,0.5841,1,1,2026-10-07T03:16:09+02:00
a64fx,simde,512,main_part,1,"int * 1 | 2^7",,0.5802,0.5802,1,1,2026-10-07T03:16:09+02:00
a64fx,simde,512,main_part,1,"int * 1 | 2^8",,0.5837,0.5837,1,1,2026-10-07T03:16:09+02:00
a64fx,simde,512,main_part,1,"int * 1 | 2^8",,0.5841,0.5841,1,1,2026-10-07T03:16:09+02:00
a64fx,simde,512,main_part,1,"int * 1 | 2^8",,0.5836,0.5836,1,1,2026-10-07T03:16:09+02:00
a64fx,simde,512,main_part,1,"int * 1 | 2^8",,0.5798,0.5798,1,1,2026-10-07T03:16:09+02:00
a64fx,simde,512,main_part,1,"int * 1 | 2^8",,0.5812,0.5812,1,1,2026-10-07T03:16:09+02:00
a64fx,simde,512,main_part,1,"int * 2 | 2^4",,0.5413,0.5413,1,1,2026-10-07T03:16:09+02:00
a64fx,simde,512,main_part,1,"int * 2 | 2^4",,0.5371,0.5371,1,1,2026-10-07T03:16:09+02:00
a64fx,simde,512,main_part,1,"int * 2 | 2^4",,0.5410,0.5410,1,1,2026-10-07T03:16:09+02:00
a64fx,simde,512,main_part,1,"int * 2 | 2^4",,0.5406,0.5406,1,1,2026-10-07T03:16:09+02:00
a64fx,simde,512,main_part,1,"int * 2 | 2^4",,0.5376,0.5376,1,1,2026-10-07T03:16:09+02:00
a64fx,simde,512,main_part,1,"int * 2 | 2^5",,0.5338,0.5338,1,1,2026-10-07T03:16:09+02:00
a64fx,simde,512,main_part,1,"int * 2 | 2^5",,0.5346,0.5346,1,1,2026-10-07T03:16:09+02:00
a64fx,simde,512,main_part,1,"int * 2 | 2^5",,0.5225,0.5225,1,1,2026-10-07T03:16:09+02:00
a64fx,simde,512,main_part,1,"int * 2 | 2^5",,0.5345,0.5345,1,1,2026-10-07T03:16:09+02:00
a64fx,simde,512,main_part,1,"int * 2 | 2^5",,0.5316,0.5316,1,1,2026-10-07T03:16:09+02:00
a64fx,simde,512,main_part,1,"int * 2 | 2^6",,0.5290,0.5290,1,1,2026-10-07T03:16:09+02:00
a64fx,simde,512,main_part,1,"int * 2 | 2^6",,0.5318,0.5318,1,1,2026-10-07T03:16:09+02:00
a64fx,simde,512,main_part,1,"int * 2 | 2^6",,0.5315,0.5315,1,1,2026-10-07T03:16:09+02:00
a64fx,simde,512,main_part,1,"int * 2 | 2^6",,0.5292,0.5292,1,1,2026-10-07T03:16:09+02:00
a64fx,simde,512,main_part,1,"int * 2 | 2^6",,0.5313,0.5313,1,1,2026-10-07T03:16:09+02:00
a64fx,simde,512,main_part,1,"int * 2 | 2^7",,0.5294,0.5294,1,1,2026-10-07T03:16:09+02:00
a64fx,simde,512,main_part,1,"int * 2 | 2^7",,0.5302,0.5302,1,1,2026-10-07T03:16:09+02:00
a64fx,simde,512,main_part,1,"int * 2 | 2^7",,0.4948,0.4948,1,1,2026-10-07T03:16:09+02:00
a64fx,simde,512,main_part,1,"int * 2 | 2^7",,0.5270,0.5270,1,1,2026-10-07T03:16:09+02:00
a64fx,simde,512,main_part,1,"int * 2 | 2^7",,0.5271,0.5271,1,1,2026-10-07T03:16:09+02:00
a64fx,simde,512,main_part,1,"int * 2 | 2^8",,0.5276,0.5276,1,1,2026-10-07T03:16:09+02:00
a64fx,simde,512,main_part,1,"int * 2 | 2^8",,0.5286,0.5286,1,1,2026-10-07T03:16:09+02:00
a64fx,simde,512,main_part,1,"int * 2 | 2^8",,0.5289,0.5289,1,1,2026-10-07T03:16:09+02:00
a64fx,simde,512,main_part,1,"int * 2 | 2^8",,0.5285,0.5285,1,1,2026-10-07T03:16:09+02:00
a64fx,simde,512,main_part,1,"int * 2 | 2^8",,0.5284,0.5284,1,1,2026-10-07T03:16:09+02:00
a64fx,simde,512,main_part,1,"int * 3 | 2^4",,0.4957,0.4957,1,1,2026-10-07T03:16:09+02:00
a64fx,simde,512,main_part,1,"int * 3 | 2^4",,0.4931,0.4931,1,1,2026-10-07T03:16:09+02:00
a64fx,simde,512,main_part,1,"int * 3 | 2^4",,0.4986,0.4986,1,1,2026-10-07T03:16:09+02:00
a64fx,simde,512,main_part,1,"int * 3 | 2^4",,0.4954,0.4954,1,1,2026-10-07T03:16:09+02:00
a64fx,simde,512,main_part,1,"int * 3 | 2^4",,0.4966,0.4966,1,1,2026-10-07T03:16:09+02:00
a64fx,simde,512,main_part,1,"int * 3 | 2^5",,0.4899,0.4899,1,1,2026-10-07T03:16:09+02:00
a64fx,simde,512,main_part,1,"int * 3 | 2^5",,0.4871,0.4871,1,1,2026-10-07T03:16:09+02:00
a64fx,simde,512,main_part,1,"int * 3 | 2^5",,0.4895,0.4895,1,1,2026-10-07T03:16:09+02:00
a64fx,simde,512,main_part,1,"int * 3 | 2^5",,0.4892,0.4892,1,1,2026-10-07T03:16:09+02:00
a64fx,simde,512,main_part,1,"int * 3 | 2^5",,0.4869,0.4869,1,1,2026-10-07T03:16:09+02:00
a64fx,simde,512,main_part,1,"int * 3 | 2^6",,0.4856,0.4856,1,1,2026-10-07T03:16:09+02:00
a64fx,simde,512,main_part,1,"int * 3 | 2^6",,0.4860,0.4860,1,1,2026-10-07T03:16:09+02:00
a64fx,simde,512,main_part,1,"int * 3 | 2^6",,0.4839,0.4839,1,1,2026-10-07T03:16:09+02:00
a64fx,simde,512,main_part,1,"int * 3 | 2^6",,0.4858,0.4858,1,1,2026-10-07T03:16:09+02:00
a64fx,simde,512,main_part,1,"int * 3 | 2^6",,0.4854,0.4854,1,1,2026-10-07T03:16:09+02:00
a64fx,simde,512,main_part,1,"int * 3 | 2^7",,0.4824,0.4824,1,1,2026-10-07T03:16:09+02:00
a64fx,simde,512,main_part,1,"int * 3 | 2^7",,0.4847,0.4847,1,1,2026-10-07T03:16:09+02:00
a64fx,simde,512,main_part,1,"int * 3 | 2^7",,0.4807,0.4807,1,1,2026-10-07T03:16:09+02:00
a64fx,simde,512,main_part,1,"int * 3 | 2^7",,0.4821,0.4821,1,1,2026-10-07T03:16:09+02:00
a64fx,simde,512,main_part,1,"int * 3 | 2^7",,0.4839,0.4839,1,1,2026-10-07T03:16:09+02:00
a64fx,simde,512,main_part,1,"int * 3 | 2^8",,0.4782,0.4782,1,1,2026-10-07T03:16:09+02:00
a64fx,simde,512,main_part,1,"int * 3 | 2^8",,0.4788,0.4788,1,1,2026-10-07T03:16:09+02:00
a64fx,simde,512,main_part,1,"int * 3 | 2^8",,0.4781,0.4781,1,1,2026-10-07T03:16:09+02:00
a64fx,simde,512,main_part,1,"int * 3 | 2^8",,0.4771,0.4771,1,1,2026-10-07T03:16:09+02:00
a64fx,simde,512,main_part,1,"int * 3 | 2^8",,0.4768,0.4768,1,1,2026-10-07T03:16:09+02:00
a64fx,simde,128,main_aggr,1,"Codegen 1 sum",,0.1359,0.1359,1,1,2026-10-07T03:16:34+02:00
a64fx,simde,128,main_aggr,1,"Codegen 1 sum",,0.1359,0.1359,1,1,2026-10-07T03:16:34+02:00
a64fx,simde,128,main_aggr,1,"Codegen 1 sum",,0.1359,0.1359,1,1,2026-10-07T03:16:34+02:00
a64fx,simde,128,main_aggr,1,"Codegen 1 sum",,0.1358,0.1358,1,1,2026-10-07T03:16:34+02:00
a64fx,simde,128,main_aggr,1,"Codegen 1 sum",,0.1360,0.1360,1,1,2026-10-07T03:16:34+02:00
a64fx,simde,128,main_aggr,1,"Codegen 2 sum",,0.1156,0.1156,1,1,2026-10-07T03:16:34+02:00
a64fx,simde,128,main_aggr,1,"Codegen 2 sum",,0.1156,0.1156,1,1,2026-10-07T03:16:34+02:00
a64fx,simde,128,main_aggr,1,"Codegen 2 sum",,0.1156,0.1156,1,1,2026-10-07T03:16:34+02:00
a64fx,simde,128,main_aggr,1,"Codegen 2 sum",,0.1156,0.1156,1,1,2026-10-07T03:16:34+02:00
a64fx,simde,128,main_aggr,1,"Codegen 2 sum",,0.1156,0.1156,1,1,2026-10-07T03:16:34+02:00
a64fx,simde,128,main_aggr,1,"Codegen 3 sum",,0.1137,0.1137,1,1,2026-10-07T03:16:34+02:00
a64fx,simde,128,main_aggr,1,"Codegen 3 sum",,0.1138,0.1138,1,1,2026-10-07T03:16:34+02:00
a64fx,simde,128,main_aggr,1,"Codegen 3 sum",,0.1138,0.1138,1,1,2026-10-07T03:16:34+02:00
a64fx,simde,128,main_aggr,1,"Codegen 3 sum",,0.1138,0.1138,1,1,2026-10-07T03:16:34+02:00
a64fx,simde,128,main_aggr,1,"Codegen 3 sum",,0.1138,0.1138,1,1,2026-10-07T03:16:34+02:00
a64fx,simde,128,main_aggr,1,"Engine 1 sum",,0.1188,0.1188,1,1,2026-10-07T03:16:34+02:00
a64fx,simde,128,main_aggr,1,"Engine 1 sum",,0.1187,0.1187,1,1,2026-10-07T03:16:34+02:00
a64fx,simde,128,main_aggr,1,"Engine 1 sum",,0.1186,0.1186,1,1,2026-10-07T03:16:34+02:00
a64fx,simde,128,main_aggr,1,"Engine 1 sum",,0.1187,0.1187,1,1,2026-10-07T03:16:34+02:00
a64fx,simde,128,main_aggr,1,"Engine 1 sum",,0.1169,0.1169,1,1,2026-10-07T03:16:34+02:00
a64fx,simde,128,main_aggr,1,"Engine 2 sum",,0.1072,0.1072,1,1,2026-10-07T03:16:34+02:00
a64fx,simde,128,main_aggr,1,"Engine 2 sum",,0.1072,0.1072,1,1,2026-10-07T03:16:34+02:00
a64fx,simde,128,main_aggr,1,"Engine 2 sum",,0.1072,0.1072,1,1,2026-10-07T03:16:34+02:00
a64fx,simde,128,main_aggr,1,"Engine 2 sum",,0.1072,0.1072,1,1,2026-10-07T03:16:34+02:00
a64fx,simde,128,main_aggr,1,"Engine 2 sum",,0.1072,0.1072,1,1,2026-10-07T03:16:34+02:00
a64fx,simde,128,main_aggr,1,"Engine 3 sum",,0.0977,0.0977,1,1,2026-10-07T03:16:34+02:00
a64fx,simde,128,main_aggr,1,"Engine 3 sum",,0.0975,0.0975,1,1,2026-10-07T03:16:34+02:00
a64fx,simde,128,main_aggr,1,"Engine 3 sum",,0.0978,0.0978,1,1,2026-10-07T03:16:34+02:00
a64fx,simde,128,main_aggr,1,"Engine 3 sum",,0.0978,0.0978,1,1,2026-10-07T03:16:34+02:00
a64fx,simde,128,main_aggr,1,"Engine 3 sum",,0.0977,0.0977,1,1,2026-10-07T03:16:34+02:00
a64fx,simde,256,main_aggr,1,"Codegen 1 sum",,0.1382,0.1382,1,1,2026-10-07T03:16:49+02:00
a64fx,simde,256,main_aggr,1,"Codegen 1 sum",,0.1385,0.1385,1,1,2026-10-07T03:16:49+02:00
a64fx,simde,256,main_aggr,1,"Codegen 1 sum",,0.1386,0.1386,1,1,2026-10-07T03:16:49+02:00
a64fx,simde,256,main_aggr,1,"Codegen 1 sum",,0.1384,0.1384,1,1,2026-10-07T03:16:49+02:00
a64fx,simde,256,main_aggr,1,"Codegen 1 sum",,0.1384,0.1384,1,1,2026-10-07T03:16:49+02:00
a64fx,simde,256,main_aggr,1,"Codegen 2 sum",,0.1169,0.1169,1,1,2026-10-07T03:16:49+02:00
a64fx,simde,256,main_aggr,1,"Codegen 2 sum",,0.1169,0.1169,1,1,2026-10-07T03:16:49+02:00
a64fx,simde,256,main_aggr,1,"Codegen 2 sum",,0.1168,0.1168,1,1,2026-10-07T03:16:49+02:00
a64fx,simde,256,main_aggr,1,"Codegen 2 sum",,0.1169,0.1169,1,1,2026-10-07T03:16:49+02:00
a64fx,simde,256,main_aggr,1,"Codegen 2 sum",,0.1169,0.1169,1,1,2026-10-07T03:16:49+02:00
a64fx,simde,256,main_aggr,1,"Codegen 3 sum",,0.1149,0.1149,1,1,2026-10-07T03:16:49+02:00
a64fx,simde,256,main_aggr,1,"Codegen 3 sum",,0.1149,0.1149,1,1,2026-10-07T03:16:49+02:00
a64fx,simde,256,main_aggr,1,"Codegen 3 sum",,0.1149,0.1149,1,1,2026-10-07T03:16:49+02:00
a64fx,simde,256,main_aggr,1,"Codegen 3 sum",,0.1149,0.1149,1,1,2026-10-07T03:16:49+02:00
a64fx,simde,256,main_aggr,1,"Codegen 3 sum",,0.1149,0.1149,1,1,2026-10-07T03:16:49+02:00
a64fx,simde,256,main_aggr,1,"Engine 1 sum",,0.1033,0.1033,1,1,2026-10-07T03:16:49+02:00
a64fx,simde,256,main_aggr,1,"Engine 1 sum",,0.1034,0.1034,1,1,2026-10-07T03:16:49+02:00
a64fx,simde,256,main_aggr,1,"Engine 1 sum",,0.1033,0.1033,1,1,2026-10-07T03:16:49+02:00
a64fx,simde,256,main_aggr,1,"Engine 1 sum",,0.1032,0.1032,1,1,2026-10-07T03:16:49+02:00
a64fx,simde,256,main_aggr,1,"Engine 1 sum",,0.1033,0.1033,1,1,2026-10-07T03:16:49+02:00
a64fx,simde,256,main_aggr,1,"Engine 2 sum",,0.0925,0.0925,1,1,2026-10-07T03:16:49+02:00
a64fx,simde,256,main_aggr,1,"Engine 2 sum",,0.0925,0.0925,1,1,2026-10-07T03:16:49+02:00
a64fx,simde,256,main_aggr,1,"Engine 2 sum",,0.0925,0.0925,1,1,2026-10-07T03:16:49+02:00
a64fx,simde,256,main_aggr,1,"Engine 2 sum",,0.0925,0.0925,1,1,2026-10-07T03:16:49+02:00
a64fx,simde,256,main_aggr,1,"Engine 2 sum",,0.0925,0.0925,1,1,2026-10-07T03:16:49+02:00
a64fx,simde,256,main_aggr,1,"Engine 3 sum",,0.0837,0.0837,1,1,2026-10-07T03:16:49+02:00
a64fx,simde,256,main_aggr,1,"Engine 3 sum",,0.0836,0.0836,1,1,2026-10-07T03:16:49+02:00
a64fx,simde,256,main_aggr,1,"Engine 3 sum",,0.0827,0.0827,1,1,2026-10-07T03:16:49+02:00
a64fx,simde,256,main_aggr,1,"Engine 3 sum",,0.0837,0.0837,1,1,2026-10-07T03:16:49+02:00
a64fx,simde,256,main_aggr,1,"Engine 3 sum",,0.0837,0.0837,1,1,2026-10-07T03:16:49+02:00
a64fx,simde,512,main_aggr,1,"Codegen 1 sum",,0.1343,0.1343,1,1,2026-10-07T03:17:05+02:00
a64fx,simde,512,main_aggr,1,"Codegen 1 sum",,0.1343,0.1343,1,1,2026-10-07T03:17:05+02:00
a64fx,simde,512,main_aggr,1,"Codegen 1 sum",,0.1342,0.1342,1,1,2026-10-07T03:17:05+02:00
a64fx,simde,512,main_aggr,1,"Codegen 1 sum",,0.1345,0.1345,1,1,2026-10-07T03:17:05+02:00
a64fx,simde,512,main_aggr,1,"Codegen 1 sum",,0.1342,0.1342,1,1,2026-10-07T03:17:05+02:00
a64fx,simde,512,main_aggr,1,"Codegen 2 sum",,0.1143,0.1143,1,1,2026-10-07T03:17:05+02:00
a64fx,simde,512,main_aggr,1,"Codegen 2 sum",,0.1144,0.1144,1,1,2026-10-07T03:17:05+02:00
a64fx,simde,512,main_aggr,1,"Codegen 2 sum",,0.1144,0.1144,1,1,2026-10-07T03:17:05+02:00
a64fx,simde,512,main_aggr,1,"Codegen 2 sum",,0.1144,0.1144,1,1,2026-10-07T03:17:05+02:00
a64fx,simde,512,main_aggr,1,"Codegen 2 sum",,0.1144,0.1144,1,1,2026-10-07T03:17:05+02:00
a64fx,simde,512,main_aggr,1,"Codegen 3 sum",,0.1123,0.1123,1,1,2026-10-07T03:17:05+02:00
a64fx,simde,512,main_aggr,1,"Codegen 3 sum",,0.1121,0.1121,1,1,2026-10-07T03:17:05+02:00
a64fx,simde,512,main_aggr,1,"Codegen 3 sum",,0.1122,0.1122,1,1,2026-10-07T03:17:05+02:00
a64fx,simde,512,main_aggr,1,"Codegen 3 sum",,0.1122,0.1122,1,1,2026-10-07T03:17:05+02:00
a64fx,simde,512,main_aggr,1,"Codegen 3 sum",,0.1122,0.1122,1,1,2026-10-07T03:17:05+02:00
a64fx,simde,512,main_aggr,1,"Engine 1 sum",,0.0999,0.0999,1,1,2026-10-07T03:17:05+02:00
a64fx,simde,512,main_aggr,1,"Engine 1 sum",,0.1007,0.1007,1,1,2026-10-07T03:17:05+02:00
a64fx,simde,512,main_aggr,1,"Engine 1 sum",,0.1007,0.1007,1,1,2026-10-07T03:17:05+02:00
a64fx,simde,512,main_aggr,1,"Engine 1 sum",,0.1007,0.1007,1,1,2026-10-07T03:17:05+02:00
a64fx,simde,512,main_aggr,1,"Engine 1 sum",,0.1007,0.1007,1,1,2026-10-07T03:17:05+02:00
a64fx,simde,512,main_aggr,1,"Engine 2 sum",,0.0902,0.0902,1,1,2026-10-07T03:17:05+02:00
a64fx,simde,512,main_aggr,1,"Engine 2 sum",,0.0901,0.0901,1,1,2026-10-07T03:17:05+02:00
a64fx,simde,512,main_aggr,1,"Engine 2 sum",,0.0902,0.0902,1,1,2026-10-07T03:17:05+02:00
a64fx,simde,512,main_aggr,1,"Engine 2 sum",,0.0902,0.0902,1,1,2026-10-07T03:17:05+02:00
a64fx,simde,512,main_aggr,1,"Engine 2 sum",,0.0902,0.0902,1,1,2026-10-07T03:17:05+02:00
a64fx,simde,512,main_aggr,1,"Engine 3 sum",,0.0815,0.0815,1,1,2026-10-07T03:17:05+02:00
a64fx,simde,512,main_aggr,1,"Engine 3 sum",,0.0817,0.0817,1,1,2026-10-07T03:17:05+02:00
a64fx,simde,512,main_aggr,1,"Engine 3 sum",,0.0817,0.0817,1,1,2026-10-07T03:17:05+02:00
a64fx,simde,512,main_aggr,1,"Engine 3 sum",,0.0817,0.0817,1,1,2026-10-07T03:17:05+02:00
a64fx,simde,512,main_aggr,1,"Engine 3 sum",,0.0817,0.0817,1,1,2026-10-07T03:17:05+02:00
a64fx,simde,128,main_join,1,"Engine  1-1",,0.0928,0.0928,1,1,2026-10-07T03:18:00+02:00
a64fx,simde,128,main_join,1,"Engine  1-3",,0.0842,0.0842,1,1,2026-10-07T03:18:00+02:00
a64fx,simde,128,main_join,1,"Engine  3-1",,0.0897,0.0897,1,1,2026-10-07T03:18:00+02:00
a64fx,simde,128,main_join,1,"Engine  3-3",,0.0814,0.0814,1,1,2026-10-07T03:18:00+02:00
a64fx,simde,128,main_join,1,"Codegen 1-1",,0.1115,0.1115,1,1,2026-10-07T03:18:00+02:00
a64fx,simde,128,main_join,1,"Codegen 1-1",,0.1117,0.1117,1,1,2026-10-07T03:18:00+02:00
a64fx,simde,128,main_join,1,"Codegen 1-1",,0.1117,0.1117,1,1,2026-10-07T03:18:00+02:00
a64fx,simde,128,main_join,1,"Codegen 1-1",,0.1116,0.1116,1,1,2026-10-07T03:18:00+02:00
a64fx,simde,128,main_join,1,"Codegen 1-1",,0.1117,0.1117,1,1,2026-10-07T03:18:00+02:00
a64fx,simde,128,main_join,1,"Codegen 1-3",,0.1117,0.1117,1,1,2026-10-07T03:18:00+02:00
a64fx,simde,128,main_join,1,"Codegen 1-3",,0.1118,0.1118,1,1,2026-10-07T03:18:00+02:00
a64fx,simde,128,main_join,1,"Codegen 1-3",,0.1118,0.1118,1,1,2026-10-07T03:18:00+02:00
a64fx,simde,128,main_join,1,"Codegen 1-3",,0.1118,0.1118,1,1,2026-10-07T03:18:00+02:00
a64fx,simde,128,main_join,1,"Codegen 1-3",,0.1117,0.1117,1,1,2026-10-07T03:18:00+02:00
a64fx,simde,128,main_join,1,"Codegen 3-1",,0.1000,0.1000,1,1,2026-10-07T03:18:00+02:00
a64fx,simde,128,main_join,1,"Codegen 3-1",,0.1000,0.1000,1,1,2026-10-07T03:18:00+02:00
a64fx,simde,128,main_join,1,"Codegen 3-1",,0.0999,0.0999,1,1,2026-10-07T03:18:00+02:00
a64fx,simde,128,main_join,1,"Codegen 3-1",,0.0999,0.0999,1,1,2026-10-07T03:18:00+02:00
a64fx,simde,128,main_join,1,"Codegen 3-1",,0.0999,0.0999,1,1,2026-10-07T03:18:00+02:00
a64fx,simde,128,main_join,1,"Codegen 3-3",,0.0948,0.0948,1,1,2026-10-07T03:18:00+02:00
a64fx,simde,128,main_join,1,"Codegen 3-3",,0.0947,0.0947,1,1,2026-10-07T03:18:00+02:00
a64fx,simde,128,main_join,1,"Codegen 3-3",,0.0948,0.0948,1,1,2026-10-07T03:18:00+02:00
a64fx,simde,128,main_join,1,"Codegen 3-3",,0.0948,0.0948,1,1,2026-10-07T03:18:00+02:00
a64fx,simde,128,main_join,1,"Codegen 3-3",,0.0948,0.0948,1,1,2026-10-07T03:18:00+02:00
a64fx,simde,256,main_join,1,"Engine  1-1",,0.0630,0.0630,1,1,2026-10-07T03:18:07+02:00
a64fx,simde,256,main_join,1,"Engine  1-3",,0.0591,0.0591,1,1,2026-10-07T03:18:07+02:00
a64fx,simde,256,main_join,1,"Engine  3-1",,0.0615,0.0615,1,1,2026-10-07T03:18:07+02:00
a64fx,simde,256,main_join,1,"Engine  3-3",,0.0579,0.0579,1,1,2026-10-07T03:18:07+02:00
a64fx,simde,256,main_join,1,"Codegen 1-1",,0.1121,0.1121,1,1,2026-10-07T03:18:07+02:00
a64fx,simde,256,main_join,1,"Codegen 1-1",,0.1121,0.1121,1,1,2026-10-07T03:18:07+02:00
a64fx,simde,256,main_join,1,"Codegen 1-1",,0.1122,0.1122,1,1,2026-10-07T03:18:07+02:00
a64fx,simde,256,main_join,1,"Codegen 1-1",,0.1121,0.1121,1,1,2026-10-07T03:18:07+02:00
a64fx,simde,256,main_join,1,"Codegen 1-1",,0.1121,0.1121,1,1,2026-10-07T03:18:07+02:00
a64fx,simde,256,main_join,1,"Codegen 1-3",,0.1119,0.1119,1,1,2026-10-07T03:18:07+02:00
a64fx,simde,256,main_join,1,"Codegen 1-3",,0.1119,0.1119,1,1,2026-10-07T03:18:07+02:00
a64fx,simde,256,main_join,1,"Codegen 1-3",,0.1120,0.1120,1,1,2026-10-07T03:18:07+02:00
a64fx,simde,256,main_join,1,"Codegen 1-3",,0.1119,0.1119,1,1,2026-10-07T03:18:07+02:00
a64fx,simde,256,main_join,1,"Codegen 1-3",,0.1119,0.1119,1,1,2026-10-07T03:18:07+02:00
a64fx,simde,256,main_join,1,"Codegen 3-1",,0.1008,0.1008,1,1,2026-10-07T03:18:07+02:00
a64fx,simde,256,main_join,1,"Codegen 3-1",,0.1008,0.1008,1,1,2026-10-07T03:18:07+02:00
a64fx,simde,256,main_join,1,"Codegen 3-1",,0.1008,0.1008,1,1,2026-10-07T03:18:07+02:00
a64fx,simde,256,main_join,1,"Codegen 3-1",,0.1008,0.1008,1,1,2026-10-07T03:18:07+02:00
a64fx,simde,256,main_join,1,"Codegen 3-1",,0.1008,0.1008,1,1,2026-10-07T03:18:07+02:00
a64fx,simde,256,main_join,1,"Codegen 3-3",,0.0947,0.0947,1,1,2026-10-07T03:18:07+02:00
a64fx,simde,256,main_join,1,"Codegen 3-3",,0.0947,0.0947,1,1,2026-10-07T03:18:07+02:00
a64fx,simde,256,main_join,1,"Codegen 3-3",,0.0946,0.0946,1,1,2026-10-07T03:18:07+02:00
a64fx,simde,256,main_join,1,"Codegen 3-3",,0.0947,0.0947,1,1,2026-10-07T03:18:07+02:00
a64fx,simde,256,main_join,1,"Codegen 3-3",,0.0947,0.0947,1,1,2026-10-07T03:18:07+02:00
a64fx,simde,512,main_join,1,"Engine  1-1",,0.0562,0.0562,1,1,2026-10-07T03:18:14+02:00
a64fx,simde,512,main_join,1,"Engine  1-3",,0.0529,0.0529,1,1,2026-10-07T03:18:14+02:00
a64fx,simde,512,main_join,1,"Engine  3-1",,0.0550,0.0550,1,1,2026-10-07T03:18:14+02:00
a64fx,simde,512,main_join,1,"Engine  3-3",,0.0519,0.0519,1,1,2026-10-07T03:18:14+02:00
a64fx,simde,512,main_join,1,"Codegen 1-1",,0.1088,0.1088,1,1,2026-10-07T03:18:14+02:00
a64fx,simde,512,main_join,1,"Codegen 1-1",,0.1088,0.1088,1,1,2026-10-07T03:18:14+02:00
a64fx,simde,512,main_join,1,"Codegen 1-1",,0.1087,0.1087,1,1,2026-10-07T03:18:14+02:00
a64fx,simde,512,main_join,1,"Codegen 1-1",,0.1087,0.1087,1,1,2026-10-07T03:18:14+02:00
a64fx,simde,512,main_join,1,"Codegen 1-1",,0.1088,0.1088,1,1,2026-10-07T03:18:14+02:00
a64fx,simde,512,main_join,1,"Codegen 1-3",,0.1091,0.1091,1,1,2026-10-07T03:18:14+02:00
a64fx,simde,512,main_join,1,"Codegen 1-3",,0.1091,0.1091,1,1,2026-10-07T03:18:14+02:00
a64fx,simde,512,main_join,1,"Codegen 1-3",,0.1091,0.1091,1,1,2026-10-07T03:18:14+02:00
a64fx,simde,512,main_join,1,"Codegen 1-3",,0.1091,0.1091,1,1,2026-10-07T03:18:14+02:00
a64fx,simde,512,main_join,1,"Codegen 1-3",,0.1092,0.1092,1,1,2026-10-07T03:18:14+02:00
a64fx,simde,512,main_join,1,"Codegen 3-1",,0.1006,0.1006,1,1,2026-10-07T03:18:14+02:00
a64fx,simde,512,main_join,1,"Codegen 3-1",,0.1006,0.1006,1,1,2026-10-07T03:18:14+02:00
a64fx,simde,512,main_join,1,"Codegen 3-1",,0.1006,0.1006,1,1,2026-10-07T03:18:14+02:00
a64fx,simde,512,main_join,1,"Codegen 3-1",,0.1006,0.1006,1,1,2026-10-07T03:18:14+02:00
a64fx,simde,512,main_join,1,"Codegen 3-1",,0.1007,0.1007,1,1,2026-10-07T03:18:14+02:00
a64fx,simde,512,main_join,1,"Codegen 3-3",,0.0949,0.0949,1,1,2026-10-07T03:18:14+02:00
a64fx,simde,512,main_join,1,"Codegen 3-3",,0.0949,0.0949,1,1,2026-10-07T03:18:14+02:00
a64fx,simde,512,main_join,1,"Codegen 3-3",,0.0949,0.0949,1,1,2026-10-07T03:18:14+02:00
a64fx,simde,512,main_join,1,"Codegen 3-3",,0.0950,0.0950,1,1,2026-10-07T03:18:14+02:00
a64fx,simde,512,main_join,1,"Codegen 3-3",,0.0949,0.0949,1,1,2026-10-07T03:18:14+02:00
a64fx,simde,128,main_scan_int,2,"and 1",0.00,49.2223,31.4793,2,2,2026-10-07T03:18:41+02:00
a64fx,simde,128,main_scan_int,2,"and 1",0.00,44.5497,32.2121,2,2,2026-10-07T03:18:41+02:00
a64fx,simde,128,main_scan_int,2,"and 1",0.00,49.1154,32.1447,2,2,2026-10-07T03:18:41+02:00
a64fx,simde,128,main_scan_int,2,"and 1",0.00,48.8520,32.1602,2,2,2026-10-07T03:18:41+02:00
a64fx,simde,128,main_scan_int,2,"and 1",0.00,48.9036,32.1406,2,2,2026-10-07T03:18:41+02:00
a64fx,simde,128,main_scan_int,2,"and 2",0.03,14.3808,14.3951,2,2,2026-10-07T03:18:41+02:00
a64fx,simde,128,main_scan_int,2,"and 2",0.03,14.6997,14.1496,2,2,2026-10-07T03:18:41+02:00
a64fx,simde,128,main_scan_int,2,"and 2",0.03,14.6426,14.4295,2,2,2026-10-07T03:18:41+02:00
a64fx,simde,128,main_scan_int,2,"and 2",0.03,14.6763,14.3700,2,2,2026-10-07T03:18:41+02:00
a64fx,simde,128,main_scan_int,2,"and 2",0.03,14.4575,13.8286,2,2,2026-10-07T03:18:41+02:00
a64fx,simde,128,main_scan_int,2,"and 3",0.10,10.0874,10.3326,2,2,2026-10-07T03:18:41+02:00
a64fx,simde,128,main_scan_int,2,"and 3",0.10,9.7766,9.9713,2,2,2026-10-07T03:18:41+02:00
a64fx,simde,128,main_scan_int,2,"and 3",0.10,10.0937,10.1619,2,2,2026-10-07T03:18:41+02:00
a64fx,simde,128,main_scan_int,2,"and 3",0.10,10.1121,10.3143,2,2,2026-10-07T03:18:41+02:00
a64fx,simde,128,main_scan_int,2,"and 3",0.10,9.9960,10.0036,2,2,2026-10-07T03:18:41+02:00
a64fx,simde,128,main_scan_int,2,"and 1",0.00,43.0300,27.2688,2,2,2026-10-07T03:18:41+02:00
a64fx,simde,128,main_scan_int,2,"and 1",0.00,42.6359,30.0802,2,2,2026-10-07T03:18:41+02:00
a64fx,simde,128,main_scan_int,2,"and 1",0.00,42.7866,30.2476,2,2,2026-10-07T03:18:41+02:00
a64fx,simde,128,main_scan_int,2,"and 1",0.00,42.6486,28.7946,2,2,2026-10-07T03:18:41+02:00
a64fx,simde,128,main_scan_int,2,"and 1",0.00,43.1395,30.0956,2,2,2026-10-07T03:18:41+02:00
a64fx,simde,128,main_scan_int,2,"and 2",0.04,14.5224,14.1134,2,2,2026-10-07T03:18:41+02:00
a64fx,simde,128,main_scan_int,2,"and 2",0.04,15.0145,14.4882,2,2,2026-10-07T03:18:41+02:00
a64fx,simde,128,main_scan_int,2,"and 2",0.04,15.0443,14.4734,2,2,2026-10-07T03:18:41+02:00
a64fx,simde,128,main_scan_int,2,"and 2",0.04,14.3081,13.7682,2,2,2026-10-07T03:18:41+02:00
a64fx,simde,128,main_scan_int,2,"and 2",0.04,15.0259,13.9873,2,2,2026-10-07T03:18:41+02:00
a64fx,simde,128,main_scan_int,2,"and 3",0.13,8.6532,9.3272,2,2,2026-10-07T03:18:41+02:00
a64fx,simde,128,main_scan_int,2,"and 3",0.13,8.6250,9.5012,2,2,2026-10-07T03:18:41+02:00
a64fx,simde,128,main_scan_int,2,"and 3",0.13,8.6580,9.4713,2,2,2026-10-07T03:18:41+02:00
a64fx,simde,128,main_scan_int,2,"and 3",0.13,8.4413,9.3015,2,2,2026-10-07T03:18:41+02:00
a64fx,simde,128,main_scan_int,2,"and 3",0.13,8.5781,9.2775,2,2,2026-10-07T03:18:41+02:00
a64fx,simde,128,main_scan_int,2,"and 1",0.01,32.3270,25.2919,2,2,2026-10-07T03:18:41+02:00
a64fx,simde,128,main_scan_int,2,"and 1",0.01,32.1671,25.7042,2,2,2026-10-07T03:18:41+02:00
a64fx,simde,128,main_scan_int,2,"and 1",0.01,32.3987,24.3796,2,2,2026-10-07T03:18:41+02:00
a64fx,simde,128,main_scan_int,2,"and 1",0.01,32.3093,24.8536,2,2,2026-10-07T03:18:41+02:00
a64fx,simde,128,main_scan_int,2,"and 1",0.01,32.1990,26.2842,2,2,2026-10-07T03:18:41+02:00
a64fx,simde,128,main_scan_int,2,"and 2",0.07,12.5442,12.6794,2,2,2026-10-07T03:18:41+02:00
a64fx,simde,128,main_scan_int,2,"and 2",0.07,12.8669,12.9483,2,2,2026-10-07T03:18:41+02:00
a64fx,simde,128,main_scan_int,2,"and 2",0.07,12.7564,12.5869,2,2,2026-10-07T03:18:41+02:00
a64fx,simde,128,main_scan_int,2,"and 2",0.07,12.8674,12.9884,2,2,2026-10-07T03:18:41+02:00
a64fx,simde,128,main_scan_int,2,"and 2",0.07,12.3015,11.9784,2,2,2026-10-07T03:18:41+02:00
a64fx,simde,128,main_scan_int,2,"and 3",0.17,7.4500,8.5651,2,2,2026-10-07T03:18:41+02:00
a64fx,simde,128,main_scan_int,2,"and 3",0.17,7.4461,8.8178,2,2,2026-10-07T03:18:41+02:00
a64fx,simde,128,main_scan_int,2,"and 3",0.17,7.4024,8.7990,2,2,2026-10-07T03:18:41+02:00
a64fx,simde,128,main_scan_int,2,"and 3",0.17,7.3976,8.7242,2,2,2026-10-07T03:18:41+02:00
a64fx,simde,128,main_scan_int,2,"and 3",0.17,7.3498,8.6490,2,2,2026-10-07T03:18:41+02:00
a64fx,simde,128,main_scan_int,2,"and 1",0.01,24.6513,21.5734,2,2,2026-10-07T03:18:41+02:00
a64fx,simde,128,main_scan_int,2,"and 1",0.01,24.5357,21.4363,2,2,2026-10-07T03:18:41+02:00
a64fx,simde,128,main_scan_int,2,"and 1",0.01,24.6417,21.4395,2,2,2026-10-07T03:18:41+02:00
a64fx,simde,128,main_scan_int,2,"and 1",0.01,24.5715,21.4323,2,2,2026-10-07T03:18:41+02:00
a64fx,simde,128,main_scan_int,2,"and 1",0.01,23.2633,21.5117,2,2,2026-10-07T03:18:41+02:00
a64fx,simde,128,main_scan_int,2,"and 2",0.10,10.5684,11.1255,2,2,2026-10-07T03:18:41+02:00
a64fx,simde,128,main_scan_int,2,"and 2",0.10,10.2585,10.7391,2,2,2026-10-07T03:18:41+02:00
a64fx,simde,128,main_scan_int,2,"and 2",0.10,10.5693,11.1482,2,2,2026-10-07T03:18:41+02:00
a64fx,simde,128,main_scan_int,2,"and 2",0.10,10.2918,10.9557,2,2,2026-10-07T03:18:41+02:00
a64fx,simde,128,main_scan_int,2,"and 2",0.10,10.5063,11.1141,2,2,2026-10-07T03:18:41+02:00
a64fx,simde,128,main_scan_int,2,"and 3",0.22,6.5669,8.4000,2,2,2026-10-07T03:18:41+02:00
a64fx,simde,128,main_scan_int,2,"and 3",0.22,6.6335,8.4084,2,2,2026-10-07T03:18:41+02:00
a64fx,simde,128,main_scan_int,2,"and 3",0.22,6.4943,8.4046,2,2,2026-10-07T03:18:41+02:00
a64fx,simde,128,main_scan_int,2,"and 3",0.22,6.5300,8.4017,2,2,2026-10-07T03:18:41+02:00
a64fx,simde,128,main_scan_int,2,"and 3",0.22,6.5940,8.3896,2,2,2026-10-07T03:18:41+02:00
a64fx,simde,128,main_scan_int,2,"and 1",0.02,20.8884,16.3484,2,2,2026-10-07T03:18:41+02:00
a64fx,simde,128,main_scan_int,2,"and 1",0.02,20.9967,16.6130,2,2,2026-10-07T03:18:41+02:00
a64fx,simde,128,main_scan_int,2,"and 1",0.02,20.8221,16.5662,2,2,2026-10-07T03:18:41+02:00
a64fx,simde,128,main_scan_int,2,"and 1",0.02,20.9553,16.5893,2,2,2026-10-07T03:18:41+02:00
a64fx,simde,128,main_scan_int,2,"and 1",0.02,20.3072,15.9221,2,2,2026-10-07T03:18:41+02:00
a64fx,simde,128,main_scan_int,2,"and 2",0.14,8.8170,9.3270,2,2,2026-10-07T03:18:41+02:00
a64fx,simde,128,main_scan_int,2,"and 2",0.14,8.6964,9.3469,2,2,2026-10-07T03:18:41+02:00
a64fx,simde,128,main_scan_int,2,"and 2",0.14,8.5462,9.1681,2,2,2026-10-07T03:18:41+02:00
a64fx,simde,128,main_scan_int,2,"and 2",0.14,8.8124,8.9130,2,2,2026-10-07T03:18:41+02:00
a64fx,simde,128,main_scan_int,2,"and 2",0.14,8.8108,9.2815,2,2,2026-10-07T03:18:41+02:00
a64fx,simde,128,main_scan_int,2,"and 3",0.27,5.6574,7.4471,2,2,2026-10-07T03:18:41+02:00
a64fx,simde,128,main_scan_int,2,"and 3",0.27,5.5925,7.5228,2,2,2026-10-07T03:18:41+02:00
a64fx,simde,128,main_scan_int,2,"and 3",0.27,5.5982,7.5435,2,2,2026-10-07T03:18:41+02:00
a64fx,simde,128,main_scan_int,2,"and 3",0.27,5.6211,7.4865,2,2,2026-10-07T03:18:41+02:00
a64fx,simde,128,main_scan_int,2,"and 3",0.27,5.6319,7.4438,2,2,2026-10-07T03:18:41+02:00
a64fx,simde,128,main_scan_int,2,"and 1",0.05,25.5260,11.1639,2,2,2026-10-07T03:18:41+02:00
a64fx,simde,128,main_scan_int,2,"and 1",0.05,25.5486,11.1965,2,2,2026-10-07T03:18:41+02:00
a64fx,simde,128,main_scan_int,2,"and 1",0.05,23.8513,11.0300,2,2,2026-10-07T03:18:41+02:00
a64fx,simde,128,main_scan_int,2,"and 1",0.05,25.4870,10.6835,2,2,2026-10-07T03:18:41+02:00
a64fx,simde,128,main_scan_int,2,"and 1",0.05,25.4502,11.0586,2,2,2026-10-07T03:18:41+02:00
a64fx,simde,128,main_scan_int,2,"and 2",0.22,7.8394,7.1217,2,2,2026-10-07T03:18:41+02:00
a64fx,simde,128,main_scan_int,2,"and 2",0.22,7.8594,7.1033,2,2,2026-10-07T03:18:41+02:00
a64fx,simde,128,main_scan_int,2,"and 2",0.22,7.6461,7.0777,2,2,2026-10-07T03:18:41+02:00
a64fx,simde,128,main_scan_int,2,"and 2",0.22,7.7209,6.9726,2,2,2026-10-07T03:18:41+02:00
a64fx,simde,128,main_scan_int,2,"and 2",0.22,7.6490,7.0763,2,2,2026-10-07T03:18:41+02:00
a64fx,simde,128,main_scan_int,2,"and 3",0.37,4.5712,6.0589,2,2,2026-10-07T03:18:41+02:00
a64fx,simde,128,main_scan_int,2,"and 3",0.37,4.5641,6.0247,2,2,2026-10-07T03:18:41+02:00
a64fx,simde,128,main_scan_int,2,"and 3",0.37,4.5754,6.0652,2,2,2026-10-07T03:18:41+02:00
a64fx,simde,128,main_scan_int,2,"and 3",0.37,4.5739,6.0342,2,2,2026-10-07T03:18:41+02:00
a64fx,simde,128,main_scan_int,2,"and 3",0.37,4.5665,6.0390,2,2,2026-10-07T03:18:41+02:00
a64fx,simde,128,main_scan_int,2,"and 1",0.10,19.0363,7.8629,2,2,2026-10-07T03:18:41+02:00
a64fx,simde,128,main_scan_int,2,"and 1",0.10,19.0554,7.7347,2,2,2026-10-07T03:18:41+02:00
a64fx,simde,128,main_scan_int,2,"and 1",0.10,19.1297,7.8421,2,2,2026-10-07T03:18:41+02:00
a64fx,simde,128,main_scan_int,2,"and 1",0.10,19.0532,7.7532,2,2,2026-10-07T03:18:41+02:00
a64fx,simde,128,main_scan_int,2,"and 1",0.10,19.1243,7.7582,2,2,2026-10-07T03:18:41+02:00
a64fx,simde,128,main_scan_int,2,"and 2",0.32,5.8692,5.5541,2,2,2026-10-07T03:18:41+02:00
a64fx,simde,128,main_scan_int,2,"and 2",0.32,5.9013,5.5977,2,2,2026-10-07T03:18:41+02:00
a64fx,simde,128,main_scan_int,2,"and 2",0.32,5.9438,5.6299,2,2,2026-10-07T03:18:41+02:00
a64fx,simde,128,main_scan_int,2,"and 2",0.32,5.8826,5.5711,2,2,2026-10-07T03:18:41+02:00
a64fx,simde,128,main_scan_int,2,"and 2",0.32,5.9455,5.6251,2,2,2026-10-07T03:18:41+02:00
a64fx,simde,128,main_scan_int,2,"and 3",0.46,3.6800,4.9123,2,2,2026-10-07T03:18:41+02:00
a64fx,simde,128,main_scan_int,2,"and 3",0.46,3.6855,4.8319,2,2,2026-10-07T03:18:41+02:00
a64fx,simde,128,main_scan_int,2,"and 3",0.46,3.6700,4.9042,2,2,2026-10-07T03:18:41+02:00
a64fx,simde,128,main_scan_int,2,"and 3",0.46,3.6631,4.9029,2,2,2026-10-07T03:18:41+02:00
a64fx,simde,128,main_scan_int,2,"and 3",0.46,3.6744,4.9073,2,2,2026-10-07T03:18:41+02:00
a64fx,simde,128,main_scan_int,2,"and 1",0.20,11.7504,5.1270,2,2,2026-10-07T03:18:41+02:00
a64fx,simde,128,main_scan_int,2,"and 1",0.20,11.7055,5.0727,2,2,2026-10-07T03:18:41+02:00
a64fx,simde,128,main_scan_int,2,"and 1",0.20,11.7732,5.1082,2,2,2026-10-07T03:18:41+02:00
a64fx,simde,128,main_scan_int,2,"and 1",0.20,11.7357,5.0936,2,2,2026-10-07T03:18:41+02:00
a64fx,simde,128,main_scan_int,2,"and 1",0.20,11.7430,5.1031,2,2,2026-10-07T03:18:41+02:00
a64fx,simde,128,main_scan_int,2,"and 2",0.45,4.2841,4.0897,2,2,2026-10-07T03:18:41+02:00
a64fx,simde,128,main_scan_int,2,"and 2",0.45,4.2781,4.0729,2,2,2026-10-07T03:18:41+02:00
a64fx,simde,128,main_scan_int,2,"and 2",0.45,4.2799,4.0640,2,2,2026-10-07T03:18:41+02:00
a64fx,simde,128,main_scan_int,2,"and 2",0.45,4.2867,4.0912,2,2,2026-10-07T03:18:41+02:00
a64fx,simde,128,main_scan_int,2,"and 2",0.45,4.2855,4.0886,2,2,2026-10-07T03:18:41+02:00
a64fx,simde,128,main_scan_int,2,"and 3",0.58,3.4777,3.6711,2,2,2026-10-07T03:18:41+02:00
a64fx,simde,128,main_scan_int,2,"and 3",0.58,3.5156,3.6985,2,2,2026-10-07T03:18:41+02:00
a64fx,simde,128,main_scan_int,2,"and 3",0.58,3.5141,3.7028,2,2,2026-10-07T03:18:41+02:00
a64fx,simde,128,main_scan_int,2,"and 3",0.58,3.4680,3.6889,2,2,2026-10-07T03:18:41+02:00
a64fx,simde,128,main_scan_int,2,"and 3",0.58,3.5195,3.6956,2,2,2026-10-07T03:18:41+02:00
a64fx,simde,128,main_scan_int,2,"and 1",0.50,5.8513,2.6771,2,2,2026-10-07T03:18:41+02:00
a64fx,simde,128,main_scan_int,2,"and 1",0.50,5.8970,2.6654,2,2,2026-10-07T03:18:41+02:00
a64fx,simde,128,main_scan_int,2,"and 1",0.50,5.8359,2.6650,2,2,2026-10-07T03:18:41+02:00
a64fx,simde,128,main_scan_int,2,"and 1",0.50,5.8490,2.6668,2,2,2026-10-07T03:18:41+02:00
a64fx,simde,128,main_scan_int,2,"and 1",0.50,5.8918,2.6219,2,2,2026-10-07T03:18:41+02:00
a64fx,simde,128,main_scan_int,2,"and 2",0.71,5.4016,2.3597,2,2,2026-10-07T03:18:41+02:00
a64fx,simde,128,main_scan_int,2,"and 2",0.71,5.4184,2.3581,2,2,2026-10-07T03:18:41+02:00
a64fx,simde,128,main_scan_int,2,"and 2",0.71,5.4243,2.3595,2,2,2026-10-07T03:18:41+02:00
a64fx,simde,128,main_scan_int,2,"and 2",0.71,5.4313,2.3614,2,2,2026-10-07T03:18:41+02:00
a64fx,simde,128,main_scan_int,2,"and 2",0.71,5.4305,2.3561,2,2,2026-10-07T03:18:41+02:00
a64fx,simde,128,main_scan_int,2,"and 3",0.79,5.2113,2.2288,2,2,2026-10-07T03:18:41+02:00
a64fx,simde,128,main_scan_int,2,"and 3",0.79,5.1924,2.2284,2,2,2026-10-07T03:18:41+02:00
a64fx,simde,128,main_scan_int,2,"and 3",0.79,5.2042,2.2319,2,2,2026-10-07T03:18:41+02:00
a64fx,simde,128,main_scan_int,2,"and 3",0.79,5.2093,2.2311,2,2,2026-10-07T03:18:41+02:00
a64fx,simde,128,main_scan_int,2,"and 3",0.79,5.2004,2.2303,2,2,2026-10-07T03:18:41+02:00
a64fx,simde,128,main_scan_int,2,"and 1",1.00,32.0333,23.3745,2,2,2026-10-07T03:18:41+02:00
a64fx,simde,128,main_scan_int,2,"and 1",1.00,31.8418,23.4799,2,2,2026-10-07T03:18:41+02:00
a64fx,simde,128,main_scan_int,2,"and 1",1.00,29.8778,23.4840,2,2,2026-10-07T03:18:41+02:00
a64fx,simde,128,main_scan_int,2,"and 1",1.00,30.0451,23.4535,2,2,2026-10-07T03:18:41+02:00
a64fx,simde,128,main_scan_int,2,"and 1",1.00,30.8120,23.3692,2,2,2026-10-07T03:18:41+02:00
a64fx,simde,128,main_scan_int,2,"and 2",1.00,25.9629,11.3853,2,2,2026-10-07T03:18:41+02:00
a64fx,simde,128,main_scan_int,2,"and 2",1.00,26.3052,11.6790,2,2,2026-10-07T03:18:41+02:00
a64fx,simde,128,main_scan_int,2,"and 2",1.00,26.2084,11.7119,2,2,2026-10-07T03:18:41+02:00
a64fx,simde,128,main_scan_int,2,"and 2",1.00,23.7124,11.0984,2,2,2026-10-07T03:18:41+02:00
a64fx,simde,128,main_scan_int,2,"and 2",1.00,26.2324,11.2293,2,2,2026-10-07T03:18:41+02:00
a64fx,simde,128,main_scan_int,2,"and 3",1.00,9.7083,8.7487,2,2,2026-10-07T03:18:41+02:00
a64fx,simde,128,main_scan_int,2,"and 3",1.00,9.7817,8.8805,2,2,2026-10-07T03:18:41+02:00
a64fx,simde,128,main_scan_int,2,"and 3",1.00,9.7750,8.9943,2,2,2026-10-07T03:18:41+02:00
a64fx,simde,128,main_scan_int,2,"and 3",1.00,9.7753,9.0074,2,2,2026-10-07T03:18:41+02:00
a64fx,simde,128,main_scan_int,2,"and 3",1.00,9.8049,9.0160,2,2,2026-10-07T03:18:41+02:00
a64fx,simde,256,main_scan_int,2,"and 1",0.00,46.2877,29.9196,2,2,2026-10-07T03:18:49+02:00
a64fx,simde,256,main_scan_int,2,"and 1",0.00,48.8453,30.1413,2,2,2026-10-07T03:18:49+02:00
a64fx,simde,256,main_scan_int,2,"and 1",0.00,48.5584,30.0767,2,2,2026-10-07T03:18:49+02:00
a64fx,simde,256,main_scan_int,2,"and 1",0.00,49.1237,30.1587,2,2,2026-10-07T03:18:49+02:00
a64fx,simde,256,main_scan_int,2,"and 1",0.00,48.9410,30.1704,2,2,2026-10-07T03:18:49+02:00
a64fx,simde,256,main_scan_int,2,"and 2",0.03,14.6688,13.9153,2,2,2026-10-07T03:18:49+02:00
a64fx,simde,256,main_scan_int,2,"and 2",0.03,14.7245,13.9804,2,2,2026-10-07T03:18:49+02:00
a64fx,simde,256,main_scan_int,2,"and 2",0.03,14.1201,13.5155,2,2,2026-10-07T03:18:49+02:00
a64fx,simde,256,main_scan_int,2,"and 2",0.03,14.6849,13.9657,2,2,2026-10-07T03:18:49+02:00
a64fx,simde,256,main_scan_int,2,"and 2",0.03,14.6486,13.9398,2,2,2026-10-07T03:18:49+02:00
a64fx,simde,256,main_scan_int,2,"and 3",0.10,9.8000,9.6979,2,2,2026-10-07T03:18:49+02:00
a64fx,simde,256,main_scan_int,2,"and 3",0.10,9.9800,9.4452,2,2,2026-10-07T03:18:49+02:00
a64fx,simde,256,main_scan_int,2,"and 3",0.10,10.1062,9.6978,2,2,2026-10-07T03:18:49+02:00
a64fx,simde,256,main_scan_int,2,"and 3",0.10,10.0912,9.9510,2,2,2026-10-07T03:18:49+02:00
a64fx,simde,256,main_scan_int,2,"and 3",0.10,9.7850,9.7865,2,2,2026-10-07T03:18:49+02:00
a64fx,simde,256,main_scan_int,2,"and 1",0.00,42.4819,28.1780,2,2,2026-10-07T03:18:49+02:00
a64fx,simde,256,main_scan_int,2,"and 1",0.00,42.4434,28.1043,2,2,2026-10-07T03:18:49+02:00
a64fx,simde,256,main_scan_int,2,"and 1",0.00,42.3441,28.4834,2,2,2026-10-07T03:18:49+02:00
a64fx,simde,256,main_scan_int,2,"and 1",0.00,42.4175,28.4382,2,2,2026-10-07T03:18:49+02:00
a64fx,simde,256,main_scan_int,2,"and 1",0.00,42.5629,28.2356,2,2,2026-10-07T03:18:49+02:00
a64fx,simde,256,main_scan_int,2,"and 2",0.04,14.8928,13.8910,2,2,2026-10-07T03:18:49+02:00
a64fx,simde,256,main_scan_int,2,"and 2",0.04,13.7724,13.8954,2,2,2026-10-07T03:18:49+02:00
a64fx,simde,256,main_scan_int,2,"and 2",0.04,14.8696,13.8758,2,2,2026-10-07T03:18:49+02:00
a64fx,simde,256,main_scan_int,2,"and 2",0.04,14.8811,13.8914,2,2,2026-10-07T03:18:49+02:00
a64fx,simde,256,main_scan_int,2,"and 2",0.04,14.6809,13.7609,2,2,2026-10-07T03:18:49+02:00
a64fx,simde,256,main_scan_int,2,"and 3",0.13,8.6849,9.0819,2,2,2026-10-07T03:18:49+02:00
a64fx,simde,256,main_scan_int,2,"and 3",0.13,8.5966,9.0558,2,2,2026-10-07T03:18:49+02:00
a64fx,simde,256,main_scan_int,2,"and 3",0.13,8.3692,8.9226,2,2,2026-10-07T03:18:49+02:00
a64fx,simde,256,main_scan_int,2,"and 3",0.13,8.5306,8.9422,2,2,2026-10-07T03:18:49+02:00
a64fx,simde,256,main_scan_int,2,"and 3",0.13,8.6697,8.8692,2,2,2026-10-07T03:18:49+02:00
a64fx,simde,256,main_scan_int,2,"and 1",0.01,31.9068,24.1536,2,2,2026-10-07T03:18:49+02:00
a64fx,simde,256,main_scan_int,2,"and 1",0.01,31.4827,24.2549,2,2,2026-10-07T03:18:49+02:00
a64fx,simde,256,main_scan_int,2,"and 1",0.01,32.2164,24.2588,2,2,2026-10-07T03:18:49+02:00
a64fx,simde,256,main_scan_int,2,"and 1",0.01,32.3105,24.2007,2,2,2026-10-07T03:18:49+02:00
a64fx,simde,256,main_scan_int,2,"and 1",0.01,31.9425,24.4292,2,2,2026-10-07T03:18:49+02:00
a64fx,simde,256,main_scan_int,2,"and 2",0.07,12.4504,11.7728,2,2,2026-10-07T03:18:49+02:00
a64fx,simde,256,main_scan_int,2,"and 2",0.07,12.8608,12.5036,2,2,2026-10-07T03:18:49+02:00
a64fx,simde,256,main_scan_int,2,"and 2",0.07,12.0574,12.2592,2,2,2026-10-07T03:18:49+02:00
a64fx,simde,256,main_scan_int,2,"and 2",0.07,12.8513,12.4833,2,2,2026-10-07T03:18:49+02:00
a64fx,simde,256,main_scan_int,2,"and 2",0.07,12.8291,12.4805,2,2,2026-10-07T03:18:49+02:00
a64fx,simde,256,main_scan_int,2,"and 3",0.17,7.2137,8.3401,2,2,2026-10-07T03:18:49+02:00
a64fx,simde,256,main_scan_int,2,"and 3",0.17,7.3313,8.3462,2,2,2026-10-07T03:18:49+02:00
a64fx,simde,256,main_scan_int,2,"and 3",0.17,7.2956,8.3650,2,2,2026-10-07T03:18:49+02:00
a64fx,simde,256,main_scan_int,2,"and 3",0.17,7.1702,8.2685,2,2,2026-10-07T03:18:49+02:00
a64fx,simde,256,main_scan_int,2,"and 3",0.17,7.4166,8.3518,2,2,2026-10-07T03:18:49+02:00
a64fx,simde,256,main_scan_int,2,"and 1",0.01,24.6528,19.5819,2,2,2026-10-07T03:18:49+02:00
a64fx,simde,256,main_scan_int,2,"and 1",0.01,24.8128,19.4242,2,2,2026-10-07T03:18:49+02:00
a64fx,simde,256,main_scan_int,2,"and 1",0.01,24.9409,19.7850,2,2,2026-10-07T03:18:49+02:00
a64fx,simde,256,main_scan_int,2,"and 1",0.01,24.7105,20.2280,2,2,2026-10-07T03:18:49+02:00
a64fx,simde,256,main_scan_int,2,"and 1",0.01,24.7388,20.2111,2,2,2026-10-07T03:18:49+02:00
a64fx,simde,256,main_scan_int,2,"and 2",0.10,10.5846,10.6821,2,2,2026-10-07T03:18:49+02:00
a64fx,simde,256,main_scan_int,2,"and 2",0.10,10.3277,10.7922,2,2,2026-10-07T03:18:49+02:00
a64fx,simde,256,main_scan_int,2,"and 2",0.10,10.3252,10.4500,2,2,2026-10-07T03:18:49+02:00
a64fx,simde,256,main_scan_int,2,"and 2",0.10,10.5780,10.8091,2,2,2026-10-07T03:18:49+02:00
a64fx,simde,256,main_scan_int,2,"and 2",0.10,10.2400,10.7823,2,2,2026-10-07T03:18:49+02:00
a64fx,simde,256,main_scan_int,2,"and 3",0.22,6.6289,8.0116,2,2,2026-10-07T03:18:49+02:00
a64fx,simde,256,main_scan_int,2,"and 3",0.22,6.5426,8.0485,2,2,2026-10-07T03:18:49+02:00
a64fx,simde,256,main_scan_int,2,"and 3",0.22,6.6092,8.0233,2,2,2026-10-07T03:18:49+02:00
a64fx,simde,256,main_scan_int,2,"and 3",0.22,6.6541,8.0324,2,2,2026-10-07T03:18:49+02:00
a64fx,simde,256,main_scan_int,2,"and 3",0.22,6.5112,8.0361,2,2,2026-10-07T03:18:49+02:00
a64fx,simde,256,main_scan_int,2,"and 1",0.02,20.2549,15.7486,2,2,2026-10-07T03:18:49+02:00
a64fx,simde,256,main_scan_int,2,"and 1",0.02,21.0255,15.1238,2,2,2026-10-07T03:18:49+02:00
a64fx,simde,256,main_scan_int,2,"and 1",0.02,20.8922,15.7351,2,2,2026-10-07T03:18:49+02:00
a64fx,simde,256,main_scan_int,2,"and 1",0.02,20.9399,15.6704,2,2,2026-10-07T03:18:49+02:00
a64fx,simde,256,main_scan_int,2,"and 1",0.02,20.3264,15.7818,2,2,2026-10-07T03:18:49+02:00
a64fx,simde,256,main_scan_int,2,"and 2",0.14,8.7895,8.8434,2,2,2026-10-07T03:18:49+02:00
a64fx,simde,256,main_scan_int,2,"and 2",0.14,8.8002,9.0241,2,2,2026-10-07T03:18:49+02:00
a64fx,simde,256,main_scan_int,2,"and 2",0.14,8.6724,9.0160,2,2,2026-10-07T03:18:49+02:00
a64fx,simde,256,main_scan_int,2,"and 2",0.14,8.6048,8.9103,2,2,2026-10-07T03:18:49+02:00
a64fx,simde,256,main_scan_int,2,"and 2",0.14,8.4714,8.8307,2,2,2026-10-07T03:18:49+02:00
a64fx,simde,256,main_scan_int,2,"and 3",0.27,5.6825,7.0973,2,2,2026-10-07T03:18:49+02:00
a64fx,simde,256,main_scan_int,2,"and 3",0.27,5.6468,7.0856,2,2,2026-10-07T03:18:49+02:00
a64fx,simde,256,main_scan_int,2,"and 3",0.27,5.6347,7.0253,2,2,2026-10-07T03:18:49+02:00
a64fx,simde,256,main_scan_int,2,"and 3",0.27,5.6100,7.2272,2,2,2026-10-07T03:18:49+02:00
a64fx,simde,256,main_scan_int,2,"and 3",0.27,5.6187,7.1656,2,2,2026-10-07T03:18:49+02:00
a64fx,simde,256,main_scan_int,2,"and 1",0.05,25.4291,10.7249,2,2,2026-10-07T03:18:49+02:00
a64fx,simde,256,main_scan_int,2,"and 1",0.05,25.4072,10.7796,2,2,2026-10-07T03:18:49+02:00
a64fx,simde,256,main_scan_int,2,"and 1",0.05,25.3310,10.6084,2,2,2026-10-07T03:18:49+02:00
a64fx,simde,256,main_scan_int,2,"and 1",0.05,25.4282,10.7674,2,2,2026-10-07T03:18:49+02:00
a64fx,simde,256,main_scan_int,2,"and 1",0.05,23.8174,10.6987,2,2,2026-10-07T03:18:49+02:00
a64fx,simde,256,main_scan_int,2,"and 2",0.22,7.8706,6.9286,2,2,2026-10-07T03:18:49+02:00
a64fx,simde,256,main_scan_int,2,"and 2",0.22,7.8515,6.8377,2,2,2026-10-07T03:18:49+02:00
a64fx,simde,256,main_scan_int,2,"and 2",0.22,7.8544,6.8945,2,2,2026-10-07T03:18:49+02:00
a64fx,simde,256,main_scan_int,2,"and 2",0.22,7.8539,6.9574,2,2,2026-10-07T03:18:49+02:00
a64fx,simde,256,main_scan_int,2,"and 2",0.22,7.8690,6.9291,2,2,2026-10-07T03:18:49+02:00
a64fx,simde,256,main_scan_int,2,"and 3",0.37,4.5732,5.8296,2,2,2026-10-07T03:18:49+02:00
a64fx,simde,256,main_scan_int,2,"and 3",0.37,4.4829,5.8011,2,2,2026-10-07T03:18:49+02:00
a64fx,simde,256,main_scan_int,2,"and 3",0.37,4.5749,5.7945,2,2,2026-10-07T03:18:49+02:00
a64fx,simde,256,main_scan_int,2,"and 3",0.37,4.5694,5.7892,2,2,2026-10-07T03:18:49+02:00
a64fx,simde,256,main_scan_int,2,"and 3",0.37,4.5769,5.7842,2,2,2026-10-07T03:18:49+02:00
a64fx,simde,256,main_scan_int,2,"and 1",0.10,18.5299,7.4932,2,2,2026-10-07T03:18:49+02:00
a64fx,simde,256,main_scan_int,2,"and 1",0.10,19.2027,7.5336,2,2,2026-10-07T03:18:49+02:00
a64fx,simde,256,main_scan_int,2,"and 1",0.10,18.9830,7.6053,2,2,2026-10-07T03:18:49+02:00
a64fx,simde,256,main_scan_int,2,"and 1",0.10,19.1806,7.5509,2,2,2026-10-07T03:18:49+02:00
a64fx,simde,256,main_scan_int,2,"and 1",0.10,18.9364,7.6624,2,2,2026-10-07T03:18:49+02:00
a64fx,simde,256,main_scan_int,2,"and 2",0.32,5.8358,5.5154,2,2,2026-10-07T03:18:49+02:00
a64fx,simde,256,main_scan_int,2,"and 2",0.32,5.8846,5.4413,2,2,2026-10-07T03:18:49+02:00
a64fx,simde,256,main_scan_int,2,"and 2",0.32,5.8725,5.4909,2,2,2026-10-07T03:18:49+02:00
a64fx,simde,256,main_scan_int,2,"and 2",0.32,5.8296,5.5062,2,2,2026-10-07T03:18:49+02:00
a64fx,simde,256,main_scan_int,2,"and 2",0.32,5.9045,5.5050,2,2,2026-10-07T03:18:49+02:00
a64fx,simde,256,main_scan_int,2,"and 3",0.46,3.6490,4.7068,2,2,2026-10-07T03:18:49+02:00
a64fx,simde,256,main_scan_int,2,"and 3",0.46,3.6566,4.7138,2,2,2026-10-07T03:18:49+02:00
a64fx,simde,256,main_scan_int,2,"and 3",0.46,1.1586,4.7203,2,2,2026-10-07T03:18:49+02:00
a64fx,simde,256,main_scan_int,2,"and 3",0.46,3.6735,4.6825,2,2,2026-10-07T03:18:49+02:00
a64fx,simde,256,main_scan_int,2,"and 3",0.46,3.6469,4.7393,2,2,2026-10-07T03:18:49+02:00
a64fx,simde,256,main_scan_int,2,"and 1",0.20,11.5845,4.9770,2,2,2026-10-07T03:18:49+02:00
a64fx,simde,256,main_scan_int,2,"and 1",0.20,11.3227,4.9694,2,2,2026-10-07T03:18:49+02:00
a64fx,simde,256,main_scan_int,2,"and 1",0.20,11.4856,4.9585,2,2,2026-10-07T03:18:49+02:00
a64fx,simde,256,main_scan_int,2,"and 1",0.20,11.4782,4.9518,2,2,2026-10-07T03:18:49+02:00
a64fx,simde,256,main_scan_int,2,"and 1",0.20,11.7714,4.9870,2,2,2026-10-07T03:18:49+02:00
a64fx,simde,256,main_scan_int,2,"and 2",0.45,4.2855,3.9945,2,2,2026-10-07T03:18:49+02:00
a64fx,simde,256,main_scan_int,2,"and 2",0.45,4.2820,3.9914,2,2,2026-10-07T03:18:49+02:00
a64fx,simde,256,main_scan_int,2,"and 2",0.45,4.2663,3.9866,2,2,2026-10-07T03:18:49+02:00
a64fx,simde,256,main_scan_int,2,"and 2",0.45,4.2663,3.9802,2,2,2026-10-07T03:18:49+02:00
a64fx,simde,256,main_scan_int,2,"and 2",0.45,4.2842,3.9778,2,2,2026-10-07T03:18:49+02:00
a64fx,simde,256,main_scan_int,2,"and 3",0.58,3.5177,3.5884,2,2,2026-10-07T03:18:49+02:00
a64fx,simde,256,main_scan_int,2,"and 3",0.58,3.4881,2.4239,2,2,2026-10-07T03:18:49+02:00
a64fx,simde,256,main_scan_int,2,"and 3",0.58,3.4890,3.5746,2,2,2026-10-07T03:18:49+02:00
a64fx,simde,256,main_scan_int,2,"and 3",0.58,3.5065,3.5946,2,2,2026-10-07T03:18:49+02:00
a64fx,simde,256,main_scan_int,2,"and 3",0.58,3.5022,3.5932,2,2,2026-10-07T03:18:49+02:00
a64fx,simde,256,main_scan_int,2,"and 1",0.50,5.8511,2.5948,2,2,2026-10-07T03:18:49+02:00
a64fx,simde,256,main_scan_int,2,"and 1",0.50,5.8495,2.5787,2,2,2026-10-07T03:18:49+02:00
a64fx,simde,256,main_scan_int,2,"and 1",0.50,5.8586,2.5908,2,2,2026-10-07T03:18:49+02:00
a64fx,simde,256,main_scan_int,2,"and 1",0.50,5.7944,2.5850,2,2,2026-10-07T03:18:49+02:00
a64fx,simde,256,main_scan_int,2,"and 1",0.50,5.8253,2.5884,2,2,2026-10-07T03:18:49+02:00
a64fx,simde,256,main_scan_int,2,"and 2",0.71,5.4030,2.2949,2,2,2026-10-07T03:18:49+02:00
a64fx,simde,256,main_scan_int,2,"and 2",0.71,5.4702,2.2933,2,2,2026-10-07T03:18:49+02:00
a64fx,simde,256,main_scan_int,2,"and 2",0.71,5.3978,2.2945,2,2,2026-10-07T03:18:49+02:00
a64fx,simde,256,main_scan_int,2,"and 2",0.71,5.4208,2.2980,2,2,2026-10-07T03:18:49+02:00
a64fx,simde,256,main_scan_int,2,"and 2",0.71,5.4258,2.2946,2,2,2026-10-07T03:18:49+02:00
a64fx,simde,256,main_scan_int,2,"and 3",0.79,5.2313,1.8756,2,2,2026-10-07T03:18:49+02:00
a64fx,simde,256,main_scan_int,2,"and 3",0.79,5.1867,2.1583,2,2,2026-10-07T03:18:49+02:00
a64fx,simde,256,main_scan_int,2,"and 3",0.79,5.1987,2.1448,2,2,2026-10-07T03:18:49+02:00
a64fx,simde,256,main_scan_int,2,"and 3",0.79,5.2046,2.1544,2,2,2026-10-07T03:18:49+02:00
a64fx,simde,256,main_scan_int,2,"and 3",0.79,5.2014,2.1604,2,2,2026-10-07T03:18:49+02:00
a64fx,simde,256,main_scan_int,2,"and 1",1.00,31.7677,23.5081,2,2,2026-10-07T03:18:49+02:00
a64fx,simde,256,main_scan_int,2,"and 1",1.00,31.9133,23.5347,2,2,2026-10-07T03:18:49+02:00
a64fx,simde,256,main_scan_int,2,"and 1",1.00,30.4573,23.6035,2,2,2026-10-07T03:18:49+02:00
a64fx,simde,256,main_scan_int,2,"and 1",1.00,32.0237,22.5203,2,2,2026-10-07T03:18:49+02:00
a64fx,simde,256,main_scan_int,2,"and 1",1.00,31.8005,23.6151,2,2,2026-10-07T03:18:49+02:00
a64fx,simde,256,main_scan_int,2,"and 2",1.00,26.0425,11.7448,2,2,2026-10-07T03:18:49+02:00
a64fx,simde,256,main_scan_int,2,"and 2",1.00,24.6341,11.3237,2,2,2026-10-07T03:18:49+02:00
a64fx,simde,256,main_scan_int,2,"and 2",1.00,26.0708,11.7459,2,2,2026-10-07T03:18:49+02:00
a64fx,simde,256,main_scan_int,2,"and 2",1.00,26.0147,11.4003,2,2,2026-10-07T03:18:49+02:00
a64fx,simde,256,main_scan_int,2,"and 2",1.00,26.0931,11.7633,2,2,2026-10-07T03:18:49+02:00
a64fx,simde,256,main_scan_int,2,"and 3",1.00,9.4382,8.7599,2,2,2026-10-07T03:18:49+02:00
a64fx,simde,256,main_scan_int,2,"and 3",1.00,9.4481,8.5449,2,2,2026-10-07T03:18:49+02:00
a64fx,simde,256,main_scan_int,2,"and 3",1.00,9.5182,8.4375,2,2,2026-10-07T03:18:49+02:00
a64fx,simde,256,main_scan_int,2,"and 3",1.00,9.5849,8.5829,2,2,2026-10-07T03:18:49+02:00
a64fx,simde,256,main_scan_int,2,"and 3",1.00,9.7766,8.6152,2,2,2026-10-07T03:18:49+02:00
a64fx,simde,512,main_scan_int,2,"and 1",0.00,48.8525,34.4722,2,2,2026-10-07T03:18:58+02:00
a64fx,simde,512,main_scan_int,2,"and 1",0.00,48.7658,35.4816,2,2,2026-10-07T03:18:58+02:00
a64fx,simde,512,main_scan_int,2,"and 1",0.00,48.8177,36.8432,2,2,2026-10-07T03:18:58+02:00
a64fx,simde,512,main_scan_int,2,"and 1",0.00,44.7860,36.8131,2,2,2026-10-07T03:18:58+02:00
a64fx,simde,512,main_scan_int,2,"and 1",0.00,48.8319,36.7247,2,2,2026-10-07T03:18:58+02:00
a64fx,simde,512,main_scan_int,2,"and 2",0.03,14.2567,14.7917,2,2,2026-10-07T03:18:58+02:00
a64fx,simde,512,main_scan_int,2,"and 2",0.03,14.5617,14.8875,2,2,2026-10-07T03:18:58+02:00
a64fx,simde,512,main_scan_int,2,"and 2",0.03,13.7940,14.1722,2,2,2026-10-07T03:18:58+02:00
a64fx,simde,512,main_scan_int,2,"and 2",0.03,14.5535,14.8929,2,2,2026-10-07T03:18:58+02:00
a64fx,simde,512,main_scan_int,2,"and 2",0.03,14.5985,14.9375,2,2,2026-10-07T03:18:58+02:00
a64fx,simde,512,main_scan_int,2,"and 3",0.10,9.8958,10.4332,2,2,2026-10-07T03:18:58+02:00
a64fx,simde,512,main_scan_int,2,"and 3",0.10,10.1170,10.7337,2,2,2026-10-07T03:18:58+02:00
a64fx,simde,512,main_scan_int,2,"and 3",0.10,9.8039,10.7563,2,2,2026-10-07T03:18:58+02:00
a64fx,simde,512,main_scan_int,2,"and 3",0.10,9.7963,10.4994,2,2,2026-10-07T03:18:58+02:00
a64fx,simde,512,main_scan_int,2,"and 3",0.10,10.1321,10.7527,2,2,2026-10-07T03:18:58+02:00
a64fx,simde,512,main_scan_int,2,"and 1",0.00,42.6792,34.2479,2,2,2026-10-07T03:18:58+02:00
a64fx,simde,512,main_scan_int,2,"and 1",0.00,42.6377,34.3321,2,2,2026-10-07T03:18:58+02:00
a64fx,simde,512,main_scan_int,2,"and 1",0.00,42.5832,34.2491,2,2,2026-10-07T03:18:58+02:00
a64fx,simde,512,main_scan_int,2,"and 1",0.00,41.3462,34.3029,2,2,2026-10-07T03:18:58+02:00
a64fx,simde,512,main_scan_int,2,"and 1",0.00,42.5872,34.2942,2,2,2026-10-07T03:18:58+02:00
a64fx,simde,512,main_scan_int,2,"and 2",0.04,14.4348,14.3413,2,2,2026-10-07T03:18:58+02:00
a64fx,simde,512,main_scan_int,2,"and 2",0.04,15.0533,15.0716,2,2,2026-10-07T03:18:58+02:00
a64fx,simde,512,main_scan_int,2,"and 2",0.04,15.0726,15.1816,2,2,2026-10-07T03:18:58+02:00
a64fx,simde,512,main_scan_int,2,"and 2",0.04,14.9780,14.9508,2,2,2026-10-07T03:18:58+02:00
a64fx,simde,512,main_scan_int,2,"and 2",0.04,14.4456,14.3279,2,2,2026-10-07T03:18:58+02:00
a64fx,simde,512,main_scan_int,2,"and 3",0.13,8.6792,9.9252,2,2,2026-10-07T03:18:58+02:00
a64fx,simde,512,main_scan_int,2,"and 3",0.13,8.4974,9.6075,2,2,2026-10-07T03:18:58+02:00
a64fx,simde,512,main_scan_int,2,"and 3",0.13,8.4958,9.9098,2,2,2026-10-07T03:18:58+02:00
a64fx,simde,512,main_scan_int,2,"and 3",0.13,8.5402,9.5249,2,2,2026-10-07T03:18:58+02:00
a64fx,simde,512,main_scan_int,2,"and 3",0.13,8.6822,9.7596,2,2,2026-10-07T03:18:58+02:00
a64fx,simde,512,main_scan_int,2,"and 1",0.01,31.8471,27.0969,2,2,2026-10-07T03:18:58+02:00
a64fx,simde,512,main_scan_int,2,"and 1",0.01,31.9127,27.5025,2,2,2026-10-07T03:18:58+02:00
a64fx,simde,512,main_scan_int,2,"and 1",0.01,31.9476,27.8595,2,2,2026-10-07T03:18:58+02:00
a64fx,simde,512,main_scan_int,2,"and 1",0.01,31.8720,26.0356,2,2,2026-10-07T03:18:58+02:00
a64fx,simde,512,main_scan_int,2,"and 1",0.01,32.0366,27.4329,2,2,2026-10-07T03:18:58+02:00
a64fx,simde,512,main_scan_int,2,"and 2",0.07,12.8754,13.3670,2,2,2026-10-07T03:18:58+02:00
a64fx,simde,512,main_scan_int,2,"and 2",0.07,12.4371,13.4092,2,2,2026-10-07T03:18:58+02:00
a64fx,simde,512,main_scan_int,2,"and 2",0.07,12.8565,13.3675,2,2,2026-10-07T03:18:58+02:00
a64fx,simde,512,main_scan_int,2,"and 2",0.07,11.8603,13.1463,2,2,2026-10-07T03:18:58+02:00
a64fx,simde,512,main_scan_int,2,"and 2",0.07,12.8812,13.3624,2,2,2026-10-07T03:18:58+02:00
a64fx,simde,512,main_scan_int,2,"and 3",0.17,7.1730,8.7316,2,2,2026-10-07T03:18:58+02:00
a64fx,simde,512,main_scan_int,2,"and 3",0.17,7.2795,8.9905,2,2,2026-10-07T03:18:58+02:00
a64fx,simde,512,main_scan_int,2,"and 3",0.17,7.3614,9.0075,2,2,2026-10-07T03:18:58+02:00
a64fx,simde,512,main_scan_int,2,"and 3",0.17,7.3861,8.9429,2,2,2026-10-07T03:18:58+02:00
a64fx,simde,512,main_scan_int,2,"and 3",0.17,7.4118,8.9734,2,2,2026-10-07T03:18:58+02:00
a64fx,simde,512,main_scan_int,2,"and 1",0.01,24.6427,23.2723,2,2,2026-10-07T03:18:58+02:00
a64fx,simde,512,main_scan_int,2,"and 1",0.01,23.7193,23.3543,2,2,2026-10-07T03:18:58+02:00
a64fx,simde,512,main_scan_int,2,"and 1",0.01,24.6832,22.5886,2,2,2026-10-07T03:18:58+02:00
a64fx,simde,512,main_scan_int,2,"and 1",0.01,24.5855,22.0989,2,2,2026-10-07T03:18:58+02:00
a64fx,simde,512,main_scan_int,2,"and 1",0.01,24.5659,23.2698,2,2,2026-10-07T03:18:58+02:00
a64fx,simde,512,main_scan_int,2,"and 2",0.10,10.5670,11.3301,2,2,2026-10-07T03:18:58+02:00
a64fx,simde,512,main_scan_int,2,"and 2",0.10,10.5762,11.2993,2,2,2026-10-07T03:18:58+02:00
a64fx,simde,512,main_scan_int,2,"and 2",0.10,10.2588,11.2910,2,2,2026-10-07T03:18:58+02:00
a64fx,simde,512,main_scan_int,2,"and 2",0.10,10.5933,11.4692,2,2,2026-10-07T03:18:58+02:00
a64fx,simde,512,main_scan_int,2,"and 2",0.10,10.1511,11.1647,2,2,2026-10-07T03:18:58+02:00
a64fx,simde,512,main_scan_int,2,"and 3",0.22,6.4758,8.3622,2,2,2026-10-07T03:18:58+02:00
a64fx,simde,512,main_scan_int,2,"and 3",0.22,6.5123,8.6293,2,2,2026-10-07T03:18:58+02:00
a64fx,simde,512,main_scan_int,2,"and 3",0.22,6.5766,8.6175,2,2,2026-10-07T03:18:58+02:00
a64fx,simde,512,main_scan_int,2,"and 3",0.22,6.5886,8.5798,2,2,2026-10-07T03:18:58+02:00
a64fx,simde,512,main_scan_int,2,"and 3",0.22,6.6972,8.5686,2,2,2026-10-07T03:18:58+02:00
a64fx,simde,512,main_scan_int,2,"and 1",0.02,20.8950,17.6985,2,2,2026-10-07T03:18:58+02:00
a64fx,simde,512,main_scan_int,2,"and 1",0.02,20.9017,17.6565,2,2,2026-10-07T03:18:58+02:00
a64fx,simde,512,main_scan_int,2,"and 1",0.02,20.5921,17.4455,2,2,2026-10-07T03:18:58+02:00
a64fx,simde,512,main_scan_int,2,"and 1",0.02,20.7007,17.2796,2,2,2026-10-07T03:18:58+02:00
a64fx,simde,512,main_scan_int,2,"and 1",0.02,20.9027,17.2657,2,2,2026-10-07T03:18:58+02:00
a64fx,simde,512,main_scan_int,2,"and 2",0.14,8.7972,9.4696,2,2,2026-10-07T03:18:58+02:00
a64fx,simde,512,main_scan_int,2,"and 2",0.14,8.8132,9.5096,2,2,2026-10-07T03:18:58+02:00
a64fx,simde,512,main_scan_int,2,"and 2",0.14,8.6752,9.1761,2,2,2026-10-07T03:18:58+02:00
a64fx,simde,512,main_scan_int,2,"and 2",0.14,8.7052,9.2196,2,2,2026-10-07T03:18:58+02:00
a64fx,simde,512,main_scan_int,2,"and 2",0.14,8.7996,9.4224,2,2,2026-10-07T03:18:58+02:00
a64fx,simde,512,main_scan_int,2,"and 3",0.27,5.5973,7.6979,2,2,2026-10-07T03:18:58+02:00
a64fx,simde,512,main_scan_int,2,"and 3",0.27,5.6079,7.8114,2,2,2026-10-07T03:18:58+02:00
a64fx,simde,512,main_scan_int,2,"and 3",0.27,5.5783,7.8142,2,2,2026-10-07T03:18:58+02:00
a64fx,simde,512,main_scan_int,2,"and 3",0.27,5.6435,7.7482,2,2,2026-10-07T03:18:58+02:00
a64fx,simde,512,main_scan_int,2,"and 3",0.27,5.5785,7.7010,2,2,2026-10-07T03:18:58+02:00
a64fx,simde,512,main_scan_int,2,"and 1",0.05,25.3392,11.6288,2,2,2026-10-07T03:18:58+02:00
a64fx,simde,512,main_scan_int,2,"and 1",0.05,25.3104,11.6368,2,2,2026-10-07T03:18:58+02:00
a64fx,simde,512,main_scan_int,2,"and 1",0.05,24.7963,11.4315,2,2,2026-10-07T03:18:58+02:00
a64fx,simde,512,main_scan_int,2,"and 1",0.05,25.1995,11.4512,2,2,2026-10-07T03:18:58+02:00
a64fx,simde,512,main_scan_int,2,"and 1",0.05,25.2387,11.5785,2,2,2026-10-07T03:18:58+02:00
a64fx,simde,512,main_scan_int,2,"and 2",0.22,7.7222,7.1477,2,2,2026-10-07T03:18:58+02:00
a64fx,simde,512,main_scan_int,2,"and 2",0.22,7.6636,7.0177,2,2,2026-10-07T03:18:58+02:00
a64fx,simde,512,main_scan_int,2,"and 2",0.22,7.8420,7.2682,2,2,2026-10-07T03:18:58+02:00
a64fx,simde,512,main_scan_int,2,"and 2",0.22,7.7764,7.2433,2,2,2026-10-07T03:18:58+02:00
a64fx,simde,512,main_scan_int,2,"and 2",0.22,7.7806,7.2628,2,2,2026-10-07T03:18:58+02:00
a64fx,simde,512,main_scan_int,2,"and 3",0.37,4.5189,6.2295,2,2,2026-10-07T03:18:58+02:00
a64fx,simde,512,main_scan_int,2,"and 3",0.37,4.5692,6.2081,2,2,2026-10-07T03:18:58+02:00
a64fx,simde,512,main_scan_int,2,"and 3",0.37,4.5842,6.2018,2,2,2026-10-07T03:18:58+02:00
a64fx,simde,512,main_scan_int,2,"and 3",0.37,4.4798,6.1622,2,2,2026-10-07T03:18:58+02:00
a64fx,simde,512,main_scan_int,2,"and 3",0.37,4.5893,6.1967,2,2,2026-10-07T03:18:58+02:00
a64fx,simde,512,main_scan_int,2,"and 1",0.10,18.2441,7.9309,2,2,2026-10-07T03:18:58+02:00
a64fx,simde,512,main_scan_int,2,"and 1",0.10,18.1910,8.1522,2,2,2026-10-07T03:18:58+02:00
a64fx,simde,512,main_scan_int,2,"and 1",0.10,9.1461,7.3710,2,2,2026-10-07T03:18:58+02:00
a64fx,simde,512,main_scan_int,2,"and 1",0.10,5.9335,7.3613,2,2,2026-10-07T03:18:58+02:00
a64fx,simde,512,main_scan_int,2,"and 1",0.10,18.9195,7.8777,2,2,2026-10-07T03:18:58+02:00
a64fx,simde,512,main_scan_int,2,"and 2",0.32,5.8354,5.5905,2,2,2026-10-07T03:18:58+02:00
a64fx,simde,512,main_scan_int,2,"and 2",0.32,5.6371,5.6888,2,2,2026-10-07T03:18:58+02:00
a64fx,simde,512,main_scan_int,2,"and 2",0.32,5.8034,5.5619,2,2,2026-10-07T03:18:58+02:00
a64fx,simde,512,main_scan_int,2,"and 2",0.32,5.7916,5.6828,2,2,2026-10-07T03:18:58+02:00
a64fx,simde,512,main_scan_int,2,"and 2",0.32,5.8501,5.7075,2,2,2026-10-07T03:18:58+02:00
a64fx,simde,512,main_scan_int,2,"and 3",0.46,3.6406,4.9861,2,2,2026-10-07T03:18:58+02:00
a64fx,simde,512,main_scan_int,2,"and 3",0.46,3.6500,4.9508,2,2,2026-10-07T03:18:58+02:00
a64fx,simde,512,main_scan_int,2,"and 3",0.46,3.6670,5.0421,2,2,2026-10-07T03:18:58+02:00
a64fx,simde,512,main_scan_int,2,"and 3",0.46,3.6336,5.0034,2,2,2026-10-07T03:18:58+02:00
a64fx,simde,512,main_scan_int,2,"and 3",0.46,3.6723,5.0214,2,2,2026-10-07T03:18:58+02:00
a64fx,simde,512,main_scan_int,2,"and 1",0.20,11.4331,5.1756,2,2,2026-10-07T03:18:58+02:00
a64fx,simde,512,main_scan_int,2,"and 1",0.20,11.5997,5.2330,2,2,2026-10-07T03:18:58+02:00
a64fx,simde,512,main_scan_int,2,"and 1",0.20,11.5277,5.2027,2,2,2026-10-07T03:18:58+02:00
a64fx,simde,512,main_scan_int,2,"and 1",0.20,11.4499,5.1908,2,2,2026-10-07T03:18:58+02:00
a64fx,simde,512,main_scan_int,2,"and 1",0.20,11.5030,5.2296,2,2,2026-10-07T03:18:58+02:00
a64fx,simde,512,main_scan_int,2,"and 2",0.45,4.2613,4.0938,2,2,2026-10-07T03:18:58+02:00
a64fx,simde,512,main_scan_int,2,"and 2",0.45,4.3009,4.0981,2,2,2026-10-07T03:18:58+02:00
a64fx,simde,512,main_scan_int,2,"and 2",0.45,4.2724,4.0928,2,2,2026-10-07T03:18:58+02:00
a64fx,simde,512,main_scan_int,2,"and 2",0.45,4.2937,4.0893,2,2,2026-10-07T03:18:58+02:00
a64fx,simde,512,main_scan_int,2,"and 2",0.45,4.2800,4.1146,2,2,2026-10-07T03:18:58+02:00
a64fx,simde,512,main_scan_int,2,"and 3",0.58,3.4990,3.7186,2,2,2026-10-07T03:18:58+02:00
a64fx,simde,512,main_scan_int,2,"and 3",0.58,3.5130,3.7801,2,2,2026-10-07T03:18:58+02:00
a64fx,simde,512,main_scan_int,2,"and 3",0.58,3.4913,3.7721,2,2,2026-10-07T03:18:58+02:00
a64fx,simde,512,main_scan_int,2,"and 3",0.58,3.5218,3.7728,2,2,2026-10-07T03:18:58+02:00
a64fx,simde,512,main_scan_int,2,"and 3",0.58,3.5068,3.7755,2,2,2026-10-07T03:18:58+02:00
a64fx,simde,512,main_scan_int,2,"and 1",0.50,5.8572,2.8597,2,2,2026-10-07T03:18:58+02:00
a64fx,simde,512,main_scan_int,2,"and 1",0.50,5.7786,2.8670,2,2,2026-10-07T03:18:58+02:00
a64fx,simde,512,main_scan_int,2,"and 1",0.50,5.8177,2.8685,2,2,2026-10-07T03:18:58+02:00
a64fx,simde,512,main_scan_int,2,"and 1",0.50,5.8461,2.8842,2,2,2026-10-07T03:18:58+02:00
a64fx,simde,512,main_scan_int,2,"and 1",0.50,5.8559,2.8670,2,2,2026-10-07T03:18:58+02:00
a64fx,simde,512,main_scan_int,2,"and 2",0.71,5.4192,2.5007,2,2,2026-10-07T03:18:58+02:00
a64fx,simde,512,main_scan_int,2,"and 2",0.71,5.4195,2.5015,2,2,2026-10-07T03:18:58+02:00
a64fx,simde,512,main_scan_int,2,"and 2",0.71,5.4002,2.4972,2,2,2026-10-07T03:18:58+02:00
a64fx,simde,512,main_scan_int,2,"and 2",0.71,5.4196,2.4130,2,2,2026-10-07T03:18:58+02:00
a64fx,simde,512,main_scan_int,2,"and 2",0.71,5.4402,2.5026,2,2,2026-10-07T03:18:58+02:00
a64fx,simde,512,main_scan_int,2,"and 3",0.79,5.1990,2.3697,2,2,2026-10-07T03:18:58+02:00
a64fx,simde,512,main_scan_int,2,"and 3",0.79,5.2185,2.3626,2,2,2026-10-07T03:18:58+02:00
a64fx,simde,512,main_scan_int,2,"and 3",0.79,5.1765,2.3657,2,2,2026-10-07T03:18:58+02:00
a64fx,simde,512,main_scan_int,2,"and 3",0.79,5.1683,2.3659,2,2,2026-10-07T03:18:58+02:00
a64fx,simde,512,main_scan_int,2,"and 3",0.79,5.1577,2.3668,2,2,2026-10-07T03:18:58+02:00
a64fx,simde,512,main_scan_int,2,"and 1",1.00,32.0761,28.8523,2,2,2026-10-07T03:18:58+02:00
a64fx,simde,512,main_scan_int,2,"and 1",1.00,29.4941,29.0145,2,2,2026-10-07T03:18:58+02:00
a64fx,simde,512,main_scan_int,2,"and 1",1.00,31.8744,29.1045,2,2,2026-10-07T03:18:58+02:00
a64fx,simde,512,main_scan_int,2,"and 1",1.00,31.8895,29.0857,2,2,2026-10-07T03:18:58+02:00
a64fx,simde,512,main_scan_int,2,"and 1",1.00,31.8069,28.7365,2,2,2026-10-07T03:18:58+02:00
a64fx,simde,512,main_scan_int,2,"and 2",1.00,25.7748,12.2299,2,2,2026-10-07T03:18:58+02:00
a64fx,simde,512,main_scan_int,2,"and 2",1.00,23.2378,11.7370,2,2,2026-10-07T03:18:58+02:00
a64fx,simde,512,main_scan_int,2,"and 2",1.00,26.0695,12.2131,2,2,2026-10-07T03:18:58+02:00
a64fx,simde,512,main_scan_int,2,"and 2",1.00,25.8592,12.1378,2,2,2026-10-07T03:18:58+02:00
a64fx,simde,512,main_scan_int,2,"and 2",1.00,25.4350,11.6618,2,2,2026-10-07T03:18:58+02:00
a64fx,simde,512,main_scan_int,2,"and 3",1.00,9.7810,9.5194,2,2,2026-10-07T03:18:58+02:00
a64fx,simde,512,main_scan_int,2,"and 3",1.00,9.7875,9.5744,2,2,2026-10-07T03:18:58+02:00
a64fx,simde,512,main_scan_int,2,"and 3",1.00,9.5994,9.2204,2,2,2026-10-07T03:18:58+02:00
a64fx,simde,512,main_scan_int,2,"and 3",1.00,9.5621,9.5584,2,2,2026-10-07T03:18:58+02:00
a64fx,simde,512,main_scan_int,2,"and 3",1.00,9.6965,9.4051,2,2,2026-10-07T03:18:58+02:00
a64fx,simde,128,main_scan_enc,2,"and 1",0.00,17.8923,8.0309,2,2,2026-10-07T03:19:31+02:00
a64fx,simde,128,main_scan_enc,2,"and 1",0.00,17.8969,8.0669,2,2,2026-10-07T03:19:31+02:00
a64fx,simde,128,main_scan_enc,2,"and 1",0.00,18.0797,8.1305,2,2,2026-10-07T03:19:31+02:00
a64fx,simde,128,main_scan_enc,2,"and 1",0.00,17.9873,8.0537,2,2,2026-10-07T03:19:31+02:00
a64fx,simde,128,main_scan_enc,2,"and 1",0.00,18.1910,8.1673,2,2,2026-10-07T03:19:31+02:00
a64fx,simde,128,main_scan_enc,2,"and 2",0.03,13.8710,5.3928,2,2,2026-10-07T03:19:31+02:00
a64fx,simde,128,main_scan_enc,2,"and 2",0.03,14.0390,5.4670,2,2,2026-10-07T03:19:31+02:00
a64fx,simde,128,main_scan_enc,2,"and 2",0.03,13.8990,5.4212,2,2,2026-10-07T03:19:31+02:00
a64fx,simde,128,main_scan_enc,2,"and 2",0.03,13.7424,5.3661,2,2,2026-10-07T03:19:31+02:00
a64fx,simde,128,main_scan_enc,2,"and 2",0.03,12.9186,5.4132,2,2,2026-10-07T03:19:31+02:00
a64fx,simde,128,main_scan_enc,2,"and 3",0.10,7.7327,3.6553,2,2,2026-10-07T03:19:31+02:00
a64fx,simde,128,main_scan_enc,2,"and 3",0.10,7.8150,3.6715,2,2,2026-10-07T03:19:31+02:00
a64fx,simde,128,main_scan_enc,2,"and 3",0.10,7.6676,3.6281,2,2,2026-10-07T03:19:31+02:00
a64fx,simde,128,main_scan_enc,2,"and 3",0.10,7.8177,3.6691,2,2,2026-10-07T03:19:31+02:00
a64fx,simde,128,main_scan_enc,2,"and 3",0.10,7.7448,3.6756,2,2,2026-10-07T03:19:31+02:00
a64fx,simde,128,main_scan_enc,2,"and 1",0.00,17.2375,8.0242,2,2,2026-10-07T03:19:31+02:00
a64fx,simde,128,main_scan_enc,2,"and 1",0.00,16.7279,7.9528,2,2,2026-10-07T03:19:31+02:00
a64fx,simde,128,main_scan_enc,2,"and 1",0.00,17.2018,7.9469,2,2,2026-10-07T03:19:31+02:00
a64fx,simde,128,main_scan_enc,2,"and 1",0.00,17.1956,8.0122,2,2,2026-10-07T03:19:31+02:00
a64fx,simde,128,main_scan_enc,2,"and 1",0.00,17.2336,7.9341,2,2,2026-10-07T03:19:31+02:00
a64fx,simde,128,main_scan_enc,2,"and 2",0.04,12.6128,4.9641,2,2,2026-10-07T03:19:31+02:00
a64fx,simde,128,main_scan_enc,2,"and 2",0.04,12.6584,4.9643,2,2,2026-10-07T03:19:31+02:00
a64fx,simde,128,main_scan_enc,2,"and 2",0.04,12.6401,4.9638,2,2,2026-10-07T03:19:31+02:00
a64fx,simde,128,main_scan_enc,2,"and 2",0.04,12.6057,4.9397,2,2,2026-10-07T03:19:31+02:00
a64fx,simde,128,main_scan_enc,2,"and 2",0.04,12.6406,4.9290,2,2,2026-10-07T03:19:31+02:00
a64fx,simde,128,main_scan_enc,2,"and 3",0.13,7.0278,3.4397,2,2,2026-10-07T03:19:31+02:00
a64fx,simde,128,main_scan_enc,2,"and 3",0.13,6.9885,3.4384,2,2,2026-10-07T03:19:31+02:00
a64fx,simde,128,main_scan_enc,2,"and 3",0.13,6.9799,3.4250,2,2,2026-10-07T03:19:31+02:00
a64fx,simde,128,main_scan_enc,2,"and 3",0.13,6.9954,3.4453,2,2,2026-10-07T03:19:31+02:00
a64fx,simde,128,main_scan_enc,2,"and 3",0.13,6.9763,3.4153,2,2,2026-10-07T03:19:31+02:00
a64fx,simde,128,main_scan_enc,2,"and 1",0.01,15.1587,7.5471,2,2,2026-10-07T03:19:31+02:00
a64fx,simde,128,main_scan_enc,2,"and 1",0.01,15.2149,7.7053,2,2,2026-10-07T03:19:31+02:00
a64fx,simde,128,main_scan_enc,2,"and 1",0.01,14.8701,7.6227,2,2,2026-10-07T03:19:31+02:00
a64fx,simde,128,main_scan_enc,2,"and 1",0.01,15.1734,7.6992,2,2,2026-10-07T03:19:31+02:00
a64fx,simde,128,main_scan_enc,2,"and 1",0.01,15.1741,7.6406,2,2,2026-10-07T03:19:31+02:00
a64fx,simde,128,main_scan_enc,2,"and 2",0.07,10.0107,4.3489,2,2,2026-10-07T03:19:31+02:00
a64fx,simde,128,main_scan_enc,2,"and 2",0.07,9.9067,4.3639,2,2,2026-10-07T03:19:31+02:00
a64fx,simde,128,main_scan_enc,2,"and 2",0.07,10.2201,4.3707,2,2,2026-10-07T03:19:31+02:00
a64fx,simde,128,main_scan_enc,2,"and 2",0.07,10.0093,4.3639,2,2,2026-10-07T03:19:31+02:00
a64fx,simde,128,main_scan_enc,2,"and 2",0.07,10.1757,4.3633,2,2,2026-10-07T03:19:31+02:00
a64fx,simde,128,main_scan_enc,2,"and 3",0.17,6.0277,3.1340,2,2,2026-10-07T03:19:31+02:00
a64fx,simde,128,main_scan_enc,2,"and 3",0.17,5.1072,3.1469,2,2,2026-10-07T03:19:31+02:00
a64fx,simde,128,main_scan_enc,2,"and 3",0.17,6.0193,3.1446,2,2,2026-10-07T03:19:31+02:00
a64fx,simde,128,main_scan_enc,2,"and 3",0.17,6.0126,3.1439,2,2,2026-10-07T03:19:31+02:00
a64fx,simde,128,main_scan_enc,2,"and 3",0.17,5.9898,3.1269,2,2,2026-10-07T03:19:31+02:00
a64fx,simde,128,main_scan_enc,2,"and 1",0.01,13.2604,7.2537,2,2,2026-10-07T03:19:31+02:00
a64fx,simde,128,main_scan_enc,2,"and 1",0.01,13.0526,7.1991,2,2,2026-10-07T03:19:31+02:00
a64fx,simde,128,main_scan_enc,2,"and 1",0.01,13.2705,7.1345,2,2,2026-10-07T03:19:31+02:00
a64fx,simde,128,main_scan_enc,2,"and 1",0.01,13.2767,7.2460,2,2,2026-10-07T03:19:31+02:00
a64fx,simde,128,main_scan_enc,2,"and 1",0.01,12.8946,7.2045,2,2,2026-10-07T03:19:31+02:00
a64fx,simde,128,main_scan_enc,2,"and 2",0.10,8.2498,3.9594,2,2,2026-10-07T03:19:31+02:00
a64fx,simde,128,main_scan_enc,2,"and 2",0.10,8.3808,3.9706,2,2,2026-10-07T03:19:31+02:00
a64fx,simde,128,main_scan_enc,2,"and 2",0.10,8.1923,3.9487,2,2,2026-10-07T03:19:31+02:00
a64fx,simde,128,main_scan_enc,2,"and 2",0.10,8.3789,3.9590,2,2,2026-10-07T03:19:31+02:00
a64fx,simde,128,main_scan_enc,2,"and 2",0.10,8.3198,3.9714,2,2,2026-10-07T03:19:31+02:00
a64fx,simde,128,main_scan_enc,2,"and 3",0.22,5.0867,2.8640,2,2,2026-10-07T03:19:31+02:00
a64fx,simde,128,main_scan_enc,2,"and 3",0.22,5.0739,2.8658,2,2,2026-10-07T03:19:31+02:00
a64fx,simde,128,main_scan_enc,2,"and 3",0.22,5.0770,2.8854,2,2,2026-10-07T03:19:31+02:00
a64fx,simde,128,main_scan_enc,2,"and 3",0.22,5.0997,2.0770,2,2,2026-10-07T03:19:31+02:00
a64fx,simde,128,main_scan_enc,2,"and 3",0.22,5.0487,2.8845,2,2,2026-10-07T03:19:31+02:00
a64fx,simde,128,main_scan_enc,2,"and 1",0.02,11.6518,6.5529,2,2,2026-10-07T03:19:31+02:00
a64fx,simde,128,main_scan_enc,2,"and 1",0.02,11.8842,6.5505,2,2,2026-10-07T03:19:31+02:00
a64fx,simde,128,main_scan_enc,2,"and 1",0.02,12.0241,6.5247,2,2,2026-10-07T03:19:31+02:00
a64fx,simde,128,main_scan_enc,2,"and 1",0.02,12.0336,6.5261,2,2,2026-10-07T03:19:31+02:00
a64fx,simde,128,main_scan_enc,2,"and 1",0.02,12.0404,6.5065,2,2,2026-10-07T03:19:31+02:00
a64fx,simde,128,main_scan_enc,2,"and 2",0.14,7.0162,3.5803,2,2,2026-10-07T03:19:31+02:00
a64fx,simde,128,main_scan_enc,2,"and 2",0.14,6.8402,3.5873,2,2,2026-10-07T03:19:31+02:00
a64fx,simde,128,main_scan_enc,2,"and 2",0.14,6.8709,3.5151,2,2,2026-10-07T03:19:31+02:00
a64fx,simde,128,main_scan_enc,2,"and 2",0.14,6.8847,3.5963,2,2,2026-10-07T03:19:31+02:00
a64fx,simde,128,main_scan_enc,2,"and 2",0.14,7.0164,3.5971,2,2,2026-10-07T03:19:31+02:00
a64fx,simde,128,main_scan_enc,2,"and 3",0.27,4.2917,2.6347,2,2,2026-10-07T03:19:31+02:00
a64fx,simde,128,main_scan_enc,2,"and 3",0.27,4.2905,2.6346,2,2,2026-10-07T03:19:31+02:00
a64fx,simde,128,main_scan_enc,2,"and 3",0.27,4.3101,2.6336,2,2,2026-10-07T03:19:31+02:00
a64fx,simde,128,main_scan_enc,2,"and 3",0.27,4.3144,2.6324,2,2,2026-10-07T03:19:31+02:00
a64fx,simde,128,main_scan_enc,2,"and 3",0.27,4.3033,2.6307,2,2,2026-10-07T03:19:31+02:00
a64fx,simde,128,main_scan_enc,2,"and 1",0.05,12.9607,5.4656,2,2,2026-10-07T03:19:31+02:00
a64fx,simde,128,main_scan_enc,2,"and 1",0.05,13.0456,5.4939,2,2,2026-10-07T03:19:31+02:00
a64fx,simde,128,main_scan_enc,2,"and 1",0.05,13.0172,5.4789,2,2,2026-10-07T03:19:31+02:00
a64fx,simde,128,main_scan_enc,2,"and 1",0.05,13.0325,5.5301,2,2,2026-10-07T03:19:31+02:00
a64fx,simde,128,main_scan_enc,2,"and 1",0.05,12.8245,5.5086,2,2,2026-10-07T03:19:31+02:00
a64fx,simde,128,main_scan_enc,2,"and 2",0.22,5.8250,3.1468,2,2,2026-10-07T03:19:31+02:00
a64fx,simde,128,main_scan_enc,2,"and 2",0.22,5.8737,3.1559,2,2,2026-10-07T03:19:31+02:00
a64fx,simde,128,main_scan_enc,2,"and 2",0.22,5.8950,3.1541,2,2,2026-10-07T03:19:31+02:00
a64fx,simde,128,main_scan_enc,2,"and 2",0.22,5.8853,3.1138,2,2,2026-10-07T03:19:31+02:00
a64fx,simde,128,main_scan_enc,2,"and 2",0.22,5.8378,3.1232,2,2,2026-10-07T03:19:31+02:00
a64fx,simde,128,main_scan_enc,2,"and 3",0.37,3.2922,2.3178,2,2,2026-10-07T03:19:31+02:00
a64fx,simde,128,main_scan_enc,2,"and 3",0.37,3.2251,2.3253,2,2,2026-10-07T03:19:31+02:00
a64fx,simde,128,main_scan_enc,2,"and 3",0.37,3.2182,2.3234,2,2,2026-10-07T03:19:31+02:00
a64fx,simde,128,main_scan_enc,2,"and 3",0.37,3.2222,2.3206,2,2,2026-10-07T03:19:31+02:00
a64fx,simde,128,main_scan_enc,2,"and 3",0.37,3.1774,2.3220,2,2,2026-10-07T03:19:31+02:00
a64fx,simde,128,main_scan_enc,2,"and 1",0.10,10.8154,4.5480,2,2,2026-10-07T03:19:31+02:00
a64fx,simde,128,main_scan_enc,2,"and 1",0.10,10.8433,4.5533,2,2,2026-10-07T03:19:31+02:00
a64fx,simde,128,main_scan_enc,2,"and 1",0.10,10.6248,4.5592,2,2,2026-10-07T03:19:31+02:00
a64fx,simde,128,main_scan_enc,2,"and 1",0.10,10.6183,4.4915,2,2,2026-10-07T03:19:31+02:00
a64fx,simde,128,main_scan_enc,2,"and 1",0.10,10.8054,4.5439,2,2,2026-10-07T03:19:31+02:00
a64fx,simde,128,main_scan_enc,2,"and 2",0.32,4.3777,2.4073,2,2,2026-10-07T03:19:31+02:00
a64fx,simde,128,main_scan_enc,2,"and 2",0.32,4.3886,2.8043,2,2,2026-10-07T03:19:31+02:00
a64fx,simde,128,main_scan_enc,2,"and 2",0.32,4.3878,2.8195,2,2,2026-10-07T03:19:31+02:00
a64fx,simde,128,main_scan_enc,2,"and 2",0.32,4.3618,2.8112,2,2,2026-10-07T03:19:31+02:00
a64fx,simde,128,main_scan_enc,2,"and 2",0.32,4.3873,2.8109,2,2,2026-10-07T03:19:31+02:00
a64fx,simde,128,main_scan_enc,2,"and 3",0.46,2.6150,2.0979,2,2,2026-10-07T03:19:31+02:00
a64fx,simde,128,main_scan_enc,2,"and 3",0.46,2.6078,2.1015,2,2,2026-10-07T03:19:31+02:00
a64fx,simde,128,main_scan_enc,2,"and 3",0.46,2.6127,2.0980,2,2,2026-10-07T03:19:31+02:00
a64fx,simde,128,main_scan_enc,2,"and 3",0.46,2.5778,2.1000,2,2,2026-10-07T03:19:31+02:00
a64fx,simde,128,main_scan_enc,2,"and 3",0.46,2.6024,2.1011,2,2,2026-10-07T03:19:31+02:00
a64fx,simde,128,main_scan_enc,2,"and 1",0.20,7.6974,3.4866,2,2,2026-10-07T03:19:31+02:00
a64fx,simde,128,main_scan_enc,2,"and 1",0.20,7.6573,3.4733,2,2,2026-10-07T03:19:31+02:00
a64fx,simde,128,main_scan_enc,2,"and 1",0.20,7.6737,3.4742,2,2,2026-10-07T03:19:31+02:00
a64fx,simde,128,main_scan_enc,2,"and 1",0.20,7.7118,3.4860,2,2,2026-10-07T03:19:31+02:00
a64fx,simde,128,main_scan_enc,2,"and 1",0.20,7.7296,3.4869,2,2,2026-10-07T03:19:31+02:00
a64fx,simde,128,main_scan_enc,2,"and 2",0.45,3.0910,2.3521,2,2,2026-10-07T03:19:31+02:00
a64fx,simde,128,main_scan_enc,2,"and 2",0.45,3.1015,2.3593,2,2,2026-10-07T03:19:31+02:00
a64fx,simde,128,main_scan_enc,2,"and 2",0.45,3.0756,2.3594,2,2,2026-10-07T03:19:31+02:00
a64fx,simde,128,main_scan_enc,2,"and 2",0.45,3.0896,2.3595,2,2,2026-10-07T03:19:31+02:00
a64fx,simde,128,main_scan_enc,2,"and 2",0.45,3.0769,2.3640,2,2,2026-10-07T03:19:31+02:00
a64fx,simde,128,main_scan_enc,2,"and 3",0.58,2.4271,1.8439,2,2,2026-10-07T03:19:31+02:00
a64fx,simde,128,main_scan_enc,2,"and 3",0.58,2.4232,1.8490,2,2,2026-10-07T03:19:31+02:00
a64fx,simde,128,main_scan_enc,2,"and 3",0.58,2.4105,1.8449,2,2,2026-10-07T03:19:31+02:00
a64fx,simde,128,main_scan_enc,2,"and 3",0.58,2.4254,1.8486,2,2,2026-10-07T03:19:31+02:00
a64fx,simde,128,main_scan_enc,2,"and 3",0.58,2.4289,1.8359,2,2,2026-10-07T03:19:31+02:00
a64fx,simde,128,main_scan_enc,2,"and 1",0.50,4.2755,2.1429,2,2,2026-10-07T03:19:31+02:00
a64fx,simde,128,main_scan_enc,2,"and 1",0.50,4.2691,2.1439,2,2,2026-10-07T03:19:31+02:00
a64fx,simde,128,main_scan_enc,2,"and 1",0.50,4.2688,2.1399,2,2,2026-10-07T03:19:31+02:00
a64fx,simde,128,main_scan_enc,2,"and 1",0.50,4.2311,2.1439,2,2,2026-10-07T03:19:31+02:00
a64fx,simde,128,main_scan_enc,2,"and 1",0.50,3.8910,2.1438,2,2,2026-10-07T03:19:31+02:00
a64fx,simde,128,main_scan_enc,2,"and 2",0.71,3.5723,1.6596,2,2,2026-10-07T03:19:31+02:00
a64fx,simde,128,main_scan_enc,2,"and 2",0.71,3.5768,1.6598,2,2,2026-10-07T03:19:31+02:00
a64fx,simde,128,main_scan_enc,2,"and 2",0.71,3.5536,1.6615,2,2,2026-10-07T03:19:31+02:00
a64fx,simde,128,main_scan_enc,2,"and 2",0.71,3.5556,1.6634,2,2,2026-10-07T03:19:31+02:00
a64fx,simde,128,main_scan_enc,2,"and 2",0.71,3.5777,1.6600,2,2,2026-10-07T03:19:31+02:00
a64fx,simde,128,main_scan_enc,2,"and 3",0.79,3.2402,1.3909,2,2,2026-10-07T03:19:31+02:00
a64fx,simde,128,main_scan_enc,2,"and 3",0.79,3.2287,1.3885,2,2,2026-10-07T03:19:31+02:00
a64fx,simde,128,main_scan_enc,2,"and 3",0.79,3.2245,1.3895,2,2,2026-10-07T03:19:31+02:00
a64fx,simde,128,main_scan_enc,2,"and 3",0.79,3.2365,1.3900,2,2,2026-10-07T03:19:31+02:00
a64fx,simde,128,main_scan_enc,2,"and 3",0.79,3.2364,1.3919,2,2,2026-10-07T03:19:31+02:00
a64fx,simde,128,main_scan_enc,2,"and 1",1.00,16.0198,1.5591,2,2,2026-10-07T03:19:31+02:00
a64fx,simde,128,main_scan_enc,2,"and 1",1.00,16.4991,1.5638,2,2,2026-10-07T03:19:31+02:00
a64fx,simde,128,main_scan_enc,2,"and 1",1.00,16.5183,1.5633,2,2,2026-10-07T03:19:31+02:00
a64fx,simde,128,main_scan_enc,2,"and 1",1.00,16.1320,1.5576,2,2,2026-10-07T03:19:31+02:00
a64fx,simde,128,main_scan_enc,2,"and 1",1.00,16.4208,1.5644,2,2,2026-10-07T03:19:31+02:00
a64fx,simde,128,main_scan_enc,2,"and 2",1.00,9.2284,1.2857,2,2,2026-10-07T03:19:31+02:00
a64fx,simde,128,main_scan_enc,2,"and 2",1.00,9.2898,1.2727,2,2,2026-10-07T03:19:31+02:00
a64fx,simde,128,main_scan_enc,2,"and 2",1.00,9.3216,1.2899,2,2,2026-10-07T03:19:31+02:00
a64fx,simde,128,main_scan_enc,2,"and 2",1.00,9.2502,1.2904,2,2,2026-10-07T03:19:31+02:00
a64fx,simde,128,main_scan_enc,2,"and 2",1.00,9.3853,1.0610,2,2,2026-10-07T03:19:31+02:00
a64fx,simde,128,main_scan_enc,2,"and 3",1.00,6.2816,1.1182,2,2,2026-10-07T03:19:31+02:00
a64fx,simde,128,main_scan_enc,2,"and 3",1.00,6.2603,1.1195,2,2,2026-10-07T03:19:31+02:00
a64fx,simde,128,main_scan_enc,2,"and 3",1.00,6.2826,1.1188,2,2,2026-10-07T03:19:31+02:00
a64fx,simde,128,main_scan_enc,2,"and 3",1.00,6.2820,1.1013,2,2,2026-10-07T03:19:31+02:00
a64fx,simde,128,main_scan_enc,2,"and 3",1.00,6.2219,1.1167,2,2,2026-10-07T03:19:31+02:00
a64fx,simde,256,main_scan_enc,2,"and 1",0.00,17.7357,20.0431,2,2,2026-10-07T03:19:41+02:00
a64fx,simde,256,main_scan_enc,2,"and 1",0.00,17.6990,20.1483,2,2,2026-10-07T03:19:41+02:00
a64fx,simde,256,main_scan_enc,2,"and 1",0.00,18.1012,20.0133,2,2,2026-10-07T03:19:41+02:00
a64fx,simde,256,main_scan_enc,2,"and 1",0.00,17.9314,20.8155,2,2,2026-10-07T03:19:41+02:00
a64fx,simde,256,main_scan_enc,2,"and 1",0.00,18.1193,20.8012,2,2,2026-10-07T03:19:41+02:00
a64fx,simde,256,main_scan_enc,2,"and 2",0.03,13.9843,12.1088,2,2,2026-10-07T03:19:41+02:00
a64fx,simde,256,main_scan_enc,2,"and 2",0.03,13.7216,11.7910,2,2,2026-10-07T03:19:41+02:00
a64fx,simde,256,main_scan_enc,2,"and 2",0.03,14.0341,12.1456,2,2,2026-10-07T03:19:41+02:00
a64fx,simde,256,main_scan_enc,2,"and 2",0.03,14.0171,11.7575,2,2,2026-10-07T03:19:41+02:00
a64fx,simde,256,main_scan_enc,2,"and 2",0.03,14.0391,12.1312,2,2,2026-10-07T03:19:41+02:00
a64fx,simde,256,main_scan_enc,2,"and 3",0.10,7.7046,7.2747,2,2,2026-10-07T03:19:41+02:00
a64fx,simde,256,main_scan_enc,2,"and 3",0.10,7.7114,7.2837,2,2,2026-10-07T03:19:41+02:00
a64fx,simde,256,main_scan_enc,2,"and 3",0.10,7.7408,7.4040,2,2,2026-10-07T03:19:41+02:00
a64fx,simde,256,main_scan_enc,2,"and 3",0.10,7.6268,7.3638,2,2,2026-10-07T03:19:41+02:00
a64fx,simde,256,main_scan_enc,2,"and 3",0.10,7.6281,7.3939,2,2,2026-10-07T03:19:41+02:00
a64fx,simde,256,main_scan_enc,2,"and 1",0.00,16.3493,19.9417,2,2,2026-10-07T03:19:41+02:00
a64fx,simde,256,main_scan_enc,2,"and 1",0.00,17.1605,18.6764,2,2,2026-10-07T03:19:41+02:00
a64fx,simde,256,main_scan_enc,2,"and 1",0.00,17.2255,19.8704,2,2,2026-10-07T03:19:41+02:00
a64fx,simde,256,main_scan_enc,2,"and 1",0.00,17.2087,19.8812,2,2,2026-10-07T03:19:41+02:00
a64fx,simde,256,main_scan_enc,2,"and 1",0.00,17.1620,19.8276,2,2,2026-10-07T03:19:41+02:00
a64fx,simde,256,main_scan_enc,2,"and 2",0.04,12.3783,10.6714,2,2,2026-10-07T03:19:41+02:00
a64fx,simde,256,main_scan_enc,2,"and 2",0.04,12.6154,10.9400,2,2,2026-10-07T03:19:41+02:00
a64fx,simde,256,main_scan_enc,2,"and 2",0.04,12.3746,10.4621,2,2,2026-10-07T03:19:41+02:00
a64fx,simde,256,main_scan_enc,2,"and 2",0.04,12.3121,10.3925,2,2,2026-10-07T03:19:41+02:00
a64fx,simde,256,main_scan_enc,2,"and 2",0.04,12.6278,10.9542,2,2,2026-10-07T03:19:41+02:00
a64fx,simde,256,main_scan_enc,2,"and 3",0.13,6.8436,6.9401,2,2,2026-10-07T03:19:41+02:00
a64fx,simde,256,main_scan_enc,2,"and 3",0.13,7.0016,6.7711,2,2,2026-10-07T03:19:41+02:00
a64fx,simde,256,main_scan_enc,2,"and 3",0.13,6.9981,6.8206,2,2,2026-10-07T03:19:41+02:00
a64fx,simde,256,main_scan_enc,2,"and 3",0.13,6.9949,6.9111,2,2,2026-10-07T03:19:41+02:00
a64fx,simde,256,main_scan_enc,2,"and 3",0.13,7.0170,6.7564,2,2,2026-10-07T03:19:41+02:00
a64fx,simde,256,main_scan_enc,2,"and 1",0.01,10.7114,17.9578,2,2,2026-10-07T03:19:41+02:00
a64fx,simde,256,main_scan_enc,2,"and 1",0.01,15.1528,17.9033,2,2,2026-10-07T03:19:41+02:00
a64fx,simde,256,main_scan_enc,2,"and 1",0.01,14.7851,17.9201,2,2,2026-10-07T03:19:41+02:00
a64fx,simde,256,main_scan_enc,2,"and 1",0.01,14.8613,17.1027,2,2,2026-10-07T03:19:41+02:00
a64fx,simde,256,main_scan_enc,2,"and 1",0.01,15.1726,17.9051,2,2,2026-10-07T03:19:41+02:00
a64fx,simde,256,main_scan_enc,2,"and 2",0.07,10.0048,8.8104,2,2,2026-10-07T03:19:41+02:00
a64fx,simde,256,main_scan_enc,2,"and 2",0.07,10.1507,9.2487,2,2,2026-10-07T03:19:41+02:00
a64fx,simde,256,main_scan_enc,2,"and 2",0.07,10.0432,9.2447,2,2,2026-10-07T03:19:41+02:00
a64fx,simde,256,main_scan_enc,2,"and 2",0.07,9.9299,9.1552,2,2,2026-10-07T03:19:41+02:00
a64fx,simde,256,main_scan_enc,2,"and 2",0.07,10.2177,9.2391,2,2,2026-10-07T03:19:41+02:00
a64fx,simde,256,main_scan_enc,2,"and 3",0.17,6.0273,6.3077,2,2,2026-10-07T03:19:41+02:00
a64fx,simde,256,main_scan_enc,2,"and 3",0.17,6.0293,6.3592,2,2,2026-10-07T03:19:41+02:00
a64fx,simde,256,main_scan_enc,2,"and 3",0.17,6.0190,6.2836,2,2,2026-10-07T03:19:41+02:00
a64fx,simde,256,main_scan_enc,2,"and 3",0.17,5.9752,6.2566,2,2,2026-10-07T03:19:41+02:00
a64fx,simde,256,main_scan_enc,2,"and 3",0.17,5.9895,6.3935,2,2,2026-10-07T03:19:41+02:00
a64fx,simde,256,main_scan_enc,2,"and 1",0.01,13.3099,15.6727,2,2,2026-10-07T03:19:41+02:00
a64fx,simde,256,main_scan_enc,2,"and 1",0.01,13.0862,15.6869,2,2,2026-10-07T03:19:41+02:00
a64fx,simde,256,main_scan_enc,2,"and 1",0.01,13.1145,15.0685,2,2,2026-10-07T03:19:41+02:00
a64fx,simde,256,main_scan_enc,2,"and 1",0.01,13.3103,15.6535,2,2,2026-10-07T03:19:41+02:00
a64fx,simde,256,main_scan_enc,2,"and 1",0.01,13.3141,15.6519,2,2,2026-10-07T03:19:41+02:00
a64fx,simde,256,main_scan_enc,2,"and 2",0.10,8.2604,7.9618,2,2,2026-10-07T03:19:41+02:00
a64fx,simde,256,main_scan_enc,2,"and 2",0.10,8.1523,7.9752,2,2,2026-10-07T03:19:41+02:00
a64fx,simde,256,main_scan_enc,2,"and 2",0.10,8.1764,7.8748,2,2,2026-10-07T03:19:41+02:00
a64fx,simde,256,main_scan_enc,2,"and 2",0.10,8.3841,7.9302,2,2,2026-10-07T03:19:41+02:00
a64fx,simde,256,main_scan_enc,2,"and 2",0.10,8.4068,7.8755,2,2,2026-10-07T03:19:41+02:00
a64fx,simde,256,main_scan_enc,2,"and 3",0.22,3.1491,5.8176,2,2,2026-10-07T03:19:41+02:00
a64fx,simde,256,main_scan_enc,2,"and 3",0.22,5.0578,5.8179,2,2,2026-10-07T03:19:41+02:00
a64fx,simde,256,main_scan_enc,2,"and 3",0.22,5.0983,5.7848,2,2,2026-10-07T03:19:41+02:00
a64fx,simde,256,main_scan_enc,2,"and 3",0.22,5.0886,5.8148,2,2,2026-10-07T03:19:41+02:00
a64fx,simde,256,main_scan_enc,2,"and 3",0.22,4.9483,5.7913,2,2,2026-10-07T03:19:41+02:00
a64fx,simde,256,main_scan_enc,2,"and 1",0.02,12.0024,12.8786,2,2,2026-10-07T03:19:41+02:00
a64fx,simde,256,main_scan_enc,2,"and 1",0.02,11.6313,12.6362,2,2,2026-10-07T03:19:41+02:00
a64fx,simde,256,main_scan_enc,2,"and 1",0.02,11.9983,12.8911,2,2,2026-10-07T03:19:41+02:00
a64fx,simde,256,main_scan_enc,2,"and 1",0.02,11.5791,12.5065,2,2,2026-10-07T03:19:41+02:00
a64fx,simde,256,main_scan_enc,2,"and 1",0.02,12.0006,12.8908,2,2,2026-10-07T03:19:41+02:00
a64fx,simde,256,main_scan_enc,2,"and 2",0.14,6.8671,6.8323,2,2,2026-10-07T03:19:41+02:00
a64fx,simde,256,main_scan_enc,2,"and 2",0.14,6.9178,6.8236,2,2,2026-10-07T03:19:41+02:00
a64fx,simde,256,main_scan_enc,2,"and 2",0.14,6.9860,6.8996,2,2,2026-10-07T03:19:41+02:00
a64fx,simde,256,main_scan_enc,2,"and 2",0.14,6.9982,6.8549,2,2,2026-10-07T03:19:41+02:00
a64fx,simde,256,main_scan_enc,2,"and 2",0.14,6.9877,6.8457,2,2,2026-10-07T03:19:41+02:00
a64fx,simde,256,main_scan_enc,2,"and 3",0.27,4.2789,5.1909,2,2,2026-10-07T03:19:41+02:00
a64fx,simde,256,main_scan_enc,2,"and 3",0.27,4.2809,5.1553,2,2,2026-10-07T03:19:41+02:00
a64fx,simde,256,main_scan_enc,2,"and 3",0.27,4.3055,5.2035,2,2,2026-10-07T03:19:41+02:00
a64fx,simde,256,main_scan_enc,2,"and 3",0.27,4.3071,5.2030,2,2,2026-10-07T03:19:41+02:00
a64fx,simde,256,main_scan_enc,2,"and 3",0.27,4.2886,5.1905,2,2,2026-10-07T03:19:41+02:00
a64fx,simde,256,main_scan_enc,2,"and 1",0.05,12.9501,9.3255,2,2,2026-10-07T03:19:41+02:00
a64fx,simde,256,main_scan_enc,2,"and 1",0.05,12.9503,9.2287,2,2,2026-10-07T03:19:41+02:00
a64fx,simde,256,main_scan_enc,2,"and 1",0.05,12.9488,9.3182,2,2,2026-10-07T03:19:41+02:00
a64fx,simde,256,main_scan_enc,2,"and 1",0.05,12.9569,9.3235,2,2,2026-10-07T03:19:41+02:00
a64fx,simde,256,main_scan_enc,2,"and 1",0.05,12.7715,9.1324,2,2,2026-10-07T03:19:41+02:00
a64fx,simde,256,main_scan_enc,2,"and 2",0.22,5.8815,5.5932,2,2,2026-10-07T03:19:41+02:00
a64fx,simde,256,main_scan_enc,2,"and 2",0.22,5.8342,5.6158,2,2,2026-10-07T03:19:41+02:00
a64fx,simde,256,main_scan_enc,2,"and 2",0.22,5.8462,5.6405,2,2,2026-10-07T03:19:41+02:00
a64fx,simde,256,main_scan_enc,2,"and 2",0.22,5.8637,5.5316,2,2,2026-10-07T03:19:41+02:00
a64fx,simde,256,main_scan_enc,2,"and 2",0.22,5.8232,5.6488,2,2,2026-10-07T03:19:41+02:00
a64fx,simde,256,main_scan_enc,2,"and 3",0.37,3.3033,4.3845,2,2,2026-10-07T03:19:41+02:00
a64fx,simde,256,main_scan_enc,2,"and 3",0.37,3.2154,4.3832,2,2,2026-10-07T03:19:41+02:00
a64fx,simde,256,main_scan_enc,2,"and 3",0.37,3.1948,4.3664,2,2,2026-10-07T03:19:41+02:00
a64fx,simde,256,main_scan_enc,2,"and 3",0.37,3.2072,4.3764,2,2,2026-10-07T03:19:41+02:00
a64fx,simde,256,main_scan_enc,2,"and 3",0.37,3.1384,4.3865,2,2,2026-10-07T03:19:41+02:00
a64fx,simde,256,main_scan_enc,2,"and 1",0.10,10.7880,6.9015,2,2,2026-10-07T03:19:41+02:00
a64fx,simde,256,main_scan_enc,2,"and 1",0.10,10.5409,6.8332,2,2,2026-10-07T03:19:41+02:00
a64fx,simde,256,main_scan_enc,2,"and 1",0.10,10.6357,6.8097,2,2,2026-10-07T03:19:41+02:00
a64fx,simde,256,main_scan_enc,2,"and 1",0.10,10.6244,6.8212,2,2,2026-10-07T03:19:41+02:00
a64fx,simde,256,main_scan_enc,2,"and 1",0.10,10.8083,6.7849,2,2,2026-10-07T03:19:41+02:00
a64fx,simde,256,main_scan_enc,2,"and 2",0.32,4.3661,4.5869,2,2,2026-10-07T03:19:41+02:00
a64fx,simde,256,main_scan_enc,2,"and 2",0.32,4.3558,4.5944,2,2,2026-10-07T03:19:41+02:00
a64fx,simde,256,main_scan_enc,2,"and 2",0.32,4.3263,4.6415,2,2,2026-10-07T03:19:41+02:00
a64fx,simde,256,main_scan_enc,2,"and 2",0.32,4.3701,4.6287,2,2,2026-10-07T03:19:41+02:00
a64fx,simde,256,main_scan_enc,2,"and 2",0.32,4.3913,4.6196,2,2,2026-10-07T03:19:41+02:00
a64fx,simde,256,main_scan_enc,2,"and 3",0.46,2.6018,3.7187,2,2,2026-10-07T03:19:41+02:00
a64fx,simde,256,main_scan_enc,2,"and 3",0.46,2.6054,3.7377,2,2,2026-10-07T03:19:41+02:00
a64fx,simde,256,main_scan_enc,2,"and 3",0.46,2.6028,3.7311,2,2,2026-10-07T03:19:41+02:00
a64fx,simde,256,main_scan_enc,2,"and 3",0.46,2.6036,3.7023,2,2,2026-10-07T03:19:41+02:00
a64fx,simde,256,main_scan_enc,2,"and 3",0.46,2.5191,3.7309,2,2,2026-10-07T03:19:41+02:00
a64fx,simde,256,main_scan_enc,2,"and 1",0.20,7.6092,4.6290,2,2,2026-10-07T03:19:41+02:00
a64fx,simde,256,main_scan_enc,2,"and 1",0.20,7.5574,4.6416,2,2,2026-10-07T03:19:41+02:00
a64fx,simde,256,main_scan_enc,2,"and 1",0.20,7.7220,4.6284,2,2,2026-10-07T03:19:41+02:00
a64fx,simde,256,main_scan_enc,2,"and 1",0.20,7.6130,4.6408,2,2,2026-10-07T03:19:41+02:00
a64fx,simde,256,main_scan_enc,2,"and 1",0.20,7.7219,4.6163,2,2,2026-10-07T03:19:41+02:00
a64fx,simde,256,main_scan_enc,2,"and 2",0.45,3.0749,3.4859,2,2,2026-10-07T03:19:41+02:00
a64fx,simde,256,main_scan_enc,2,"and 2",0.45,3.0854,3.4845,2,2,2026-10-07T03:19:41+02:00
a64fx,simde,256,main_scan_enc,2,"and 2",0.45,3.1018,3.5105,2,2,2026-10-07T03:19:41+02:00
a64fx,simde,256,main_scan_enc,2,"and 2",0.45,3.0939,3.5099,2,2,2026-10-07T03:19:41+02:00
a64fx,simde,256,main_scan_enc,2,"and 2",0.45,3.0934,3.4877,2,2,2026-10-07T03:19:41+02:00
a64fx,simde,256,main_scan_enc,2,"and 3",0.58,2.4070,2.9952,2,2,2026-10-07T03:19:41+02:00
a64fx,simde,256,main_scan_enc,2,"and 3",0.58,2.4344,2.9880,2,2,2026-10-07T03:19:41+02:00
a64fx,simde,256,main_scan_enc,2,"and 3",0.58,2.4359,3.0086,2,2,2026-10-07T03:19:41+02:00
a64fx,simde,256,main_scan_enc,2,"and 3",0.58,2.4083,2.9759,2,2,2026-10-07T03:19:41+02:00
a64fx,simde,256,main_scan_enc,2,"and 3",0.58,2.4111,2.9996,2,2,2026-10-07T03:19:41+02:00
a64fx,simde,256,main_scan_enc,2,"and 1",0.50,4.2547,2.4782,2,2,2026-10-07T03:19:41+02:00
a64fx,simde,256,main_scan_enc,2,"and 1",0.50,4.2548,2.4915,2,2,2026-10-07T03:19:41+02:00
a64fx,simde,256,main_scan_enc,2,"and 1",0.50,4.2668,2.4951,2,2,2026-10-07T03:19:41+02:00
a64fx,simde,256,main_scan_enc,2,"and 1",0.50,4.2817,2.4960,2,2,2026-10-07T03:19:41+02:00
a64fx,simde,256,main_scan_enc,2,"and 1",0.50,4.2802,2.4951,2,2,2026-10-07T03:19:41+02:00
a64fx,simde,256,main_scan_enc,2,"and 2",0.71,3.5597,2.1243,2,2,2026-10-07T03:19:41+02:00
a64fx,simde,256,main_scan_enc,2,"and 2",0.71,3.5620,2.1302,2,2,2026-10-07T03:19:41+02:00
a64fx,simde,256,main_scan_enc,2,"and 2",0.71,3.5551,2.1311,2,2,2026-10-07T03:19:41+02:00
a64fx,simde,256,main_scan_enc,2,"and 2",0.71,3.5735,2.1272,2,2,2026-10-07T03:19:41+02:00
a64fx,simde,256,main_scan_enc,2,"and 2",0.71,3.5434,2.0632,2,2,2026-10-07T03:19:41+02:00
a64fx,simde,256,main_scan_enc,2,"and 3",0.79,3.1204,1.9334,2,2,2026-10-07T03:19:41+02:00
a64fx,simde,256,main_scan_enc,2,"and 3",0.79,3.2263,1.9365,2,2,2026-10-07T03:19:41+02:00
a64fx,simde,256,main_scan_enc,2,"and 3",0.79,3.2160,1.9201,2,2,2026-10-07T03:19:41+02:00
a64fx,simde,256,main_scan_enc,2,"and 3",0.79,3.2207,1.9300,2,2,2026-10-07T03:19:41+02:00
a64fx,simde,256,main_scan_enc,2,"and 3",0.79,3.2309,1.8844,2,2,2026-10-07T03:19:41+02:00
a64fx,simde,256,main_scan_enc,2,"and 1",1.00,16.5109,1.8564,2,2,2026-10-07T03:19:41+02:00
a64fx,simde,256,main_scan_enc,2,"and 1",1.00,16.5174,1.8582,2,2,2026-10-07T03:19:41+02:00
a64fx,simde,256,main_scan_enc,2,"and 1",1.00,16.0193,1.8187,2,2,2026-10-07T03:19:41+02:00
a64fx,simde,256,main_scan_enc,2,"and 1",1.00,16.5495,1.8440,2,2,2026-10-07T03:19:41+02:00
a64fx,simde,256,main_scan_enc,2,"and 1",1.00,16.5330,1.8512,2,2,2026-10-07T03:19:41+02:00
a64fx,simde,256,main_scan_enc,2,"and 2",1.00,9.4158,1.6312,2,2,2026-10-07T03:19:41+02:00
a64fx,simde,256,main_scan_enc,2,"and 2",1.00,9.1738,1.6394,2,2,2026-10-07T03:19:41+02:00
a64fx,simde,256,main_scan_enc,2,"and 2",1.00,9.0857,1.6404,2,2,2026-10-07T03:19:41+02:00
a64fx,simde,256,main_scan_enc,2,"and 2",1.00,9.4002,1.6409,2,2,2026-10-07T03:19:41+02:00
a64fx,simde,256,main_scan_enc,2,"and 2",1.00,9.4155,1.6383,2,2,2026-10-07T03:19:41+02:00
a64fx,simde,256,main_scan_enc,2,"and 3",1.00,6.2141,1.5206,2,2,2026-10-07T03:19:41+02:00
a64fx,simde,256,main_scan_enc,2,"and 3",1.00,6.2027,1.4892,2,2,2026-10-07T03:19:41+02:00
a64fx,simde,256,main_scan_enc,2,"and 3",1.00,6.2804,1.5189,2,2,2026-10-07T03:19:41+02:00
a64fx,simde,256,main_scan_enc,2,"and 3",1.00,6.2407,1.5260,2,2,2026-10-07T03:19:41+02:00
a64fx,simde,256,main_scan_enc,2,"and 3",1.00,6.2006,1.5236,2,2,2026-10-07T03:19:41+02:00
a64fx,simde,512,main_scan_enc,2,"and 1",0.00,17.6837,9.9752,2,2,2026-10-07T03:19:51+02:00
a64fx,simde,512,main_scan_enc,2,"and 1",0.00,16.9321,10.0154,2,2,2026-10-07T03:19:51+02:00
a64fx,simde,512,main_scan_enc,2,"and 1",0.00,18.1489,10.1766,2,2,2026-10-07T03:19:51+02:00
a64fx,simde,512,main_scan_enc,2,"and 1",0.00,18.1342,10.0400,2,2,2026-10-07T03:19:51+02:00
a64fx,simde,512,main_scan_enc,2,"and 1",0.00,18.1166,10.1962,2,2,2026-10-07T03:19:51+02:00
a64fx,simde,512,main_scan_enc,2,"and 2",0.03,14.0019,6.5412,2,2,2026-10-07T03:19:51+02:00
a64fx,simde,512,main_scan_enc,2,"and 2",0.03,13.9859,6.5016,2,2,2026-10-07T03:19:51+02:00
a64fx,simde,512,main_scan_enc,2,"and 2",0.03,14.0130,6.5103,2,2,2026-10-07T03:19:51+02:00
a64fx,simde,512,main_scan_enc,2,"and 2",0.03,13.9815,6.6011,2,2,2026-10-07T03:19:51+02:00
a64fx,simde,512,main_scan_enc,2,"and 2",0.03,13.7439,6.5617,2,2,2026-10-07T03:19:51+02:00
a64fx,simde,512,main_scan_enc,2,"and 3",0.10,7.5001,4.5103,2,2,2026-10-07T03:19:51+02:00
a64fx,simde,512,main_scan_enc,2,"and 3",0.10,7.7427,4.4621,2,2,2026-10-07T03:19:51+02:00
a64fx,simde,512,main_scan_enc,2,"and 3",0.10,7.7289,4.4907,2,2,2026-10-07T03:19:51+02:00
a64fx,simde,512,main_scan_enc,2,"and 3",0.10,7.8134,4.4687,2,2,2026-10-07T03:19:51+02:00
a64fx,simde,512,main_scan_enc,2,"and 3",0.10,7.7248,4.4797,2,2,2026-10-07T03:19:51+02:00
a64fx,simde,512,main_scan_enc,2,"and 1",0.00,15.9515,9.6775,2,2,2026-10-07T03:19:51+02:00
a64fx,simde,512,main_scan_enc,2,"and 1",0.00,17.2683,9.9679,2,2,2026-10-07T03:19:51+02:00
a64fx,simde,512,main_scan_enc,2,"and 1",0.00,17.1811,9.8296,2,2,2026-10-07T03:19:51+02:00
a64fx,simde,512,main_scan_enc,2,"and 1",0.00,17.2354,9.9798,2,2,2026-10-07T03:19:51+02:00
a64fx,simde,512,main_scan_enc,2,"and 1",0.00,15.9423,9.8676,2,2,2026-10-07T03:19:51+02:00
a64fx,simde,512,main_scan_enc,2,"and 2",0.04,12.5138,5.9379,2,2,2026-10-07T03:19:51+02:00
a64fx,simde,512,main_scan_enc,2,"and 2",0.04,12.6541,6.0124,2,2,2026-10-07T03:19:51+02:00
a64fx,simde,512,main_scan_enc,2,"and 2",0.04,12.6222,6.0012,2,2,2026-10-07T03:19:51+02:00
a64fx,simde,512,main_scan_enc,2,"and 2",0.04,12.2682,5.8604,2,2,2026-10-07T03:19:51+02:00
a64fx,simde,512,main_scan_enc,2,"and 2",0.04,12.1413,5.8831,2,2,2026-10-07T03:19:51+02:00
a64fx,simde,512,main_scan_enc,2,"and 3",0.13,6.9035,4.2296,2,2,2026-10-07T03:19:51+02:00
a64fx,simde,512,main_scan_enc,2,"and 3",0.13,6.9510,4.2726,2,2,2026-10-07T03:19:51+02:00
a64fx,simde,512,main_scan_enc,2,"and 3",0.13,7.0380,4.2873,2,2,2026-10-07T03:19:51+02:00
a64fx,simde,512,main_scan_enc,2,"and 3",0.13,6.8750,4.2890,2,2,2026-10-07T03:19:51+02:00
a64fx,simde,512,main_scan_enc,2,"and 3",0.13,6.9907,4.2928,2,2,2026-10-07T03:19:51+02:00
a64fx,simde,512,main_scan_enc,2,"and 1",0.01,15.1843,9.4490,2,2,2026-10-07T03:19:51+02:00
a64fx,simde,512,main_scan_enc,2,"and 1",0.01,14.8034,9.3451,2,2,2026-10-07T03:19:51+02:00
a64fx,simde,512,main_scan_enc,2,"and 1",0.01,15.0554,9.4332,2,2,2026-10-07T03:19:51+02:00
a64fx,simde,512,main_scan_enc,2,"and 1",0.01,15.1958,9.4363,2,2,2026-10-07T03:19:51+02:00
a64fx,simde,512,main_scan_enc,2,"and 1",0.01,15.1398,9.4320,2,2,2026-10-07T03:19:51+02:00
a64fx,simde,512,main_scan_enc,2,"and 2",0.07,10.0655,5.1679,2,2,2026-10-07T03:19:51+02:00
a64fx,simde,512,main_scan_enc,2,"and 2",0.07,9.9403,5.1326,2,2,2026-10-07T03:19:51+02:00
a64fx,simde,512,main_scan_enc,2,"and 2",0.07,10.0114,5.1139,2,2,2026-10-07T03:19:51+02:00
a64fx,simde,512,main_scan_enc,2,"and 2",0.07,10.2147,5.1789,2,2,2026-10-07T03:19:51+02:00
a64fx,simde,512,main_scan_enc,2,"and 2",0.07,10.2059,5.1550,2,2,2026-10-07T03:19:51+02:00
a64fx,simde,512,main_scan_enc,2,"and 3",0.17,6.0279,4.0314,2,2,2026-10-07T03:19:51+02:00
a64fx,simde,512,main_scan_enc,2,"and 3",0.17,6.0157,4.0283,2,2,2026-10-07T03:19:51+02:00
a64fx,simde,512,main_scan_enc,2,"and 3",0.17,6.0895,4.0061,2,2,2026-10-07T03:19:51+02:00
a64fx,simde,512,main_scan_enc,2,"and 3",0.17,6.0341,4.0084,2,2,2026-10-07T03:19:51+02:00
a64fx,simde,512,main_scan_enc,2,"and 3",0.17,6.0185,3.9986,2,2,2026-10-07T03:19:51+02:00
a64fx,simde,512,main_scan_enc,2,"and 1",0.01,13.3120,8.8155,2,2,2026-10-07T03:19:51+02:00
a64fx,simde,512,main_scan_enc,2,"and 1",0.01,13.0472,8.5352,2,2,2026-10-07T03:19:51+02:00
a64fx,simde,512,main_scan_enc,2,"and 1",0.01,13.3118,8.8270,2,2,2026-10-07T03:19:51+02:00
a64fx,simde,512,main_scan_enc,2,"and 1",0.01,12.8851,8.6772,2,2,2026-10-07T03:19:51+02:00
a64fx,simde,512,main_scan_enc,2,"and 1",0.01,13.3120,8.6122,2,2,2026-10-07T03:19:51+02:00
a64fx,simde,512,main_scan_enc,2,"and 2",0.10,8.2975,4.6308,2,2,2026-10-07T03:19:51+02:00
a64fx,simde,512,main_scan_enc,2,"and 2",0.10,8.2611,4.6253,2,2,2026-10-07T03:19:51+02:00
a64fx,simde,512,main_scan_enc,2,"and 2",0.10,8.3525,4.6368,2,2,2026-10-07T03:19:51+02:00
a64fx,simde,512,main_scan_enc,2,"and 2",0.10,8.2011,4.6076,2,2,2026-10-07T03:19:51+02:00
a64fx,simde,512,main_scan_enc,2,"and 2",0.10,8.2546,4.6157,2,2,2026-10-07T03:19:51+02:00
a64fx,simde,512,main_scan_enc,2,"and 3",0.22,5.0766,3.8021,2,2,2026-10-07T03:19:51+02:00
a64fx,simde,512,main_scan_enc,2,"and 3",0.22,5.0707,3.8118,2,2,2026-10-07T03:19:51+02:00
a64fx,simde,512,main_scan_enc,2,"and 3",0.22,5.0890,3.8358,2,2,2026-10-07T03:19:51+02:00
a64fx,simde,512,main_scan_enc,2,"and 3",0.22,5.1074,3.8476,2,2,2026-10-07T03:19:51+02:00
a64fx,simde,512,main_scan_enc,2,"and 3",0.22,5.0774,3.8311,2,2,2026-10-07T03:19:51+02:00
a64fx,simde,512,main_scan_enc,2,"and 1",0.02,11.7265,7.1312,2,2,2026-10-07T03:19:51+02:00
a64fx,simde,512,main_scan_enc,2,"and 1",0.02,11.6704,7.8316,2,2,2026-10-07T03:19:51+02:00
a64fx,simde,512,main_scan_enc,2,"and 1",0.02,12.0246,7.7886,2,2,2026-10-07T03:19:51+02:00
a64fx,simde,512,main_scan_enc,2,"and 1",0.02,11.8677,7.7671,2,2,2026-10-07T03:19:51+02:00
a64fx,simde,512,main_scan_enc,2,"and 1",0.02,11.9868,7.6641,2,2,2026-10-07T03:19:51+02:00
a64fx,simde,512,main_scan_enc,2,"and 2",0.14,6.9950,4.1464,2,2,2026-10-07T03:19:51+02:00
a64fx,simde,512,main_scan_enc,2,"and 2",0.14,6.8703,4.1297,2,2,2026-10-07T03:19:51+02:00
a64fx,simde,512,main_scan_enc,2,"and 2",0.14,6.9877,4.1539,2,2,2026-10-07T03:19:51+02:00
a64fx,simde,512,main_scan_enc,2,"and 2",0.14,6.9011,4.1365,2,2,2026-10-07T03:19:51+02:00
a64fx,simde,512,main_scan_enc,2,"and 2",0.14,6.9910,4.1691,2,2,2026-10-07T03:19:51+02:00
a64fx,simde,512,main_scan_enc,2,"and 3",0.27,4.2978,3.6000,2,2,2026-10-07T03:19:51+02:00
a64fx,simde,512,main_scan_enc,2,"and 3",0.27,4.2668,3.5645,2,2,2026-10-07T03:19:51+02:00
a64fx,simde,512,main_scan_enc,2,"and 3",0.27,4.2730,3.5981,2,2,2026-10-07T03:19:51+02:00
a64fx,simde,512,main_scan_enc,2,"and 3",0.27,4.3070,3.5549,2,2,2026-10-07T03:19:51+02:00
a64fx,simde,512,main_scan_enc,2,"and 3",0.27,4.3006,3.5957,2,2,2026-10-07T03:19:51+02:00
a64fx,simde,512,main_scan_enc,2,"and 1",0.05,12.9829,6.3585,2,2,2026-10-07T03:19:51+02:00
a64fx,simde,512,main_scan_enc,2,"and 1",0.05,12.9887,6.4085,2,2,2026-10-07T03:19:51+02:00
a64fx,simde,512,main_scan_enc,2,"and 1",0.05,12.4351,6.3362,2,2,2026-10-07T03:19:51+02:00
a64fx,simde,512,main_scan_enc,2,"and 1",0.05,12.5295,6.2553,2,2,2026-10-07T03:19:51+02:00
a64fx,simde,512,main_scan_enc,2,"and 1",0.05,12.4045,6.2579,2,2,2026-10-07T03:19:51+02:00
a64fx,simde,512,main_scan_enc,2,"and 2",0.22,5.8583,3.5514,2,2,2026-10-07T03:19:51+02:00
a64fx,simde,512,main_scan_enc,2,"and 2",0.22,5.8668,3.5935,2,2,2026-10-07T03:19:51+02:00
a64fx,simde,512,main_scan_enc,2,"and 2",0.22,5.8886,3.5963,2,2,2026-10-07T03:19:51+02:00
a64fx,simde,512,main_scan_enc,2,"and 2",0.22,5.8691,3.5832,2,2,2026-10-07T03:19:51+02:00
a64fx,simde,512,main_scan_enc,2,"and 2",0.22,5.9021,3.6018,2,2,2026-10-07T03:19:51+02:00
a64fx,simde,512,main_scan_enc,2,"and 3",0.37,3.2995,3.2291,2,2,2026-10-07T03:19:51+02:00
a64fx,simde,512,main_scan_enc,2,"and 3",0.37,3.2028,3.2368,2,2,2026-10-07T03:19:51+02:00
a64fx,simde,512,main_scan_enc,2,"and 3",0.37,3.1905,3.2301,2,2,2026-10-07T03:19:51+02:00
a64fx,simde,512,main_scan_enc,2,"and 3",0.37,3.1911,3.2088,2,2,2026-10-07T03:19:51+02:00
a64fx,simde,512,main_scan_enc,2,"and 3",0.37,3.2159,3.2331,2,2,2026-10-07T03:19:51+02:00
a64fx,simde,512,main_scan_enc,2,"and 1",0.10,10.6668,5.1600,2,2,2026-10-07T03:19:51+02:00
a64fx,simde,512,main_scan_enc,2,"and 1",0.10,10.8088,5.1577,2,2,2026-10-07T03:19:51+02:00
a64fx,simde,512,main_scan_enc,2,"and 1",0.10,10.8075,5.1149,2,2,2026-10-07T03:19:51+02:00
a64fx,simde,512,main_scan_enc,2,"and 1",0.10,10.8211,5.1432,2,2,2026-10-07T03:19:51+02:00
a64fx,simde,512,main_scan_enc,2,"and 1",0.10,10.6882,5.1678,2,2,2026-10-07T03:19:51+02:00
a64fx,simde,512,main_scan_enc,2,"and 2",0.32,4.2791,3.1753,2,2,2026-10-07T03:19:51+02:00
a64fx,simde,512,main_scan_enc,2,"and 2",0.32,4.3804,3.1942,2,2,2026-10-07T03:19:51+02:00
a64fx,simde,512,main_scan_enc,2,"and 2",0.32,4.3645,3.1686,2,2,2026-10-07T03:19:51+02:00
a64fx,simde,512,main_scan_enc,2,"and 2",0.32,4.3677,3.1824,2,2,2026-10-07T03:19:51+02:00
a64fx,simde,512,main_scan_enc,2,"and 2",0.32,4.3707,3.1965,2,2,2026-10-07T03:19:51+02:00
a64fx,simde,512,main_scan_enc,2,"and 3",0.46,2.6085,2.8749,2,2,2026-10-07T03:19:51+02:00
a64fx,simde,512,main_scan_enc,2,"and 3",0.46,2.5901,2.8463,2,2,2026-10-07T03:19:51+02:00
a64fx,simde,512,main_scan_enc,2,"and 3",0.46,2.5909,2.8878,2,2,2026-10-07T03:19:51+02:00
a64fx,simde,512,main_scan_enc,2,"and 3",0.46,2.0274,2.8823,2,2,2026-10-07T03:19:51+02:00
a64fx,simde,512,main_scan_enc,2,"and 3",0.46,2.5936,2.8932,2,2,2026-10-07T03:19:51+02:00
a64fx,simde,512,main_scan_enc,2,"and 1",0.20,7.7246,3.8292,2,2,2026-10-07T03:19:51+02:00
a64fx,simde,512,main_scan_enc,2,"and 1",0.20,7.5914,3.8132,2,2,2026-10-07T03:19:51+02:00
a64fx,simde,512,main_scan_enc,2,"and 1",0.20,7.7160,3.8278,2,2,2026-10-07T03:19:51+02:00
a64fx,simde,512,main_scan_enc,2,"and 1",0.20,7.6415,3.8371,2,2,2026-10-07T03:19:51+02:00
a64fx,simde,512,main_scan_enc,2,"and 1",0.20,7.5940,3.7992,2,2,2026-10-07T03:19:51+02:00
a64fx,simde,512,main_scan_enc,2,"and 2",0.45,3.0945,2.6081,2,2,2026-10-07T03:19:51+02:00
a64fx,simde,512,main_scan_enc,2,"and 2",0.45,3.0991,2.6178,2,2,2026-10-07T03:19:51+02:00
a64fx,simde,512,main_scan_enc,2,"and 2",0.45,2.9668,2.6189,2,2,2026-10-07T03:19:51+02:00
a64fx,simde,512,main_scan_enc,2,"and 2",0.45,3.0858,2.6263,2,2,2026-10-07T03:19:51+02:00
a64fx,simde,512,main_scan_enc,2,"and 2",0.45,3.0985,2.6194,2,2,2026-10-07T03:19:51+02:00
a64fx,simde,512,main_scan_enc,2,"and 3",0.58,2.4233,2.4357,2,2,2026-10-07T03:19:51+02:00
a64fx,simde,512,main_scan_enc,2,"and 3",0.58,2.4232,2.4371,2,2,2026-10-07T03:19:51+02:00
a64fx,simde,512,main_scan_enc,2,"and 3",0.58,2.4215,2.4405,2,2,2026-10-07T03:19:51+02:00
a64fx,simde,512,main_scan_enc,2,"and 3",0.58,2.4326,2.4399,2,2,2026-10-07T03:19:51+02:00
a64fx,simde,512,main_scan_enc,2,"and 3",0.58,2.4255,2.4381,2,2,2026-10-07T03:19:51+02:00
a64fx,simde,512,main_scan_enc,2,"and 1",0.50,4.2636,2.3814,2,2,2026-10-07T03:19:51+02:00
a64fx,simde,512,main_scan_enc,2,"and 1",0.50,4.2750,2.3795,2,2,2026-10-07T03:19:51+02:00
a64fx,simde,512,main_scan_enc,2,"and 1",0.50,4.2738,2.3771,2,2,2026-10-07T03:19:51+02:00
a64fx,simde,512,main_scan_enc,2,"and 1",0.50,4.2390,2.3048,2,2,2026-10-07T03:19:51+02:00
a64fx,simde,512,main_scan_enc,2,"and 1",0.50,4.2553,2.3833,2,2,2026-10-07T03:19:51+02:00
a64fx,simde,512,main_scan_enc,2,"and 2",0.71,3.5355,1.8518,2,2,2026-10-07T03:19:51+02:00
a64fx,simde,512,main_scan_enc,2,"and 2",0.71,3.5332,1.8518,2,2,2026-10-07T03:19:51+02:00
a64fx,simde,512,main_scan_enc,2,"and 2",0.71,3.5371,1.8543,2,2,2026-10-07T03:19:51+02:00
a64fx,simde,512,main_scan_enc,2,"and 2",0.71,3.5196,1.8481,2,2,2026-10-07T03:19:51+02:00
a64fx,simde,512,main_scan_enc,2,"and 2",0.71,3.5672,1.8501,2,2,2026-10-07T03:19:51+02:00
a64fx,simde,512,main_scan_enc,2,"and 3",0.79,3.2283,1.7591,2,2,2026-10-07T03:19:51+02:00
a64fx,simde,512,main_scan_enc,2,"and 3",0.79,3.2317,1.7614,2,2,2026-10-07T03:19:51+02:00
a64fx,simde,512,main_scan_enc,2,"and 3",0.79,3.2269,1.7628,2,2,2026-10-07T03:19:51+02:00
a64fx,simde,512,main_scan_enc,2,"and 3",0.79,3.2232,1.7614,2,2,2026-10-07T03:19:51+02:00
a64fx,simde,512,main_scan_enc,2,"and 3",0.79,3.2196,1.7515,2,2,2026-10-07T03:19:51+02:00
a64fx,simde,512,main_scan_enc,2,"and 1",1.00,16.4624,2.4221,2,2,2026-10-07T03:19:51+02:00
a64fx,simde,512,main_scan_enc,2,"and 1",1.00,16.0634,2.4149,2,2,2026-10-07T03:19:51+02:00
a64fx,simde,512,main_scan_enc,2,"and 1",1.00,15.8714,2.4207,2,2,2026-10-07T03:19:51+02:00
a64fx,simde,512,main_scan_enc,2,"and 1",1.00,16.4731,2.4226,2,2,2026-10-07T03:19:51+02:00
a64fx,simde,512,main_scan_enc,2,"and 1",1.00,16.4629,2.4153,2,2,2026-10-07T03:19:51+02:00
a64fx,simde,512,main_scan_enc,2,"and 2",1.00,9.2030,1.8321,2,2,2026-10-07T03:19:51+02:00
a64fx,simde,512,main_scan_enc,2,"and 2",1.00,9.1302,1.8330,2,2,2026-10-07T03:19:51+02:00
a64fx,simde,512,main_scan_enc,2,"and 2",1.00,9.4025,1.7404,2,2,2026-10-07T03:19:51+02:00
a64fx,simde,512,main_scan_enc,2,"and 2",1.00,9.2463,1.8794,2,2,2026-10-07T03:19:51+02:00
a64fx,simde,512,main_scan_enc,2,"and 2",1.00,9.1644,1.7888,2,2,2026-10-07T03:19:51+02:00
a64fx,simde,512,main_scan_enc,2,"and 3",1.00,6.2240,1.7761,2,2,2026-10-07T03:19:51+02:00
a64fx,simde,512,main_scan_enc,2,"and 3",1.00,6.2369,1.7374,2,2,2026-10-07T03:19:51+02:00
a64fx,simde,512,main_scan_enc,2,"and 3",1.00,6.2320,1.7730,2,2,2026-10-07T03:19:51+02:00
a64fx,simde,512,main_scan_enc,2,"and 3",1.00,6.2166,1.7837,2,2,2026-10-07T03:19:51+02:00
a64fx,simde,512,main_scan_enc,2,"and 3",1.00,6.1869,1.7809,2,2,2026-10-07T03:19:51+02:00
a64fx,simde,128,main_gather,2,"gather_byte",100.00,0.064247,0.064247,2,2,2026-10-07T03:20:28+02:00
a64fx,simde,128,main_gather,2,"gather_short",100.00,0.045801,0.045801,2,2,2026-10-07T03:20:28+02:00
a64fx,simde,128,main_gather,2,"gather_int",100.00,0.065055,0.065055,2,2,2026-10-07T03:20:28+02:00
a64fx,simde,128,main_gather,2,"gather_long",100.00,0.060799,0.060799,2,2,2026-10-07T03:20:28+02:00
a64fx,simde,128,main_gather,2,"gather_char",100.00,0.009614,0.009614,2,2,2026-10-07T03:20:28+02:00
a64fx,simde,128,main_gather,2,"gather_encoded",100.00,0.034134,0.034134,2,2,2026-10-07T03:20:28+02:00
a64fx,simde,128,main_gather,2,"copy_encoded",100.00,0.242785,0.242785,2,2,2026-10-07T03:20:28+02:00
a64fx,simde,256,main_gather,2,"gather_byte",100.00,0.056098,0.056098,2,2,2026-10-07T03:25:14+02:00
a64fx,simde,256,main_gather,2,"gather_short",100.00,0.057552,0.057552,2,2,2026-10-07T03:25:14+02:00
a64fx,simde,256,main_gather,2,"gather_int",100.00,0.054614,0.054614,2,2,2026-10-07T03:25:14+02:00
a64fx,simde,256,main_gather,2,"gather_long",100.00,0.052619,0.052619,2,2,2026-10-07T03:25:14+02:00
a64fx,simde,256,main_gather,2,"gather_char",100.00,0.008435,0.008435,2,2,2026-10-07T03:25:14+02:00
a64fx,simde,256,main_gather,2,"gather_encoded",100.00,0.044660,0.044660,2,2,2026-10-07T03:25:14+02:00
a64fx,simde,256,main_gather,2,"copy_encoded",100.00,0.573386,0.573386,2,2,2026-10-07T03:25:14+02:00
a64fx,simde,512,main_gather,2,"gather_byte",100.00,0.054833,0.054833,2,2,2026-10-07T03:29:57+02:00
a64fx,simde,512,main_gather,2,"gather_short",100.00,0.047366,0.047366,2,2,2026-10-07T03:29:57+02:00
a64fx,simde,512,main_gather,2,"gather_int",100.00,0.053258,0.053258,2,2,2026-10-07T03:29:57+02:00
a64fx,simde,512,main_gather,2,"gather_long",100.00,0.050627,0.050627,2,2,2026-10-07T03:29:57+02:00
a64fx,simde,512,main_gather,2,"gather_char",100.00,0.015874,0.015874,2,2,2026-10-07T03:29:57+02:00
a64fx,simde,512,main_gather,2,"gather_encoded",100.00,0.025421,0.025421,2,2,2026-10-07T03:29:57+02:00
a64fx,simde,512,main_gather,2,"copy_encoded",100.00,0.434641,0.434641,2,2,2026-10-07T03:29:57+02:00
a64fx,simde,128,main_hash,2,"jenkins_hash",100.00,0.003747,0.003747,2,2,2026-10-07T03:48:45+02:00
a64fx,simde,128,main_hash,2,"fnv_hash",100.00,0.005021,0.005021,2,2,2026-10-07T03:48:45+02:00
a64fx,simde,128,main_hash,2,"murmur_hash",100.00,0.009883,0.009883,2,2,2026-10-07T03:48:45+02:00
a64fx,simde,256,main_hash,2,"jenkins_hash",100.00,0.003961,0.003961,2,2,2026-10-07T03:50:21+02:00
a64fx,simde,256,main_hash,2,"fnv_hash",100.00,0.005112,0.005112,2,2,2026-10-07T03:50:21+02:00
a64fx,simde,256,main_hash,2,"murmur_hash",100.00,0.010665,0.010665,2,2,2026-10-07T03:50:21+02:00
a64fx,simde,512,main_hash,2,"jenkins_hash",100.00,0.002701,0.002701,2,2,2026-10-07T03:51:56+02:00
a64fx,simde,512,main_hash,2,"fnv_hash",100.00,0.001931,0.001931,2,2,2026-10-07T03:51:56+02:00
a64fx,simde,512,main_hash,2,"murmur_hash",100.00,0.002834,0.002834,2,2,2026-10-07T03:51:56+02:00
a64fx,simde,128,main_select,2,"select_byte",100.00,0.384609,0.384609,2,2,2026-10-07T03:58:24+02:00
a64fx,simde,128,main_select,2,"select_short",100.00,0.410928,0.410928,2,2,2026-10-07T03:58:24+02:00
a64fx,simde,128,main_select,2,"select_int",100.00,0.458123,0.458123,2,2,2026-10-07T03:58:24+02:00
a64fx,simde,128,main_select,2,"select_long",100.00,0.175491,0.175491,2,2,2026-10-07T03:58:24+02:00
a64fx,simde,128,main_select,2,"select_float",100.00,0.423315,0.423315,2,2,2026-10-07T03:58:24+02:00
a64fx,simde,128,main_select,2,"select_double",100.00,0.152000,0.152000,2,2,2026-10-07T03:58:24+02:00
a64fx,simde,128,main_select,2,"select_char",100.00,0.026346,0.026346,2,2,2026-10-07T03:58:24+02:00
a64fx,simde,128,main_select,2,"select_encoded",100.00,0.169880,0.169880,2,2,2026-10-07T03:58:24+02:00
a64fx,simde,256,main_select,2,"select_byte",100.00,0.417421,0.417421,2,2,2026-10-07T04:01:22+02:00
a64fx,simde,256,main_select,2,"select_short",100.00,0.424183,0.424183,2,2,2026-10-07T04:01:22+02:00
a64fx,simde,256,main_select,2,"select_int",100.00,0.436161,0.436161,2,2,2026-10-07T04:01:22+02:00
a64fx,simde,256,main_select,2,"select_long",100.00,0.086385,0.086385,2,2,2026-10-07T04:01:22+02:00
a64fx,simde,256,main_select,2,"select_float",100.00,0.415876,0.415876,2,2,2026-10-07T04:01:22+02:00
a64fx,simde,256,main_select,2,"select_double",100.00,0.075586,0.075586,2,2,2026-10-07T04:01:22+02:00
a64fx,simde,256,main_select,2,"select_char",100.00,0.015083,0.015083,2,2,2026-10-07T04:01:22+02:00
a64fx,simde,256,main_select,2,"select_encoded",100.00,0.269185,0.269185,2,2,2026-10-07T04:01:22+02:00
a64fx,simde,512,main_select,2,"select_byte",100.00,0.420719,0.420719,2,2,2026-10-07T04:05:03+02:00
a64fx,simde,512,main_select,2,"select_short",100.00,0.435793,0.435793,2,2,2026-10-07T04:05:03+02:00
a64fx,simde,512,main_select,2,"select_int",100.00,0.433900,0.433900,2,2,2026-10-07T04:05:03+02:00
a64fx,simde,512,main_select,2,"select_long",100.00,0.084624,0.084624,2,2,2026-10-07T04:05:03+02:00
a64fx,simde,512,main_select,2,"select_float",100.00,0.402703,0.402703,2,2,2026-10-07T04:05:03+02:00
a64fx,simde,512,main_select,2,"select_double",100.00,0.072698,0.072698,2,2,2026-10-07T04:05:03+02:00
a64fx,simde,512,main_select,2,"select_char",100.00,0.021304,0.021304,2,2,2026-10-07T04:05:03+02:00
a64fx,simde,512,main_select,2,"select_encoded",100.00,0.248653,0.248653,2,2,2026-10-07T04:05:03+02:00
a64fx,simde,128,main_filter,2,"filter_byte_eq",100.00,0.023436,0.023436,2,2,2026-10-07T04:14:33+02:00
a64fx,simde,128,main_filter,2,"filter_byte_lt",100.00,0.014998,0.014998,2,2,2026-10-07T04:14:33+02:00
a64fx,simde,128,main_filter,2,"filter_byte_gt",100.00,0.015041,0.015041,2,2,2026-10-07T04:14:33+02:00
a64fx,simde,128,main_filter,2,"filter_byte_ne",100.00,0.013155,0.013155,2,2,2026-10-07T04:14:33+02:00
a64fx,simde,128,main_filter,2,"filter_byte_le",100.00,0.015008,0.015008,2,2,2026-10-07T04:14:33+02:00
a64fx,simde,128,main_filter,2,"filter_byte_ge",100.00,0.015003,0.015003,2,2,2026-10-07T04:14:33+02:00
a64fx,simde,128,main_filter,2,"filter_short_eq",100.00,0.022441,0.022441,2,2,2026-10-07T04:14:33+02:00
a64fx,simde,128,main_filter,2,"filter_short_lt",100.00,0.014715,0.014715,2,2,2026-10-07T04:14:33+02:00
a64fx,simde,128,main_filter,2,"filter_short_gt",100.00,0.014769,0.014769,2,2,2026-10-07T04:14:33+02:00
a64fx,simde,128,main_filter,2,"filter_short_ne",100.00,0.012035,0.012035,2,2,2026-10-07T04:14:33+02:00
a64fx,simde,128,main_filter,2,"filter_short_le",100.00,0.014619,0.014619,2,2,2026-10-07T04:14:33+02:00
a64fx,simde,128,main_filter,2,"filter_short_ge",100.00,0.014731,0.014731,2,2,2026-10-07T04:14:33+02:00
a64fx,simde,128,main_filter,2,"filter_int_eq",100.00,0.021585,0.021585,2,2,2026-10-07T04:14:33+02:00
a64fx,simde,128,main_filter,2,"filter_int_lt",100.00,0.014378,0.014378,2,2,2026-10-07T04:14:33+02:00
a64fx,simde,128,main_filter,2,"filter_int_gt",100.00,0.014360,0.014360,2,2,2026-10-07T04:14:33+02:00
a64fx,simde,128,main_filter,2,"filter_int_ne",100.00,0.012634,0.012634,2,2,2026-10-07T04:14:33+02:00
a64fx,simde,128,main_filter,2,"filter_int_le",100.00,0.014207,0.014207,2,2,2026-10-07T04:14:33+02:00
a64fx,simde,128,main_filter,2,"filter_int_ge",100.00,0.014435,0.014435,2,2,2026-10-07T04:14:33+02:00
a64fx,simde,128,main_filter,2,"filter_long_eq",100.00,0.004083,0.004083,2,2,2026-10-07T04:14:33+02:00
a64fx,simde,128,main_filter,2,"filter_long_lt",100.00,0.003715,0.003715,2,2,2026-10-07T04:14:33+02:00
a64fx,simde,128,main_filter,2,"filter_long_gt",100.00,0.003705,0.003705,2,2,2026-10-07T04:14:33+02:00
a64fx,simde,128,main_filter,2,"filter_long_ne",100.00,0.003553,0.003553,2,2,2026-10-07T04:14:33+02:00
a64fx,simde,128,main_filter,2,"filter_long_le",100.00,0.003719,0.003719,2,2,2026-10-07T04:14:33+02:00
a64fx,simde,128,main_filter,2,"filter_long_ge",100.00,0.003712,0.003712,2,2,2026-10-07T04:14:33+02:00
a64fx,simde,128,main_filter,2,"filter_float_eq",100.00,0.020445,0.020445,2,2,2026-10-07T04:14:33+02:00
a64fx,simde,128,main_filter,2,"filter_float_lt",100.00,0.013785,0.013785,2,2,2026-10-07T04:14:33+02:00
a64fx,simde,128,main_filter,2,"filter_float_gt",100.00,0.013808,0.013808,2,2,2026-10-07T04:14:33+02:00
a64fx,simde,128,main_filter,2,"filter_float_ne",100.00,0.012069,0.012069,2,2,2026-10-07T04:14:33+02:00
a64fx,simde,128,main_filter,2,"filter_float_le",100.00,0.013867,0.013867,2,2,2026-10-07T04:14:33+02:00
a64fx,simde,128,main_filter,2,"filter_float_ge",100.00,0.013883,0.013883,2,2,2026-10-07T04:14:33+02:00
a64fx,simde,128,main_filter,2,"filter_double_eq",100.00,0.004061,0.004061,2,2,2026-10-07T04:14:33+02:00
a64fx,simde,128,main_filter,2,"filter_double_lt",100.00,0.003698,0.003698,2,2,2026-10-07T04:14:33+02:00
a64fx,simde,128,main_filter,2,"filter_double_gt",100.00,0.003702,0.003702,2,2,2026-10-07T04:14:33+02:00
a64fx,simde,128,main_filter,2,"filter_double_ne",100.00,0.003568,0.003568,2,2,2026-10-07T04:14:33+02:00
a64fx,simde,128,main_filter,2,"filter_double_le",100.00,0.003705,0.003705,2,2,2026-10-07T04:14:33+02:00
a64fx,simde,128,main_filter,2,"filter_double_ge",100.00,0.003700,0.003700,2,2,2026-10-07T04:14:33+02:00
a64fx,simde,128,main_filter,2,"filter_char_eq",100.00,0.003243,0.003243,2,2,2026-10-07T04:14:33+02:00
a64fx,simde,128,main_filter,2,"filter_char_lt",100.00,0.002665,0.002665,2,2,2026-10-07T04:14:33+02:00
a64fx,simde,128,main_filter,2,"filter_char_gt",100.00,0.002658,0.002658,2,2,2026-10-07T04:14:33+02:00
a64fx,simde,128,main_filter,2,"filter_char_ne",100.00,0.003133,0.003133,2,2,2026-10-07T04:14:33+02:00
a64fx,simde,128,main_filter,2,"filter_char_le",100.00,0.002662,0.002662,2,2,2026-10-07T04:14:33+02:00
a64fx,simde,128,main_filter,2,"filter_char_ge",100.00,0.002675,0.002675,2,2,2026-10-07T04:14:33+02:00
a64fx,simde,256,main_filter,2,"filter_byte_eq",100.00,0.020175,0.020175,2,2,2026-10-07T04:17:21+02:00
a64fx,simde,256,main_filter,2,"filter_byte_lt",100.00,0.013507,0.013507,2,2,2026-10-07T04:17:21+02:00
a64fx,simde,256,main_filter,2,"filter_byte_gt",100.00,0.013482,0.013482,2,2,2026-10-07T04:17:21+02:00
a64fx,simde,256,main_filter,2,"filter_byte_ne",100.00,0.012074,0.012074,2,2,2026-10-07T04:17:21+02:00
a64fx,simde,256,main_filter,2,"filter_byte_le",100.00,0.013491,0.013491,2,2,2026-10-07T04:17:21+02:00
a64fx,simde,256,main_filter,2,"filter_byte_ge",100.00,0.013496,0.013496,2,2,2026-10-07T04:17:21+02:00
a64fx,simde,256,main_filter,2,"filter_short_eq",100.00,0.019623,0.019623,2,2,2026-10-07T04:17:21+02:00
a64fx,simde,256,main_filter,2,"filter_short_lt",100.00,0.013075,0.013075,2,2,2026-10-07T04:17:21+02:00
a64fx,simde,256,main_filter,2,"filter_short_gt",100.00,0.013094,0.013094,2,2,2026-10-07T04:17:21+02:00
a64fx,simde,256,main_filter,2,"filter_short_ne",100.00,0.011852,0.011852,2,2,2026-10-07T04:17:21+02:00
a64fx,simde,256,main_filter,2,"filter_short_le",100.00,0.013107,0.013107,2,2,2026-10-07T04:17:21+02:00
a64fx,simde,256,main_filter,2,"filter_short_ge",100.00,0.013106,0.013106,2,2,2026-10-07T04:17:21+02:00
a64fx,simde,256,main_filter,2,"filter_int_eq",100.00,0.018734,0.018734,2,2,2026-10-07T04:17:21+02:00
a64fx,simde,256,main_filter,2,"filter_int_lt",100.00,0.012722,0.012722,2,2,2026-10-07T04:17:21+02:00
a64fx,simde,256,main_filter,2,"filter_int_gt",100.00,0.012674,0.012674,2,2,2026-10-07T04:17:21+02:00
a64fx,simde,256,main_filter,2,"filter_int_ne",100.00,0.011724,0.011724,2,2,2026-10-07T04:17:21+02:00
a64fx,simde,256,main_filter,2,"filter_int_le",100.00,0.012715,0.012715,2,2,2026-10-07T04:17:21+02:00
a64fx,simde,256,main_filter,2,"filter_int_ge",100.00,0.012699,0.012699,2,2,2026-10-07T04:17:21+02:00
a64fx,simde,256,main_filter,2,"filter_long_eq",100.00,0.003850,0.003850,2,2,2026-10-07T04:17:21+02:00
a64fx,simde,256,main_filter,2,"filter_long_lt",100.00,0.003535,0.003535,2,2,2026-10-07T04:17:21+02:00
a64fx,simde,256,main_filter,2,"filter_long_gt",100.00,0.003535,0.003535,2,2,2026-10-07T04:17:21+02:00
a64fx,simde,256,main_filter,2,"filter_long_ne",100.00,0.003453,0.003453,2,2,2026-10-07T04:17:21+02:00
a64fx,simde,256,main_filter,2,"filter_long_le",100.00,0.003532,0.003532,2,2,2026-10-07T04:17:21+02:00
a64fx,simde,256,main_filter,2,"filter_long_ge",100.00,0.003527,0.003527,2,2,2026-10-07T04:17:21+02:00
a64fx,simde,256,main_filter,2,"filter_float_eq",100.00,0.017220,0.017220,2,2,2026-10-07T04:17:21+02:00
a64fx,simde,256,main_filter,2,"filter_float_lt",100.00,0.012152,0.012152,2,2,2026-10-07T04:17:21+02:00
a64fx,simde,256,main_filter,2,"filter_float_gt",100.00,0.012256,0.012256,2,2,2026-10-07T04:17:21+02:00
a64fx,simde,256,main_filter,2,"filter_float_ne",100.00,0.011212,0.011212,2,2,2026-10-07T04:17:21+02:00
a64fx,simde,256,main_filter,2,"filter_float_le",100.00,0.012181,0.012181,2,2,2026-10-07T04:17:21+02:00
a64fx,simde,256,main_filter,2,"filter_float_ge",100.00,0.012224,0.012224,2,2,2026-10-07T04:17:21+02:00
a64fx,simde,256,main_filter,2,"filter_double_eq",100.00,0.003760,0.003760,2,2,2026-10-07T04:17:21+02:00
a64fx,simde,256,main_filter,2,"filter_double_lt",100.00,0.003432,0.003432,2,2,2026-10-07T04:17:21+02:00
a64fx,simde,256,main_filter,2,"filter_double_gt",100.00,0.003429,0.003429,2,2,2026-10-07T04:17:21+02:00
a64fx,simde,256,main_filter,2,"filter_double_ne",100.00,0.003373,0.003373,2,2,2026-10-07T04:17:21+02:00
a64fx,simde,256,main_filter,2,"filter_double_le",100.00,0.003435,0.003435,2,2,2026-10-07T04:17:21+02:00
a64fx,simde,256,main_filter,2,"filter_double_ge",100.00,0.003433,0.003433,2,2,2026-10-07T04:17:21+02:00
a64fx,simde,256,main_filter,2,"filter_char_eq",100.00,0.003178,0.003178,2,2,2026-10-07T04:17:21+02:00
a64fx,simde,256,main_filter,2,"filter_char_lt",100.00,0.002505,0.002505,2,2,2026-10-07T04:17:21+02:00
a64fx,simde,256,main_filter,2,"filter_char_gt",100.00,0.002507,0.002507,2,2,2026-10-07T04:17:21+02:00
a64fx,simde,256,main_filter,2,"filter_char_ne",100.00,0.003095,0.003095,2,2,2026-10-07T04:17:21+02:00
a64fx,simde,256,main_filter,2,"filter_char_le",100.00,0.002519,0.002519,2,2,2026-10-07T04:17:21+02:00
a64fx,simde,256,main_filter,2,"filter_char_ge",100.00,0.002522,0.002522,2,2,2026-10-07T04:17:21+02:00
a64fx,simde,512,main_filter,2,"filter_byte_eq",100.00,0.020598,0.020598,2,2,2026-10-07T04:20:13+02:00
a64fx,simde,512,main_filter,2,"filter_byte_lt",100.00,0.014421,0.014421,2,2,2026-10-07T04:20:13+02:00
a64fx,simde,512,main_filter,2,"filter_byte_gt",100.00,0.014458,0.014458,2,2,2026-10-07T04:20:13+02:00
a64fx,simde,512,main_filter,2,"filter_byte_ne",100.00,0.013929,0.013929,2,2,2026-10-07T04:20:13+02:00
a64fx,simde,512,main_filter,2,"filter_byte_le",100.00,0.014368,0.014368,2,2,2026-10-07T04:20:13+02:00
a64fx,simde,512,main_filter,2,"filter_byte_ge",100.00,0.014522,0.014522,2,2,2026-10-07T04:20:13+02:00
a64fx,simde,512,main_filter,2,"filter_short_eq",100.00,0.019939,0.019939,2,2,2026-10-07T04:20:13+02:00
a64fx,simde,512,main_filter,2,"filter_short_lt",100.00,0.014158,0.014158,2,2,2026-10-07T04:20:13+02:00
a64fx,simde,512,main_filter,2,"filter_short_gt",100.00,0.014137,0.014137,2,2,2026-10-07T04:20:13+02:00
a64fx,simde,512,main_filter,2,"filter_short_ne",100.00,0.013417,0.013417,2,2,2026-10-07T04:20:13+02:00
a64fx,simde,512,main_filter,2,"filter_short_le",100.00,0.014191,0.014191,2,2,2026-10-07T04:20:13+02:00
a64fx,simde,512,main_filter,2,"filter_short_ge",100.00,0.014162,0.014162,2,2,2026-10-07T04:20:13+02:00
a64fx,simde,512,main_filter,2,"filter_int_eq",100.00,0.019058,0.019058,2,2,2026-10-07T04:20:13+02:00
a64fx,simde,512,main_filter,2,"filter_int_lt",100.00,0.013651,0.013651,2,2,2026-10-07T04:20:13+02:00
a64fx,simde,512,main_filter,2,"filter_int_gt",100.00,0.013630,0.013630,2,2,2026-10-07T04:20:13+02:00
a64fx,simde,512,main_filter,2,"filter_int_ne",100.00,0.013136,0.013136,2,2,2026-10-07T04:20:13+02:00
a64fx,simde,512,main_filter,2,"filter_int_le",100.00,0.013591,0.013591,2,2,2026-10-07T04:20:13+02:00
a64fx,simde,512,main_filter,2,"filter_int_ge",100.00,0.013572,0.013572,2,2,2026-10-07T04:20:13+02:00
a64fx,simde,512,main_filter,2,"filter_long_eq",100.00,0.003909,0.003909,2,2,2026-10-07T04:20:13+02:00
a64fx,simde,512,main_filter,2,"filter_long_lt",100.00,0.003619,0.003619,2,2,2026-10-07T04:20:13+02:00
a64fx,simde,512,main_filter,2,"filter_long_gt",100.00,0.003614,0.003614,2,2,2026-10-07T04:20:13+02:00
a64fx,simde,512,main_filter,2,"filter_long_ne",100.00,0.003585,0.003585,2,2,2026-10-07T04:20:13+02:00
a64fx,simde,512,main_filter,2,"filter_long_le",100.00,0.003620,0.003620,2,2,2026-10-07T04:20:13+02:00
a64fx,simde,512,main_filter,2,"filter_long_ge",100.00,0.003623,0.003623,2,2,2026-10-07T04:20:13+02:00
a64fx,simde,512,main_filter,2,"filter_float_eq",100.00,0.018060,0.018060,2,2,2026-10-07T04:20:13+02:00
a64fx,simde,512,main_filter,2,"filter_float_lt",100.00,0.013089,0.013089,2,2,2026-10-07T04:20:13+02:00
a64fx,simde,512,main_filter,2,"filter_float_gt",100.00,0.013040,0.013040,2,2,2026-10-07T04:20:13+02:00
a64fx,simde,512,main_filter,2,"filter_float_ne",100.00,0.012790,0.012790,2,2,2026-10-07T04:20:13+02:00
a64fx,simde,512,main_filter,2,"filter_float_le",100.00,0.013051,0.013051,2,2,2026-10-07T04:20:13+02:00
a64fx,simde,512,main_filter,2,"filter_float_ge",100.00,0.012987,0.012987,2,2,2026-10-07T04:20:13+02:00
a64fx,simde,512,main_filter,2,"filter_double_eq",100.00,0.003816,0.003816,2,2,2026-10-07T04:20:13+02:00
a64fx,simde,512,main_filter,2,"filter_double_lt",100.00,0.003514,0.003514,2,2,2026-10-07T04:20:13+02:00
a64fx,simde,512,main_filter,2,"filter_double_gt",100.00,0.003519,0.003519,2,2,2026-10-07T04:20:13+02:00
a64fx,simde,512,main_filter,2,"filter_double_ne",100.00,0.003493,0.003493,2,2,2026-10-07T04:20:13+02:00
a64fx,simde,512,main_filter,2,"filter_double_le",100.00,0.003518,0.003518,2,2,2026-10-07T04:20:13+02:00
a64fx,simde,512,main_filter,2,"filter_double_ge",100.00,0.003519,0.003519,2,2,2026-10-07T04:20:13+02:00
a64fx,simde,512,main_filter,2,"filter_char_eq",100.00,0.003178,0.003178,2,2,2026-10-07T04:20:13+02:00
a64fx,simde,512,main_filter,2,"filter_char_lt",100.00,0.002684,0.002684,2,2,2026-10-07T04:20:13+02:00
a64fx,simde,512,main_filter,2,"filter_char_gt",100.00,0.002683,0.002683,2,2,2026-10-07T04:20:13+02:00
a64fx,simde,512,main_filter,2,"filter_char_ne",100.00,0.003124,0.003124,2,2,2026-10-07T04:20:13+02:00
a64fx,simde,512,main_filter,2,"filter_char_le",100.00,0.002702,0.002702,2,2,2026-10-07T04:20:13+02:00
a64fx,simde,512,main_filter,2,"filter_char_ge",100.00,0.002698,0.002698,2,2,2026-10-07T04:20:13+02:00
a64fx,simde,128,main_shuffle,2,"shuffle_offset",100.00,0.020674,0.020674,2,2,2026-10-07T04:30:48+02:00
a64fx,simde,128,main_shuffle,2,"shuffle_byte",100.00,0.188925,0.188925,2,2,2026-10-07T04:30:48+02:00
a64fx,simde,128,main_shuffle,2,"flush_byte",100.00,629.680829,629.680829,2,2,2026-10-07T04:30:48+02:00
a64fx,simde,128,main_shuffle,2,"shuffle_short",100.00,0.143841,0.143841,2,2,2026-10-07T04:30:48+02:00
a64fx,simde,128,main_shuffle,2,"flush_short",100.00,614.901409,614.901409,2,2,2026-10-07T04:30:48+02:00
a64fx,simde,128,main_shuffle,2,"shuffle_int",100.00,0.120055,0.120055,2,2,2026-10-07T04:30:48+02:00
a64fx,simde,128,main_shuffle,2,"flush_int",100.00,734.811493,734.811493,2,2,2026-10-07T04:30:48+02:00
a64fx,simde,128,main_shuffle,2,"shuffle_long",100.00,0.085210,0.085210,2,2,2026-10-07T04:30:48+02:00
a64fx,simde,128,main_shuffle,2,"flush_long",100.00,804.122699,804.122699,2,2,2026-10-07T04:30:48+02:00
a64fx,simde,128,main_shuffle,2,"shuffle_char",100.00,0.008088,0.008088,2,2,2026-10-07T04:30:48+02:00
a64fx,simde,128,main_shuffle,2,"flush_char",100.00,623.541300,623.541300,2,2,2026-10-07T04:30:48+02:00
a64fx,simde,256,main_shuffle,2,"shuffle_offset",100.00,0.017513,0.017513,2,2,2026-10-07T04:38:51+02:00
a64fx,simde,256,main_shuffle,2,"shuffle_byte",100.00,0.168442,0.168442,2,2,2026-10-07T04:38:51+02:00
a64fx,simde,256,main_shuffle,2,"flush_byte",100.00,622.762287,622.762287,2,2,2026-10-07T04:38:51+02:00
a64fx,simde,256,main_shuffle,2,"shuffle_short",100.00,0.137223,0.137223,2,2,2026-10-07T04:38:51+02:00
a64fx,simde,256,main_shuffle,2,"flush_short",100.00,626.193100,626.193100,2,2,2026-10-07T04:38:51+02:00
a64fx,simde,256,main_shuffle,2,"shuffle_int",100.00,0.135924,0.135924,2,2,2026-10-07T04:38:51+02:00
a64fx,simde,256,main_shuffle,2,"flush_int",100.00,685.993916,685.993916,2,2,2026-10-07T04:38:51+02:00
a64fx,simde,256,main_shuffle,2,"shuffle_long",100.00,0.089896,0.089896,2,2,2026-10-07T04:38:51+02:00
a64fx,simde,256,main_shuffle,2,"flush_long",100.00,816.457214,816.457214,2,2,2026-10-07T04:38:51+02:00
a64fx,simde,256,main_shuffle,2,"shuffle_char",100.00,0.008770,0.008770,2,2,2026-10-07T04:38:51+02:00
a64fx,simde,256,main_shuffle,2,"flush_char",100.00,606.956568,606.956568,2,2,2026-10-07T04:38:51+02:00
a64fx,simde,512,main_shuffle,2,"shuffle_offset",100.00,0.016176,0.016176,2,2,2026-10-07T04:46:56+02:00
a64fx,simde,512,main_shuffle,2,"shuffle_byte",100.00,0.174067,0.174067,2,2,2026-10-07T04:46:56+02:00
a64fx,simde,512,main_shuffle,2,"flush_byte",100.00,566.032928,566.032928,2,2,2026-10-07T04:46:56+02:00
a64fx,simde,512,main_shuffle,2,"shuffle_short",100.00,0.126766,0.126766,2,2,2026-10-07T04:46:56+02:00
a64fx,simde,512,main_shuffle,2,"flush_short",100.00,591.571910,591.571910,2,2,2026-10-07T04:46:56+02:00
a64fx,simde,512,main_shuffle,2,"shuffle_int",100.00,0.117635,0.117635,2,2,2026-10-07T04:46:56+02:00
a64fx,simde,512,main_shuffle,2,"flush_int",100.00,686.128578,686.128578,2,2,2026-10-07T04:46:56+02:00
a64fx,simde,512,main_shuffle,2,"shuffle_long",100.00,0.090265,0.090265,2,2,2026-10-07T04:46:56+02:00
a64fx,simde,512,main_shuffle,2,"flush_long",100.00,745.124178,745.124178,2,2,2026-10-07T04:46:56+02:00
a64fx,simde,512,main_shuffle,2,"shuffle_char",100.00,0.012540,0.012540,2,2,2026-10-07T04:46:56+02:00
a64fx,simde,512,main_shuffle,2,"flush_char",100.00,553.918694,553.918694,2,2,2026-10-07T04:46:56+02:00
a64fx,simde,128,main_expr,2,"expr_float/+",100.00,2.472303,2.472303,2,2,2026-10-07T05:17:35+02:00
a64fx,simde,128,main_expr,2,"expr_float/-",100.00,2.575210,2.575210,2,2,2026-10-07T05:17:35+02:00
a64fx,simde,128,main_expr,2,"expr_float/*",100.00,2.200311,2.200311,2,2,2026-10-07T05:17:35+02:00
a64fx,simde,128,main_expr,2,"expr_float//",100.00,0.245293,0.245293,2,2,2026-10-07T05:17:35+02:00
a64fx,simde,128,main_expr,2,"expr_double/+",100.00,1.240598,1.240598,2,2,2026-10-07T05:17:35+02:00
a64fx,simde,128,main_expr,2,"expr_double/-",100.00,1.288976,1.288976,2,2,2026-10-07T05:17:35+02:00
a64fx,simde,128,main_expr,2,"expr_double/*",100.00,1.104610,1.104610,2,2,2026-10-07T05:17:35+02:00
a64fx,simde,128,main_expr,2,"expr_double//",100.00,0.083299,0.083299,2,2,2026-10-07T05:17:35+02:00
a64fx,simde,128,main_expr,2,"expr_decimal/+",100.00,0.734170,0.734170,2,2,2026-10-07T05:17:35+02:00
a64fx,simde,128,main_expr,2,"expr_decimal/-",100.00,0.762251,0.762251,2,2,2026-10-07T05:17:35+02:00
a64fx,simde,128,main_expr,2,"expr_decimal/*",100.00,0.076767,0.076767,2,2,2026-10-07T05:17:35+02:00
a64fx,simde,128,main_expr,2,"expr_decimal//",100.00,0.036952,0.036952,2,2,2026-10-07T05:17:35+02:00
a64fx,simde,256,main_expr,2,"expr_float/+",100.00,4.101784,4.101784,2,2,2026-10-07T05:17:48+02:00
a64fx,simde,256,main_expr,2,"expr_float/-",100.00,4.430122,4.430122,2,2,2026-10-07T05:17:48+02:00
a64fx,simde,256,main_expr,2,"expr_float/*",100.00,4.417179,4.417179,2,2,2026-10-07T05:17:48+02:00
a64fx,simde,256,main_expr,2,"expr_float//",100.00,0.271624,0.271624,2,2,2026-10-07T05:17:48+02:00
a64fx,simde,256,main_expr,2,"expr_double/+",100.00,1.180099,1.180099,2,2,2026-10-07T05:17:48+02:00
a64fx,simde,256,main_expr,2,"expr_double/-",100.00,1.226059,1.226059,2,2,2026-10-07T05:17:48+02:00
a64fx,simde,256,main_expr,2,"expr_double/*",100.00,1.227064,1.227064,2,2,2026-10-07T05:17:48+02:00
a64fx,simde,256,main_expr,2,"expr_double//",100.00,0.089024,0.089024,2,2,2026-10-07T05:17:48+02:00
a64fx,simde,256,main_expr,2,"expr_decimal/+",100.00,0.808372,0.808372,2,2,2026-10-07T05:17:48+02:00
a64fx,simde,256,main_expr,2,"expr_decimal/-",100.00,0.894081,0.894081,2,2,2026-10-07T05:17:48+02:00
a64fx,simde,256,main_expr,2,"expr_decimal/*",100.00,0.070002,0.070002,2,2,2026-10-07T05:17:48+02:00
a64fx,simde,256,main_expr,2,"expr_decimal//",100.00,0.047210,0.047210,2,2,2026-10-07T05:17:48+02:00
a64fx,simde,512,main_expr,2,"expr_float/+",100.00,4.616590,4.616590,2,2,2026-10-07T05:18:00+02:00
a64fx,simde,512,main_expr,2,"expr_float/-",100.00,5.026086,5.026086,2,2,2026-10-07T05:18:00+02:00
a64fx,simde,512,main_expr,2,"expr_float/*",100.00,5.020133,5.020133,2,2,2026-10-07T05:18:00+02:00
a64fx,simde,512,main_expr,2,"expr_float//",100.00,0.290177,0.290177,2,2,2026-10-07T05:18:00+02:00
a64fx,simde,512,main_expr,2,"expr_double/+",100.00,1.252448,1.252448,2,2,2026-10-07T05:18:00+02:00
a64fx,simde,512,main_expr,2,"expr_double/-",100.00,1.319541,1.319541,2,2,2026-10-07T05:18:00+02:00
a64fx,simde,512,main_expr,2,"expr_double/*",100.00,1.318338,1.318338,2,2,2026-10-07T05:18:00+02:00
a64fx,simde,512,main_expr,2,"expr_double//",100.00,0.092656,0.092656,2,2,2026-10-07T05:18:00+02:00
a64fx,simde,512,main_expr,2,"expr_decimal/+",100.00,1.101351,1.101351,2,2,2026-10-07T05:18:00+02:00
a64fx,simde,512,main_expr,2,"expr_decimal/-",100.00,1.445958,1.445958,2,2,2026-10-07T05:18:00+02:00
a64fx,simde,512,main_expr,2,"expr_decimal/*",100.00,0.038688,0.038688,2,2,2026-10-07T05:18:00+02:00
a64fx,simde,512,main_expr,2,"expr_decimal//",100.00,0.027592,0.027592,2,2,2026-10-07T05:18:00+02:00
a64fx,simde,128,main_part,2,"int * 1 | 2^4",,0.7483,0.7483,2,2,2026-10-07T05:19:19+02:00
a64fx,simde,128,main_part,2,"int * 1 | 2^4",,0.7534,0.7534,2,2,2026-10-07T05:19:19+02:00
a64fx,simde,128,main_part,2,"int * 1 | 2^4",,0.7527,0.7527,2,2,2026-10-07T05:19:19+02:00
a64fx,simde,128,main_part,2,"int * 1 | 2^4",,0.7451,0.7451,2,2,2026-10-07T05:19:19+02:00
a64fx,simde,128,main_part,2,"int * 1 | 2^4",,0.7535,0.7535,2,2,2026-10-07T05:19:19+02:00
a64fx,simde,128,main_part,2,"int * 1 | 2^5",,0.7436,0.7436,2,2,2026-10-07T05:19:19+02:00
a64fx,simde,128,main_part,2,"int * 1 | 2^5",,0.7433,0.7433,2,2,2026-10-07T05:19:19+02:00
a64fx,simde,128,main_part,2,"int * 1 | 2^5",,0.7403,0.7403,2,2,2026-10-07T05:19:19+02:00
a64fx,simde,128,main_part,2,"int * 1 | 2^5",,0.7410,0.7410,2,2,2026-10-07T05:19:19+02:00
a64fx,simde,128,main_part,2,"int * 1 | 2^5",,0.7425,0.7425,2,2,2026-10-07T05:19:19+02:00
a64fx,simde,128,main_part,2,"int * 1 | 2^6",,0.7405,0.7405,2,2,2026-10-07T05:19:19+02:00
a64fx,simde,128,main_part,2,"int * 1 | 2^6",,0.7411,0.7411,2,2,2026-10-07T05:19:19+02:00
a64fx,simde,128,main_part,2,"int * 1 | 2^6",,0.7349,0.7349,2,2,2026-10-07T05:19:19+02:00
a64fx,simde,128,main_part,2,"int * 1 | 2^6",,0.7424,0.7424,2,2,2026-10-07T05:19:19+02:00
a64fx,simde,128,main_part,2,"int * 1 | 2^6",,0.7374,0.7374,2,2,2026-10-07T05:19:19+02:00
a64fx,simde,128,main_part,2,"int * 1 | 2^7",,0.7419,0.7419,2,2,2026-10-07T05:19:19+02:00
a64fx,simde,128,main_part,2,"int * 1 | 2^7",,0.7342,0.7342,2,2,2026-10-07T05:19:19+02:00
a64fx,simde,128,main_part,2,"int * 1 | 2^7",,0.7422,0.7422,2,2,2026-10-07T05:19:19+02:00
a64fx,simde,128,main_part,2,"int * 1 | 2^7",,0.7423,0.7423,2,2,2026-10-07T05:19:19+02:00
a64fx,simde,128,main_part,2,"int * 1 | 2^7",,0.7428,0.7428,2,2,2026-10-07T05:19:19+02:00
a64fx,simde,128,main_part,2,"int * 1 | 2^8",,0.7332,0.7332,2,2,2026-10-07T05:19:19+02:00
a64fx,simde,128,main_part,2,"int * 1 | 2^8",,0.7385,0.7385,2,2,2026-10-07T05:19:19+02:00
a64fx,simde,128,main_part,2,"int * 1 | 2^8",,0.7415,0.7415,2,2,2026-10-07T05:19:19+02:00
a64fx,simde,128,main_part,2,"int * 1 | 2^8",,0.7395,0.7395,2,2,2026-10-07T05:19:19+02:00
a64fx,simde,128,main_part,2,"int * 1 | 2^8",,0.7335,0.7335,2,2,2026-10-07T05:19:19+02:00
a64fx,simde,128,main_part,2,"int * 2 | 2^4",,0.6709,0.6709,2,2,2026-10-07T05:19:19+02:00
a64fx,simde,128,main_part,2,"int * 2 | 2^4",,0.6641,0.6641,2,2,2026-10-07T05:19:19+02:00
a64fx,simde,128,main_part,2,"int * 2 | 2^4",,0.6675,0.6675,2,2,2026-10-07T05:19:19+02:00
a64fx,simde,128,main_part,2,"int * 2 | 2^4",,0.6653,0.6653,2,2,2026-10-07T05:19:19+02:00
a64fx,simde,128,main_part,2,"int * 2 | 2^4",,0.6706,0.6706,2,2,2026-10-07T05:19:19+02:00
a64fx,simde,128,main_part,2,"int * 2 | 2^5",,0.6625,0.6625,2,2,2026-10-07T05:19:19+02:00
a64fx,simde,128,main_part,2,"int * 2 | 2^5",,0.6627,0.6627,2,2,2026-10-07T05:19:19+02:00
a64fx,simde,128,main_part,2,"int * 2 | 2^5",,0.6560,0.6560,2,2,2026-10-07T05:19:19+02:00
a64fx,simde,128,main_part,2,"int * 2 | 2^5",,0.6618,0.6618,2,2,2026-10-07T05:19:19+02:00
a64fx,simde,128,main_part,2,"int * 2 | 2^5",,0.6618,0.6618,2,2,2026-10-07T05:19:19+02:00
a64fx,simde,128,main_part,2,"int * 2 | 2^6",,0.6595,0.6595,2,2,2026-10-07T05:19:19+02:00
a64fx,simde,128,main_part,2,"int * 2 | 2^6",,0.6502,0.6502,2,2,2026-10-07T05:19:19+02:00
a64fx,simde,128,main_part,2,"int * 2 | 2^6",,0.6563,0.6563,2,2,2026-10-07T05:19:19+02:00
a64fx,simde,128,main_part,2,"int * 2 | 2^6",,0.6589,0.6589,2,2,2026-10-07T05:19:19+02:00
a64fx,simde,128,main_part,2,"int * 2 | 2^6",,0.6590,0.6590,2,2,2026-10-07T05:19:19+02:00
a64fx,simde,128,main_part,2,"int * 2 | 2^7",,0.6520,0.6520,2,2,2026-10-07T05:19:19+02:00
a64fx,simde,128,main_part,2,"int * 2 | 2^7",,0.6588,0.6588,2,2,2026-10-07T05:19:19+02:00
a64fx,simde,128,main_part,2,"int * 2 | 2^7",,0.6579,0.6579,2,2,2026-10-07T05:19:19+02:00
a64fx,simde,128,main_part,2,"int * 2 | 2^7",,0.6582,0.6582,2,2,2026-10-07T05:19:19+02:00
a64fx,simde,128,main_part,2,"int * 2 | 2^7",,0.6510,0.6510,2,2,2026-10-07T05:19:19+02:00
a64fx,simde,128,main_part,2,"int * 2 | 2^8",,0.6558,0.6558,2,2,2026-10-07T05:19:19+02:00
a64fx,simde,128,main_part,2,"int * 2 | 2^8",,0.6551,0.6551,2,2,2026-10-07T05:19:19+02:00
a64fx,simde,128,main_part,2,"int * 2 | 2^8",,0.6551,0.6551,2,2,2026-10-07T05:19:19+02:00
a64fx,simde,128,main_part,2,"int * 2 | 2^8",,0.6490,0.6490,2,2,2026-10-07T05:19:19+02:00
a64fx,simde,128,main_part,2,"int * 2 | 2^8",,0.6506,0.6506,2,2,2026-10-07T05:19:19+02:00
a64fx,simde,128,main_part,2,"int * 3 | 2^4",,0.6070,0.6070,2,2,2026-10-07T05:19:19+02:00
a64fx,simde,128,main_part,2,"int * 3 | 2^4",,0.6019,0.6019,2,2,2026-10-07T05:19:19+02:00
a64fx,simde,128,main_part,2,"int * 3 | 2^4",,0.6074,0.6074,2,2,2026-10-07T05:19:19+02:00
a64fx,simde,128,main_part,2,"int * 3 | 2^4",,0.6077,0.6077,2,2,2026-10-07T05:19:19+02:00
a64fx,simde,128,main_part,2,"int * 3 | 2^4",,0.6073,0.6073,2,2,2026-10-07T05:19:19+02:00
a64fx,simde,128,main_part,2,"int * 3 | 2^5",,0.5910,0.5910,2,2,2026-10-07T05:19:19+02:00
a64fx,simde,128,main_part,2,"int * 3 | 2^5",,0.5963,0.5963,2,2,2026-10-07T05:19:19+02:00
a64fx,simde,128,main_part,2,"int * 3 | 2^5",,0.5896,0.5896,2,2,2026-10-07T05:19:19+02:00
a64fx,simde,128,main_part,2,"int * 3 | 2^5",,0.5883,0.5883,2,2,2026-10-07T05:19:19+02:00
a64fx,simde,128,main_part,2,"int * 3 | 2^5",,0.5964,0.5964,2,2,2026-10-07T05:19:19+02:00
a64fx,simde,128,main_part,2,"int * 3 | 2^6",,0.5896,0.5896,2,2,2026-10-07T05:19:19+02:00
a64fx,simde,128,main_part,2,"int * 3 | 2^6",,0.5909,0.5909,2,2,2026-10-07T05:19:19+02:00
a64fx,simde,128,main_part,2,"int * 3 | 2^6",,0.5872,0.5872,2,2,2026-10-07T05:19:19+02:00
a64fx,simde,128,main_part,2,"int * 3 | 2^6",,0.5899,0.5899,2,2,2026-10-07T05:19:19+02:00
a64fx,simde,128,main_part,2,"int * 3 | 2^6",,0.5918,0.5918,2,2,2026-10-07T05:19:19+02:00
a64fx,simde,128,main_part,2,"int * 3 | 2^7",,0.5848,0.5848,2,2,2026-10-07T05:19:19+02:00
a64fx,simde,128,main_part,2,"int * 3 | 2^7",,0.5904,0.5904,2,2,2026-10-07T05:19:19+02:00
a64fx,simde,128,main_part,2,"int * 3 | 2^7",,0.5891,0.5891,2,2,2026-10-07T05:19:19+02:00
a64fx,simde,128,main_part,2,"int * 3 | 2^7",,0.5892,0.5892,2,2,2026-10-07T05:19:19+02:00
a64fx,simde,128,main_part,2,"int * 3 | 2^7",,0.5850,0.5850,2,2,2026-10-07T05:19:19+02:00
a64fx,simde,128,main_part,2,"int * 3 | 2^8",,0.5814,0.5814,2,2,2026-10-07T05:19:19+02:00
a64fx,simde,128,main_part,2,"int * 3 | 2^8",,0.5698,0.5698,2,2,2026-10-07T05:19:19+02:00
a64fx,simde,128,main_part,2,"int * 3 | 2^8",,0.5712,0.5712,2,2,2026-10-07T05:19:19+02:00
a64fx,simde,128,main_part,2,"int * 3 | 2^8",,0.5711,0.5711,2,2,2026-10-07T05:19:19+02:00
a64fx,simde,128,main_part,2,"int * 3 | 2^8",,0.5698,0.5698,2,2,2026-10-07T05:19:19+02:00
a64fx,simde,256,main_part,2,"int * 1 | 2^4",,0.6441,0.6441,2,2,2026-10-07T05:19:27+02:00
a64fx,simde,256,main_part,2,"int * 1 | 2^4",,0.6397,0.6397,2,2,2026-10-07T05:19:27+02:00
a64fx,simde,256,main_part,2,"int * 1 | 2^4",,0.6471,0.6471,2,2,2026-10-07T05:19:27+02:00
a64fx,simde,256,main_part,2,"int * 1 | 2^4",,0.6471,0.6471,2,2,2026-10-07T05:19:27+02:00
a64fx,simde,256,main_part,2,"int * 1 | 2^4",,0.6442,0.6442,2,2,2026-10-07T05:19:27+02:00
a64fx,simde,256,main_part,2,"int * 1 | 2^5",,0.6341,0.6341,2,2,2026-10-07T05:19:27+02:00
a64fx,simde,256,main_part,2,"int * 1 | 2^5",,0.6409,0.6409,2,2,2026-10-07T05:19:27+02:00
a64fx,simde,256,main_part,2,"int * 1 | 2^5",,0.6408,0.6408,2,2,2026-10-07T05:19:27+02:00
a64fx,simde,256,main_part,2,"int * 1 | 2^5",,0.6405,0.6405,2,2,2026-10-07T05:19:27+02:00
a64fx,simde,256,main_part,2,"int * 1 | 2^5",,0.6351,0.6351,2,2,2026-10-07T05:19:27+02:00
a64fx,simde,256,main_part,2,"int * 1 | 2^6",,0.6391,0.6391,2,2,2026-10-07T05:19:27+02:00
a64fx,simde,256,main_part,2,"int * 1 | 2^6",,0.6384,0.6384,2,2,2026-10-07T05:19:27+02:00
a64fx,simde,256,main_part,2,"int * 1 | 2^6",,0.6384,0.6384,2,2,2026-10-07T05:19:27+02:00
a64fx,simde,256,main_part,2,"int * 1 | 2^6",,0.6356,0.6356,2,2,2026-10-07T05:19:27+02:00
a64fx,simde,256,main_part,2,"int * 1 | 2^6",,0.6390,0.6390,2,2,2026-10-07T05:19:27+02:00
a64fx,simde,256,main_part,2,"int * 1 | 2^7",,0.6387,0.6387,2,2,2026-10-07T05:19:27+02:00
a64fx,simde,256,main_part,2,"int * 1 | 2^7",,0.6330,0.6330,2,2,2026-10-07T05:19:27+02:00
a64fx,simde,256,main_part,2,"int * 1 | 2^7",,0.6360,0.6360,2,2,2026-10-07T05:19:27+02:00
a64fx,simde,256,main_part,2,"int * 1 | 2^7",,0.6382,0.6382,2,2,2026-10-07T05:19:27+02:00
a64fx,simde,256,main_part,2,"int * 1 | 2^7",,0.6386,0.6386,2,2,2026-10-07T05:19:27+02:00
a64fx,simde,256,main_part,2,"int * 1 | 2^8",,0.6319,0.6319,2,2,2026-10-07T05:19:27+02:00
a64fx,simde,256,main_part,2,"int * 1 | 2^8",,0.6378,0.6378,2,2,2026-10-07T05:19:27+02:00
a64fx,simde,256,main_part,2,"int * 1 | 2^8",,0.6380,0.6380,2,2,2026-10-07T05:19:27+02:00
a64fx,simde,256,main_part,2,"int * 1 | 2^8",,0.6322,0.6322,2,2,2026-10-07T05:19:27+02:00
a64fx,simde,256,main_part,2,"int * 1 | 2^8",,0.6345,0.6345,2,2,2026-10-07T05:19:27+02:00
a64fx,simde,256,main_part,2,"int * 2 | 2^4",,0.5917,0.5917,2,2,2026-10-07T05:19:27+02:00
a64fx,simde,256,main_part,2,"int * 2 | 2^4",,0.5939,0.5939,2,2,2026-10-07T05:19:27+02:00
a64fx,simde,256,main_part,2,"int * 2 | 2^4",,0.5893,0.5893,2,2,2026-10-07T05:19:27+02:00
a64fx,simde,256,main_part,2,"int * 2 | 2^4",,0.5937,0.5937,2,2,2026-10-07T05:19:27+02:00
a64fx,simde,256,main_part,2,"int * 2 | 2^4",,0.5898,0.5898,2,2,2026-10-07T05:19:27+02:00
a64fx,simde,256,main_part,2,"int * 2 | 2^5",,0.5810,0.5810,2,2,2026-10-07T05:19:27+02:00
a64fx,simde,256,main_part,2,"int * 2 | 2^5",,0.5857,0.5857,2,2,2026-10-07T05:19:27+02:00
a64fx,simde,256,main_part,2,"int * 2 | 2^5",,0.5862,0.5862,2,2,2026-10-07T05:19:27+02:00
a64fx,simde,256,main_part,2,"int * 2 | 2^5",,0.5859,0.5859,2,2,2026-10-07T05:19:27+02:00
a64fx,simde,256,main_part,2,"int * 2 | 2^5",,0.5815,0.5815,2,2,2026-10-07T05:19:27+02:00
a64fx,simde,256,main_part,2,"int * 2 | 2^6",,0.5833,0.5833,2,2,2026-10-07T05:19:27+02:00
a64fx,simde,256,main_part,2,"int * 2 | 2^6",,0.5807,0.5807,2,2,2026-10-07T05:19:27+02:00
a64fx,simde,256,main_part,2,"int * 2 | 2^6",,0.5784,0.5784,2,2,2026-10-07T05:19:27+02:00
a64fx,simde,256,main_part,2,"int * 2 | 2^6",,0.5836,0.5836,2,2,2026-10-07T05:19:27+02:00
a64fx,simde,256,main_part,2,"int * 2 | 2^6",,0.5786,0.5786,2,2,2026-10-07T05:19:27+02:00
a64fx,simde,256,main_part,2,"int * 2 | 2^7",,0.5803,0.5803,2,2,2026-10-07T05:19:27+02:00
a64fx,simde,256,main_part,2,"int * 2 | 2^7",,0.5828,0.5828,2,2,2026-10-07T05:19:27+02:00
a64fx,simde,256,main_part,2,"int * 2 | 2^7",,0.5827,0.5827,2,2,2026-10-07T05:19:27+02:00
a64fx,simde,256,main_part,2,"int * 2 | 2^7",,0.5822,0.5822,2,2,2026-10-07T05:19:27+02:00
a64fx,simde,256,main_part,2,"int * 2 | 2^7",,0.5778,0.5778,2,2,2026-10-07T05:19:27+02:00
a64fx,simde,256,main_part,2,"int * 2 | 2^8",,0.5802,0.5802,2,2,2026-10-07T05:19:27+02:00
a64fx,simde,256,main_part,2,"int * 2 | 2^8",,0.5776,0.5776,2,2,2026-10-07T05:19:27+02:00
a64fx,simde,256,main_part,2,"int * 2 | 2^8",,0.5757,0.5757,2,2,2026-10-07T05:19:27+02:00
a64fx,simde,256,main_part,2,"int * 2 | 2^8",,0.5802,0.5802,2,2,2026-10-07T05:19:27+02:00
a64fx,simde,256,main_part,2,"int * 2 | 2^8",,0.5799,0.5799,2,2,2026-10-07T05:19:27+02:00
a64fx,simde,256,main_part,2,"int * 3 | 2^4",,0.5469,0.5469,2,2,2026-10-07T05:19:27+02:00
a64fx,simde,256,main_part,2,"int * 3 | 2^4",,0.5500,0.5500,2,2,2026-10-07T05:19:27+02:00
a64fx,simde,256,main_part,2,"int * 3 | 2^4",,0.5506,0.5506,2,2,2026-10-07T05:19:27+02:00
a64fx,simde,256,main_part,2,"int * 3 | 2^4",,0.5497,0.5497,2,2,2026-10-07T05:19:27+02:00
a64fx,simde,256,main_part,2,"int * 3 | 2^4",,0.5469,0.5469,2,2,2026-10-07T05:19:27+02:00
a64fx,simde,256,main_part,2,"int * 3 | 2^5",,0.5330,0.5330,2,2,2026-10-07T05:19:27+02:00
a64fx,simde,256,main_part,2,"int * 3 | 2^5",,0.5388,0.5388,2,2,2026-10-07T05:19:27+02:00
a64fx,simde,256,main_part,2,"int * 3 | 2^5",,0.5268,0.5268,2,2,2026-10-07T05:19:27+02:00
a64fx,simde,256,main_part,2,"int * 3 | 2^5",,0.5392,0.5392,2,2,2026-10-07T05:19:27+02:00
a64fx,simde,256,main_part,2,"int * 3 | 2^5",,0.5398,0.5398,2,2,2026-10-07T05:19:27+02:00
a64fx,simde,256,main_part,2,"int * 3 | 2^6",,0.5211,0.5211,2,2,2026-10-07T05:19:27+02:00
a64fx,simde,256,main_part,2,"int * 3 | 2^6",,0.5359,0.5359,2,2,2026-10-07T05:19:27+02:00
a64fx,simde,256,main_part,2,"int * 3 | 2^6",,0.5355,0.5355,2,2,2026-10-07T05:19:27+02:00
a64fx,simde,256,main_part,2,"int * 3 | 2^6",,0.5356,0.5356,2,2,2026-10-07T05:19:27+02:00
a64fx,simde,256,main_part,2,"int * 3 | 2^6",,0.5357,0.5357,2,2,2026-10-07T05:19:27+02:00
a64fx,simde,256,main_part,2,"int * 3 | 2^7",,0.5343,0.5343,2,2,2026-10-07T05:19:27+02:00
a64fx,simde,256,main_part,2,"int * 3 | 2^7",,0.5336,0.5336,2,2,2026-10-07T05:19:27+02:00
a64fx,simde,256,main_part,2,"int * 3 | 2^7",,0.5341,0.5341,2,2,2026-10-07T05:19:27+02:00
a64fx,simde,256,main_part,2,"int * 3 | 2^7",,0.4969,0.4969,2,2,2026-10-07T05:19:27+02:00
a64fx,simde,256,main_part,2,"int * 3 | 2^7",,0.5344,0.5344,2,2,2026-10-07T05:19:27+02:00
a64fx,simde,256,main_part,2,"int * 3 | 2^8",,0.5253,0.5253,2,2,2026-10-07T05:19:27+02:00
a64fx,simde,256,main_part,2,"int * 3 | 2^8",,0.5267,0.5267,2,2,2026-10-07T05:19:27+02:00
a64fx,simde,256,main_part,2,"int * 3 | 2^8",,0.5273,0.5273,2,2,2026-10-07T05:19:27+02:00
a64fx,simde,256,main_part,2,"int * 3 | 2^8",,0.5273,0.5273,2,2,2026-10-07T05:19:27+02:00
a64fx,simde,256,main_part,2,"int * 3 | 2^8",,0.5264,0.5264,2,2,2026-10-07T05:19:27+02:00
a64fx,simde,512,main_part,2,"int * 1 | 2^4",,0.5928,0.5928,2,2,2026-10-07T05:19:35+02:00
a64fx,simde,512,main_part,2,"int * 1 | 2^4",,0.5930,0.5930,2,2,2026-10-07T05:19:35+02:00
a64fx,simde,512,main_part,2,"int * 1 | 2^4",,0.5923,0.5923,2,2,2026-10-07T05:19:35+02:00
a64fx,simde,512,main_part,2,"int * 1 | 2^4",,0.5922,0.5922,2,2,2026-10-07T05:19:35+02:00
a64fx,simde,512,main_part,2,"int * 1 | 2^4",,0.5927,0.5927,2,2,2026-10-07T05:19:35+02:00
a64fx,simde,512,main_part,2,"int * 1 | 2^5",,0.5865,0.5865,2,2,2026-10-07T05:19:35+02:00
a64fx,simde,512,main_part,2,"int * 1 | 2^5",,0.5862,0.5862,2,2,2026-10-07T05:19:35+02:00
a64fx,simde,512,main_part,2,"int * 1 | 2^5",,0.5871,0.5871,2,2,2026-10-07T05:19:35+02:00
a64fx,simde,512,main_part,2,"int * 1 | 2^5",,0.5865,0.5865,2,2,2026-10-07T05:19:35+02:00
a64fx,simde,512,main_part,2,"int * 1 | 2^5",,0.5852,0.5852,2,2,2026-10-07T05:19:35+02:00
a64fx,simde,512,main_part,2,"int * 1 | 2^6",,0.5852,0.5852,2,2,2026-10-07T05:19:35+02:00
a64fx,simde,512,main_part,2,"int * 1 | 2^6",,0.5852,0.5852,2,2,2026-10-07T05:19:35+02:00
a64fx,simde,512,main_part,2,"int * 1 | 2^6",,0.5845,0.5845,2,2,2026-10-07T05:19:35+02:00
a64fx,simde,512,main_part,2,"int * 1 | 2^6",,0.5852,0.5852,2,2,2026-10-07T05:19:35+02:00
a64fx,simde,512,main_part,2,"int * 1 | 2^6",,0.5848,0.5848,2,2,2026-10-07T05:19:35+02:00
a64fx,simde,512,main_part,2,"int * 1 | 2^7",,0.5845,0.5845,2,2,2026-10-07T05:19:35+02:00
a64fx,simde,512,main_part,2,"int * 1 | 2^7",,0.5810,0.5810,2,2,2026-10-07T05:19:35+02:00
a64fx,simde,512,main_part,2,"int * 1 | 2^7",,0.5846,0.5846,2,2,2026-10-07T05:19:35+02:00
a64fx,simde,512,main_part,2,"int * 1 | 2^7",,0.5839,0.5839,2,2,2026-10-07T05:19:35+02:00
a64fx,simde,512,main_part,2,"int * 1 | 2^7",,0.3975,0.3975,2,2,2026-10-07T05:19:35+02:00
a64fx,simde,512,main_part,2,"int * 1 | 2^8",,0.5637,0.5637,2,2,2026-10-07T05:19:35+02:00
a64fx,simde,512,main_part,2,"int * 1 | 2^8",,0.5836,0.5836,2,2,2026-10-07T05:19:35+02:00
a64fx,simde,512,main_part,2,"int * 1 | 2^8",,0.5807,0.5807,2,2,2026-10-07T05:19:35+02:00
a64fx,simde,512,main_part,2,"int * 1 | 2^8",,0.5839,0.5839,2,2,2026-10-07T05:19:35+02:00
a64fx,simde,512,main_part,2,"int * 1 | 2^8",,0.5827,0.5827,2,2,2026-10-07T05:19:35+02:00
a64fx,simde,512,main_part,2,"int * 2 | 2^4",,0.5405,0.5405,2,2,2026-10-07T05:19:35+02:00
a64fx,simde,512,main_part,2,"int * 2 | 2^4",,0.5386,0.5386,2,2,2026-10-07T05:19:35+02:00
a64fx,simde,512,main_part,2,"int * 2 | 2^4",,0.5406,0.5406,2,2,2026-10-07T05:19:35+02:00
a64fx,simde,512,main_part,2,"int * 2 | 2^4",,0.5411,0.5411,2,2,2026-10-07T05:19:35+02:00
a64fx,simde,512,main_part,2,"int * 2 | 2^4",,0.5399,0.5399,2,2,2026-10-07T05:19:35+02:00
a64fx,simde,512,main_part,2,"int * 2 | 2^5",,0.5344,0.5344,2,2,2026-10-07T05:19:35+02:00
a64fx,simde,512,main_part,2,"int * 2 | 2^5",,0.5346,0.5346,2,2,2026-10-07T05:19:35+02:00
a64fx,simde,512,main_part,2,"int * 2 | 2^5",,0.5347,0.5347,2,2,2026-10-07T05:19:35+02:00
a64fx,simde,512,main_part,2,"int * 2 | 2^5",,0.5348,0.5348,2,2,2026-10-07T05:19:35+02:00
a64fx,simde,512,main_part,2,"int * 2 | 2^5",,0.5347,0.5347,2,2,2026-10-07T05:19:35+02:00
a64fx,simde,512,main_part,2,"int * 2 | 2^6",,0.5314,0.5314,2,2,2026-10-07T05:19:35+02:00
a64fx,simde,512,main_part,2,"int * 2 | 2^6",,0.5292,0.5292,2,2,2026-10-07T05:19:35+02:00
a64fx,simde,512,main_part,2,"int * 2 | 2^6",,0.5314,0.5314,2,2,2026-10-07T05:19:35+02:00
a64fx,simde,512,main_part,2,"int * 2 | 2^6",,0.5312,0.5312,2,2,2026-10-07T05:19:35+02:00
a64fx,simde,512,main_part,2,"int * 2 | 2^6",,0.5291,0.5291,2,2,2026-10-07T05:19:35+02:00
a64fx,simde,512,main_part,2,"int * 2 | 2^7",,0.5302,0.5302,2,2,2026-10-07T05:19:35+02:00
a64fx,simde,512,main_part,2,"int * 2 | 2^7",,0.5301,0.5301,2,2,2026-10-07T05:19:35+02:00
a64fx,simde,512,main_part,2,"int * 2 | 2^7",,0.5258,0.5258,2,2,2026-10-07T05:19:35+02:00
a64fx,simde,512,main_part,2,"int * 2 | 2^7",,0.5300,0.5300,2,2,2026-10-07T05:19:35+02:00
a64fx,simde,512,main_part,2,"int * 2 | 2^7",,0.5301,0.5301,2,2,2026-10-07T05:19:35+02:00
a64fx,simde,512,main_part,2,"int * 2 | 2^8",,0.5260,0.5260,2,2,2026-10-07T05:19:35+02:00
a64fx,simde,512,main_part,2,"int * 2 | 2^8",,0.5267,0.5267,2,2,2026-10-07T05:19:35+02:00
a64fx,simde,512,main_part,2,"int * 2 | 2^8",,0.5279,0.5279,2,2,2026-10-07T05:19:35+02:00
a64fx,simde,512,main_part,2,"int * 2 | 2^8",,0.4108,0.4108,2,2,2026-10-07T05:19:35+02:00
a64fx,simde,512,main_part,2,"int * 2 | 2^8",,0.5278,0.5278,2,2,2026-10-07T05:19:35+02:00
a64fx,simde,512,main_part,2,"int * 3 | 2^4",,0.4987,0.4987,2,2,2026-10-07T05:19:35+02:00
a64fx,simde,512,main_part,2,"int * 3 | 2^4",,0.4985,0.4985,2,2,2026-10-07T05:19:35+02:00
a64fx,simde,512,main_part,2,"int * 3 | 2^4",,0.4921,0.4921,2,2,2026-10-07T05:19:35+02:00
a64fx,simde,512,main_part,2,"int * 3 | 2^4",,0.4982,0.4982,2,2,2026-10-07T05:19:35+02:00
a64fx,simde,512,main_part,2,"int * 3 | 2^4",,0.4959,0.4959,2,2,2026-10-07T05:19:35+02:00
a64fx,simde,512,main_part,2,"int * 3 | 2^5",,0.4892,0.4892,2,2,2026-10-07T05:19:35+02:00
a64fx,simde,512,main_part,2,"int * 3 | 2^5",,0.4896,0.4896,2,2,2026-10-07T05:19:35+02:00
a64fx,simde,512,main_part,2,"int * 3 | 2^5",,0.4897,0.4897,2,2,2026-10-07T05:19:35+02:00
a64fx,simde,512,main_part,2,"int * 3 | 2^5",,0.4882,0.4882,2,2,2026-10-07T05:19:35+02:00
a64fx,simde,512,main_part,2,"int * 3 | 2^5",,0.4896,0.4896,2,2,2026-10-07T05:19:35+02:00
a64fx,simde,512,main_part,2,"int * 3 | 2^6",,0.4861,0.4861,2,2,2026-10-07T05:19:35+02:00
a64fx,simde,512,main_part,2,"int * 3 | 2^6",,0.4860,0.4860,2,2,2026-10-07T05:19:35+02:00
a64fx,simde,512,main_part,2,"int * 3 | 2^6",,0.4862,0.4862,2,2,2026-10-07T05:19:35+02:00
a64fx,simde,512,main_part,2,"int * 3 | 2^6",,0.4861,0.4861,2,2,2026-10-07T05:19:35+02:00
a64fx,simde,512,main_part,2,"int * 3 | 2^6",,0.4842,0.4842,2,2,2026-10-07T05:19:35+02:00
a64fx,simde,512,main_part,2,"int * 3 | 2^7",,0.4847,0.4847,2,2,2026-10-07T05:19:35+02:00
a64fx,simde,512,main_part,2,"int * 3 | 2^7",,0.4845,0.4845,2,2,2026-10-07T05:19:35+02:00
a64fx,simde,512,main_part,2,"int * 3 | 2^7",,0.4837,0.4837,2,2,2026-10-07T05:19:35+02:00
a64fx,simde,512,main_part,2,"int * 3 | 2^7",,0.4061,0.4061,2,2,2026-10-07T05:19:35+02:00
a64fx,simde,512,main_part,2,"int * 3 | 2^7",,0.4847,0.4847,2,2,2026-10-07T05:19:35+02:00
a64fx,simde,512,main_part,2,"int * 3 | 2^8",,0.4766,0.4766,2,2,2026-10-07T05:19:35+02:00
a64fx,simde,512,main_part,2,"int * 3 | 2^8",,0.4774,0.4774,2,2,2026-10-07T05:19:35+02:00
a64fx,simde,512,main_part,2,"int * 3 | 2^8",,0.4785,0.4785,2,2,2026-10-07T05:19:35+02:00
a64fx,simde,512,main_part,2,"int * 3 | 2^8",,0.4773,0.4773,2,2,2026-10-07T05:19:35+02:00
a64fx,simde,512,main_part,2,"int * 3 | 2^8",,0.4755,0.4755,2,2,2026-10-07T05:19:35+02:00
a64fx,simde,128,main_aggr,2,"Codegen 1 sum",,0.1358,0.1358,2,2,2026-10-07T05:20:00+02:00
a64fx,simde,128,main_aggr,2,"Codegen 1 sum",,0.1358,0.1358,2,2,2026-10-07T05:20:00+02:00
a64fx,simde,128,main_aggr,2,"Codegen 1 sum",,0.1358,0.1358,2,2,2026-10-07T05:20:00+02:00
a64fx,simde,128,main_aggr,2,"Codegen 1 sum",,0.1359,0.1359,2,2,2026-10-07T05:20:00+02:00
a64fx,simde,128,main_aggr,2,"Codegen 1 sum",,0.1358,0.1358,2,2,2026-10-07T05:20:00+02:00
a64fx,simde,128,main_aggr,2,"Codegen 2 sum",,0.1159,0.1159,2,2,2026-10-07T05:20:00+02:00
a64fx,simde,128,main_aggr,2,"Codegen 2 sum",,0.1159,0.1159,2,2,2026-10-07T05:20:00+02:00
a64fx,simde,128,main_aggr,2,"Codegen 2 sum",,0.1159,0.1159,2,2,2026-10-07T05:20:00+02:00
a64fx,simde,128,main_aggr,2,"Codegen 2 sum",,0.1159,0.1159,2,2,2026-10-07T05:20:00+02:00
a64fx,simde,128,main_aggr,2,"Codegen 2 sum",,0.1159,0.1159,2,2,2026-10-07T05:20:00+02:00
a64fx,simde,128,main_aggr,2,"Codegen 3 sum",,0.1140,0.1140,2,2,2026-10-07T05:20:00+02:00
a64fx,simde,128,main_aggr,2,"Codegen 3 sum",,0.1141,0.1141,2,2,2026-10-07T05:20:00+02:00
a64fx,simde,128,main_aggr,2,"Codegen 3 sum",,0.1140,0.1140,2,2,2026-10-07T05:20:00+02:00
a64fx,simde,128,main_aggr,2,"Codegen 3 sum",,0.1141,0.1141,2,2,2026-10-07T05:20:00+02:00
a64fx,simde,128,main_aggr,2,"Codegen 3 sum",,0.1141,0.1141,2,2,2026-10-07T05:20:00+02:00
a64fx,simde,128,main_aggr,2,"Engine 1 sum",,0.1188,0.1188,2,2,2026-10-07T05:20:00+02:00
a64fx,simde,128,main_aggr,2,"Engine 1 sum",,0.1187,0.1187,2,2,2026-10-07T05:20:00+02:00
a64fx,simde,128,main_aggr,2,"Engine 1 sum",,0.1188,0.1188,2,2,2026-10-07T05:20:00+02:00
a64fx,simde,128,main_aggr,2,"Engine 1 sum",,0.1188,0.1188,2,2,2026-10-07T05:20:00+02:00
a64fx,simde,128,main_aggr,2,"Engine 1 sum",,0.1188,0.1188,2,2,2026-10-07T05:20:00+02:00
a64fx,simde,128,main_aggr,2,"Engine 2 sum",,0.1071,0.1071,2,2,2026-10-07T05:20:00+02:00
a64fx,simde,128,main_aggr,2,"Engine 2 sum",,0.1071,0.1071,2,2,2026-10-07T05:20:00+02:00
a64fx,simde,128,main_aggr,2,"Engine 2 sum",,0.1071,0.1071,2,2,2026-10-07T05:20:00+02:00
a64fx,simde,128,main_aggr,2,"Engine 2 sum",,0.1071,0.1071,2,2,2026-10-07T05:20:00+02:00
a64fx,simde,128,main_aggr,2,"Engine 2 sum",,0.1071,0.1071,2,2,2026-10-07T05:20:00+02:00
a64fx,simde,128,main_aggr,2,"Engine 3 sum",,0.0976,0.0976,2,2,2026-10-07T05:20:00+02:00
a64fx,simde,128,main_aggr,2,"Engine 3 sum",,0.0976,0.0976,2,2,2026-10-07T05:20:00+02:00
a64fx,simde,128,main_aggr,2,"Engine 3 sum",,0.0977,0.0977,2,2,2026-10-07T05:20:00+02:00
a64fx,simde,128,main_aggr,2,"Engine 3 sum",,0.0965,0.0965,2,2,2026-10-07T05:20:00+02:00
a64fx,simde,128,main_aggr,2,"Engine 3 sum",,0.0977,0.0977,2,2,2026-10-07T05:20:00+02:00
a64fx,simde,256,main_aggr,2,"Codegen 1 sum",,0.1356,0.1356,2,2,2026-10-07T05:20:15+02:00
a64fx,simde,256,main_aggr,2,"Codegen 1 sum",,0.1356,0.1356,2,2,2026-10-07T05:20:15+02:00
a64fx,simde,256,main_aggr,2,"Codegen 1 sum",,0.1354,0.1354,2,2,2026-10-07T05:20:15+02:00
a64fx,simde,256,main_aggr,2,"Codegen 1 sum",,0.1356,0.1356,2,2,2026-10-07T05:20:15+02:00
a64fx,simde,256,main_aggr,2,"Codegen 1 sum",,0.1353,0.1353,2,2,2026-10-07T05:20:15+02:00
a64fx,simde,256,main_aggr,2,"Codegen 2 sum",,0.1166,0.1166,2,2,2026-10-07T05:20:15+02:00
a64fx,simde,256,main_aggr,2,"Codegen 2 sum",,0.1166,0.1166,2,2,2026-10-07T05:20:15+02:00
a64fx,simde,256,main_aggr,2,"Codegen 2 sum",,0.1166,0.1166,2,2,2026-10-07T05:20:15+02:00
a64fx,simde,256,main_aggr,2,"Codegen 2 sum",,0.1166,0.1166,2,2,2026-10-07T05:20:15+02:00
a64fx,simde,256,main_aggr,2,"Codegen 2 sum",,0.1165,0.1165,2,2,2026-10-07T05:20:15+02:00
a64fx,simde,256,main_aggr,2,"Codegen 3 sum",,0.1146,0.1146,2,2,2026-10-07T05:20:15+02:00
a64fx,simde,256,main_aggr,2,"Codegen 3 sum",,0.1146,0.1146,2,2,2026-10-07T05:20:15+02:00
a64fx,simde,256,main_aggr,2,"Codegen 3 sum",,0.1146,0.1146,2,2,2026-10-07T05:20:15+02:00
a64fx,simde,256,main_aggr,2,"Codegen 3 sum",,0.1140,0.1140,2,2,2026-10-07T05:20:15+02:00
a64fx,simde,256,main_aggr,2,"Codegen 3 sum",,0.1146,0.1146,2,2,2026-10-07T05:20:15+02:00
a64fx,simde,256,main_aggr,2,"Engine 1 sum",,0.1033,0.1033,2,2,2026-10-07T05:20:15+02:00
a64fx,simde,256,main_aggr,2,"Engine 1 sum",,0.1033,0.1033,2,2,2026-10-07T05:20:15+02:00
a64fx,simde,256,main_aggr,2,"Engine 1 sum",,0.1020,0.1020,2,2,2026-10-07T05:20:15+02:00
a64fx,simde,256,main_aggr,2,"Engine 1 sum",,0.1033,0.1033,2,2,2026-10-07T05:20:15+02:00
a64fx,simde,256,main_aggr,2,"Engine 1 sum",,0.1033,0.1033,2,2,2026-10-07T05:20:15+02:00
a64fx,simde,256,main_aggr,2,"Engine 2 sum",,0.0925,0.0925,2,2,2026-10-07T05:20:15+02:00
a64fx,simde,256,main_aggr,2,"Engine 2 sum",,0.0925,0.0925,2,2,2026-10-07T05:20:15+02:00
a64fx,simde,256,main_aggr,2,"Engine 2 sum",,0.0925,0.0925,2,2,2026-10-07T05:20:15+02:00
a64fx,simde,256,main_aggr,2,"Engine 2 sum",,0.0925,0.0925,2,2,2026-10-07T05:20:15+02:00
a64fx,simde,256,main_aggr,2,"Engine 2 sum",,0.0925,0.0925,2,2,2026-10-07T05:20:15+02:00
a64fx,simde,256,main_aggr,2,"Engine 3 sum",,0.0836,0.0836,2,2,2026-10-07T05:20:15+02:00
a64fx,simde,256,main_aggr,2,"Engine 3 sum",,0.0836,0.0836,2,2,2026-10-07T05:20:15+02:00
a64fx,simde,256,main_aggr,2,"Engine 3 sum",,0.0836,0.0836,2,2,2026-10-07T05:20:15+02:00
a64fx,simde,256,main_aggr,2,"Engine 3 sum",,0.0836,0.0836,2,2,2026-10-07T05:20:15+02:00
a64fx,simde,256,main_aggr,2,"Engine 3 sum",,0.0836,0.0836,2,2,2026-10-07T05:20:15+02:00
a64fx,simde,512,main_aggr,2,"Codegen 1 sum",,0.1334,0.1334,2,2,2026-10-07T05:20:31+02:00
a64fx,simde,512,main_aggr,2,"Codegen 1 sum",,0.1334,0.1334,2,2,2026-10-07T05:20:31+02:00
a64fx,simde,512,main_aggr,2,"Codegen 1 sum",,0.1334,0.1334,2,2,2026-10-07T05:20:31+02:00
a64fx,simde,512,main_aggr,2,"Codegen 1 sum",,0.1333,0.1333,2,2,2026-10-07T05:20:31+02:00
a64fx,simde,512,main_aggr,2,"Codegen 1 sum",,0.1335,0.1335,2,2,2026-10-07T05:20:31+02:00
a64fx,simde,512,main_aggr,2,"Codegen 2 sum",,0.1140,0.1140,2,2,2026-10-07T05:20:31+02:00
a64fx,simde,512,main_aggr,2,"Codegen 2 sum",,0.1140,0.1140,2,2,2026-10-07T05:20:31+02:00
a64fx,simde,512,main_aggr,2,"Codegen 2 sum",,0.1140,0.1140,2,2,2026-10-07T05:20:31+02:00
a64fx,simde,512,main_aggr,2,"Codegen 2 sum",,0.1140,0.1140,2,2,2026-10-07T05:20:31+02:00
a64fx,simde,512,main_aggr,2,"Codegen 2 sum",,0.1141,0.1141,2,2,2026-10-07T05:20:31+02:00
a64fx,simde,512,main_aggr,2,"Codegen 3 sum",,0.1121,0.1121,2,2,2026-10-07T05:20:31+02:00
a64fx,simde,512,main_aggr,2,"Codegen 3 sum",,0.1119,0.1119,2,2,2026-10-07T05:20:31+02:00
a64fx,simde,512,main_aggr,2,"Codegen 3 sum",,0.1119,0.1119,2,2,2026-10-07T05:20:31+02:00
a64fx,simde,512,main_aggr,2,"Codegen 3 sum",,0.1120,0.1120,2,2,2026-10-07T05:20:31+02:00
a64fx,simde,512,main_aggr,2,"Codegen 3 sum",,0.1120,0.1120,2,2,2026-10-07T05:20:31+02:00
a64fx,simde,512,main_aggr,2,"Engine 1 sum",,0.1006,0.1006,2,2,2026-10-07T05:20:31+02:00
a64fx,simde,512,main_aggr,2,"Engine 1 sum",,0.1006,0.1006,2,2,2026-10-07T05:20:31+02:00
a64fx,simde,512,main_aggr,2,"Engine 1 sum",,0.1006,0.1006,2,2,2026-10-07T05:20:31+02:00
a64fx,simde,512,main_aggr,2,"Engine 1 sum",,0.1007,0.1007,2,2,2026-10-07T05:20:31+02:00
a64fx,simde,512,main_aggr,2,"Engine 1 sum",,0.1007,0.1007,2,2,2026-10-07T05:20:31+02:00
a64fx,simde,512,main_aggr,2,"Engine 2 sum",,0.0901,0.0901,2,2,2026-10-07T05:20:31+02:00
a64fx,simde,512,main_aggr,2,"Engine 2 sum",,0.0901,0.0901,2,2,2026-10-07T05:20:31+02:00
a64fx,simde,512,main_aggr,2,"Engine 2 sum",,0.0901,0.0901,2,2,2026-10-07T05:20:31+02:00
a64fx,simde,512,main_aggr,2,"Engine 2 sum",,0.0899,0.0899,2,2,2026-10-07T05:20:31+02:00
a64fx,simde,512,main_aggr,2,"Engine 2 sum",,0.0900,0.0900,2,2,2026-10-07T05:20:31+02:00
a64fx,simde,512,main_aggr,2,"Engine 3 sum",,0.0816,0.0816,2,2,2026-10-07T05:20:31+02:00
a64fx,simde,512,main_aggr,2,"Engine 3 sum",,0.0816,0.0816,2,2,2026-10-07T05:20:31+02:00
a64fx,simde,512,main_aggr,2,"Engine 3 sum",,0.0816,0.0816,2,2,2026-10-07T05:20:31+02:00
a64fx,simde,512,main_aggr,2,"Engine 3 sum",,0.0816,0.0816,2,2,2026-10-07T05:20:31+02:00
a64fx,simde,512,main_aggr,2,"Engine 3 sum",,0.0816,0.0816,2,2,2026-10-07T05:20:31+02:00
a64fx,simde,128,main_join,2,"Engine  1-1",,0.0929,0.0929,2,2,2026-10-07T05:21:26+02:00
a64fx,simde,128,main_join,2,"Engine  1-3",,0.0841,0.0841,2,2,2026-10-07T05:21:26+02:00
a64fx,simde,128,main_join,2,"Engine  3-1",,0.0898,0.0898,2,2,2026-10-07T05:21:26+02:00
a64fx,simde,128,main_join,2,"Engine  3-3",,0.0814,0.0814,2,2,2026-10-07T05:21:26+02:00
a64fx,simde,128,main_join,2,"Codegen 1-1",,0.1136,0.1136,2,2,2026-10-07T05:21:26+02:00
a64fx,simde,128,main_join,2,"Codegen 1-1",,0.1152,0.1152,2,2,2026-10-07T05:21:26+02:00
a64fx,simde,128,main_join,2,"Codegen 1-1",,0.1137,0.1137,2,2,2026-10-07T05:21:26+02:00
a64fx,simde,128,main_join,2,"Codegen 1-1",,0.1136,0.1136,2,2,2026-10-07T05:21:26+02:00
a64fx,simde,128,main_join,2,"Codegen 1-1",,0.1140,0.1140,2,2,2026-10-07T05:21:26+02:00
a64fx,simde,128,main_join,2,"Codegen 1-3",,0.1109,0.1109,2,2,2026-10-07T05:21:26+02:00
a64fx,simde,128,main_join,2,"Codegen 1-3",,0.1110,0.1110,2,2,2026-10-07T05:21:26+02:00
a64fx,simde,128,main_join,2,"Codegen 1-3",,0.1136,0.1136,2,2,2026-10-07T05:21:26+02:00
a64fx,simde,128,main_join,2,"Codegen 1-3",,0.1136,0.1136,2,2,2026-10-07T05:21:26+02:00
a64fx,simde,128,main_join,2,"Codegen 1-3",,0.1137,0.1137,2,2,2026-10-07T05:21:26+02:00
a64fx,simde,128,main_join,2,"Codegen 3-1",,0.1015,0.1015,2,2,2026-10-07T05:21:26+02:00
a64fx,simde,128,main_join,2,"Codegen 3-1",,0.1015,0.1015,2,2,2026-10-07T05:21:26+02:00
a64fx,simde,128,main_join,2,"Codegen 3-1",,0.1015,0.1015,2,2,2026-10-07T05:21:26+02:00
a64fx,simde,128,main_join,2,"Codegen 3-1",,0.1015,0.1015,2,2,2026-10-07T05:21:26+02:00
a64fx,simde,128,main_join,2,"Codegen 3-1",,0.1015,0.1015,2,2,2026-10-07T05:21:26+02:00
a64fx,simde,128,main_join,2,"Codegen 3-3",,0.0955,0.0955,2,2,2026-10-07T05:21:26+02:00
a64fx,simde,128,main_join,2,"Codegen 3-3",,0.0956,0.0956,2,2,2026-10-07T05:21:26+02:00
a64fx,simde,128,main_join,2,"Codegen 3-3",,0.0957,0.0957,2,2,2026-10-07T05:21:26+02:00
a64fx,simde,128,main_join,2,"Codegen 3-3",,0.0956,0.0956,2,2,2026-10-07T05:21:26+02:00
a64fx,simde,128,main_join,2,"Codegen 3-3",,0.0956,0.0956,2,2,2026-10-07T05:21:26+02:00
a64fx,simde,256,main_join,2,"Engine  1-1",,0.0622,0.0622,2,2,2026-10-07T05:21:32+02:00
a64fx,simde,256,main_join,2,"Engine  1-3",,0.0592,0.0592,2,2,2026-10-07T05:21:32+02:00
a64fx,simde,256,main_join,2,"Engine  3-1",,0.0616,0.0616,2,2,2026-10-07T05:21:32+02:00
a64fx,simde,256,main_join,2,"Engine  3-3",,0.0578,0.0578,2,2,2026-10-07T05:21:32+02:00
a64fx,simde,256,main_join,2,"Codegen 1-1",,0.1081,0.1081,2,2,2026-10-07T05:21:32+02:00
a64fx,simde,256,main_join,2,"Codegen 1-1",,0.1081,0.1081,2,2,2026-10-07T05:21:32+02:00
a64fx,simde,256,main_join,2,"Codegen 1-1",,0.1080,0.1080,2,2,2026-10-07T05:21:32+02:00
a64fx,simde,256,main_join,2,"Codegen 1-1",,0.1081,0.1081,2,2,2026-10-07T05:21:32+02:00
a64fx,simde,256,main_join,2,"Codegen 1-1",,0.1080,0.1080,2,2,2026-10-07T05:21:32+02:00
a64fx,simde,256,main_join,2,"Codegen 1-3",,0.1085,0.1085,2,2,2026-10-07T05:21:32+02:00
a64fx,simde,256,main_join,2,"Codegen 1-3",,0.1085,0.1085,2,2,2026-10-07T05:21:32+02:00
a64fx,simde,256,main_join,2,"Codegen 1-3",,0.1084,0.1084,2,2,2026-10-07T05:21:32+02:00
a64fx,simde,256,main_join,2,"Codegen 1-3",,0.1085,0.1085,2,2,2026-10-07T05:21:32+02:00
a64fx,simde,256,main_join,2,"Codegen 1-3",,0.1085,0.1085,2,2,2026-10-07T05:21:32+02:00
a64fx,simde,256,main_join,2,"Codegen 3-1",,0.1000,0.1000,2,2,2026-10-07T05:21:32+02:00
a64fx,simde,256,main_join,2,"Codegen 3-1",,0.1001,0.1001,2,2,2026-10-07T05:21:32+02:00
a64fx,simde,256,main_join,2,"Codegen 3-1",,0.1000,0.1000,2,2,2026-10-07T05:21:32+02:00
a64fx,simde,256,main_join,2,"Codegen 3-1",,0.1000,0.1000,2,2,2026-10-07T05:21:32+02:00
a64fx,simde,256,main_join,2,"Codegen 3-1",,0.1000,0.1000,2,2,2026-10-07T05:21:32+02:00
a64fx,simde,256,main_join,2,"Codegen 3-3",,0.0944,0.0944,2,2,2026-10-07T05:21:32+02:00
a64fx,simde,256,main_join,2,"Codegen 3-3",,0.0944,0.0944,2,2,2026-10-07T05:21:32+02:00
a64fx,simde,256,main_join,2,"Codegen 3-3",,0.0945,0.0945,2,2,2026-10-07T05:21:32+02:00
a64fx,simde,256,main_join,2,"Codegen 3-3",,0.0945,0.0945,2,2,2026-10-07T05:21:32+02:00
a64fx,simde,256,main_join,2,"Codegen 3-3",,0.0945,0.0945,2,2,2026-10-07T05:21:32+02:00
a64fx,simde,512,main_join,2,"Engine  1-1",,0.0562,0.0562,2,2,2026-10-07T05:21:40+02:00
a64fx,simde,512,main_join,2,"Engine  1-3",,0.0529,0.0529,2,2,2026-10-07T05:21:40+02:00
a64fx,simde,512,main_join,2,"Engine  3-1",,0.0550,0.0550,2,2,2026-10-07T05:21:40+02:00
a64fx,simde,512,main_join,2,"Engine  3-3",,0.0518,0.0518,2,2,2026-10-07T05:21:40+02:00
a64fx,simde,512,main_join,2,"Codegen 1-1",,0.1111,0.1111,2,2,2026-10-07T05:21:40+02:00
a64fx,simde,512,main_join,2,"Codegen 1-1",,0.1111,0.1111,2,2,2026-10-07T05:21:40+02:00
a64fx,simde,512,main_join,2,"Codegen 1-1",,0.1111,0.1111,2,2,2026-10-07T05:21:40+02:00
a64fx,simde,512,main_join,2,"Codegen 1-1",,0.1112,0.1112,2,2,2026-10-07T05:21:40+02:00
a64fx,simde,512,main_join,2,"Codegen 1-1",,0.1111,0.1111,2,2,2026-10-07T05:21:40+02:00
a64fx,simde,512,main_join,2,"Codegen 1-3",,0.1112,0.1112,2,2,2026-10-07T05:21:40+02:00
a64fx,simde,512,main_join,2,"Codegen 1-3",,0.1113,0.1113,2,2,2026-10-07T05:21:40+02:00
a64fx,simde,512,main_join,2,"Codegen 1-3",,0.1113,0.1113,2,2,2026-10-07T05:21:40+02:00
a64fx,simde,512,main_join,2,"Codegen 1-3",,0.1112,0.1112,2,2,2026-10-07T05:21:40+02:00
a64fx,simde,512,main_join,2,"Codegen 1-3",,0.1101,0.1101,2,2,2026-10-07T05:21:40+02:00
a64fx,simde,512,main_join,2,"Codegen 3-1",,0.1006,0.1006,2,2,2026-10-07T05:21:40+02:00
a64fx,simde,512,main_join,2,"Codegen 3-1",,0.1005,0.1005,2,2,2026-10-07T05:21:40+02:00
a64fx,simde,512,main_join,2,"Codegen 3-1",,0.1006,0.1006,2,2,2026-10-07T05:21:40+02:00
a64fx,simde,512,main_join,2,"Codegen 3-1",,0.1006,0.1006,2,2,2026-10-07T05:21:40+02:00
a64fx,simde,512,main_join,2,"Codegen 3-1",,0.1006,0.1006,2,2,2026-10-07T05:21:40+02:00
a64fx,simde,512,main_join,2,"Codegen 3-3",,0.0942,0.0942,2,2,2026-10-07T05:21:40+02:00
a64fx,simde,512,main_join,2,"Codegen 3-3",,0.0943,0.0943,2,2,2026-10-07T05:21:40+02:00
a64fx,simde,512,main_join,2,"Codegen 3-3",,0.0943,0.0943,2,2,2026-10-07T05:21:40+02:00
a64fx,simde,512,main_join,2,"Codegen 3-3",,0.0943,0.0943,2,2,2026-10-07T05:21:40+02:00
a64fx,simde,512,main_join,2,"Codegen 3-3",,0.0943,0.0943,2,2,2026-10-07T05:21:40+02:00
a64fx,simde,128,main_scan_int,3,"and 1",0.00,49.0654,30.6563,3,3,2026-10-07T05:22:06+02:00
a64fx,simde,128,main_scan_int,3,"and 1",0.00,48.8592,31.7443,3,3,2026-10-07T05:22:06+02:00
a64fx,simde,128,main_scan_int,3,"and 1",0.00,46.7600,32.3647,3,3,2026-10-07T05:22:06+02:00
a64fx,simde,128,main_scan_int,3,"and 1",0.00,48.9917,32.1658,3,3,2026-10-07T05:22:06+02:00
a64fx,simde,128,main_scan_int,3,"and 1",0.00,48.9549,32.3976,3,3,2026-10-07T05:22:06+02:00
a64fx,simde,128,main_scan_int,3,"and 2",0.03,13.8209,13.8929,3,3,2026-10-07T05:22:06+02:00
a64fx,simde,128,main_scan_int,3,"and 2",0.03,14.5424,14.2530,3,3,2026-10-07T05:22:06+02:00
a64fx,simde,128,main_scan_int,3,"and 2",0.03,14.6113,14.2725,3,3,2026-10-07T05:22:06+02:00
a64fx,simde,128,main_scan_int,3,"and 2",0.03,14.0773,13.9884,3,3,2026-10-07T05:22:06+02:00
a64fx,simde,128,main_scan_int,3,"and 2",0.03,14.5587,14.2091,3,3,2026-10-07T05:22:06+02:00
a64fx,simde,128,main_scan_int,3,"and 3",0.10,10.1292,10.3310,3,3,2026-10-07T05:22:06+02:00
a64fx,simde,128,main_scan_int,3,"and 3",0.10,9.9741,10.3415,3,3,2026-10-07T05:22:06+02:00
a64fx,simde,128,main_scan_int,3,"and 3",0.10,10.1438,10.0892,3,3,2026-10-07T05:22:06+02:00
a64fx,simde,128,main_scan_int,3,"and 3",0.10,10.1365,10.3333,3,3,2026-10-07T05:22:06+02:00
a64fx,simde,128,main_scan_int,3,"and 3",0.10,9.6739,10.1587,3,3,2026-10-07T05:22:06+02:00
a64fx,simde,128,main_scan_int,3,"and 1",0.00,42.4073,30.1233,3,3,2026-10-07T05:22:06+02:00
a64fx,simde,128,main_scan_int,3,"and 1",0.00,42.5423,30.1598,3,3,2026-10-07T05:22:06+02:00
a64fx,simde,128,main_scan_int,3,"and 1",0.00,42.7763,27.2081,3,3,2026-10-07T05:22:06+02:00
a64fx,simde,128,main_scan_int,3,"and 1",0.00,42.5390,30.2490,3,3,2026-10-07T05:22:06+02:00
a64fx,simde,128,main_scan_int,3,"and 1",0.00,40.4641,30.2534,3,3,2026-10-07T05:22:06+02:00
a64fx,simde,128,main_scan_int,3,"and 2",0.04,14.3955,13.9766,3,3,2026-10-07T05:22:06+02:00
a64fx,simde,128,main_scan_int,3,"and 2",0.04,14.9688,14.2888,3,3,2026-10-07T05:22:06+02:00
a64fx,simde,128,main_scan_int,3,"and 2",0.04,14.9309,14.4526,3,3,2026-10-07T05:22:06+02:00
a64fx,simde,128,main_scan_int,3,"and 2",0.04,14.9970,14.4562,3,3,2026-10-07T05:22:06+02:00
a64fx,simde,128,main_scan_int,3,"and 2",0.04,14.7832,14.0184,3,3,2026-10-07T05:22:06+02:00
a64fx,simde,128,main_scan_int,3,"and 3",0.13,8.6699,9.5070,3,3,2026-10-07T05:22:06+02:00
a64fx,simde,128,main_scan_int,3,"and 3",0.13,8.6672,9.4966,3,3,2026-10-07T05:22:06+02:00
a64fx,simde,128,main_scan_int,3,"and 3",0.13,8.5627,9.4683,3,3,2026-10-07T05:22:06+02:00
a64fx,simde,128,main_scan_int,3,"and 3",0.13,8.5288,9.3179,3,3,2026-10-07T05:22:06+02:00
a64fx,simde,128,main_scan_int,3,"and 3",0.13,8.6746,9.4963,3,3,2026-10-07T05:22:06+02:00
a64fx,simde,128,main_scan_int,3,"and 1",0.01,30.5382,26.1397,3,3,2026-10-07T05:22:06+02:00
a64fx,simde,128,main_scan_int,3,"and 1",0.01,31.7600,26.1394,3,3,2026-10-07T05:22:06+02:00
a64fx,simde,128,main_scan_int,3,"and 1",0.01,31.2335,26.2750,3,3,2026-10-07T05:22:06+02:00
a64fx,simde,128,main_scan_int,3,"and 1",0.01,32.1772,26.0276,3,3,2026-10-07T05:22:06+02:00
a64fx,simde,128,main_scan_int,3,"and 1",0.01,31.9676,21.2253,3,3,2026-10-07T05:22:06+02:00
a64fx,simde,128,main_scan_int,3,"and 2",0.07,12.4931,12.7716,3,3,2026-10-07T05:22:06+02:00
a64fx,simde,128,main_scan_int,3,"and 2",0.07,12.8596,12.9934,3,3,2026-10-07T05:22:06+02:00
a64fx,simde,128,main_scan_int,3,"and 2",0.07,12.6567,12.6360,3,3,2026-10-07T05:22:06+02:00
a64fx,simde,128,main_scan_int,3,"and 2",0.07,12.8747,12.9942,3,3,2026-10-07T05:22:06+02:00
a64fx,simde,128,main_scan_int,3,"and 2",0.07,12.8894,13.0248,3,3,2026-10-07T05:22:06+02:00
a64fx,simde,128,main_scan_int,3,"and 3",0.17,7.3338,8.7937,3,3,2026-10-07T05:22:06+02:00
a64fx,simde,128,main_scan_int,3,"and 3",0.17,7.3828,8.6871,3,3,2026-10-07T05:22:06+02:00
a64fx,simde,128,main_scan_int,3,"and 3",0.17,7.3438,8.6628,3,3,2026-10-07T05:22:06+02:00
a64fx,simde,128,main_scan_int,3,"and 3",0.17,7.3598,8.6943,3,3,2026-10-07T05:22:06+02:00
a64fx,simde,128,main_scan_int,3,"and 3",0.17,7.4182,8.7367,3,3,2026-10-07T05:22:06+02:00
a64fx,simde,128,main_scan_int,3,"and 1",0.01,24.7209,20.4117,3,3,2026-10-07T05:22:06+02:00
a64fx,simde,128,main_scan_int,3,"and 1",0.01,24.7594,21.5220,3,3,2026-10-07T05:22:06+02:00
a64fx,simde,128,main_scan_int,3,"and 1",0.01,24.7538,21.4625,3,3,2026-10-07T05:22:06+02:00
a64fx,simde,128,main_scan_int,3,"and 1",0.01,24.6631,21.5078,3,3,2026-10-07T05:22:06+02:00
a64fx,simde,128,main_scan_int,3,"and 1",0.01,24.6333,21.4861,3,3,2026-10-07T05:22:06+02:00
a64fx,simde,128,main_scan_int,3,"and 2",0.10,10.3880,10.7734,3,3,2026-10-07T05:22:06+02:00
a64fx,simde,128,main_scan_int,3,"and 2",0.10,10.5597,11.1578,3,3,2026-10-07T05:22:06+02:00
a64fx,simde,128,main_scan_int,3,"and 2",0.10,10.5653,11.1657,3,3,2026-10-07T05:22:06+02:00
a64fx,simde,128,main_scan_int,3,"and 2",0.10,10.4876,10.8804,3,3,2026-10-07T05:22:06+02:00
a64fx,simde,128,main_scan_int,3,"and 2",0.10,10.5620,11.1568,3,3,2026-10-07T05:22:06+02:00
a64fx,simde,128,main_scan_int,3,"and 3",0.22,6.6324,8.3722,3,3,2026-10-07T05:22:06+02:00
a64fx,simde,128,main_scan_int,3,"and 3",0.22,6.5599,8.3803,3,3,2026-10-07T05:22:06+02:00
a64fx,simde,128,main_scan_int,3,"and 3",0.22,6.5564,8.2123,3,3,2026-10-07T05:22:06+02:00
a64fx,simde,128,main_scan_int,3,"and 3",0.22,6.5995,8.2374,3,3,2026-10-07T05:22:06+02:00
a64fx,simde,128,main_scan_int,3,"and 3",0.22,6.6046,8.3595,3,3,2026-10-07T05:22:06+02:00
a64fx,simde,128,main_scan_int,3,"and 1",0.02,20.3536,16.0815,3,3,2026-10-07T05:22:06+02:00
a64fx,simde,128,main_scan_int,3,"and 1",0.02,21.0629,16.1687,3,3,2026-10-07T05:22:06+02:00
a64fx,simde,128,main_scan_int,3,"and 1",0.02,20.8925,16.6435,3,3,2026-10-07T05:22:06+02:00
a64fx,simde,128,main_scan_int,3,"and 1",0.02,20.9313,16.5962,3,3,2026-10-07T05:22:06+02:00
a64fx,simde,128,main_scan_int,3,"and 1",0.02,20.9042,16.5700,3,3,2026-10-07T05:22:06+02:00
a64fx,simde,128,main_scan_int,3,"and 2",0.14,8.5591,9.2746,3,3,2026-10-07T05:22:06+02:00
a64fx,simde,128,main_scan_int,3,"and 2",0.14,8.6058,9.1298,3,3,2026-10-07T05:22:06+02:00
a64fx,simde,128,main_scan_int,3,"and 2",0.14,8.7860,9.3269,3,3,2026-10-07T05:22:06+02:00
a64fx,simde,128,main_scan_int,3,"and 2",0.14,8.7916,9.3043,3,3,2026-10-07T05:22:06+02:00
a64fx,simde,128,main_scan_int,3,"and 2",0.14,8.5037,9.0874,3,3,2026-10-07T05:22:06+02:00
a64fx,simde,128,main_scan_int,3,"and 3",0.27,5.5049,7.5455,3,3,2026-10-07T05:22:06+02:00
a64fx,simde,128,main_scan_int,3,"and 3",0.27,5.6498,7.4429,3,3,2026-10-07T05:22:06+02:00
a64fx,simde,128,main_scan_int,3,"and 3",0.27,5.5889,7.4814,3,3,2026-10-07T05:22:06+02:00
a64fx,simde,128,main_scan_int,3,"and 3",0.27,5.5702,7.4375,3,3,2026-10-07T05:22:06+02:00
a64fx,simde,128,main_scan_int,3,"and 3",0.27,5.5959,7.5670,3,3,2026-10-07T05:22:06+02:00
a64fx,simde,128,main_scan_int,3,"and 1",0.05,25.5680,11.0758,3,3,2026-10-07T05:22:06+02:00
a64fx,simde,128,main_scan_int,3,"and 1",0.05,25.7973,11.1920,3,3,2026-10-07T05:22:06+02:00
a64fx,simde,128,main_scan_int,3,"and 1",0.05,25.6178,11.1977,3,3,2026-10-07T05:22:06+02:00
a64fx,simde,128,main_scan_int,3,"and 1",0.05,25.3335,11.1918,3,3,2026-10-07T05:22:06+02:00
a64fx,simde,128,main_scan_int,3,"and 1",0.05,25.7052,11.0672,3,3,2026-10-07T05:22:06+02:00
a64fx,simde,128,main_scan_int,3,"and 2",0.22,7.8333,7.1427,3,3,2026-10-07T05:22:06+02:00
a64fx,simde,128,main_scan_int,3,"and 2",0.22,7.7456,7.0427,3,3,2026-10-07T05:22:06+02:00
a64fx,simde,128,main_scan_int,3,"and 2",0.22,7.6581,7.0806,3,3,2026-10-07T05:22:06+02:00
a64fx,simde,128,main_scan_int,3,"and 2",0.22,7.7136,7.1603,3,3,2026-10-07T05:22:06+02:00
a64fx,simde,128,main_scan_int,3,"and 2",0.22,7.6658,7.1718,3,3,2026-10-07T05:22:06+02:00
a64fx,simde,128,main_scan_int,3,"and 3",0.37,4.5409,6.0117,3,3,2026-10-07T05:22:06+02:00
a64fx,simde,128,main_scan_int,3,"and 3",0.37,4.5653,6.0661,3,3,2026-10-07T05:22:06+02:00
a64fx,simde,128,main_scan_int,3,"and 3",0.37,4.5475,5.9637,3,3,2026-10-07T05:22:06+02:00
a64fx,simde,128,main_scan_int,3,"and 3",0.37,4.5633,5.9028,3,3,2026-10-07T05:22:06+02:00
a64fx,simde,128,main_scan_int,3,"and 3",0.37,4.6037,6.0099,3,3,2026-10-07T05:22:06+02:00
a64fx,simde,128,main_scan_int,3,"and 1",0.10,19.0719,7.8681,3,3,2026-10-07T05:22:06+02:00
a64fx,simde,128,main_scan_int,3,"and 1",0.10,18.7809,7.7860,3,3,2026-10-07T05:22:06+02:00
a64fx,simde,128,main_scan_int,3,"and 1",0.10,19.1195,7.7747,3,3,2026-10-07T05:22:06+02:00
a64fx,simde,128,main_scan_int,3,"and 1",0.10,19.1738,7.8651,3,3,2026-10-07T05:22:06+02:00
a64fx,simde,128,main_scan_int,3,"and 1",0.10,19.0821,7.7159,3,3,2026-10-07T05:22:06+02:00
a64fx,simde,128,main_scan_int,3,"and 2",0.32,5.8922,5.6295,3,3,2026-10-07T05:22:06+02:00
a64fx,simde,128,main_scan_int,3,"and 2",0.32,5.8971,5.6403,3,3,2026-10-07T05:22:06+02:00
a64fx,simde,128,main_scan_int,3,"and 2",0.32,5.9483,5.5841,3,3,2026-10-07T05:22:06+02:00
a64fx,simde,128,main_scan_int,3,"and 2",0.32,5.8986,5.6070,3,3,2026-10-07T05:22:06+02:00
a64fx,simde,128,main_scan_int,3,"and 2",0.32,5.8711,5.6320,3,3,2026-10-07T05:22:06+02:00
a64fx,simde,128,main_scan_int,3,"and 3",0.46,3.6742,4.9107,3,3,2026-10-07T05:22:06+02:00
a64fx,simde,128,main_scan_int,3,"and 3",0.46,3.6840,4.9115,3,3,2026-10-07T05:22:06+02:00
a64fx,simde,128,main_scan_int,3,"and 3",0.46,3.6687,4.9128,3,3,2026-10-07T05:22:06+02:00
a64fx,simde,128,main_scan_int,3,"and 3",0.46,3.6649,4.9122,3,3,2026-10-07T05:22:06+02:00
a64fx,simde,128,main_scan_int,3,"and 3",0.46,3.6789,4.9109,3,3,2026-10-07T05:22:06+02:00
a64fx,simde,128,main_scan_int,3,"and 1",0.20,11.5694,5.1149,3,3,2026-10-07T05:22:06+02:00
a64fx,simde,128,main_scan_int,3,"and 1",0.20,11.5838,5.0828,3,3,2026-10-07T05:22:06+02:00
a64fx,simde,128,main_scan_int,3,"and 1",0.20,11.6237,5.0846,3,3,2026-10-07T05:22:06+02:00
a64fx,simde,128,main_scan_int,3,"and 1",0.20,11.5081,5.0966,3,3,2026-10-07T05:22:06+02:00
a64fx,simde,128,main_scan_int,3,"and 1",0.20,11.4433,5.1169,3,3,2026-10-07T05:22:06+02:00
a64fx,simde,128,main_scan_int,3,"and 2",0.45,4.2892,4.0872,3,3,2026-10-07T05:22:06+02:00
a64fx,simde,128,main_scan_int,3,"and 2",0.45,4.2881,4.0791,3,3,2026-10-07T05:22:06+02:00
a64fx,simde,128,main_scan_int,3,"and 2",0.45,4.2481,4.0881,3,3,2026-10-07T05:22:06+02:00
a64fx,simde,128,main_scan_int,3,"and 2",0.45,4.2568,4.0866,3,3,2026-10-07T05:22:06+02:00
a64fx,simde,128,main_scan_int,3,"and 2",0.45,4.2821,4.0519,3,3,2026-10-07T05:22:06+02:00
a64fx,simde,128,main_scan_int,3,"and 3",0.58,3.5198,3.4708,3,3,2026-10-07T05:22:06+02:00
a64fx,simde,128,main_scan_int,3,"and 3",0.58,3.5095,3.6682,3,3,2026-10-07T05:22:06+02:00
a64fx,simde,128,main_scan_int,3,"and 3",0.58,3.5168,3.6195,3,3,2026-10-07T05:22:06+02:00
a64fx,simde,128,main_scan_int,3,"and 3",0.58,3.5217,3.6994,3,3,2026-10-07T05:22:06+02:00
a64fx,simde,128,main_scan_int,3,"and 3",0.58,3.4990,3.6767,3,3,2026-10-07T05:22:06+02:00
a64fx,simde,128,main_scan_int,3,"and 1",0.50,5.8577,2.6658,3,3,2026-10-07T05:22:06+02:00
a64fx,simde,128,main_scan_int,3,"and 1",0.50,5.8465,2.6731,3,3,2026-10-07T05:22:06+02:00
a64fx,simde,128,main_scan_int,3,"and 1",0.50,5.8469,2.5812,3,3,2026-10-07T05:22:06+02:00
a64fx,simde,128,main_scan_int,3,"and 1",0.50,5.8386,2.6638,3,3,2026-10-07T05:22:06+02:00
a64fx,simde,128,main_scan_int,3,"and 1",0.50,5.8978,2.6716,3,3,2026-10-07T05:22:06+02:00
a64fx,simde,128,main_scan_int,3,"and 2",0.71,5.4356,2.3332,3,3,2026-10-07T05:22:06+02:00
a64fx,simde,128,main_scan_int,3,"and 2",0.71,5.4188,2.3668,3,3,2026-10-07T05:22:06+02:00
a64fx,simde,128,main_scan_int,3,"and 2",0.71,5.4163,2.3613,3,3,2026-10-07T05:22:06+02:00
a64fx,simde,128,main_scan_int,3,"and 2",0.71,5.4161,2.3599,3,3,2026-10-07T05:22:06+02:00
a64fx,simde,128,main_scan_int,3,"and 2",0.71,5.3757,2.3587,3,3,2026-10-07T05:22:06+02:00
a64fx,simde,128,main_scan_int,3,"and 3",0.79,5.1884,2.2281,3,3,2026-10-07T05:22:06+02:00
a64fx,simde,128,main_scan_int,3,"and 3",0.79,5.2169,2.2240,3,3,2026-10-07T05:22:06+02:00
a64fx,simde,128,main_scan_int,3,"and 3",0.79,5.2050,2.2312,3,3,2026-10-07T05:22:06+02:00
a64fx,simde,128,main_scan_int,3,"and 3",0.79,5.2040,2.2246,3,3,2026-10-07T05:22:06+02:00
a64fx,simde,128,main_scan_int,3,"and 3",0.79,5.2182,2.2248,3,3,2026-10-07T05:22:06+02:00
a64fx,simde,128,main_scan_int,3,"and 1",1.00,31.8714,22.2385,3,3,2026-10-07T05:22:06+02:00
a64fx,simde,128,main_scan_int,3,"and 1",1.00,31.8989,23.4199,3,3,2026-10-07T05:22:06+02:00
a64fx,simde,128,main_scan_int,3,"and 1",1.00,31.8808,23.5136,3,3,2026-10-07T05:22:06+02:00
a64fx,simde,128,main_scan_int,3,"and 1",1.00,30.3017,23.3578,3,3,2026-10-07T05:22:06+02:00
a64fx,simde,128,main_scan_int,3,"and 1",1.00,31.8682,23.3619,3,3,2026-10-07T05:22:06+02:00
a64fx,simde,128,main_scan_int,3,"and 2",1.00,25.7255,11.4815,3,3,2026-10-07T05:22:06+02:00
a64fx,simde,128,main_scan_int,3,"and 2",1.00,26.0401,11.6743,3,3,2026-10-07T05:22:06+02:00
a64fx,simde,128,main_scan_int,3,"and 2",1.00,24.3095,11.3329,3,3,2026-10-07T05:22:06+02:00
a64fx,simde,128,main_scan_int,3,"and 2",1.00,26.0462,11.6953,3,3,2026-10-07T05:22:06+02:00
a64fx,simde,128,main_scan_int,3,"and 2",1.00,21.4359,11.6863,3,3,2026-10-07T05:22:06+02:00
a64fx,simde,128,main_scan_int,3,"and 3",1.00,9.7753,8.9979,3,3,2026-10-07T05:22:06+02:00
a64fx,simde,128,main_scan_int,3,"and 3",1.00,9.7882,9.0041,3,3,2026-10-07T05:22:06+02:00
a64fx,simde,128,main_scan_int,3,"and 3",1.00,9.7561,8.9713,3,3,2026-10-07T05:22:06+02:00
a64fx,simde,128,main_scan_int,3,"and 3",1.00,9.7448,8.9935,3,3,2026-10-07T05:22:06+02:00
a64fx,simde,128,main_scan_int,3,"and 3",1.00,9.5273,8.7879,3,3,2026-10-07T05:22:06+02:00
a64fx,simde,256,main_scan_int,3,"and 1",0.00,48.7059,29.5284,3,3,2026-10-07T05:22:15+02:00
a64fx,simde,256,main_scan_int,3,"and 1",0.00,48.1320,29.8797,3,3,2026-10-07T05:22:15+02:00
a64fx,simde,256,main_scan_int,3,"and 1",0.00,48.2053,29.9702,3,3,2026-10-07T05:22:15+02:00
a64fx,simde,256,main_scan_int,3,"and 1",0.00,48.4529,28.7958,3,3,2026-10-07T05:22:15+02:00
a64fx,simde,256,main_scan_int,3,"and 1",0.00,48.1863,30.0809,3,3,2026-10-07T05:22:15+02:00
a64fx,simde,256,main_scan_int,3,"and 2",0.03,14.4408,13.5948,3,3,2026-10-07T05:22:15+02:00
a64fx,simde,256,main_scan_int,3,"and 2",0.03,14.5399,13.8481,3,3,2026-10-07T05:22:15+02:00
a64fx,simde,256,main_scan_int,3,"and 2",0.03,14.5276,13.8246,3,3,2026-10-07T05:22:15+02:00
a64fx,simde,256,main_scan_int,3,"and 2",0.03,14.2192,13.6227,3,3,2026-10-07T05:22:15+02:00
a64fx,simde,256,main_scan_int,3,"and 2",0.03,14.5881,13.0697,3,3,2026-10-07T05:22:15+02:00
a64fx,simde,256,main_scan_int,3,"and 3",0.10,9.8485,9.6310,3,3,2026-10-07T05:22:15+02:00
a64fx,simde,256,main_scan_int,3,"and 3",0.10,10.0983,9.9416,3,3,2026-10-07T05:22:15+02:00
a64fx,simde,256,main_scan_int,3,"and 3",0.10,9.9226,9.9227,3,3,2026-10-07T05:22:15+02:00
a64fx,simde,256,main_scan_int,3,"and 3",0.10,9.8744,9.7897,3,3,2026-10-07T05:22:15+02:00
a64fx,simde,256,main_scan_int,3,"and 3",0.10,10.0861,9.9672,3,3,2026-10-07T05:22:15+02:00
a64fx,simde,256,main_scan_int,3,"and 1",0.00,42.6134,28.2573,3,3,2026-10-07T05:22:15+02:00
a64fx,simde,256,main_scan_int,3,"and 1",0.00,42.9055,28.3924,3,3,2026-10-07T05:22:15+02:00
a64fx,simde,256,main_scan_int,3,"and 1",0.00,42.3449,28.2769,3,3,2026-10-07T05:22:15+02:00
a64fx,simde,256,main_scan_int,3,"and 1",0.00,42.6494,28.3439,3,3,2026-10-07T05:22:15+02:00
a64fx,simde,256,main_scan_int,3,"and 1",0.00,42.7635,28.5610,3,3,2026-10-07T05:22:15+02:00
a64fx,simde,256,main_scan_int,3,"and 2",0.04,15.0564,13.9527,3,3,2026-10-07T05:22:15+02:00
a64fx,simde,256,main_scan_int,3,"and 2",0.04,14.6921,13.6297,3,3,2026-10-07T05:22:15+02:00
a64fx,simde,256,main_scan_int,3,"and 2",0.04,14.9983,13.2528,3,3,2026-10-07T05:22:15+02:00
a64fx,simde,256,main_scan_int,3,"and 2",0.04,15.0592,13.9225,3,3,2026-10-07T05:22:15+02:00
a64fx,simde,256,main_scan_int,3,"and 2",0.04,15.0317,13.9275,3,3,2026-10-07T05:22:15+02:00
a64fx,simde,256,main_scan_int,3,"and 3",0.13,8.6548,9.0847,3,3,2026-10-07T05:22:15+02:00
a64fx,simde,256,main_scan_int,3,"and 3",0.13,8.5680,8.9794,3,3,2026-10-07T05:22:15+02:00
a64fx,simde,256,main_scan_int,3,"and 3",0.13,8.5285,8.7030,3,3,2026-10-07T05:22:15+02:00
a64fx,simde,256,main_scan_int,3,"and 3",0.13,8.6686,9.0847,3,3,2026-10-07T05:22:15+02:00
a64fx,simde,256,main_scan_int,3,"and 3",0.13,8.5786,9.0507,3,3,2026-10-07T05:22:15+02:00
a64fx,simde,256,main_scan_int,3,"and 1",0.01,32.3546,24.3623,3,3,2026-10-07T05:22:15+02:00
a64fx,simde,256,main_scan_int,3,"and 1",0.01,32.4550,24.4253,3,3,2026-10-07T05:22:15+02:00
a64fx,simde,256,main_scan_int,3,"and 1",0.01,29.4203,24.4081,3,3,2026-10-07T05:22:15+02:00
a64fx,simde,256,main_scan_int,3,"and 1",0.01,30.6443,24.3897,3,3,2026-10-07T05:22:15+02:00
a64fx,simde,256,main_scan_int,3,"and 1",0.01,32.3387,24.4542,3,3,2026-10-07T05:22:15+02:00
a64fx,simde,256,main_scan_int,3,"and 2",0.07,12.6737,12.2220,3,3,2026-10-07T05:22:15+02:00
a64fx,simde,256,main_scan_int,3,"and 2",0.07,12.8494,12.4732,3,3,2026-10-07T05:22:15+02:00
a64fx,simde,256,main_scan_int,3,"and 2",0.07,12.6734,12.0896,3,3,2026-10-07T05:22:15+02:00
a64fx,simde,256,main_scan_int,3,"and 2",0.07,12.8924,12.4928,3,3,2026-10-07T05:22:15+02:00
a64fx,simde,256,main_scan_int,3,"and 2",0.07,12.8443,12.4840,3,3,2026-10-07T05:22:15+02:00
a64fx,simde,256,main_scan_int,3,"and 3",0.17,7.3279,8.3690,3,3,2026-10-07T05:22:15+02:00
a64fx,simde,256,main_scan_int,3,"and 3",0.17,7.1091,8.3795,3,3,2026-10-07T05:22:15+02:00
a64fx,simde,256,main_scan_int,3,"and 3",0.17,7.1924,7.8972,3,3,2026-10-07T05:22:15+02:00
a64fx,simde,256,main_scan_int,3,"and 3",0.17,7.3545,8.3892,3,3,2026-10-07T05:22:15+02:00
a64fx,simde,256,main_scan_int,3,"and 3",0.17,7.2895,8.3776,3,3,2026-10-07T05:22:15+02:00
a64fx,simde,256,main_scan_int,3,"and 1",0.01,23.9815,20.1200,3,3,2026-10-07T05:22:15+02:00
a64fx,simde,256,main_scan_int,3,"and 1",0.01,23.2740,20.1509,3,3,2026-10-07T05:22:15+02:00
a64fx,simde,256,main_scan_int,3,"and 1",0.01,23.9801,19.2512,3,3,2026-10-07T05:22:15+02:00
a64fx,simde,256,main_scan_int,3,"and 1",0.01,24.6081,19.4313,3,3,2026-10-07T05:22:15+02:00
a64fx,simde,256,main_scan_int,3,"and 1",0.01,24.5843,19.6651,3,3,2026-10-07T05:22:15+02:00
a64fx,simde,256,main_scan_int,3,"and 2",0.10,10.5648,10.7651,3,3,2026-10-07T05:22:15+02:00
a64fx,simde,256,main_scan_int,3,"and 2",0.10,10.3166,10.4484,3,3,2026-10-07T05:22:15+02:00
a64fx,simde,256,main_scan_int,3,"and 2",0.10,10.5591,10.6923,3,3,2026-10-07T05:22:15+02:00
a64fx,simde,256,main_scan_int,3,"and 2",0.10,10.5712,10.7714,3,3,2026-10-07T05:22:15+02:00
a64fx,simde,256,main_scan_int,3,"and 2",0.10,10.2423,10.8198,3,3,2026-10-07T05:22:15+02:00
a64fx,simde,256,main_scan_int,3,"and 3",0.22,6.6205,7.8885,3,3,2026-10-07T05:22:15+02:00
a64fx,simde,256,main_scan_int,3,"and 3",0.22,6.6050,7.7762,3,3,2026-10-07T05:22:15+02:00
a64fx,simde,256,main_scan_int,3,"and 3",0.22,6.6091,7.7353,3,3,2026-10-07T05:22:15+02:00
a64fx,simde,256,main_scan_int,3,"and 3",0.22,6.6129,7.9580,3,3,2026-10-07T05:22:15+02:00
a64fx,simde,256,main_scan_int,3,"and 3",0.22,6.4706,7.9812,3,3,2026-10-07T05:22:15+02:00
a64fx,simde,256,main_scan_int,3,"and 1",0.02,20.9631,15.7091,3,3,2026-10-07T05:22:15+02:00
a64fx,simde,256,main_scan_int,3,"and 1",0.02,20.1023,14.9788,3,3,2026-10-07T05:22:15+02:00
a64fx,simde,256,main_scan_int,3,"and 1",0.02,20.9332,15.0994,3,3,2026-10-07T05:22:15+02:00
a64fx,simde,256,main_scan_int,3,"and 1",0.02,20.9423,15.7080,3,3,2026-10-07T05:22:15+02:00
a64fx,simde,256,main_scan_int,3,"and 1",0.02,20.9183,15.7222,3,3,2026-10-07T05:22:15+02:00
a64fx,simde,256,main_scan_int,3,"and 2",0.14,8.8017,8.9996,3,3,2026-10-07T05:22:15+02:00
a64fx,simde,256,main_scan_int,3,"and 2",0.14,8.5774,9.0155,3,3,2026-10-07T05:22:15+02:00
a64fx,simde,256,main_scan_int,3,"and 2",0.14,8.6456,8.7538,3,3,2026-10-07T05:22:15+02:00
a64fx,simde,256,main_scan_int,3,"and 2",0.14,8.5841,8.7902,3,3,2026-10-07T05:22:15+02:00
a64fx,simde,256,main_scan_int,3,"and 2",0.14,8.8219,9.0144,3,3,2026-10-07T05:22:15+02:00
a64fx,simde,256,main_scan_int,3,"and 3",0.27,5.6540,7.0838,3,3,2026-10-07T05:22:15+02:00
a64fx,simde,256,main_scan_int,3,"and 3",0.27,5.6063,7.1010,3,3,2026-10-07T05:22:15+02:00
a64fx,simde,256,main_scan_int,3,"and 3",0.27,5.6058,7.1046,3,3,2026-10-07T05:22:15+02:00
a64fx,simde,256,main_scan_int,3,"and 3",0.27,5.6036,7.2132,3,3,2026-10-07T05:22:15+02:00
a64fx,simde,256,main_scan_int,3,"and 3",0.27,5.6112,7.1679,3,3,2026-10-07T05:22:15+02:00
a64fx,simde,256,main_scan_int,3,"and 1",0.05,25.3333,10.4894,3,3,2026-10-07T05:22:15+02:00
a64fx,simde,256,main_scan_int,3,"and 1",0.05,24.0537,10.4206,3,3,2026-10-07T05:22:15+02:00
a64fx,simde,256,main_scan_int,3,"and 1",0.05,25.3655,10.7965,3,3,2026-10-07T05:22:15+02:00
a64fx,simde,256,main_scan_int,3,"and 1",0.05,25.4072,10.7655,3,3,2026-10-07T05:22:15+02:00
a64fx,simde,256,main_scan_int,3,"and 1",0.05,24.4068,10.4011,3,3,2026-10-07T05:22:15+02:00
a64fx,simde,256,main_scan_int,3,"and 2",0.22,7.8391,6.9128,3,3,2026-10-07T05:22:15+02:00
a64fx,simde,256,main_scan_int,3,"and 2",0.22,7.8344,6.8667,3,3,2026-10-07T05:22:15+02:00
a64fx,simde,256,main_scan_int,3,"and 2",0.22,7.8292,6.9450,3,3,2026-10-07T05:22:15+02:00
a64fx,simde,256,main_scan_int,3,"and 2",0.22,7.8272,6.8425,3,3,2026-10-07T05:22:15+02:00
a64fx,simde,256,main_scan_int,3,"and 2",0.22,7.8299,6.8820,3,3,2026-10-07T05:22:15+02:00
a64fx,simde,256,main_scan_int,3,"and 3",0.37,4.5658,5.7218,3,3,2026-10-07T05:22:15+02:00
a64fx,simde,256,main_scan_int,3,"and 3",0.37,4.5108,5.6408,3,3,2026-10-07T05:22:15+02:00
a64fx,simde,256,main_scan_int,3,"and 3",0.37,4.5671,5.8425,3,3,2026-10-07T05:22:15+02:00
a64fx,simde,256,main_scan_int,3,"and 3",0.37,4.5785,5.7981,3,3,2026-10-07T05:22:15+02:00
a64fx,simde,256,main_scan_int,3,"and 3",0.37,4.5830,5.8187,3,3,2026-10-07T05:22:15+02:00
a64fx,simde,256,main_scan_int,3,"and 1",0.10,9.1670,7.5703,3,3,2026-10-07T05:22:15+02:00
a64fx,simde,256,main_scan_int,3,"and 1",0.10,19.0416,7.5832,3,3,2026-10-07T05:22:15+02:00
a64fx,simde,256,main_scan_int,3,"and 1",0.10,19.0812,7.6179,3,3,2026-10-07T05:22:15+02:00
a64fx,simde,256,main_scan_int,3,"and 1",0.10,19.1128,7.5362,3,3,2026-10-07T05:22:15+02:00
a64fx,simde,256,main_scan_int,3,"and 1",0.10,19.0568,7.6573,3,3,2026-10-07T05:22:15+02:00
a64fx,simde,256,main_scan_int,3,"and 2",0.32,5.8442,5.5047,3,3,2026-10-07T05:22:15+02:00
a64fx,simde,256,main_scan_int,3,"and 2",0.32,5.8379,5.5090,3,3,2026-10-07T05:22:15+02:00
a64fx,simde,256,main_scan_int,3,"and 2",0.32,5.8707,5.5646,3,3,2026-10-07T05:22:15+02:00
a64fx,simde,256,main_scan_int,3,"and 2",0.32,5.9003,5.4676,3,3,2026-10-07T05:22:15+02:00
a64fx,simde,256,main_scan_int,3,"and 2",0.32,5.8512,5.5054,3,3,2026-10-07T05:22:15+02:00
a64fx,simde,256,main_scan_int,3,"and 3",0.46,3.6743,4.7019,3,3,2026-10-07T05:22:15+02:00
a64fx,simde,256,main_scan_int,3,"and 3",0.46,3.6852,4.7180,3,3,2026-10-07T05:22:15+02:00
a64fx,simde,256,main_scan_int,3,"and 3",0.46,3.6671,4.7302,3,3,2026-10-07T05:22:15+02:00
a64fx,simde,256,main_scan_int,3,"and 3",0.46,3.6798,4.7467,3,3,2026-10-07T05:22:15+02:00
a64fx,simde,256,main_scan_int,3,"and 3",0.46,3.6717,4.7403,3,3,2026-10-07T05:22:15+02:00
a64fx,simde,256,main_scan_int,3,"and 1",0.20,11.7504,4.9441,3,3,2026-10-07T05:22:15+02:00
a64fx,simde,256,main_scan_int,3,"and 1",0.20,11.7513,4.9755,3,3,2026-10-07T05:22:15+02:00
a64fx,simde,256,main_scan_int,3,"and 1",0.20,11.7417,4.9890,3,3,2026-10-07T05:22:15+02:00
a64fx,simde,256,main_scan_int,3,"and 1",0.20,11.5030,4.9628,3,3,2026-10-07T05:22:15+02:00
a64fx,simde,256,main_scan_int,3,"and 1",0.20,11.6712,4.9550,3,3,2026-10-07T05:22:15+02:00
a64fx,simde,256,main_scan_int,3,"and 2",0.45,4.2784,3.9591,3,3,2026-10-07T05:22:15+02:00
a64fx,simde,256,main_scan_int,3,"and 2",0.45,4.2867,3.9638,3,3,2026-10-07T05:22:15+02:00
a64fx,simde,256,main_scan_int,3,"and 2",0.45,4.2955,3.9879,3,3,2026-10-07T05:22:15+02:00
a64fx,simde,256,main_scan_int,3,"and 2",0.45,4.2774,3.9702,3,3,2026-10-07T05:22:15+02:00
a64fx,simde,256,main_scan_int,3,"and 2",0.45,4.2784,3.9718,3,3,2026-10-07T05:22:15+02:00
a64fx,simde,256,main_scan_int,3,"and 3",0.58,3.4791,3.5900,3,3,2026-10-07T05:22:15+02:00
a64fx,simde,256,main_scan_int,3,"and 3",0.58,3.5080,3.5818,3,3,2026-10-07T05:22:15+02:00
a64fx,simde,256,main_scan_int,3,"and 3",0.58,3.5163,3.5951,3,3,2026-10-07T05:22:15+02:00
a64fx,simde,256,main_scan_int,3,"and 3",0.58,3.5143,3.5802,3,3,2026-10-07T05:22:15+02:00
a64fx,simde,256,main_scan_int,3,"and 3",0.58,3.5011,3.5944,3,3,2026-10-07T05:22:15+02:00
a64fx,simde,256,main_scan_int,3,"and 1",0.50,5.8355,2.4966,3,3,2026-10-07T05:22:15+02:00
a64fx,simde,256,main_scan_int,3,"and 1",0.50,5.8641,2.5965,3,3,2026-10-07T05:22:15+02:00
a64fx,simde,256,main_scan_int,3,"and 1",0.50,5.8525,2.5801,3,3,2026-10-07T05:22:15+02:00
a64fx,simde,256,main_scan_int,3,"and 1",0.50,5.8460,2.5867,3,3,2026-10-07T05:22:15+02:00
a64fx,simde,256,main_scan_int,3,"and 1",0.50,5.9079,2.5839,3,3,2026-10-07T05:22:15+02:00
a64fx,simde,256,main_scan_int,3,"and 2",0.71,5.4386,2.3013,3,3,2026-10-07T05:22:15+02:00
a64fx,simde,256,main_scan_int,3,"and 2",0.71,5.4028,2.2884,3,3,2026-10-07T05:22:15+02:00
a64fx,simde,256,main_scan_int,3,"and 2",0.71,5.4450,2.2969,3,3,2026-10-07T05:22:15+02:00
a64fx,simde,256,main_scan_int,3,"and 2",0.71,5.4011,2.2921,3,3,2026-10-07T05:22:15+02:00
a64fx,simde,256,main_scan_int,3,"and 2",0.71,5.4382,2.3002,3,3,2026-10-07T05:22:15+02:00
a64fx,simde,256,main_scan_int,3,"and 3",0.79,5.1873,2.1535,3,3,2026-10-07T05:22:15+02:00
a64fx,simde,256,main_scan_int,3,"and 3",0.79,5.1881,2.1601,3,3,2026-10-07T05:22:15+02:00
a64fx,simde,256,main_scan_int,3,"and 3",0.79,5.1956,2.1569,3,3,2026-10-07T05:22:15+02:00
a64fx,simde,256,main_scan_int,3,"and 3",0.79,5.2053,2.1169,3,3,2026-10-07T05:22:15+02:00
a64fx,simde,256,main_scan_int,3,"and 3",0.79,5.2052,2.1376,3,3,2026-10-07T05:22:15+02:00
a64fx,simde,256,main_scan_int,3,"and 1",1.00,31.8497,23.4859,3,3,2026-10-07T05:22:15+02:00
a64fx,simde,256,main_scan_int,3,"and 1",1.00,31.6956,23.4364,3,3,2026-10-07T05:22:15+02:00
a64fx,simde,256,main_scan_int,3,"and 1",1.00,29.3561,22.2641,3,3,2026-10-07T05:22:15+02:00
a64fx,simde,256,main_scan_int,3,"and 1",1.00,31.0281,23.5231,3,3,2026-10-07T05:22:15+02:00
a64fx,simde,256,main_scan_int,3,"and 1",1.00,31.9981,22.5319,3,3,2026-10-07T05:22:15+02:00
a64fx,simde,256,main_scan_int,3,"and 2",1.00,25.9699,11.6355,3,3,2026-10-07T05:22:15+02:00
a64fx,simde,256,main_scan_int,3,"and 2",1.00,25.9363,11.4743,3,3,2026-10-07T05:22:15+02:00
a64fx,simde,256,main_scan_int,3,"and 2",1.00,26.0139,11.3677,3,3,2026-10-07T05:22:15+02:00
a64fx,simde,256,main_scan_int,3,"and 2",1.00,25.8014,11.7110,3,3,2026-10-07T05:22:15+02:00
a64fx,simde,256,main_scan_int,3,"and 2",1.00,24.1487,10.9212,3,3,2026-10-07T05:22:15+02:00
a64fx,simde,256,main_scan_int,3,"and 3",1.00,9.7728,8.7439,3,3,2026-10-07T05:22:15+02:00
a64fx,simde,256,main_scan_int,3,"and 3",1.00,9.7579,8.7293,3,3,2026-10-07T05:22:15+02:00
a64fx,simde,256,main_scan_int,3,"and 3",1.00,9.6109,8.7473,3,3,2026-10-07T05:22:15+02:00
a64fx,simde,256,main_scan_int,3,"and 3",1.00,9.5841,8.5520,3,3,2026-10-07T05:22:15+02:00
a64fx,simde,256,main_scan_int,3,"and 3",1.00,9.6025,8.5372,3,3,2026-10-07T05:22:15+02:00
a64fx,simde,512,main_scan_int,3,"and 1",0.00,48.5008,35.7556,3,3,2026-10-07T05:22:23+02:00
a64fx,simde,512,main_scan_int,3,"and 1",0.00,48.3298,36.1584,3,3,2026-10-07T05:22:23+02:00
a64fx,simde,512,main_scan_int,3,"and 1",0.00,48.5923,36.6883,3,3,2026-10-07T05:22:23+02:00
a64fx,simde,512,main_scan_int,3,"and 1",0.00,45.2214,36.7139,3,3,2026-10-07T05:22:23+02:00
a64fx,simde,512,main_scan_int,3,"and 1",0.00,48.4234,36.7849,3,3,2026-10-07T05:22:23+02:00
a64fx,simde,512,main_scan_int,3,"and 2",0.03,14.2866,14.6945,3,3,2026-10-07T05:22:23+02:00
a64fx,simde,512,main_scan_int,3,"and 2",0.03,14.5563,14.8670,3,3,2026-10-07T05:22:23+02:00
a64fx,simde,512,main_scan_int,3,"and 2",0.03,14.6226,14.9070,3,3,2026-10-07T05:22:23+02:00
a64fx,simde,512,main_scan_int,3,"and 2",0.03,14.0772,14.5864,3,3,2026-10-07T05:22:23+02:00
a64fx,simde,512,main_scan_int,3,"and 2",0.03,14.4262,14.9787,3,3,2026-10-07T05:22:23+02:00
a64fx,simde,512,main_scan_int,3,"and 3",0.10,10.0918,10.7344,3,3,2026-10-07T05:22:23+02:00
a64fx,simde,512,main_scan_int,3,"and 3",0.10,10.1033,10.7293,3,3,2026-10-07T05:22:23+02:00
a64fx,simde,512,main_scan_int,3,"and 3",0.10,9.8688,10.5267,3,3,2026-10-07T05:22:23+02:00
a64fx,simde,512,main_scan_int,3,"and 3",0.10,10.0931,10.7756,3,3,2026-10-07T05:22:23+02:00
a64fx,simde,512,main_scan_int,3,"and 3",0.10,9.8199,10.5067,3,3,2026-10-07T05:22:23+02:00
a64fx,simde,512,main_scan_int,3,"and 1",0.00,42.3682,34.0666,3,3,2026-10-07T05:22:23+02:00
a64fx,simde,512,main_scan_int,3,"and 1",0.00,42.1748,33.9222,3,3,2026-10-07T05:22:23+02:00
a64fx,simde,512,main_scan_int,3,"and 1",0.00,42.2651,34.0372,3,3,2026-10-07T05:22:23+02:00
a64fx,simde,512,main_scan_int,3,"and 1",0.00,42.1965,33.9837,3,3,2026-10-07T05:22:23+02:00
a64fx,simde,512,main_scan_int,3,"and 1",0.00,42.1098,31.5662,3,3,2026-10-07T05:22:23+02:00
a64fx,simde,512,main_scan_int,3,"and 2",0.04,14.7058,15.0143,3,3,2026-10-07T05:22:23+02:00
a64fx,simde,512,main_scan_int,3,"and 2",0.04,14.9688,15.0205,3,3,2026-10-07T05:22:23+02:00
a64fx,simde,512,main_scan_int,3,"and 2",0.04,14.0005,15.0568,3,3,2026-10-07T05:22:23+02:00
a64fx,simde,512,main_scan_int,3,"and 2",0.04,15.0236,14.3375,3,3,2026-10-07T05:22:23+02:00
a64fx,simde,512,main_scan_int,3,"and 2",0.04,14.9506,15.0653,3,3,2026-10-07T05:22:23+02:00
a64fx,simde,512,main_scan_int,3,"and 3",0.13,8.5490,9.4918,3,3,2026-10-07T05:22:23+02:00
a64fx,simde,512,main_scan_int,3,"and 3",0.13,8.5470,9.7056,3,3,2026-10-07T05:22:23+02:00
a64fx,simde,512,main_scan_int,3,"and 3",0.13,8.5559,9.6035,3,3,2026-10-07T05:22:23+02:00
a64fx,simde,512,main_scan_int,3,"and 3",0.13,8.6095,9.8955,3,3,2026-10-07T05:22:23+02:00
a64fx,simde,512,main_scan_int,3,"and 3",0.13,8.5822,9.9276,3,3,2026-10-07T05:22:23+02:00
a64fx,simde,512,main_scan_int,3,"and 1",0.01,32.0143,28.7785,3,3,2026-10-07T05:22:23+02:00
a64fx,simde,512,main_scan_int,3,"and 1",0.01,31.8885,28.9097,3,3,2026-10-07T05:22:23+02:00
a64fx,simde,512,main_scan_int,3,"and 1",0.01,31.9868,28.9663,3,3,2026-10-07T05:22:23+02:00
a64fx,simde,512,main_scan_int,3,"and 1",0.01,31.8270,28.8906,3,3,2026-10-07T05:22:23+02:00
a64fx,simde,512,main_scan_int,3,"and 1",0.01,32.0200,28.8918,3,3,2026-10-07T05:22:23+02:00
a64fx,simde,512,main_scan_int,3,"and 2",0.07,12.8411,13.3628,3,3,2026-10-07T05:22:23+02:00
a64fx,simde,512,main_scan_int,3,"and 2",0.07,12.4377,13.0220,3,3,2026-10-07T05:22:23+02:00
a64fx,simde,512,main_scan_int,3,"and 2",0.07,12.8951,12.9140,3,3,2026-10-07T05:22:23+02:00
a64fx,simde,512,main_scan_int,3,"and 2",0.07,12.8816,13.1548,3,3,2026-10-07T05:22:23+02:00
a64fx,simde,512,main_scan_int,3,"and 2",0.07,12.8699,13.3936,3,3,2026-10-07T05:22:23+02:00
a64fx,simde,512,main_scan_int,3,"and 3",0.17,7.3053,9.1744,3,3,2026-10-07T05:22:23+02:00
a64fx,simde,512,main_scan_int,3,"and 3",0.17,7.3553,9.0561,3,3,2026-10-07T05:22:23+02:00
a64fx,simde,512,main_scan_int,3,"and 3",0.17,7.3121,9.1023,3,3,2026-10-07T05:22:23+02:00
a64fx,simde,512,main_scan_int,3,"and 3",0.17,7.4059,9.1295,3,3,2026-10-07T05:22:23+02:00
a64fx,simde,512,main_scan_int,3,"and 3",0.17,7.3883,9.1743,3,3,2026-10-07T05:22:23+02:00
a64fx,simde,512,main_scan_int,3,"and 1",0.01,23.3036,23.4104,3,3,2026-10-07T05:22:23+02:00
a64fx,simde,512,main_scan_int,3,"and 1",0.01,23.1218,23.4016,3,3,2026-10-07T05:22:23+02:00
a64fx,simde,512,main_scan_int,3,"and 1",0.01,23.5054,23.3355,3,3,2026-10-07T05:22:23+02:00
a64fx,simde,512,main_scan_int,3,"and 1",0.01,24.2934,23.3308,3,3,2026-10-07T05:22:23+02:00
a64fx,simde,512,main_scan_int,3,"and 1",0.01,24.8905,23.3895,3,3,2026-10-07T05:22:23+02:00
a64fx,simde,512,main_scan_int,3,"and 2",0.10,10.5624,11.4984,3,3,2026-10-07T05:22:23+02:00
a64fx,simde,512,main_scan_int,3,"and 2",0.10,10.2957,11.0601,3,3,2026-10-07T05:22:23+02:00
a64fx,simde,512,main_scan_int,3,"and 2",0.10,10.5340,11.4721,3,3,2026-10-07T05:22:23+02:00
a64fx,simde,512,main_scan_int,3,"and 2",0.10,10.4152,11.3435,3,3,2026-10-07T05:22:23+02:00
a64fx,simde,512,main_scan_int,3,"and 2",0.10,10.5571,11.4989,3,3,2026-10-07T05:22:23+02:00
a64fx,simde,512,main_scan_int,3,"and 3",0.22,6.6301,8.7318,3,3,2026-10-07T05:22:23+02:00
a64fx,simde,512,main_scan_int,3,"and 3",0.22,6.5878,8.7304,3,3,2026-10-07T05:22:23+02:00
a64fx,simde,512,main_scan_int,3,"and 3",0.22,6.5570,8.7409,3,3,2026-10-07T05:22:23+02:00
a64fx,simde,512,main_scan_int,3,"and 3",0.22,6.5901,8.7106,3,3,2026-10-07T05:22:23+02:00
a64fx,simde,512,main_scan_int,3,"and 3",0.22,6.5679,8.7487,3,3,2026-10-07T05:22:23+02:00
a64fx,simde,512,main_scan_int,3,"and 1",0.02,20.8780,17.2574,3,3,2026-10-07T05:22:23+02:00
a64fx,simde,512,main_scan_int,3,"and 1",0.02,21.1036,17.2406,3,3,2026-10-07T05:22:23+02:00
a64fx,simde,512,main_scan_int,3,"and 1",0.02,21.1112,17.4683,3,3,2026-10-07T05:22:23+02:00
a64fx,simde,512,main_scan_int,3,"and 1",0.02,21.1893,17.7873,3,3,2026-10-07T05:22:23+02:00
a64fx,simde,512,main_scan_int,3,"and 1",0.02,21.1542,17.7533,3,3,2026-10-07T05:22:23+02:00
a64fx,simde,512,main_scan_int,3,"and 2",0.14,8.8081,9.1188,3,3,2026-10-07T05:22:23+02:00
a64fx,simde,512,main_scan_int,3,"and 2",0.14,8.8126,9.5298,3,3,2026-10-07T05:22:23+02:00
a64fx,simde,512,main_scan_int,3,"and 2",0.14,8.7321,9.3118,3,3,2026-10-07T05:22:23+02:00
a64fx,simde,512,main_scan_int,3,"and 2",0.14,8.6371,9.2543,3,3,2026-10-07T05:22:23+02:00
a64fx,simde,512,main_scan_int,3,"and 2",0.14,8.8145,9.5285,3,3,2026-10-07T05:22:23+02:00
a64fx,simde,512,main_scan_int,3,"and 3",0.27,5.6230,7.6423,3,3,2026-10-07T05:22:23+02:00
a64fx,simde,512,main_scan_int,3,"and 3",0.27,5.6423,7.6959,3,3,2026-10-07T05:22:23+02:00
a64fx,simde,512,main_scan_int,3,"and 3",0.27,5.6151,7.8376,3,3,2026-10-07T05:22:23+02:00
a64fx,simde,512,main_scan_int,3,"and 3",0.27,5.6060,7.8497,3,3,2026-10-07T05:22:23+02:00
a64fx,simde,512,main_scan_int,3,"and 3",0.27,5.6085,7.8473,3,3,2026-10-07T05:22:23+02:00
a64fx,simde,512,main_scan_int,3,"and 1",0.05,24.6067,11.1493,3,3,2026-10-07T05:22:23+02:00
a64fx,simde,512,main_scan_int,3,"and 1",0.05,25.3699,11.6347,3,3,2026-10-07T05:22:23+02:00
a64fx,simde,512,main_scan_int,3,"and 1",0.05,25.2877,11.5488,3,3,2026-10-07T05:22:23+02:00
a64fx,simde,512,main_scan_int,3,"and 1",0.05,25.3589,11.4038,3,3,2026-10-07T05:22:23+02:00
a64fx,simde,512,main_scan_int,3,"and 1",0.05,25.4001,11.1207,3,3,2026-10-07T05:22:23+02:00
a64fx,simde,512,main_scan_int,3,"and 2",0.22,7.6719,7.0978,3,3,2026-10-07T05:22:23+02:00
a64fx,simde,512,main_scan_int,3,"and 2",0.22,7.7299,7.2648,3,3,2026-10-07T05:22:23+02:00
a64fx,simde,512,main_scan_int,3,"and 2",0.22,7.6576,7.2681,3,3,2026-10-07T05:22:23+02:00
a64fx,simde,512,main_scan_int,3,"and 2",0.22,7.6754,7.2631,3,3,2026-10-07T05:22:23+02:00
a64fx,simde,512,main_scan_int,3,"and 2",0.22,7.6690,7.2697,3,3,2026-10-07T05:22:23+02:00
a64fx,simde,512,main_scan_int,3,"and 3",0.37,4.5907,6.2511,3,3,2026-10-07T05:22:23+02:00
a64fx,simde,512,main_scan_int,3,"and 3",0.37,4.5858,6.2832,3,3,2026-10-07T05:22:23+02:00
a64fx,simde,512,main_scan_int,3,"and 3",0.37,4.5527,6.1997,3,3,2026-10-07T05:22:23+02:00
a64fx,simde,512,main_scan_int,3,"and 3",0.37,4.5756,6.2163,3,3,2026-10-07T05:22:23+02:00
a64fx,simde,512,main_scan_int,3,"and 3",0.37,4.5991,6.1888,3,3,2026-10-07T05:22:23+02:00
a64fx,simde,512,main_scan_int,3,"and 1",0.10,18.0958,8.0678,3,3,2026-10-07T05:22:23+02:00
a64fx,simde,512,main_scan_int,3,"and 1",0.10,18.5148,8.0724,3,3,2026-10-07T05:22:23+02:00
a64fx,simde,512,main_scan_int,3,"and 1",0.10,19.0950,8.1258,3,3,2026-10-07T05:22:23+02:00
a64fx,simde,512,main_scan_int,3,"and 1",0.10,19.1210,8.1897,3,3,2026-10-07T05:22:23+02:00
a64fx,simde,512,main_scan_int,3,"and 1",0.10,18.0128,8.1039,3,3,2026-10-07T05:22:23+02:00
a64fx,simde,512,main_scan_int,3,"and 2",0.32,5.8829,5.7230,3,3,2026-10-07T05:22:23+02:00
a64fx,simde,512,main_scan_int,3,"and 2",0.32,5.9247,5.7641,3,3,2026-10-07T05:22:23+02:00
a64fx,simde,512,main_scan_int,3,"and 2",0.32,5.9483,5.7008,3,3,2026-10-07T05:22:23+02:00
a64fx,simde,512,main_scan_int,3,"and 2",0.32,5.8592,5.5963,3,3,2026-10-07T05:22:23+02:00
a64fx,simde,512,main_scan_int,3,"and 2",0.32,5.8948,5.7652,3,3,2026-10-07T05:22:23+02:00
a64fx,simde,512,main_scan_int,3,"and 3",0.46,3.6844,5.0574,3,3,2026-10-07T05:22:23+02:00
a64fx,simde,512,main_scan_int,3,"and 3",0.46,3.6842,5.0457,3,3,2026-10-07T05:22:23+02:00
a64fx,simde,512,main_scan_int,3,"and 3",0.46,3.6853,5.0462,3,3,2026-10-07T05:22:23+02:00
a64fx,simde,512,main_scan_int,3,"and 3",0.46,3.6865,5.0448,3,3,2026-10-07T05:22:23+02:00
a64fx,simde,512,main_scan_int,3,"and 3",0.46,3.6687,5.0469,3,3,2026-10-07T05:22:23+02:00
a64fx,simde,512,main_scan_int,3,"and 1",0.20,11.5647,5.1609,3,3,2026-10-07T05:22:23+02:00
a64fx,simde,512,main_scan_int,3,"and 1",0.20,11.7524,5.2210,3,3,2026-10-07T05:22:23+02:00
a64fx,simde,512,main_scan_int,3,"and 1",0.20,11.7680,5.2271,3,3,2026-10-07T05:22:23+02:00
a64fx,simde,512,main_scan_int,3,"and 1",0.20,11.7587,5.2003,3,3,2026-10-07T05:22:23+02:00
a64fx,simde,512,main_scan_int,3,"and 1",0.20,11.7678,5.2262,3,3,2026-10-07T05:22:23+02:00
a64fx,simde,512,main_scan_int,3,"and 2",0.45,4.2859,4.1145,3,3,2026-10-07T05:22:23+02:00
a64fx,simde,512,main_scan_int,3,"and 2",0.45,4.2746,4.1352,3,3,2026-10-07T05:22:23+02:00
a64fx,simde,512,main_scan_int,3,"and 2",0.45,4.2806,4.1074,3,3,2026-10-07T05:22:23+02:00
a64fx,simde,512,main_scan_int,3,"and 2",0.45,4.2728,4.1181,3,3,2026-10-07T05:22:23+02:00
a64fx,simde,512,main_scan_int,3,"and 2",0.45,4.2529,4.1323,3,3,2026-10-07T05:22:23+02:00
a64fx,simde,512,main_scan_int,3,"and 3",0.58,3.4937,3.7432,3,3,2026-10-07T05:22:23+02:00
a64fx,simde,512,main_scan_int,3,"and 3",0.58,3.5087,3.7751,3,3,2026-10-07T05:22:23+02:00
a64fx,simde,512,main_scan_int,3,"and 3",0.58,3.5117,3.7763,3,3,2026-10-07T05:22:23+02:00
a64fx,simde,512,main_scan_int,3,"and 3",0.58,3.4919,3.7425,3,3,2026-10-07T05:22:23+02:00
a64fx,simde,512,main_scan_int,3,"and 3",0.58,3.5089,3.7572,3,3,2026-10-07T05:22:23+02:00
a64fx,simde,512,main_scan_int,3,"and 1",0.50,5.8505,2.8686,3,3,2026-10-07T05:22:23+02:00
a64fx,simde,512,main_scan_int,3,"and 1",0.50,5.8438,2.8638,3,3,2026-10-07T05:22:23+02:00
a64fx,simde,512,main_scan_int,3,"and 1",0.50,5.8419,2.8665,3,3,2026-10-07T05:22:23+02:00
a64fx,simde,512,main_scan_int,3,"and 1",0.50,5.8154,2.8728,3,3,2026-10-07T05:22:23+02:00
a64fx,simde,512,main_scan_int,3,"and 1",0.50,5.7988,2.8615,3,3,2026-10-07T05:22:23+02:00
a64fx,simde,512,main_scan_int,3,"and 2",0.71,5.4055,2.5095,3,3,2026-10-07T05:22:23+02:00
a64fx,simde,512,main_scan_int,3,"and 2",0.71,5.4182,2.4124,3,3,2026-10-07T05:22:23+02:00
a64fx,simde,512,main_scan_int,3,"and 2",0.71,5.4259,2.4694,3,3,2026-10-07T05:22:23+02:00
a64fx,simde,512,main_scan_int,3,"and 2",0.71,5.3772,2.4966,3,3,2026-10-07T05:22:23+02:00
a64fx,simde,512,main_scan_int,3,"and 2",0.71,5.0102,2.4977,3,3,2026-10-07T05:22:23+02:00
a64fx,simde,512,main_scan_int,3,"and 3",0.79,5.1861,2.3707,3,3,2026-10-07T05:22:23+02:00
a64fx,simde,512,main_scan_int,3,"and 3",0.79,5.2091,2.3634,3,3,2026-10-07T05:22:23+02:00
a64fx,simde,512,main_scan_int,3,"and 3",0.79,5.2008,2.3710,3,3,2026-10-07T05:22:23+02:00
a64fx,simde,512,main_scan_int,3,"and 3",0.79,5.1957,2.3116,3,3,2026-10-07T05:22:23+02:00
a64fx,simde,512,main_scan_int,3,"and 3",0.79,5.2049,2.3668,3,3,2026-10-07T05:22:23+02:00
a64fx,simde,512,main_scan_int,3,"and 1",1.00,31.6766,29.0627,3,3,2026-10-07T05:22:23+02:00
a64fx,simde,512,main_scan_int,3,"and 1",1.00,30.3657,29.0619,3,3,2026-10-07T05:22:23+02:00
a64fx,simde,512,main_scan_int,3,"and 1",1.00,30.2247,29.2006,3,3,2026-10-07T05:22:23+02:00
a64fx,simde,512,main_scan_int,3,"and 1",1.00,29.2493,29.1643,3,3,2026-10-07T05:22:23+02:00
a64fx,simde,512,main_scan_int,3,"and 1",1.00,31.6335,29.2510,3,3,2026-10-07T05:22:23+02:00
a64fx,simde,512,main_scan_int,3,"and 2",1.00,26.0528,11.7903,3,3,2026-10-07T05:22:23+02:00
a64fx,simde,512,main_scan_int,3,"and 2",1.00,26.0905,12.2592,3,3,2026-10-07T05:22:23+02:00
a64fx,simde,512,main_scan_int,3,"and 2",1.00,23.7467,11.7999,3,3,2026-10-07T05:22:23+02:00
a64fx,simde,512,main_scan_int,3,"and 2",1.00,26.1441,12.2561,3,3,2026-10-07T05:22:23+02:00
a64fx,simde,512,main_scan_int,3,"and 2",1.00,25.9265,12.2408,3,3,2026-10-07T05:22:23+02:00
a64fx,simde,512,main_scan_int,3,"and 3",1.00,9.3792,9.5522,3,3,2026-10-07T05:22:23+02:00
a64fx,simde,512,main_scan_int,3,"and 3",1.00,9.5892,9.2336,3,3,2026-10-07T05:22:23+02:00
a64fx,simde,512,main_scan_int,3,"and 3",1.00,9.5100,9.1102,3,3,2026-10-07T05:22:23+02:00
a64fx,simde,512,main_scan_int,3,"and 3",1.00,9.5289,9.3182,3,3,2026-10-07T05:22:23+02:00
a64fx,simde,512,main_scan_int,3,"and 3",1.00,9.7734,9.5532,3,3,2026-10-07T05:22:23+02:00
a64fx,simde,128,main_scan_enc,3,"and 1",0.00,18.1612,8.0431,3,3,2026-10-07T05:22:56+02:00
a64fx,simde,128,main_scan_enc,3,"and 1",0.00,18.1286,8.0615,3,3,2026-10-07T05:22:56+02:00
a64fx,simde,128,main_scan_enc,3,"and 1",0.00,18.1334,8.0979,3,3,2026-10-07T05:22:56+02:00
a64fx,simde,128,main_scan_enc,3,"and 1",0.00,18.1737,8.0454,3,3,2026-10-07T05:22:56+02:00
a64fx,simde,128,main_scan_enc,3,"and 1",0.00,18.1225,8.0811,3,3,2026-10-07T05:22:56+02:00
a64fx,simde,128,main_scan_enc,3,"and 2",0.03,14.0451,5.4036,3,3,2026-10-07T05:22:56+02:00
a64fx,simde,128,main_scan_enc,3,"and 2",0.03,14.0654,5.3778,3,3,2026-10-07T05:22:56+02:00
a64fx,simde,128,main_scan_enc,3,"and 2",0.03,14.0832,5.4091,3,3,2026-10-07T05:22:56+02:00
a64fx,simde,128,main_scan_enc,3,"and 2",0.03,14.0615,5.3771,3,3,2026-10-07T05:22:56+02:00
a64fx,simde,128,main_scan_enc,3,"and 2",0.03,14.0646,5.4127,3,3,2026-10-07T05:22:56+02:00
a64fx,simde,128,main_scan_enc,3,"and 3",0.10,7.8113,3.6696,3,3,2026-10-07T05:22:56+02:00
a64fx,simde,128,main_scan_enc,3,"and 3",0.10,7.6214,3.6693,3,3,2026-10-07T05:22:56+02:00
a64fx,simde,128,main_scan_enc,3,"and 3",0.10,7.6555,3.6511,3,3,2026-10-07T05:22:56+02:00
a64fx,simde,128,main_scan_enc,3,"and 3",0.10,7.8087,3.6669,3,3,2026-10-07T05:22:56+02:00
a64fx,simde,128,main_scan_enc,3,"and 3",0.10,7.7492,3.6457,3,3,2026-10-07T05:22:56+02:00
a64fx,simde,128,main_scan_enc,3,"and 1",0.00,17.2142,7.8758,3,3,2026-10-07T05:22:56+02:00
a64fx,simde,128,main_scan_enc,3,"and 1",0.00,17.2158,7.8659,3,3,2026-10-07T05:22:56+02:00
a64fx,simde,128,main_scan_enc,3,"and 1",0.00,17.2226,7.7666,3,3,2026-10-07T05:22:56+02:00
a64fx,simde,128,main_scan_enc,3,"and 1",0.00,17.2169,7.8924,3,3,2026-10-07T05:22:56+02:00
a64fx,simde,128,main_scan_enc,3,"and 1",0.00,17.1529,7.8969,3,3,2026-10-07T05:22:56+02:00
a64fx,simde,128,main_scan_enc,3,"and 2",0.04,12.2425,4.9745,3,3,2026-10-07T05:22:56+02:00
a64fx,simde,128,main_scan_enc,3,"and 2",0.04,11.9795,4.9645,3,3,2026-10-07T05:22:56+02:00
a64fx,simde,128,main_scan_enc,3,"and 2",0.04,11.8509,4.9751,3,3,2026-10-07T05:22:56+02:00
a64fx,simde,128,main_scan_enc,3,"and 2",0.04,12.1643,4.8901,3,3,2026-10-07T05:22:56+02:00
a64fx,simde,128,main_scan_enc,3,"and 2",0.04,12.3787,4.9945,3,3,2026-10-07T05:22:56+02:00
a64fx,simde,128,main_scan_enc,3,"and 3",0.13,6.9549,3.4445,3,3,2026-10-07T05:22:56+02:00
a64fx,simde,128,main_scan_enc,3,"and 3",0.13,6.9118,3.4220,3,3,2026-10-07T05:22:56+02:00
a64fx,simde,128,main_scan_enc,3,"and 3",0.13,6.9175,3.4278,3,3,2026-10-07T05:22:56+02:00
a64fx,simde,128,main_scan_enc,3,"and 3",0.13,7.0080,3.4140,3,3,2026-10-07T05:22:56+02:00
a64fx,simde,128,main_scan_enc,3,"and 3",0.13,6.9236,3.2965,3,3,2026-10-07T05:22:56+02:00
a64fx,simde,128,main_scan_enc,3,"and 1",0.01,15.1746,7.6498,3,3,2026-10-07T05:22:56+02:00
a64fx,simde,128,main_scan_enc,3,"and 1",0.01,15.2138,7.7080,3,3,2026-10-07T05:22:56+02:00
a64fx,simde,128,main_scan_enc,3,"and 1",0.01,15.2372,7.5717,3,3,2026-10-07T05:22:56+02:00
a64fx,simde,128,main_scan_enc,3,"and 1",0.01,15.2510,7.7045,3,3,2026-10-07T05:22:56+02:00
a64fx,simde,128,main_scan_enc,3,"and 1",0.01,14.9333,7.5446,3,3,2026-10-07T05:22:56+02:00
a64fx,simde,128,main_scan_enc,3,"and 2",0.07,10.2301,4.3474,3,3,2026-10-07T05:22:56+02:00
a64fx,simde,128,main_scan_enc,3,"and 2",0.07,10.0403,4.3832,3,3,2026-10-07T05:22:56+02:00
a64fx,simde,128,main_scan_enc,3,"and 2",0.07,10.0742,4.3620,3,3,2026-10-07T05:22:56+02:00
a64fx,simde,128,main_scan_enc,3,"and 2",0.07,10.2342,4.3599,3,3,2026-10-07T05:22:56+02:00
a64fx,simde,128,main_scan_enc,3,"and 2",0.07,10.1589,4.3425,3,3,2026-10-07T05:22:56+02:00
a64fx,simde,128,main_scan_enc,3,"and 3",0.17,5.9730,3.1206,3,3,2026-10-07T05:22:56+02:00
a64fx,simde,128,main_scan_enc,3,"and 3",0.17,6.0079,2.9661,3,3,2026-10-07T05:22:56+02:00
a64fx,simde,128,main_scan_enc,3,"and 3",0.17,6.0601,3.1268,3,3,2026-10-07T05:22:56+02:00
a64fx,simde,128,main_scan_enc,3,"and 3",0.17,6.0208,3.1388,3,3,2026-10-07T05:22:56+02:00
a64fx,simde,128,main_scan_enc,3,"and 3",0.17,6.0340,3.1409,3,3,2026-10-07T05:22:56+02:00
a64fx,simde,128,main_scan_enc,3,"and 1",0.01,13.1358,7.1428,3,3,2026-10-07T05:22:56+02:00
a64fx,simde,128,main_scan_enc,3,"and 1",0.01,12.3950,7.1630,3,3,2026-10-07T05:22:56+02:00
a64fx,simde,128,main_scan_enc,3,"and 1",0.01,13.2565,7.2610,3,3,2026-10-07T05:22:56+02:00
a64fx,simde,128,main_scan_enc,3,"and 1",0.01,13.1452,7.0320,3,3,2026-10-07T05:22:56+02:00
a64fx,simde,128,main_scan_enc,3,"and 1",0.01,13.2857,7.0862,3,3,2026-10-07T05:22:56+02:00
a64fx,simde,128,main_scan_enc,3,"and 2",0.10,8.2583,3.9291,3,3,2026-10-07T05:22:56+02:00
a64fx,simde,128,main_scan_enc,3,"and 2",0.10,8.3903,3.9243,3,3,2026-10-07T05:22:56+02:00
a64fx,simde,128,main_scan_enc,3,"and 2",0.10,8.2196,3.9279,3,3,2026-10-07T05:22:56+02:00
a64fx,simde,128,main_scan_enc,3,"and 2",0.10,8.4098,3.9608,3,3,2026-10-07T05:22:56+02:00
a64fx,simde,128,main_scan_enc,3,"and 2",0.10,8.3058,3.9605,3,3,2026-10-07T05:22:56+02:00
a64fx,simde,128,main_scan_enc,3,"and 3",0.22,5.0729,2.8705,3,3,2026-10-07T05:22:56+02:00
a64fx,simde,128,main_scan_enc,3,"and 3",0.22,5.1084,2.8628,3,3,2026-10-07T05:22:56+02:00
a64fx,simde,128,main_scan_enc,3,"and 3",0.22,5.0867,2.8765,3,3,2026-10-07T05:22:56+02:00
a64fx,simde,128,main_scan_enc,3,"and 3",0.22,5.1024,2.8706,3,3,2026-10-07T05:22:56+02:00
a64fx,simde,128,main_scan_enc,3,"and 3",0.22,5.0798,2.8600,3,3,2026-10-07T05:22:56+02:00
a64fx,simde,128,main_scan_enc,3,"and 1",0.02,11.7345,6.5634,3,3,2026-10-07T05:22:56+02:00
a64fx,simde,128,main_scan_enc,3,"and 1",0.02,11.7634,6.5545,3,3,2026-10-07T05:22:56+02:00
a64fx,simde,128,main_scan_enc,3,"and 1",0.02,11.7577,6.5107,3,3,2026-10-07T05:22:56+02:00
a64fx,simde,128,main_scan_enc,3,"and 1",0.02,11.6141,6.3905,3,3,2026-10-07T05:22:56+02:00
a64fx,simde,128,main_scan_enc,3,"and 1",0.02,12.0050,6.5822,3,3,2026-10-07T05:22:56+02:00
a64fx,simde,128,main_scan_enc,3,"and 2",0.14,6.9504,3.3852,3,3,2026-10-07T05:22:56+02:00
a64fx,simde,128,main_scan_enc,3,"and 2",0.14,6.9927,3.5665,3,3,2026-10-07T05:22:56+02:00
a64fx,simde,128,main_scan_enc,3,"and 2",0.14,6.8242,3.5473,3,3,2026-10-07T05:22:56+02:00
a64fx,simde,128,main_scan_enc,3,"and 2",0.14,6.9410,3.5903,3,3,2026-10-07T05:22:56+02:00
a64fx,simde,128,main_scan_enc,3,"and 2",0.14,6.9356,3.5790,3,3,2026-10-07T05:22:56+02:00
a64fx,simde,128,main_scan_enc,3,"and 3",0.27,4.3032,2.6171,3,3,2026-10-07T05:22:56+02:00
a64fx,simde,128,main_scan_enc,3,"and 3",0.27,4.2387,2.6074,3,3,2026-10-07T05:22:56+02:00
a64fx,simde,128,main_scan_enc,3,"and 3",0.27,4.2890,2.6292,3,3,2026-10-07T05:22:56+02:00
a64fx,simde,128,main_scan_enc,3,"and 3",0.27,4.3127,2.6249,3,3,2026-10-07T05:22:56+02:00
a64fx,simde,128,main_scan_enc,3,"and 3",0.27,4.2631,2.6369,3,3,2026-10-07T05:22:56+02:00
a64fx,simde,128,main_scan_enc,3,"and 1",0.05,13.0239,5.4597,3,3,2026-10-07T05:22:56+02:00
a64fx,simde,128,main_scan_enc,3,"and 1",0.05,12.9938,5.4398,3,3,2026-10-07T05:22:56+02:00
a64fx,simde,128,main_scan_enc,3,"and 1",0.05,13.0055,5.4631,3,3,2026-10-07T05:22:56+02:00
a64fx,simde,128,main_scan_enc,3,"and 1",0.05,13.0000,5.4655,3,3,2026-10-07T05:22:56+02:00
a64fx,simde,128,main_scan_enc,3,"and 1",0.05,12.9850,5.4870,3,3,2026-10-07T05:22:56+02:00
a64fx,simde,128,main_scan_enc,3,"and 2",0.22,5.9149,3.1074,3,3,2026-10-07T05:22:56+02:00
a64fx,simde,128,main_scan_enc,3,"and 2",0.22,5.9017,3.1342,3,3,2026-10-07T05:22:56+02:00
a64fx,simde,128,main_scan_enc,3,"and 2",0.22,5.8218,3.1445,3,3,2026-10-07T05:22:56+02:00
a64fx,simde,128,main_scan_enc,3,"and 2",0.22,5.8557,3.1597,3,3,2026-10-07T05:22:56+02:00
a64fx,simde,128,main_scan_enc,3,"and 2",0.22,5.8567,3.1632,3,3,2026-10-07T05:22:56+02:00
a64fx,simde,128,main_scan_enc,3,"and 3",0.37,3.2887,2.3201,3,3,2026-10-07T05:22:56+02:00
a64fx,simde,128,main_scan_enc,3,"and 3",0.37,3.2991,2.3212,3,3,2026-10-07T05:22:56+02:00
a64fx,simde,128,main_scan_enc,3,"and 3",0.37,3.2127,2.2433,3,3,2026-10-07T05:22:56+02:00
a64fx,simde,128,main_scan_enc,3,"and 3",0.37,3.2177,2.3188,3,3,2026-10-07T05:22:56+02:00
a64fx,simde,128,main_scan_enc,3,"and 3",0.37,3.2001,2.3176,3,3,2026-10-07T05:22:56+02:00
a64fx,simde,128,main_scan_enc,3,"and 1",0.10,10.7458,4.5407,3,3,2026-10-07T05:22:56+02:00
a64fx,simde,128,main_scan_enc,3,"and 1",0.10,10.6440,4.5432,3,3,2026-10-07T05:22:56+02:00
a64fx,simde,128,main_scan_enc,3,"and 1",0.10,10.8229,4.5104,3,3,2026-10-07T05:22:56+02:00
a64fx,simde,128,main_scan_enc,3,"and 1",0.10,10.8140,4.5515,3,3,2026-10-07T05:22:56+02:00
a64fx,simde,128,main_scan_enc,3,"and 1",0.10,10.2115,4.5200,3,3,2026-10-07T05:22:56+02:00
a64fx,simde,128,main_scan_enc,3,"and 2",0.32,4.3551,2.8098,3,3,2026-10-07T05:22:56+02:00
a64fx,simde,128,main_scan_enc,3,"and 2",0.32,4.3903,2.7929,3,3,2026-10-07T05:22:56+02:00
a64fx,simde,128,main_scan_enc,3,"and 2",0.32,4.3678,2.8072,3,3,2026-10-07T05:22:56+02:00
a64fx,simde,128,main_scan_enc,3,"and 2",0.32,4.3581,2.8005,3,3,2026-10-07T05:22:56+02:00
a64fx,simde,128,main_scan_enc,3,"and 2",0.32,4.3789,2.8195,3,3,2026-10-07T05:22:56+02:00
a64fx,simde,128,main_scan_enc,3,"and 3",0.46,2.6072,2.0858,3,3,2026-10-07T05:22:56+02:00
a64fx,simde,128,main_scan_enc,3,"and 3",0.46,2.4996,2.0986,3,3,2026-10-07T05:22:56+02:00
a64fx,simde,128,main_scan_enc,3,"and 3",0.46,2.5860,2.0804,3,3,2026-10-07T05:22:56+02:00
a64fx,simde,128,main_scan_enc,3,"and 3",0.46,2.6069,2.0991,3,3,2026-10-07T05:22:56+02:00
a64fx,simde,128,main_scan_enc,3,"and 3",0.46,2.6032,2.0967,3,3,2026-10-07T05:22:56+02:00
a64fx,simde,128,main_scan_enc,3,"and 1",0.20,7.7303,3.4836,3,3,2026-10-07T05:22:56+02:00
a64fx,simde,128,main_scan_enc,3,"and 1",0.20,7.6323,3.4883,3,3,2026-10-07T05:22:56+02:00
a64fx,simde,128,main_scan_enc,3,"and 1",0.20,7.6601,3.4580,3,3,2026-10-07T05:22:56+02:00
a64fx,simde,128,main_scan_enc,3,"and 1",0.20,7.6140,3.4563,3,3,2026-10-07T05:22:56+02:00
a64fx,simde,128,main_scan_enc,3,"and 1",0.20,7.7190,3.4771,3,3,2026-10-07T05:22:56+02:00
a64fx,simde,128,main_scan_enc,3,"and 2",0.45,3.0879,2.3572,3,3,2026-10-07T05:22:56+02:00
a64fx,simde,128,main_scan_enc,3,"and 2",0.45,3.0904,2.3595,3,3,2026-10-07T05:22:56+02:00
a64fx,simde,128,main_scan_enc,3,"and 2",0.45,3.0848,2.3529,3,3,2026-10-07T05:22:56+02:00
a64fx,simde,128,main_scan_enc,3,"and 2",0.45,3.1055,2.3626,3,3,2026-10-07T05:22:56+02:00
a64fx,simde,128,main_scan_enc,3,"and 2",0.45,3.0850,2.3607,3,3,2026-10-07T05:22:56+02:00
a64fx,simde,128,main_scan_enc,3,"and 3",0.58,2.4257,1.8395,3,3,2026-10-07T05:22:56+02:00
a64fx,simde,128,main_scan_enc,3,"and 3",0.58,2.4235,1.8473,3,3,2026-10-07T05:22:56+02:00
a64fx,simde,128,main_scan_enc,3,"and 3",0.58,2.4156,1.8284,3,3,2026-10-07T05:22:56+02:00
a64fx,simde,128,main_scan_enc,3,"and 3",0.58,2.4214,1.8483,3,3,2026-10-07T05:22:56+02:00
a64fx,simde,128,main_scan_enc,3,"and 3",0.58,2.4222,1.8131,3,3,2026-10-07T05:22:56+02:00
a64fx,simde,128,main_scan_enc,3,"and 1",0.50,4.2705,2.1460,3,3,2026-10-07T05:22:56+02:00
a64fx,simde,128,main_scan_enc,3,"and 1",0.50,4.2656,2.1315,3,3,2026-10-07T05:22:56+02:00
a64fx,simde,128,main_scan_enc,3,"and 1",0.50,4.2772,2.1411,3,3,2026-10-07T05:22:56+02:00
a64fx,simde,128,main_scan_enc,3,"and 1",0.50,4.2394,2.0788,3,3,2026-10-07T05:22:56+02:00
a64fx,simde,128,main_scan_enc,3,"and 1",0.50,4.2159,2.1431,3,3,2026-10-07T05:22:56+02:00
a64fx,simde,128,main_scan_enc,3,"and 2",0.71,3.5684,1.6595,3,3,2026-10-07T05:22:56+02:00
a64fx,simde,128,main_scan_enc,3,"and 2",0.71,3.5602,1.6620,3,3,2026-10-07T05:22:56+02:00
a64fx,simde,128,main_scan_enc,3,"and 2",0.71,3.5548,1.6616,3,3,2026-10-07T05:22:56+02:00
a64fx,simde,128,main_scan_enc,3,"and 2",0.71,3.5509,1.6631,3,3,2026-10-07T05:22:56+02:00
a64fx,simde,128,main_scan_enc,3,"and 2",0.71,3.5759,1.6596,3,3,2026-10-07T05:22:56+02:00
a64fx,simde,128,main_scan_enc,3,"and 3",0.79,3.2354,1.3919,3,3,2026-10-07T05:22:56+02:00
a64fx,simde,128,main_scan_enc,3,"and 3",0.79,3.2390,1.3845,3,3,2026-10-07T05:22:56+02:00
a64fx,simde,128,main_scan_enc,3,"and 3",0.79,3.2288,1.3900,3,3,2026-10-07T05:22:56+02:00
a64fx,simde,128,main_scan_enc,3,"and 3",0.79,3.2283,1.3641,3,3,2026-10-07T05:22:56+02:00
a64fx,simde,128,main_scan_enc,3,"and 3",0.79,3.2294,1.3852,3,3,2026-10-07T05:22:56+02:00
a64fx,simde,128,main_scan_enc,3,"and 1",1.00,16.5307,1.5623,3,3,2026-10-07T05:22:56+02:00
a64fx,simde,128,main_scan_enc,3,"and 1",1.00,16.5680,1.5672,3,3,2026-10-07T05:22:56+02:00
a64fx,simde,128,main_scan_enc,3,"and 1",1.00,16.5611,1.5641,3,3,2026-10-07T05:22:56+02:00
a64fx,simde,128,main_scan_enc,3,"and 1",1.00,16.5875,1.5639,3,3,2026-10-07T05:22:56+02:00
a64fx,simde,128,main_scan_enc,3,"and 1",1.00,16.6059,1.5182,3,3,2026-10-07T05:22:56+02:00
a64fx,simde,128,main_scan_enc,3,"and 2",1.00,9.2837,1.2896,3,3,2026-10-07T05:22:56+02:00
a64fx,simde,128,main_scan_enc,3,"and 2",1.00,9.3028,1.2891,3,3,2026-10-07T05:22:56+02:00
a64fx,simde,128,main_scan_enc,3,"and 2",1.00,9.2246,1.2898,3,3,2026-10-07T05:22:56+02:00
a64fx,simde,128,main_scan_enc,3,"and 2",1.00,9.3969,1.2892,3,3,2026-10-07T05:22:56+02:00
a64fx,simde,128,main_scan_enc,3,"and 2",1.00,9.4141,1.2889,3,3,2026-10-07T05:22:56+02:00
a64fx,simde,128,main_scan_enc,3,"and 3",1.00,6.1722,1.1196,3,3,2026-10-07T05:22:56+02:00
a64fx,simde,128,main_scan_enc,3,"and 3",1.00,6.2197,1.1188,3,3,2026-10-07T05:22:56+02:00
a64fx,simde,128,main_scan_enc,3,"and 3",1.00,6.2354,1.1166,3,3,2026-10-07T05:22:56+02:00
a64fx,simde,128,main_scan_enc,3,"and 3",1.00,6.2536,1.1008,3,3,2026-10-07T05:22:56+02:00
a64fx,simde,128,main_scan_enc,3,"and 3",1.00,6.1923,1.1178,3,3,2026-10-07T05:22:56+02:00
a64fx,simde,256,main_scan_enc,3,"and 1",0.00,18.1948,20.6654,3,3,2026-10-07T05:23:07+02:00
a64fx,simde,256,main_scan_enc,3,"and 1",0.00,18.1063,20.9655,3,3,2026-10-07T05:23:07+02:00
a64fx,simde,256,main_scan_enc,3,"and 1",0.00,17.5897,20.0797,3,3,2026-10-07T05:23:07+02:00
a64fx,simde,256,main_scan_enc,3,"and 1",0.00,18.0587,20.8591,3,3,2026-10-07T05:23:07+02:00
a64fx,simde,256,main_scan_enc,3,"and 1",0.00,18.0631,20.8401,3,3,2026-10-07T05:23:07+02:00
a64fx,simde,256,main_scan_enc,3,"and 2",0.03,13.9931,12.1137,3,3,2026-10-07T05:23:07+02:00
a64fx,simde,256,main_scan_enc,3,"and 2",0.03,13.8430,11.9914,3,3,2026-10-07T05:23:07+02:00
a64fx,simde,256,main_scan_enc,3,"and 2",0.03,13.9953,12.1157,3,3,2026-10-07T05:23:07+02:00
a64fx,simde,256,main_scan_enc,3,"and 2",0.03,13.6440,11.9469,3,3,2026-10-07T05:23:07+02:00
a64fx,simde,256,main_scan_enc,3,"and 2",0.03,13.6570,12.0865,3,3,2026-10-07T05:23:07+02:00
a64fx,simde,256,main_scan_enc,3,"and 3",0.10,7.6380,7.3387,3,3,2026-10-07T05:23:07+02:00
a64fx,simde,256,main_scan_enc,3,"and 3",0.10,7.7240,7.3274,3,3,2026-10-07T05:23:07+02:00
a64fx,simde,256,main_scan_enc,3,"and 3",0.10,7.8043,7.2551,3,3,2026-10-07T05:23:07+02:00
a64fx,simde,256,main_scan_enc,3,"and 3",0.10,7.8059,7.3007,3,3,2026-10-07T05:23:07+02:00
a64fx,simde,256,main_scan_enc,3,"and 3",0.10,6.9389,7.2587,3,3,2026-10-07T05:23:07+02:00
a64fx,simde,256,main_scan_enc,3,"and 1",0.00,17.1705,19.9220,3,3,2026-10-07T05:23:07+02:00
a64fx,simde,256,main_scan_enc,3,"and 1",0.00,17.2047,19.9194,3,3,2026-10-07T05:23:07+02:00
a64fx,simde,256,main_scan_enc,3,"and 1",0.00,17.2135,19.9182,3,3,2026-10-07T05:23:07+02:00
a64fx,simde,256,main_scan_enc,3,"and 1",0.00,16.7907,19.2924,3,3,2026-10-07T05:23:07+02:00
a64fx,simde,256,main_scan_enc,3,"and 1",0.00,17.1888,20.0154,3,3,2026-10-07T05:23:07+02:00
a64fx,simde,256,main_scan_enc,3,"and 2",0.04,12.6325,10.9646,3,3,2026-10-07T05:23:07+02:00
a64fx,simde,256,main_scan_enc,3,"and 2",0.04,11.9984,10.7965,3,3,2026-10-07T05:23:07+02:00
a64fx,simde,256,main_scan_enc,3,"and 2",0.04,12.6403,10.9692,3,3,2026-10-07T05:23:07+02:00
a64fx,simde,256,main_scan_enc,3,"and 2",0.04,12.6497,10.9605,3,3,2026-10-07T05:23:07+02:00
a64fx,simde,256,main_scan_enc,3,"and 2",0.04,12.6023,10.9498,3,3,2026-10-07T05:23:07+02:00
a64fx,simde,256,main_scan_enc,3,"and 3",0.13,7.0210,6.9111,3,3,2026-10-07T05:23:07+02:00
a64fx,simde,256,main_scan_enc,3,"and 3",0.13,7.0217,6.8869,3,3,2026-10-07T05:23:07+02:00
a64fx,simde,256,main_scan_enc,3,"and 3",0.13,6.8303,6.8404,3,3,2026-10-07T05:23:07+02:00
a64fx,simde,256,main_scan_enc,3,"and 3",0.13,6.9446,6.8968,3,3,2026-10-07T05:23:07+02:00
a64fx,simde,256,main_scan_enc,3,"and 3",0.13,6.9655,6.8543,3,3,2026-10-07T05:23:07+02:00
a64fx,simde,256,main_scan_enc,3,"and 1",0.01,13.9152,17.4197,3,3,2026-10-07T05:23:07+02:00
a64fx,simde,256,main_scan_enc,3,"and 1",0.01,15.1557,17.9155,3,3,2026-10-07T05:23:07+02:00
a64fx,simde,256,main_scan_enc,3,"and 1",0.01,15.1895,17.9770,3,3,2026-10-07T05:23:07+02:00
a64fx,simde,256,main_scan_enc,3,"and 1",0.01,14.7648,17.9247,3,3,2026-10-07T05:23:07+02:00
a64fx,simde,256,main_scan_enc,3,"and 1",0.01,15.2023,17.9983,3,3,2026-10-07T05:23:07+02:00
a64fx,simde,256,main_scan_enc,3,"and 2",0.07,9.9843,8.9902,3,3,2026-10-07T05:23:07+02:00
a64fx,simde,256,main_scan_enc,3,"and 2",0.07,10.2136,9.1819,3,3,2026-10-07T05:23:07+02:00
a64fx,simde,256,main_scan_enc,3,"and 2",0.07,10.2315,9.2770,3,3,2026-10-07T05:23:07+02:00
a64fx,simde,256,main_scan_enc,3,"and 2",0.07,10.0179,9.0429,3,3,2026-10-07T05:23:07+02:00
a64fx,simde,256,main_scan_enc,3,"and 2",0.07,10.2175,9.0901,3,3,2026-10-07T05:23:07+02:00
a64fx,simde,256,main_scan_enc,3,"and 3",0.17,6.0040,6.3539,3,3,2026-10-07T05:23:07+02:00
a64fx,simde,256,main_scan_enc,3,"and 3",0.17,5.9706,6.3046,3,3,2026-10-07T05:23:07+02:00
a64fx,simde,256,main_scan_enc,3,"and 3",0.17,5.9823,6.3825,3,3,2026-10-07T05:23:07+02:00
a64fx,simde,256,main_scan_enc,3,"and 3",0.17,6.0848,6.3213,3,3,2026-10-07T05:23:07+02:00
a64fx,simde,256,main_scan_enc,3,"and 3",0.17,6.0446,6.3697,3,3,2026-10-07T05:23:07+02:00
a64fx,simde,256,main_scan_enc,3,"and 1",0.01,13.0564,12.0232,3,3,2026-10-07T05:23:07+02:00
a64fx,simde,256,main_scan_enc,3,"and 1",0.01,13.2988,15.6547,3,3,2026-10-07T05:23:07+02:00
a64fx,simde,256,main_scan_enc,3,"and 1",0.01,12.4623,15.0894,3,3,2026-10-07T05:23:07+02:00
a64fx,simde,256,main_scan_enc,3,"and 1",0.01,13.2691,15.5979,3,3,2026-10-07T05:23:07+02:00
a64fx,simde,256,main_scan_enc,3,"and 1",0.01,13.3109,15.7016,3,3,2026-10-07T05:23:07+02:00
a64fx,simde,256,main_scan_enc,3,"and 2",0.10,8.1722,8.0170,3,3,2026-10-07T05:23:07+02:00
a64fx,simde,256,main_scan_enc,3,"and 2",0.10,8.2690,7.8911,3,3,2026-10-07T05:23:07+02:00
a64fx,simde,256,main_scan_enc,3,"and 2",0.10,8.1700,7.7963,3,3,2026-10-07T05:23:07+02:00
a64fx,simde,256,main_scan_enc,3,"and 2",0.10,8.3468,7.9443,3,3,2026-10-07T05:23:07+02:00
a64fx,simde,256,main_scan_enc,3,"and 2",0.10,8.3351,7.9182,3,3,2026-10-07T05:23:07+02:00
a64fx,simde,256,main_scan_enc,3,"and 3",0.22,5.0714,5.7504,3,3,2026-10-07T05:23:07+02:00
a64fx,simde,256,main_scan_enc,3,"and 3",0.22,5.0211,5.8045,3,3,2026-10-07T05:23:07+02:00
a64fx,simde,256,main_scan_enc,3,"and 3",0.22,5.0974,5.7711,3,3,2026-10-07T05:23:07+02:00
a64fx,simde,256,main_scan_enc,3,"and 3",0.22,5.0705,5.7076,3,3,2026-10-07T05:23:07+02:00
a64fx,simde,256,main_scan_enc,3,"and 3",0.22,5.0595,5.8003,3,3,2026-10-07T05:23:07+02:00
a64fx,simde,256,main_scan_enc,3,"and 1",0.02,12.0071,12.8002,3,3,2026-10-07T05:23:07+02:00
a64fx,simde,256,main_scan_enc,3,"and 1",0.02,11.6090,12.6384,3,3,2026-10-07T05:23:07+02:00
a64fx,simde,256,main_scan_enc,3,"and 1",0.02,12.0225,12.8869,3,3,2026-10-07T05:23:07+02:00
a64fx,simde,256,main_scan_enc,3,"and 1",0.02,11.7641,12.5164,3,3,2026-10-07T05:23:07+02:00
a64fx,simde,256,main_scan_enc,3,"and 1",0.02,12.0301,12.9710,3,3,2026-10-07T05:23:07+02:00
a64fx,simde,256,main_scan_enc,3,"and 2",0.14,6.8698,6.8145,3,3,2026-10-07T05:23:07+02:00
a64fx,simde,256,main_scan_enc,3,"and 2",0.14,6.8927,6.9631,3,3,2026-10-07T05:23:07+02:00
a64fx,simde,256,main_scan_enc,3,"and 2",0.14,7.0076,6.8139,3,3,2026-10-07T05:23:07+02:00
a64fx,simde,256,main_scan_enc,3,"and 2",0.14,6.8392,6.8767,3,3,2026-10-07T05:23:07+02:00
a64fx,simde,256,main_scan_enc,3,"and 2",0.14,6.8458,6.8622,3,3,2026-10-07T05:23:07+02:00
a64fx,simde,256,main_scan_enc,3,"and 3",0.27,4.2935,5.1987,3,3,2026-10-07T05:23:07+02:00
a64fx,simde,256,main_scan_enc,3,"and 3",0.27,4.3081,5.1885,3,3,2026-10-07T05:23:07+02:00
a64fx,simde,256,main_scan_enc,3,"and 3",0.27,4.3002,5.1811,3,3,2026-10-07T05:23:07+02:00
a64fx,simde,256,main_scan_enc,3,"and 3",0.27,4.2782,5.1912,3,3,2026-10-07T05:23:07+02:00
a64fx,simde,256,main_scan_enc,3,"and 3",0.27,4.2721,5.1935,3,3,2026-10-07T05:23:07+02:00
a64fx,simde,256,main_scan_enc,3,"and 1",0.05,12.9784,9.3347,3,3,2026-10-07T05:23:07+02:00
a64fx,simde,256,main_scan_enc,3,"and 1",0.05,12.7948,9.3341,3,3,2026-10-07T05:23:07+02:00
a64fx,simde,256,main_scan_enc,3,"and 1",0.05,12.9903,9.1939,3,3,2026-10-07T05:23:07+02:00
a64fx,simde,256,main_scan_enc,3,"and 1",0.05,12.9891,9.1688,3,3,2026-10-07T05:23:07+02:00
a64fx,simde,256,main_scan_enc,3,"and 1",0.05,12.9916,9.3151,3,3,2026-10-07T05:23:07+02:00
a64fx,simde,256,main_scan_enc,3,"and 2",0.22,5.8163,5.6191,3,3,2026-10-07T05:23:07+02:00
a64fx,simde,256,main_scan_enc,3,"and 2",0.22,5.8033,5.5887,3,3,2026-10-07T05:23:07+02:00
a64fx,simde,256,main_scan_enc,3,"and 2",0.22,5.8726,5.6322,3,3,2026-10-07T05:23:07+02:00
a64fx,simde,256,main_scan_enc,3,"and 2",0.22,5.7874,5.6074,3,3,2026-10-07T05:23:07+02:00
a64fx,simde,256,main_scan_enc,3,"and 2",0.22,5.8622,5.6123,3,3,2026-10-07T05:23:07+02:00
a64fx,simde,256,main_scan_enc,3,"and 3",0.37,3.2986,4.3807,3,3,2026-10-07T05:23:07+02:00
a64fx,simde,256,main_scan_enc,3,"and 3",0.37,3.2149,4.3795,3,3,2026-10-07T05:23:07+02:00
a64fx,simde,256,main_scan_enc,3,"and 3",0.37,3.1966,4.3783,3,3,2026-10-07T05:23:07+02:00
a64fx,simde,256,main_scan_enc,3,"and 3",0.37,3.2155,4.3878,3,3,2026-10-07T05:23:07+02:00
a64fx,simde,256,main_scan_enc,3,"and 3",0.37,3.3002,4.3972,3,3,2026-10-07T05:23:07+02:00
a64fx,simde,256,main_scan_enc,3,"and 1",0.10,10.8148,6.8193,3,3,2026-10-07T05:23:07+02:00
a64fx,simde,256,main_scan_enc,3,"and 1",0.10,10.8196,6.8303,3,3,2026-10-07T05:23:07+02:00
a64fx,simde,256,main_scan_enc,3,"and 1",0.10,10.8004,6.8841,3,3,2026-10-07T05:23:07+02:00
a64fx,simde,256,main_scan_enc,3,"and 1",0.10,10.8129,6.9067,3,3,2026-10-07T05:23:07+02:00
a64fx,simde,256,main_scan_enc,3,"and 1",0.10,10.6165,6.6263,3,3,2026-10-07T05:23:07+02:00
a64fx,simde,256,main_scan_enc,3,"and 2",0.32,4.3504,4.6301,3,3,2026-10-07T05:23:07+02:00
a64fx,simde,256,main_scan_enc,3,"and 2",0.32,4.3633,4.6153,3,3,2026-10-07T05:23:07+02:00
a64fx,simde,256,main_scan_enc,3,"and 2",0.32,4.3728,4.6231,3,3,2026-10-07T05:23:07+02:00
a64fx,simde,256,main_scan_enc,3,"and 2",0.32,4.3662,4.6307,3,3,2026-10-07T05:23:07+02:00
a64fx,simde,256,main_scan_enc,3,"and 2",0.32,4.3849,4.6210,3,3,2026-10-07T05:23:07+02:00
a64fx,simde,256,main_scan_enc,3,"and 3",0.46,2.6102,3.7310,3,3,2026-10-07T05:23:07+02:00
a64fx,simde,256,main_scan_enc,3,"and 3",0.46,2.6056,3.7352,3,3,2026-10-07T05:23:07+02:00
a64fx,simde,256,main_scan_enc,3,"and 3",0.46,2.5927,3.7387,3,3,2026-10-07T05:23:07+02:00
a64fx,simde,256,main_scan_enc,3,"and 3",0.46,2.5947,3.7370,3,3,2026-10-07T05:23:07+02:00
a64fx,simde,256,main_scan_enc,3,"and 3",0.46,2.5282,3.7314,3,3,2026-10-07T05:23:07+02:00
a64fx,simde,256,main_scan_enc,3,"and 1",0.20,7.5878,4.6413,3,3,2026-10-07T05:23:07+02:00
a64fx,simde,256,main_scan_enc,3,"and 1",0.20,7.7022,4.6477,3,3,2026-10-07T05:23:07+02:00
a64fx,simde,256,main_scan_enc,3,"and 1",0.20,7.6234,4.6284,3,3,2026-10-07T05:23:07+02:00
a64fx,simde,256,main_scan_enc,3,"and 1",0.20,7.7083,4.6412,3,3,2026-10-07T05:23:07+02:00
a64fx,simde,256,main_scan_enc,3,"and 1",0.20,7.5961,4.6030,3,3,2026-10-07T05:23:07+02:00
a64fx,simde,256,main_scan_enc,3,"and 2",0.45,3.0810,3.5043,3,3,2026-10-07T05:23:07+02:00
a64fx,simde,256,main_scan_enc,3,"and 2",0.45,2.9554,3.4911,3,3,2026-10-07T05:23:07+02:00
a64fx,simde,256,main_scan_enc,3,"and 2",0.45,3.0823,3.4863,3,3,2026-10-07T05:23:07+02:00
a64fx,simde,256,main_scan_enc,3,"and 2",0.45,3.0988,3.5098,3,3,2026-10-07T05:23:07+02:00
a64fx,simde,256,main_scan_enc,3,"and 2",0.45,3.1004,3.5079,3,3,2026-10-07T05:23:07+02:00
a64fx,simde,256,main_scan_enc,3,"and 3",0.58,2.4290,3.0029,3,3,2026-10-07T05:23:07+02:00
a64fx,simde,256,main_scan_enc,3,"and 3",0.58,2.4310,3.0084,3,3,2026-10-07T05:23:07+02:00
a64fx,simde,256,main_scan_enc,3,"and 3",0.58,2.4309,3.0165,3,3,2026-10-07T05:23:07+02:00
a64fx,simde,256,main_scan_enc,3,"and 3",0.58,2.4358,3.0024,3,3,2026-10-07T05:23:07+02:00
a64fx,simde,256,main_scan_enc,3,"and 3",0.58,2.4318,3.0038,3,3,2026-10-07T05:23:07+02:00
a64fx,simde,256,main_scan_enc,3,"and 1",0.50,4.2695,2.5003,3,3,2026-10-07T05:23:07+02:00
a64fx,simde,256,main_scan_enc,3,"and 1",0.50,4.2701,2.4993,3,3,2026-10-07T05:23:07+02:00
a64fx,simde,256,main_scan_enc,3,"and 1",0.50,4.2685,2.4997,3,3,2026-10-07T05:23:07+02:00
a64fx,simde,256,main_scan_enc,3,"and 1",0.50,4.2560,2.4957,3,3,2026-10-07T05:23:07+02:00
a64fx,simde,256,main_scan_enc,3,"and 1",0.50,4.2648,2.4968,3,3,2026-10-07T05:23:07+02:00
a64fx,simde,256,main_scan_enc,3,"and 2",0.71,3.5686,2.1275,3,3,2026-10-07T05:23:07+02:00
a64fx,simde,256,main_scan_enc,3,"and 2",0.71,3.4088,2.1183,3,3,2026-10-07T05:23:07+02:00
a64fx,simde,256,main_scan_enc,3,"and 2",0.71,3.5680,2.1200,3,3,2026-10-07T05:23:07+02:00
a64fx,simde,256,main_scan_enc,3,"and 2",0.71,3.5699,2.1281,3,3,2026-10-07T05:23:07+02:00
a64fx,simde,256,main_scan_enc,3,"and 2",0.71,3.5567,2.1199,3,3,2026-10-07T05:23:07+02:00
a64fx,simde,256,main_scan_enc,3,"and 3",0.79,3.2306,1.9341,3,3,2026-10-07T05:23:07+02:00
a64fx,simde,256,main_scan_enc,3,"and 3",0.79,3.2312,1.9368,3,3,2026-10-07T05:23:07+02:00
a64fx,simde,256,main_scan_enc,3,"and 3",0.79,3.2196,1.9367,3,3,2026-10-07T05:23:07+02:00
a64fx,simde,256,main_scan_enc,3,"and 3",0.79,3.2230,1.9383,3,3,2026-10-07T05:23:07+02:00
a64fx,simde,256,main_scan_enc,3,"and 3",0.79,3.0678,1.9387,3,3,2026-10-07T05:23:07+02:00
a64fx,simde,256,main_scan_enc,3,"and 1",1.00,15.9973,1.8514,3,3,2026-10-07T05:23:07+02:00
a64fx,simde,256,main_scan_enc,3,"and 1",1.00,16.4665,1.8507,3,3,2026-10-07T05:23:07+02:00
a64fx,simde,256,main_scan_enc,3,"and 1",1.00,16.4749,1.8521,3,3,2026-10-07T05:23:07+02:00
a64fx,simde,256,main_scan_enc,3,"and 1",1.00,11.7944,1.8449,3,3,2026-10-07T05:23:07+02:00
a64fx,simde,256,main_scan_enc,3,"and 1",1.00,16.0358,1.8506,3,3,2026-10-07T05:23:07+02:00
a64fx,simde,256,main_scan_enc,3,"and 2",1.00,9.3019,1.6010,3,3,2026-10-07T05:23:07+02:00
a64fx,simde,256,main_scan_enc,3,"and 2",1.00,9.3855,1.6421,3,3,2026-10-07T05:23:07+02:00
a64fx,simde,256,main_scan_enc,3,"and 2",1.00,9.3678,1.6433,3,3,2026-10-07T05:23:07+02:00
a64fx,simde,256,main_scan_enc,3,"and 2",1.00,9.2163,1.6434,3,3,2026-10-07T05:23:07+02:00
a64fx,simde,256,main_scan_enc,3,"and 2",1.00,9.4099,1.6436,3,3,2026-10-07T05:23:07+02:00
a64fx,simde,256,main_scan_enc,3,"and 3",1.00,6.2236,1.5183,3,3,2026-10-07T05:23:07+02:00
a64fx,simde,256,main_scan_enc,3,"and 3",1.00,6.2196,1.4828,3,3,2026-10-07T05:23:07+02:00
a64fx,simde,256,main_scan_enc,3,"and 3",1.00,6.2523,1.5259,3,3,2026-10-07T05:23:07+02:00
a64fx,simde,256,main_scan_enc,3,"and 3",1.00,6.2856,1.5263,3,3,2026-10-07T05:23:07+02:00
a64fx,simde,256,main_scan_enc,3,"and 3",1.00,6.2437,1.5261,3,3,2026-10-07T05:23:07+02:00
a64fx,simde,512,main_scan_enc,3,"and 1",0.00,18.0763,10.1977,3,3,2026-10-07T05:23:16+02:00
a64fx,simde,512,main_scan_enc,3,"and 1",0.00,17.8478,10.1365,3,3,2026-10-07T05:23:16+02:00
a64fx,simde,512,main_scan_enc,3,"and 1",0.00,18.1687,10.1761,3,3,2026-10-07T05:23:16+02:00
a64fx,simde,512,main_scan_enc,3,"and 1",0.00,18.1610,10.0845,3,3,2026-10-07T05:23:16+02:00
a64fx,simde,512,main_scan_enc,3,"and 1",0.00,18.2141,10.0510,3,3,2026-10-07T05:23:16+02:00
a64fx,simde,512,main_scan_enc,3,"and 2",0.03,14.0524,6.4515,3,3,2026-10-07T05:23:16+02:00
a64fx,simde,512,main_scan_enc,3,"and 2",0.03,14.0216,6.4204,3,3,2026-10-07T05:23:16+02:00
a64fx,simde,512,main_scan_enc,3,"and 2",0.03,14.0471,6.5959,3,3,2026-10-07T05:23:16+02:00
a64fx,simde,512,main_scan_enc,3,"and 2",0.03,13.5030,6.5395,3,3,2026-10-07T05:23:16+02:00
a64fx,simde,512,main_scan_enc,3,"and 2",0.03,13.9726,6.5356,3,3,2026-10-07T05:23:16+02:00
a64fx,simde,512,main_scan_enc,3,"and 3",0.10,7.7964,4.4979,3,3,2026-10-07T05:23:16+02:00
a64fx,simde,512,main_scan_enc,3,"and 3",0.10,7.6619,4.4800,3,3,2026-10-07T05:23:16+02:00
a64fx,simde,512,main_scan_enc,3,"and 3",0.10,7.7066,4.5038,3,3,2026-10-07T05:23:16+02:00
a64fx,simde,512,main_scan_enc,3,"and 3",0.10,7.8024,4.5076,3,3,2026-10-07T05:23:16+02:00
a64fx,simde,512,main_scan_enc,3,"and 3",0.10,7.6286,4.5000,3,3,2026-10-07T05:23:16+02:00
a64fx,simde,512,main_scan_enc,3,"and 1",0.00,16.8212,9.8549,3,3,2026-10-07T05:23:16+02:00
a64fx,simde,512,main_scan_enc,3,"and 1",0.00,17.2654,9.9764,3,3,2026-10-07T05:23:16+02:00
a64fx,simde,512,main_scan_enc,3,"and 1",0.00,17.2303,9.8987,3,3,2026-10-07T05:23:16+02:00
a64fx,simde,512,main_scan_enc,3,"and 1",0.00,17.0943,9.9831,3,3,2026-10-07T05:23:16+02:00
a64fx,simde,512,main_scan_enc,3,"and 1",0.00,16.7284,9.6706,3,3,2026-10-07T05:23:16+02:00
a64fx,simde,512,main_scan_enc,3,"and 2",0.04,12.6481,6.0040,3,3,2026-10-07T05:23:16+02:00
a64fx,simde,512,main_scan_enc,3,"and 2",0.04,12.3122,5.9381,3,3,2026-10-07T05:23:16+02:00
a64fx,simde,512,main_scan_enc,3,"and 2",0.04,12.4425,5.8761,3,3,2026-10-07T05:23:16+02:00
a64fx,simde,512,main_scan_enc,3,"and 2",0.04,12.2334,5.9351,3,3,2026-10-07T05:23:16+02:00
a64fx,simde,512,main_scan_enc,3,"and 2",0.04,12.6170,5.9549,3,3,2026-10-07T05:23:16+02:00
a64fx,simde,512,main_scan_enc,3,"and 3",0.13,6.9025,4.2764,3,3,2026-10-07T05:23:16+02:00
a64fx,simde,512,main_scan_enc,3,"and 3",0.13,6.9461,4.2878,3,3,2026-10-07T05:23:16+02:00
a64fx,simde,512,main_scan_enc,3,"and 3",0.13,7.0142,4.2613,3,3,2026-10-07T05:23:16+02:00
a64fx,simde,512,main_scan_enc,3,"and 3",0.13,6.9455,4.2895,3,3,2026-10-07T05:23:16+02:00
a64fx,simde,512,main_scan_enc,3,"and 3",0.13,6.9393,4.2930,3,3,2026-10-07T05:23:16+02:00
a64fx,simde,512,main_scan_enc,3,"and 1",0.01,15.2082,9.4711,3,3,2026-10-07T05:23:16+02:00
a64fx,simde,512,main_scan_enc,3,"and 1",0.01,15.2235,9.3624,3,3,2026-10-07T05:23:16+02:00
a64fx,simde,512,main_scan_enc,3,"and 1",0.01,15.1890,9.4779,3,3,2026-10-07T05:23:16+02:00
a64fx,simde,512,main_scan_enc,3,"and 1",0.01,15.2314,9.2620,3,3,2026-10-07T05:23:16+02:00
a64fx,simde,512,main_scan_enc,3,"and 1",0.01,15.1730,9.3494,3,3,2026-10-07T05:23:16+02:00
a64fx,simde,512,main_scan_enc,3,"and 2",0.07,10.2598,5.1601,3,3,2026-10-07T05:23:16+02:00
a64fx,simde,512,main_scan_enc,3,"and 2",0.07,9.9677,5.1495,3,3,2026-10-07T05:23:16+02:00
a64fx,simde,512,main_scan_enc,3,"and 2",0.07,10.0926,5.1102,3,3,2026-10-07T05:23:16+02:00
a64fx,simde,512,main_scan_enc,3,"and 2",0.07,9.9728,5.1511,3,3,2026-10-07T05:23:16+02:00
a64fx,simde,512,main_scan_enc,3,"and 2",0.07,10.0682,5.1846,3,3,2026-10-07T05:23:16+02:00
a64fx,simde,512,main_scan_enc,3,"and 3",0.17,6.0974,4.0499,3,3,2026-10-07T05:23:16+02:00
a64fx,simde,512,main_scan_enc,3,"and 3",0.17,6.0310,4.0378,3,3,2026-10-07T05:23:16+02:00
a64fx,simde,512,main_scan_enc,3,"and 3",0.17,6.0351,4.0105,3,3,2026-10-07T05:23:16+02:00
a64fx,simde,512,main_scan_enc,3,"and 3",0.17,6.0893,4.0331,3,3,2026-10-07T05:23:16+02:00
a64fx,simde,512,main_scan_enc,3,"and 3",0.17,6.0035,4.0406,3,3,2026-10-07T05:23:16+02:00
a64fx,simde,512,main_scan_enc,3,"and 1",0.01,13.3097,8.8317,3,3,2026-10-07T05:23:16+02:00
a64fx,simde,512,main_scan_enc,3,"and 1",0.01,13.0587,8.6986,3,3,2026-10-07T05:23:16+02:00
a64fx,simde,512,main_scan_enc,3,"and 1",0.01,13.2737,8.7118,3,3,2026-10-07T05:23:16+02:00
a64fx,simde,512,main_scan_enc,3,"and 1",0.01,13.2691,8.8276,3,3,2026-10-07T05:23:16+02:00
a64fx,simde,512,main_scan_enc,3,"and 1",0.01,12.9922,8.7120,3,3,2026-10-07T05:23:16+02:00
a64fx,simde,512,main_scan_enc,3,"and 2",0.10,8.3955,4.6266,3,3,2026-10-07T05:23:16+02:00
a64fx,simde,512,main_scan_enc,3,"and 2",0.10,8.3417,4.5505,3,3,2026-10-07T05:23:16+02:00
a64fx,simde,512,main_scan_enc,3,"and 2",0.10,8.3899,4.6591,3,3,2026-10-07T05:23:16+02:00
a64fx,simde,512,main_scan_enc,3,"and 2",0.10,8.4009,4.5982,3,3,2026-10-07T05:23:16+02:00
a64fx,simde,512,main_scan_enc,3,"and 2",0.10,8.1899,4.6208,3,3,2026-10-07T05:23:16+02:00
a64fx,simde,512,main_scan_enc,3,"and 3",0.22,5.0985,3.8444,3,3,2026-10-07T05:23:16+02:00
a64fx,simde,512,main_scan_enc,3,"and 3",0.22,5.0839,3.8307,3,3,2026-10-07T05:23:16+02:00
a64fx,simde,512,main_scan_enc,3,"and 3",0.22,5.0838,3.8198,3,3,2026-10-07T05:23:16+02:00
a64fx,simde,512,main_scan_enc,3,"and 3",0.22,5.0404,3.8456,3,3,2026-10-07T05:23:16+02:00
a64fx,simde,512,main_scan_enc,3,"and 3",0.22,5.0869,3.8101,3,3,2026-10-07T05:23:16+02:00
a64fx,simde,512,main_scan_enc,3,"and 1",0.02,11.7951,7.8176,3,3,2026-10-07T05:23:16+02:00
a64fx,simde,512,main_scan_enc,3,"and 1",0.02,12.0014,7.7913,3,3,2026-10-07T05:23:16+02:00
a64fx,simde,512,main_scan_enc,3,"and 1",0.02,11.9902,7.7767,3,3,2026-10-07T05:23:16+02:00
a64fx,simde,512,main_scan_enc,3,"and 1",0.02,12.0010,7.8803,3,3,2026-10-07T05:23:16+02:00
a64fx,simde,512,main_scan_enc,3,"and 1",0.02,11.6446,7.7270,3,3,2026-10-07T05:23:16+02:00
a64fx,simde,512,main_scan_enc,3,"and 2",0.14,6.8328,4.1455,3,3,2026-10-07T05:23:16+02:00
a64fx,simde,512,main_scan_enc,3,"and 2",0.14,6.9782,4.1571,3,3,2026-10-07T05:23:16+02:00
a64fx,simde,512,main_scan_enc,3,"and 2",0.14,6.9308,4.1302,3,3,2026-10-07T05:23:16+02:00
a64fx,simde,512,main_scan_enc,3,"and 2",0.14,6.9369,4.1122,3,3,2026-10-07T05:23:16+02:00
a64fx,simde,512,main_scan_enc,3,"and 2",0.14,6.9354,4.1570,3,3,2026-10-07T05:23:16+02:00
a64fx,simde,512,main_scan_enc,3,"and 3",0.27,4.2982,3.5636,3,3,2026-10-07T05:23:16+02:00
a64fx,simde,512,main_scan_enc,3,"and 3",0.27,4.2671,3.6053,3,3,2026-10-07T05:23:16+02:00
a64fx,simde,512,main_scan_enc,3,"and 3",0.27,4.3028,3.5952,3,3,2026-10-07T05:23:16+02:00
a64fx,simde,512,main_scan_enc,3,"and 3",0.27,4.3111,3.5620,3,3,2026-10-07T05:23:16+02:00
a64fx,simde,512,main_scan_enc,3,"and 3",0.27,4.2814,3.5831,3,3,2026-10-07T05:23:16+02:00
a64fx,simde,512,main_scan_enc,3,"and 1",0.05,13.0193,6.2916,3,3,2026-10-07T05:23:16+02:00
a64fx,simde,512,main_scan_enc,3,"and 1",0.05,13.0190,6.2843,3,3,2026-10-07T05:23:16+02:00
a64fx,simde,512,main_scan_enc,3,"and 1",0.05,13.0074,6.3837,3,3,2026-10-07T05:23:16+02:00
a64fx,simde,512,main_scan_enc,3,"and 1",0.05,12.6639,6.3451,3,3,2026-10-07T05:23:16+02:00
a64fx,simde,512,main_scan_enc,3,"and 1",0.05,12.7640,6.3032,3,3,2026-10-07T05:23:16+02:00
a64fx,simde,512,main_scan_enc,3,"and 2",0.22,5.7856,3.5875,3,3,2026-10-07T05:23:16+02:00
a64fx,simde,512,main_scan_enc,3,"and 2",0.22,5.8807,3.5831,3,3,2026-10-07T05:23:16+02:00
a64fx,simde,512,main_scan_enc,3,"and 2",0.22,5.8581,3.5917,3,3,2026-10-07T05:23:16+02:00
a64fx,simde,512,main_scan_enc,3,"and 2",0.22,5.8344,3.6059,3,3,2026-10-07T05:23:16+02:00
a64fx,simde,512,main_scan_enc,3,"and 2",0.22,5.8871,3.5863,3,3,2026-10-07T05:23:16+02:00
a64fx,simde,512,main_scan_enc,3,"and 3",0.37,3.3044,3.2239,3,3,2026-10-07T05:23:16+02:00
a64fx,simde,512,main_scan_enc,3,"and 3",0.37,3.2038,3.2347,3,3,2026-10-07T05:23:16+02:00
a64fx,simde,512,main_scan_enc,3,"and 3",0.37,3.2061,3.2202,3,3,2026-10-07T05:23:16+02:00
a64fx,simde,512,main_scan_enc,3,"and 3",0.37,3.2059,3.2239,3,3,2026-10-07T05:23:16+02:00
a64fx,simde,512,main_scan_enc,3,"and 3",0.37,3.2212,3.2338,3,3,2026-10-07T05:23:16+02:00
a64fx,simde,512,main_scan_enc,3,"and 1",0.10,10.6561,5.1936,3,3,2026-10-07T05:23:16+02:00
a64fx,simde,512,main_scan_enc,3,"and 1",0.10,10.8208,5.1164,3,3,2026-10-07T05:23:16+02:00
a64fx,simde,512,main_scan_enc,3,"and 1",0.10,10.8238,5.1532,3,3,2026-10-07T05:23:16+02:00
a64fx,simde,512,main_scan_enc,3,"and 1",0.10,10.8183,5.1450,3,3,2026-10-07T05:23:16+02:00
a64fx,simde,512,main_scan_enc,3,"and 1",0.10,10.5934,5.1245,3,3,2026-10-07T05:23:16+02:00
a64fx,simde,512,main_scan_enc,3,"and 2",0.32,4.3589,3.1582,3,3,2026-10-07T05:23:16+02:00
a64fx,simde,512,main_scan_enc,3,"and 2",0.32,4.3857,3.1985,3,3,2026-10-07T05:23:16+02:00
a64fx,simde,512,main_scan_enc,3,"and 2",0.32,4.3815,3.1757,3,3,2026-10-07T05:23:16+02:00
a64fx,simde,512,main_scan_enc,3,"and 2",0.32,4.3637,3.1741,3,3,2026-10-07T05:23:16+02:00
a64fx,simde,512,main_scan_enc,3,"and 2",0.32,4.3497,3.1823,3,3,2026-10-07T05:23:16+02:00
a64fx,simde,512,main_scan_enc,3,"and 3",0.46,2.6036,2.8434,3,3,2026-10-07T05:23:16+02:00
a64fx,simde,512,main_scan_enc,3,"and 3",0.46,2.5841,2.8880,3,3,2026-10-07T05:23:16+02:00
a64fx,simde,512,main_scan_enc,3,"and 3",0.46,2.5782,2.8718,3,3,2026-10-07T05:23:16+02:00
a64fx,simde,512,main_scan_enc,3,"and 3",0.46,2.6014,2.8737,3,3,2026-10-07T05:23:16+02:00
a64fx,simde,512,main_scan_enc,3,"and 3",0.46,2.5961,2.8789,3,3,2026-10-07T05:23:16+02:00
a64fx,simde,512,main_scan_enc,3,"and 1",0.20,7.6220,3.8404,3,3,2026-10-07T05:23:16+02:00
a64fx,simde,512,main_scan_enc,3,"and 1",0.20,7.7342,3.8318,3,3,2026-10-07T05:23:16+02:00
a64fx,simde,512,main_scan_enc,3,"and 1",0.20,7.6438,3.8191,3,3,2026-10-07T05:23:16+02:00
a64fx,simde,512,main_scan_enc,3,"and 1",0.20,7.7222,3.8362,3,3,2026-10-07T05:23:16+02:00
a64fx,simde,512,main_scan_enc,3,"and 1",0.20,7.6104,3.8200,3,3,2026-10-07T05:23:16+02:00
a64fx,simde,512,main_scan_enc,3,"and 2",0.45,3.1059,2.6168,3,3,2026-10-07T05:23:16+02:00
a64fx,simde,512,main_scan_enc,3,"and 2",0.45,3.0848,2.6148,3,3,2026-10-07T05:23:16+02:00
a64fx,simde,512,main_scan_enc,3,"and 2",0.45,3.0873,2.6207,3,3,2026-10-07T05:23:16+02:00
a64fx,simde,512,main_scan_enc,3,"and 2",0.45,3.0855,2.6197,3,3,2026-10-07T05:23:16+02:00
a64fx,simde,512,main_scan_enc,3,"and 2",0.45,3.0972,2.6252,3,3,2026-10-07T05:23:16+02:00
a64fx,simde,512,main_scan_enc,3,"and 3",0.58,2.4339,2.4307,3,3,2026-10-07T05:23:16+02:00
a64fx,simde,512,main_scan_enc,3,"and 3",0.58,2.4381,2.4354,3,3,2026-10-07T05:23:16+02:00
a64fx,simde,512,main_scan_enc,3,"and 3",0.58,2.4374,2.4306,3,3,2026-10-07T05:23:16+02:00
a64fx,simde,512,main_scan_enc,3,"and 3",0.58,2.4353,2.4445,3,3,2026-10-07T05:23:16+02:00
a64fx,simde,512,main_scan_enc,3,"and 3",0.58,2.4232,2.4298,3,3,2026-10-07T05:23:16+02:00
a64fx,simde,512,main_scan_enc,3,"and 1",0.50,4.2588,2.3846,3,3,2026-10-07T05:23:16+02:00
a64fx,simde,512,main_scan_enc,3,"and 1",0.50,4.2606,2.3834,3,3,2026-10-07T05:23:16+02:00
a64fx,simde,512,main_scan_enc,3,"and 1",0.50,4.2698,2.3915,3,3,2026-10-07T05:23:16+02:00
a64fx,simde,512,main_scan_enc,3,"and 1",0.50,4.2701,2.3838,3,3,2026-10-07T05:23:16+02:00
a64fx,simde,512,main_scan_enc,3,"and 1",0.50,4.2810,2.3882,3,3,2026-10-07T05:23:16+02:00
a64fx,simde,512,main_scan_enc,3,"and 2",0.71,3.5785,1.8588,3,3,2026-10-07T05:23:16+02:00
a64fx,simde,512,main_scan_enc,3,"and 2",0.71,3.5641,1.8581,3,3,2026-10-07T05:23:16+02:00
a64fx,simde,512,main_scan_enc,3,"and 2",0.71,3.5801,1.8541,3,3,2026-10-07T05:23:16+02:00
a64fx,simde,512,main_scan_enc,3,"and 2",0.71,3.5593,1.8449,3,3,2026-10-07T05:23:16+02:00
a64fx,simde,512,main_scan_enc,3,"and 2",0.71,3.5782,1.8526,3,3,2026-10-07T05:23:16+02:00
a64fx,simde,512,main_scan_enc,3,"and 3",0.79,3.2424,1.7649,3,3,2026-10-07T05:23:16+02:00
a64fx,simde,512,main_scan_enc,3,"and 3",0.79,3.2391,1.7585,3,3,2026-10-07T05:23:16+02:00
a64fx,simde,512,main_scan_enc,3,"and 3",0.79,3.2301,1.7619,3,3,2026-10-07T05:23:16+02:00
a64fx,simde,512,main_scan_enc,3,"and 3",0.79,3.2360,1.7287,3,3,2026-10-07T05:23:16+02:00
a64fx,simde,512,main_scan_enc,3,"and 3",0.79,3.2395,1.7640,3,3,2026-10-07T05:23:16+02:00
a64fx,simde,512,main_scan_enc,3,"and 1",1.00,16.5107,2.4288,3,3,2026-10-07T05:23:16+02:00
a64fx,simde,512,main_scan_enc,3,"and 1",1.00,16.6029,2.4223,3,3,2026-10-07T05:23:16+02:00
a64fx,simde,512,main_scan_enc,3,"and 1",1.00,16.5435,2.4247,3,3,2026-10-07T05:23:16+02:00
a64fx,simde,512,main_scan_enc,3,"and 1",1.00,16.1465,2.4301,3,3,2026-10-07T05:23:16+02:00
a64fx,simde,512,main_scan_enc,3,"and 1",1.00,16.5706,2.4343,3,3,2026-10-07T05:23:16+02:00
a64fx,simde,512,main_scan_enc,3,"and 2",1.00,9.4092,1.8740,3,3,2026-10-07T05:23:16+02:00
a64fx,simde,512,main_scan_enc,3,"and 2",1.00,9.2305,1.8821,3,3,2026-10-07T05:23:16+02:00
a64fx,simde,512,main_scan_enc,3,"and 2",1.00,9.2971,1.8823,3,3,2026-10-07T05:23:16+02:00
a64fx,simde,512,main_scan_enc,3,"and 2",1.00,9.1597,1.8795,3,3,2026-10-07T05:23:16+02:00
a64fx,simde,512,main_scan_enc,3,"and 2",1.00,9.2538,1.8846,3,3,2026-10-07T05:23:16+02:00
a64fx,simde,512,main_scan_enc,3,"and 3",1.00,6.2188,1.7825,3,3,2026-10-07T05:23:16+02:00
a64fx,simde,512,main_scan_enc,3,"and 3",1.00,6.2377,1.7835,3,3,2026-10-07T05:23:16+02:00
a64fx,simde,512,main_scan_enc,3,"and 3",1.00,6.2881,1.7768,3,3,2026-10-07T05:23:16+02:00
a64fx,simde,512,main_scan_enc,3,"and 3",1.00,6.2372,1.7804,3,3,2026-10-07T05:23:16+02:00
a64fx,simde,512,main_scan_enc,3,"and 3",1.00,6.1779,1.7808,3,3,2026-10-07T05:23:16+02:00
a64fx,simde,128,main_gather,3,"gather_byte",100.00,0.065357,0.065357,3,3,2026-10-07T05:23:53+02:00
a64fx,simde,128,main_gather,3,"gather_short",100.00,0.045541,0.045541,3,3,2026-10-07T05:23:53+02:00
a64fx,simde,128,main_gather,3,"gather_int",100.00,0.066075,0.066075,3,3,2026-10-07T05:23:53+02:00
a64fx,simde,128,main_gather,3,"gather_long",100.00,0.060642,0.060642,3,3,2026-10-07T05:23:53+02:00
a64fx,simde,128,main_gather,3,"gather_char",100.00,0.012424,0.012424,3,3,2026-10-07T05:23:53+02:00
a64fx,simde,128,main_gather,3,"gather_encoded",100.00,0.033962,0.033962,3,3,2026-10-07T05:23:53+02:00
a64fx,simde,128,main_gather,3,"copy_encoded",100.00,0.242662,0.242662,3,3,2026-10-07T05:23:53+02:00
a64fx,simde,256,main_gather,3,"gather_byte",100.00,0.056932,0.056932,3,3,2026-10-07T05:28:39+02:00
a64fx,simde,256,main_gather,3,"gather_short",100.00,0.060373,0.060373,3,3,2026-10-07T05:28:39+02:00
a64fx,simde,256,main_gather,3,"gather_int",100.00,0.064056,0.064056,3,3,2026-10-07T05:28:39+02:00
a64fx,simde,256,main_gather,3,"gather_long",100.00,0.061976,0.061976,3,3,2026-10-07T05:28:39+02:00
a64fx,simde,256,main_gather,3,"gather_char",100.00,0.007037,0.007037,3,3,2026-10-07T05:28:39+02:00
a64fx,simde,256,main_gather,3,"gather_encoded",100.00,0.050163,0.050163,3,3,2026-10-07T05:28:39+02:00
a64fx,simde,256,main_gather,3,"copy_encoded",100.00,0.583288,0.583288,3,3,2026-10-07T05:28:39+02:00
a64fx,simde,512,main_gather,3,"gather_byte",100.00,0.052439,0.052439,3,3,2026-10-07T05:33:21+02:00
a64fx,simde,512,main_gather,3,"gather_short",100.00,0.047415,0.047415,3,3,2026-10-07T05:33:21+02:00
a64fx,simde,512,main_gather,3,"gather_int",100.00,0.053953,0.053953,3,3,2026-10-07T05:33:21+02:00
a64fx,simde,512,main_gather,3,"gather_long",100.00,0.050557,0.050557,3,3,2026-10-07T05:33:21+02:00
a64fx,simde,512,main_gather,3,"gather_char",100.00,0.014685,0.014685,3,3,2026-10-07T05:33:21+02:00
a64fx,simde,512,main_gather,3,"gather_encoded",100.00,0.025338,0.025338,3,3,2026-10-07T05:33:21+02:00
a64fx,simde,512,main_gather,3,"copy_encoded",100.00,0.434910,0.434910,3,3,2026-10-07T05:33:21+02:00
a64fx,simde,128,main_hash,3,"jenkins_hash",100.00,0.003745,0.003745,3,3,2026-10-07T05:52:09+02:00
a64fx,simde,128,main_hash,3,"fnv_hash",100.00,0.005037,0.005037,3,3,2026-10-07T05:52:09+02:00
a64fx,simde,128,main_hash,3,"murmur_hash",100.00,0.009298,0.009298,3,3,2026-10-07T05:52:09+02:00
a64fx,simde,256,main_hash,3,"jenkins_hash",100.00,0.003961,0.003961,3,3,2026-10-07T05:53:45+02:00
a64fx,simde,256,main_hash,3,"fnv_hash",100.00,0.005113,0.005113,3,3,2026-10-07T05:53:45+02:00
a64fx,simde,256,main_hash,3,"murmur_hash",100.00,0.010020,0.010020,3,3,2026-10-07T05:53:45+02:00
a64fx,simde,512,main_hash,3,"jenkins_hash",100.00,0.002699,0.002699,3,3,2026-10-07T05:55:20+02:00
a64fx,simde,512,main_hash,3,"fnv_hash",100.00,0.001930,0.001930,3,3,2026-10-07T05:55:20+02:00
a64fx,simde,512,main_hash,3,"murmur_hash",100.00,0.002644,0.002644,3,3,2026-10-07T05:55:20+02:00
a64fx,simde,128,main_select,3,"select_byte",100.00,0.384514,0.384514,3,3,2026-10-07T06:01:50+02:00
a64fx,simde,128,main_select,3,"select_short",100.00,0.410966,0.410966,3,3,2026-10-07T06:01:50+02:00
a64fx,simde,128,main_select,3,"select_int",100.00,0.458038,0.458038,3,3,2026-10-07T06:01:50+02:00
a64fx,simde,128,main_select,3,"select_long",100.00,0.175472,0.175472,3,3,2026-10-07T06:01:50+02:00
a64fx,simde,128,main_select,3,"select_float",100.00,0.423279,0.423279,3,3,2026-10-07T06:01:50+02:00
a64fx,simde,128,main_select,3,"select_double",100.00,0.151992,0.151992,3,3,2026-10-07T06:01:50+02:00
a64fx,simde,128,main_select,3,"select_char",100.00,0.026333,0.026333,3,3,2026-10-07T06:01:50+02:00
a64fx,simde,128,main_select,3,"select_encoded",100.00,0.169874,0.169874,3,3,2026-10-07T06:01:50+02:00
a64fx,simde,256,main_select,3,"select_byte",100.00,0.417472,0.417472,3,3,2026-10-07T06:04:48+02:00
a64fx,simde,256,main_select,3,"select_short",100.00,0.424144,0.424144,3,3,2026-10-07T06:04:48+02:00
a64fx,simde,256,main_select,3,"select_int",100.00,0.436505,0.436505,3,3,2026-10-07T06:04:48+02:00
a64fx,simde,256,main_select,3,"select_long",100.00,0.086380,0.086380,3,3,2026-10-07T06:04:48+02:00
a64fx,simde,256,main_select,3,"select_float",100.00,0.415954,0.415954,3,3,2026-10-07T06:04:48+02:00
a64fx,simde,256,main_select,3,"select_double",100.00,0.075592,0.075592,3,3,2026-10-07T06:04:48+02:00
a64fx,simde,256,main_select,3,"select_char",100.00,0.015070,0.015070,3,3,2026-10-07T06:04:48+02:00
a64fx,simde,256,main_select,3,"select_encoded",100.00,0.269165,0.269165,3,3,2026-10-07T06:04:48+02:00
a64fx,simde,512,main_select,3,"select_byte",100.00,0.420790,0.420790,3,3,2026-10-07T06:08:29+02:00
a64fx,simde,512,main_select,3,"select_short",100.00,0.435857,0.435857,3,3,2026-10-07T06:08:29+02:00
a64fx,simde,512,main_select,3,"select_int",100.00,0.433932,0.433932,3,3,2026-10-07T06:08:29+02:00
a64fx,simde,512,main_select,3,"select_long",100.00,0.084627,0.084627,3,3,2026-10-07T06:08:29+02:00
a64fx,simde,512,main_select,3,"select_float",100.00,0.402683,0.402683,3,3,2026-10-07T06:08:29+02:00
a64fx,simde,512,main_select,3,"select_double",100.00,0.072703,0.072703,3,3,2026-10-07T06:08:29+02:00
a64fx,simde,512,main_select,3,"select_char",100.00,0.021283,0.021283,3,3,2026-10-07T06:08:29+02:00
a64fx,simde,512,main_select,3,"select_encoded",100.00,0.248635,0.248635,3,3,2026-10-07T06:08:29+02:00
a64fx,simde,128,main_filter,3,"filter_byte_eq",100.00,0.023427,0.023427,3,3,2026-10-07T06:18:00+02:00
a64fx,simde,128,main_filter,3,"filter_byte_lt",100.00,0.014997,0.014997,3,3,2026-10-07T06:18:00+02:00
a64fx,simde,128,main_filter,3,"filter_byte_gt",100.00,0.015045,0.015045,3,3,2026-10-07T06:18:00+02:00
a64fx,simde,128,main_filter,3,"filter_byte_ne",100.00,0.013157,0.013157,3,3,2026-10-07T06:18:00+02:00
a64fx,simde,128,main_filter,3,"filter_byte_le",100.00,0.015008,0.015008,3,3,2026-10-07T06:18:00+02:00
a64fx,simde,128,main_filter,3,"filter_byte_ge",100.00,0.015000,0.015000,3,3,2026-10-07T06:18:00+02:00
a64fx,simde,128,main_filter,3,"filter_short_eq",100.00,0.022446,0.022446,3,3,2026-10-07T06:18:00+02:00
a64fx,simde,128,main_filter,3,"filter_short_lt",100.00,0.014718,0.014718,3,3,2026-10-07T06:18:00+02:00
a64fx,simde,128,main_filter,3,"filter_short_gt",100.00,0.014768,0.014768,3,3,2026-10-07T06:18:00+02:00
a64fx,simde,128,main_filter,3,"filter_short_ne",100.00,0.012045,0.012045,3,3,2026-10-07T06:18:00+02:00
a64fx,simde,128,main_filter,3,"filter_short_le",100.00,0.014623,0.014623,3,3,2026-10-07T06:18:00+02:00
a64fx,simde,128,main_filter,3,"filter_short_ge",100.00,0.014729,0.014729,3,3,2026-10-07T06:18:00+02:00
a64fx,simde,128,main_filter,3,"filter_int_eq",100.00,0.021618,0.021618,3,3,2026-10-07T06:18:00+02:00
a64fx,simde,128,main_filter,3,"filter_int_lt",100.00,0.014380,0.014380,3,3,2026-10-07T06:18:00+02:00
a64fx,simde,128,main_filter,3,"filter_int_gt",100.00,0.014371,0.014371,3,3,2026-10-07T06:18:00+02:00
a64fx,simde,128,main_filter,3,"filter_int_ne",100.00,0.012634,0.012634,3,3,2026-10-07T06:18:00+02:00
a64fx,simde,128,main_filter,3,"filter_int_le",100.00,0.014215,0.014215,3,3,2026-10-07T06:18:00+02:00
a64fx,simde,128,main_filter,3,"filter_int_ge",100.00,0.014449,0.014449,3,3,2026-10-07T06:18:00+02:00
a64fx,simde,128,main_filter,3,"filter_long_eq",100.00,0.004107,0.004107,3,3,2026-10-07T06:18:00+02:00
a64fx,simde,128,main_filter,3,"filter_long_lt",100.00,0.003738,0.003738,3,3,2026-10-07T06:18:00+02:00
a64fx,simde,128,main_filter,3,"filter_long_gt",100.00,0.003727,0.003727,3,3,2026-10-07T06:18:00+02:00
a64fx,simde,128,main_filter,3,"filter_long_ne",100.00,0.003579,0.003579,3,3,2026-10-07T06:18:00+02:00
a64fx,simde,128,main_filter,3,"filter_long_le",100.00,0.003741,0.003741,3,3,2026-10-07T06:18:00+02:00
a64fx,simde,128,main_filter,3,"filter_long_ge",100.00,0.003733,0.003733,3,3,2026-10-07T06:18:00+02:00
a64fx,simde,128,main_filter,3,"filter_float_eq",100.00,0.020502,0.020502,3,3,2026-10-07T06:18:00+02:00
a64fx,simde,128,main_filter,3,"filter_float_lt",100.00,0.013782,0.013782,3,3,2026-10-07T06:18:00+02:00
a64fx,simde,128,main_filter,3,"filter_float_gt",100.00,0.013815,0.013815,3,3,2026-10-07T06:18:00+02:00
a64fx,simde,128,main_filter,3,"filter_float_ne",100.00,0.012062,0.012062,3,3,2026-10-07T06:18:00+02:00
a64fx,simde,128,main_filter,3,"filter_float_le",100.00,0.013885,0.013885,3,3,2026-10-07T06:18:00+02:00
a64fx,simde,128,main_filter,3,"filter_float_ge",100.00,0.013888,0.013888,3,3,2026-10-07T06:18:00+02:00
a64fx,simde,128,main_filter,3,"filter_double_eq",100.00,0.004087,0.004087,3,3,2026-10-07T06:18:00+02:00
a64fx,simde,128,main_filter,3,"filter_double_lt",100.00,0.003720,0.003720,3,3,2026-10-07T06:18:00+02:00
a64fx,simde,128,main_filter,3,"filter_double_gt",100.00,0.003727,0.003727,3,3,2026-10-07T06:18:00+02:00
a64fx,simde,128,main_filter,3,"filter_double_ne",100.00,0.003586,0.003586,3,3,2026-10-07T06:18:00+02:00
a64fx,simde,128,main_filter,3,"filter_double_le",100.00,0.003727,0.003727,3,3,2026-10-07T06:18:00+02:00
a64fx,simde,128,main_filter,3,"filter_double_ge",100.00,0.003724,0.003724,3,3,2026-10-07T06:18:00+02:00
a64fx,simde,128,main_filter,3,"filter_char_eq",100.00,0.003262,0.003262,3,3,2026-10-07T06:18:00+02:00
a64fx,simde,128,main_filter,3,"filter_char_lt",100.00,0.002679,0.002679,3,3,2026-10-07T06:18:00+02:00
a64fx,simde,128,main_filter,3,"filter_char_gt",100.00,0.002669,0.002669,3,3,2026-10-07T06:18:00+02:00
a64fx,simde,128,main_filter,3,"filter_char_ne",100.00,0.003152,0.003152,3,3,2026-10-07T06:18:00+02:00
a64fx,simde,128,main_filter,3,"filter_char_le",100.00,0.002674,0.002674,3,3,2026-10-07T06:18:00+02:00
a64fx,simde,128,main_filter,3,"filter_char_ge",100.00,0.002685,0.002685,3,3,2026-10-07T06:18:00+02:00
a64fx,simde,256,main_filter,3,"filter_byte_eq",100.00,0.020107,0.020107,3,3,2026-10-07T06:20:47+02:00
a64fx,simde,256,main_filter,3,"filter_byte_lt",100.00,0.013498,0.013498,3,3,2026-10-07T06:20:47+02:00
a64fx,simde,256,main_filter,3,"filter_byte_gt",100.00,0.013466,0.013466,3,3,2026-10-07T06:20:47+02:00
a64fx,simde,256,main_filter,3,"filter_byte_ne",100.00,0.012068,0.012068,3,3,2026-10-07T06:20:47+02:00
a64fx,simde,256,main_filter,3,"filter_byte_le",100.00,0.013478,0.013478,3,3,2026-10-07T06:20:47+02:00
a64fx,simde,256,main_filter,3,"filter_byte_ge",100.00,0.013477,0.013477,3,3,2026-10-07T06:20:47+02:00
a64fx,simde,256,main_filter,3,"filter_short_eq",100.00,0.019546,0.019546,3,3,2026-10-07T06:20:47+02:00
a64fx,simde,256,main_filter,3,"filter_short_lt",100.00,0.013066,0.013066,3,3,2026-10-07T06:20:47+02:00
a64fx,simde,256,main_filter,3,"filter_short_gt",100.00,0.013087,0.013087,3,3,2026-10-07T06:20:47+02:00
a64fx,simde,256,main_filter,3,"filter_short_ne",100.00,0.011851,0.011851,3,3,2026-10-07T06:20:47+02:00
a64fx,simde,256,main_filter,3,"filter_short_le",100.00,0.013101,0.013101,3,3,2026-10-07T06:20:47+02:00
a64fx,simde,256,main_filter,3,"filter_short_ge",100.00,0.013098,0.013098,3,3,2026-10-07T06:20:47+02:00
a64fx,simde,256,main_filter,3,"filter_int_eq",100.00,0.018714,0.018714,3,3,2026-10-07T06:20:47+02:00
a64fx,simde,256,main_filter,3,"filter_int_lt",100.00,0.012720,0.012720,3,3,2026-10-07T06:20:47+02:00
a64fx,simde,256,main_filter,3,"filter_int_gt",100.00,0.012657,0.012657,3,3,2026-10-07T06:20:47+02:00
a64fx,simde,256,main_filter,3,"filter_int_ne",100.00,0.011715,0.011715,3,3,2026-10-07T06:20:47+02:00
a64fx,simde,256,main_filter,3,"filter_int_le",100.00,0.012702,0.012702,3,3,2026-10-07T06:20:47+02:00
a64fx,simde,256,main_filter,3,"filter_int_ge",100.00,0.012705,0.012705,3,3,2026-10-07T06:20:47+02:00
a64fx,simde,256,main_filter,3,"filter_long_eq",100.00,0.003841,0.003841,3,3,2026-10-07T06:20:47+02:00
a64fx,simde,256,main_filter,3,"filter_long_lt",100.00,0.003526,0.003526,3,3,2026-10-07T06:20:47+02:00
a64fx,simde,256,main_filter,3,"filter_long_gt",100.00,0.003523,0.003523,3,3,2026-10-07T06:20:47+02:00
a64fx,simde,256,main_filter,3,"filter_long_ne",100.00,0.003444,0.003444,3,3,2026-10-07T06:20:47+02:00
a64fx,simde,256,main_filter,3,"filter_long_le",100.00,0.003519,0.003519,3,3,2026-10-07T06:20:47+02:00
a64fx,simde,256,main_filter,3,"filter_long_ge",100.00,0.003518,0.003518,3,3,2026-10-07T06:20:47+02:00
a64fx,simde,256,main_filter,3,"filter_float_eq",100.00,0.017256,0.017256,3,3,2026-10-07T06:20:47+02:00
a64fx,simde,256,main_filter,3,"filter_float_lt",100.00,0.012160,0.012160,3,3,2026-10-07T06:20:47+02:00
a64fx,simde,256,main_filter,3,"filter_float_gt",100.00,0.012257,0.012257,3,3,2026-10-07T06:20:47+02:00
a64fx,simde,256,main_filter,3,"filter_float_ne",100.00,0.011195,0.011195,3,3,2026-10-07T06:20:47+02:00
a64fx,simde,256,main_filter,3,"filter_float_le",100.00,0.012186,0.012186,3,3,2026-10-07T06:20:47+02:00
a64fx,simde,256,main_filter,3,"filter_float_ge",100.00,0.012237,0.012237,3,3,2026-10-07T06:20:47+02:00
a64fx,simde,256,main_filter,3,"filter_double_eq",100.00,0.003748,0.003748,3,3,2026-10-07T06:20:47+02:00
a64fx,simde,256,main_filter,3,"filter_double_lt",100.00,0.003422,0.003422,3,3,2026-10-07T06:20:47+02:00
a64fx,simde,256,main_filter,3,"filter_double_gt",100.00,0.003418,0.003418,3,3,2026-10-07T06:20:47+02:00
a64fx,simde,256,main_filter,3,"filter_double_ne",100.00,0.003364,0.003364,3,3,2026-10-07T06:20:47+02:00
a64fx,simde,256,main_filter,3,"filter_double_le",100.00,0.003423,0.003423,3,3,2026-10-07T06:20:47+02:00
a64fx,simde,256,main_filter,3,"filter_double_ge",100.00,0.003423,0.003423,3,3,2026-10-07T06:20:47+02:00
a64fx,simde,256,main_filter,3,"filter_char_eq",100.00,0.003168,0.003168,3,3,2026-10-07T06:20:47+02:00
a64fx,simde,256,main_filter,3,"filter_char_lt",100.00,0.002498,0.002498,3,3,2026-10-07T06:20:47+02:00
a64fx,simde,256,main_filter,3,"filter_char_gt",100.00,0.002500,0.002500,3,3,2026-10-07T06:20:47+02:00
a64fx,simde,256,main_filter,3,"filter_char_ne",100.00,0.003086,0.003086,3,3,2026-10-07T06:20:47+02:00
a64fx,simde,256,main_filter,3,"filter_char_le",100.00,0.002516,0.002516,3,3,2026-10-07T06:20:47+02:00
a64fx,simde,256,main_filter,3,"filter_char_ge",100.00,0.002513,0.002513,3,3,2026-10-07T06:20:47+02:00
a64fx,simde,512,main_filter,3,"filter_byte_eq",100.00,0.020582,0.020582,3,3,2026-10-07T06:23:39+02:00
a64fx,simde,512,main_filter,3,"filter_byte_lt",100.00,0.014441,0.014441,3,3,2026-10-07T06:23:39+02:00
a64fx,simde,512,main_filter,3,"filter_byte_gt",100.00,0.014479,0.014479,3,3,2026-10-07T06:23:39+02:00
a64fx,simde,512,main_filter,3,"filter_byte_ne",100.00,0.013968,0.013968,3,3,2026-10-07T06:23:39+02:00
a64fx,simde,512,main_filter,3,"filter_byte_le",100.00,0.014395,0.014395,3,3,2026-10-07T06:23:39+02:00
a64fx,simde,512,main_filter,3,"filter_byte_ge",100.00,0.014562,0.014562,3,3,2026-10-07T06:23:39+02:00
a64fx,simde,512,main_filter,3,"filter_short_eq",100.00,0.019964,0.019964,3,3,2026-10-07T06:23:39+02:00
a64fx,simde,512,main_filter,3,"filter_short_lt",100.00,0.014226,0.014226,3,3,2026-10-07T06:23:39+02:00
a64fx,simde,512,main_filter,3,"filter_short_gt",100.00,0.014190,0.014190,3,3,2026-10-07T06:23:39+02:00
a64fx,simde,512,main_filter,3,"filter_short_ne",100.00,0.013491,0.013491,3,3,2026-10-07T06:23:39+02:00
a64fx,simde,512,main_filter,3,"filter_short_le",100.00,0.014244,0.014244,3,3,2026-10-07T06:23:39+02:00
a64fx,simde,512,main_filter,3,"filter_short_ge",100.00,0.014209,0.014209,3,3,2026-10-07T06:23:39+02:00
a64fx,simde,512,main_filter,3,"filter_int_eq",100.00,0.019024,0.019024,3,3,2026-10-07T06:23:39+02:00
a64fx,simde,512,main_filter,3,"filter_int_lt",100.00,0.013700,0.013700,3,3,2026-10-07T06:23:39+02:00
a64fx,simde,512,main_filter,3,"filter_int_gt",100.00,0.013691,0.013691,3,3,2026-10-07T06:23:39+02:00
a64fx,simde,512,main_filter,3,"filter_int_ne",100.00,0.013198,0.013198,3,3,2026-10-07T06:23:39+02:00
a64fx,simde,512,main_filter,3,"filter_int_le",100.00,0.013642,0.013642,3,3,2026-10-07T06:23:39+02:00
a64fx,simde,512,main_filter,3,"filter_int_ge",100.00,0.013651,0.013651,3,3,2026-10-07T06:23:39+02:00
a64fx,simde,512,main_filter,3,"filter_long_eq",100.00,0.003936,0.003936,3,3,2026-10-07T06:23:39+02:00
a64fx,simde,512,main_filter,3,"filter_long_lt",100.00,0.003648,0.003648,3,3,2026-10-07T06:23:39+02:00
a64fx,simde,512,main_filter,3,"filter_long_gt",100.00,0.003639,0.003639,3,3,2026-10-07T06:23:39+02:00
a64fx,simde,512,main_filter,3,"filter_long_ne",100.00,0.003612,0.003612,3,3,2026-10-07T06:23:39+02:00
a64fx,simde,512,main_filter,3,"filter_long_le",100.00,0.003645,0.003645,3,3,2026-10-07T06:23:39+02:00
a64fx,simde,512,main_filter,3,"filter_long_ge",100.00,0.003649,0.003649,3,3,2026-10-07T06:23:39+02:00
a64fx,simde,512,main_filter,3,"filter_float_eq",100.00,0.018156,0.018156,3,3,2026-10-07T06:23:39+02:00
a64fx,simde,512,main_filter,3,"filter_float_lt",100.00,0.013051,0.013051,3,3,2026-10-07T06:23:39+02:00
a64fx,simde,512,main_filter,3,"filter_float_gt",100.00,0.012997,0.012997,3,3,2026-10-07T06:23:39+02:00
a64fx,simde,512,main_filter,3,"filter_float_ne",100.00,0.012786,0.012786,3,3,2026-10-07T06:23:39+02:00
a64fx,simde,512,main_filter,3,"filter_float_le",100.00,0.013015,0.013015,3,3,2026-10-07T06:23:39+02:00
a64fx,simde,512,main_filter,3,"filter_float_ge",100.00,0.012966,0.012966,3,3,2026-10-07T06:23:39+02:00
a64fx,simde,512,main_filter,3,"filter_double_eq",100.00,0.003845,0.003845,3,3,2026-10-07T06:23:39+02:00
a64fx,simde,512,main_filter,3,"filter_double_lt",100.00,0.003534,0.003534,3,3,2026-10-07T06:23:39+02:00
a64fx,simde,512,main_filter,3,"filter_double_gt",100.00,0.003535,0.003535,3,3,2026-10-07T06:23:39+02:00
a64fx,simde,512,main_filter,3,"filter_double_ne",100.00,0.003517,0.003517,3,3,2026-10-07T06:23:39+02:00
a64fx,simde,512,main_filter,3,"filter_double_le",100.00,0.003534,0.003534,3,3,2026-10-07T06:23:39+02:00
a64fx,simde,512,main_filter,3,"filter_double_ge",100.00,0.003536,0.003536,3,3,2026-10-07T06:23:39+02:00
a64fx,simde,512,main_filter,3,"filter_char_eq",100.00,0.003198,0.003198,3,3,2026-10-07T06:23:39+02:00
a64fx,simde,512,main_filter,3,"filter_char_lt",100.00,0.002701,0.002701,3,3,2026-10-07T06:23:39+02:00
a64fx,simde,512,main_filter,3,"filter_char_gt",100.00,0.002699,0.002699,3,3,2026-10-07T06:23:39+02:00
a64fx,simde,512,main_filter,3,"filter_char_ne",100.00,0.003144,0.003144,3,3,2026-10-07T06:23:39+02:00
a64fx,simde,512,main_filter,3,"filter_char_le",100.00,0.002718,0.002718,3,3,2026-10-07T06:23:39+02:00
a64fx,simde,512,main_filter,3,"filter_char_ge",100.00,0.002715,0.002715,3,3,2026-10-07T06:23:39+02:00
a64fx,simde,128,main_shuffle,3,"shuffle_offset",100.00,0.020672,0.020672,3,3,2026-10-07T06:34:14+02:00
a64fx,simde,128,main_shuffle,3,"shuffle_byte",100.00,0.188902,0.188902,3,3,2026-10-07T06:34:14+02:00
a64fx,simde,128,main_shuffle,3,"flush_byte",100.00,642.313017,642.313017,3,3,2026-10-07T06:34:14+02:00
a64fx,simde,128,main_shuffle,3,"shuffle_short",100.00,0.143897,0.143897,3,3,2026-10-07T06:34:14+02:00
a64fx,simde,128,main_shuffle,3,"flush_short",100.00,667.882803,667.882803,3,3,2026-10-07T06:34:14+02:00
a64fx,simde,128,main_shuffle,3,"shuffle_int",100.00,0.119975,0.119975,3,3,2026-10-07T06:34:14+02:00
a64fx,simde,128,main_shuffle,3,"flush_int",100.00,744.714050,744.714050,3,3,2026-10-07T06:34:14+02:00
a64fx,simde,128,main_shuffle,3,"shuffle_long",100.00,0.084877,0.084877,3,3,2026-10-07T06:34:14+02:00
a64fx,simde,128,main_shuffle,3,"flush_long",100.00,828.750049,828.750049,3,3,2026-10-07T06:34:14+02:00
a64fx,simde,128,main_shuffle,3,"shuffle_char",100.00,0.008097,0.008097,3,3,2026-10-07T06:34:14+02:00
a64fx,simde,128,main_shuffle,3,"flush_char",100.00,626.504436,626.504436,3,3,2026-10-07T06:34:14+02:00
a64fx,simde,256,main_shuffle,3,"shuffle_offset",100.00,0.017614,0.017614,3,3,2026-10-07T06:42:18+02:00
a64fx,simde,256,main_shuffle,3,"shuffle_byte",100.00,0.168395,0.168395,3,3,2026-10-07T06:42:18+02:00
a64fx,simde,256,main_shuffle,3,"flush_byte",100.00,613.740708,613.740708,3,3,2026-10-07T06:42:18+02:00
a64fx,simde,256,main_shuffle,3,"shuffle_short",100.00,0.137116,0.137116,3,3,2026-10-07T06:42:18+02:00
a64fx,simde,256,main_shuffle,3,"flush_short",100.00,662.387518,662.387518,3,3,2026-10-07T06:42:18+02:00
a64fx,simde,256,main_shuffle,3,"shuffle_int",100.00,0.135775,0.135775,3,3,2026-10-07T06:42:18+02:00
a64fx,simde,256,main_shuffle,3,"flush_int",100.00,698.584943,698.584943,3,3,2026-10-07T06:42:18+02:00
a64fx,simde,256,main_shuffle,3,"shuffle_long",100.00,0.089577,0.089577,3,3,2026-10-07T06:42:18+02:00
a64fx,simde,256,main_shuffle,3,"flush_long",100.00,863.914315,863.914315,3,3,2026-10-07T06:42:18+02:00
a64fx,simde,256,main_shuffle,3,"shuffle_char",100.00,0.008776,0.008776,3,3,2026-10-07T06:42:18+02:00
a64fx,simde,256,main_shuffle,3,"flush_char",100.00,619.496935,619.496935,3,3,2026-10-07T06:42:18+02:00
a64fx,simde,512,main_shuffle,3,"shuffle_offset",100.00,0.016174,0.016174,3,3,2026-10-07T06:50:22+02:00
a64fx,simde,512,main_shuffle,3,"shuffle_byte",100.00,0.174097,0.174097,3,3,2026-10-07T06:50:22+02:00
a64fx,simde,512,main_shuffle,3,"flush_byte",100.00,573.697716,573.697716,3,3,2026-10-07T06:50:22+02:00
a64fx,simde,512,main_shuffle,3,"shuffle_short",100.00,0.126731,0.126731,3,3,2026-10-07T06:50:22+02:00
a64fx,simde,512,main_shuffle,3,"flush_short",100.00,623.595599,623.595599,3,3,2026-10-07T06:50:22+02:00
a64fx,simde,512,main_shuffle,3,"shuffle_int",100.00,0.117510,0.117510,3,3,2026-10-07T06:50:22+02:00
a64fx,simde,512,main_shuffle,3,"flush_int",100.00,705.506047,705.506047,3,3,2026-10-07T06:50:22+02:00
a64fx,simde,512,main_shuffle,3,"shuffle_long",100.00,0.089994,0.089994,3,3,2026-10-07T06:50:22+02:00
a64fx,simde,512,main_shuffle,3,"flush_long",100.00,757.915432,757.915432,3,3,2026-10-07T06:50:22+02:00
a64fx,simde,512,main_shuffle,3,"shuffle_char",100.00,0.012361,0.012361,3,3,2026-10-07T06:50:22+02:00
a64fx,simde,512,main_shuffle,3,"flush_char",100.00,556.427659,556.427659,3,3,2026-10-07T06:50:22+02:00
a64fx,simde,128,main_expr,3,"expr_float/+",100.00,2.467872,2.467872,3,3,2026-10-07T07:21:03+02:00
a64fx,simde,128,main_expr,3,"expr_float/-",100.00,2.572355,2.572355,3,3,2026-10-07T07:21:03+02:00
a64fx,simde,128,main_expr,3,"expr_float/*",100.00,2.200406,2.200406,3,3,2026-10-07T07:21:03+02:00
a64fx,simde,128,main_expr,3,"expr_float//",100.00,0.245238,0.245238,3,3,2026-10-07T07:21:03+02:00
a64fx,simde,128,main_expr,3,"expr_double/+",100.00,1.238037,1.238037,3,3,2026-10-07T07:21:03+02:00
a64fx,simde,128,main_expr,3,"expr_double/-",100.00,1.288542,1.288542,3,3,2026-10-07T07:21:03+02:00
a64fx,simde,128,main_expr,3,"expr_double/*",100.00,1.109344,1.109344,3,3,2026-10-07T07:21:03+02:00
a64fx,simde,128,main_expr,3,"expr_double//",100.00,0.083296,0.083296,3,3,2026-10-07T07:21:03+02:00
a64fx,simde,128,main_expr,3,"expr_decimal/+",100.00,0.734485,0.734485,3,3,2026-10-07T07:21:03+02:00
a64fx,simde,128,main_expr,3,"expr_decimal/-",100.00,0.762242,0.762242,3,3,2026-10-07T07:21:03+02:00
a64fx,simde,128,main_expr,3,"expr_decimal/*",100.00,0.076779,0.076779,3,3,2026-10-07T07:21:03+02:00
a64fx,simde,128,main_expr,3,"expr_decimal//",100.00,0.036960,0.036960,3,3,2026-10-07T07:21:03+02:00
a64fx,simde,256,main_expr,3,"expr_float/+",100.00,4.122588,4.122588,3,3,2026-10-07T07:21:15+02:00
a64fx,simde,256,main_expr,3,"expr_float/-",100.00,4.427083,4.427083,3,3,2026-10-07T07:21:15+02:00
a64fx,simde,256,main_expr,3,"expr_float/*",100.00,4.428546,4.428546,3,3,2026-10-07T07:21:15+02:00
a64fx,simde,256,main_expr,3,"expr_float//",100.00,0.271540,0.271540,3,3,2026-10-07T07:21:15+02:00
a64fx,simde,256,main_expr,3,"expr_double/+",100.00,1.180889,1.180889,3,3,2026-10-07T07:21:15+02:00
a64fx,simde,256,main_expr,3,"expr_double/-",100.00,1.227203,1.227203,3,3,2026-10-07T07:21:15+02:00
a64fx,simde,256,main_expr,3,"expr_double/*",100.00,1.227555,1.227555,3,3,2026-10-07T07:21:15+02:00
a64fx,simde,256,main_expr,3,"expr_double//",100.00,0.089001,0.089001,3,3,2026-10-07T07:21:15+02:00
a64fx,simde,256,main_expr,3,"expr_decimal/+",100.00,0.808308,0.808308,3,3,2026-10-07T07:21:15+02:00
a64fx,simde,256,main_expr,3,"expr_decimal/-",100.00,0.894579,0.894579,3,3,2026-10-07T07:21:15+02:00
a64fx,simde,256,main_expr,3,"expr_decimal/*",100.00,0.069797,0.069797,3,3,2026-10-07T07:21:15+02:00
a64fx,simde,256,main_expr,3,"expr_decimal//",100.00,0.047069,0.047069,3,3,2026-10-07T07:21:15+02:00
a64fx,simde,512,main_expr,3,"expr_float/+",100.00,4.615856,4.615856,3,3,2026-10-07T07:21:27+02:00
a64fx,simde,512,main_expr,3,"expr_float/-",100.00,5.024998,5.024998,3,3,2026-10-07T07:21:27+02:00
a64fx,simde,512,main_expr,3,"expr_float/*",100.00,5.025745,5.025745,3,3,2026-10-07T07:21:27+02:00
a64fx,simde,512,main_expr,3,"expr_float//",100.00,0.290190,0.290190,3,3,2026-10-07T07:21:27+02:00
a64fx,simde,512,main_expr,3,"expr_double/+",100.00,1.257412,1.257412,3,3,2026-10-07T07:21:27+02:00
a64fx,simde,512,main_expr,3,"expr_double/-",100.00,1.316678,1.316678,3,3,2026-10-07T07:21:27+02:00
a64fx,simde,512,main_expr,3,"expr_double/*",100.00,1.318071,1.318071,3,3,2026-10-07T07:21:27+02:00
a64fx,simde,512,main_expr,3,"expr_double//",100.00,0.092685,0.092685,3,3,2026-10-07T07:21:27+02:00
a64fx,simde,512,main_expr,3,"expr_decimal/+",100.00,1.099859,1.099859,3,3,2026-10-07T07:21:27+02:00
a64fx,simde,512,main_expr,3,"expr_decimal/-",100.00,1.447791,1.447791,3,3,2026-10-07T07:21:27+02:00
a64fx,simde,512,main_expr,3,"expr_decimal/*",100.00,0.038698,0.038698,3,3,2026-10-07T07:21:27+02:00
a64fx,simde,512,main_expr,3,"expr_decimal//",100.00,0.027595,0.027595,3,3,2026-10-07T07:21:27+02:00
a64fx,simde,128,main_part,3,"int * 1 | 2^4",,0.7522,0.7522,3,3,2026-10-07T07:22:46+02:00
a64fx,simde,128,main_part,3,"int * 1 | 2^4",,0.7481,0.7481,3,3,2026-10-07T07:22:46+02:00
a64fx,simde,128,main_part,3,"int * 1 | 2^4",,0.7527,0.7527,3,3,2026-10-07T07:22:46+02:00
a64fx,simde,128,main_part,3,"int * 1 | 2^4",,0.7531,0.7531,3,3,2026-10-07T07:22:46+02:00
a64fx,simde,128,main_part,3,"int * 1 | 2^4",,0.7528,0.7528,3,3,2026-10-07T07:22:46+02:00
a64fx,simde,128,main_part,3,"int * 1 | 2^5",,0.6291,0.6291,3,3,2026-10-07T07:22:46+02:00
a64fx,simde,128,main_part,3,"int * 1 | 2^5",,0.7424,0.7424,3,3,2026-10-07T07:22:46+02:00
a64fx,simde,128,main_part,3,"int * 1 | 2^5",,0.7430,0.7430,3,3,2026-10-07T07:22:46+02:00
a64fx,simde,128,main_part,3,"int * 1 | 2^5",,0.7426,0.7426,3,3,2026-10-07T07:22:46+02:00
a64fx,simde,128,main_part,3,"int * 1 | 2^5",,0.7371,0.7371,3,3,2026-10-07T07:22:46+02:00
a64fx,simde,128,main_part,3,"int * 1 | 2^6",,0.7431,0.7431,3,3,2026-10-07T07:22:46+02:00
a64fx,simde,128,main_part,3,"int * 1 | 2^6",,0.7425,0.7425,3,3,2026-10-07T07:22:46+02:00
a64fx,simde,128,main_part,3,"int * 1 | 2^6",,0.7423,0.7423,3,3,2026-10-07T07:22:46+02:00
a64fx,simde,128,main_part,3,"int * 1 | 2^6",,0.7364,0.7364,3,3,2026-10-07T07:22:46+02:00
a64fx,simde,128,main_part,3,"int * 1 | 2^6",,0.7406,0.7406,3,3,2026-10-07T07:22:46+02:00
a64fx,simde,128,main_part,3,"int * 1 | 2^7",,0.7367,0.7367,3,3,2026-10-07T07:22:46+02:00
a64fx,simde,128,main_part,3,"int * 1 | 2^7",,0.7422,0.7422,3,3,2026-10-07T07:22:46+02:00
a64fx,simde,128,main_part,3,"int * 1 | 2^7",,0.7363,0.7363,3,3,2026-10-07T07:22:46+02:00
a64fx,simde,128,main_part,3,"int * 1 | 2^7",,0.7419,0.7419,3,3,2026-10-07T07:22:46+02:00
a64fx,simde,128,main_part,3,"int * 1 | 2^7",,0.7417,0.7417,3,3,2026-10-07T07:22:46+02:00
a64fx,simde,128,main_part,3,"int * 1 | 2^8",,0.7400,0.7400,3,3,2026-10-07T07:22:46+02:00
a64fx,simde,128,main_part,3,"int * 1 | 2^8",,0.7349,0.7349,3,3,2026-10-07T07:22:46+02:00
a64fx,simde,128,main_part,3,"int * 1 | 2^8",,0.7408,0.7408,3,3,2026-10-07T07:22:46+02:00
a64fx,simde,128,main_part,3,"int * 1 | 2^8",,0.7303,0.7303,3,3,2026-10-07T07:22:46+02:00
a64fx,simde,128,main_part,3,"int * 1 | 2^8",,0.7410,0.7410,3,3,2026-10-07T07:22:46+02:00
a64fx,simde,128,main_part,3,"int * 2 | 2^4",,0.6711,0.6711,3,3,2026-10-07T07:22:46+02:00
a64fx,simde,128,main_part,3,"int * 2 | 2^4",,0.6711,0.6711,3,3,2026-10-07T07:22:46+02:00
a64fx,simde,128,main_part,3,"int * 2 | 2^4",,0.6706,0.6706,3,3,2026-10-07T07:22:46+02:00
a64fx,simde,128,main_part,3,"int * 2 | 2^4",,0.6670,0.6670,3,3,2026-10-07T07:22:46+02:00
a64fx,simde,128,main_part,3,"int * 2 | 2^4",,0.6665,0.6665,3,3,2026-10-07T07:22:46+02:00
a64fx,simde,128,main_part,3,"int * 2 | 2^5",,0.6627,0.6627,3,3,2026-10-07T07:22:46+02:00
a64fx,simde,128,main_part,3,"int * 2 | 2^5",,0.6623,0.6623,3,3,2026-10-07T07:22:46+02:00
a64fx,simde,128,main_part,3,"int * 2 | 2^5",,0.6609,0.6609,3,3,2026-10-07T07:22:46+02:00
a64fx,simde,128,main_part,3,"int * 2 | 2^5",,0.6578,0.6578,3,3,2026-10-07T07:22:46+02:00
a64fx,simde,128,main_part,3,"int * 2 | 2^5",,0.6623,0.6623,3,3,2026-10-07T07:22:46+02:00
a64fx,simde,128,main_part,3,"int * 2 | 2^6",,0.6596,0.6596,3,3,2026-10-07T07:22:46+02:00
a64fx,simde,128,main_part,3,"int * 2 | 2^6",,0.6583,0.6583,3,3,2026-10-07T07:22:46+02:00
a64fx,simde,128,main_part,3,"int * 2 | 2^6",,0.6555,0.6555,3,3,2026-10-07T07:22:46+02:00
a64fx,simde,128,main_part,3,"int * 2 | 2^6",,0.6593,0.6593,3,3,2026-10-07T07:22:46+02:00
a64fx,simde,128,main_part,3,"int * 2 | 2^6",,0.6586,0.6586,3,3,2026-10-07T07:22:46+02:00
a64fx,simde,128,main_part,3,"int * 2 | 2^7",,0.6582,0.6582,3,3,2026-10-07T07:22:46+02:00
a64fx,simde,128,main_part,3,"int * 2 | 2^7",,0.6534,0.6534,3,3,2026-10-07T07:22:46+02:00
a64fx,simde,128,main_part,3,"int * 2 | 2^7",,0.6579,0.6579,3,3,2026-10-07T07:22:46+02:00
a64fx,simde,128,main_part,3,"int * 2 | 2^7",,0.6571,0.6571,3,3,2026-10-07T07:22:46+02:00
a64fx,simde,128,main_part,3,"int * 2 | 2^7",,0.6540,0.6540,3,3,2026-10-07T07:22:46+02:00
a64fx,simde,128,main_part,3,"int * 2 | 2^8",,0.6564,0.6564,3,3,2026-10-07T07:22:46+02:00
a64fx,simde,128,main_part,3,"int * 2 | 2^8",,0.6564,0.6564,3,3,2026-10-07T07:22:46+02:00
a64fx,simde,128,main_part,3,"int * 2 | 2^8",,0.6558,0.6558,3,3,2026-10-07T07:22:46+02:00
a64fx,simde,128,main_part,3,"int * 2 | 2^8",,0.6511,0.6511,3,3,2026-10-07T07:22:46+02:00
a64fx,simde,128,main_part,3,"int * 2 | 2^8",,0.6547,0.6547,3,3,2026-10-07T07:22:46+02:00
a64fx,simde,128,main_part,3,"int * 3 | 2^4",,0.6078,0.6078,3,3,2026-10-07T07:22:46+02:00
a64fx,simde,128,main_part,3,"int * 3 | 2^4",,0.6072,0.6072,3,3,2026-10-07T07:22:46+02:00
a64fx,simde,128,main_part,3,"int * 3 | 2^4",,0.6040,0.6040,3,3,2026-10-07T07:22:46+02:00
a64fx,simde,128,main_part,3,"int * 3 | 2^4",,0.6051,0.6051,3,3,2026-10-07T07:22:46+02:00
a64fx,simde,128,main_part,3,"int * 3 | 2^4",,0.6068,0.6068,3,3,2026-10-07T07:22:46+02:00
a64fx,simde,128,main_part,3,"int * 3 | 2^5",,0.5926,0.5926,3,3,2026-10-07T07:22:46+02:00
a64fx,simde,128,main_part,3,"int * 3 | 2^5",,0.5946,0.5946,3,3,2026-10-07T07:22:46+02:00
a64fx,simde,128,main_part,3,"int * 3 | 2^5",,0.5887,0.5887,3,3,2026-10-07T07:22:46+02:00
a64fx,simde,128,main_part,3,"int * 3 | 2^5",,0.5941,0.5941,3,3,2026-10-07T07:22:46+02:00
a64fx,simde,128,main_part,3,"int * 3 | 2^5",,0.5894,0.5894,3,3,2026-10-07T07:22:46+02:00
a64fx,simde,128,main_part,3,"int * 3 | 2^6",,0.5904,0.5904,3,3,2026-10-07T07:22:46+02:00
a64fx,simde,128,main_part,3,"int * 3 | 2^6",,0.5923,0.5923,3,3,2026-10-07T07:22:46+02:00
a64fx,simde,128,main_part,3,"int * 3 | 2^6",,0.5891,0.5891,3,3,2026-10-07T07:22:46+02:00
a64fx,simde,128,main_part,3,"int * 3 | 2^6",,0.5922,0.5922,3,3,2026-10-07T07:22:46+02:00
a64fx,simde,128,main_part,3,"int * 3 | 2^6",,0.5890,0.5890,3,3,2026-10-07T07:22:46+02:00
a64fx,simde,128,main_part,3,"int * 3 | 2^7",,0.5880,0.5880,3,3,2026-10-07T07:22:46+02:00
a64fx,simde,128,main_part,3,"int * 3 | 2^7",,0.5863,0.5863,3,3,2026-10-07T07:22:46+02:00
a64fx,simde,128,main_part,3,"int * 3 | 2^7",,0.5889,0.5889,3,3,2026-10-07T07:22:46+02:00
a64fx,simde,128,main_part,3,"int * 3 | 2^7",,0.5904,0.5904,3,3,2026-10-07T07:22:46+02:00
a64fx,simde,128,main_part,3,"int * 3 | 2^7",,0.5869,0.5869,3,3,2026-10-07T07:22:46+02:00
a64fx,simde,128,main_part,3,"int * 3 | 2^8",,0.5817,0.5817,3,3,2026-10-07T07:22:46+02:00
a64fx,simde,128,main_part,3,"int * 3 | 2^8",,0.5805,0.5805,3,3,2026-10-07T07:22:46+02:00
a64fx,simde,128,main_part,3,"int * 3 | 2^8",,0.5791,0.5791,3,3,2026-10-07T07:22:46+02:00
a64fx,simde,128,main_part,3,"int * 3 | 2^8",,0.5721,0.5721,3,3,2026-10-07T07:22:46+02:00
a64fx,simde,128,main_part,3,"int * 3 | 2^8",,0.5734,0.5734,3,3,2026-10-07T07:22:46+02:00
a64fx,simde,256,main_part,3,"int * 1 | 2^4",,0.6472,0.6472,3,3,2026-10-07T07:22:54+02:00
a64fx,simde,256,main_part,3,"int * 1 | 2^4",,0.6435,0.6435,3,3,2026-10-07T07:22:54+02:00
a64fx,simde,256,main_part,3,"int * 1 | 2^4",,0.6416,0.6416,3,3,2026-10-07T07:22:54+02:00
a64fx,simde,256,main_part,3,"int * 1 | 2^4",,0.6471,0.6471,3,3,2026-10-07T07:22:54+02:00
a64fx,simde,256,main_part,3,"int * 1 | 2^4",,0.6470,0.6470,3,3,2026-10-07T07:22:54+02:00
a64fx,simde,256,main_part,3,"int * 1 | 2^5",,0.6407,0.6407,3,3,2026-10-07T07:22:54+02:00
a64fx,simde,256,main_part,3,"int * 1 | 2^5",,0.6349,0.6349,3,3,2026-10-07T07:22:54+02:00
a64fx,simde,256,main_part,3,"int * 1 | 2^5",,0.6407,0.6407,3,3,2026-10-07T07:22:54+02:00
a64fx,simde,256,main_part,3,"int * 1 | 2^5",,0.6390,0.6390,3,3,2026-10-07T07:22:54+02:00
a64fx,simde,256,main_part,3,"int * 1 | 2^5",,0.6406,0.6406,3,3,2026-10-07T07:22:54+02:00
a64fx,simde,256,main_part,3,"int * 1 | 2^6",,0.6365,0.6365,3,3,2026-10-07T07:22:54+02:00
a64fx,simde,256,main_part,3,"int * 1 | 2^6",,0.6378,0.6378,3,3,2026-10-07T07:22:54+02:00
a64fx,simde,256,main_part,3,"int * 1 | 2^6",,0.6348,0.6348,3,3,2026-10-07T07:22:54+02:00
a64fx,simde,256,main_part,3,"int * 1 | 2^6",,0.6338,0.6338,3,3,2026-10-07T07:22:54+02:00
a64fx,simde,256,main_part,3,"int * 1 | 2^6",,0.6395,0.6395,3,3,2026-10-07T07:22:54+02:00
a64fx,simde,256,main_part,3,"int * 1 | 2^7",,0.6382,0.6382,3,3,2026-10-07T07:22:54+02:00
a64fx,simde,256,main_part,3,"int * 1 | 2^7",,0.6374,0.6374,3,3,2026-10-07T07:22:54+02:00
a64fx,simde,256,main_part,3,"int * 1 | 2^7",,0.6335,0.6335,3,3,2026-10-07T07:22:54+02:00
a64fx,simde,256,main_part,3,"int * 1 | 2^7",,0.6390,0.6390,3,3,2026-10-07T07:22:54+02:00
a64fx,simde,256,main_part,3,"int * 1 | 2^7",,0.6368,0.6368,3,3,2026-10-07T07:22:54+02:00
a64fx,simde,256,main_part,3,"int * 1 | 2^8",,0.6332,0.6332,3,3,2026-10-07T07:22:54+02:00
a64fx,simde,256,main_part,3,"int * 1 | 2^8",,0.6380,0.6380,3,3,2026-10-07T07:22:54+02:00
a64fx,simde,256,main_part,3,"int * 1 | 2^8",,0.6341,0.6341,3,3,2026-10-07T07:22:54+02:00
a64fx,simde,256,main_part,3,"int * 1 | 2^8",,0.6334,0.6334,3,3,2026-10-07T07:22:54+02:00
a64fx,simde,256,main_part,3,"int * 1 | 2^8",,0.6330,0.6330,3,3,2026-10-07T07:22:54+02:00
a64fx,simde,256,main_part,3,"int * 2 | 2^4",,0.5940,0.5940,3,3,2026-10-07T07:22:54+02:00
a64fx,simde,256,main_part,3,"int * 2 | 2^4",,0.5940,0.5940,3,3,2026-10-07T07:22:54+02:00
a64fx,simde,256,main_part,3,"int * 2 | 2^4",,0.5941,0.5941,3,3,2026-10-07T07:22:54+02:00
a64fx,simde,256,main_part,3,"int * 2 | 2^4",,0.5942,0.5942,3,3,2026-10-07T07:22:54+02:00
a64fx,simde,256,main_part,3,"int * 2 | 2^4",,0.5772,0.5772,3,3,2026-10-07T07:22:54+02:00
a64fx,simde,256,main_part,3,"int * 2 | 2^5",,0.5857,0.5857,3,3,2026-10-07T07:22:54+02:00
a64fx,simde,256,main_part,3,"int * 2 | 2^5",,0.5816,0.5816,3,3,2026-10-07T07:22:54+02:00
a64fx,simde,256,main_part,3,"int * 2 | 2^5",,0.5807,0.5807,3,3,2026-10-07T07:22:54+02:00
a64fx,simde,256,main_part,3,"int * 2 | 2^5",,0.5847,0.5847,3,3,2026-10-07T07:22:54+02:00
a64fx,simde,256,main_part,3,"int * 2 | 2^5",,0.5645,0.5645,3,3,2026-10-07T07:22:54+02:00
a64fx,simde,256,main_part,3,"int * 2 | 2^6",,0.5797,0.5797,3,3,2026-10-07T07:22:54+02:00
a64fx,simde,256,main_part,3,"int * 2 | 2^6",,0.5786,0.5786,3,3,2026-10-07T07:22:54+02:00
a64fx,simde,256,main_part,3,"int * 2 | 2^6",,0.5835,0.5835,3,3,2026-10-07T07:22:54+02:00
a64fx,simde,256,main_part,3,"int * 2 | 2^6",,0.5795,0.5795,3,3,2026-10-07T07:22:54+02:00
a64fx,simde,256,main_part,3,"int * 2 | 2^6",,0.5827,0.5827,3,3,2026-10-07T07:22:54+02:00
a64fx,simde,256,main_part,3,"int * 2 | 2^7",,0.5823,0.5823,3,3,2026-10-07T07:22:54+02:00
a64fx,simde,256,main_part,3,"int * 2 | 2^7",,0.5780,0.5780,3,3,2026-10-07T07:22:54+02:00
a64fx,simde,256,main_part,3,"int * 2 | 2^7",,0.5823,0.5823,3,3,2026-10-07T07:22:54+02:00
a64fx,simde,256,main_part,3,"int * 2 | 2^7",,0.5825,0.5825,3,3,2026-10-07T07:22:54+02:00
a64fx,simde,256,main_part,3,"int * 2 | 2^7",,0.5813,0.5813,3,3,2026-10-07T07:22:54+02:00
a64fx,simde,256,main_part,3,"int * 2 | 2^8",,0.5772,0.5772,3,3,2026-10-07T07:22:54+02:00
a64fx,simde,256,main_part,3,"int * 2 | 2^8",,0.5802,0.5802,3,3,2026-10-07T07:22:54+02:00
a64fx,simde,256,main_part,3,"int * 2 | 2^8",,0.5799,0.5799,3,3,2026-10-07T07:22:54+02:00
a64fx,simde,256,main_part,3,"int * 2 | 2^8",,0.5776,0.5776,3,3,2026-10-07T07:22:54+02:00
a64fx,simde,256,main_part,3,"int * 2 | 2^8",,0.5804,0.5804,3,3,2026-10-07T07:22:54+02:00
a64fx,simde,256,main_part,3,"int * 3 | 2^4",,0.5494,0.5494,3,3,2026-10-07T07:22:54+02:00
a64fx,simde,256,main_part,3,"int * 3 | 2^4",,0.5472,0.5472,3,3,2026-10-07T07:22:54+02:00
a64fx,simde,256,main_part,3,"int * 3 | 2^4",,0.5504,0.5504,3,3,2026-10-07T07:22:54+02:00
a64fx,simde,256,main_part,3,"int * 3 | 2^4",,0.5492,0.5492,3,3,2026-10-07T07:22:54+02:00
a64fx,simde,256,main_part,3,"int * 3 | 2^4",,0.5474,0.5474,3,3,2026-10-07T07:22:54+02:00
a64fx,simde,256,main_part,3,"int * 3 | 2^5",,0.5350,0.5350,3,3,2026-10-07T07:22:54+02:00
a64fx,simde,256,main_part,3,"int * 3 | 2^5",,0.5375,0.5375,3,3,2026-10-07T07:22:54+02:00
a64fx,simde,256,main_part,3,"int * 3 | 2^5",,0.5373,0.5373,3,3,2026-10-07T07:22:54+02:00
a64fx,simde,256,main_part,3,"int * 3 | 2^5",,0.5396,0.5396,3,3,2026-10-07T07:22:54+02:00
a64fx,simde,256,main_part,3,"int * 3 | 2^5",,0.5397,0.5397,3,3,2026-10-07T07:22:54+02:00
a64fx,simde,256,main_part,3,"int * 3 | 2^6",,0.5355,0.5355,3,3,2026-10-07T07:22:54+02:00
a64fx,simde,256,main_part,3,"int * 3 | 2^6",,0.5353,0.5353,3,3,2026-10-07T07:22:54+02:00
a64fx,simde,256,main_part,3,"int * 3 | 2^6",,0.5358,0.5358,3,3,2026-10-07T07:22:54+02:00
a64fx,simde,256,main_part,3,"int * 3 | 2^6",,0.5358,0.5358,3,3,2026-10-07T07:22:54+02:00
a64fx,simde,256,main_part,3,"int * 3 | 2^6",,0.5356,0.5356,3,3,2026-10-07T07:22:54+02:00
a64fx,simde,256,main_part,3,"int * 3 | 2^7",,0.5336,0.5336,3,3,2026-10-07T07:22:54+02:00
a64fx,simde,256,main_part,3,"int * 3 | 2^7",,0.5342,0.5342,3,3,2026-10-07T07:22:54+02:00
a64fx,simde,256,main_part,3,"int * 3 | 2^7",,0.5314,0.5314,3,3,2026-10-07T07:22:54+02:00
a64fx,simde,256,main_part,3,"int * 3 | 2^7",,0.5285,0.5285,3,3,2026-10-07T07:22:54+02:00
a64fx,simde,256,main_part,3,"int * 3 | 2^7",,0.5344,0.5344,3,3,2026-10-07T07:22:54+02:00
a64fx,simde,256,main_part,3,"int * 3 | 2^8",,0.5257,0.5257,3,3,2026-10-07T07:22:54+02:00
a64fx,simde,256,main_part,3,"int * 3 | 2^8",,0.5261,0.5261,3,3,2026-10-07T07:22:54+02:00
a64fx,simde,256,main_part,3,"int * 3 | 2^8",,0.5256,0.5256,3,3,2026-10-07T07:22:54+02:00
a64fx,simde,256,main_part,3,"int * 3 | 2^8",,0.5264,0.5264,3,3,2026-10-07T07:22:54+02:00
a64fx,simde,256,main_part,3,"int * 3 | 2^8",,0.5274,0.5274,3,3,2026-10-07T07:22:54+02:00
a64fx,simde,512,main_part,3,"int * 1 | 2^4",,0.5930,0.5930,3,3,2026-10-07T07:23:02+02:00
a64fx,simde,512,main_part,3,"int * 1 | 2^4",,0.5926,0.5926,3,3,2026-10-07T07:23:02+02:00
a64fx,simde,512,main_part,3,"int * 1 | 2^4",,0.5883,0.5883,3,3,2026-10-07T07:23:02+02:00
a64fx,simde,512,main_part,3,"int * 1 | 2^4",,0.5924,0.5924,3,3,2026-10-07T07:23:02+02:00
a64fx,simde,512,main_part,3,"int * 1 | 2^4",,0.5925,0.5925,3,3,2026-10-07T07:23:02+02:00
a64fx,simde,512,main_part,3,"int * 1 | 2^5",,0.5459,0.5459,3,3,2026-10-07T07:23:02+02:00
a64fx,simde,512,main_part,3,"int * 1 | 2^5",,0.5873,0.5873,3,3,2026-10-07T07:23:02+02:00
a64fx,simde,512,main_part,3,"int * 1 | 2^5",,0.5864,0.5864,3,3,2026-10-07T07:23:02+02:00
a64fx,simde,512,main_part,3,"int * 1 | 2^5",,0.5833,0.5833,3,3,2026-10-07T07:23:02+02:00
a64fx,simde,512,main_part,3,"int * 1 | 2^5",,0.5840,0.5840,3,3,2026-10-07T07:23:02+02:00
a64fx,simde,512,main_part,3,"int * 1 | 2^6",,0.5853,0.5853,3,3,2026-10-07T07:23:02+02:00
a64fx,simde,512,main_part,3,"int * 1 | 2^6",,0.5846,0.5846,3,3,2026-10-07T07:23:02+02:00
a64fx,simde,512,main_part,3,"int * 1 | 2^6",,0.5817,0.5817,3,3,2026-10-07T07:23:02+02:00
a64fx,simde,512,main_part,3,"int * 1 | 2^6",,0.5844,0.5844,3,3,2026-10-07T07:23:02+02:00
a64fx,simde,512,main_part,3,"int * 1 | 2^6",,0.5850,0.5850,3,3,2026-10-07T07:23:02+02:00
a64fx,simde,512,main_part,3,"int * 1 | 2^7",,0.5807,0.5807,3,3,2026-10-07T07:23:02+02:00
a64fx,simde,512,main_part,3,"int * 1 | 2^7",,0.5848,0.5848,3,3,2026-10-07T07:23:02+02:00
a64fx,simde,512,main_part,3,"int * 1 | 2^7",,0.5840,0.5840,3,3,2026-10-07T07:23:02+02:00
a64fx,simde,512,main_part,3,"int * 1 | 2^7",,0.5840,0.5840,3,3,2026-10-07T07:23:02+02:00
a64fx,simde,512,main_part,3,"int * 1 | 2^7",,0.5841,0.5841,3,3,2026-10-07T07:23:02+02:00
a64fx,simde,512,main_part,3,"int * 1 | 2^8",,0.5837,0.5837,3,3,2026-10-07T07:23:02+02:00
a64fx,simde,512,main_part,3,"int * 1 | 2^8",,0.5835,0.5835,3,3,2026-10-07T07:23:02+02:00
a64fx,simde,512,main_part,3,"int * 1 | 2^8",,0.5799,0.5799,3,3,2026-10-07T07:23:02+02:00
a64fx,simde,512,main_part,3,"int * 1 | 2^8",,0.5838,0.5838,3,3,2026-10-07T07:23:02+02:00
a64fx,simde,512,main_part,3,"int * 1 | 2^8",,0.5826,0.5826,3,3,2026-10-07T07:23:02+02:00
a64fx,simde,512,main_part,3,"int * 2 | 2^4",,0.5377,0.5377,3,3,2026-10-07T07:23:02+02:00
a64fx,simde,512,main_part,3,"int * 2 | 2^4",,0.5408,0.5408,3,3,2026-10-07T07:23:02+02:00
a64fx,simde,512,main_part,3,"int * 2 | 2^4",,0.5408,0.5408,3,3,2026-10-07T07:23:02+02:00
a64fx,simde,512,main_part,3,"int * 2 | 2^4",,0.5375,0.5375,3,3,2026-10-07T07:23:02+02:00
a64fx,simde,512,main_part,3,"int * 2 | 2^4",,0.5399,0.5399,3,3,2026-10-07T07:23:02+02:00
a64fx,simde,512,main_part,3,"int * 2 | 2^5",,0.5343,0.5343,3,3,2026-10-07T07:23:02+02:00
a64fx,simde,512,main_part,3,"int * 2 | 2^5",,0.5312,0.5312,3,3,2026-10-07T07:23:02+02:00
a64fx,simde,512,main_part,3,"int * 2 | 2^5",,0.5339,0.5339,3,3,2026-10-07T07:23:02+02:00
a64fx,simde,512,main_part,3,"int * 2 | 2^5",,0.5338,0.5338,3,3,2026-10-07T07:23:02+02:00
a64fx,simde,512,main_part,3,"int * 2 | 2^5",,0.5334,0.5334,3,3,2026-10-07T07:23:02+02:00
a64fx,simde,512,main_part,3,"int * 2 | 2^6",,0.5306,0.5306,3,3,2026-10-07T07:23:02+02:00
a64fx,simde,512,main_part,3,"int * 2 | 2^6",,0.5310,0.5310,3,3,2026-10-07T07:23:02+02:00
a64fx,simde,512,main_part,3,"int * 2 | 2^6",,0.5293,0.5293,3,3,2026-10-07T07:23:02+02:00
a64fx,simde,512,main_part,3,"int * 2 | 2^6",,0.5279,0.5279,3,3,2026-10-07T07:23:02+02:00
a64fx,simde,512,main_part,3,"int * 2 | 2^6",,0.5304,0.5304,3,3,2026-10-07T07:23:02+02:00
a64fx,simde,512,main_part,3,"int * 2 | 2^7",,0.5251,0.5251,3,3,2026-10-07T07:23:02+02:00
a64fx,simde,512,main_part,3,"int * 2 | 2^7",,0.5258,0.5258,3,3,2026-10-07T07:23:02+02:00
a64fx,simde,512,main_part,3,"int * 2 | 2^7",,0.5305,0.5305,3,3,2026-10-07T07:23:02+02:00
a64fx,simde,512,main_part,3,"int * 2 | 2^7",,0.5304,0.5304,3,3,2026-10-07T07:23:02+02:00
a64fx,simde,512,main_part,3,"int * 2 | 2^7",,0.5302,0.5302,3,3,2026-10-07T07:23:02+02:00
a64fx,simde,512,main_part,3,"int * 2 | 2^8",,0.5279,0.5279,3,3,2026-10-07T07:23:02+02:00
a64fx,simde,512,main_part,3,"int * 2 | 2^8",,0.5275,0.5275,3,3,2026-10-07T07:23:02+02:00
a64fx,simde,512,main_part,3,"int * 2 | 2^8",,0.5217,0.5217,3,3,2026-10-07T07:23:02+02:00
a64fx,simde,512,main_part,3,"int * 2 | 2^8",,0.5271,0.5271,3,3,2026-10-07T07:23:02+02:00
a64fx,simde,512,main_part,3,"int * 2 | 2^8",,0.5137,0.5137,3,3,2026-10-07T07:23:02+02:00
a64fx,simde,512,main_part,3,"int * 3 | 2^4",,0.4985,0.4985,3,3,2026-10-07T07:23:02+02:00
a64fx,simde,512,main_part,3,"int * 3 | 2^4",,0.4933,0.4933,3,3,2026-10-07T07:23:02+02:00
a64fx,simde,512,main_part,3,"int * 3 | 2^4",,0.4960,0.4960,3,3,2026-10-07T07:23:02+02:00
a64fx,simde,512,main_part,3,"int * 3 | 2^4",,0.4985,0.4985,3,3,2026-10-07T07:23:02+02:00
a64fx,simde,512,main_part,3,"int * 3 | 2^4",,0.4978,0.4978,3,3,2026-10-07T07:23:02+02:00
a64fx,simde,512,main_part,3,"int * 3 | 2^5",,0.4812,0.4812,3,3,2026-10-07T07:23:02+02:00
a64fx,simde,512,main_part,3,"int * 3 | 2^5",,0.4885,0.4885,3,3,2026-10-07T07:23:02+02:00
a64fx,simde,512,main_part,3,"int * 3 | 2^5",,0.4897,0.4897,3,3,2026-10-07T07:23:02+02:00
a64fx,simde,512,main_part,3,"int * 3 | 2^5",,0.4872,0.4872,3,3,2026-10-07T07:23:02+02:00
a64fx,simde,512,main_part,3,"int * 3 | 2^5",,0.4895,0.4895,3,3,2026-10-07T07:23:02+02:00
a64fx,simde,512,main_part,3,"int * 3 | 2^6",,0.4851,0.4851,3,3,2026-10-07T07:23:02+02:00
a64fx,simde,512,main_part,3,"int * 3 | 2^6",,0.4830,0.4830,3,3,2026-10-07T07:23:02+02:00
a64fx,simde,512,main_part,3,"int * 3 | 2^6",,0.4859,0.4859,3,3,2026-10-07T07:23:02+02:00
a64fx,simde,512,main_part,3,"int * 3 | 2^6",,0.4854,0.4854,3,3,2026-10-07T07:23:02+02:00
a64fx,simde,512,main_part,3,"int * 3 | 2^6",,0.4836,0.4836,3,3,2026-10-07T07:23:02+02:00
a64fx,simde,512,main_part,3,"int * 3 | 2^7",,0.4844,0.4844,3,3,2026-10-07T07:23:02+02:00
a64fx,simde,512,main_part,3,"int * 3 | 2^7",,0.4846,0.4846,3,3,2026-10-07T07:23:02+02:00
a64fx,simde,512,main_part,3,"int * 3 | 2^7",,0.4837,0.4837,3,3,2026-10-07T07:23:02+02:00
a64fx,simde,512,main_part,3,"int * 3 | 2^7",,0.4843,0.4843,3,3,2026-10-07T07:23:02+02:00
a64fx,simde,512,main_part,3,"int * 3 | 2^7",,0.4824,0.4824,3,3,2026-10-07T07:23:02+02:00
a64fx,simde,512,main_part,3,"int * 3 | 2^8",,0.4775,0.4775,3,3,2026-10-07T07:23:02+02:00
a64fx,simde,512,main_part,3,"int * 3 | 2^8",,0.4780,0.4780,3,3,2026-10-07T07:23:02+02:00
a64fx,simde,512,main_part,3,"int * 3 | 2^8",,0.4773,0.4773,3,3,2026-10-07T07:23:02+02:00
a64fx,simde,512,main_part,3,"int * 3 | 2^8",,0.4781,0.4781,3,3,2026-10-07T07:23:02+02:00
a64fx,simde,512,main_part,3,"int * 3 | 2^8",,0.4786,0.4786,3,3,2026-10-07T07:23:02+02:00
a64fx,simde,128,main_aggr,3,"Codegen 1 sum",,0.1346,0.1346,3,3,2026-10-07T07:23:27+02:00
a64fx,simde,128,main_aggr,3,"Codegen 1 sum",,0.1347,0.1347,3,3,2026-10-07T07:23:27+02:00
a64fx,simde,128,main_aggr,3,"Codegen 1 sum",,0.1347,0.1347,3,3,2026-10-07T07:23:27+02:00
a64fx,simde,128,main_aggr,3,"Codegen 1 sum",,0.1345,0.1345,3,3,2026-10-07T07:23:27+02:00
a64fx,simde,128,main_aggr,3,"Codegen 1 sum",,0.1346,0.1346,3,3,2026-10-07T07:23:27+02:00
a64fx,simde,128,main_aggr,3,"Codegen 2 sum",,0.1145,0.1145,3,3,2026-10-07T07:23:27+02:00
a64fx,simde,128,main_aggr,3,"Codegen 2 sum",,0.1145,0.1145,3,3,2026-10-07T07:23:27+02:00
a64fx,simde,128,main_aggr,3,"Codegen 2 sum",,0.1145,0.1145,3,3,2026-10-07T07:23:27+02:00
a64fx,simde,128,main_aggr,3,"Codegen 2 sum",,0.1145,0.1145,3,3,2026-10-07T07:23:27+02:00
a64fx,simde,128,main_aggr,3,"Codegen 2 sum",,0.1145,0.1145,3,3,2026-10-07T07:23:27+02:00
a64fx,simde,128,main_aggr,3,"Codegen 3 sum",,0.1125,0.1125,3,3,2026-10-07T07:23:27+02:00
a64fx,simde,128,main_aggr,3,"Codegen 3 sum",,0.1126,0.1126,3,3,2026-10-07T07:23:27+02:00
a64fx,simde,128,main_aggr,3,"Codegen 3 sum",,0.1126,0.1126,3,3,2026-10-07T07:23:27+02:00
a64fx,simde,128,main_aggr,3,"Codegen 3 sum",,0.1125,0.1125,3,3,2026-10-07T07:23:27+02:00
a64fx,simde,128,main_aggr,3,"Codegen 3 sum",,0.1126,0.1126,3,3,2026-10-07T07:23:27+02:00
a64fx,simde,128,main_aggr,3,"Engine 1 sum",,0.1187,0.1187,3,3,2026-10-07T07:23:27+02:00
a64fx,simde,128,main_aggr,3,"Engine 1 sum",,0.1188,0.1188,3,3,2026-10-07T07:23:27+02:00
a64fx,simde,128,main_aggr,3,"Engine 1 sum",,0.1188,0.1188,3,3,2026-10-07T07:23:27+02:00
a64fx,simde,128,main_aggr,3,"Engine 1 sum",,0.1188,0.1188,3,3,2026-10-07T07:23:27+02:00
a64fx,simde,128,main_aggr,3,"Engine 1 sum",,0.1188,0.1188,3,3,2026-10-07T07:23:27+02:00
a64fx,simde,128,main_aggr,3,"Engine 2 sum",,0.1070,0.1070,3,3,2026-10-07T07:23:27+02:00
a64fx,simde,128,main_aggr,3,"Engine 2 sum",,0.1071,0.1071,3,3,2026-10-07T07:23:27+02:00
a64fx,simde,128,main_aggr,3,"Engine 2 sum",,0.1071,0.1071,3,3,2026-10-07T07:23:27+02:00
a64fx,simde,128,main_aggr,3,"Engine 2 sum",,0.1071,0.1071,3,3,2026-10-07T07:23:27+02:00
a64fx,simde,128,main_aggr,3,"Engine 2 sum",,0.1071,0.1071,3,3,2026-10-07T07:23:27+02:00
a64fx,simde,128,main_aggr,3,"Engine 3 sum",,0.0976,0.0976,3,3,2026-10-07T07:23:27+02:00
a64fx,simde,128,main_aggr,3,"Engine 3 sum",,0.0976,0.0976,3,3,2026-10-07T07:23:27+02:00
a64fx,simde,128,main_aggr,3,"Engine 3 sum",,0.0976,0.0976,3,3,2026-10-07T07:23:27+02:00
a64fx,simde,128,main_aggr,3,"Engine 3 sum",,0.0976,0.0976,3,3,2026-10-07T07:23:27+02:00
a64fx,simde,128,main_aggr,3,"Engine 3 sum",,0.0976,0.0976,3,3,2026-10-07T07:23:27+02:00
a64fx,simde,256,main_aggr,3,"Codegen 1 sum",,0.1304,0.1304,3,3,2026-10-07T07:23:42+02:00
a64fx,simde,256,main_aggr,3,"Codegen 1 sum",,0.1304,0.1304,3,3,2026-10-07T07:23:42+02:00
a64fx,simde,256,main_aggr,3,"Codegen 1 sum",,0.1305,0.1305,3,3,2026-10-07T07:23:42+02:00
a64fx,simde,256,main_aggr,3,"Codegen 1 sum",,0.1306,0.1306,3,3,2026-10-07T07:23:42+02:00
a64fx,simde,256,main_aggr,3,"Codegen 1 sum",,0.1305,0.1305,3,3,2026-10-07T07:23:42+02:00
a64fx,simde,256,main_aggr,3,"Codegen 2 sum",,0.1125,0.1125,3,3,2026-10-07T07:23:42+02:00
a64fx,simde,256,main_aggr,3,"Codegen 2 sum",,0.1125,0.1125,3,3,2026-10-07T07:23:42+02:00
a64fx,simde,256,main_aggr,3,"Codegen 2 sum",,0.1125,0.1125,3,3,2026-10-07T07:23:42+02:00
a64fx,simde,256,main_aggr,3,"Codegen 2 sum",,0.1125,0.1125,3,3,2026-10-07T07:23:42+02:00
a64fx,simde,256,main_aggr,3,"Codegen 2 sum",,0.1125,0.1125,3,3,2026-10-07T07:23:42+02:00
a64fx,simde,256,main_aggr,3,"Codegen 3 sum",,0.1106,0.1106,3,3,2026-10-07T07:23:42+02:00
a64fx,simde,256,main_aggr,3,"Codegen 3 sum",,0.1106,0.1106,3,3,2026-10-07T07:23:42+02:00
a64fx,simde,256,main_aggr,3,"Codegen 3 sum",,0.1106,0.1106,3,3,2026-10-07T07:23:42+02:00
a64fx,simde,256,main_aggr,3,"Codegen 3 sum",,0.1106,0.1106,3,3,2026-10-07T07:23:42+02:00
a64fx,simde,256,main_aggr,3,"Codegen 3 sum",,0.1106,0.1106,3,3,2026-10-07T07:23:42+02:00
a64fx,simde,256,main_aggr,3,"Engine 1 sum",,0.1041,0.1041,3,3,2026-10-07T07:23:42+02:00
a64fx,simde,256,main_aggr,3,"Engine 1 sum",,0.1041,0.1041,3,3,2026-10-07T07:23:42+02:00
a64fx,simde,256,main_aggr,3,"Engine 1 sum",,0.1040,0.1040,3,3,2026-10-07T07:23:42+02:00
a64fx,simde,256,main_aggr,3,"Engine 1 sum",,0.1041,0.1041,3,3,2026-10-07T07:23:42+02:00
a64fx,simde,256,main_aggr,3,"Engine 1 sum",,0.1041,0.1041,3,3,2026-10-07T07:23:42+02:00
a64fx,simde,256,main_aggr,3,"Engine 2 sum",,0.0931,0.0931,3,3,2026-10-07T07:23:42+02:00
a64fx,simde,256,main_aggr,3,"Engine 2 sum",,0.0926,0.0926,3,3,2026-10-07T07:23:42+02:00
a64fx,simde,256,main_aggr,3,"Engine 2 sum",,0.0931,0.0931,3,3,2026-10-07T07:23:42+02:00
a64fx,simde,256,main_aggr,3,"Engine 2 sum",,0.0931,0.0931,3,3,2026-10-07T07:23:42+02:00
a64fx,simde,256,main_aggr,3,"Engine 2 sum",,0.0929,0.0929,3,3,2026-10-07T07:23:42+02:00
a64fx,simde,256,main_aggr,3,"Engine 3 sum",,0.0842,0.0842,3,3,2026-10-07T07:23:42+02:00
a64fx,simde,256,main_aggr,3,"Engine 3 sum",,0.0841,0.0841,3,3,2026-10-07T07:23:42+02:00
a64fx,simde,256,main_aggr,3,"Engine 3 sum",,0.0842,0.0842,3,3,2026-10-07T07:23:42+02:00
a64fx,simde,256,main_aggr,3,"Engine 3 sum",,0.0841,0.0841,3,3,2026-10-07T07:23:42+02:00
a64fx,simde,256,main_aggr,3,"Engine 3 sum",,0.0842,0.0842,3,3,2026-10-07T07:23:42+02:00
a64fx,simde,512,main_aggr,3,"Codegen 1 sum",,0.1338,0.1338,3,3,2026-10-07T07:23:59+02:00
a64fx,simde,512,main_aggr,3,"Codegen 1 sum",,0.1337,0.1337,3,3,2026-10-07T07:23:59+02:00
a64fx,simde,512,main_aggr,3,"Codegen 1 sum",,0.1337,0.1337,3,3,2026-10-07T07:23:59+02:00
a64fx,simde,512,main_aggr,3,"Codegen 1 sum",,0.1338,0.1338,3,3,2026-10-07T07:23:59+02:00
a64fx,simde,512,main_aggr,3,"Codegen 1 sum",,0.1338,0.1338,3,3,2026-10-07T07:23:59+02:00
a64fx,simde,512,main_aggr,3,"Codegen 2 sum",,0.1135,0.1135,3,3,2026-10-07T07:23:59+02:00
a64fx,simde,512,main_aggr,3,"Codegen 2 sum",,0.1134,0.1134,3,3,2026-10-07T07:23:59+02:00
a64fx,simde,512,main_aggr,3,"Codegen 2 sum",,0.1135,0.1135,3,3,2026-10-07T07:23:59+02:00
a64fx,simde,512,main_aggr,3,"Codegen 2 sum",,0.1134,0.1134,3,3,2026-10-07T07:23:59+02:00
a64fx,simde,512,main_aggr,3,"Codegen 2 sum",,0.1135,0.1135,3,3,2026-10-07T07:23:59+02:00
a64fx,simde,512,main_aggr,3,"Codegen 3 sum",,0.1115,0.1115,3,3,2026-10-07T07:23:59+02:00
a64fx,simde,512,main_aggr,3,"Codegen 3 sum",,0.1115,0.1115,3,3,2026-10-07T07:23:59+02:00
a64fx,simde,512,main_aggr,3,"Codegen 3 sum",,0.1114,0.1114,3,3,2026-10-07T07:23:59+02:00
a64fx,simde,512,main_aggr,3,"Codegen 3 sum",,0.1114,0.1114,3,3,2026-10-07T07:23:59+02:00
a64fx,simde,512,main_aggr,3,"Codegen 3 sum",,0.1115,0.1115,3,3,2026-10-07T07:23:59+02:00
a64fx,simde,512,main_aggr,3,"Engine 1 sum",,0.1006,0.1006,3,3,2026-10-07T07:23:59+02:00
a64fx,simde,512,main_aggr,3,"Engine 1 sum",,0.1007,0.1007,3,3,2026-10-07T07:23:59+02:00
a64fx,simde,512,main_aggr,3,"Engine 1 sum",,0.1007,0.1007,3,3,2026-10-07T07:23:59+02:00
a64fx,simde,512,main_aggr,3,"Engine 1 sum",,0.1007,0.1007,3,3,2026-10-07T07:23:59+02:00
a64fx,simde,512,main_aggr,3,"Engine 1 sum",,0.1007,0.1007,3,3,2026-10-07T07:23:59+02:00
a64fx,simde,512,main_aggr,3,"Engine 2 sum",,0.0902,0.0902,3,3,2026-10-07T07:23:59+02:00
a64fx,simde,512,main_aggr,3,"Engine 2 sum",,0.0902,0.0902,3,3,2026-10-07T07:23:59+02:00
a64fx,simde,512,main_aggr,3,"Engine 2 sum",,0.0901,0.0901,3,3,2026-10-07T07:23:59+02:00
a64fx,simde,512,main_aggr,3,"Engine 2 sum",,0.0902,0.0902,3,3,2026-10-07T07:23:59+02:00
a64fx,simde,512,main_aggr,3,"Engine 2 sum",,0.0902,0.0902,3,3,2026-10-07T07:23:59+02:00
a64fx,simde,512,main_aggr,3,"Engine 3 sum",,0.0817,0.0817,3,3,2026-10-07T07:23:59+02:00
a64fx,simde,512,main_aggr,3,"Engine 3 sum",,0.0816,0.0816,3,3,2026-10-07T07:23:59+02:00
a64fx,simde,512,main_aggr,3,"Engine 3 sum",,0.0812,0.0812,3,3,2026-10-07T07:23:59+02:00
a64fx,simde,512,main_aggr,3,"Engine 3 sum",,0.0816,0.0816,3,3,2026-10-07T07:23:59+02:00
a64fx,simde,512,main_aggr,3,"Engine 3 sum",,0.0816,0.0816,3,3,2026-10-07T07:23:59+02:00
a64fx,simde,128,main_join,3,"Engine  1-1",,0.0930,0.0930,3,3,2026-10-07T07:24:53+02:00
a64fx,simde,128,main_join,3,"Engine  1-3",,0.0843,0.0843,3,3,2026-10-07T07:24:53+02:00
a64fx,simde,128,main_join,3,"Engine  3-1",,0.0897,0.0897,3,3,2026-10-07T07:24:53+02:00
a64fx,simde,128,main_join,3,"Engine  3-3",,0.0814,0.0814,3,3,2026-10-07T07:24:53+02:00
a64fx,simde,128,main_join,3,"Codegen 1-1",,0.1136,0.1136,3,3,2026-10-07T07:24:53+02:00
a64fx,simde,128,main_join,3,"Codegen 1-1",,0.1133,0.1133,3,3,2026-10-07T07:24:53+02:00
a64fx,simde,128,main_join,3,"Codegen 1-1",,0.1136,0.1136,3,3,2026-10-07T07:24:53+02:00
a64fx,simde,128,main_join,3,"Codegen 1-1",,0.1136,0.1136,3,3,2026-10-07T07:24:53+02:00
a64fx,simde,128,main_join,3,"Codegen 1-1",,0.1137,0.1137,3,3,2026-10-07T07:24:53+02:00
a64fx,simde,128,main_join,3,"Codegen 1-3",,0.1135,0.1135,3,3,2026-10-07T07:24:53+02:00
a64fx,simde,128,main_join,3,"Codegen 1-3",,0.1136,0.1136,3,3,2026-10-07T07:24:53+02:00
a64fx,simde,128,main_join,3,"Codegen 1-3",,0.1134,0.1134,3,3,2026-10-07T07:24:53+02:00
a64fx,simde,128,main_join,3,"Codegen 1-3",,0.1105,0.1105,3,3,2026-10-07T07:24:53+02:00
a64fx,simde,128,main_join,3,"Codegen 1-3",,0.1135,0.1135,3,3,2026-10-07T07:24:53+02:00
a64fx,simde,128,main_join,3,"Codegen 3-1",,0.0998,0.0998,3,3,2026-10-07T07:24:53+02:00
a64fx,simde,128,main_join,3,"Codegen 3-1",,0.0998,0.0998,3,3,2026-10-07T07:24:53+02:00
a64fx,simde,128,main_join,3,"Codegen 3-1",,0.0999,0.0999,3,3,2026-10-07T07:24:53+02:00
a64fx,simde,128,main_join,3,"Codegen 3-1",,0.0999,0.0999,3,3,2026-10-07T07:24:53+02:00
a64fx,simde,128,main_join,3,"Codegen 3-1",,0.0999,0.0999,3,3,2026-10-07T07:24:53+02:00
a64fx,simde,128,main_join,3,"Codegen 3-3",,0.0944,0.0944,3,3,2026-10-07T07:24:53+02:00
a64fx,simde,128,main_join,3,"Codegen 3-3",,0.0945,0.0945,3,3,2026-10-07T07:24:53+02:00
a64fx,simde,128,main_join,3,"Codegen 3-3",,0.0945,0.0945,3,3,2026-10-07T07:24:53+02:00
a64fx,simde,128,main_join,3,"Codegen 3-3",,0.0944,0.0944,3,3,2026-10-07T07:24:53+02:00
a64fx,simde,128,main_join,3,"Codegen 3-3",,0.0945,0.0945,3,3,2026-10-07T07:24:53+02:00
a64fx,simde,256,main_join,3,"Engine  1-1",,0.0629,0.0629,3,3,2026-10-07T07:25:00+02:00
a64fx,simde,256,main_join,3,"Engine  1-3",,0.0591,0.0591,3,3,2026-10-07T07:25:00+02:00
a64fx,simde,256,main_join,3,"Engine  3-1",,0.0616,0.0616,3,3,2026-10-07T07:25:00+02:00
a64fx,simde,256,main_join,3,"Engine  3-3",,0.0577,0.0577,3,3,2026-10-07T07:25:00+02:00
a64fx,simde,256,main_join,3,"Codegen 1-1",,0.1106,0.1106,3,3,2026-10-07T07:25:00+02:00
a64fx,simde,256,main_join,3,"Codegen 1-1",,0.1106,0.1106,3,3,2026-10-07T07:25:00+02:00
a64fx,simde,256,main_join,3,"Codegen 1-1",,0.1107,0.1107,3,3,2026-10-07T07:25:00+02:00
a64fx,simde,256,main_join,3,"Codegen 1-1",,0.1106,0.1106,3,3,2026-10-07T07:25:00+02:00
a64fx,simde,256,main_join,3,"Codegen 1-1",,0.1107,0.1107,3,3,2026-10-07T07:25:00+02:00
a64fx,simde,256,main_join,3,"Codegen 1-3",,0.1109,0.1109,3,3,2026-10-07T07:25:00+02:00
a64fx,simde,256,main_join,3,"Codegen 1-3",,0.1109,0.1109,3,3,2026-10-07T07:25:00+02:00
a64fx,simde,256,main_join,3,"Codegen 1-3",,0.1110,0.1110,3,3,2026-10-07T07:25:00+02:00
a64fx,simde,256,main_join,3,"Codegen 1-3",,0.1109,0.1109,3,3,2026-10-07T07:25:00+02:00
a64fx,simde,256,main_join,3,"Codegen 1-3",,0.1109,0.1109,3,3,2026-10-07T07:25:00+02:00
a64fx,simde,256,main_join,3,"Codegen 3-1",,0.1009,0.1009,3,3,2026-10-07T07:25:00+02:00
a64fx,simde,256,main_join,3,"Codegen 3-1",,0.1009,0.1009,3,3,2026-10-07T07:25:00+02:00
a64fx,simde,256,main_join,3,"Codegen 3-1",,0.1009,0.1009,3,3,2026-10-07T07:25:00+02:00
a64fx,simde,256,main_join,3,"Codegen 3-1",,0.1008,0.1008,3,3,2026-10-07T07:25:00+02:00
a64fx,simde,256,main_join,3,"Codegen 3-1",,0.1009,0.1009,3,3,2026-10-07T07:25:00+02:00
a64fx,simde,256,main_join,3,"Codegen 3-3",,0.0950,0.0950,3,3,2026-10-07T07:25:00+02:00
a64fx,simde,256,main_join,3,"Codegen 3-3",,0.0950,0.0950,3,3,2026-10-07T07:25:00+02:00
a64fx,simde,256,main_join,3,"Codegen 3-3",,0.0949,0.0949,3,3,2026-10-07T07:25:00+02:00
a64fx,simde,256,main_join,3,"Codegen 3-3",,0.0950,0.0950,3,3,2026-10-07T07:25:00+02:00
a64fx,simde,256,main_join,3,"Codegen 3-3",,0.0950,0.0950,3,3,2026-10-07T07:25:00+02:00
a64fx,simde,512,main_join,3,"Engine  1-1",,0.0562,0.0562,3,3,2026-10-07T07:25:07+02:00
a64fx,simde,512,main_join,3,"Engine  1-3",,0.0530,0.0530,3,3,2026-10-07T07:25:07+02:00
a64fx,simde,512,main_join,3,"Engine  3-1",,0.0551,0.0551,3,3,2026-10-07T07:25:07+02:00
a64fx,simde,512,main_join,3,"Engine  3-3",,0.0519,0.0519,3,3,2026-10-07T07:25:07+02:00
a64fx,simde,512,main_join,3,"Codegen 1-1",,0.1097,0.1097,3,3,2026-10-07T07:25:07+02:00
a64fx,simde,512,main_join,3,"Codegen 1-1",,0.1098,0.1098,3,3,2026-10-07T07:25:07+02:00
a64fx,simde,512,main_join,3,"Codegen 1-1",,0.1098,0.1098,3,3,2026-10-07T07:25:07+02:00
a64fx,simde,512,main_join,3,"Codegen 1-1",,0.1098,0.1098,3,3,2026-10-07T07:25:07+02:00
a64fx,simde,512,main_join,3,"Codegen 1-1",,0.1097,0.1097,3,3,2026-10-07T07:25:07+02:00
a64fx,simde,512,main_join,3,"Codegen 1-3",,0.1100,0.1100,3,3,2026-10-07T07:25:07+02:00
a64fx,simde,512,main_join,3,"Codegen 1-3",,0.1099,0.1099,3,3,2026-10-07T07:25:07+02:00
a64fx,simde,512,main_join,3,"Codegen 1-3",,0.1099,0.1099,3,3,2026-10-07T07:25:07+02:00
a64fx,simde,512,main_join,3,"Codegen 1-3",,0.1100,0.1100,3,3,2026-10-07T07:25:07+02:00
a64fx,simde,512,main_join,3,"Codegen 1-3",,0.1100,0.1100,3,3,2026-10-07T07:25:07+02:00
a64fx,simde,512,main_join,3,"Codegen 3-1",,0.0991,0.0991,3,3,2026-10-07T07:25:07+02:00
a64fx,simde,512,main_join,3,"Codegen 3-1",,0.0992,0.0992,3,3,2026-10-07T07:25:07+02:00
a64fx,simde,512,main_join,3,"Codegen 3-1",,0.0991,0.0991,3,3,2026-10-07T07:25:07+02:00
a64fx,simde,512,main_join,3,"Codegen 3-1",,0.0991,0.0991,3,3,2026-10-07T07:25:07+02:00
a64fx,simde,512,main_join,3,"Codegen 3-1",,0.0991,0.0991,3,3,2026-10-07T07:25:07+02:00
a64fx,simde,512,main_join,3,"Codegen 3-3",,0.0936,0.0936,3,3,2026-10-07T07:25:07+02:00
a64fx,simde,512,main_join,3,"Codegen 3-3",,0.0936,0.0936,3,3,2026-10-07T07:25:07+02:00
a64fx,simde,512,main_join,3,"Codegen 3-3",,0.0936,0.0936,3,3,2026-10-07T07:25:07+02:00
a64fx,simde,512,main_join,3,"Codegen 3-3",,0.0936,0.0936,3,3,2026-10-07T07:25:07+02:00
a64fx,simde,512,main_join,3,"Codegen 3-3",,0.0936,0.0936,3,3,2026-10-07T07:25:07+02:00
a64fx,simde,128,main_scan_int,4,"and 1",0.00,49.0933,30.2985,4,4,2026-10-07T07:25:34+02:00
a64fx,simde,128,main_scan_int,4,"and 1",0.00,48.7634,32.1658,4,4,2026-10-07T07:25:34+02:00
a64fx,simde,128,main_scan_int,4,"and 1",0.00,49.1097,32.2453,4,4,2026-10-07T07:25:34+02:00
a64fx,simde,128,main_scan_int,4,"and 1",0.00,49.1942,32.2613,4,4,2026-10-07T07:25:34+02:00
a64fx,simde,128,main_scan_int,4,"and 1",0.00,48.9966,32.2033,4,4,2026-10-07T07:25:34+02:00
a64fx,simde,128,main_scan_int,4,"and 2",0.03,14.2405,14.3944,4,4,2026-10-07T07:25:34+02:00
a64fx,simde,128,main_scan_int,4,"and 2",0.03,14.2706,13.5984,4,4,2026-10-07T07:25:34+02:00
a64fx,simde,128,main_scan_int,4,"and 2",0.03,14.7554,14.1633,4,4,2026-10-07T07:25:34+02:00
a64fx,simde,128,main_scan_int,4,"and 2",0.03,14.7703,14.4049,4,4,2026-10-07T07:25:34+02:00
a64fx,simde,128,main_scan_int,4,"and 2",0.03,14.0027,14.2126,4,4,2026-10-07T07:25:34+02:00
a64fx,simde,128,main_scan_int,4,"and 3",0.10,10.1255,10.3642,4,4,2026-10-07T07:25:34+02:00
a64fx,simde,128,main_scan_int,4,"and 3",0.10,9.9840,10.2001,4,4,2026-10-07T07:25:34+02:00
a64fx,simde,128,main_scan_int,4,"and 3",0.10,10.0872,10.3223,4,4,2026-10-07T07:25:34+02:00
a64fx,simde,128,main_scan_int,4,"and 3",0.10,9.9068,10.1076,4,4,2026-10-07T07:25:34+02:00
a64fx,simde,128,main_scan_int,4,"and 3",0.10,10.1121,10.3553,4,4,2026-10-07T07:25:34+02:00
a64fx,simde,128,main_scan_int,4,"and 1",0.00,42.6333,26.5523,4,4,2026-10-07T07:25:34+02:00
a64fx,simde,128,main_scan_int,4,"and 1",0.00,42.5365,30.1186,4,4,2026-10-07T07:25:34+02:00
a64fx,simde,128,main_scan_int,4,"and 1",0.00,34.1061,29.9573,4,4,2026-10-07T07:25:34+02:00
a64fx,simde,128,main_scan_int,4,"and 1",0.00,42.7478,30.1400,4,4,2026-10-07T07:25:34+02:00
a64fx,simde,128,main_scan_int,4,"and 1",0.00,42.9295,30.1367,4,4,2026-10-07T07:25:34+02:00
a64fx,simde,128,main_scan_int,4,"and 2",0.04,14.7765,14.4010,4,4,2026-10-07T07:25:34+02:00
a64fx,simde,128,main_scan_int,4,"and 2",0.04,14.8573,14.0637,4,4,2026-10-07T07:25:34+02:00
a64fx,simde,128,main_scan_int,4,"and 2",0.04,14.9946,14.4225,4,4,2026-10-07T07:25:34+02:00
a64fx,simde,128,main_scan_int,4,"and 2",0.04,15.0084,14.4313,4,4,2026-10-07T07:25:34+02:00
a64fx,simde,128,main_scan_int,4,"and 2",0.04,14.3386,13.8805,4,4,2026-10-07T07:25:34+02:00
a64fx,simde,128,main_scan_int,4,"and 3",0.13,8.6849,9.5191,4,4,2026-10-07T07:25:34+02:00
a64fx,simde,128,main_scan_int,4,"and 3",0.13,8.6908,9.5346,4,4,2026-10-07T07:25:34+02:00
a64fx,simde,128,main_scan_int,4,"and 3",0.13,8.6034,9.4111,4,4,2026-10-07T07:25:34+02:00
a64fx,simde,128,main_scan_int,4,"and 3",0.13,8.5165,9.3173,4,4,2026-10-07T07:25:34+02:00
a64fx,simde,128,main_scan_int,4,"and 3",0.13,8.6759,9.5156,4,4,2026-10-07T07:25:34+02:00
a64fx,simde,128,main_scan_int,4,"and 1",0.01,26.5723,25.8749,4,4,2026-10-07T07:25:34+02:00
a64fx,simde,128,main_scan_int,4,"and 1",0.01,30.1691,26.0087,4,4,2026-10-07T07:25:34+02:00
a64fx,simde,128,main_scan_int,4,"and 1",0.01,32.2478,25.9551,4,4,2026-10-07T07:25:34+02:00
a64fx,simde,128,main_scan_int,4,"and 1",0.01,31.8877,26.0366,4,4,2026-10-07T07:25:34+02:00
a64fx,simde,128,main_scan_int,4,"and 1",0.01,32.1080,26.0611,4,4,2026-10-07T07:25:34+02:00
a64fx,simde,128,main_scan_int,4,"and 2",0.07,12.7355,12.9706,4,4,2026-10-07T07:25:34+02:00
a64fx,simde,128,main_scan_int,4,"and 2",0.07,12.7653,12.4261,4,4,2026-10-07T07:25:34+02:00
a64fx,simde,128,main_scan_int,4,"and 2",0.07,12.3338,12.3594,4,4,2026-10-07T07:25:34+02:00
a64fx,simde,128,main_scan_int,4,"and 2",0.07,12.8527,12.9517,4,4,2026-10-07T07:25:34+02:00
a64fx,simde,128,main_scan_int,4,"and 2",0.07,12.7924,13.0005,4,4,2026-10-07T07:25:34+02:00
a64fx,simde,128,main_scan_int,4,"and 3",0.17,6.9847,8.8073,4,4,2026-10-07T07:25:34+02:00
a64fx,simde,128,main_scan_int,4,"and 3",0.17,7.2730,8.5512,4,4,2026-10-07T07:25:34+02:00
a64fx,simde,128,main_scan_int,4,"and 3",0.17,7.3281,8.6410,4,4,2026-10-07T07:25:34+02:00
a64fx,simde,128,main_scan_int,4,"and 3",0.17,7.2782,8.5607,4,4,2026-10-07T07:25:34+02:00
a64fx,simde,128,main_scan_int,4,"and 3",0.17,7.4684,8.5649,4,4,2026-10-07T07:25:34+02:00
a64fx,simde,128,main_scan_int,4,"and 1",0.01,24.5995,20.8961,4,4,2026-10-07T07:25:34+02:00
a64fx,simde,128,main_scan_int,4,"and 1",0.01,24.5435,20.7503,4,4,2026-10-07T07:25:34+02:00
a64fx,simde,128,main_scan_int,4,"and 1",0.01,24.5862,20.6618,4,4,2026-10-07T07:25:34+02:00
a64fx,simde,128,main_scan_int,4,"and 1",0.01,24.6674,21.4986,4,4,2026-10-07T07:25:34+02:00
a64fx,simde,128,main_scan_int,4,"and 1",0.01,24.6247,21.4765,4,4,2026-10-07T07:25:34+02:00
a64fx,simde,128,main_scan_int,4,"and 2",0.10,10.5904,10.8012,4,4,2026-10-07T07:25:34+02:00
a64fx,simde,128,main_scan_int,4,"and 2",0.10,10.5435,11.1420,4,4,2026-10-07T07:25:34+02:00
a64fx,simde,128,main_scan_int,4,"and 2",0.10,10.5435,11.1514,4,4,2026-10-07T07:25:34+02:00
a64fx,simde,128,main_scan_int,4,"and 2",0.10,10.4541,10.9270,4,4,2026-10-07T07:25:34+02:00
a64fx,simde,128,main_scan_int,4,"and 2",0.10,10.5573,11.1605,4,4,2026-10-07T07:25:34+02:00
a64fx,simde,128,main_scan_int,4,"and 3",0.22,6.6124,8.1539,4,4,2026-10-07T07:25:34+02:00
a64fx,simde,128,main_scan_int,4,"and 3",0.22,6.6318,8.3443,4,4,2026-10-07T07:25:34+02:00
a64fx,simde,128,main_scan_int,4,"and 3",0.22,6.6411,8.2915,4,4,2026-10-07T07:25:34+02:00
a64fx,simde,128,main_scan_int,4,"and 3",0.22,6.5903,8.2837,4,4,2026-10-07T07:25:34+02:00
a64fx,simde,128,main_scan_int,4,"and 3",0.22,6.6394,8.4105,4,4,2026-10-07T07:25:34+02:00
a64fx,simde,128,main_scan_int,4,"and 1",0.02,20.9574,16.5664,4,4,2026-10-07T07:25:34+02:00
a64fx,simde,128,main_scan_int,4,"and 1",0.02,20.9764,16.5464,4,4,2026-10-07T07:25:34+02:00
a64fx,simde,128,main_scan_int,4,"and 1",0.02,20.3477,16.5317,4,4,2026-10-07T07:25:34+02:00
a64fx,simde,128,main_scan_int,4,"and 1",0.02,20.8326,16.1756,4,4,2026-10-07T07:25:34+02:00
a64fx,simde,128,main_scan_int,4,"and 1",0.02,20.8193,16.2907,4,4,2026-10-07T07:25:34+02:00
a64fx,simde,128,main_scan_int,4,"and 2",0.14,8.8386,9.1063,4,4,2026-10-07T07:25:34+02:00
a64fx,simde,128,main_scan_int,4,"and 2",0.14,8.8253,9.3253,4,4,2026-10-07T07:25:34+02:00
a64fx,simde,128,main_scan_int,4,"and 2",0.14,8.6142,9.1645,4,4,2026-10-07T07:25:34+02:00
a64fx,simde,128,main_scan_int,4,"and 2",0.14,8.7379,8.9558,4,4,2026-10-07T07:25:34+02:00
a64fx,simde,128,main_scan_int,4,"and 2",0.14,8.8197,9.3501,4,4,2026-10-07T07:25:34+02:00
a64fx,simde,128,main_scan_int,4,"and 3",0.27,5.6190,7.4823,4,4,2026-10-07T07:25:34+02:00
a64fx,simde,128,main_scan_int,4,"and 3",0.27,5.5810,7.4632,4,4,2026-10-07T07:25:34+02:00
a64fx,simde,128,main_scan_int,4,"and 3",0.27,5.6177,7.5564,4,4,2026-10-07T07:25:34+02:00
a64fx,simde,128,main_scan_int,4,"and 3",0.27,5.6665,7.3721,4,4,2026-10-07T07:25:34+02:00
a64fx,simde,128,main_scan_int,4,"and 3",0.27,5.5988,7.3635,4,4,2026-10-07T07:25:34+02:00
a64fx,simde,128,main_scan_int,4,"and 1",0.05,25.3400,11.1331,4,4,2026-10-07T07:25:34+02:00
a64fx,simde,128,main_scan_int,4,"and 1",0.05,25.4151,11.1572,4,4,2026-10-07T07:25:34+02:00
a64fx,simde,128,main_scan_int,4,"and 1",0.05,25.3082,10.8619,4,4,2026-10-07T07:25:34+02:00
a64fx,simde,128,main_scan_int,4,"and 1",0.05,25.2971,11.1587,4,4,2026-10-07T07:25:34+02:00
a64fx,simde,128,main_scan_int,4,"and 1",0.05,25.2955,11.1277,4,4,2026-10-07T07:25:34+02:00
a64fx,simde,128,main_scan_int,4,"and 2",0.22,7.5982,7.1749,4,4,2026-10-07T07:25:34+02:00
a64fx,simde,128,main_scan_int,4,"and 2",0.22,7.8489,7.0799,4,4,2026-10-07T07:25:34+02:00
a64fx,simde,128,main_scan_int,4,"and 2",0.22,7.8647,7.0072,4,4,2026-10-07T07:25:34+02:00
a64fx,simde,128,main_scan_int,4,"and 2",0.22,7.8631,7.1365,4,4,2026-10-07T07:25:34+02:00
a64fx,simde,128,main_scan_int,4,"and 2",0.22,7.8567,6.9768,4,4,2026-10-07T07:25:34+02:00
a64fx,simde,128,main_scan_int,4,"and 3",0.37,4.5855,5.9834,4,4,2026-10-07T07:25:34+02:00
a64fx,simde,128,main_scan_int,4,"and 3",0.37,4.5785,6.0027,4,4,2026-10-07T07:25:34+02:00
a64fx,simde,128,main_scan_int,4,"and 3",0.37,4.5936,6.0105,4,4,2026-10-07T07:25:34+02:00
a64fx,simde,128,main_scan_int,4,"and 3",0.37,4.5628,6.0388,4,4,2026-10-07T07:25:34+02:00
a64fx,simde,128,main_scan_int,4,"and 3",0.37,4.5737,6.0857,4,4,2026-10-07T07:25:34+02:00
a64fx,simde,128,main_scan_int,4,"and 1",0.10,18.4567,7.6089,4,4,2026-10-07T07:25:34+02:00
a64fx,simde,128,main_scan_int,4,"and 1",0.10,19.0261,7.7759,4,4,2026-10-07T07:25:34+02:00
a64fx,simde,128,main_scan_int,4,"and 1",0.10,19.0183,7.7907,4,4,2026-10-07T07:25:34+02:00
a64fx,simde,128,main_scan_int,4,"and 1",0.10,19.0527,7.7286,4,4,2026-10-07T07:25:34+02:00
a64fx,simde,128,main_scan_int,4,"and 1",0.10,19.1038,7.7223,4,4,2026-10-07T07:25:34+02:00
a64fx,simde,128,main_scan_int,4,"and 2",0.32,5.8921,5.5816,4,4,2026-10-07T07:25:34+02:00
a64fx,simde,128,main_scan_int,4,"and 2",0.32,5.8547,5.5765,4,4,2026-10-07T07:25:34+02:00
a64fx,simde,128,main_scan_int,4,"and 2",0.32,5.8654,5.6015,4,4,2026-10-07T07:25:34+02:00
a64fx,simde,128,main_scan_int,4,"and 2",0.32,5.8847,5.6612,4,4,2026-10-07T07:25:34+02:00
a64fx,simde,128,main_scan_int,4,"and 2",0.32,5.9195,5.6102,4,4,2026-10-07T07:25:34+02:00
a64fx,simde,128,main_scan_int,4,"and 3",0.46,3.6738,4.9077,4,4,2026-10-07T07:25:34+02:00
a64fx,simde,128,main_scan_int,4,"and 3",0.46,3.6712,4.9023,4,4,2026-10-07T07:25:34+02:00
a64fx,simde,128,main_scan_int,4,"and 3",0.46,3.6742,4.8998,4,4,2026-10-07T07:25:34+02:00
a64fx,simde,128,main_scan_int,4,"and 3",0.46,3.6167,4.9017,4,4,2026-10-07T07:25:34+02:00
a64fx,simde,128,main_scan_int,4,"and 3",0.46,3.3625,4.8625,4,4,2026-10-07T07:25:34+02:00
a64fx,simde,128,main_scan_int,4,"and 1",0.20,11.7491,4.9959,4,4,2026-10-07T07:25:34+02:00
a64fx,simde,128,main_scan_int,4,"and 1",0.20,11.7624,5.0918,4,4,2026-10-07T07:25:34+02:00
a64fx,simde,128,main_scan_int,4,"and 1",0.20,11.7561,5.0913,4,4,2026-10-07T07:25:34+02:00
a64fx,simde,128,main_scan_int,4,"and 1",0.20,11.7447,5.0735,4,4,2026-10-07T07:25:34+02:00
a64fx,simde,128,main_scan_int,4,"and 1",0.20,11.7394,4.9863,4,4,2026-10-07T07:25:34+02:00
a64fx,simde,128,main_scan_int,4,"and 2",0.45,4.2516,4.0632,4,4,2026-10-07T07:25:34+02:00
a64fx,simde,128,main_scan_int,4,"and 2",0.45,4.2486,4.0887,4,4,2026-10-07T07:25:34+02:00
a64fx,simde,128,main_scan_int,4,"and 2",0.45,4.2794,4.0640,4,4,2026-10-07T07:25:34+02:00
a64fx,simde,128,main_scan_int,4,"and 2",0.45,4.2908,4.0924,4,4,2026-10-07T07:25:34+02:00
a64fx,simde,128,main_scan_int,4,"and 2",0.45,4.2860,4.0669,4,4,2026-10-07T07:25:34+02:00
a64fx,simde,128,main_scan_int,4,"and 3",0.58,3.5167,3.7044,4,4,2026-10-07T07:25:34+02:00
a64fx,simde,128,main_scan_int,4,"and 3",0.58,3.4819,3.6871,4,4,2026-10-07T07:25:34+02:00
a64fx,simde,128,main_scan_int,4,"and 3",0.58,3.5087,3.7096,4,4,2026-10-07T07:25:34+02:00
a64fx,simde,128,main_scan_int,4,"and 3",0.58,3.4972,3.6324,4,4,2026-10-07T07:25:34+02:00
a64fx,simde,128,main_scan_int,4,"and 3",0.58,3.4987,3.7047,4,4,2026-10-07T07:25:34+02:00
a64fx,simde,128,main_scan_int,4,"and 1",0.50,5.8336,2.6737,4,4,2026-10-07T07:25:34+02:00
a64fx,simde,128,main_scan_int,4,"and 1",0.50,5.8321,2.6744,4,4,2026-10-07T07:25:34+02:00
a64fx,simde,128,main_scan_int,4,"and 1",0.50,5.8281,2.6654,4,4,2026-10-07T07:25:34+02:00
a64fx,simde,128,main_scan_int,4,"and 1",0.50,5.8477,2.6648,4,4,2026-10-07T07:25:34+02:00
a64fx,simde,128,main_scan_int,4,"and 1",0.50,5.8442,2.6682,4,4,2026-10-07T07:25:34+02:00
a64fx,simde,128,main_scan_int,4,"and 2",0.71,5.4670,2.3633,4,4,2026-10-07T07:25:34+02:00
a64fx,simde,128,main_scan_int,4,"and 2",0.71,5.4229,2.3671,4,4,2026-10-07T07:25:34+02:00
a64fx,simde,128,main_scan_int,4,"and 2",0.71,5.4204,2.3489,4,4,2026-10-07T07:25:34+02:00
a64fx,simde,128,main_scan_int,4,"and 2",0.71,5.4365,2.3447,4,4,2026-10-07T07:25:34+02:00
a64fx,simde,128,main_scan_int,4,"and 2",0.71,5.4166,2.3583,4,4,2026-10-07T07:25:34+02:00
a64fx,simde,128,main_scan_int,4,"and 3",0.79,5.2084,2.2331,4,4,2026-10-07T07:25:34+02:00
a64fx,simde,128,main_scan_int,4,"and 3",0.79,5.1993,2.2215,4,4,2026-10-07T07:25:34+02:00
a64fx,simde,128,main_scan_int,4,"and 3",0.79,5.2139,2.2066,4,4,2026-10-07T07:25:34+02:00
a64fx,simde,128,main_scan_int,4,"and 3",0.79,5.1194,2.2256,4,4,2026-10-07T07:25:34+02:00
a64fx,simde,128,main_scan_int,4,"and 3",0.79,5.2070,2.2285,4,4,2026-10-07T07:25:34+02:00
a64fx,simde,128,main_scan_int,4,"and 1",1.00,30.4946,23.4035,4,4,2026-10-07T07:25:34+02:00
a64fx,simde,128,main_scan_int,4,"and 1",1.00,32.0073,23.4018,4,4,2026-10-07T07:25:34+02:00
a64fx,simde,128,main_scan_int,4,"and 1",1.00,31.8142,23.3429,4,4,2026-10-07T07:25:34+02:00
a64fx,simde,128,main_scan_int,4,"and 1",1.00,31.5049,23.3346,4,4,2026-10-07T07:25:34+02:00
a64fx,simde,128,main_scan_int,4,"and 1",1.00,31.8493,23.4095,4,4,2026-10-07T07:25:34+02:00
a64fx,simde,128,main_scan_int,4,"and 2",1.00,26.1313,11.6797,4,4,2026-10-07T07:25:34+02:00
a64fx,simde,128,main_scan_int,4,"and 2",1.00,25.9874,11.2746,4,4,2026-10-07T07:25:34+02:00
a64fx,simde,128,main_scan_int,4,"and 2",1.00,26.0483,11.6805,4,4,2026-10-07T07:25:34+02:00
a64fx,simde,128,main_scan_int,4,"and 2",1.00,24.1426,11.2822,4,4,2026-10-07T07:25:34+02:00
a64fx,simde,128,main_scan_int,4,"and 2",1.00,26.0625,11.6916,4,4,2026-10-07T07:25:34+02:00
a64fx,simde,128,main_scan_int,4,"and 3",1.00,9.6173,8.8034,4,4,2026-10-07T07:25:34+02:00
a64fx,simde,128,main_scan_int,4,"and 3",1.00,9.7690,8.8017,4,4,2026-10-07T07:25:34+02:00
a64fx,simde,128,main_scan_int,4,"and 3",1.00,9.6196,8.7093,4,4,2026-10-07T07:25:34+02:00
a64fx,simde,128,main_scan_int,4,"and 3",1.00,9.7542,8.7384,4,4,2026-10-07T07:25:34+02:00
a64fx,simde,128,main_scan_int,4,"and 3",1.00,9.7755,8.9300,4,4,2026-10-07T07:25:34+02:00
a64fx,simde,256,main_scan_int,4,"and 1",0.00,47.9662,28.8569,4,4,2026-10-07T07:25:43+02:00
a64fx,simde,256,main_scan_int,4,"and 1",0.00,48.2551,28.8454,4,4,2026-10-07T07:25:43+02:00
a64fx,simde,256,main_scan_int,4,"and 1",0.00,48.2714,29.8051,4,4,2026-10-07T07:25:43+02:00
a64fx,simde,256,main_scan_int,4,"and 1",0.00,44.8853,30.1035,4,4,2026-10-07T07:25:43+02:00
a64fx,simde,256,main_scan_int,4,"and 1",0.00,48.6160,30.1908,4,4,2026-10-07T07:25:43+02:00
a64fx,simde,256,main_scan_int,4,"and 2",0.03,14.2202,13.4569,4,4,2026-10-07T07:25:43+02:00
a64fx,simde,256,main_scan_int,4,"and 2",0.03,14.6060,13.8045,4,4,2026-10-07T07:25:43+02:00
a64fx,simde,256,main_scan_int,4,"and 2",0.03,14.6037,13.8688,4,4,2026-10-07T07:25:43+02:00
a64fx,simde,256,main_scan_int,4,"and 2",0.03,14.1000,13.8307,4,4,2026-10-07T07:25:43+02:00
a64fx,simde,256,main_scan_int,4,"and 2",0.03,13.7291,13.5073,4,4,2026-10-07T07:25:43+02:00
a64fx,simde,256,main_scan_int,4,"and 3",0.10,10.0715,9.8970,4,4,2026-10-07T07:25:43+02:00
a64fx,simde,256,main_scan_int,4,"and 3",0.10,9.8770,9.6526,4,4,2026-10-07T07:25:43+02:00
a64fx,simde,256,main_scan_int,4,"and 3",0.10,9.6880,9.6551,4,4,2026-10-07T07:25:43+02:00
a64fx,simde,256,main_scan_int,4,"and 3",0.10,10.0505,9.8930,4,4,2026-10-07T07:25:43+02:00
a64fx,simde,256,main_scan_int,4,"and 3",0.10,9.7244,9.7344,4,4,2026-10-07T07:25:43+02:00
a64fx,simde,256,main_scan_int,4,"and 1",0.00,42.6108,28.3202,4,4,2026-10-07T07:25:43+02:00
a64fx,simde,256,main_scan_int,4,"and 1",0.00,42.7675,27.5873,4,4,2026-10-07T07:25:43+02:00
a64fx,simde,256,main_scan_int,4,"and 1",0.00,42.7007,28.2043,4,4,2026-10-07T07:25:43+02:00
a64fx,simde,256,main_scan_int,4,"and 1",0.00,42.1727,28.1271,4,4,2026-10-07T07:25:43+02:00
a64fx,simde,256,main_scan_int,4,"and 1",0.00,42.2083,26.9555,4,4,2026-10-07T07:25:43+02:00
a64fx,simde,256,main_scan_int,4,"and 2",0.04,14.9974,13.9569,4,4,2026-10-07T07:25:43+02:00
a64fx,simde,256,main_scan_int,4,"and 2",0.04,14.6593,13.4434,4,4,2026-10-07T07:25:43+02:00
a64fx,simde,256,main_scan_int,4,"and 2",0.04,14.9032,13.9785,4,4,2026-10-07T07:25:43+02:00
a64fx,simde,256,main_scan_int,4,"and 2",0.04,14.8735,13.8749,4,4,2026-10-07T07:25:43+02:00
a64fx,simde,256,main_scan_int,4,"and 2",0.04,14.0637,13.5996,4,4,2026-10-07T07:25:43+02:00
a64fx,simde,256,main_scan_int,4,"and 3",0.13,8.6524,9.0676,4,4,2026-10-07T07:25:43+02:00
a64fx,simde,256,main_scan_int,4,"and 3",0.13,8.5237,9.0474,4,4,2026-10-07T07:25:43+02:00
a64fx,simde,256,main_scan_int,4,"and 3",0.13,8.5056,8.6400,4,4,2026-10-07T07:25:43+02:00
a64fx,simde,256,main_scan_int,4,"and 3",0.13,8.6143,8.8370,4,4,2026-10-07T07:25:43+02:00
a64fx,simde,256,main_scan_int,4,"and 3",0.13,8.6648,9.0619,4,4,2026-10-07T07:25:43+02:00
a64fx,simde,256,main_scan_int,4,"and 1",0.01,30.4050,24.2339,4,4,2026-10-07T07:25:43+02:00
a64fx,simde,256,main_scan_int,4,"and 1",0.01,30.1742,24.2001,4,4,2026-10-07T07:25:43+02:00
a64fx,simde,256,main_scan_int,4,"and 1",0.01,31.8685,24.1740,4,4,2026-10-07T07:25:43+02:00
a64fx,simde,256,main_scan_int,4,"and 1",0.01,31.8325,21.8686,4,4,2026-10-07T07:25:43+02:00
a64fx,simde,256,main_scan_int,4,"and 1",0.01,31.9903,22.7140,4,4,2026-10-07T07:25:43+02:00
a64fx,simde,256,main_scan_int,4,"and 2",0.07,12.8399,12.4593,4,4,2026-10-07T07:25:43+02:00
a64fx,simde,256,main_scan_int,4,"and 2",0.07,12.4777,12.2203,4,4,2026-10-07T07:25:43+02:00
a64fx,simde,256,main_scan_int,4,"and 2",0.07,12.8514,12.4813,4,4,2026-10-07T07:25:43+02:00
a64fx,simde,256,main_scan_int,4,"and 2",0.07,12.8704,12.4930,4,4,2026-10-07T07:25:43+02:00
a64fx,simde,256,main_scan_int,4,"and 2",0.07,12.4322,12.0192,4,4,2026-10-07T07:25:43+02:00
a64fx,simde,256,main_scan_int,4,"and 3",0.17,7.2860,8.2191,4,4,2026-10-07T07:25:43+02:00
a64fx,simde,256,main_scan_int,4,"and 3",0.17,7.4066,8.1008,4,4,2026-10-07T07:25:43+02:00
a64fx,simde,256,main_scan_int,4,"and 3",0.17,7.4399,8.3951,4,4,2026-10-07T07:25:43+02:00
a64fx,simde,256,main_scan_int,4,"and 3",0.17,7.4545,8.2673,4,4,2026-10-07T07:25:43+02:00
a64fx,simde,256,main_scan_int,4,"and 3",0.17,7.4547,8.2265,4,4,2026-10-07T07:25:43+02:00
a64fx,simde,256,main_scan_int,4,"and 1",0.01,24.7053,19.6107,4,4,2026-10-07T07:25:43+02:00
a64fx,simde,256,main_scan_int,4,"and 1",0.01,24.7173,20.1618,4,4,2026-10-07T07:25:43+02:00
a64fx,simde,256,main_scan_int,4,"and 1",0.01,24.3310,20.1722,4,4,2026-10-07T07:25:43+02:00
a64fx,simde,256,main_scan_int,4,"and 1",0.01,24.7301,20.2721,4,4,2026-10-07T07:25:43+02:00
a64fx,simde,256,main_scan_int,4,"and 1",0.01,24.7193,20.4068,4,4,2026-10-07T07:25:43+02:00
a64fx,simde,256,main_scan_int,4,"and 2",0.10,10.2553,10.4384,4,4,2026-10-07T07:25:43+02:00
a64fx,simde,256,main_scan_int,4,"and 2",0.10,9.9455,10.5305,4,4,2026-10-07T07:25:43+02:00
a64fx,simde,256,main_scan_int,4,"and 2",0.10,10.5488,10.7641,4,4,2026-10-07T07:25:43+02:00
a64fx,simde,256,main_scan_int,4,"and 2",0.10,10.4866,10.4329,4,4,2026-10-07T07:25:43+02:00
a64fx,simde,256,main_scan_int,4,"and 2",0.10,10.4036,10.6650,4,4,2026-10-07T07:25:43+02:00
a64fx,simde,256,main_scan_int,4,"and 3",0.22,6.6203,7.9855,4,4,2026-10-07T07:25:43+02:00
a64fx,simde,256,main_scan_int,4,"and 3",0.22,6.6207,7.8740,4,4,2026-10-07T07:25:43+02:00
a64fx,simde,256,main_scan_int,4,"and 3",0.22,6.5641,7.8770,4,4,2026-10-07T07:25:43+02:00
a64fx,simde,256,main_scan_int,4,"and 3",0.22,6.6195,7.8776,4,4,2026-10-07T07:25:43+02:00
a64fx,simde,256,main_scan_int,4,"and 3",0.22,6.6466,7.8187,4,4,2026-10-07T07:25:43+02:00
a64fx,simde,256,main_scan_int,4,"and 1",0.02,20.4810,15.7065,4,4,2026-10-07T07:25:43+02:00
a64fx,simde,256,main_scan_int,4,"and 1",0.02,20.8350,15.7138,4,4,2026-10-07T07:25:43+02:00
a64fx,simde,256,main_scan_int,4,"and 1",0.02,20.8188,15.7135,4,4,2026-10-07T07:25:43+02:00
a64fx,simde,256,main_scan_int,4,"and 1",0.02,20.2146,15.6926,4,4,2026-10-07T07:25:43+02:00
a64fx,simde,256,main_scan_int,4,"and 1",0.02,19.9692,15.1591,4,4,2026-10-07T07:25:43+02:00
a64fx,simde,256,main_scan_int,4,"and 2",0.14,8.5882,8.7753,4,4,2026-10-07T07:25:43+02:00
a64fx,simde,256,main_scan_int,4,"and 2",0.14,8.8019,8.8113,4,4,2026-10-07T07:25:43+02:00
a64fx,simde,256,main_scan_int,4,"and 2",0.14,8.8204,9.0190,4,4,2026-10-07T07:25:43+02:00
a64fx,simde,256,main_scan_int,4,"and 2",0.14,8.7163,8.8534,4,4,2026-10-07T07:25:43+02:00
a64fx,simde,256,main_scan_int,4,"and 2",0.14,8.6648,8.8810,4,4,2026-10-07T07:25:43+02:00
a64fx,simde,256,main_scan_int,4,"and 3",0.27,5.6348,7.1111,4,4,2026-10-07T07:25:43+02:00
a64fx,simde,256,main_scan_int,4,"and 3",0.27,5.5894,7.1394,4,4,2026-10-07T07:25:43+02:00
a64fx,simde,256,main_scan_int,4,"and 3",0.27,5.5978,7.2202,4,4,2026-10-07T07:25:43+02:00
a64fx,simde,256,main_scan_int,4,"and 3",0.27,5.6311,7.1301,4,4,2026-10-07T07:25:43+02:00
a64fx,simde,256,main_scan_int,4,"and 3",0.27,5.6770,7.1760,4,4,2026-10-07T07:25:43+02:00
a64fx,simde,256,main_scan_int,4,"and 1",0.05,25.3969,10.7497,4,4,2026-10-07T07:25:43+02:00
a64fx,simde,256,main_scan_int,4,"and 1",0.05,25.6209,10.5702,4,4,2026-10-07T07:25:43+02:00
a64fx,simde,256,main_scan_int,4,"and 1",0.05,25.3571,10.7510,4,4,2026-10-07T07:25:43+02:00
a64fx,simde,256,main_scan_int,4,"and 1",0.05,25.3904,10.7440,4,4,2026-10-07T07:25:43+02:00
a64fx,simde,256,main_scan_int,4,"and 1",0.05,23.5597,10.5187,4,4,2026-10-07T07:25:43+02:00
a64fx,simde,256,main_scan_int,4,"and 2",0.22,7.8480,6.8289,4,4,2026-10-07T07:25:43+02:00
a64fx,simde,256,main_scan_int,4,"and 2",0.22,7.8524,6.8974,4,4,2026-10-07T07:25:43+02:00
a64fx,simde,256,main_scan_int,4,"and 2",0.22,7.8438,6.8802,4,4,2026-10-07T07:25:43+02:00
a64fx,simde,256,main_scan_int,4,"and 2",0.22,7.8532,6.9024,4,4,2026-10-07T07:25:43+02:00
a64fx,simde,256,main_scan_int,4,"and 2",0.22,7.8339,6.9436,4,4,2026-10-07T07:25:43+02:00
a64fx,simde,256,main_scan_int,4,"and 3",0.37,4.5681,5.8036,4,4,2026-10-07T07:25:43+02:00
a64fx,simde,256,main_scan_int,4,"and 3",0.37,4.5935,5.8058,4,4,2026-10-07T07:25:43+02:00
a64fx,simde,256,main_scan_int,4,"and 3",0.37,4.5930,5.7689,4,4,2026-10-07T07:25:43+02:00
a64fx,simde,256,main_scan_int,4,"and 3",0.37,4.5766,5.8607,4,4,2026-10-07T07:25:43+02:00
a64fx,simde,256,main_scan_int,4,"and 3",0.37,4.5807,5.7957,4,4,2026-10-07T07:25:43+02:00
a64fx,simde,256,main_scan_int,4,"and 1",0.10,19.0240,7.5479,4,4,2026-10-07T07:25:43+02:00
a64fx,simde,256,main_scan_int,4,"and 1",0.10,19.0467,7.5479,4,4,2026-10-07T07:25:43+02:00
a64fx,simde,256,main_scan_int,4,"and 1",0.10,18.9877,7.4906,4,4,2026-10-07T07:25:43+02:00
a64fx,simde,256,main_scan_int,4,"and 1",0.10,19.0492,7.6229,4,4,2026-10-07T07:25:43+02:00
a64fx,simde,256,main_scan_int,4,"and 1",0.10,18.0728,7.5908,4,4,2026-10-07T07:25:43+02:00
a64fx,simde,256,main_scan_int,4,"and 2",0.32,5.9113,5.4565,4,4,2026-10-07T07:25:43+02:00
a64fx,simde,256,main_scan_int,4,"and 2",0.32,5.8527,5.5081,4,4,2026-10-07T07:25:43+02:00
a64fx,simde,256,main_scan_int,4,"and 2",0.32,5.9418,5.4851,4,4,2026-10-07T07:25:43+02:00
a64fx,simde,256,main_scan_int,4,"and 2",0.32,5.8587,5.5295,4,4,2026-10-07T07:25:43+02:00
a64fx,simde,256,main_scan_int,4,"and 2",0.32,5.8823,5.4542,4,4,2026-10-07T07:25:43+02:00
a64fx,simde,256,main_scan_int,4,"and 3",0.46,3.6342,4.6867,4,4,2026-10-07T07:25:43+02:00
a64fx,simde,256,main_scan_int,4,"and 3",0.46,3.6637,4.7299,4,4,2026-10-07T07:25:43+02:00
a64fx,simde,256,main_scan_int,4,"and 3",0.46,3.6737,4.7052,4,4,2026-10-07T07:25:43+02:00
a64fx,simde,256,main_scan_int,4,"and 3",0.46,3.6630,4.7068,4,4,2026-10-07T07:25:43+02:00
a64fx,simde,256,main_scan_int,4,"and 3",0.46,3.6552,4.6984,4,4,2026-10-07T07:25:43+02:00
a64fx,simde,256,main_scan_int,4,"and 1",0.20,11.7094,4.9798,4,4,2026-10-07T07:25:43+02:00
a64fx,simde,256,main_scan_int,4,"and 1",0.20,11.7319,4.9882,4,4,2026-10-07T07:25:43+02:00
a64fx,simde,256,main_scan_int,4,"and 1",0.20,11.7319,4.9563,4,4,2026-10-07T07:25:43+02:00
a64fx,simde,256,main_scan_int,4,"and 1",0.20,11.7392,4.9464,4,4,2026-10-07T07:25:43+02:00
a64fx,simde,256,main_scan_int,4,"and 1",0.20,11.3842,4.9546,4,4,2026-10-07T07:25:43+02:00
a64fx,simde,256,main_scan_int,4,"and 2",0.45,4.2781,3.9788,4,4,2026-10-07T07:25:43+02:00
a64fx,simde,256,main_scan_int,4,"and 2",0.45,4.2530,3.9895,4,4,2026-10-07T07:25:43+02:00
a64fx,simde,256,main_scan_int,4,"and 2",0.45,4.2396,3.9949,4,4,2026-10-07T07:25:43+02:00
a64fx,simde,256,main_scan_int,4,"and 2",0.45,4.2892,3.9743,4,4,2026-10-07T07:25:43+02:00
a64fx,simde,256,main_scan_int,4,"and 2",0.45,4.2729,3.9883,4,4,2026-10-07T07:25:43+02:00
a64fx,simde,256,main_scan_int,4,"and 3",0.58,3.5190,3.5816,4,4,2026-10-07T07:25:43+02:00
a64fx,simde,256,main_scan_int,4,"and 3",0.58,3.4305,3.5388,4,4,2026-10-07T07:25:43+02:00
a64fx,simde,256,main_scan_int,4,"and 3",0.58,3.5198,3.5747,4,4,2026-10-07T07:25:43+02:00
a64fx,simde,256,main_scan_int,4,"and 3",0.58,3.5044,3.5610,4,4,2026-10-07T07:25:43+02:00
a64fx,simde,256,main_scan_int,4,"and 3",0.58,3.5147,3.5926,4,4,2026-10-07T07:25:43+02:00
a64fx,simde,256,main_scan_int,4,"and 1",0.50,5.8643,2.5805,4,4,2026-10-07T07:25:43+02:00
a64fx,simde,256,main_scan_int,4,"and 1",0.50,5.8553,2.5890,4,4,2026-10-07T07:25:43+02:00
a64fx,simde,256,main_scan_int,4,"and 1",0.50,5.8488,2.5877,4,4,2026-10-07T07:25:43+02:00
a64fx,simde,256,main_scan_int,4,"and 1",0.50,5.8376,2.5954,4,4,2026-10-07T07:25:43+02:00
a64fx,simde,256,main_scan_int,4,"and 1",0.50,5.8706,2.5897,4,4,2026-10-07T07:25:43+02:00
a64fx,simde,256,main_scan_int,4,"and 2",0.71,5.3908,2.3012,4,4,2026-10-07T07:25:43+02:00
a64fx,simde,256,main_scan_int,4,"and 2",0.71,5.4449,2.3000,4,4,2026-10-07T07:25:43+02:00
a64fx,simde,256,main_scan_int,4,"and 2",0.71,5.4196,2.3031,4,4,2026-10-07T07:25:43+02:00
a64fx,simde,256,main_scan_int,4,"and 2",0.71,5.4107,2.2889,4,4,2026-10-07T07:25:43+02:00
a64fx,simde,256,main_scan_int,4,"and 2",0.71,5.4276,2.2838,4,4,2026-10-07T07:25:43+02:00
a64fx,simde,256,main_scan_int,4,"and 3",0.79,5.2288,2.1518,4,4,2026-10-07T07:25:43+02:00
a64fx,simde,256,main_scan_int,4,"and 3",0.79,5.2014,2.1450,4,4,2026-10-07T07:25:43+02:00
a64fx,simde,256,main_scan_int,4,"and 3",0.79,5.2062,2.1554,4,4,2026-10-07T07:25:43+02:00
a64fx,simde,256,main_scan_int,4,"and 3",0.79,5.1921,2.1539,4,4,2026-10-07T07:25:43+02:00
a64fx,simde,256,main_scan_int,4,"and 3",0.79,5.2035,2.1060,4,4,2026-10-07T07:25:43+02:00
a64fx,simde,256,main_scan_int,4,"and 1",1.00,31.7216,22.9545,4,4,2026-10-07T07:25:43+02:00
a64fx,simde,256,main_scan_int,4,"and 1",1.00,31.7637,23.4365,4,4,2026-10-07T07:25:43+02:00
a64fx,simde,256,main_scan_int,4,"and 1",1.00,32.0315,23.5210,4,4,2026-10-07T07:25:43+02:00
a64fx,simde,256,main_scan_int,4,"and 1",1.00,28.7327,23.5417,4,4,2026-10-07T07:25:43+02:00
a64fx,simde,256,main_scan_int,4,"and 1",1.00,31.7474,22.1668,4,4,2026-10-07T07:25:43+02:00
a64fx,simde,256,main_scan_int,4,"and 2",1.00,26.1128,11.7295,4,4,2026-10-07T07:25:43+02:00
a64fx,simde,256,main_scan_int,4,"and 2",1.00,24.6546,11.0054,4,4,2026-10-07T07:25:43+02:00
a64fx,simde,256,main_scan_int,4,"and 2",1.00,26.0022,11.7283,4,4,2026-10-07T07:25:43+02:00
a64fx,simde,256,main_scan_int,4,"and 2",1.00,25.9908,11.5935,4,4,2026-10-07T07:25:43+02:00
a64fx,simde,256,main_scan_int,4,"and 2",1.00,26.1198,11.7275,4,4,2026-10-07T07:25:43+02:00
a64fx,simde,256,main_scan_int,4,"and 3",1.00,9.4855,8.4155,4,4,2026-10-07T07:25:43+02:00
a64fx,simde,256,main_scan_int,4,"and 3",1.00,9.7550,8.6044,4,4,2026-10-07T07:25:43+02:00
a64fx,simde,256,main_scan_int,4,"and 3",1.00,9.7576,8.7422,4,4,2026-10-07T07:25:43+02:00
a64fx,simde,256,main_scan_int,4,"and 3",1.00,9.7496,8.7453,4,4,2026-10-07T07:25:43+02:00
a64fx,simde,256,main_scan_int,4,"and 3",1.00,9.5266,8.6214,4,4,2026-10-07T07:25:43+02:00
a64fx,simde,512,main_scan_int,4,"and 1",0.00,50.0041,36.0326,4,4,2026-10-07T07:25:51+02:00
a64fx,simde,512,main_scan_int,4,"and 1",0.00,48.4093,37.1352,4,4,2026-10-07T07:25:51+02:00
a64fx,simde,512,main_scan_int,4,"and 1",0.00,49.2528,37.2728,4,4,2026-10-07T07:25:51+02:00
a64fx,simde,512,main_scan_int,4,"and 1",0.00,49.4100,34.3692,4,4,2026-10-07T07:25:51+02:00
a64fx,simde,512,main_scan_int,4,"and 1",0.00,49.3784,37.2778,4,4,2026-10-07T07:25:51+02:00
a64fx,simde,512,main_scan_int,4,"and 2",0.03,14.6701,14.9830,4,4,2026-10-07T07:25:51+02:00
a64fx,simde,512,main_scan_int,4,"and 2",0.03,14.3747,15.0338,4,4,2026-10-07T07:25:51+02:00
a64fx,simde,512,main_scan_int,4,"and 2",0.03,14.4832,14.6588,4,4,2026-10-07T07:25:51+02:00
a64fx,simde,512,main_scan_int,4,"and 2",0.03,14.6224,14.9476,4,4,2026-10-07T07:25:51+02:00
a64fx,simde,512,main_scan_int,4,"and 2",0.03,14.5992,14.7992,4,4,2026-10-07T07:25:51+02:00
a64fx,simde,512,main_scan_int,4,"and 3",0.10,9.8431,10.3763,4,4,2026-10-07T07:25:51+02:00
a64fx,simde,512,main_scan_int,4,"and 3",0.10,10.0920,10.7937,4,4,2026-10-07T07:25:51+02:00
a64fx,simde,512,main_scan_int,4,"and 3",0.10,9.9308,10.7584,4,4,2026-10-07T07:25:51+02:00
a64fx,simde,512,main_scan_int,4,"and 3",0.10,9.9685,10.6683,4,4,2026-10-07T07:25:51+02:00
a64fx,simde,512,main_scan_int,4,"and 3",0.10,10.1032,10.7522,4,4,2026-10-07T07:25:51+02:00
a64fx,simde,512,main_scan_int,4,"and 1",0.00,42.4888,34.5499,4,4,2026-10-07T07:25:51+02:00
a64fx,simde,512,main_scan_int,4,"and 1",0.00,40.2806,34.0666,4,4,2026-10-07T07:25:51+02:00
a64fx,simde,512,main_scan_int,4,"and 1",0.00,37.1708,34.1287,4,4,2026-10-07T07:25:51+02:00
a64fx,simde,512,main_scan_int,4,"and 1",0.00,39.5069,34.1653,4,4,2026-10-07T07:25:51+02:00
a64fx,simde,512,main_scan_int,4,"and 1",0.00,42.5003,34.1650,4,4,2026-10-07T07:25:51+02:00
a64fx,simde,512,main_scan_int,4,"and 2",0.04,14.4157,14.7190,4,4,2026-10-07T07:25:51+02:00
a64fx,simde,512,main_scan_int,4,"and 2",0.04,15.1140,15.1383,4,4,2026-10-07T07:25:51+02:00
a64fx,simde,512,main_scan_int,4,"and 2",0.04,15.0014,14.9961,4,4,2026-10-07T07:25:51+02:00
a64fx,simde,512,main_scan_int,4,"and 2",0.04,15.0165,15.0276,4,4,2026-10-07T07:25:51+02:00
a64fx,simde,512,main_scan_int,4,"and 2",0.04,14.6705,14.0859,4,4,2026-10-07T07:25:51+02:00
a64fx,simde,512,main_scan_int,4,"and 3",0.13,8.6810,9.9071,4,4,2026-10-07T07:25:51+02:00
a64fx,simde,512,main_scan_int,4,"and 3",0.13,8.5569,9.9026,4,4,2026-10-07T07:25:51+02:00
a64fx,simde,512,main_scan_int,4,"and 3",0.13,8.4250,9.9032,4,4,2026-10-07T07:25:51+02:00
a64fx,simde,512,main_scan_int,4,"and 3",0.13,8.5088,9.6350,4,4,2026-10-07T07:25:51+02:00
a64fx,simde,512,main_scan_int,4,"and 3",0.13,8.6714,9.8884,4,4,2026-10-07T07:25:51+02:00
a64fx,simde,512,main_scan_int,4,"and 1",0.01,31.3626,28.9453,4,4,2026-10-07T07:25:51+02:00
a64fx,simde,512,main_scan_int,4,"and 1",0.01,30.1707,28.9302,4,4,2026-10-07T07:25:51+02:00
a64fx,simde,512,main_scan_int,4,"and 1",0.01,32.2819,28.9884,4,4,2026-10-07T07:25:51+02:00
a64fx,simde,512,main_scan_int,4,"and 1",0.01,31.8891,28.7141,4,4,2026-10-07T07:25:51+02:00
a64fx,simde,512,main_scan_int,4,"and 1",0.01,31.9090,28.8405,4,4,2026-10-07T07:25:51+02:00
a64fx,simde,512,main_scan_int,4,"and 2",0.07,12.4463,13.3118,4,4,2026-10-07T07:25:51+02:00
a64fx,simde,512,main_scan_int,4,"and 2",0.07,12.5336,13.0271,4,4,2026-10-07T07:25:51+02:00
a64fx,simde,512,main_scan_int,4,"and 2",0.07,12.8567,13.3551,4,4,2026-10-07T07:25:51+02:00
a64fx,simde,512,main_scan_int,4,"and 2",0.07,12.8487,12.9700,4,4,2026-10-07T07:25:51+02:00
a64fx,simde,512,main_scan_int,4,"and 2",0.07,12.8565,13.3616,4,4,2026-10-07T07:25:51+02:00
a64fx,simde,512,main_scan_int,4,"and 3",0.17,7.4033,9.1523,4,4,2026-10-07T07:25:51+02:00
a64fx,simde,512,main_scan_int,4,"and 3",0.17,7.3610,9.1664,4,4,2026-10-07T07:25:51+02:00
a64fx,simde,512,main_scan_int,4,"and 3",0.17,7.2679,9.0380,4,4,2026-10-07T07:25:51+02:00
a64fx,simde,512,main_scan_int,4,"and 3",0.17,7.2020,8.9046,4,4,2026-10-07T07:25:51+02:00
a64fx,simde,512,main_scan_int,4,"and 3",0.17,7.3798,8.9286,4,4,2026-10-07T07:25:51+02:00
a64fx,simde,512,main_scan_int,4,"and 1",0.01,24.7242,22.7500,4,4,2026-10-07T07:25:51+02:00
a64fx,simde,512,main_scan_int,4,"and 1",0.01,24.7234,23.1656,4,4,2026-10-07T07:25:51+02:00
a64fx,simde,512,main_scan_int,4,"and 1",0.01,24.8444,22.8896,4,4,2026-10-07T07:25:51+02:00
a64fx,simde,512,main_scan_int,4,"and 1",0.01,24.7243,22.8965,4,4,2026-10-07T07:25:51+02:00
a64fx,simde,512,main_scan_int,4,"and 1",0.01,24.7228,23.2352,4,4,2026-10-07T07:25:51+02:00
a64fx,simde,512,main_scan_int,4,"and 2",0.10,10.1599,11.1284,4,4,2026-10-07T07:25:51+02:00
a64fx,simde,512,main_scan_int,4,"and 2",0.10,10.5321,11.4335,4,4,2026-10-07T07:25:51+02:00
a64fx,simde,512,main_scan_int,4,"and 2",0.10,10.3001,11.1676,4,4,2026-10-07T07:25:51+02:00
a64fx,simde,512,main_scan_int,4,"and 2",0.10,10.5356,6.2859,4,4,2026-10-07T07:25:51+02:00
a64fx,simde,512,main_scan_int,4,"and 2",0.10,10.2920,11.2220,4,4,2026-10-07T07:25:51+02:00
a64fx,simde,512,main_scan_int,4,"and 3",0.22,6.6977,8.6779,4,4,2026-10-07T07:25:51+02:00
a64fx,simde,512,main_scan_int,4,"and 3",0.22,6.6854,8.7564,4,4,2026-10-07T07:25:51+02:00
a64fx,simde,512,main_scan_int,4,"and 3",0.22,6.6539,8.7583,4,4,2026-10-07T07:25:51+02:00
a64fx,simde,512,main_scan_int,4,"and 3",0.22,6.6245,8.7763,4,4,2026-10-07T07:25:51+02:00
a64fx,simde,512,main_scan_int,4,"and 3",0.22,6.6141,8.7400,4,4,2026-10-07T07:25:51+02:00
a64fx,simde,512,main_scan_int,4,"and 1",0.02,20.8450,17.1868,4,4,2026-10-07T07:25:51+02:00
a64fx,simde,512,main_scan_int,4,"and 1",0.02,20.9058,17.4906,4,4,2026-10-07T07:25:51+02:00
a64fx,simde,512,main_scan_int,4,"and 1",0.02,20.9187,17.6949,4,4,2026-10-07T07:25:51+02:00
a64fx,simde,512,main_scan_int,4,"and 1",0.02,20.8461,17.6816,4,4,2026-10-07T07:25:51+02:00
a64fx,simde,512,main_scan_int,4,"and 1",0.02,20.8621,17.6519,4,4,2026-10-07T07:25:51+02:00
a64fx,simde,512,main_scan_int,4,"and 2",0.14,8.5754,9.1742,4,4,2026-10-07T07:25:51+02:00
a64fx,simde,512,main_scan_int,4,"and 2",0.14,8.0458,9.2269,4,4,2026-10-07T07:25:51+02:00
a64fx,simde,512,main_scan_int,4,"and 2",0.14,8.8032,9.4577,4,4,2026-10-07T07:25:51+02:00
a64fx,simde,512,main_scan_int,4,"and 2",0.14,8.6792,4.4680,4,4,2026-10-07T07:25:51+02:00
a64fx,simde,512,main_scan_int,4,"and 2",0.14,8.8175,9.4564,4,4,2026-10-07T07:25:51+02:00
a64fx,simde,512,main_scan_int,4,"and 3",0.27,5.6300,7.6362,4,4,2026-10-07T07:25:51+02:00
a64fx,simde,512,main_scan_int,4,"and 3",0.27,5.6361,7.6479,4,4,2026-10-07T07:25:51+02:00
a64fx,simde,512,main_scan_int,4,"and 3",0.27,5.5965,7.8165,4,4,2026-10-07T07:25:51+02:00
a64fx,simde,512,main_scan_int,4,"and 3",0.27,5.6038,7.8337,4,4,2026-10-07T07:25:51+02:00
a64fx,simde,512,main_scan_int,4,"and 3",0.27,5.6235,7.7380,4,4,2026-10-07T07:25:51+02:00
a64fx,simde,512,main_scan_int,4,"and 1",0.05,25.4479,11.4228,4,4,2026-10-07T07:25:51+02:00
a64fx,simde,512,main_scan_int,4,"and 1",0.05,25.5422,11.6316,4,4,2026-10-07T07:25:51+02:00
a64fx,simde,512,main_scan_int,4,"and 1",0.05,25.5158,11.5914,4,4,2026-10-07T07:25:51+02:00
a64fx,simde,512,main_scan_int,4,"and 1",0.05,24.4871,11.3242,4,4,2026-10-07T07:25:51+02:00
a64fx,simde,512,main_scan_int,4,"and 1",0.05,25.3178,11.4859,4,4,2026-10-07T07:25:51+02:00
a64fx,simde,512,main_scan_int,4,"and 2",0.22,7.6264,7.1209,4,4,2026-10-07T07:25:51+02:00
a64fx,simde,512,main_scan_int,4,"and 2",0.22,7.6401,7.0786,4,4,2026-10-07T07:25:51+02:00
a64fx,simde,512,main_scan_int,4,"and 2",0.22,7.6150,7.2581,4,4,2026-10-07T07:25:51+02:00
a64fx,simde,512,main_scan_int,4,"and 2",0.22,7.5927,7.0277,4,4,2026-10-07T07:25:51+02:00
a64fx,simde,512,main_scan_int,4,"and 2",0.22,7.7710,7.1743,4,4,2026-10-07T07:25:51+02:00
a64fx,simde,512,main_scan_int,4,"and 3",0.37,4.5651,6.2441,4,4,2026-10-07T07:25:51+02:00
a64fx,simde,512,main_scan_int,4,"and 3",0.37,4.5621,6.2147,4,4,2026-10-07T07:25:51+02:00
a64fx,simde,512,main_scan_int,4,"and 3",0.37,4.5745,6.2036,4,4,2026-10-07T07:25:51+02:00
a64fx,simde,512,main_scan_int,4,"and 3",0.37,4.5876,6.2218,4,4,2026-10-07T07:25:51+02:00
a64fx,simde,512,main_scan_int,4,"and 3",0.37,4.5563,6.2165,4,4,2026-10-07T07:25:51+02:00
a64fx,simde,512,main_scan_int,4,"and 1",0.10,18.9907,8.1439,4,4,2026-10-07T07:25:51+02:00
a64fx,simde,512,main_scan_int,4,"and 1",0.10,18.9384,8.0067,4,4,2026-10-07T07:25:51+02:00
a64fx,simde,512,main_scan_int,4,"and 1",0.10,18.9944,8.0835,4,4,2026-10-07T07:25:51+02:00
a64fx,simde,512,main_scan_int,4,"and 1",0.10,18.9713,8.0384,4,4,2026-10-07T07:25:51+02:00
a64fx,simde,512,main_scan_int,4,"and 1",0.10,18.9731,7.9481,4,4,2026-10-07T07:25:51+02:00
a64fx,simde,512,main_scan_int,4,"and 2",0.32,5.9238,5.7127,4,4,2026-10-07T07:25:51+02:00
a64fx,simde,512,main_scan_int,4,"and 2",0.32,5.8679,5.6576,4,4,2026-10-07T07:25:51+02:00
a64fx,simde,512,main_scan_int,4,"and 2",0.32,5.8662,5.6666,4,4,2026-10-07T07:25:51+02:00
a64fx,simde,512,main_scan_int,4,"and 2",0.32,5.8867,5.6506,4,4,2026-10-07T07:25:51+02:00
a64fx,simde,512,main_scan_int,4,"and 2",0.32,5.9039,5.6799,4,4,2026-10-07T07:25:51+02:00
a64fx,simde,512,main_scan_int,4,"and 3",0.46,3.6414,4.9914,4,4,2026-10-07T07:25:51+02:00
a64fx,simde,512,main_scan_int,4,"and 3",0.46,3.6411,5.0309,4,4,2026-10-07T07:25:51+02:00
a64fx,simde,512,main_scan_int,4,"and 3",0.46,3.6321,5.0223,4,4,2026-10-07T07:25:51+02:00
a64fx,simde,512,main_scan_int,4,"and 3",0.46,3.6575,4.9939,4,4,2026-10-07T07:25:51+02:00
a64fx,simde,512,main_scan_int,4,"and 3",0.46,3.6825,5.0296,4,4,2026-10-07T07:25:51+02:00
a64fx,simde,512,main_scan_int,4,"and 1",0.20,11.6797,5.2654,4,4,2026-10-07T07:25:51+02:00
a64fx,simde,512,main_scan_int,4,"and 1",0.20,11.3269,5.2386,4,4,2026-10-07T07:25:51+02:00
a64fx,simde,512,main_scan_int,4,"and 1",0.20,11.6122,5.2097,4,4,2026-10-07T07:25:51+02:00
a64fx,simde,512,main_scan_int,4,"and 1",0.20,11.4762,5.2273,4,4,2026-10-07T07:25:51+02:00
a64fx,simde,512,main_scan_int,4,"and 1",0.20,11.5294,5.1813,4,4,2026-10-07T07:25:51+02:00
a64fx,simde,512,main_scan_int,4,"and 2",0.45,4.2690,4.1218,4,4,2026-10-07T07:25:51+02:00
a64fx,simde,512,main_scan_int,4,"and 2",0.45,4.0474,4.0975,4,4,2026-10-07T07:25:51+02:00
a64fx,simde,512,main_scan_int,4,"and 2",0.45,4.2561,4.1054,4,4,2026-10-07T07:25:51+02:00
a64fx,simde,512,main_scan_int,4,"and 2",0.45,4.2586,4.1065,4,4,2026-10-07T07:25:51+02:00
a64fx,simde,512,main_scan_int,4,"and 2",0.45,4.2531,4.1064,4,4,2026-10-07T07:25:51+02:00
a64fx,simde,512,main_scan_int,4,"and 3",0.58,3.5183,3.7589,4,4,2026-10-07T07:25:51+02:00
a64fx,simde,512,main_scan_int,4,"and 3",0.58,3.4866,3.7681,4,4,2026-10-07T07:25:51+02:00
a64fx,simde,512,main_scan_int,4,"and 3",0.58,3.5193,3.7740,4,4,2026-10-07T07:25:51+02:00
a64fx,simde,512,main_scan_int,4,"and 3",0.58,3.5135,3.7761,4,4,2026-10-07T07:25:51+02:00
a64fx,simde,512,main_scan_int,4,"and 3",0.58,3.4883,3.7467,4,4,2026-10-07T07:25:51+02:00
a64fx,simde,512,main_scan_int,4,"and 1",0.50,5.8403,2.8664,4,4,2026-10-07T07:25:51+02:00
a64fx,simde,512,main_scan_int,4,"and 1",0.50,5.8382,2.8649,4,4,2026-10-07T07:25:51+02:00
a64fx,simde,512,main_scan_int,4,"and 1",0.50,5.8480,2.8821,4,4,2026-10-07T07:25:51+02:00
a64fx,simde,512,main_scan_int,4,"and 1",0.50,5.8461,2.8851,4,4,2026-10-07T07:25:51+02:00
a64fx,simde,512,main_scan_int,4,"and 1",0.50,5.9025,2.8748,4,4,2026-10-07T07:25:51+02:00
a64fx,simde,512,main_scan_int,4,"and 2",0.71,5.4103,2.4192,4,4,2026-10-07T07:25:51+02:00
a64fx,simde,512,main_scan_int,4,"and 2",0.71,5.4350,2.4948,4,4,2026-10-07T07:25:51+02:00
a64fx,simde,512,main_scan_int,4,"and 2",0.71,5.4106,2.4985,4,4,2026-10-07T07:25:51+02:00
a64fx,simde,512,main_scan_int,4,"and 2",0.71,5.4230,2.4873,4,4,2026-10-07T07:25:51+02:00
a64fx,simde,512,main_scan_int,4,"and 2",0.71,5.4382,2.5049,4,4,2026-10-07T07:25:51+02:00
a64fx,simde,512,main_scan_int,4,"and 3",0.79,5.2071,2.3740,4,4,2026-10-07T07:25:51+02:00
a64fx,simde,512,main_scan_int,4,"and 3",0.79,5.1984,2.3712,4,4,2026-10-07T07:25:51+02:00
a64fx,simde,512,main_scan_int,4,"and 3",0.79,5.2406,2.3748,4,4,2026-10-07T07:25:51+02:00
a64fx,simde,512,main_scan_int,4,"and 3",0.79,5.2118,2.3658,4,4,2026-10-07T07:25:51+02:00
a64fx,simde,512,main_scan_int,4,"and 3",0.79,5.2009,2.3607,4,4,2026-10-07T07:25:51+02:00
a64fx,simde,512,main_scan_int,4,"and 1",1.00,31.7542,26.8308,4,4,2026-10-07T07:25:51+02:00
a64fx,simde,512,main_scan_int,4,"and 1",1.00,31.8138,29.0256,4,4,2026-10-07T07:25:51+02:00
a64fx,simde,512,main_scan_int,4,"and 1",1.00,31.7043,29.1264,4,4,2026-10-07T07:25:51+02:00
a64fx,simde,512,main_scan_int,4,"and 1",1.00,31.9058,29.2120,4,4,2026-10-07T07:25:51+02:00
a64fx,simde,512,main_scan_int,4,"and 1",1.00,31.8310,29.0037,4,4,2026-10-07T07:25:51+02:00
a64fx,simde,512,main_scan_int,4,"and 2",1.00,23.4359,11.8773,4,4,2026-10-07T07:25:51+02:00
a64fx,simde,512,main_scan_int,4,"and 2",1.00,25.5557,12.2314,4,4,2026-10-07T07:25:51+02:00
a64fx,simde,512,main_scan_int,4,"and 2",1.00,26.0084,12.1617,4,4,2026-10-07T07:25:51+02:00
a64fx,simde,512,main_scan_int,4,"and 2",1.00,24.2632,11.8670,4,4,2026-10-07T07:25:51+02:00
a64fx,simde,512,main_scan_int,4,"and 2",1.00,26.1362,11.8204,4,4,2026-10-07T07:25:51+02:00
a64fx,simde,512,main_scan_int,4,"and 3",1.00,9.5897,9.2336,4,4,2026-10-07T07:25:51+02:00
a64fx,simde,512,main_scan_int,4,"and 3",1.00,9.7560,9.5421,4,4,2026-10-07T07:25:51+02:00
a64fx,simde,512,main_scan_int,4,"and 3",1.00,9.4492,9.0717,4,4,2026-10-07T07:25:51+02:00
a64fx,simde,512,main_scan_int,4,"and 3",1.00,9.7533,9.5467,4,4,2026-10-07T07:25:51+02:00
a64fx,simde,512,main_scan_int,4,"and 3",1.00,9.5781,9.3912,4,4,2026-10-07T07:25:51+02:00
a64fx,simde,128,main_scan_enc,4,"and 1",0.00,18.1507,8.1072,4,4,2026-10-07T07:26:25+02:00
a64fx,simde,128,main_scan_enc,4,"and 1",0.00,18.1631,8.1573,4,4,2026-10-07T07:26:25+02:00
a64fx,simde,128,main_scan_enc,4,"and 1",0.00,17.9985,8.0757,4,4,2026-10-07T07:26:25+02:00
a64fx,simde,128,main_scan_enc,4,"and 1",0.00,18.1361,8.0404,4,4,2026-10-07T07:26:25+02:00
a64fx,simde,128,main_scan_enc,4,"and 1",0.00,18.1116,8.0837,4,4,2026-10-07T07:26:25+02:00
a64fx,simde,128,main_scan_enc,4,"and 2",0.03,13.9960,5.4197,4,4,2026-10-07T07:26:25+02:00
a64fx,simde,128,main_scan_enc,4,"and 2",0.03,13.9858,5.3891,4,4,2026-10-07T07:26:25+02:00
a64fx,simde,128,main_scan_enc,4,"and 2",0.03,13.6432,5.4019,4,4,2026-10-07T07:26:25+02:00
a64fx,simde,128,main_scan_enc,4,"and 2",0.03,13.6935,5.4065,4,4,2026-10-07T07:26:25+02:00
a64fx,simde,128,main_scan_enc,4,"and 2",0.03,13.9988,5.4322,4,4,2026-10-07T07:26:25+02:00
a64fx,simde,128,main_scan_enc,4,"and 3",0.10,7.6419,3.6125,4,4,2026-10-07T07:26:25+02:00
a64fx,simde,128,main_scan_enc,4,"and 3",0.10,7.8292,3.6681,4,4,2026-10-07T07:26:25+02:00
a64fx,simde,128,main_scan_enc,4,"and 3",0.10,7.7326,3.6637,4,4,2026-10-07T07:26:25+02:00
a64fx,simde,128,main_scan_enc,4,"and 3",0.10,7.6375,3.6517,4,4,2026-10-07T07:26:25+02:00
a64fx,simde,128,main_scan_enc,4,"and 3",0.10,7.8138,3.6648,4,4,2026-10-07T07:26:25+02:00
a64fx,simde,128,main_scan_enc,4,"and 1",0.00,16.7870,7.8322,4,4,2026-10-07T07:26:25+02:00
a64fx,simde,128,main_scan_enc,4,"and 1",0.00,17.1626,7.8634,4,4,2026-10-07T07:26:25+02:00
a64fx,simde,128,main_scan_enc,4,"and 1",0.00,17.1546,8.0316,4,4,2026-10-07T07:26:25+02:00
a64fx,simde,128,main_scan_enc,4,"and 1",0.00,17.2226,7.8910,4,4,2026-10-07T07:26:25+02:00
a64fx,simde,128,main_scan_enc,4,"and 1",0.00,17.1682,7.8539,4,4,2026-10-07T07:26:25+02:00
a64fx,simde,128,main_scan_enc,4,"and 2",0.04,12.6116,4.9677,4,4,2026-10-07T07:26:25+02:00
a64fx,simde,128,main_scan_enc,4,"and 2",0.04,12.6557,4.9980,4,4,2026-10-07T07:26:25+02:00
a64fx,simde,128,main_scan_enc,4,"and 2",0.04,12.6403,4.9171,4,4,2026-10-07T07:26:25+02:00
a64fx,simde,128,main_scan_enc,4,"and 2",0.04,12.6347,4.9454,4,4,2026-10-07T07:26:25+02:00
a64fx,simde,128,main_scan_enc,4,"and 2",0.04,12.6196,4.9572,4,4,2026-10-07T07:26:25+02:00
a64fx,simde,128,main_scan_enc,4,"and 3",0.13,6.9466,3.4422,4,4,2026-10-07T07:26:25+02:00
a64fx,simde,128,main_scan_enc,4,"and 3",0.13,6.9242,3.4071,4,4,2026-10-07T07:26:25+02:00
a64fx,simde,128,main_scan_enc,4,"and 3",0.13,6.9686,3.4132,4,4,2026-10-07T07:26:25+02:00
a64fx,simde,128,main_scan_enc,4,"and 3",0.13,6.9944,3.4309,4,4,2026-10-07T07:26:25+02:00
a64fx,simde,128,main_scan_enc,4,"and 3",0.13,6.9389,3.4184,4,4,2026-10-07T07:26:25+02:00
a64fx,simde,128,main_scan_enc,4,"and 1",0.01,15.1868,7.7127,4,4,2026-10-07T07:26:25+02:00
a64fx,simde,128,main_scan_enc,4,"and 1",0.01,15.1713,7.4595,4,4,2026-10-07T07:26:25+02:00
a64fx,simde,128,main_scan_enc,4,"and 1",0.01,15.2059,7.5713,4,4,2026-10-07T07:26:25+02:00
a64fx,simde,128,main_scan_enc,4,"and 1",0.01,15.1936,7.6966,4,4,2026-10-07T07:26:25+02:00
a64fx,simde,128,main_scan_enc,4,"and 1",0.01,14.6779,7.5447,4,4,2026-10-07T07:26:25+02:00
a64fx,simde,128,main_scan_enc,4,"and 2",0.07,10.0342,4.3570,4,4,2026-10-07T07:26:25+02:00
a64fx,simde,128,main_scan_enc,4,"and 2",0.07,10.1153,4.3861,4,4,2026-10-07T07:26:25+02:00
a64fx,simde,128,main_scan_enc,4,"and 2",0.07,10.2340,4.3380,4,4,2026-10-07T07:26:25+02:00
a64fx,simde,128,main_scan_enc,4,"and 2",0.07,10.2360,4.3665,4,4,2026-10-07T07:26:25+02:00
a64fx,simde,128,main_scan_enc,4,"and 2",0.07,10.2388,4.3800,4,4,2026-10-07T07:26:25+02:00
a64fx,simde,128,main_scan_enc,4,"and 3",0.17,6.0105,3.0923,4,4,2026-10-07T07:26:25+02:00
a64fx,simde,128,main_scan_enc,4,"and 3",0.17,6.0168,3.0887,4,4,2026-10-07T07:26:25+02:00
a64fx,simde,128,main_scan_enc,4,"and 3",0.17,5.9284,3.1196,4,4,2026-10-07T07:26:25+02:00
a64fx,simde,128,main_scan_enc,4,"and 3",0.17,5.9864,3.1430,4,4,2026-10-07T07:26:25+02:00
a64fx,simde,128,main_scan_enc,4,"and 3",0.17,6.0405,3.1487,4,4,2026-10-07T07:26:25+02:00
a64fx,simde,128,main_scan_enc,4,"and 1",0.01,13.1618,7.1378,4,4,2026-10-07T07:26:25+02:00
a64fx,simde,128,main_scan_enc,4,"and 1",0.01,13.2306,7.1854,4,4,2026-10-07T07:26:25+02:00
a64fx,simde,128,main_scan_enc,4,"and 1",0.01,13.3149,7.2577,4,4,2026-10-07T07:26:25+02:00
a64fx,simde,128,main_scan_enc,4,"and 1",0.01,13.3031,7.2413,4,4,2026-10-07T07:26:25+02:00
a64fx,simde,128,main_scan_enc,4,"and 1",0.01,12.7695,7.1839,4,4,2026-10-07T07:26:25+02:00
a64fx,simde,128,main_scan_enc,4,"and 2",0.10,8.2679,3.9366,4,4,2026-10-07T07:26:25+02:00
a64fx,simde,128,main_scan_enc,4,"and 2",0.10,8.3118,3.9486,4,4,2026-10-07T07:26:25+02:00
a64fx,simde,128,main_scan_enc,4,"and 2",0.10,8.2440,3.9499,4,4,2026-10-07T07:26:25+02:00
a64fx,simde,128,main_scan_enc,4,"and 2",0.10,8.2671,3.9296,4,4,2026-10-07T07:26:25+02:00
a64fx,simde,128,main_scan_enc,4,"and 2",0.10,8.3863,3.9251,4,4,2026-10-07T07:26:25+02:00
a64fx,simde,128,main_scan_enc,4,"and 3",0.22,5.0490,2.8703,4,4,2026-10-07T07:26:25+02:00
a64fx,simde,128,main_scan_enc,4,"and 3",0.22,5.0637,2.8755,4,4,2026-10-07T07:26:25+02:00
a64fx,simde,128,main_scan_enc,4,"and 3",0.22,5.0718,2.8787,4,4,2026-10-07T07:26:25+02:00
a64fx,simde,128,main_scan_enc,4,"and 3",0.22,5.0737,2.8947,4,4,2026-10-07T07:26:25+02:00
a64fx,simde,128,main_scan_enc,4,"and 3",0.22,5.1172,2.8600,4,4,2026-10-07T07:26:25+02:00
a64fx,simde,128,main_scan_enc,4,"and 1",0.02,12.0301,6.5852,4,4,2026-10-07T07:26:25+02:00
a64fx,simde,128,main_scan_enc,4,"and 1",0.02,11.8125,6.5314,4,4,2026-10-07T07:26:25+02:00
a64fx,simde,128,main_scan_enc,4,"and 1",0.02,12.0455,6.5810,4,4,2026-10-07T07:26:25+02:00
a64fx,simde,128,main_scan_enc,4,"and 1",0.02,12.0299,6.5364,4,4,2026-10-07T07:26:25+02:00
a64fx,simde,128,main_scan_enc,4,"and 1",0.02,12.0255,6.6177,4,4,2026-10-07T07:26:25+02:00
a64fx,simde,128,main_scan_enc,4,"and 2",0.14,6.9731,3.5860,4,4,2026-10-07T07:26:25+02:00
a64fx,simde,128,main_scan_enc,4,"and 2",0.14,6.8313,3.5937,4,4,2026-10-07T07:26:25+02:00
a64fx,simde,128,main_scan_enc,4,"and 2",0.14,6.8745,3.5622,4,4,2026-10-07T07:26:25+02:00
a64fx,simde,128,main_scan_enc,4,"and 2",0.14,6.9350,3.5371,4,4,2026-10-07T07:26:25+02:00
a64fx,simde,128,main_scan_enc,4,"and 2",0.14,7.0011,3.5890,4,4,2026-10-07T07:26:25+02:00
a64fx,simde,128,main_scan_enc,4,"and 3",0.27,4.2865,2.6086,4,4,2026-10-07T07:26:25+02:00
a64fx,simde,128,main_scan_enc,4,"and 3",0.27,4.3042,2.6285,4,4,2026-10-07T07:26:25+02:00
a64fx,simde,128,main_scan_enc,4,"and 3",0.27,4.2781,2.6314,4,4,2026-10-07T07:26:25+02:00
a64fx,simde,128,main_scan_enc,4,"and 3",0.27,4.2940,2.6228,4,4,2026-10-07T07:26:25+02:00
a64fx,simde,128,main_scan_enc,4,"and 3",0.27,4.2916,2.6456,4,4,2026-10-07T07:26:25+02:00
a64fx,simde,128,main_scan_enc,4,"and 1",0.05,12.8784,5.5242,4,4,2026-10-07T07:26:25+02:00
a64fx,simde,128,main_scan_enc,4,"and 1",0.05,12.7561,5.4887,4,4,2026-10-07T07:26:25+02:00
a64fx,simde,128,main_scan_enc,4,"and 1",0.05,12.7694,5.4830,4,4,2026-10-07T07:26:25+02:00
a64fx,simde,128,main_scan_enc,4,"and 1",0.05,12.7063,5.4415,4,4,2026-10-07T07:26:25+02:00
a64fx,simde,128,main_scan_enc,4,"and 1",0.05,12.7464,5.4760,4,4,2026-10-07T07:26:25+02:00
a64fx,simde,128,main_scan_enc,4,"and 2",0.22,5.8198,3.1519,4,4,2026-10-07T07:26:25+02:00
a64fx,simde,128,main_scan_enc,4,"and 2",0.22,5.9147,3.1154,4,4,2026-10-07T07:26:25+02:00
a64fx,simde,128,main_scan_enc,4,"and 2",0.22,5.8813,3.0435,4,4,2026-10-07T07:26:25+02:00
a64fx,simde,128,main_scan_enc,4,"and 2",0.22,5.8561,3.1665,4,4,2026-10-07T07:26:25+02:00
a64fx,simde,128,main_scan_enc,4,"and 2",0.22,5.8179,3.1514,4,4,2026-10-07T07:26:25+02:00
a64fx,simde,128,main_scan_enc,4,"and 3",0.37,3.2788,2.3062,4,4,2026-10-07T07:26:25+02:00
a64fx,simde,128,main_scan_enc,4,"and 3",0.37,3.2189,2.3271,4,4,2026-10-07T07:26:25+02:00
a64fx,simde,128,main_scan_enc,4,"and 3",0.37,3.1952,2.3234,4,4,2026-10-07T07:26:25+02:00
a64fx,simde,128,main_scan_enc,4,"and 3",0.37,3.2369,2.3187,4,4,2026-10-07T07:26:25+02:00
a64fx,simde,128,main_scan_enc,4,"and 3",0.37,3.2989,2.3214,4,4,2026-10-07T07:26:25+02:00
a64fx,simde,128,main_scan_enc,4,"and 1",0.10,10.7018,4.5383,4,4,2026-10-07T07:26:25+02:00
a64fx,simde,128,main_scan_enc,4,"and 1",0.10,10.8130,4.5173,4,4,2026-10-07T07:26:25+02:00
a64fx,simde,128,main_scan_enc,4,"and 1",0.10,10.8290,4.5250,4,4,2026-10-07T07:26:25+02:00
a64fx,simde,128,main_scan_enc,4,"and 1",0.10,10.6184,4.5282,4,4,2026-10-07T07:26:25+02:00
a64fx,simde,128,main_scan_enc,4,"and 1",0.10,10.7928,4.5237,4,4,2026-10-07T07:26:25+02:00
a64fx,simde,128,main_scan_enc,4,"and 2",0.32,4.3502,2.7896,4,4,2026-10-07T07:26:25+02:00
a64fx,simde,128,main_scan_enc,4,"and 2",0.32,4.3765,2.8070,4,4,2026-10-07T07:26:25+02:00
a64fx,simde,128,main_scan_enc,4,"and 2",0.32,4.3713,2.8045,4,4,2026-10-07T07:26:25+02:00
a64fx,simde,128,main_scan_enc,4,"and 2",0.32,4.3595,2.8108,4,4,2026-10-07T07:26:25+02:00
a64fx,simde,128,main_scan_enc,4,"and 2",0.32,4.3630,2.8000,4,4,2026-10-07T07:26:25+02:00
a64fx,simde,128,main_scan_enc,4,"and 3",0.46,2.6085,2.0975,4,4,2026-10-07T07:26:25+02:00
a64fx,simde,128,main_scan_enc,4,"and 3",0.46,2.5751,2.0961,4,4,2026-10-07T07:26:25+02:00
a64fx,simde,128,main_scan_enc,4,"and 3",0.46,2.5942,2.1003,4,4,2026-10-07T07:26:25+02:00
a64fx,simde,128,main_scan_enc,4,"and 3",0.46,2.5903,2.1008,4,4,2026-10-07T07:26:25+02:00
a64fx,simde,128,main_scan_enc,4,"and 3",0.46,2.6104,2.0998,4,4,2026-10-07T07:26:25+02:00
a64fx,simde,128,main_scan_enc,4,"and 1",0.20,7.6039,3.4845,4,4,2026-10-07T07:26:25+02:00
a64fx,simde,128,main_scan_enc,4,"and 1",0.20,7.6072,3.4537,4,4,2026-10-07T07:26:25+02:00
a64fx,simde,128,main_scan_enc,4,"and 1",0.20,7.6360,3.4647,4,4,2026-10-07T07:26:25+02:00
a64fx,simde,128,main_scan_enc,4,"and 1",0.20,7.7180,3.4676,4,4,2026-10-07T07:26:25+02:00
a64fx,simde,128,main_scan_enc,4,"and 1",0.20,7.7080,3.4872,4,4,2026-10-07T07:26:25+02:00
a64fx,simde,128,main_scan_enc,4,"and 2",0.45,2.9895,2.3239,4,4,2026-10-07T07:26:25+02:00
a64fx,simde,128,main_scan_enc,4,"and 2",0.45,3.1021,2.3578,4,4,2026-10-07T07:26:25+02:00
a64fx,simde,128,main_scan_enc,4,"and 2",0.45,3.0848,2.3570,4,4,2026-10-07T07:26:25+02:00
a64fx,simde,128,main_scan_enc,4,"and 2",0.45,3.1008,2.3601,4,4,2026-10-07T07:26:25+02:00
a64fx,simde,128,main_scan_enc,4,"and 2",0.45,3.0728,2.3624,4,4,2026-10-07T07:26:25+02:00
a64fx,simde,128,main_scan_enc,4,"and 3",0.58,2.4089,1.8402,4,4,2026-10-07T07:26:25+02:00
a64fx,simde,128,main_scan_enc,4,"and 3",0.58,2.4246,1.8454,4,4,2026-10-07T07:26:25+02:00
a64fx,simde,128,main_scan_enc,4,"and 3",0.58,2.4298,1.8495,4,4,2026-10-07T07:26:25+02:00
a64fx,simde,128,main_scan_enc,4,"and 3",0.58,2.4214,1.8462,4,4,2026-10-07T07:26:25+02:00
a64fx,simde,128,main_scan_enc,4,"and 3",0.58,2.4330,1.8460,4,4,2026-10-07T07:26:25+02:00
a64fx,simde,128,main_scan_enc,4,"and 1",0.50,4.2527,2.1429,4,4,2026-10-07T07:26:25+02:00
a64fx,simde,128,main_scan_enc,4,"and 1",0.50,4.2555,2.1468,4,4,2026-10-07T07:26:25+02:00
a64fx,simde,128,main_scan_enc,4,"and 1",0.50,4.2608,2.1399,4,4,2026-10-07T07:26:25+02:00
a64fx,simde,128,main_scan_enc,4,"and 1",0.50,4.2660,2.1345,4,4,2026-10-07T07:26:25+02:00
a64fx,simde,128,main_scan_enc,4,"and 1",0.50,4.2662,2.1502,4,4,2026-10-07T07:26:25+02:00
a64fx,simde,128,main_scan_enc,4,"and 2",0.71,3.5318,1.6599,4,4,2026-10-07T07:26:25+02:00
a64fx,simde,128,main_scan_enc,4,"and 2",0.71,3.5290,1.6638,4,4,2026-10-07T07:26:25+02:00
a64fx,simde,128,main_scan_enc,4,"and 2",0.71,3.5719,1.6629,4,4,2026-10-07T07:26:25+02:00
a64fx,simde,128,main_scan_enc,4,"and 2",0.71,3.5631,1.6617,4,4,2026-10-07T07:26:25+02:00
a64fx,simde,128,main_scan_enc,4,"and 2",0.71,3.5468,1.6628,4,4,2026-10-07T07:26:25+02:00
a64fx,simde,128,main_scan_enc,4,"and 3",0.79,3.2079,1.3902,4,4,2026-10-07T07:26:25+02:00
a64fx,simde,128,main_scan_enc,4,"and 3",0.79,3.2272,1.3901,4,4,2026-10-07T07:26:25+02:00
a64fx,simde,128,main_scan_enc,4,"and 3",0.79,3.2409,1.3894,4,4,2026-10-07T07:26:25+02:00
a64fx,simde,128,main_scan_enc,4,"and 3",0.79,3.2447,1.3913,4,4,2026-10-07T07:26:25+02:00
a64fx,simde,128,main_scan_enc,4,"and 3",0.79,3.2384,1.3933,4,4,2026-10-07T07:26:25+02:00
a64fx,simde,128,main_scan_enc,4,"and 1",1.00,16.2635,1.5622,4,4,2026-10-07T07:26:25+02:00
a64fx,simde,128,main_scan_enc,4,"and 1",1.00,16.4918,1.5634,4,4,2026-10-07T07:26:25+02:00
a64fx,simde,128,main_scan_enc,4,"and 1",1.00,16.5099,1.5596,4,4,2026-10-07T07:26:25+02:00
a64fx,simde,128,main_scan_enc,4,"and 1",1.00,16.4634,1.5590,4,4,2026-10-07T07:26:25+02:00
a64fx,simde,128,main_scan_enc,4,"and 1",1.00,16.4899,1.5601,4,4,2026-10-07T07:26:25+02:00
a64fx,simde,128,main_scan_enc,4,"and 2",1.00,9.2604,1.2886,4,4,2026-10-07T07:26:25+02:00
a64fx,simde,128,main_scan_enc,4,"and 2",1.00,9.2602,1.2900,4,4,2026-10-07T07:26:25+02:00
a64fx,simde,128,main_scan_enc,4,"and 2",1.00,9.3916,1.2900,4,4,2026-10-07T07:26:25+02:00
a64fx,simde,128,main_scan_enc,4,"and 2",1.00,9.3972,1.2869,4,4,2026-10-07T07:26:25+02:00
a64fx,simde,128,main_scan_enc,4,"and 2",1.00,9.2643,1.2875,4,4,2026-10-07T07:26:25+02:00
a64fx,simde,128,main_scan_enc,4,"and 3",1.00,6.2836,1.1188,4,4,2026-10-07T07:26:25+02:00
a64fx,simde,128,main_scan_enc,4,"and 3",1.00,6.2418,1.1197,4,4,2026-10-07T07:26:25+02:00
a64fx,simde,128,main_scan_enc,4,"and 3",1.00,6.2222,1.1189,4,4,2026-10-07T07:26:25+02:00
a64fx,simde,128,main_scan_enc,4,"and 3",1.00,6.2770,1.1179,4,4,2026-10-07T07:26:25+02:00
a64fx,simde,128,main_scan_enc,4,"and 3",1.00,6.2492,1.1183,4,4,2026-10-07T07:26:25+02:00
a64fx,simde,256,main_scan_enc,4,"and 1",0.00,7.3109,2.6994,4,4,2026-10-07T07:26:35+02:00
a64fx,simde,256,main_scan_enc,4,"and 1",0.00,3.5459,10.0845,4,4,2026-10-07T07:26:35+02:00
a64fx,simde,256,main_scan_enc,4,"and 1",0.00,18.0782,2.2170,4,4,2026-10-07T07:26:35+02:00
a64fx,simde,256,main_scan_enc,4,"and 1",0.00,4.9177,3.5324,4,4,2026-10-07T07:26:35+02:00
a64fx,simde,256,main_scan_enc,4,"and 1",0.00,18.0890,1.6099,4,4,2026-10-07T07:26:35+02:00
a64fx,simde,256,main_scan_enc,4,"and 2",0.03,1.4465,6.1078,4,4,2026-10-07T07:26:35+02:00
a64fx,simde,256,main_scan_enc,4,"and 2",0.03,13.9837,6.1391,4,4,2026-10-07T07:26:35+02:00
a64fx,simde,256,main_scan_enc,4,"and 2",0.03,13.9374,12.0923,4,4,2026-10-07T07:26:35+02:00
a64fx,simde,256,main_scan_enc,4,"and 2",0.03,1.0996,6.1121,4,4,2026-10-07T07:26:35+02:00
a64fx,simde,256,main_scan_enc,4,"and 2",0.03,1.4212,6.0710,4,4,2026-10-07T07:26:35+02:00
a64fx,simde,256,main_scan_enc,4,"and 3",0.10,7.7893,3.2922,4,4,2026-10-07T07:26:35+02:00
a64fx,simde,256,main_scan_enc,4,"and 3",0.10,7.7931,3.2597,4,4,2026-10-07T07:26:35+02:00
a64fx,simde,256,main_scan_enc,4,"and 3",0.10,1.3859,3.0145,4,4,2026-10-07T07:26:35+02:00
a64fx,simde,256,main_scan_enc,4,"and 3",0.10,1.4284,3.3305,4,4,2026-10-07T07:26:35+02:00
a64fx,simde,256,main_scan_enc,4,"and 3",0.10,1.3237,3.3141,4,4,2026-10-07T07:26:35+02:00
a64fx,simde,256,main_scan_enc,4,"and 1",0.00,17.1507,9.3338,4,4,2026-10-07T07:26:35+02:00
a64fx,simde,256,main_scan_enc,4,"and 1",0.00,8.5756,2.2412,4,4,2026-10-07T07:26:35+02:00
a64fx,simde,256,main_scan_enc,4,"and 1",0.00,1.6770,8.3942,4,4,2026-10-07T07:26:35+02:00
a64fx,simde,256,main_scan_enc,4,"and 1",0.00,17.1703,3.4622,4,4,2026-10-07T07:26:35+02:00
a64fx,simde,256,main_scan_enc,4,"and 1",0.00,6.7964,19.7963,4,4,2026-10-07T07:26:35+02:00
a64fx,simde,256,main_scan_enc,4,"and 2",0.04,1.5062,5.5017,4,4,2026-10-07T07:26:35+02:00
a64fx,simde,256,main_scan_enc,4,"and 2",0.04,1.5289,1.4740,4,4,2026-10-07T07:26:35+02:00
a64fx,simde,256,main_scan_enc,4,"and 2",0.04,6.1753,1.4674,4,4,2026-10-07T07:26:35+02:00
a64fx,simde,256,main_scan_enc,4,"and 2",0.04,6.2121,10.9468,4,4,2026-10-07T07:26:35+02:00
a64fx,simde,256,main_scan_enc,4,"and 2",0.04,6.2066,1.5837,4,4,2026-10-07T07:26:35+02:00
a64fx,simde,256,main_scan_enc,4,"and 3",0.13,3.4311,6.9620,4,4,2026-10-07T07:26:35+02:00
a64fx,simde,256,main_scan_enc,4,"and 3",0.13,3.4649,3.2349,4,4,2026-10-07T07:26:35+02:00
a64fx,simde,256,main_scan_enc,4,"and 3",0.13,3.2257,3.1949,4,4,2026-10-07T07:26:35+02:00
a64fx,simde,256,main_scan_enc,4,"and 3",0.13,6.9947,1.3516,4,4,2026-10-07T07:26:35+02:00
a64fx,simde,256,main_scan_enc,4,"and 3",0.13,1.3653,3.1845,4,4,2026-10-07T07:26:35+02:00
a64fx,simde,256,main_scan_enc,4,"and 1",0.01,15.1145,17.5669,4,4,2026-10-07T07:26:35+02:00
a64fx,simde,256,main_scan_enc,4,"and 1",0.01,15.1648,15.1234,4,4,2026-10-07T07:26:35+02:00
a64fx,simde,256,main_scan_enc,4,"and 1",0.01,3.5462,17.9039,4,4,2026-10-07T07:26:35+02:00
a64fx,simde,256,main_scan_enc,4,"and 1",0.01,7.6182,8.0318,4,4,2026-10-07T07:26:35+02:00
a64fx,simde,256,main_scan_enc,4,"and 1",0.01,15.1542,8.1019,4,4,2026-10-07T07:26:35+02:00
a64fx,simde,256,main_scan_enc,4,"and 2",0.07,4.0345,1.4661,4,4,2026-10-07T07:26:35+02:00
a64fx,simde,256,main_scan_enc,4,"and 2",0.07,4.1597,4.0137,4,4,2026-10-07T07:26:35+02:00
a64fx,simde,256,main_scan_enc,4,"and 2",0.07,10.2108,4.0202,4,4,2026-10-07T07:26:35+02:00
a64fx,simde,256,main_scan_enc,4,"and 2",0.07,10.2124,3.9848,4,4,2026-10-07T07:26:35+02:00
a64fx,simde,256,main_scan_enc,4,"and 2",0.07,10.2087,3.9962,4,4,2026-10-07T07:26:35+02:00
a64fx,simde,256,main_scan_enc,4,"and 3",0.17,1.3508,6.3886,4,4,2026-10-07T07:26:35+02:00
a64fx,simde,256,main_scan_enc,4,"and 3",0.17,2.6817,1.9394,4,4,2026-10-07T07:26:35+02:00
a64fx,simde,256,main_scan_enc,4,"and 3",0.17,3.0420,6.3619,4,4,2026-10-07T07:26:35+02:00
a64fx,simde,256,main_scan_enc,4,"and 3",0.17,3.0394,2.8318,4,4,2026-10-07T07:26:35+02:00
a64fx,simde,256,main_scan_enc,4,"and 3",0.17,1.2490,2.0771,4,4,2026-10-07T07:26:35+02:00
a64fx,simde,256,main_scan_enc,4,"and 1",0.01,6.7117,7.8729,4,4,2026-10-07T07:26:35+02:00
a64fx,simde,256,main_scan_enc,4,"and 1",0.01,6.7465,15.6727,4,4,2026-10-07T07:26:35+02:00
a64fx,simde,256,main_scan_enc,4,"and 1",0.01,3.6877,1.7059,4,4,2026-10-07T07:26:35+02:00
a64fx,simde,256,main_scan_enc,4,"and 1",0.01,6.7006,7.8607,4,4,2026-10-07T07:26:35+02:00
a64fx,simde,256,main_scan_enc,4,"and 1",0.01,3.3051,15.6620,4,4,2026-10-07T07:26:35+02:00
a64fx,simde,256,main_scan_enc,4,"and 2",0.10,8.3945,8.0514,4,4,2026-10-07T07:26:35+02:00
a64fx,simde,256,main_scan_enc,4,"and 2",0.10,3.1574,4.0293,4,4,2026-10-07T07:26:35+02:00
a64fx,simde,256,main_scan_enc,4,"and 2",0.10,8.3904,1.4647,4,4,2026-10-07T07:26:35+02:00
a64fx,simde,256,main_scan_enc,4,"and 2",0.10,3.8441,2.6437,4,4,2026-10-07T07:26:35+02:00
a64fx,simde,256,main_scan_enc,4,"and 2",0.10,8.3982,8.0519,4,4,2026-10-07T07:26:35+02:00
a64fx,simde,256,main_scan_enc,4,"and 3",0.22,2.4505,2.9202,4,4,2026-10-07T07:26:35+02:00
a64fx,simde,256,main_scan_enc,4,"and 3",0.22,5.0884,5.8210,4,4,2026-10-07T07:26:35+02:00
a64fx,simde,256,main_scan_enc,4,"and 3",0.22,5.0877,1.8721,4,4,2026-10-07T07:26:35+02:00
a64fx,simde,256,main_scan_enc,4,"and 3",0.22,1.2390,2.8279,4,4,2026-10-07T07:26:35+02:00
a64fx,simde,256,main_scan_enc,4,"and 3",0.22,5.0911,2.8095,4,4,2026-10-07T07:26:35+02:00
a64fx,simde,256,main_scan_enc,4,"and 1",0.02,12.0105,6.5050,4,4,2026-10-07T07:26:35+02:00
a64fx,simde,256,main_scan_enc,4,"and 1",0.02,6.0801,6.4925,4,4,2026-10-07T07:26:35+02:00
a64fx,simde,256,main_scan_enc,4,"and 1",0.02,11.9978,6.4596,4,4,2026-10-07T07:26:35+02:00
a64fx,simde,256,main_scan_enc,4,"and 1",0.02,6.0951,12.8601,4,4,2026-10-07T07:26:35+02:00
a64fx,simde,256,main_scan_enc,4,"and 1",0.02,6.0406,12.6573,4,4,2026-10-07T07:26:35+02:00
a64fx,simde,256,main_scan_enc,4,"and 2",0.14,6.9902,3.4694,4,4,2026-10-07T07:26:35+02:00
a64fx,simde,256,main_scan_enc,4,"and 2",0.14,7.0031,1.8514,4,4,2026-10-07T07:26:35+02:00
a64fx,simde,256,main_scan_enc,4,"and 2",0.14,1.2654,1.5485,4,4,2026-10-07T07:26:35+02:00
a64fx,simde,256,main_scan_enc,4,"and 2",0.14,1.2940,3.4726,4,4,2026-10-07T07:26:35+02:00
a64fx,simde,256,main_scan_enc,4,"and 2",0.14,6.9978,3.4066,4,4,2026-10-07T07:26:35+02:00
a64fx,simde,256,main_scan_enc,4,"and 3",0.27,2.0811,5.2228,4,4,2026-10-07T07:26:35+02:00
a64fx,simde,256,main_scan_enc,4,"and 3",0.27,1.2187,2.5615,4,4,2026-10-07T07:26:35+02:00
a64fx,simde,256,main_scan_enc,4,"and 3",0.27,1.6470,1.4391,4,4,2026-10-07T07:26:35+02:00
a64fx,simde,256,main_scan_enc,4,"and 3",0.27,1.6381,1.2703,4,4,2026-10-07T07:26:35+02:00
a64fx,simde,256,main_scan_enc,4,"and 3",0.27,1.6127,5.2054,4,4,2026-10-07T07:26:35+02:00
a64fx,simde,256,main_scan_enc,4,"and 1",0.05,6.5361,9.3075,4,4,2026-10-07T07:26:35+02:00
a64fx,simde,256,main_scan_enc,4,"and 1",0.05,6.5507,1.5831,4,4,2026-10-07T07:26:35+02:00
a64fx,simde,256,main_scan_enc,4,"and 1",0.05,6.5382,9.3053,4,4,2026-10-07T07:26:35+02:00
a64fx,simde,256,main_scan_enc,4,"and 1",0.05,12.9815,4.6637,4,4,2026-10-07T07:26:35+02:00
a64fx,simde,256,main_scan_enc,4,"and 1",0.05,13.0001,1.4210,4,4,2026-10-07T07:26:35+02:00
a64fx,simde,256,main_scan_enc,4,"and 2",0.22,2.8038,2.6664,4,4,2026-10-07T07:26:35+02:00
a64fx,simde,256,main_scan_enc,4,"and 2",0.22,5.6898,2.6748,4,4,2026-10-07T07:26:35+02:00
a64fx,simde,256,main_scan_enc,4,"and 2",0.22,5.9168,5.6296,4,4,2026-10-07T07:26:35+02:00
a64fx,simde,256,main_scan_enc,4,"and 2",0.22,2.9731,5.6509,4,4,2026-10-07T07:26:35+02:00
a64fx,simde,256,main_scan_enc,4,"and 2",0.22,2.9130,5.6383,4,4,2026-10-07T07:26:35+02:00
a64fx,simde,256,main_scan_enc,4,"and 3",0.37,1.6416,4.3798,4,4,2026-10-07T07:26:35+02:00
a64fx,simde,256,main_scan_enc,4,"and 3",0.37,1.0797,2.1571,4,4,2026-10-07T07:26:35+02:00
a64fx,simde,256,main_scan_enc,4,"and 3",0.37,3.3035,1.3731,4,4,2026-10-07T07:26:35+02:00
a64fx,simde,256,main_scan_enc,4,"and 3",0.37,1.8878,1.2125,4,4,2026-10-07T07:26:35+02:00
a64fx,simde,256,main_scan_enc,4,"and 3",0.37,1.1008,2.2024,4,4,2026-10-07T07:26:35+02:00
a64fx,simde,256,main_scan_enc,4,"and 1",0.10,10.8224,3.4546,4,4,2026-10-07T07:26:35+02:00
a64fx,simde,256,main_scan_enc,4,"and 1",0.10,10.8000,6.8926,4,4,2026-10-07T07:26:35+02:00
a64fx,simde,256,main_scan_enc,4,"and 1",0.10,3.4573,6.8965,4,4,2026-10-07T07:26:35+02:00
a64fx,simde,256,main_scan_enc,4,"and 1",0.10,5.4601,6.9010,4,4,2026-10-07T07:26:35+02:00
a64fx,simde,256,main_scan_enc,4,"and 1",0.10,5.4313,2.9281,4,4,2026-10-07T07:26:35+02:00
a64fx,simde,256,main_scan_enc,4,"and 2",0.32,2.1976,4.6265,4,4,2026-10-07T07:26:35+02:00
a64fx,simde,256,main_scan_enc,4,"and 2",0.32,1.2033,4.6371,4,4,2026-10-07T07:26:35+02:00
a64fx,simde,256,main_scan_enc,4,"and 2",0.32,1.5760,4.6267,4,4,2026-10-07T07:26:35+02:00
a64fx,simde,256,main_scan_enc,4,"and 2",0.32,2.2022,4.6357,4,4,2026-10-07T07:26:35+02:00
a64fx,simde,256,main_scan_enc,4,"and 2",0.32,1.3232,1.2303,4,4,2026-10-07T07:26:35+02:00
a64fx,simde,256,main_scan_enc,4,"and 3",0.46,2.6064,1.6715,4,4,2026-10-07T07:26:35+02:00
a64fx,simde,256,main_scan_enc,4,"and 3",0.46,0.7232,1.0733,4,4,2026-10-07T07:26:35+02:00
a64fx,simde,256,main_scan_enc,4,"and 3",0.46,1.3130,3.7300,4,4,2026-10-07T07:26:35+02:00
a64fx,simde,256,main_scan_enc,4,"and 3",0.46,1.6779,1.4374,4,4,2026-10-07T07:26:35+02:00
a64fx,simde,256,main_scan_enc,4,"and 3",0.46,2.6218,1.8621,4,4,2026-10-07T07:26:35+02:00
a64fx,simde,256,main_scan_enc,4,"and 1",0.20,7.7176,1.5951,4,4,2026-10-07T07:26:35+02:00
a64fx,simde,256,main_scan_enc,4,"and 1",0.20,7.7002,1.6215,4,4,2026-10-07T07:26:35+02:00
a64fx,simde,256,main_scan_enc,4,"and 1",0.20,7.6942,1.6155,4,4,2026-10-07T07:26:35+02:00
a64fx,simde,256,main_scan_enc,4,"and 1",0.20,7.7026,4.6019,4,4,2026-10-07T07:26:35+02:00
a64fx,simde,256,main_scan_enc,4,"and 1",0.20,3.6814,4.6409,4,4,2026-10-07T07:26:35+02:00
a64fx,simde,256,main_scan_enc,4,"and 2",0.45,1.3473,1.7611,4,4,2026-10-07T07:26:35+02:00
a64fx,simde,256,main_scan_enc,4,"and 2",0.45,3.1082,1.0414,4,4,2026-10-07T07:26:35+02:00
a64fx,simde,256,main_scan_enc,4,"and 2",0.45,1.5049,3.5147,4,4,2026-10-07T07:26:35+02:00
a64fx,simde,256,main_scan_enc,4,"and 2",0.45,1.4965,3.5128,4,4,2026-10-07T07:26:35+02:00
a64fx,simde,256,main_scan_enc,4,"and 2",0.45,1.0579,1.7629,4,4,2026-10-07T07:26:35+02:00
a64fx,simde,256,main_scan_enc,4,"and 3",0.58,0.9898,1.2638,4,4,2026-10-07T07:26:35+02:00
a64fx,simde,256,main_scan_enc,4,"and 3",0.58,0.9882,1.0080,4,4,2026-10-07T07:26:35+02:00
a64fx,simde,256,main_scan_enc,4,"and 3",0.58,1.2280,3.0066,4,4,2026-10-07T07:26:35+02:00
a64fx,simde,256,main_scan_enc,4,"and 3",0.58,1.0211,1.1522,4,4,2026-10-07T07:26:35+02:00
a64fx,simde,256,main_scan_enc,4,"and 3",0.58,0.7056,1.0259,4,4,2026-10-07T07:26:35+02:00
a64fx,simde,256,main_scan_enc,4,"and 1",0.50,2.1458,0.9926,4,4,2026-10-07T07:26:35+02:00
a64fx,simde,256,main_scan_enc,4,"and 1",0.50,1.9925,0.9834,4,4,2026-10-07T07:26:35+02:00
a64fx,simde,256,main_scan_enc,4,"and 1",0.50,1.2007,2.1642,4,4,2026-10-07T07:26:35+02:00
a64fx,simde,256,main_scan_enc,4,"and 1",0.50,2.1970,2.4955,4,4,2026-10-07T07:26:35+02:00
a64fx,simde,256,main_scan_enc,4,"and 1",0.50,4.2432,2.5010,4,4,2026-10-07T07:26:35+02:00
a64fx,simde,256,main_scan_enc,4,"and 2",0.71,3.5683,2.1127,4,4,2026-10-07T07:26:35+02:00
a64fx,simde,256,main_scan_enc,4,"and 2",0.71,3.5732,2.1263,4,4,2026-10-07T07:26:35+02:00
a64fx,simde,256,main_scan_enc,4,"and 2",0.71,3.5153,2.1187,4,4,2026-10-07T07:26:35+02:00
a64fx,simde,256,main_scan_enc,4,"and 2",0.71,3.5554,2.0842,4,4,2026-10-07T07:26:35+02:00
a64fx,simde,256,main_scan_enc,4,"and 2",0.71,3.5565,2.1240,4,4,2026-10-07T07:26:35+02:00
a64fx,simde,256,main_scan_enc,4,"and 3",0.79,3.2362,1.9321,4,4,2026-10-07T07:26:35+02:00
a64fx,simde,256,main_scan_enc,4,"and 3",0.79,3.2356,1.9390,4,4,2026-10-07T07:26:35+02:00
a64fx,simde,256,main_scan_enc,4,"and 3",0.79,3.2334,1.9197,4,4,2026-10-07T07:26:35+02:00
a64fx,simde,256,main_scan_enc,4,"and 3",0.79,3.2279,1.9351,4,4,2026-10-07T07:26:35+02:00
a64fx,simde,256,main_scan_enc,4,"and 3",0.79,3.2247,1.8993,4,4,2026-10-07T07:26:35+02:00
a64fx,simde,256,main_scan_enc,4,"and 1",1.00,16.2636,1.8504,4,4,2026-10-07T07:26:35+02:00
a64fx,simde,256,main_scan_enc,4,"and 1",1.00,16.5145,1.8539,4,4,2026-10-07T07:26:35+02:00
a64fx,simde,256,main_scan_enc,4,"and 1",1.00,16.4840,1.8578,4,4,2026-10-07T07:26:35+02:00
a64fx,simde,256,main_scan_enc,4,"and 1",1.00,16.5450,1.8527,4,4,2026-10-07T07:26:35+02:00
a64fx,simde,256,main_scan_enc,4,"and 1",1.00,15.8219,1.8502,4,4,2026-10-07T07:26:35+02:00
a64fx,simde,256,main_scan_enc,4,"and 2",1.00,9.0500,1.6395,4,4,2026-10-07T07:26:35+02:00
a64fx,simde,256,main_scan_enc,4,"and 2",1.00,9.1356,1.6388,4,4,2026-10-07T07:26:35+02:00
a64fx,simde,256,main_scan_enc,4,"and 2",1.00,9.3611,1.6381,4,4,2026-10-07T07:26:35+02:00
a64fx,simde,256,main_scan_enc,4,"and 2",1.00,9.3123,1.6402,4,4,2026-10-07T07:26:35+02:00
a64fx,simde,256,main_scan_enc,4,"and 2",1.00,9.4146,1.6403,4,4,2026-10-07T07:26:35+02:00
a64fx,simde,256,main_scan_enc,4,"and 3",1.00,6.2435,1.5215,4,4,2026-10-07T07:26:35+02:00
a64fx,simde,256,main_scan_enc,4,"and 3",1.00,6.2009,1.5208,4,4,2026-10-07T07:26:35+02:00
a64fx,simde,256,main_scan_enc,4,"and 3",1.00,6.2358,1.4896,4,4,2026-10-07T07:26:35+02:00
a64fx,simde,256,main_scan_enc,4,"and 3",1.00,6.2225,1.5201,4,4,2026-10-07T07:26:35+02:00
a64fx,simde,256,main_scan_enc,4,"and 3",1.00,6.2880,1.5253,4,4,2026-10-07T07:26:35+02:00
a64fx,simde,512,main_scan_enc,4,"and 1",0.00,18.2042,10.1872,4,4,2026-10-07T07:26:53+02:00
a64fx,simde,512,main_scan_enc,4,"and 1",0.00,17.7508,10.0803,4,4,2026-10-07T07:26:53+02:00
a64fx,simde,512,main_scan_enc,4,"and 1",0.00,18.1423,10.1875,4,4,2026-10-07T07:26:53+02:00
a64fx,simde,512,main_scan_enc,4,"and 1",0.00,18.0906,10.0906,4,4,2026-10-07T07:26:53+02:00
a64fx,simde,512,main_scan_enc,4,"and 1",0.00,18.1870,10.0329,4,4,2026-10-07T07:26:53+02:00
a64fx,simde,512,main_scan_enc,4,"and 2",0.03,13.9998,6.4934,4,4,2026-10-07T07:26:53+02:00
a64fx,simde,512,main_scan_enc,4,"and 2",0.03,14.0120,6.5696,4,4,2026-10-07T07:26:53+02:00
a64fx,simde,512,main_scan_enc,4,"and 2",0.03,13.4180,6.4736,4,4,2026-10-07T07:26:53+02:00
a64fx,simde,512,main_scan_enc,4,"and 2",0.03,13.9959,6.5126,4,4,2026-10-07T07:26:53+02:00
a64fx,simde,512,main_scan_enc,4,"and 2",0.03,13.8233,6.5191,4,4,2026-10-07T07:26:53+02:00
a64fx,simde,512,main_scan_enc,4,"and 3",0.10,7.7829,4.4985,4,4,2026-10-07T07:26:53+02:00
a64fx,simde,512,main_scan_enc,4,"and 3",0.10,7.6808,4.4826,4,4,2026-10-07T07:26:53+02:00
a64fx,simde,512,main_scan_enc,4,"and 3",0.10,7.6576,4.4971,4,4,2026-10-07T07:26:53+02:00
a64fx,simde,512,main_scan_enc,4,"and 3",0.10,7.7984,4.4956,4,4,2026-10-07T07:26:53+02:00
a64fx,simde,512,main_scan_enc,4,"and 3",0.10,7.7345,4.4984,4,4,2026-10-07T07:26:53+02:00
a64fx,simde,512,main_scan_enc,4,"and 1",0.00,17.0529,9.8126,4,4,2026-10-07T07:26:53+02:00
a64fx,simde,512,main_scan_enc,4,"and 1",0.00,17.1991,9.9632,4,4,2026-10-07T07:26:53+02:00
a64fx,simde,512,main_scan_enc,4,"and 1",0.00,17.1934,9.9626,4,4,2026-10-07T07:26:53+02:00
a64fx,simde,512,main_scan_enc,4,"and 1",0.00,17.0508,9.8027,4,4,2026-10-07T07:26:53+02:00
a64fx,simde,512,main_scan_enc,4,"and 1",0.00,17.2053,9.8088,4,4,2026-10-07T07:26:53+02:00
a64fx,simde,512,main_scan_enc,4,"and 2",0.04,12.5858,6.0027,4,4,2026-10-07T07:26:53+02:00
a64fx,simde,512,main_scan_enc,4,"and 2",0.04,12.3225,5.9262,4,4,2026-10-07T07:26:53+02:00
a64fx,simde,512,main_scan_enc,4,"and 2",0.04,12.2581,5.8760,4,4,2026-10-07T07:26:53+02:00
a64fx,simde,512,main_scan_enc,4,"and 2",0.04,12.3049,5.9536,4,4,2026-10-07T07:26:53+02:00
a64fx,simde,512,main_scan_enc,4,"and 2",0.04,12.4377,5.9184,4,4,2026-10-07T07:26:53+02:00
a64fx,simde,512,main_scan_enc,4,"and 3",0.13,6.9369,4.2303,4,4,2026-10-07T07:26:53+02:00
a64fx,simde,512,main_scan_enc,4,"and 3",0.13,7.0149,4.2675,4,4,2026-10-07T07:26:53+02:00
a64fx,simde,512,main_scan_enc,4,"and 3",0.13,6.9596,4.2958,4,4,2026-10-07T07:26:53+02:00
a64fx,simde,512,main_scan_enc,4,"and 3",0.13,6.9755,4.2278,4,4,2026-10-07T07:26:53+02:00
a64fx,simde,512,main_scan_enc,4,"and 3",0.13,7.0091,4.2704,4,4,2026-10-07T07:26:53+02:00
a64fx,simde,512,main_scan_enc,4,"and 1",0.01,15.1670,9.2183,4,4,2026-10-07T07:26:53+02:00
a64fx,simde,512,main_scan_enc,4,"and 1",0.01,15.1705,9.4634,4,4,2026-10-07T07:26:53+02:00
a64fx,simde,512,main_scan_enc,4,"and 1",0.01,15.1609,9.3390,4,4,2026-10-07T07:26:53+02:00
a64fx,simde,512,main_scan_enc,4,"and 1",0.01,15.1907,9.4556,4,4,2026-10-07T07:26:53+02:00
a64fx,simde,512,main_scan_enc,4,"and 1",0.01,15.1563,9.2529,4,4,2026-10-07T07:26:53+02:00
a64fx,simde,512,main_scan_enc,4,"and 2",0.07,10.2421,5.1229,4,4,2026-10-07T07:26:53+02:00
a64fx,simde,512,main_scan_enc,4,"and 2",0.07,10.2304,5.1524,4,4,2026-10-07T07:26:53+02:00
a64fx,simde,512,main_scan_enc,4,"and 2",0.07,10.2348,5.1762,4,4,2026-10-07T07:26:53+02:00
a64fx,simde,512,main_scan_enc,4,"and 2",0.07,9.7599,5.1600,4,4,2026-10-07T07:26:53+02:00
a64fx,simde,512,main_scan_enc,4,"and 2",0.07,10.1575,5.1745,4,4,2026-10-07T07:26:53+02:00
a64fx,simde,512,main_scan_enc,4,"and 3",0.17,6.0775,4.0530,4,4,2026-10-07T07:26:53+02:00
a64fx,simde,512,main_scan_enc,4,"and 3",0.17,6.0319,4.0359,4,4,2026-10-07T07:26:53+02:00
a64fx,simde,512,main_scan_enc,4,"and 3",0.17,6.0404,4.0032,4,4,2026-10-07T07:26:53+02:00
a64fx,simde,512,main_scan_enc,4,"and 3",0.17,6.0070,4.0030,4,4,2026-10-07T07:26:53+02:00
a64fx,simde,512,main_scan_enc,4,"and 3",0.17,6.0863,4.0416,4,4,2026-10-07T07:26:53+02:00
a64fx,simde,512,main_scan_enc,4,"and 1",0.01,12.9090,8.6848,4,4,2026-10-07T07:26:53+02:00
a64fx,simde,512,main_scan_enc,4,"and 1",0.01,13.2959,8.8209,4,4,2026-10-07T07:26:53+02:00
a64fx,simde,512,main_scan_enc,4,"and 1",0.01,13.0992,8.4343,4,4,2026-10-07T07:26:53+02:00
a64fx,simde,512,main_scan_enc,4,"and 1",0.01,13.2957,8.6354,4,4,2026-10-07T07:26:53+02:00
a64fx,simde,512,main_scan_enc,4,"and 1",0.01,13.3334,8.8147,4,4,2026-10-07T07:26:53+02:00
a64fx,simde,512,main_scan_enc,4,"and 2",0.10,8.3951,4.6397,4,4,2026-10-07T07:26:53+02:00
a64fx,simde,512,main_scan_enc,4,"and 2",0.10,8.4107,4.5964,4,4,2026-10-07T07:26:53+02:00
a64fx,simde,512,main_scan_enc,4,"and 2",0.10,8.2348,4.6338,4,4,2026-10-07T07:26:53+02:00
a64fx,simde,512,main_scan_enc,4,"and 2",0.10,8.1814,4.5983,4,4,2026-10-07T07:26:53+02:00
a64fx,simde,512,main_scan_enc,4,"and 2",0.10,8.4039,4.6367,4,4,2026-10-07T07:26:53+02:00
a64fx,simde,512,main_scan_enc,4,"and 3",0.22,4.9444,3.8377,4,4,2026-10-07T07:26:53+02:00
a64fx,simde,512,main_scan_enc,4,"and 3",0.22,5.0043,3.8399,4,4,2026-10-07T07:26:53+02:00
a64fx,simde,512,main_scan_enc,4,"and 3",0.22,5.0070,3.8375,4,4,2026-10-07T07:26:53+02:00
a64fx,simde,512,main_scan_enc,4,"and 3",0.22,5.0693,3.6155,4,4,2026-10-07T07:26:53+02:00
a64fx,simde,512,main_scan_enc,4,"and 3",0.22,5.0938,3.8028,4,4,2026-10-07T07:26:53+02:00
a64fx,simde,512,main_scan_enc,4,"and 1",0.02,12.0010,7.8882,4,4,2026-10-07T07:26:53+02:00
a64fx,simde,512,main_scan_enc,4,"and 1",0.02,11.9959,7.9175,4,4,2026-10-07T07:26:53+02:00
a64fx,simde,512,main_scan_enc,4,"and 1",0.02,11.6691,7.8229,4,4,2026-10-07T07:26:53+02:00
a64fx,simde,512,main_scan_enc,4,"and 1",0.02,12.0198,7.8281,4,4,2026-10-07T07:26:53+02:00
a64fx,simde,512,main_scan_enc,4,"and 1",0.02,12.0177,7.8872,4,4,2026-10-07T07:26:53+02:00
a64fx,simde,512,main_scan_enc,4,"and 2",0.14,6.8863,4.1758,4,4,2026-10-07T07:26:53+02:00
a64fx,simde,512,main_scan_enc,4,"and 2",0.14,6.7883,4.1208,4,4,2026-10-07T07:26:53+02:00
a64fx,simde,512,main_scan_enc,4,"and 2",0.14,6.9899,4.1439,4,4,2026-10-07T07:26:53+02:00
a64fx,simde,512,main_scan_enc,4,"and 2",0.14,6.8517,4.1732,4,4,2026-10-07T07:26:53+02:00
a64fx,simde,512,main_scan_enc,4,"and 2",0.14,6.9792,4.1450,4,4,2026-10-07T07:26:53+02:00
a64fx,simde,512,main_scan_enc,4,"and 3",0.27,4.2850,3.5650,4,4,2026-10-07T07:26:53+02:00
a64fx,simde,512,main_scan_enc,4,"and 3",0.27,4.3109,3.5135,4,4,2026-10-07T07:26:53+02:00
a64fx,simde,512,main_scan_enc,4,"and 3",0.27,4.2376,3.5854,4,4,2026-10-07T07:26:53+02:00
a64fx,simde,512,main_scan_enc,4,"and 3",0.27,4.2678,3.5722,4,4,2026-10-07T07:26:53+02:00
a64fx,simde,512,main_scan_enc,4,"and 3",0.27,4.3127,3.5221,4,4,2026-10-07T07:26:53+02:00
a64fx,simde,512,main_scan_enc,4,"and 1",0.05,13.0226,6.1764,4,4,2026-10-07T07:26:53+02:00
a64fx,simde,512,main_scan_enc,4,"and 1",0.05,13.0739,6.3784,4,4,2026-10-07T07:26:53+02:00
a64fx,simde,512,main_scan_enc,4,"and 1",0.05,12.9339,6.3889,4,4,2026-10-07T07:26:53+02:00
a64fx,simde,512,main_scan_enc,4,"and 1",0.05,12.7741,6.3411,4,4,2026-10-07T07:26:53+02:00
a64fx,simde,512,main_scan_enc,4,"and 1",0.05,13.0332,6.2905,4,4,2026-10-07T07:26:53+02:00
a64fx,simde,512,main_scan_enc,4,"and 2",0.22,5.8495,3.5991,4,4,2026-10-07T07:26:53+02:00
a64fx,simde,512,main_scan_enc,4,"and 2",0.22,5.8631,3.5822,4,4,2026-10-07T07:26:53+02:00
a64fx,simde,512,main_scan_enc,4,"and 2",0.22,5.8621,3.6163,4,4,2026-10-07T07:26:53+02:00
a64fx,simde,512,main_scan_enc,4,"and 2",0.22,5.7973,3.6020,4,4,2026-10-07T07:26:53+02:00
a64fx,simde,512,main_scan_enc,4,"and 2",0.22,5.8790,3.5844,4,4,2026-10-07T07:26:53+02:00
a64fx,simde,512,main_scan_enc,4,"and 3",0.37,3.2948,3.1867,4,4,2026-10-07T07:26:53+02:00
a64fx,simde,512,main_scan_enc,4,"and 3",0.37,3.2159,3.2275,4,4,2026-10-07T07:26:53+02:00
a64fx,simde,512,main_scan_enc,4,"and 3",0.37,3.1523,3.2293,4,4,2026-10-07T07:26:53+02:00
a64fx,simde,512,main_scan_enc,4,"and 3",0.37,3.2003,3.2249,4,4,2026-10-07T07:26:53+02:00
a64fx,simde,512,main_scan_enc,4,"and 3",0.37,3.2088,3.2229,4,4,2026-10-07T07:26:53+02:00
a64fx,simde,512,main_scan_enc,4,"and 1",0.10,10.8109,5.1133,4,4,2026-10-07T07:26:53+02:00
a64fx,simde,512,main_scan_enc,4,"and 1",0.10,10.8121,5.1603,4,4,2026-10-07T07:26:53+02:00
a64fx,simde,512,main_scan_enc,4,"and 1",0.10,10.8218,5.1722,4,4,2026-10-07T07:26:53+02:00
a64fx,simde,512,main_scan_enc,4,"and 1",0.10,10.5229,5.1770,4,4,2026-10-07T07:26:53+02:00
a64fx,simde,512,main_scan_enc,4,"and 1",0.10,10.5182,5.1438,4,4,2026-10-07T07:26:53+02:00
a64fx,simde,512,main_scan_enc,4,"and 2",0.32,4.3496,3.1721,4,4,2026-10-07T07:26:53+02:00
a64fx,simde,512,main_scan_enc,4,"and 2",0.32,4.3576,3.1797,4,4,2026-10-07T07:26:53+02:00
a64fx,simde,512,main_scan_enc,4,"and 2",0.32,4.2945,3.1665,4,4,2026-10-07T07:26:53+02:00
a64fx,simde,512,main_scan_enc,4,"and 2",0.32,4.3718,3.1428,4,4,2026-10-07T07:26:53+02:00
a64fx,simde,512,main_scan_enc,4,"and 2",0.32,4.3685,3.1735,4,4,2026-10-07T07:26:53+02:00
a64fx,simde,512,main_scan_enc,4,"and 3",0.46,2.6030,2.8713,4,4,2026-10-07T07:26:53+02:00
a64fx,simde,512,main_scan_enc,4,"and 3",0.46,2.5904,2.8964,4,4,2026-10-07T07:26:53+02:00
a64fx,simde,512,main_scan_enc,4,"and 3",0.46,2.5898,2.8677,4,4,2026-10-07T07:26:53+02:00
a64fx,simde,512,main_scan_enc,4,"and 3",0.46,2.5856,2.8900,4,4,2026-10-07T07:26:53+02:00
a64fx,simde,512,main_scan_enc,4,"and 3",0.46,2.5976,2.8858,4,4,2026-10-07T07:26:53+02:00
a64fx,simde,512,main_scan_enc,4,"and 1",0.20,7.7228,3.8358,4,4,2026-10-07T07:26:53+02:00
a64fx,simde,512,main_scan_enc,4,"and 1",0.20,7.6262,3.8312,4,4,2026-10-07T07:26:53+02:00
a64fx,simde,512,main_scan_enc,4,"and 1",0.20,7.5928,3.7859,4,4,2026-10-07T07:26:53+02:00
a64fx,simde,512,main_scan_enc,4,"and 1",0.20,7.7222,3.7928,4,4,2026-10-07T07:26:53+02:00
a64fx,simde,512,main_scan_enc,4,"and 1",0.20,7.5779,3.8019,4,4,2026-10-07T07:26:53+02:00
a64fx,simde,512,main_scan_enc,4,"and 2",0.45,3.0851,2.6130,4,4,2026-10-07T07:26:53+02:00
a64fx,simde,512,main_scan_enc,4,"and 2",0.45,3.0728,2.6227,4,4,2026-10-07T07:26:53+02:00
a64fx,simde,512,main_scan_enc,4,"and 2",0.45,3.0992,2.6000,4,4,2026-10-07T07:26:53+02:00
a64fx,simde,512,main_scan_enc,4,"and 2",0.45,3.1026,2.5915,4,4,2026-10-07T07:26:53+02:00
a64fx,simde,512,main_scan_enc,4,"and 2",0.45,3.0982,2.5553,4,4,2026-10-07T07:26:53+02:00
a64fx,simde,512,main_scan_enc,4,"and 3",0.58,2.4295,2.4388,4,4,2026-10-07T07:26:53+02:00
a64fx,simde,512,main_scan_enc,4,"and 3",0.58,2.4282,2.4398,4,4,2026-10-07T07:26:53+02:00
a64fx,simde,512,main_scan_enc,4,"and 3",0.58,2.4140,2.4356,4,4,2026-10-07T07:26:53+02:00
a64fx,simde,512,main_scan_enc,4,"and 3",0.58,2.4218,2.3338,4,4,2026-10-07T07:26:53+02:00
a64fx,simde,512,main_scan_enc,4,"and 3",0.58,2.3966,2.4355,4,4,2026-10-07T07:26:53+02:00
a64fx,simde,512,main_scan_enc,4,"and 1",0.50,4.0456,2.3831,4,4,2026-10-07T07:26:53+02:00
a64fx,simde,512,main_scan_enc,4,"and 1",0.50,4.2778,2.3809,4,4,2026-10-07T07:26:53+02:00
a64fx,simde,512,main_scan_enc,4,"and 1",0.50,4.2722,2.3765,4,4,2026-10-07T07:26:53+02:00
a64fx,simde,512,main_scan_enc,4,"and 1",0.50,4.2722,2.3788,4,4,2026-10-07T07:26:53+02:00
a64fx,simde,512,main_scan_enc,4,"and 1",0.50,4.2523,2.3825,4,4,2026-10-07T07:26:53+02:00
a64fx,simde,512,main_scan_enc,4,"and 2",0.71,3.5500,1.8492,4,4,2026-10-07T07:26:53+02:00
a64fx,simde,512,main_scan_enc,4,"and 2",0.71,3.3936,1.8371,4,4,2026-10-07T07:26:53+02:00
a64fx,simde,512,main_scan_enc,4,"and 2",0.71,3.5686,1.8530,4,4,2026-10-07T07:26:53+02:00
a64fx,simde,512,main_scan_enc,4,"and 2",0.71,3.5522,1.8302,4,4,2026-10-07T07:26:53+02:00
a64fx,simde,512,main_scan_enc,4,"and 2",0.71,3.5669,1.8517,4,4,2026-10-07T07:26:53+02:00
a64fx,simde,512,main_scan_enc,4,"and 3",0.79,3.2331,1.7109,4,4,2026-10-07T07:26:53+02:00
a64fx,simde,512,main_scan_enc,4,"and 3",0.79,3.2247,1.7604,4,4,2026-10-07T07:26:53+02:00
a64fx,simde,512,main_scan_enc,4,"and 3",0.79,3.2161,1.7619,4,4,2026-10-07T07:26:53+02:00
a64fx,simde,512,main_scan_enc,4,"and 3",0.79,3.2194,1.7612,4,4,2026-10-07T07:26:53+02:00
a64fx,simde,512,main_scan_enc,4,"and 3",0.79,3.2183,1.7547,4,4,2026-10-07T07:26:53+02:00
a64fx,simde,512,main_scan_enc,4,"and 1",1.00,16.5193,2.4253,4,4,2026-10-07T07:26:53+02:00
a64fx,simde,512,main_scan_enc,4,"and 1",1.00,16.5384,2.4303,4,4,2026-10-07T07:26:53+02:00
a64fx,simde,512,main_scan_enc,4,"and 1",1.00,16.5644,2.4287,4,4,2026-10-07T07:26:53+02:00
a64fx,simde,512,main_scan_enc,4,"and 1",1.00,15.9773,2.4236,4,4,2026-10-07T07:26:53+02:00
a64fx,simde,512,main_scan_enc,4,"and 1",1.00,16.5469,2.4162,4,4,2026-10-07T07:26:53+02:00
a64fx,simde,512,main_scan_enc,4,"and 2",1.00,9.4031,1.8837,4,4,2026-10-07T07:26:53+02:00
a64fx,simde,512,main_scan_enc,4,"and 2",1.00,9.4037,1.8777,4,4,2026-10-07T07:26:53+02:00
a64fx,simde,512,main_scan_enc,4,"and 2",1.00,9.3965,1.8846,4,4,2026-10-07T07:26:53+02:00
a64fx,simde,512,main_scan_enc,4,"and 2",1.00,9.2654,1.8264,4,4,2026-10-07T07:26:53+02:00
a64fx,simde,512,main_scan_enc,4,"and 2",1.00,9.4071,1.8826,4,4,2026-10-07T07:26:53+02:00
a64fx,simde,512,main_scan_enc,4,"and 3",1.00,6.2094,1.7808,4,4,2026-10-07T07:26:53+02:00
a64fx,simde,512,main_scan_enc,4,"and 3",1.00,6.1842,1.7815,4,4,2026-10-07T07:26:53+02:00
a64fx,simde,512,main_scan_enc,4,"and 3",1.00,6.2249,1.7840,4,4,2026-10-07T07:26:53+02:00
a64fx,simde,512,main_scan_enc,4,"and 3",1.00,6.2806,1.7711,4,4,2026-10-07T07:26:53+02:00
a64fx,simde,512,main_scan_enc,4,"and 3",1.00,6.2125,1.7676,4,4,2026-10-07T07:26:53+02:00
a64fx,simde,128,main_gather,4,"gather_byte",100.00,0.063280,0.063280,4,4,2026-10-07T07:27:30+02:00
a64fx,simde,128,main_gather,4,"gather_short",100.00,0.045983,0.045983,4,4,2026-10-07T07:27:30+02:00
a64fx,simde,128,main_gather,4,"gather_int",100.00,0.066363,0.066363,4,4,2026-10-07T07:27:30+02:00
a64fx,simde,128,main_gather,4,"gather_long",100.00,0.060533,0.060533,4,4,2026-10-07T07:27:30+02:00
a64fx,simde,128,main_gather,4,"gather_char",100.00,0.012471,0.012471,4,4,2026-10-07T07:27:30+02:00
a64fx,simde,128,main_gather,4,"gather_encoded",100.00,0.034075,0.034075,4,4,2026-10-07T07:27:30+02:00
a64fx,simde,128,main_gather,4,"copy_encoded",100.00,0.242798,0.242798,4,4,2026-10-07T07:27:30+02:00
a64fx,simde,256,main_gather,4,"gather_byte",100.00,0.059750,0.059750,4,4,2026-10-07T07:32:15+02:00
a64fx,simde,256,main_gather,4,"gather_short",100.00,0.057732,0.057732,4,4,2026-10-07T07:32:15+02:00
a64fx,simde,256,main_gather,4,"gather_int",100.00,0.056178,0.056178,4,4,2026-10-07T07:32:15+02:00
a64fx,simde,256,main_gather,4,"gather_long",100.00,0.052505,0.052505,4,4,2026-10-07T07:32:15+02:00
a64fx,simde,256,main_gather,4,"gather_char",100.00,0.014995,0.014995,4,4,2026-10-07T07:32:15+02:00
a64fx,simde,256,main_gather,4,"gather_encoded",100.00,0.044599,0.044599,4,4,2026-10-07T07:32:15+02:00
a64fx,simde,256,main_gather,4,"copy_encoded",100.00,0.568577,0.568577,4,4,2026-10-07T07:32:15+02:00
a64fx,simde,512,main_gather,4,"gather_byte",100.00,0.053848,0.053848,4,4,2026-10-07T07:36:56+02:00
a64fx,simde,512,main_gather,4,"gather_short",100.00,0.047444,0.047444,4,4,2026-10-07T07:36:56+02:00
a64fx,simde,512,main_gather,4,"gather_int",100.00,0.054054,0.054054,4,4,2026-10-07T07:36:56+02:00
a64fx,simde,512,main_gather,4,"gather_long",100.00,0.050562,0.050562,4,4,2026-10-07T07:36:56+02:00
a64fx,simde,512,main_gather,4,"gather_char",100.00,0.014753,0.014753,4,4,2026-10-07T07:36:56+02:00
a64fx,simde,512,main_gather,4,"gather_encoded",100.00,0.025405,0.025405,4,4,2026-10-07T07:36:56+02:00
a64fx,simde,512,main_gather,4,"copy_encoded",100.00,0.434311,0.434311,4,4,2026-10-07T07:36:56+02:00
a64fx,simde,128,main_hash,4,"jenkins_hash",100.00,0.003751,0.003751,4,4,2026-10-07T07:55:44+02:00
a64fx,simde,128,main_hash,4,"fnv_hash",100.00,0.005036,0.005036,4,4,2026-10-07T07:55:44+02:00
a64fx,simde,128,main_hash,4,"murmur_hash",100.00,0.009987,0.009987,4,4,2026-10-07T07:55:44+02:00
a64fx,simde,256,main_hash,4,"jenkins_hash",100.00,0.003962,0.003962,4,4,2026-10-07T07:57:20+02:00
a64fx,simde,256,main_hash,4,"fnv_hash",100.00,0.005111,0.005111,4,4,2026-10-07T07:57:20+02:00
a64fx,simde,256,main_hash,4,"murmur_hash",100.00,0.010738,0.010738,4,4,2026-10-07T07:57:20+02:00
a64fx,simde,512,main_hash,4,"jenkins_hash",100.00,0.002699,0.002699,4,4,2026-10-07T07:58:55+02:00
a64fx,simde,512,main_hash,4,"fnv_hash",100.00,0.001928,0.001928,4,4,2026-10-07T07:58:55+02:00
a64fx,simde,512,main_hash,4,"murmur_hash",100.00,0.002848,0.002848,4,4,2026-10-07T07:58:55+02:00
a64fx,simde,128,main_select,4,"select_byte",100.00,0.384793,0.384793,4,4,2026-10-07T08:05:24+02:00
a64fx,simde,128,main_select,4,"select_short",100.00,0.410917,0.410917,4,4,2026-10-07T08:05:24+02:00
a64fx,simde,128,main_select,4,"select_int",100.00,0.458131,0.458131,4,4,2026-10-07T08:05:24+02:00
a64fx,simde,128,main_select,4,"select_long",100.00,0.175484,0.175484,4,4,2026-10-07T08:05:24+02:00
a64fx,simde,128,main_select,4,"select_float",100.00,0.423283,0.423283,4,4,2026-10-07T08:05:24+02:00
a64fx,simde,128,main_select,4,"select_double",100.00,0.151998,0.151998,4,4,2026-10-07T08:05:24+02:00
a64fx,simde,128,main_select,4,"select_char",100.00,0.026337,0.026337,4,4,2026-10-07T08:05:24+02:00
a64fx,simde,128,main_select,4,"select_encoded",100.00,0.169885,0.169885,4,4,2026-10-07T08:05:24+02:00
a64fx,simde,256,main_select,4,"select_byte",100.00,0.417526,0.417526,4,4,2026-10-07T08:08:22+02:00
a64fx,simde,256,main_select,4,"select_short",100.00,0.424198,0.424198,4,4,2026-10-07T08:08:22+02:00
a64fx,simde,256,main_select,4,"select_int",100.00,0.436125,0.436125,4,4,2026-10-07T08:08:22+02:00
a64fx,simde,256,main_select,4,"select_long",100.00,0.086392,0.086392,4,4,2026-10-07T08:08:22+02:00
a64fx,simde,256,main_select,4,"select_float",100.00,0.415994,0.415994,4,4,2026-10-07T08:08:22+02:00
a64fx,simde,256,main_select,4,"select_double",100.00,0.075586,0.075586,4,4,2026-10-07T08:08:22+02:00
a64fx,simde,256,main_select,4,"select_char",100.00,0.015073,0.015073,4,4,2026-10-07T08:08:22+02:00
a64fx,simde,256,main_select,4,"select_encoded",100.00,0.269186,0.269186,4,4,2026-10-07T08:08:22+02:00
a64fx,simde,512,main_select,4,"select_byte",100.00,0.420756,0.420756,4,4,2026-10-07T08:12:03+02:00
a64fx,simde,512,main_select,4,"select_short",100.00,0.436137,0.436137,4,4,2026-10-07T08:12:03+02:00
a64fx,simde,512,main_select,4,"select_int",100.00,0.433516,0.433516,4,4,2026-10-07T08:12:03+02:00
a64fx,simde,512,main_select,4,"select_long",100.00,0.084625,0.084625,4,4,2026-10-07T08:12:03+02:00
a64fx,simde,512,main_select,4,"select_float",100.00,0.402976,0.402976,4,4,2026-10-07T08:12:03+02:00
a64fx,simde,512,main_select,4,"select_double",100.00,0.072691,0.072691,4,4,2026-10-07T08:12:03+02:00
a64fx,simde,512,main_select,4,"select_char",100.00,0.021292,0.021292,4,4,2026-10-07T08:12:03+02:00
a64fx,simde,512,main_select,4,"select_encoded",100.00,0.248647,0.248647,4,4,2026-10-07T08:12:03+02:00
a64fx,simde,128,main_filter,4,"filter_byte_eq",100.00,0.023418,0.023418,4,4,2026-10-07T08:21:34+02:00
a64fx,simde,128,main_filter,4,"filter_byte_lt",100.00,0.014993,0.014993,4,4,2026-10-07T08:21:34+02:00
a64fx,simde,128,main_filter,4,"filter_byte_gt",100.00,0.015048,0.015048,4,4,2026-10-07T08:21:34+02:00
a64fx,simde,128,main_filter,4,"filter_byte_ne",100.00,0.013156,0.013156,4,4,2026-10-07T08:21:34+02:00
a64fx,simde,128,main_filter,4,"filter_byte_le",100.00,0.014999,0.014999,4,4,2026-10-07T08:21:34+02:00
a64fx,simde,128,main_filter,4,"filter_byte_ge",100.00,0.014998,0.014998,4,4,2026-10-07T08:21:34+02:00
a64fx,simde,128,main_filter,4,"filter_short_eq",100.00,0.022427,0.022427,4,4,2026-10-07T08:21:34+02:00
a64fx,simde,128,main_filter,4,"filter_short_lt",100.00,0.014720,0.014720,4,4,2026-10-07T08:21:34+02:00
a64fx,simde,128,main_filter,4,"filter_short_gt",100.00,0.014762,0.014762,4,4,2026-10-07T08:21:34+02:00
a64fx,simde,128,main_filter,4,"filter_short_ne",100.00,0.012044,0.012044,4,4,2026-10-07T08:21:34+02:00
a64fx,simde,128,main_filter,4,"filter_short_le",100.00,0.014624,0.014624,4,4,2026-10-07T08:21:34+02:00
a64fx,simde,128,main_filter,4,"filter_short_ge",100.00,0.014737,0.014737,4,4,2026-10-07T08:21:34+02:00
a64fx,simde,128,main_filter,4,"filter_int_eq",100.00,0.021623,0.021623,4,4,2026-10-07T08:21:34+02:00
a64fx,simde,128,main_filter,4,"filter_int_lt",100.00,0.014381,0.014381,4,4,2026-10-07T08:21:34+02:00
a64fx,simde,128,main_filter,4,"filter_int_gt",100.00,0.014374,0.014374,4,4,2026-10-07T08:21:34+02:00
a64fx,simde,128,main_filter,4,"filter_int_ne",100.00,0.012635,0.012635,4,4,2026-10-07T08:21:34+02:00
a64fx,simde,128,main_filter,4,"filter_int_le",100.00,0.014229,0.014229,4,4,2026-10-07T08:21:34+02:00
a64fx,simde,128,main_filter,4,"filter_int_ge",100.00,0.014440,0.014440,4,4,2026-10-07T08:21:34+02:00
a64fx,simde,128,main_filter,4,"filter_long_eq",100.00,0.004105,0.004105,4,4,2026-10-07T08:21:34+02:00
a64fx,simde,128,main_filter,4,"filter_long_lt",100.00,0.003735,0.003735,4,4,2026-10-07T08:21:34+02:00
a64fx,simde,128,main_filter,4,"filter_long_gt",100.00,0.003725,0.003725,4,4,2026-10-07T08:21:34+02:00
a64fx,simde,128,main_filter,4,"filter_long_ne",100.00,0.003576,0.003576,4,4,2026-10-07T08:21:34+02:00
a64fx,simde,128,main_filter,4,"filter_long_le",100.00,0.003741,0.003741,4,4,2026-10-07T08:21:34+02:00
a64fx,simde,128,main_filter,4,"filter_long_ge",100.00,0.003731,0.003731,4,4,2026-10-07T08:21:34+02:00
a64fx,simde,128,main_filter,4,"filter_float_eq",100.00,0.020500,0.020500,4,4,2026-10-07T08:21:34+02:00
a64fx,simde,128,main_filter,4,"filter_float_lt",100.00,0.013786,0.013786,4,4,2026-10-07T08:21:34+02:00
a64fx,simde,128,main_filter,4,"filter_float_gt",100.00,0.013813,0.013813,4,4,2026-10-07T08:21:34+02:00
a64fx,simde,128,main_filter,4,"filter_float_ne",100.00,0.012063,0.012063,4,4,2026-10-07T08:21:34+02:00
a64fx,simde,128,main_filter,4,"filter_float_le",100.00,0.013886,0.013886,4,4,2026-10-07T08:21:34+02:00
a64fx,simde,128,main_filter,4,"filter_float_ge",100.00,0.013743,0.013743,4,4,2026-10-07T08:21:34+02:00
a64fx,simde,128,main_filter,4,"filter_double_eq",100.00,0.004086,0.004086,4,4,2026-10-07T08:21:34+02:00
a64fx,simde,128,main_filter,4,"filter_double_lt",100.00,0.003718,0.003718,4,4,2026-10-07T08:21:34+02:00
a64fx,simde,128,main_filter,4,"filter_double_gt",100.00,0.003724,0.003724,4,4,2026-10-07T08:21:34+02:00
a64fx,simde,128,main_filter,4,"filter_double_ne",100.00,0.003584,0.003584,4,4,2026-10-07T08:21:34+02:00
a64fx,simde,128,main_filter,4,"filter_double_le",100.00,0.003726,0.003726,4,4,2026-10-07T08:21:34+02:00
a64fx,simde,128,main_filter,4,"filter_double_ge",100.00,0.003721,0.003721,4,4,2026-10-07T08:21:34+02:00
a64fx,simde,128,main_filter,4,"filter_char_eq",100.00,0.003251,0.003251,4,4,2026-10-07T08:21:34+02:00
a64fx,simde,128,main_filter,4,"filter_char_lt",100.00,0.002670,0.002670,4,4,2026-10-07T08:21:34+02:00
a64fx,simde,128,main_filter,4,"filter_char_gt",100.00,0.002661,0.002661,4,4,2026-10-07T08:21:34+02:00
a64fx,simde,128,main_filter,4,"filter_char_ne",100.00,0.003141,0.003141,4,4,2026-10-07T08:21:34+02:00
a64fx,simde,128,main_filter,4,"filter_char_le",100.00,0.002666,0.002666,4,4,2026-10-07T08:21:34+02:00
a64fx,simde,128,main_filter,4,"filter_char_ge",100.00,0.002681,0.002681,4,4,2026-10-07T08:21:34+02:00
a64fx,simde,256,main_filter,4,"filter_byte_eq",100.00,0.020110,0.020110,4,4,2026-10-07T08:24:21+02:00
a64fx,simde,256,main_filter,4,"filter_byte_lt",100.00,0.013487,0.013487,4,4,2026-10-07T08:24:21+02:00
a64fx,simde,256,main_filter,4,"filter_byte_gt",100.00,0.013465,0.013465,4,4,2026-10-07T08:24:21+02:00
a64fx,simde,256,main_filter,4,"filter_byte_ne",100.00,0.012063,0.012063,4,4,2026-10-07T08:24:21+02:00
a64fx,simde,256,main_filter,4,"filter_byte_le",100.00,0.013472,0.013472,4,4,2026-10-07T08:24:21+02:00
a64fx,simde,256,main_filter,4,"filter_byte_ge",100.00,0.013481,0.013481,4,4,2026-10-07T08:24:21+02:00
a64fx,simde,256,main_filter,4,"filter_short_eq",100.00,0.019541,0.019541,4,4,2026-10-07T08:24:21+02:00
a64fx,simde,256,main_filter,4,"filter_short_lt",100.00,0.013065,0.013065,4,4,2026-10-07T08:24:21+02:00
a64fx,simde,256,main_filter,4,"filter_short_gt",100.00,0.013073,0.013073,4,4,2026-10-07T08:24:21+02:00
a64fx,simde,256,main_filter,4,"filter_short_ne",100.00,0.011844,0.011844,4,4,2026-10-07T08:24:21+02:00
a64fx,simde,256,main_filter,4,"filter_short_le",100.00,0.013101,0.013101,4,4,2026-10-07T08:24:21+02:00
a64fx,simde,256,main_filter,4,"filter_short_ge",100.00,0.013100,0.013100,4,4,2026-10-07T08:24:21+02:00
a64fx,simde,256,main_filter,4,"filter_int_eq",100.00,0.018640,0.018640,4,4,2026-10-07T08:24:21+02:00
a64fx,simde,256,main_filter,4,"filter_int_lt",100.00,0.012711,0.012711,4,4,2026-10-07T08:24:21+02:00
a64fx,simde,256,main_filter,4,"filter_int_gt",100.00,0.012671,0.012671,4,4,2026-10-07T08:24:21+02:00
a64fx,simde,256,main_filter,4,"filter_int_ne",100.00,0.011714,0.011714,4,4,2026-10-07T08:24:21+02:00
a64fx,simde,256,main_filter,4,"filter_int_le",100.00,0.012703,0.012703,4,4,2026-10-07T08:24:21+02:00
a64fx,simde,256,main_filter,4,"filter_int_ge",100.00,0.012701,0.012701,4,4,2026-10-07T08:24:21+02:00
a64fx,simde,256,main_filter,4,"filter_long_eq",100.00,0.003851,0.003851,4,4,2026-10-07T08:24:21+02:00
a64fx,simde,256,main_filter,4,"filter_long_lt",100.00,0.003537,0.003537,4,4,2026-10-07T08:24:21+02:00
a64fx,simde,256,main_filter,4,"filter_long_gt",100.00,0.003535,0.003535,4,4,2026-10-07T08:24:21+02:00
a64fx,simde,256,main_filter,4,"filter_long_ne",100.00,0.003455,0.003455,4,4,2026-10-07T08:24:21+02:00
a64fx,simde,256,main_filter,4,"filter_long_le",100.00,0.003532,0.003532,4,4,2026-10-07T08:24:21+02:00
a64fx,simde,256,main_filter,4,"filter_long_ge",100.00,0.003529,0.003529,4,4,2026-10-07T08:24:21+02:00
a64fx,simde,256,main_filter,4,"filter_float_eq",100.00,0.017267,0.017267,4,4,2026-10-07T08:24:21+02:00
a64fx,simde,256,main_filter,4,"filter_float_lt",100.00,0.012154,0.012154,4,4,2026-10-07T08:24:21+02:00
a64fx,simde,256,main_filter,4,"filter_float_gt",100.00,0.012250,0.012250,4,4,2026-10-07T08:24:21+02:00
a64fx,simde,256,main_filter,4,"filter_float_ne",100.00,0.011190,0.011190,4,4,2026-10-07T08:24:21+02:00
a64fx,simde,256,main_filter,4,"filter_float_le",100.00,0.012178,0.012178,4,4,2026-10-07T08:24:21+02:00
a64fx,simde,256,main_filter,4,"filter_float_ge",100.00,0.012228,0.012228,4,4,2026-10-07T08:24:21+02:00
a64fx,simde,256,main_filter,4,"filter_double_eq",100.00,0.003760,0.003760,4,4,2026-10-07T08:24:21+02:00
a64fx,simde,256,main_filter,4,"filter_double_lt",100.00,0.003434,0.003434,4,4,2026-10-07T08:24:21+02:00
a64fx,simde,256,main_filter,4,"filter_double_gt",100.00,0.003429,0.003429,4,4,2026-10-07T08:24:21+02:00
a64fx,simde,256,main_filter,4,"filter_double_ne",100.00,0.003374,0.003374,4,4,2026-10-07T08:24:21+02:00
a64fx,simde,256,main_filter,4,"filter_double_le",100.00,0.003436,0.003436,4,4,2026-10-07T08:24:21+02:00
a64fx,simde,256,main_filter,4,"filter_double_ge",100.00,0.003432,0.003432,4,4,2026-10-07T08:24:21+02:00
a64fx,simde,256,main_filter,4,"filter_char_eq",100.00,0.003173,0.003173,4,4,2026-10-07T08:24:21+02:00
a64fx,simde,256,main_filter,4,"filter_char_lt",100.00,0.002500,0.002500,4,4,2026-10-07T08:24:21+02:00
a64fx,simde,256,main_filter,4,"filter_char_gt",100.00,0.002499,0.002499,4,4,2026-10-07T08:24:21+02:00
a64fx,simde,256,main_filter,4,"filter_char_ne",100.00,0.003087,0.003087,4,4,2026-10-07T08:24:21+02:00
a64fx,simde,256,main_filter,4,"filter_char_le",100.00,0.002518,0.002518,4,4,2026-10-07T08:24:21+02:00
a64fx,simde,256,main_filter,4,"filter_char_ge",100.00,0.002516,0.002516,4,4,2026-10-07T08:24:21+02:00
a64fx,simde,512,main_filter,4,"filter_byte_eq",100.00,0.020590,0.020590,4,4,2026-10-07T08:27:14+02:00
a64fx,simde,512,main_filter,4,"filter_byte_lt",100.00,0.014413,0.014413,4,4,2026-10-07T08:27:14+02:00
a64fx,simde,512,main_filter,4,"filter_byte_gt",100.00,0.014454,0.014454,4,4,2026-10-07T08:27:14+02:00
a64fx,simde,512,main_filter,4,"filter_byte_ne",100.00,0.013930,0.013930,4,4,2026-10-07T08:27:14+02:00
a64fx,simde,512,main_filter,4,"filter_byte_le",100.00,0.014351,0.014351,4,4,2026-10-07T08:27:14+02:00
a64fx,simde,512,main_filter,4,"filter_byte_ge",100.00,0.014517,0.014517,4,4,2026-10-07T08:27:14+02:00
a64fx,simde,512,main_filter,4,"filter_short_eq",100.00,0.019929,0.019929,4,4,2026-10-07T08:27:14+02:00
a64fx,simde,512,main_filter,4,"filter_short_lt",100.00,0.014152,0.014152,4,4,2026-10-07T08:27:14+02:00
a64fx,simde,512,main_filter,4,"filter_short_gt",100.00,0.014132,0.014132,4,4,2026-10-07T08:27:14+02:00
a64fx,simde,512,main_filter,4,"filter_short_ne",100.00,0.013416,0.013416,4,4,2026-10-07T08:27:14+02:00
a64fx,simde,512,main_filter,4,"filter_short_le",100.00,0.014181,0.014181,4,4,2026-10-07T08:27:14+02:00
a64fx,simde,512,main_filter,4,"filter_short_ge",100.00,0.014152,0.014152,4,4,2026-10-07T08:27:14+02:00
a64fx,simde,512,main_filter,4,"filter_int_eq",100.00,0.019055,0.019055,4,4,2026-10-07T08:27:14+02:00
a64fx,simde,512,main_filter,4,"filter_int_lt",100.00,0.013652,0.013652,4,4,2026-10-07T08:27:14+02:00
a64fx,simde,512,main_filter,4,"filter_int_gt",100.00,0.013635,0.013635,4,4,2026-10-07T08:27:14+02:00
a64fx,simde,512,main_filter,4,"filter_int_ne",100.00,0.013140,0.013140,4,4,2026-10-07T08:27:14+02:00
a64fx,simde,512,main_filter,4,"filter_int_le",100.00,0.013583,0.013583,4,4,2026-10-07T08:27:14+02:00
a64fx,simde,512,main_filter,4,"filter_int_ge",100.00,0.013583,0.013583,4,4,2026-10-07T08:27:14+02:00
a64fx,simde,512,main_filter,4,"filter_long_eq",100.00,0.003936,0.003936,4,4,2026-10-07T08:27:14+02:00
a64fx,simde,512,main_filter,4,"filter_long_lt",100.00,0.003644,0.003644,4,4,2026-10-07T08:27:14+02:00
a64fx,simde,512,main_filter,4,"filter_long_gt",100.00,0.003639,0.003639,4,4,2026-10-07T08:27:14+02:00
a64fx,simde,512,main_filter,4,"filter_long_ne",100.00,0.003609,0.003609,4,4,2026-10-07T08:27:14+02:00
a64fx,simde,512,main_filter,4,"filter_long_le",100.00,0.003642,0.003642,4,4,2026-10-07T08:27:14+02:00
a64fx,simde,512,main_filter,4,"filter_long_ge",100.00,0.003646,0.003646,4,4,2026-10-07T08:27:14+02:00
a64fx,simde,512,main_filter,4,"filter_float_eq",100.00,0.018145,0.018145,4,4,2026-10-07T08:27:14+02:00
a64fx,simde,512,main_filter,4,"filter_float_lt",100.00,0.013030,0.013030,4,4,2026-10-07T08:27:14+02:00
a64fx,simde,512,main_filter,4,"filter_float_gt",100.00,0.012989,0.012989,4,4,2026-10-07T08:27:14+02:00
a64fx,simde,512,main_filter,4,"filter_float_ne",100.00,0.012779,0.012779,4,4,2026-10-07T08:27:14+02:00
a64fx,simde,512,main_filter,4,"filter_float_le",100.00,0.013002,0.013002,4,4,2026-10-07T08:27:14+02:00
a64fx,simde,512,main_filter,4,"filter_float_ge",100.00,0.012958,0.012958,4,4,2026-10-07T08:27:14+02:00
a64fx,simde,512,main_filter,4,"filter_double_eq",100.00,0.003848,0.003848,4,4,2026-10-07T08:27:14+02:00
a64fx,simde,512,main_filter,4,"filter_double_lt",100.00,0.003530,0.003530,4,4,2026-10-07T08:27:14+02:00
a64fx,simde,512,main_filter,4,"filter_double_gt",100.00,0.003536,0.003536,4,4,2026-10-07T08:27:14+02:00
a64fx,simde,512,main_filter,4,"filter_double_ne",100.00,0.003515,0.003515,4,4,2026-10-07T08:27:14+02:00
a64fx,simde,512,main_filter,4,"filter_double_le",100.00,0.003535,0.003535,4,4,2026-10-07T08:27:14+02:00
a64fx,simde,512,main_filter,4,"filter_double_ge",100.00,0.003535,0.003535,4,4,2026-10-07T08:27:14+02:00
a64fx,simde,512,main_filter,4,"filter_char_eq",100.00,0.003196,0.003196,4,4,2026-10-07T08:27:14+02:00
a64fx,simde,512,main_filter,4,"filter_char_lt",100.00,0.002697,0.002697,4,4,2026-10-07T08:27:14+02:00
a64fx,simde,512,main_filter,4,"filter_char_gt",100.00,0.002697,0.002697,4,4,2026-10-07T08:27:14+02:00
a64fx,simde,512,main_filter,4,"filter_char_ne",100.00,0.003141,0.003141,4,4,2026-10-07T08:27:14+02:00
a64fx,simde,512,main_filter,4,"filter_char_le",100.00,0.002716,0.002716,4,4,2026-10-07T08:27:14+02:00
a64fx,simde,512,main_filter,4,"filter_char_ge",100.00,0.002712,0.002712,4,4,2026-10-07T08:27:14+02:00
a64fx,simde,128,main_shuffle,4,"shuffle_offset",100.00,0.020675,0.020675,4,4,2026-10-07T08:37:48+02:00
a64fx,simde,128,main_shuffle,4,"shuffle_byte",100.00,0.188899,0.188899,4,4,2026-10-07T08:37:48+02:00
a64fx,simde,128,main_shuffle,4,"flush_byte",100.00,652.586507,652.586507,4,4,2026-10-07T08:37:48+02:00
a64fx,simde,128,main_shuffle,4,"shuffle_short",100.00,0.143844,0.143844,4,4,2026-10-07T08:37:48+02:00
a64fx,simde,128,main_shuffle,4,"flush_short",100.00,664.170639,664.170639,4,4,2026-10-07T08:37:48+02:00
a64fx,simde,128,main_shuffle,4,"shuffle_int",100.00,0.120037,0.120037,4,4,2026-10-07T08:37:48+02:00
a64fx,simde,128,main_shuffle,4,"flush_int",100.00,698.236058,698.236058,4,4,2026-10-07T08:37:48+02:00
a64fx,simde,128,main_shuffle,4,"shuffle_long",100.00,0.084933,0.084933,4,4,2026-10-07T08:37:48+02:00
a64fx,simde,128,main_shuffle,4,"flush_long",100.00,816.489001,816.489001,4,4,2026-10-07T08:37:48+02:00
a64fx,simde,128,main_shuffle,4,"shuffle_char",100.00,0.008090,0.008090,4,4,2026-10-07T08:37:48+02:00
a64fx,simde,128,main_shuffle,4,"flush_char",100.00,630.171429,630.171429,4,4,2026-10-07T08:37:48+02:00
