arch,method,width,driver,run,label,selectivity,bpts,btps,round,seed,start
znver4,native,512,main_hash,2,"jenkins_hash",100.00,0.035835,0.035835,2,2,2026-10-05T23:12:43+02:00
znver4,native,512,main_hash,2,"fnv_hash",100.00,0.042899,0.042899,2,2,2026-10-05T23:12:43+02:00
znver4,native,512,main_hash,2,"murmur_hash",100.00,0.080082,0.080082,2,2,2026-10-05T23:12:43+02:00
znver4,native,512,main_select,2,"select_byte",100.00,32.058477,32.058477,2,2,2026-10-05T23:14:45+02:00
znver4,native,512,main_select,2,"select_short",100.00,24.481710,24.481710,2,2,2026-10-05T23:14:45+02:00
znver4,native,512,main_select,2,"select_int",100.00,11.492062,11.492062,2,2,2026-10-05T23:14:45+02:00
znver4,native,512,main_select,2,"select_long",100.00,5.674551,5.674551,2,2,2026-10-05T23:14:45+02:00
znver4,native,512,main_select,2,"select_float",100.00,11.484618,11.484618,2,2,2026-10-05T23:14:45+02:00
znver4,native,512,main_select,2,"select_double",100.00,5.685504,5.685504,2,2,2026-10-05T23:14:45+02:00
znver4,native,512,main_select,2,"select_char",100.00,0.349264,0.349264,2,2,2026-10-05T23:14:45+02:00
znver4,native,512,main_select,2,"select_encoded",100.00,15.613106,15.613106,2,2,2026-10-05T23:14:45+02:00
znver4,native,512,main_filter,2,"filter_byte_eq",100.00,0.123065,0.123065,2,2,2026-10-05T23:17:59+02:00
znver4,native,512,main_filter,2,"filter_byte_lt",100.00,0.127831,0.127831,2,2,2026-10-05T23:17:59+02:00
znver4,native,512,main_filter,2,"filter_byte_gt",100.00,0.127613,0.127613,2,2,2026-10-05T23:17:59+02:00
znver4,native,512,main_filter,2,"filter_byte_ne",100.00,0.115039,0.115039,2,2,2026-10-05T23:17:59+02:00
znver4,native,512,main_filter,2,"filter_byte_le",100.00,0.135812,0.135812,2,2,2026-10-05T23:17:59+02:00
znver4,native,512,main_filter,2,"filter_byte_ge",100.00,0.141114,0.141114,2,2,2026-10-05T23:17:59+02:00
znver4,native,512,main_filter,2,"filter_short_eq",100.00,0.072859,0.072859,2,2,2026-10-05T23:17:59+02:00
znver4,native,512,main_filter,2,"filter_short_lt",100.00,0.075405,0.075405,2,2,2026-10-05T23:17:59+02:00
znver4,native,512,main_filter,2,"filter_short_gt",100.00,0.076419,0.076419,2,2,2026-10-05T23:17:59+02:00
znver4,native,512,main_filter,2,"filter_short_ne",100.00,0.076621,0.076621,2,2,2026-10-05T23:17:59+02:00
znver4,native,512,main_filter,2,"filter_short_le",100.00,0.077404,0.077404,2,2,2026-10-05T23:17:59+02:00
znver4,native,512,main_filter,2,"filter_short_ge",100.00,0.076745,0.076745,2,2,2026-10-05T23:17:59+02:00
znver4,native,512,main_filter,2,"filter_int_eq",100.00,0.066018,0.066018,2,2,2026-10-05T23:17:59+02:00
znver4,native,512,main_filter,2,"filter_int_lt",100.00,0.062537,0.062537,2,2,2026-10-05T23:17:59+02:00
znver4,native,512,main_filter,2,"filter_int_gt",100.00,0.063378,0.063378,2,2,2026-10-05T23:17:59+02:00
znver4,native,512,main_filter,2,"filter_int_ne",100.00,0.064077,0.064077,2,2,2026-10-05T23:17:59+02:00
znver4,native,512,main_filter,2,"filter_int_le",100.00,0.063135,0.063135,2,2,2026-10-05T23:17:59+02:00
znver4,native,512,main_filter,2,"filter_int_ge",100.00,0.062188,0.062188,2,2,2026-10-05T23:17:59+02:00
znver4,native,512,main_filter,2,"filter_long_eq",100.00,0.053568,0.053568,2,2,2026-10-05T23:17:59+02:00
znver4,native,512,main_filter,2,"filter_long_lt",100.00,0.052119,0.052119,2,2,2026-10-05T23:17:59+02:00
znver4,native,512,main_filter,2,"filter_long_gt",100.00,0.052989,0.052989,2,2,2026-10-05T23:17:59+02:00
znver4,native,512,main_filter,2,"filter_long_ne",100.00,0.053106,0.053106,2,2,2026-10-05T23:17:59+02:00
znver4,native,512,main_filter,2,"filter_long_le",100.00,0.052349,0.052349,2,2,2026-10-05T23:17:59+02:00
znver4,native,512,main_filter,2,"filter_long_ge",100.00,0.053273,0.053273,2,2,2026-10-05T23:17:59+02:00
znver4,native,512,main_filter,2,"filter_float_eq",100.00,0.069130,0.069130,2,2,2026-10-05T23:17:59+02:00
znver4,native,512,main_filter,2,"filter_float_lt",100.00,0.067094,0.067094,2,2,2026-10-05T23:17:59+02:00
znver4,native,512,main_filter,2,"filter_float_gt",100.00,0.066343,0.066343,2,2,2026-10-05T23:17:59+02:00
znver4,native,512,main_filter,2,"filter_float_ne",100.00,0.067641,0.067641,2,2,2026-10-05T23:17:59+02:00
znver4,native,512,main_filter,2,"filter_float_le",100.00,0.067704,0.067704,2,2,2026-10-05T23:17:59+02:00
znver4,native,512,main_filter,2,"filter_float_ge",100.00,0.067479,0.067479,2,2,2026-10-05T23:17:59+02:00
znver4,native,512,main_filter,2,"filter_double_eq",100.00,0.056066,0.056066,2,2,2026-10-05T23:17:59+02:00
znver4,native,512,main_filter,2,"filter_double_lt",100.00,0.054947,0.054947,2,2,2026-10-05T23:17:59+02:00
znver4,native,512,main_filter,2,"filter_double_gt",100.00,0.055284,0.055284,2,2,2026-10-05T23:17:59+02:00
znver4,native,512,main_filter,2,"filter_double_ne",100.00,0.054559,0.054559,2,2,2026-10-05T23:17:59+02:00
znver4,native,512,main_filter,2,"filter_double_le",100.00,0.054153,0.054153,2,2,2026-10-05T23:17:59+02:00
znver4,native,512,main_filter,2,"filter_double_ge",100.00,0.054383,0.054383,2,2,2026-10-05T23:17:59+02:00
znver4,native,512,main_filter,2,"filter_char_eq",100.00,0.071068,0.071068,2,2,2026-10-05T23:17:59+02:00
znver4,native,512,main_filter,2,"filter_char_lt",100.00,0.043208,0.043208,2,2,2026-10-05T23:17:59+02:00
znver4,native,512,main_filter,2,"filter_char_gt",100.00,0.043311,0.043311,2,2,2026-10-05T23:17:59+02:00
znver4,native,512,main_filter,2,"filter_char_ne",100.00,0.070978,0.070978,2,2,2026-10-05T23:17:59+02:00
znver4,native,512,main_filter,2,"filter_char_le",100.00,0.043401,0.043401,2,2,2026-10-05T23:17:59+02:00
znver4,native,512,main_filter,2,"filter_char_ge",100.00,0.043266,0.043266,2,2,2026-10-05T23:17:59+02:00
znver4,native,512,main_shuffle,2,"shuffle_offset",100.00,1.242296,1.242296,2,2,2026-10-05T23:20:00+02:00
znver4,native,512,main_shuffle,2,"shuffle_byte",100.00,1.641876,1.641876,2,2,2026-10-05T23:20:00+02:00
znver4,native,512,main_shuffle,2,"flush_byte",100.00,2462.023949,2462.023949,2,2,2026-10-05T23:20:00+02:00
znver4,native,512,main_shuffle,2,"shuffle_short",100.00,1.165599,1.165599,2,2,2026-10-05T23:20:00+02:00
znver4,native,512,main_shuffle,2,"flush_short",100.00,2801.432006,2801.432006,2,2,2026-10-05T23:20:00+02:00
znver4,native,512,main_shuffle,2,"shuffle_int",100.00,0.937866,0.937866,2,2,2026-10-05T23:20:00+02:00
znver4,native,512,main_shuffle,2,"flush_int",100.00,3481.328021,3481.328021,2,2,2026-10-05T23:20:00+02:00
znver4,native,512,main_shuffle,2,"shuffle_long",100.00,0.632453,0.632453,2,2,2026-10-05T23:20:00+02:00
znver4,native,512,main_shuffle,2,"flush_long",100.00,4915.392008,4915.392008,2,2,2026-10-05T23:20:00+02:00
znver4,native,512,main_shuffle,2,"shuffle_char",100.00,0.068600,0.068600,2,2,2026-10-05T23:20:00+02:00
znver4,native,512,main_shuffle,2,"flush_char",100.00,3261.366747,3261.366747,2,2,2026-10-05T23:20:00+02:00
znver4,native,512,main_gather,3,"gather_byte",100.00,0.389557,0.389557,3,3,2026-10-05T23:27:16+02:00
znver4,native,512,main_gather,3,"gather_short",100.00,0.308673,0.308673,3,3,2026-10-05T23:27:16+02:00
znver4,native,512,main_gather,3,"gather_int",100.00,0.217061,0.217061,3,3,2026-10-05T23:27:16+02:00
znver4,native,512,main_gather,3,"gather_long",100.00,0.177511,0.177511,3,3,2026-10-05T23:27:16+02:00
znver4,native,512,main_gather,3,"gather_char",100.00,0.046732,0.046732,3,3,2026-10-05T23:27:16+02:00
znver4,native,512,main_gather,3,"gather_encoded",100.00,0.390907,0.390907,3,3,2026-10-05T23:27:16+02:00
znver4,native,512,main_gather,3,"copy_encoded",100.00,9.167390,9.167390,3,3,2026-10-05T23:27:16+02:00
znver4,native,512,main_select,3,"select_byte",100.00,34.418059,34.418059,3,3,2026-10-05T23:35:28+02:00
znver4,native,512,main_select,3,"select_short",100.00,27.062496,27.062496,3,3,2026-10-05T23:35:28+02:00
znver4,native,512,main_select,3,"select_int",100.00,11.751302,11.751302,3,3,2026-10-05T23:35:28+02:00
znver4,native,512,main_select,3,"select_long",100.00,5.763766,5.763766,3,3,2026-10-05T23:35:28+02:00
znver4,native,512,main_select,3,"select_float",100.00,11.708909,11.708909,3,3,2026-10-05T23:35:28+02:00
znver4,native,512,main_select,3,"select_double",100.00,5.786983,5.786983,3,3,2026-10-05T23:35:28+02:00
znver4,native,512,main_select,3,"select_char",100.00,0.345304,0.345304,3,3,2026-10-05T23:35:28+02:00
znver4,native,512,main_select,3,"select_encoded",100.00,15.216860,15.216860,3,3,2026-10-05T23:35:28+02:00
znver4,native,512,main_filter,3,"filter_byte_eq",100.00,0.137869,0.137869,3,3,2026-10-05T23:38:40+02:00
znver4,native,512,main_filter,3,"filter_byte_lt",100.00,0.135006,0.135006,3,3,2026-10-05T23:38:40+02:00
znver4,native,512,main_filter,3,"filter_byte_gt",100.00,0.113172,0.113172,3,3,2026-10-05T23:38:40+02:00
znver4,native,512,main_filter,3,"filter_byte_ne",100.00,0.121600,0.121600,3,3,2026-10-05T23:38:40+02:00
znver4,native,512,main_filter,3,"filter_byte_le",100.00,0.138727,0.138727,3,3,2026-10-05T23:38:40+02:00
znver4,native,512,main_filter,3,"filter_byte_ge",100.00,0.126688,0.126688,3,3,2026-10-05T23:38:40+02:00
znver4,native,512,main_filter,3,"filter_short_eq",100.00,0.077315,0.077315,3,3,2026-10-05T23:38:40+02:00
znver4,native,512,main_filter,3,"filter_short_lt",100.00,0.073093,0.073093,3,3,2026-10-05T23:38:40+02:00
znver4,native,512,main_filter,3,"filter_short_gt",100.00,0.076169,0.076169,3,3,2026-10-05T23:38:40+02:00
znver4,native,512,main_filter,3,"filter_short_ne",100.00,0.075292,0.075292,3,3,2026-10-05T23:38:40+02:00
znver4,native,512,main_filter,3,"filter_short_le",100.00,0.079056,0.079056,3,3,2026-10-05T23:38:40+02:00
znver4,native,512,main_filter,3,"filter_short_ge",100.00,0.078077,0.078077,3,3,2026-10-05T23:38:40+02:00
znver4,native,512,main_filter,3,"filter_int_eq",100.00,0.063435,0.063435,3,3,2026-10-05T23:38:40+02:00
znver4,native,512,main_filter,3,"filter_int_lt",100.00,0.064460,0.064460,3,3,2026-10-05T23:38:40+02:00
znver4,native,512,main_filter,3,"filter_int_gt",100.00,0.064776,0.064776,3,3,2026-10-05T23:38:40+02:00
znver4,native,512,main_filter,3,"filter_int_ne",100.00,0.065864,0.065864,3,3,2026-10-05T23:38:40+02:00
znver4,native,512,main_filter,3,"filter_int_le",100.00,0.066063,0.066063,3,3,2026-10-05T23:38:40+02:00
znver4,native,512,main_filter,3,"filter_int_ge",100.00,0.064462,0.064462,3,3,2026-10-05T23:38:40+02:00
znver4,native,512,main_filter,3,"filter_long_eq",100.00,0.055957,0.055957,3,3,2026-10-05T23:38:40+02:00
znver4,native,512,main_filter,3,"filter_long_lt",100.00,0.054853,0.054853,3,3,2026-10-05T23:38:40+02:00
znver4,native,512,main_filter,3,"filter_long_gt",100.00,0.055034,0.055034,3,3,2026-10-05T23:38:40+02:00
znver4,native,512,main_filter,3,"filter_long_ne",100.00,0.054981,0.054981,3,3,2026-10-05T23:38:40+02:00
znver4,native,512,main_filter,3,"filter_long_le",100.00,0.054441,0.054441,3,3,2026-10-05T23:38:40+02:00
znver4,native,512,main_filter,3,"filter_long_ge",100.00,0.054837,0.054837,3,3,2026-10-05T23:38:40+02:00
znver4,native,512,main_filter,3,"filter_float_eq",100.00,0.062675,0.062675,3,3,2026-10-05T23:38:40+02:00
znver4,native,512,main_filter,3,"filter_float_lt",100.00,0.059871,0.059871,3,3,2026-10-05T23:38:40+02:00
znver4,native,512,main_filter,3,"filter_float_gt",100.00,0.061608,0.061608,3,3,2026-10-05T23:38:40+02:00
znver4,native,512,main_filter,3,"filter_float_ne",100.00,0.062894,0.062894,3,3,2026-10-05T23:38:40+02:00
znver4,native,512,main_filter,3,"filter_float_le",100.00,0.061337,0.061337,3,3,2026-10-05T23:38:40+02:00
znver4,native,512,main_filter,3,"filter_float_ge",100.00,0.063027,0.063027,3,3,2026-10-05T23:38:40+02:00
znver4,native,512,main_filter,3,"filter_double_eq",100.00,0.054155,0.054155,3,3,2026-10-05T23:38:40+02:00
znver4,native,512,main_filter,3,"filter_double_lt",100.00,0.053940,0.053940,3,3,2026-10-05T23:38:40+02:00
znver4,native,512,main_filter,3,"filter_double_gt",100.00,0.054475,0.054475,3,3,2026-10-05T23:38:40+02:00
znver4,native,512,main_filter,3,"filter_double_ne",100.00,0.054750,0.054750,3,3,2026-10-05T23:38:40+02:00
znver4,native,512,main_filter,3,"filter_double_le",100.00,0.053693,0.053693,3,3,2026-10-05T23:38:40+02:00
znver4,native,512,main_filter,3,"filter_double_ge",100.00,0.052369,0.052369,3,3,2026-10-05T23:38:40+02:00
znver4,native,512,main_filter,3,"filter_char_eq",100.00,0.070545,0.070545,3,3,2026-10-05T23:38:40+02:00
znver4,native,512,main_filter,3,"filter_char_lt",100.00,0.042640,0.042640,3,3,2026-10-05T23:38:40+02:00
znver4,native,512,main_filter,3,"filter_char_gt",100.00,0.042635,0.042635,3,3,2026-10-05T23:38:40+02:00
znver4,native,512,main_filter,3,"filter_char_ne",100.00,0.069276,0.069276,3,3,2026-10-05T23:38:40+02:00
znver4,native,512,main_filter,3,"filter_char_le",100.00,0.042647,0.042647,3,3,2026-10-05T23:38:40+02:00
znver4,native,512,main_filter,3,"filter_char_ge",100.00,0.042653,0.042653,3,3,2026-10-05T23:38:40+02:00
znver4,native,512,main_expr,3,"expr_float/+",100.00,6.487658,6.487658,3,3,2026-10-05T23:46:18+02:00
znver4,native,512,main_expr,3,"expr_float/-",100.00,10.723074,10.723074,3,3,2026-10-05T23:46:18+02:00
znver4,native,512,main_expr,3,"expr_float/*",100.00,11.312008,11.312008,3,3,2026-10-05T23:46:18+02:00
znver4,native,512,main_expr,3,"expr_float//",100.00,10.528296,10.528296,3,3,2026-10-05T23:46:18+02:00
znver4,native,512,main_expr,3,"expr_double/+",100.00,2.399311,2.399311,3,3,2026-10-05T23:46:18+02:00
znver4,native,512,main_expr,3,"expr_double/-",100.00,3.686466,3.686466,3,3,2026-10-05T23:46:18+02:00
znver4,native,512,main_expr,3,"expr_double/*",100.00,3.834590,3.834590,3,3,2026-10-05T23:46:18+02:00
znver4,native,512,main_expr,3,"expr_double//",100.00,3.512224,3.512224,3,3,2026-10-05T23:46:18+02:00
znver4,native,512,main_expr,3,"expr_decimal/+",100.00,2.409872,2.409872,3,3,2026-10-05T23:46:18+02:00
znver4,native,512,main_expr,3,"expr_decimal/-",100.00,3.434165,3.434165,3,3,2026-10-05T23:46:18+02:00
znver4,native,512,main_expr,3,"expr_decimal/*",100.00,1.925937,1.925937,3,3,2026-10-05T23:46:18+02:00
znver4,native,512,main_expr,3,"expr_decimal//",100.00,1.773587,1.773587,3,3,2026-10-05T23:46:18+02:00
znver4,native,512,main_part,3,"int * 1 | 2^4",,7.5407,7.5407,3,3,2026-10-05T23:46:34+02:00
znver4,native,512,main_part,3,"int * 1 | 2^4",,7.6335,7.6335,3,3,2026-10-05T23:46:34+02:00
znver4,native,512,main_part,3,"int * 1 | 2^4",,7.6400,7.6400,3,3,2026-10-05T23:46:34+02:00
znver4,native,512,main_part,3,"int * 1 | 2^4",,8.7186,8.7186,3,3,2026-10-05T23:46:34+02:00
znver4,native,512,main_part,3,"int * 1 | 2^4",,8.0019,8.0019,3,3,2026-10-05T23:46:34+02:00
znver4,native,512,main_part,3,"int * 1 | 2^5",,11.3361,11.3361,3,3,2026-10-05T23:46:34+02:00
znver4,native,512,main_part,3,"int * 1 | 2^5",,8.2535,8.2535,3,3,2026-10-05T23:46:34+02:00
znver4,native,512,main_part,3,"int * 1 | 2^5",,8.4390,8.4390,3,3,2026-10-05T23:46:34+02:00
znver4,native,512,main_part,3,"int * 1 | 2^5",,8.8147,8.8147,3,3,2026-10-05T23:46:34+02:00
znver4,native,512,main_part,3,"int * 1 | 2^5",,9.9627,9.9627,3,3,2026-10-05T23:46:34+02:00
znver4,native,512,main_part,3,"int * 1 | 2^6",,8.4271,8.4271,3,3,2026-10-05T23:46:34+02:00
znver4,native,512,main_part,3,"int * 1 | 2^6",,12.3984,12.3984,3,3,2026-10-05T23:46:34+02:00
znver4,native,512,main_part,3,"int * 1 | 2^6",,8.8987,8.8987,3,3,2026-10-05T23:46:34+02:00
znver4,native,512,main_part,3,"int * 1 | 2^6",,12.4026,12.4026,3,3,2026-10-05T23:46:34+02:00
znver4,native,512,main_part,3,"int * 1 | 2^6",,11.3269,11.3269,3,3,2026-10-05T23:46:34+02:00
znver4,native,512,main_part,3,"int * 1 | 2^7",,9.1893,9.1893,3,3,2026-10-05T23:46:34+02:00
znver4,native,512,main_part,3,"int * 1 | 2^7",,10.5581,10.5581,3,3,2026-10-05T23:46:34+02:00
znver4,native,512,main_part,3,"int * 1 | 2^7",,8.0625,8.0625,3,3,2026-10-05T23:46:34+02:00
znver4,native,512,main_part,3,"int * 1 | 2^7",,7.8994,7.8994,3,3,2026-10-05T23:46:34+02:00
znver4,native,512,main_part,3,"int * 1 | 2^7",,9.4260,9.4260,3,3,2026-10-05T23:46:34+02:00
znver4,native,512,main_part,3,"int * 1 | 2^8",,10.4075,10.4075,3,3,2026-10-05T23:46:34+02:00
znver4,native,512,main_part,3,"int * 1 | 2^8",,6.4265,6.4265,3,3,2026-10-05T23:46:34+02:00
znver4,native,512,main_part,3,"int * 1 | 2^8",,8.6844,8.6844,3,3,2026-10-05T23:46:34+02:00
znver4,native,512,main_part,3,"int * 1 | 2^8",,9.4282,9.4282,3,3,2026-10-05T23:46:34+02:00
znver4,native,512,main_part,3,"int * 1 | 2^8",,9.8457,9.8457,3,3,2026-10-05T23:46:34+02:00
znver4,native,512,main_part,3,"int * 2 | 2^4",,5.8687,5.8687,3,3,2026-10-05T23:46:34+02:00
znver4,native,512,main_part,3,"int * 2 | 2^4",,7.7749,7.7749,3,3,2026-10-05T23:46:34+02:00
znver4,native,512,main_part,3,"int * 2 | 2^4",,7.8396,7.8396,3,3,2026-10-05T23:46:34+02:00
znver4,native,512,main_part,3,"int * 2 | 2^4",,7.5889,7.5889,3,3,2026-10-05T23:46:34+02:00
znver4,native,512,main_part,3,"int * 2 | 2^4",,6.5228,6.5228,3,3,2026-10-05T23:46:34+02:00
znver4,native,512,main_part,3,"int * 2 | 2^5",,6.6215,6.6215,3,3,2026-10-05T23:46:34+02:00
znver4,native,512,main_part,3,"int * 2 | 2^5",,6.3363,6.3363,3,3,2026-10-05T23:46:34+02:00
znver4,native,512,main_part,3,"int * 2 | 2^5",,6.4949,6.4949,3,3,2026-10-05T23:46:34+02:00
znver4,native,512,main_part,3,"int * 2 | 2^5",,6.4842,6.4842,3,3,2026-10-05T23:46:34+02:00
znver4,native,512,main_part,3,"int * 2 | 2^5",,5.6463,5.6463,3,3,2026-10-05T23:46:34+02:00
znver4,native,512,main_part,3,"int * 2 | 2^6",,8.0750,8.0750,3,3,2026-10-05T23:46:34+02:00
znver4,native,512,main_part,3,"int * 2 | 2^6",,7.4776,7.4776,3,3,2026-10-05T23:46:34+02:00
znver4,native,512,main_part,3,"int * 2 | 2^6",,7.1618,7.1618,3,3,2026-10-05T23:46:34+02:00
znver4,native,512,main_part,3,"int * 2 | 2^6",,3.9456,3.9456,3,3,2026-10-05T23:46:34+02:00
znver4,native,512,main_part,3,"int * 2 | 2^6",,5.2367,5.2367,3,3,2026-10-05T23:46:34+02:00
znver4,native,512,main_part,3,"int * 2 | 2^7",,5.4717,5.4717,3,3,2026-10-05T23:46:34+02:00
znver4,native,512,main_part,3,"int * 2 | 2^7",,8.0280,8.0280,3,3,2026-10-05T23:46:34+02:00
znver4,native,512,main_part,3,"int * 2 | 2^7",,8.2980,8.2980,3,3,2026-10-05T23:46:34+02:00
znver4,native,512,main_part,3,"int * 2 | 2^7",,7.3147,7.3147,3,3,2026-10-05T23:46:34+02:00
znver4,native,512,main_part,3,"int * 2 | 2^7",,8.0027,8.0027,3,3,2026-10-05T23:46:34+02:00
znver4,native,512,main_part,3,"int * 2 | 2^8",,6.8412,6.8412,3,3,2026-10-05T23:46:34+02:00
znver4,native,512,main_part,3,"int * 2 | 2^8",,6.7422,6.7422,3,3,2026-10-05T23:46:34+02:00
znver4,native,512,main_part,3,"int * 2 | 2^8",,4.4580,4.4580,3,3,2026-10-05T23:46:34+02:00
znver4,native,512,main_part,3,"int * 2 | 2^8",,5.1516,5.1516,3,3,2026-10-05T23:46:34+02:00
znver4,native,512,main_part,3,"int * 2 | 2^8",,6.4654,6.4654,3,3,2026-10-05T23:46:34+02:00
znver4,native,512,main_part,3,"int * 3 | 2^4",,5.9052,5.9052,3,3,2026-10-05T23:46:34+02:00
znver4,native,512,main_part,3,"int * 3 | 2^4",,6.0966,6.0966,3,3,2026-10-05T23:46:34+02:00
znver4,native,512,main_part,3,"int * 3 | 2^4",,5.1316,5.1316,3,3,2026-10-05T23:46:34+02:00
znver4,native,512,main_part,3,"int * 3 | 2^4",,5.3132,5.3132,3,3,2026-10-05T23:46:34+02:00
znver4,native,512,main_part,3,"int * 3 | 2^4",,5.4624,5.4624,3,3,2026-10-05T23:46:34+02:00
znver4,native,512,main_part,3,"int * 3 | 2^5",,4.7747,4.7747,3,3,2026-10-05T23:46:34+02:00
znver4,native,512,main_part,3,"int * 3 | 2^5",,5.9774,5.9774,3,3,2026-10-05T23:46:34+02:00
znver4,native,512,main_part,3,"int * 3 | 2^5",,5.7390,5.7390,3,3,2026-10-05T23:46:34+02:00
znver4,native,512,main_part,3,"int * 3 | 2^5",,5.3551,5.3551,3,3,2026-10-05T23:46:34+02:00
znver4,native,512,main_part,3,"int * 3 | 2^5",,5.2425,5.2425,3,3,2026-10-05T23:46:34+02:00
znver4,native,512,main_part,3,"int * 3 | 2^6",,5.4164,5.4164,3,3,2026-10-05T23:46:34+02:00
znver4,native,512,main_part,3,"int * 3 | 2^6",,5.1299,5.1299,3,3,2026-10-05T23:46:34+02:00
znver4,native,512,main_part,3,"int * 3 | 2^6",,5.4439,5.4439,3,3,2026-10-05T23:46:34+02:00
znver4,native,512,main_part,3,"int * 3 | 2^6",,6.2285,6.2285,3,3,2026-10-05T23:46:34+02:00
znver4,native,512,main_part,3,"int * 3 | 2^6",,3.5197,3.5197,3,3,2026-10-05T23:46:34+02:00
znver4,native,512,main_part,3,"int * 3 | 2^7",,5.0427,5.0427,3,3,2026-10-05T23:46:34+02:00
znver4,native,512,main_part,3,"int * 3 | 2^7",,5.9085,5.9085,3,3,2026-10-05T23:46:34+02:00
znver4,native,512,main_part,3,"int * 3 | 2^7",,6.4353,6.4353,3,3,2026-10-05T23:46:34+02:00
znver4,native,512,main_part,3,"int * 3 | 2^7",,6.5650,6.5650,3,3,2026-10-05T23:46:34+02:00
znver4,native,512,main_part,3,"int * 3 | 2^7",,6.3237,6.3237,3,3,2026-10-05T23:46:34+02:00
znver4,native,512,main_part,3,"int * 3 | 2^8",,6.6292,6.6292,3,3,2026-10-05T23:46:34+02:00
znver4,native,512,main_part,3,"int * 3 | 2^8",,3.3808,3.3808,3,3,2026-10-05T23:46:34+02:00
znver4,native,512,main_part,3,"int * 3 | 2^8",,4.8004,4.8004,3,3,2026-10-05T23:46:34+02:00
znver4,native,512,main_part,3,"int * 3 | 2^8",,5.3636,5.3636,3,3,2026-10-05T23:46:34+02:00
znver4,native,512,main_part,3,"int * 3 | 2^8",,5.5671,5.5671,3,3,2026-10-05T23:46:34+02:00
znver4,native,512,main_aggr,3,"Codegen 1 sum",,0.5008,0.5008,3,3,2026-10-05T23:46:46+02:00
znver4,native,512,main_aggr,3,"Codegen 1 sum",,0.5027,0.5027,3,3,2026-10-05T23:46:46+02:00
znver4,native,512,main_aggr,3,"Codegen 1 sum",,0.4989,0.4989,3,3,2026-10-05T23:46:46+02:00
znver4,native,512,main_aggr,3,"Codegen 1 sum",,0.5005,0.5005,3,3,2026-10-05T23:46:46+02:00
znver4,native,512,main_aggr,3,"Codegen 1 sum",,0.5011,0.5011,3,3,2026-10-05T23:46:46+02:00
znver4,native,512,main_aggr,3,"Codegen 2 sum",,0.4454,0.4454,3,3,2026-10-05T23:46:46+02:00
znver4,native,512,main_aggr,3,"Codegen 2 sum",,0.4420,0.4420,3,3,2026-10-05T23:46:46+02:00
znver4,native,512,main_aggr,3,"Codegen 2 sum",,0.4420,0.4420,3,3,2026-10-05T23:46:46+02:00
znver4,native,512,main_aggr,3,"Codegen 2 sum",,0.4422,0.4422,3,3,2026-10-05T23:46:46+02:00
znver4,native,512,main_aggr,3,"Codegen 2 sum",,0.4398,0.4398,3,3,2026-10-05T23:46:46+02:00
znver4,native,512,main_aggr,3,"Codegen 3 sum",,0.4243,0.4243,3,3,2026-10-05T23:46:46+02:00
znver4,native,512,main_aggr,3,"Codegen 3 sum",,0.4264,0.4264,3,3,2026-10-05T23:46:46+02:00
znver4,native,512,main_aggr,3,"Codegen 3 sum",,0.4243,0.4243,3,3,2026-10-05T23:46:46+02:00
znver4,native,512,main_aggr,3,"Codegen 3 sum",,0.4230,0.4230,3,3,2026-10-05T23:46:46+02:00
znver4,native,512,main_aggr,3,"Codegen 3 sum",,0.4257,0.4257,3,3,2026-10-05T23:46:46+02:00
znver4,native,512,main_aggr,3,"Engine 1 sum",,1.4896,1.4896,3,3,2026-10-05T23:46:46+02:00
znver4,native,512,main_aggr,3,"Engine 1 sum",,1.4003,1.4003,3,3,2026-10-05T23:46:46+02:00
znver4,native,512,main_aggr,3,"Engine 1 sum",,1.4804,1.4804,3,3,2026-10-05T23:46:46+02:00
znver4,native,512,main_aggr,3,"Engine 1 sum",,1.4958,1.4958,3,3,2026-10-05T23:46:46+02:00
znver4,native,512,main_aggr,3,"Engine 1 sum",,1.4952,1.4952,3,3,2026-10-05T23:46:46+02:00
znver4,native,512,main_aggr,3,"Engine 2 sum",,1.0641,1.0641,3,3,2026-10-05T23:46:46+02:00
znver4,native,512,main_aggr,3,"Engine 2 sum",,1.1274,1.1274,3,3,2026-10-05T23:46:46+02:00
znver4,native,512,main_aggr,3,"Engine 2 sum",,1.1277,1.1277,3,3,2026-10-05T23:46:46+02:00
znver4,native,512,main_aggr,3,"Engine 2 sum",,1.1271,1.1271,3,3,2026-10-05T23:46:46+02:00
znver4,native,512,main_aggr,3,"Engine 2 sum",,1.1262,1.1262,3,3,2026-10-05T23:46:46+02:00
znver4,native,512,main_aggr,3,"Engine 3 sum",,0.9100,0.9100,3,3,2026-10-05T23:46:46+02:00
znver4,native,512,main_aggr,3,"Engine 3 sum",,0.7582,0.7582,3,3,2026-10-05T23:46:46+02:00
znver4,native,512,main_aggr,3,"Engine 3 sum",,0.9099,0.9099,3,3,2026-10-05T23:46:46+02:00
znver4,native,512,main_aggr,3,"Engine 3 sum",,0.9087,0.9087,3,3,2026-10-05T23:46:46+02:00
znver4,native,512,main_aggr,3,"Engine 3 sum",,0.9047,0.9047,3,3,2026-10-05T23:46:46+02:00
znver4,native,512,main_join,3,"Engine  1-1",,1.1480,1.1480,3,3,2026-10-05T23:47:10+02:00
znver4,native,512,main_join,3,"Engine  1-3",,0.8069,0.8069,3,3,2026-10-05T23:47:10+02:00
znver4,native,512,main_join,3,"Engine  3-1",,1.0062,1.0062,3,3,2026-10-05T23:47:10+02:00
znver4,native,512,main_join,3,"Engine  3-3",,0.6643,0.6643,3,3,2026-10-05T23:47:10+02:00
znver4,native,512,main_join,3,"Codegen 1-1",,0.4305,0.4305,3,3,2026-10-05T23:47:10+02:00
znver4,native,512,main_join,3,"Codegen 1-1",,0.4157,0.4157,3,3,2026-10-05T23:47:10+02:00
znver4,native,512,main_join,3,"Codegen 1-1",,0.4163,0.4163,3,3,2026-10-05T23:47:10+02:00
znver4,native,512,main_join,3,"Codegen 1-1",,0.4165,0.4165,3,3,2026-10-05T23:47:10+02:00
znver4,native,512,main_join,3,"Codegen 1-1",,0.4256,0.4256,3,3,2026-10-05T23:47:10+02:00
znver4,native,512,main_join,3,"Codegen 1-3",,0.4140,0.4140,3,3,2026-10-05T23:47:10+02:00
znver4,native,512,main_join,3,"Codegen 1-3",,0.4021,0.4021,3,3,2026-10-05T23:47:10+02:00
znver4,native,512,main_join,3,"Codegen 1-3",,0.4078,0.4078,3,3,2026-10-05T23:47:10+02:00
znver4,native,512,main_join,3,"Codegen 1-3",,0.3967,0.3967,3,3,2026-10-05T23:47:10+02:00
znver4,native,512,main_join,3,"Codegen 1-3",,0.4149,0.4149,3,3,2026-10-05T23:47:10+02:00
znver4,native,512,main_join,3,"Codegen 3-1",,0.3135,0.3135,3,3,2026-10-05T23:47:10+02:00
znver4,native,512,main_join,3,"Codegen 3-1",,0.3120,0.3120,3,3,2026-10-05T23:47:10+02:00
znver4,native,512,main_join,3,"Codegen 3-1",,0.3128,0.3128,3,3,2026-10-05T23:47:10+02:00
znver4,native,512,main_join,3,"Codegen 3-1",,0.3047,0.3047,3,3,2026-10-05T23:47:10+02:00
znver4,native,512,main_join,3,"Codegen 3-1",,0.3127,0.3127,3,3,2026-10-05T23:47:10+02:00
znver4,native,512,main_join,3,"Codegen 3-3",,0.3093,0.3093,3,3,2026-10-05T23:47:10+02:00
znver4,native,512,main_join,3,"Codegen 3-3",,0.3092,0.3092,3,3,2026-10-05T23:47:10+02:00
znver4,native,512,main_join,3,"Codegen 3-3",,0.2907,0.2907,3,3,2026-10-05T23:47:10+02:00
znver4,native,512,main_join,3,"Codegen 3-3",,0.3107,0.3107,3,3,2026-10-05T23:47:10+02:00
znver4,native,512,main_join,3,"Codegen 3-3",,0.3065,0.3065,3,3,2026-10-05T23:47:10+02:00
znver4,native,512,main_scan_int,4,"and 1",0.00,40.7202,40.3963,4,4,2026-10-05T23:47:23+02:00
znver4,native,512,main_scan_int,4,"and 1",0.00,46.2334,34.1267,4,4,2026-10-05T23:47:23+02:00
znver4,native,512,main_scan_int,4,"and 1",0.00,58.1493,60.7940,4,4,2026-10-05T23:47:23+02:00
znver4,native,512,main_scan_int,4,"and 1",0.00,51.5377,62.2602,4,4,2026-10-05T23:47:23+02:00
znver4,native,512,main_scan_int,4,"and 1",0.00,63.3786,71.6063,4,4,2026-10-05T23:47:23+02:00
znver4,native,512,main_scan_int,4,"and 2",0.03,23.0592,30.7497,4,4,2026-10-05T23:47:23+02:00
znver4,native,512,main_scan_int,4,"and 2",0.03,21.5571,34.0410,4,4,2026-10-05T23:47:23+02:00
znver4,native,512,main_scan_int,4,"and 2",0.03,24.8358,37.1264,4,4,2026-10-05T23:47:23+02:00
znver4,native,512,main_scan_int,4,"and 2",0.03,21.9985,33.7977,4,4,2026-10-05T23:47:23+02:00
znver4,native,512,main_scan_int,4,"and 2",0.03,19.4604,18.0251,4,4,2026-10-05T23:47:23+02:00
znver4,native,512,main_scan_int,4,"and 3",0.10,14.8190,22.4201,4,4,2026-10-05T23:47:23+02:00
znver4,native,512,main_scan_int,4,"and 3",0.10,14.6253,13.0123,4,4,2026-10-05T23:47:23+02:00
znver4,native,512,main_scan_int,4,"and 3",0.10,12.4059,12.4241,4,4,2026-10-05T23:47:23+02:00
znver4,native,512,main_scan_int,4,"and 3",0.10,20.9379,22.1119,4,4,2026-10-05T23:47:23+02:00
znver4,native,512,main_scan_int,4,"and 3",0.10,22.2076,26.5596,4,4,2026-10-05T23:47:23+02:00
znver4,native,512,main_scan_int,4,"and 1",0.00,56.0296,63.9330,4,4,2026-10-05T23:47:23+02:00
znver4,native,512,main_scan_int,4,"and 1",0.00,58.0438,73.7504,4,4,2026-10-05T23:47:23+02:00
znver4,native,512,main_scan_int,4,"and 1",0.00,67.3346,87.3923,4,4,2026-10-05T23:47:23+02:00
znver4,native,512,main_scan_int,4,"and 1",0.00,60.9908,60.0027,4,4,2026-10-05T23:47:23+02:00
znver4,native,512,main_scan_int,4,"and 1",0.00,53.7523,62.7414,4,4,2026-10-05T23:47:23+02:00
znver4,native,512,main_scan_int,4,"and 2",0.04,22.9523,15.8624,4,4,2026-10-05T23:47:23+02:00
znver4,native,512,main_scan_int,4,"and 2",0.04,21.5410,29.8095,4,4,2026-10-05T23:47:23+02:00
znver4,native,512,main_scan_int,4,"and 2",0.04,23.1126,31.2251,4,4,2026-10-05T23:47:23+02:00
znver4,native,512,main_scan_int,4,"and 2",0.04,23.4140,32.9773,4,4,2026-10-05T23:47:23+02:00
znver4,native,512,main_scan_int,4,"and 2",0.04,20.8214,11.5696,4,4,2026-10-05T23:47:23+02:00
znver4,native,512,main_scan_int,4,"and 3",0.13,19.4430,21.3675,4,4,2026-10-05T23:47:23+02:00
znver4,native,512,main_scan_int,4,"and 3",0.13,14.8895,20.8570,4,4,2026-10-05T23:47:23+02:00
znver4,native,512,main_scan_int,4,"and 3",0.13,13.0021,20.7702,4,4,2026-10-05T23:47:23+02:00
znver4,native,512,main_scan_int,4,"and 3",0.13,15.9955,13.5473,4,4,2026-10-05T23:47:23+02:00
znver4,native,512,main_scan_int,4,"and 3",0.13,12.7415,14.9946,4,4,2026-10-05T23:47:23+02:00
znver4,native,512,main_scan_int,4,"and 1",0.01,32.2965,15.1885,4,4,2026-10-05T23:47:23+02:00
znver4,native,512,main_scan_int,4,"and 1",0.01,49.1007,50.8506,4,4,2026-10-05T23:47:23+02:00
znver4,native,512,main_scan_int,4,"and 1",0.01,38.4491,59.6236,4,4,2026-10-05T23:47:23+02:00
znver4,native,512,main_scan_int,4,"and 1",0.01,40.3571,16.0479,4,4,2026-10-05T23:47:23+02:00
znver4,native,512,main_scan_int,4,"and 1",0.01,41.0770,57.9037,4,4,2026-10-05T23:47:23+02:00
znver4,native,512,main_scan_int,4,"and 2",0.07,19.1171,15.2275,4,4,2026-10-05T23:47:23+02:00
znver4,native,512,main_scan_int,4,"and 2",0.07,23.4274,28.8317,4,4,2026-10-05T23:47:23+02:00
znver4,native,512,main_scan_int,4,"and 2",0.07,24.2520,30.1054,4,4,2026-10-05T23:47:23+02:00
znver4,native,512,main_scan_int,4,"and 2",0.07,24.3907,30.6076,4,4,2026-10-05T23:47:23+02:00
znver4,native,512,main_scan_int,4,"and 2",0.07,23.6997,28.4445,4,4,2026-10-05T23:47:23+02:00
znver4,native,512,main_scan_int,4,"and 3",0.17,11.3867,19.1270,4,4,2026-10-05T23:47:23+02:00
znver4,native,512,main_scan_int,4,"and 3",0.17,16.2830,18.5321,4,4,2026-10-05T23:47:23+02:00
znver4,native,512,main_scan_int,4,"and 3",0.17,11.6007,17.4899,4,4,2026-10-05T23:47:23+02:00
znver4,native,512,main_scan_int,4,"and 3",0.17,11.4988,13.2514,4,4,2026-10-05T23:47:23+02:00
znver4,native,512,main_scan_int,4,"and 3",0.17,11.4471,11.9061,4,4,2026-10-05T23:47:23+02:00
znver4,native,512,main_scan_int,4,"and 1",0.01,24.3380,27.4017,4,4,2026-10-05T23:47:23+02:00
znver4,native,512,main_scan_int,4,"and 1",0.01,21.8312,38.8954,4,4,2026-10-05T23:47:23+02:00
znver4,native,512,main_scan_int,4,"and 1",0.01,32.6813,43.6206,4,4,2026-10-05T23:47:23+02:00
znver4,native,512,main_scan_int,4,"and 1",0.01,42.9241,45.4674,4,4,2026-10-05T23:47:23+02:00
znver4,native,512,main_scan_int,4,"and 1",0.01,26.5828,43.7195,4,4,2026-10-05T23:47:23+02:00
znver4,native,512,main_scan_int,4,"and 2",0.10,15.4765,21.6292,4,4,2026-10-05T23:47:23+02:00
znver4,native,512,main_scan_int,4,"and 2",0.10,21.9971,21.5003,4,4,2026-10-05T23:47:23+02:00
znver4,native,512,main_scan_int,4,"and 2",0.10,22.2269,23.3561,4,4,2026-10-05T23:47:23+02:00
znver4,native,512,main_scan_int,4,"and 2",0.10,14.0162,12.1387,4,4,2026-10-05T23:47:23+02:00
znver4,native,512,main_scan_int,4,"and 2",0.10,17.8942,24.6798,4,4,2026-10-05T23:47:23+02:00
znver4,native,512,main_scan_int,4,"and 3",0.22,14.9508,17.4993,4,4,2026-10-05T23:47:23+02:00
znver4,native,512,main_scan_int,4,"and 3",0.22,14.7966,14.6620,4,4,2026-10-05T23:47:23+02:00
znver4,native,512,main_scan_int,4,"and 3",0.22,14.8005,10.6049,4,4,2026-10-05T23:47:23+02:00
znver4,native,512,main_scan_int,4,"and 3",0.22,10.5508,15.6654,4,4,2026-10-05T23:47:23+02:00
znver4,native,512,main_scan_int,4,"and 3",0.22,14.1367,14.5108,4,4,2026-10-05T23:47:23+02:00
znver4,native,512,main_scan_int,4,"and 1",0.02,26.4738,27.2513,4,4,2026-10-05T23:47:23+02:00
znver4,native,512,main_scan_int,4,"and 1",0.02,13.5508,29.8328,4,4,2026-10-05T23:47:23+02:00
znver4,native,512,main_scan_int,4,"and 1",0.02,14.1260,26.4157,4,4,2026-10-05T23:47:23+02:00
znver4,native,512,main_scan_int,4,"and 1",0.02,21.5142,20.5363,4,4,2026-10-05T23:47:23+02:00
znver4,native,512,main_scan_int,4,"and 1",0.02,21.6672,19.9571,4,4,2026-10-05T23:47:23+02:00
znver4,native,512,main_scan_int,4,"and 2",0.14,13.3838,21.6339,4,4,2026-10-05T23:47:23+02:00
znver4,native,512,main_scan_int,4,"and 2",0.14,16.2800,18.5066,4,4,2026-10-05T23:47:23+02:00
znver4,native,512,main_scan_int,4,"and 2",0.14,17.2684,21.1770,4,4,2026-10-05T23:47:23+02:00
znver4,native,512,main_scan_int,4,"and 2",0.14,14.9757,18.4949,4,4,2026-10-05T23:47:23+02:00
znver4,native,512,main_scan_int,4,"and 2",0.14,15.9494,17.7683,4,4,2026-10-05T23:47:23+02:00
znver4,native,512,main_scan_int,4,"and 3",0.27,12.0112,15.4989,4,4,2026-10-05T23:47:23+02:00
znver4,native,512,main_scan_int,4,"and 3",0.27,12.2923,15.4769,4,4,2026-10-05T23:47:23+02:00
znver4,native,512,main_scan_int,4,"and 3",0.27,11.5063,15.8864,4,4,2026-10-05T23:47:23+02:00
znver4,native,512,main_scan_int,4,"and 3",0.27,12.1402,15.7878,4,4,2026-10-05T23:47:23+02:00
znver4,native,512,main_scan_int,4,"and 3",0.27,12.5560,15.9381,4,4,2026-10-05T23:47:23+02:00
znver4,native,512,main_scan_int,4,"and 1",0.05,24.9349,28.4356,4,4,2026-10-05T23:47:23+02:00
znver4,native,512,main_scan_int,4,"and 1",0.05,24.8140,30.1617,4,4,2026-10-05T23:47:23+02:00
znver4,native,512,main_scan_int,4,"and 1",0.05,29.5971,29.9409,4,4,2026-10-05T23:47:23+02:00
znver4,native,512,main_scan_int,4,"and 1",0.05,28.4631,31.2288,4,4,2026-10-05T23:47:23+02:00
znver4,native,512,main_scan_int,4,"and 1",0.05,26.9437,31.1554,4,4,2026-10-05T23:47:23+02:00
znver4,native,512,main_scan_int,4,"and 2",0.22,13.3623,18.7900,4,4,2026-10-05T23:47:23+02:00
znver4,native,512,main_scan_int,4,"and 2",0.22,13.5750,19.1906,4,4,2026-10-05T23:47:23+02:00
znver4,native,512,main_scan_int,4,"and 2",0.22,13.7908,17.7368,4,4,2026-10-05T23:47:23+02:00
znver4,native,512,main_scan_int,4,"and 2",0.22,14.4263,19.1657,4,4,2026-10-05T23:47:23+02:00
znver4,native,512,main_scan_int,4,"and 2",0.22,14.1053,19.2245,4,4,2026-10-05T23:47:23+02:00
znver4,native,512,main_scan_int,4,"and 3",0.37,10.1964,13.6680,4,4,2026-10-05T23:47:23+02:00
znver4,native,512,main_scan_int,4,"and 3",0.37,10.0752,13.4601,4,4,2026-10-05T23:47:23+02:00
znver4,native,512,main_scan_int,4,"and 3",0.37,10.2935,13.5951,4,4,2026-10-05T23:47:23+02:00
znver4,native,512,main_scan_int,4,"and 3",0.37,10.4391,13.4865,4,4,2026-10-05T23:47:23+02:00
znver4,native,512,main_scan_int,4,"and 3",0.37,9.9459,13.3720,4,4,2026-10-05T23:47:23+02:00
znver4,native,512,main_scan_int,4,"and 1",0.10,26.4721,24.4227,4,4,2026-10-05T23:47:23+02:00
znver4,native,512,main_scan_int,4,"and 1",0.10,24.1414,25.3208,4,4,2026-10-05T23:47:23+02:00
znver4,native,512,main_scan_int,4,"and 1",0.10,26.4984,25.3744,4,4,2026-10-05T23:47:23+02:00
znver4,native,512,main_scan_int,4,"and 1",0.10,28.1803,25.0648,4,4,2026-10-05T23:47:23+02:00
znver4,native,512,main_scan_int,4,"and 1",0.10,26.3327,25.2306,4,4,2026-10-05T23:47:23+02:00
znver4,native,512,main_scan_int,4,"and 2",0.32,12.9534,17.0942,4,4,2026-10-05T23:47:23+02:00
znver4,native,512,main_scan_int,4,"and 2",0.32,12.8454,12.3196,4,4,2026-10-05T23:47:23+02:00
znver4,native,512,main_scan_int,4,"and 2",0.32,12.8680,13.6549,4,4,2026-10-05T23:47:23+02:00
znver4,native,512,main_scan_int,4,"and 2",0.32,9.3115,12.2184,4,4,2026-10-05T23:47:23+02:00
znver4,native,512,main_scan_int,4,"and 2",0.32,8.8708,9.7933,4,4,2026-10-05T23:47:23+02:00
znver4,native,512,main_scan_int,4,"and 3",0.46,8.3446,10.8202,4,4,2026-10-05T23:47:23+02:00
znver4,native,512,main_scan_int,4,"and 3",0.46,7.1939,12.1671,4,4,2026-10-05T23:47:23+02:00
znver4,native,512,main_scan_int,4,"and 3",0.46,8.4557,12.0673,4,4,2026-10-05T23:47:23+02:00
znver4,native,512,main_scan_int,4,"and 3",0.46,8.5343,9.7530,4,4,2026-10-05T23:47:23+02:00
znver4,native,512,main_scan_int,4,"and 3",0.46,7.3099,10.4015,4,4,2026-10-05T23:47:23+02:00
znver4,native,512,main_scan_int,4,"and 1",0.20,23.1552,13.8962,4,4,2026-10-05T23:47:23+02:00
znver4,native,512,main_scan_int,4,"and 1",0.20,14.5571,13.6803,4,4,2026-10-05T23:47:23+02:00
znver4,native,512,main_scan_int,4,"and 1",0.20,16.0838,10.2535,4,4,2026-10-05T23:47:23+02:00
znver4,native,512,main_scan_int,4,"and 1",0.20,21.7803,10.4610,4,4,2026-10-05T23:47:23+02:00
znver4,native,512,main_scan_int,4,"and 1",0.20,20.8775,10.5917,4,4,2026-10-05T23:47:23+02:00
znver4,native,512,main_scan_int,4,"and 2",0.45,7.2589,8.8631,4,4,2026-10-05T23:47:23+02:00
znver4,native,512,main_scan_int,4,"and 2",0.45,9.6351,11.1996,4,4,2026-10-05T23:47:23+02:00
znver4,native,512,main_scan_int,4,"and 2",0.45,6.7101,8.8061,4,4,2026-10-05T23:47:23+02:00
znver4,native,512,main_scan_int,4,"and 2",0.45,6.3679,8.7641,4,4,2026-10-05T23:47:23+02:00
znver4,native,512,main_scan_int,4,"and 2",0.45,6.3843,16.2767,4,4,2026-10-05T23:47:23+02:00
znver4,native,512,main_scan_int,4,"and 3",0.58,6.3235,9.4684,4,4,2026-10-05T23:47:23+02:00
znver4,native,512,main_scan_int,4,"and 3",0.58,5.6576,8.9706,4,4,2026-10-05T23:47:23+02:00
znver4,native,512,main_scan_int,4,"and 3",0.58,5.0787,8.0717,4,4,2026-10-05T23:47:23+02:00
znver4,native,512,main_scan_int,4,"and 3",0.58,7.9465,9.6340,4,4,2026-10-05T23:47:23+02:00
znver4,native,512,main_scan_int,4,"and 3",0.58,7.5849,10.4534,4,4,2026-10-05T23:47:23+02:00
znver4,native,512,main_scan_int,4,"and 1",0.50,14.7623,18.6337,4,4,2026-10-05T23:47:23+02:00
znver4,native,512,main_scan_int,4,"and 1",0.50,16.8391,16.8093,4,4,2026-10-05T23:47:23+02:00
znver4,native,512,main_scan_int,4,"and 1",0.50,16.9942,19.2246,4,4,2026-10-05T23:47:23+02:00
znver4,native,512,main_scan_int,4,"and 1",0.50,16.9941,19.0845,4,4,2026-10-05T23:47:23+02:00
znver4,native,512,main_scan_int,4,"and 1",0.50,16.6678,19.1602,4,4,2026-10-05T23:47:23+02:00
znver4,native,512,main_scan_int,4,"and 2",0.71,10.5275,14.8768,4,4,2026-10-05T23:47:23+02:00
znver4,native,512,main_scan_int,4,"and 2",0.71,9.9201,14.8664,4,4,2026-10-05T23:47:23+02:00
znver4,native,512,main_scan_int,4,"and 2",0.71,10.5881,11.6971,4,4,2026-10-05T23:47:23+02:00
znver4,native,512,main_scan_int,4,"and 2",0.71,6.8662,11.4027,4,4,2026-10-05T23:47:23+02:00
znver4,native,512,main_scan_int,4,"and 2",0.71,10.7458,14.1506,4,4,2026-10-05T23:47:23+02:00
znver4,native,512,main_scan_int,4,"and 3",0.79,7.1928,11.6421,4,4,2026-10-05T23:47:23+02:00
znver4,native,512,main_scan_int,4,"and 3",0.79,9.0051,8.2249,4,4,2026-10-05T23:47:23+02:00
znver4,native,512,main_scan_int,4,"and 3",0.79,7.0612,8.9326,4,4,2026-10-05T23:47:23+02:00
znver4,native,512,main_scan_int,4,"and 3",0.79,7.7182,8.5576,4,4,2026-10-05T23:47:23+02:00
znver4,native,512,main_scan_int,4,"and 3",0.79,7.6653,9.3486,4,4,2026-10-05T23:47:23+02:00
znver4,native,512,main_scan_int,4,"and 1",1.00,15.8255,18.3032,4,4,2026-10-05T23:47:23+02:00
znver4,native,512,main_scan_int,4,"and 1",1.00,14.8504,19.6395,4,4,2026-10-05T23:47:23+02:00
znver4,native,512,main_scan_int,4,"and 1",1.00,15.0481,17.5931,4,4,2026-10-05T23:47:23+02:00
znver4,native,512,main_scan_int,4,"and 1",1.00,14.4163,19.4030,4,4,2026-10-05T23:47:23+02:00
znver4,native,512,main_scan_int,4,"and 1",1.00,14.8860,18.1727,4,4,2026-10-05T23:47:23+02:00
znver4,native,512,main_scan_int,4,"and 2",1.00,12.1531,8.2718,4,4,2026-10-05T23:47:23+02:00
znver4,native,512,main_scan_int,4,"and 2",1.00,10.9640,14.6157,4,4,2026-10-05T23:47:23+02:00
znver4,native,512,main_scan_int,4,"and 2",1.00,12.1552,15.3116,4,4,2026-10-05T23:47:23+02:00
znver4,native,512,main_scan_int,4,"and 2",1.00,12.1798,14.9427,4,4,2026-10-05T23:47:23+02:00
znver4,native,512,main_scan_int,4,"and 2",1.00,12.0497,13.9566,4,4,2026-10-05T23:47:23+02:00
znver4,native,512,main_scan_int,4,"and 3",1.00,9.7238,11.3507,4,4,2026-10-05T23:47:23+02:00
znver4,native,512,main_scan_int,4,"and 3",1.00,9.8341,11.5452,4,4,2026-10-05T23:47:23+02:00
znver4,native,512,main_scan_int,4,"and 3",1.00,10.0112,10.1326,4,4,2026-10-05T23:47:23+02:00
znver4,native,512,main_scan_int,4,"and 3",1.00,9.9144,11.4772,4,4,2026-10-05T23:47:23+02:00
znver4,native,512,main_scan_int,4,"and 3",1.00,9.5146,10.8612,4,4,2026-10-05T23:47:23+02:00
znver4,native,512,main_scan_enc,4,"and 1",0.00,56.5116,43.5183,4,4,2026-10-05T23:47:45+02:00
znver4,native,512,main_scan_enc,4,"and 1",0.00,63.7021,32.9583,4,4,2026-10-05T23:47:45+02:00
znver4,native,512,main_scan_enc,4,"and 1",0.00,13.3540,155.6444,4,4,2026-10-05T23:47:45+02:00
znver4,native,512,main_scan_enc,4,"and 1",0.00,42.1387,185.0776,4,4,2026-10-05T23:47:45+02:00
znver4,native,512,main_scan_enc,4,"and 1",0.00,11.6874,26.1213,4,4,2026-10-05T23:47:45+02:00
znver4,native,512,main_scan_enc,4,"and 2",0.03,13.4709,70.1563,4,4,2026-10-05T23:47:45+02:00
znver4,native,512,main_scan_enc,4,"and 2",0.03,13.2622,76.5796,4,4,2026-10-05T23:47:45+02:00
znver4,native,512,main_scan_enc,4,"and 2",0.03,26.4340,72.6874,4,4,2026-10-05T23:47:45+02:00
znver4,native,512,main_scan_enc,4,"and 2",0.03,18.0309,76.0779,4,4,2026-10-05T23:47:45+02:00
znver4,native,512,main_scan_enc,4,"and 2",0.03,18.8470,81.6389,4,4,2026-10-05T23:47:45+02:00
znver4,native,512,main_scan_enc,4,"and 3",0.10,14.8389,25.5385,4,4,2026-10-05T23:47:45+02:00
znver4,native,512,main_scan_enc,4,"and 3",0.10,12.2173,13.7137,4,4,2026-10-05T23:47:45+02:00
znver4,native,512,main_scan_enc,4,"and 3",0.10,21.4164,32.3432,4,4,2026-10-05T23:47:45+02:00
znver4,native,512,main_scan_enc,4,"and 3",0.10,21.5892,48.6220,4,4,2026-10-05T23:47:45+02:00
znver4,native,512,main_scan_enc,4,"and 3",0.10,13.4717,42.9293,4,4,2026-10-05T23:47:45+02:00
znver4,native,512,main_scan_enc,4,"and 1",0.00,31.2273,118.0699,4,4,2026-10-05T23:47:45+02:00
znver4,native,512,main_scan_enc,4,"and 1",0.00,54.1270,19.2575,4,4,2026-10-05T23:47:45+02:00
znver4,native,512,main_scan_enc,4,"and 1",0.00,13.0349,26.0310,4,4,2026-10-05T23:47:45+02:00
znver4,native,512,main_scan_enc,4,"and 1",0.00,59.9041,68.6920,4,4,2026-10-05T23:47:45+02:00
znver4,native,512,main_scan_enc,4,"and 1",0.00,15.3529,15.9428,4,4,2026-10-05T23:47:45+02:00
znver4,native,512,main_scan_enc,4,"and 2",0.04,12.0589,68.1909,4,4,2026-10-05T23:47:45+02:00
znver4,native,512,main_scan_enc,4,"and 2",0.04,19.2863,38.8721,4,4,2026-10-05T23:47:45+02:00
znver4,native,512,main_scan_enc,4,"and 2",0.04,10.5772,114.6928,4,4,2026-10-05T23:47:45+02:00
znver4,native,512,main_scan_enc,4,"and 2",0.04,27.0071,13.9134,4,4,2026-10-05T23:47:45+02:00
znver4,native,512,main_scan_enc,4,"and 2",0.04,17.2737,67.9709,4,4,2026-10-05T23:47:45+02:00
znver4,native,512,main_scan_enc,4,"and 3",0.13,12.0340,11.4787,4,4,2026-10-05T23:47:45+02:00
znver4,native,512,main_scan_enc,4,"and 3",0.13,21.3410,47.4627,4,4,2026-10-05T23:47:45+02:00
znver4,native,512,main_scan_enc,4,"and 3",0.13,21.3395,49.2596,4,4,2026-10-05T23:47:45+02:00
znver4,native,512,main_scan_enc,4,"and 3",0.13,12.0900,38.2582,4,4,2026-10-05T23:47:45+02:00
znver4,native,512,main_scan_enc,4,"and 3",0.13,12.4512,36.2169,4,4,2026-10-05T23:47:45+02:00
znver4,native,512,main_scan_enc,4,"and 1",0.01,22.8697,142.7560,4,4,2026-10-05T23:47:45+02:00
znver4,native,512,main_scan_enc,4,"and 1",0.01,40.2170,12.9148,4,4,2026-10-05T23:47:45+02:00
znver4,native,512,main_scan_enc,4,"and 1",0.01,13.5014,12.9801,4,4,2026-10-05T23:47:45+02:00
znver4,native,512,main_scan_enc,4,"and 1",0.01,32.8330,16.1565,4,4,2026-10-05T23:47:45+02:00
znver4,native,512,main_scan_enc,4,"and 1",0.01,48.8279,48.8743,4,4,2026-10-05T23:47:45+02:00
znver4,native,512,main_scan_enc,4,"and 2",0.07,27.0224,56.9116,4,4,2026-10-05T23:47:45+02:00
znver4,native,512,main_scan_enc,4,"and 2",0.07,9.3692,15.6202,4,4,2026-10-05T23:47:45+02:00
znver4,native,512,main_scan_enc,4,"and 2",0.07,11.5441,59.5127,4,4,2026-10-05T23:47:45+02:00
znver4,native,512,main_scan_enc,4,"and 2",0.07,27.5705,16.2517,4,4,2026-10-05T23:47:45+02:00
znver4,native,512,main_scan_enc,4,"and 2",0.07,9.2101,60.2060,4,4,2026-10-05T23:47:45+02:00
znver4,native,512,main_scan_enc,4,"and 3",0.17,18.0227,41.4350,4,4,2026-10-05T23:47:45+02:00
znver4,native,512,main_scan_enc,4,"and 3",0.17,17.8566,35.9711,4,4,2026-10-05T23:47:45+02:00
znver4,native,512,main_scan_enc,4,"and 3",0.17,18.1673,34.2747,4,4,2026-10-05T23:47:45+02:00
znver4,native,512,main_scan_enc,4,"and 3",0.17,10.2374,32.3338,4,4,2026-10-05T23:47:45+02:00
znver4,native,512,main_scan_enc,4,"and 3",0.17,11.5770,43.9126,4,4,2026-10-05T23:47:45+02:00
znver4,native,512,main_scan_enc,4,"and 1",0.01,10.5202,12.5489,4,4,2026-10-05T23:47:45+02:00
znver4,native,512,main_scan_enc,4,"and 1",0.01,33.1921,48.9740,4,4,2026-10-05T23:47:45+02:00
znver4,native,512,main_scan_enc,4,"and 1",0.01,35.9351,21.4383,4,4,2026-10-05T23:47:45+02:00
znver4,native,512,main_scan_enc,4,"and 1",0.01,9.8862,70.3212,4,4,2026-10-05T23:47:45+02:00
znver4,native,512,main_scan_enc,4,"and 1",0.01,37.2864,66.3389,4,4,2026-10-05T23:47:45+02:00
znver4,native,512,main_scan_enc,4,"and 2",0.10,12.2260,28.3791,4,4,2026-10-05T23:47:45+02:00
znver4,native,512,main_scan_enc,4,"and 2",0.10,12.7172,65.7890,4,4,2026-10-05T23:47:45+02:00
znver4,native,512,main_scan_enc,4,"and 2",0.10,9.2348,11.4559,4,4,2026-10-05T23:47:45+02:00
znver4,native,512,main_scan_enc,4,"and 2",0.10,8.3173,44.8934,4,4,2026-10-05T23:47:45+02:00
znver4,native,512,main_scan_enc,4,"and 2",0.10,8.5748,44.4585,4,4,2026-10-05T23:47:45+02:00
znver4,native,512,main_scan_enc,4,"and 3",0.22,8.0131,10.9248,4,4,2026-10-05T23:47:45+02:00
znver4,native,512,main_scan_enc,4,"and 3",0.22,9.0129,27.4441,4,4,2026-10-05T23:47:45+02:00
znver4,native,512,main_scan_enc,4,"and 3",0.22,9.1919,37.5438,4,4,2026-10-05T23:47:45+02:00
znver4,native,512,main_scan_enc,4,"and 3",0.22,14.4919,40.3353,4,4,2026-10-05T23:47:45+02:00
znver4,native,512,main_scan_enc,4,"and 3",0.22,6.9863,36.7176,4,4,2026-10-05T23:47:45+02:00
znver4,native,512,main_scan_enc,4,"and 1",0.02,15.9619,58.5866,4,4,2026-10-05T23:47:45+02:00
znver4,native,512,main_scan_enc,4,"and 1",0.02,14.0998,61.8016,4,4,2026-10-05T23:47:45+02:00
znver4,native,512,main_scan_enc,4,"and 1",0.02,29.3131,39.3448,4,4,2026-10-05T23:47:45+02:00
znver4,native,512,main_scan_enc,4,"and 1",0.02,30.9524,42.7023,4,4,2026-10-05T23:47:45+02:00
znver4,native,512,main_scan_enc,4,"and 1",0.02,22.8486,37.2950,4,4,2026-10-05T23:47:45+02:00
znver4,native,512,main_scan_enc,4,"and 2",0.14,14.1796,41.6014,4,4,2026-10-05T23:47:45+02:00
znver4,native,512,main_scan_enc,4,"and 2",0.14,17.9588,42.4486,4,4,2026-10-05T23:47:45+02:00
znver4,native,512,main_scan_enc,4,"and 2",0.14,10.7537,46.7078,4,4,2026-10-05T23:47:45+02:00
znver4,native,512,main_scan_enc,4,"and 2",0.14,10.5920,14.1745,4,4,2026-10-05T23:47:45+02:00
znver4,native,512,main_scan_enc,4,"and 2",0.14,12.1976,36.1498,4,4,2026-10-05T23:47:45+02:00
znver4,native,512,main_scan_enc,4,"and 3",0.27,10.3710,22.5285,4,4,2026-10-05T23:47:45+02:00
znver4,native,512,main_scan_enc,4,"and 3",0.27,8.4336,32.7817,4,4,2026-10-05T23:47:45+02:00
znver4,native,512,main_scan_enc,4,"and 3",0.27,12.6029,28.0408,4,4,2026-10-05T23:47:45+02:00
znver4,native,512,main_scan_enc,4,"and 3",0.27,10.3839,20.9571,4,4,2026-10-05T23:47:45+02:00
znver4,native,512,main_scan_enc,4,"and 3",0.27,10.9787,32.2462,4,4,2026-10-05T23:47:45+02:00
znver4,native,512,main_scan_enc,4,"and 1",0.05,30.2515,31.6259,4,4,2026-10-05T23:47:45+02:00
znver4,native,512,main_scan_enc,4,"and 1",0.05,26.8373,30.7662,4,4,2026-10-05T23:47:45+02:00
znver4,native,512,main_scan_enc,4,"and 1",0.05,43.9655,23.8859,4,4,2026-10-05T23:47:45+02:00
znver4,native,512,main_scan_enc,4,"and 1",0.05,43.7463,32.9270,4,4,2026-10-05T23:47:45+02:00
znver4,native,512,main_scan_enc,4,"and 1",0.05,41.6848,20.4565,4,4,2026-10-05T23:47:45+02:00
znver4,native,512,main_scan_enc,4,"and 2",0.22,8.1013,29.2913,4,4,2026-10-05T23:47:45+02:00
znver4,native,512,main_scan_enc,4,"and 2",0.22,18.0660,30.6044,4,4,2026-10-05T23:47:45+02:00
znver4,native,512,main_scan_enc,4,"and 2",0.22,18.3107,11.0176,4,4,2026-10-05T23:47:45+02:00
znver4,native,512,main_scan_enc,4,"and 2",0.22,17.9247,30.6003,4,4,2026-10-05T23:47:45+02:00
znver4,native,512,main_scan_enc,4,"and 2",0.22,14.1855,30.4005,4,4,2026-10-05T23:47:45+02:00
znver4,native,512,main_scan_enc,4,"and 3",0.37,8.3203,22.5410,4,4,2026-10-05T23:47:45+02:00
znver4,native,512,main_scan_enc,4,"and 3",0.37,10.0338,24.0933,4,4,2026-10-05T23:47:45+02:00
znver4,native,512,main_scan_enc,4,"and 3",0.37,10.1694,24.0937,4,4,2026-10-05T23:47:45+02:00
znver4,native,512,main_scan_enc,4,"and 3",0.37,8.5209,22.8946,4,4,2026-10-05T23:47:45+02:00
znver4,native,512,main_scan_enc,4,"and 3",0.37,9.8177,24.0480,4,4,2026-10-05T23:47:45+02:00
znver4,native,512,main_scan_enc,4,"and 1",0.10,35.8654,24.4754,4,4,2026-10-05T23:47:45+02:00
znver4,native,512,main_scan_enc,4,"and 1",0.10,36.1294,24.3370,4,4,2026-10-05T23:47:45+02:00
znver4,native,512,main_scan_enc,4,"and 1",0.10,33.3837,24.7154,4,4,2026-10-05T23:47:45+02:00
znver4,native,512,main_scan_enc,4,"and 1",0.10,33.9185,24.9642,4,4,2026-10-05T23:47:45+02:00
znver4,native,512,main_scan_enc,4,"and 1",0.10,34.8840,24.6231,4,4,2026-10-05T23:47:45+02:00
znver4,native,512,main_scan_enc,4,"and 2",0.32,12.9224,23.6398,4,4,2026-10-05T23:47:45+02:00
znver4,native,512,main_scan_enc,4,"and 2",0.32,13.2396,23.9668,4,4,2026-10-05T23:47:45+02:00
znver4,native,512,main_scan_enc,4,"and 2",0.32,13.1599,23.8613,4,4,2026-10-05T23:47:45+02:00
znver4,native,512,main_scan_enc,4,"and 2",0.32,13.0797,23.6714,4,4,2026-10-05T23:47:45+02:00
znver4,native,512,main_scan_enc,4,"and 2",0.32,10.8941,23.6465,4,4,2026-10-05T23:47:45+02:00
znver4,native,512,main_scan_enc,4,"and 3",0.46,8.0554,20.5635,4,4,2026-10-05T23:47:45+02:00
znver4,native,512,main_scan_enc,4,"and 3",0.46,8.0807,20.4868,4,4,2026-10-05T23:47:45+02:00
znver4,native,512,main_scan_enc,4,"and 3",0.46,5.8940,20.6328,4,4,2026-10-05T23:47:45+02:00
znver4,native,512,main_scan_enc,4,"and 3",0.46,7.9724,20.5123,4,4,2026-10-05T23:47:45+02:00
znver4,native,512,main_scan_enc,4,"and 3",0.46,6.1186,20.3801,4,4,2026-10-05T23:47:45+02:00
znver4,native,512,main_scan_enc,4,"and 1",0.20,24.6046,20.4154,4,4,2026-10-05T23:47:45+02:00
znver4,native,512,main_scan_enc,4,"and 1",0.20,10.7838,10.4332,4,4,2026-10-05T23:47:45+02:00
znver4,native,512,main_scan_enc,4,"and 1",0.20,16.1531,12.5306,4,4,2026-10-05T23:47:45+02:00
znver4,native,512,main_scan_enc,4,"and 1",0.20,25.1240,17.0969,4,4,2026-10-05T23:47:45+02:00
znver4,native,512,main_scan_enc,4,"and 1",0.20,24.6702,20.5256,4,4,2026-10-05T23:47:45+02:00
znver4,native,512,main_scan_enc,4,"and 2",0.45,9.5500,19.7869,4,4,2026-10-05T23:47:45+02:00
znver4,native,512,main_scan_enc,4,"and 2",0.45,8.5368,10.4427,4,4,2026-10-05T23:47:45+02:00
znver4,native,512,main_scan_enc,4,"and 2",0.45,6.5740,19.8294,4,4,2026-10-05T23:47:45+02:00
znver4,native,512,main_scan_enc,4,"and 2",0.45,7.0035,20.1709,4,4,2026-10-05T23:47:45+02:00
znver4,native,512,main_scan_enc,4,"and 2",0.45,5.9898,11.6377,4,4,2026-10-05T23:47:45+02:00
znver4,native,512,main_scan_enc,4,"and 3",0.58,4.7073,17.3049,4,4,2026-10-05T23:47:45+02:00
znver4,native,512,main_scan_enc,4,"and 3",0.58,3.7269,16.1561,4,4,2026-10-05T23:47:45+02:00
znver4,native,512,main_scan_enc,4,"and 3",0.58,6.9698,11.1867,4,4,2026-10-05T23:47:45+02:00
znver4,native,512,main_scan_enc,4,"and 3",0.58,5.0607,18.1808,4,4,2026-10-05T23:47:45+02:00
znver4,native,512,main_scan_enc,4,"and 3",0.58,5.6737,10.0892,4,4,2026-10-05T23:47:45+02:00
znver4,native,512,main_scan_enc,4,"and 1",0.50,8.3340,18.3465,4,4,2026-10-05T23:47:45+02:00
znver4,native,512,main_scan_enc,4,"and 1",0.50,10.9568,13.8515,4,4,2026-10-05T23:47:45+02:00
znver4,native,512,main_scan_enc,4,"and 1",0.50,10.2894,18.1533,4,4,2026-10-05T23:47:45+02:00
znver4,native,512,main_scan_enc,4,"and 1",0.50,13.6793,18.1717,4,4,2026-10-05T23:47:45+02:00
znver4,native,512,main_scan_enc,4,"and 1",0.50,7.5509,17.7416,4,4,2026-10-05T23:47:45+02:00
znver4,native,512,main_scan_enc,4,"and 2",0.71,10.3800,17.5239,4,4,2026-10-05T23:47:45+02:00
znver4,native,512,main_scan_enc,4,"and 2",0.71,8.8856,17.6506,4,4,2026-10-05T23:47:45+02:00
znver4,native,512,main_scan_enc,4,"and 2",0.71,10.5602,11.4815,4,4,2026-10-05T23:47:45+02:00
znver4,native,512,main_scan_enc,4,"and 2",0.71,7.0343,11.2208,4,4,2026-10-05T23:47:45+02:00
znver4,native,512,main_scan_enc,4,"and 2",0.71,6.6445,13.2885,4,4,2026-10-05T23:47:45+02:00
znver4,native,512,main_scan_enc,4,"and 3",0.79,7.9834,12.0211,4,4,2026-10-05T23:47:45+02:00
znver4,native,512,main_scan_enc,4,"and 3",0.79,7.7877,16.1966,4,4,2026-10-05T23:47:45+02:00
znver4,native,512,main_scan_enc,4,"and 3",0.79,8.2776,15.9307,4,4,2026-10-05T23:47:45+02:00
znver4,native,512,main_scan_enc,4,"and 3",0.79,7.8275,14.8227,4,4,2026-10-05T23:47:45+02:00
znver4,native,512,main_scan_enc,4,"and 3",0.79,5.4975,16.0485,4,4,2026-10-05T23:47:45+02:00
znver4,native,512,main_scan_enc,4,"and 1",1.00,19.4046,12.3022,4,4,2026-10-05T23:47:45+02:00
znver4,native,512,main_scan_enc,4,"and 1",1.00,16.6393,13.5550,4,4,2026-10-05T23:47:45+02:00
znver4,native,512,main_scan_enc,4,"and 1",1.00,17.6828,10.6964,4,4,2026-10-05T23:47:45+02:00
znver4,native,512,main_scan_enc,4,"and 1",1.00,12.9878,9.8754,4,4,2026-10-05T23:47:45+02:00
znver4,native,512,main_scan_enc,4,"and 1",1.00,17.4041,9.5912,4,4,2026-10-05T23:47:45+02:00
znver4,native,512,main_scan_enc,4,"and 2",1.00,14.9664,11.8925,4,4,2026-10-05T23:47:45+02:00
znver4,native,512,main_scan_enc,4,"and 2",1.00,15.9694,11.1719,4,4,2026-10-05T23:47:45+02:00
znver4,native,512,main_scan_enc,4,"and 2",1.00,14.2179,13.3956,4,4,2026-10-05T23:47:45+02:00
znver4,native,512,main_scan_enc,4,"and 2",1.00,14.5977,15.1473,4,4,2026-10-05T23:47:45+02:00
znver4,native,512,main_scan_enc,4,"and 2",1.00,15.9000,12.7214,4,4,2026-10-05T23:47:45+02:00
znver4,native,512,main_scan_enc,4,"and 3",1.00,13.1694,8.9303,4,4,2026-10-05T23:47:45+02:00
znver4,native,512,main_scan_enc,4,"and 3",1.00,11.2868,9.4157,4,4,2026-10-05T23:47:45+02:00
znver4,native,512,main_scan_enc,4,"and 3",1.00,8.7844,10.2823,4,4,2026-10-05T23:47:45+02:00
znver4,native,512,main_scan_enc,4,"and 3",1.00,7.7331,9.1345,4,4,2026-10-05T23:47:45+02:00
znver4,native,512,main_scan_enc,4,"and 3",1.00,12.1729,6.6332,4,4,2026-10-05T23:47:45+02:00
znver4,native,512,main_gather,4,"gather_byte",100.00,0.400450,0.400450,4,4,2026-10-05T23:48:08+02:00
znver4,native,512,main_gather,4,"gather_short",100.00,0.307780,0.307780,4,4,2026-10-05T23:48:08+02:00
znver4,native,512,main_gather,4,"gather_int",100.00,0.196790,0.196790,4,4,2026-10-05T23:48:08+02:00
znver4,native,512,main_gather,4,"gather_long",100.00,0.175372,0.175372,4,4,2026-10-05T23:48:08+02:00
znver4,native,512,main_gather,4,"gather_char",100.00,0.046452,0.046452,4,4,2026-10-05T23:48:08+02:00
znver4,native,512,main_gather,4,"gather_encoded",100.00,0.393924,0.393924,4,4,2026-10-05T23:48:08+02:00
znver4,native,512,main_gather,4,"copy_encoded",100.00,9.128812,9.128812,4,4,2026-10-05T23:48:08+02:00
znver4,native,512,main_hash,4,"jenkins_hash",100.00,0.035954,0.035954,4,4,2026-10-05T23:54:17+02:00
znver4,native,512,main_hash,4,"fnv_hash",100.00,0.043237,0.043237,4,4,2026-10-05T23:54:17+02:00
znver4,native,512,main_hash,4,"murmur_hash",100.00,0.081756,0.081756,4,4,2026-10-05T23:54:17+02:00
znver4,native,512,main_shuffle,4,"shuffle_offset",100.00,1.173700,1.173700,4,4,2026-10-06T00:01:35+02:00
znver4,native,512,main_shuffle,4,"shuffle_byte",100.00,1.492249,1.492249,4,4,2026-10-06T00:01:35+02:00
znver4,native,512,main_shuffle,4,"flush_byte",100.00,2443.378772,2443.378772,4,4,2026-10-06T00:01:35+02:00
znver4,native,512,main_shuffle,4,"shuffle_short",100.00,1.153529,1.153529,4,4,2026-10-06T00:01:35+02:00
znver4,native,512,main_shuffle,4,"flush_short",100.00,2812.515255,2812.515255,4,4,2026-10-06T00:01:35+02:00
znver4,native,512,main_shuffle,4,"shuffle_int",100.00,0.885183,0.885183,4,4,2026-10-06T00:01:35+02:00
znver4,native,512,main_shuffle,4,"flush_int",100.00,3542.785708,3542.785708,4,4,2026-10-06T00:01:35+02:00
znver4,native,512,main_shuffle,4,"shuffle_long",100.00,0.582381,0.582381,4,4,2026-10-06T00:01:35+02:00
znver4,native,512,main_shuffle,4,"flush_long",100.00,5069.870664,5069.870664,4,4,2026-10-06T00:01:35+02:00
znver4,native,512,main_shuffle,4,"shuffle_char",100.00,0.067052,0.067052,4,4,2026-10-06T00:01:35+02:00
znver4,native,512,main_shuffle,4,"flush_char",100.00,2937.804861,2937.804861,4,4,2026-10-06T00:01:35+02:00
znver4,native,512,main_hash,23,"jenkins_hash",100.00,0.035222,0.035222,24,24,2026-10-06T11:05:31+02:00
znver4,native,512,main_hash,23,"fnv_hash",100.00,0.042882,0.042882,24,24,2026-10-06T11:05:31+02:00
znver4,native,512,main_hash,23,"murmur_hash",100.00,0.081228,0.081228,24,24,2026-10-06T11:05:31+02:00
znver4,native,512,main_filter,23,"filter_byte_eq",100.00,0.175832,0.175832,24,24,2026-10-06T11:06:05+02:00
znver4,native,512,main_filter,23,"filter_byte_lt",100.00,0.186497,0.186497,24,24,2026-10-06T11:06:05+02:00
znver4,native,512,main_filter,23,"filter_byte_gt",100.00,0.177152,0.177152,24,24,2026-10-06T11:06:05+02:00
znver4,native,512,main_filter,23,"filter_byte_ne",100.00,0.187206,0.187206,24,24,2026-10-06T11:06:05+02:00
znver4,native,512,main_filter,23,"filter_byte_le",100.00,0.186633,0.186633,24,24,2026-10-06T11:06:05+02:00
znver4,native,512,main_filter,23,"filter_byte_ge",100.00,0.179895,0.179895,24,24,2026-10-06T11:06:05+02:00
znver4,native,512,main_filter,23,"filter_short_eq",100.00,0.083964,0.083964,24,24,2026-10-06T11:06:05+02:00
znver4,native,512,main_filter,23,"filter_short_lt",100.00,0.081307,0.081307,24,24,2026-10-06T11:06:05+02:00
znver4,native,512,main_filter,23,"filter_short_gt",100.00,0.081944,0.081944,24,24,2026-10-06T11:06:05+02:00
znver4,native,512,main_filter,23,"filter_short_ne",100.00,0.081978,0.081978,24,24,2026-10-06T11:06:05+02:00
znver4,native,512,main_filter,23,"filter_short_le",100.00,0.082076,0.082076,24,24,2026-10-06T11:06:05+02:00
znver4,native,512,main_filter,23,"filter_short_ge",100.00,0.079741,0.079741,24,24,2026-10-06T11:06:05+02:00
znver4,native,512,main_filter,23,"filter_int_eq",100.00,0.067369,0.067369,24,24,2026-10-06T11:06:05+02:00
znver4,native,512,main_filter,23,"filter_int_lt",100.00,0.066670,0.066670,24,24,2026-10-06T11:06:05+02:00
znver4,native,512,main_filter,23,"filter_int_gt",100.00,0.065760,0.065760,24,24,2026-10-06T11:06:05+02:00
znver4,native,512,main_filter,23,"filter_int_ne",100.00,0.067227,0.067227,24,24,2026-10-06T11:06:05+02:00
znver4,native,512,main_filter,23,"filter_int_le",100.00,0.067134,0.067134,24,24,2026-10-06T11:06:05+02:00
znver4,native,512,main_filter,23,"filter_int_ge",100.00,0.067099,0.067099,24,24,2026-10-06T11:06:05+02:00
znver4,native,512,main_filter,23,"filter_long_eq",100.00,0.055686,0.055686,24,24,2026-10-06T11:06:05+02:00
znver4,native,512,main_filter,23,"filter_long_lt",100.00,0.054596,0.054596,24,24,2026-10-06T11:06:05+02:00
znver4,native,512,main_filter,23,"filter_long_gt",100.00,0.054591,0.054591,24,24,2026-10-06T11:06:05+02:00
znver4,native,512,main_filter,23,"filter_long_ne",100.00,0.055327,0.055327,24,24,2026-10-06T11:06:05+02:00
znver4,native,512,main_filter,23,"filter_long_le",100.00,0.055098,0.055098,24,24,2026-10-06T11:06:05+02:00
znver4,native,512,main_filter,23,"filter_long_ge",100.00,0.054996,0.054996,24,24,2026-10-06T11:06:05+02:00
znver4,native,512,main_filter,23,"filter_float_eq",100.00,0.067870,0.067870,24,24,2026-10-06T11:06:05+02:00
znver4,native,512,main_filter,23,"filter_float_lt",100.00,0.066705,0.066705,24,24,2026-10-06T11:06:05+02:00
znver4,native,512,main_filter,23,"filter_float_gt",100.00,0.066919,0.066919,24,24,2026-10-06T11:06:05+02:00
znver4,native,512,main_filter,23,"filter_float_ne",100.00,0.067400,0.067400,24,24,2026-10-06T11:06:05+02:00
znver4,native,512,main_filter,23,"filter_float_le",100.00,0.066853,0.066853,24,24,2026-10-06T11:06:05+02:00
znver4,native,512,main_filter,23,"filter_float_ge",100.00,0.067158,0.067158,24,24,2026-10-06T11:06:05+02:00
znver4,native,512,main_filter,23,"filter_double_eq",100.00,0.055750,0.055750,24,24,2026-10-06T11:06:05+02:00
znver4,native,512,main_filter,23,"filter_double_lt",100.00,0.054603,0.054603,24,24,2026-10-06T11:06:05+02:00
znver4,native,512,main_filter,23,"filter_double_gt",100.00,0.053894,0.053894,24,24,2026-10-06T11:06:05+02:00
znver4,native,512,main_filter,23,"filter_double_ne",100.00,0.054977,0.054977,24,24,2026-10-06T11:06:05+02:00
znver4,native,512,main_filter,23,"filter_double_le",100.00,0.054837,0.054837,24,24,2026-10-06T11:06:05+02:00
znver4,native,512,main_filter,23,"filter_double_ge",100.00,0.055043,0.055043,24,24,2026-10-06T11:06:05+02:00
znver4,native,512,main_filter,23,"filter_char_eq",100.00,0.071705,0.071705,24,24,2026-10-06T11:06:05+02:00
znver4,native,512,main_filter,23,"filter_char_lt",100.00,0.043565,0.043565,24,24,2026-10-06T11:06:05+02:00
znver4,native,512,main_filter,23,"filter_char_gt",100.00,0.043733,0.043733,24,24,2026-10-06T11:06:05+02:00
znver4,native,512,main_filter,23,"filter_char_ne",100.00,0.071453,0.071453,24,24,2026-10-06T11:06:05+02:00
znver4,native,512,main_filter,23,"filter_char_le",100.00,0.043695,0.043695,24,24,2026-10-06T11:06:05+02:00
znver4,native,512,main_filter,23,"filter_char_ge",100.00,0.043702,0.043702,24,24,2026-10-06T11:06:05+02:00
znver4,native,512,main_part,26,"int * 1 | 2^4",,12.2213,12.2213,27,27,2026-10-06T11:24:25+02:00
znver4,native,512,main_part,26,"int * 1 | 2^4",,12.4476,12.4476,27,27,2026-10-06T11:24:25+02:00
znver4,native,512,main_part,26,"int * 1 | 2^4",,10.6445,10.6445,27,27,2026-10-06T11:24:25+02:00
znver4,native,512,main_part,26,"int * 1 | 2^4",,12.2270,12.2270,27,27,2026-10-06T11:24:25+02:00
znver4,native,512,main_part,26,"int * 1 | 2^4",,12.4926,12.4926,27,27,2026-10-06T11:24:25+02:00
znver4,native,512,main_part,26,"int * 1 | 2^5",,12.4966,12.4966,27,27,2026-10-06T11:24:25+02:00
znver4,native,512,main_part,26,"int * 1 | 2^5",,12.4407,12.4407,27,27,2026-10-06T11:24:25+02:00
znver4,native,512,main_part,26,"int * 1 | 2^5",,12.3942,12.3942,27,27,2026-10-06T11:24:25+02:00
znver4,native,512,main_part,26,"int * 1 | 2^5",,12.3680,12.3680,27,27,2026-10-06T11:24:25+02:00
znver4,native,512,main_part,26,"int * 1 | 2^5",,12.4139,12.4139,27,27,2026-10-06T11:24:25+02:00
znver4,native,512,main_part,26,"int * 1 | 2^6",,12.3640,12.3640,27,27,2026-10-06T11:24:25+02:00
znver4,native,512,main_part,26,"int * 1 | 2^6",,12.4305,12.4305,27,27,2026-10-06T11:24:25+02:00
znver4,native,512,main_part,26,"int * 1 | 2^6",,12.4789,12.4789,27,27,2026-10-06T11:24:25+02:00
znver4,native,512,main_part,26,"int * 1 | 2^6",,12.3244,12.3244,27,27,2026-10-06T11:24:25+02:00
znver4,native,512,main_part,26,"int * 1 | 2^6",,12.2971,12.2971,27,27,2026-10-06T11:24:25+02:00
znver4,native,512,main_part,26,"int * 1 | 2^7",,12.3479,12.3479,27,27,2026-10-06T11:24:25+02:00
znver4,native,512,main_part,26,"int * 1 | 2^7",,12.3211,12.3211,27,27,2026-10-06T11:24:25+02:00
znver4,native,512,main_part,26,"int * 1 | 2^7",,12.4282,12.4282,27,27,2026-10-06T11:24:25+02:00
znver4,native,512,main_part,26,"int * 1 | 2^7",,12.3401,12.3401,27,27,2026-10-06T11:24:25+02:00
znver4,native,512,main_part,26,"int * 1 | 2^7",,12.3117,12.3117,27,27,2026-10-06T11:24:25+02:00
znver4,native,512,main_part,26,"int * 1 | 2^8",,10.4111,10.4111,27,27,2026-10-06T11:24:25+02:00
znver4,native,512,main_part,26,"int * 1 | 2^8",,12.0786,12.0786,27,27,2026-10-06T11:24:25+02:00
znver4,native,512,main_part,26,"int * 1 | 2^8",,11.9162,11.9162,27,27,2026-10-06T11:24:25+02:00
znver4,native,512,main_part,26,"int * 1 | 2^8",,12.0179,12.0179,27,27,2026-10-06T11:24:25+02:00
znver4,native,512,main_part,26,"int * 1 | 2^8",,12.0742,12.0742,27,27,2026-10-06T11:24:25+02:00
znver4,native,512,main_part,26,"int * 2 | 2^4",,9.2881,9.2881,27,27,2026-10-06T11:24:25+02:00
znver4,native,512,main_part,26,"int * 2 | 2^4",,9.1410,9.1410,27,27,2026-10-06T11:24:25+02:00
znver4,native,512,main_part,26,"int * 2 | 2^4",,9.2619,9.2619,27,27,2026-10-06T11:24:25+02:00
znver4,native,512,main_part,26,"int * 2 | 2^4",,9.1666,9.1666,27,27,2026-10-06T11:24:25+02:00
znver4,native,512,main_part,26,"int * 2 | 2^4",,9.3606,9.3606,27,27,2026-10-06T11:24:25+02:00
znver4,native,512,main_part,26,"int * 2 | 2^5",,7.5712,7.5712,27,27,2026-10-06T11:24:25+02:00
znver4,native,512,main_part,26,"int * 2 | 2^5",,9.0811,9.0811,27,27,2026-10-06T11:24:25+02:00
znver4,native,512,main_part,26,"int * 2 | 2^5",,9.2809,9.2809,27,27,2026-10-06T11:24:25+02:00
znver4,native,512,main_part,26,"int * 2 | 2^5",,9.2423,9.2423,27,27,2026-10-06T11:24:25+02:00
znver4,native,512,main_part,26,"int * 2 | 2^5",,8.7192,8.7192,27,27,2026-10-06T11:24:25+02:00
znver4,native,512,main_part,26,"int * 2 | 2^6",,7.6328,7.6328,27,27,2026-10-06T11:24:25+02:00
znver4,native,512,main_part,26,"int * 2 | 2^6",,9.0365,9.0365,27,27,2026-10-06T11:24:25+02:00
znver4,native,512,main_part,26,"int * 2 | 2^6",,9.1123,9.1123,27,27,2026-10-06T11:24:25+02:00
znver4,native,512,main_part,26,"int * 2 | 2^6",,9.1947,9.1947,27,27,2026-10-06T11:24:25+02:00
znver4,native,512,main_part,26,"int * 2 | 2^6",,9.1818,9.1818,27,27,2026-10-06T11:24:25+02:00
znver4,native,512,main_part,26,"int * 2 | 2^7",,7.2211,7.2211,27,27,2026-10-06T11:24:25+02:00
znver4,native,512,main_part,26,"int * 2 | 2^7",,8.9567,8.9567,27,27,2026-10-06T11:24:25+02:00
znver4,native,512,main_part,26,"int * 2 | 2^7",,8.9460,8.9460,27,27,2026-10-06T11:24:25+02:00
znver4,native,512,main_part,26,"int * 2 | 2^7",,8.9632,8.9632,27,27,2026-10-06T11:24:25+02:00
znver4,native,512,main_part,26,"int * 2 | 2^7",,8.8268,8.8268,27,27,2026-10-06T11:24:25+02:00
znver4,native,512,main_part,26,"int * 2 | 2^8",,7.2924,7.2924,27,27,2026-10-06T11:24:25+02:00
znver4,native,512,main_part,26,"int * 2 | 2^8",,8.4971,8.4971,27,27,2026-10-06T11:24:25+02:00
znver4,native,512,main_part,26,"int * 2 | 2^8",,8.7629,8.7629,27,27,2026-10-06T11:24:25+02:00
znver4,native,512,main_part,26,"int * 2 | 2^8",,8.6186,8.6186,27,27,2026-10-06T11:24:25+02:00
znver4,native,512,main_part,26,"int * 2 | 2^8",,8.6869,8.6869,27,27,2026-10-06T11:24:25+02:00
znver4,native,512,main_part,26,"int * 3 | 2^4",,4.9738,4.9738,27,27,2026-10-06T11:24:25+02:00
znver4,native,512,main_part,26,"int * 3 | 2^4",,6.1240,6.1240,27,27,2026-10-06T11:24:25+02:00
znver4,native,512,main_part,26,"int * 3 | 2^4",,6.3817,6.3817,27,27,2026-10-06T11:24:25+02:00
znver4,native,512,main_part,26,"int * 3 | 2^4",,6.9183,6.9183,27,27,2026-10-06T11:24:25+02:00
znver4,native,512,main_part,26,"int * 3 | 2^4",,4.7503,4.7503,27,27,2026-10-06T11:24:25+02:00
znver4,native,512,main_part,26,"int * 3 | 2^5",,6.7150,6.7150,27,27,2026-10-06T11:24:25+02:00
znver4,native,512,main_part,26,"int * 3 | 2^5",,5.2636,5.2636,27,27,2026-10-06T11:24:25+02:00
znver4,native,512,main_part,26,"int * 3 | 2^5",,6.8336,6.8336,27,27,2026-10-06T11:24:25+02:00
znver4,native,512,main_part,26,"int * 3 | 2^5",,5.3804,5.3804,27,27,2026-10-06T11:24:25+02:00
znver4,native,512,main_part,26,"int * 3 | 2^5",,6.0802,6.0802,27,27,2026-10-06T11:24:25+02:00
znver4,native,512,main_part,26,"int * 3 | 2^6",,6.9630,6.9630,27,27,2026-10-06T11:24:25+02:00
znver4,native,512,main_part,26,"int * 3 | 2^6",,5.9784,5.9784,27,27,2026-10-06T11:24:25+02:00
znver4,native,512,main_part,26,"int * 3 | 2^6",,6.8148,6.8148,27,27,2026-10-06T11:24:25+02:00
znver4,native,512,main_part,26,"int * 3 | 2^6",,6.9568,6.9568,27,27,2026-10-06T11:24:25+02:00
znver4,native,512,main_part,26,"int * 3 | 2^6",,6.7289,6.7289,27,27,2026-10-06T11:24:25+02:00
znver4,native,512,main_part,26,"int * 3 | 2^7",,6.7809,6.7809,27,27,2026-10-06T11:24:25+02:00
znver4,native,512,main_part,26,"int * 3 | 2^7",,6.3960,6.3960,27,27,2026-10-06T11:24:25+02:00
znver4,native,512,main_part,26,"int * 3 | 2^7",,6.8570,6.8570,27,27,2026-10-06T11:24:25+02:00
znver4,native,512,main_part,26,"int * 3 | 2^7",,6.8366,6.8366,27,27,2026-10-06T11:24:25+02:00
znver4,native,512,main_part,26,"int * 3 | 2^7",,6.0816,6.0816,27,27,2026-10-06T11:24:25+02:00
znver4,native,512,main_part,26,"int * 3 | 2^8",,4.7308,4.7308,27,27,2026-10-06T11:24:25+02:00
znver4,native,512,main_part,26,"int * 3 | 2^8",,6.3867,6.3867,27,27,2026-10-06T11:24:25+02:00
znver4,native,512,main_part,26,"int * 3 | 2^8",,4.8996,4.8996,27,27,2026-10-06T11:24:25+02:00
znver4,native,512,main_part,26,"int * 3 | 2^8",,6.6207,6.6207,27,27,2026-10-06T11:24:25+02:00
znver4,native,512,main_part,26,"int * 3 | 2^8",,6.3404,6.3404,27,27,2026-10-06T11:24:25+02:00
znver4,native,512,main_scan_int,27,"and 1",0.00,45.8870,68.2477,28,28,2026-10-06T11:24:32+02:00
znver4,native,512,main_scan_int,27,"and 1",0.00,51.7590,73.0223,28,28,2026-10-06T11:24:32+02:00
znver4,native,512,main_scan_int,27,"and 1",0.00,53.1604,74.3877,28,28,2026-10-06T11:24:32+02:00
znver4,native,512,main_scan_int,27,"and 1",0.00,52.6220,67.7191,28,28,2026-10-06T11:24:32+02:00
znver4,native,512,main_scan_int,27,"and 1",0.00,52.6359,68.8121,28,28,2026-10-06T11:24:32+02:00
znver4,native,512,main_scan_int,27,"and 2",0.03,24.4835,30.6145,28,28,2026-10-06T11:24:32+02:00
znver4,native,512,main_scan_int,27,"and 2",0.03,24.3319,32.4211,28,28,2026-10-06T11:24:32+02:00
znver4,native,512,main_scan_int,27,"and 2",0.03,25.3968,33.9341,28,28,2026-10-06T11:24:32+02:00
znver4,native,512,main_scan_int,27,"and 2",0.03,24.5094,34.6817,28,28,2026-10-06T11:24:32+02:00
znver4,native,512,main_scan_int,27,"and 2",0.03,24.7649,34.8740,28,28,2026-10-06T11:24:32+02:00
znver4,native,512,main_scan_int,27,"and 3",0.10,21.2854,26.4776,28,28,2026-10-06T11:24:32+02:00
znver4,native,512,main_scan_int,27,"and 3",0.10,21.7145,26.0677,28,28,2026-10-06T11:24:32+02:00
znver4,native,512,main_scan_int,27,"and 3",0.10,20.8805,26.2399,28,28,2026-10-06T11:24:32+02:00
znver4,native,512,main_scan_int,27,"and 3",0.10,22.0302,26.5674,28,28,2026-10-06T11:24:32+02:00
znver4,native,512,main_scan_int,27,"and 3",0.10,22.1191,26.4280,28,28,2026-10-06T11:24:32+02:00
znver4,native,512,main_scan_int,27,"and 1",0.00,49.5849,69.4458,28,28,2026-10-06T11:24:32+02:00
znver4,native,512,main_scan_int,27,"and 1",0.00,49.9751,69.2263,28,28,2026-10-06T11:24:32+02:00
znver4,native,512,main_scan_int,27,"and 1",0.00,51.2042,70.1819,28,28,2026-10-06T11:24:32+02:00
znver4,native,512,main_scan_int,27,"and 1",0.00,48.0867,70.0755,28,28,2026-10-06T11:24:32+02:00
znver4,native,512,main_scan_int,27,"and 1",0.00,48.2177,66.9427,28,28,2026-10-06T11:24:32+02:00
znver4,native,512,main_scan_int,27,"and 2",0.04,24.5998,29.8578,28,28,2026-10-06T11:24:32+02:00
znver4,native,512,main_scan_int,27,"and 2",0.04,24.8204,31.1916,28,28,2026-10-06T11:24:32+02:00
znver4,native,512,main_scan_int,27,"and 2",0.04,24.8081,31.0079,28,28,2026-10-06T11:24:32+02:00
znver4,native,512,main_scan_int,27,"and 2",0.04,23.9589,21.3581,28,28,2026-10-06T11:24:32+02:00
znver4,native,512,main_scan_int,27,"and 2",0.04,25.0017,29.7239,28,28,2026-10-06T11:24:32+02:00
znver4,native,512,main_scan_int,27,"and 3",0.13,18.0474,22.3543,28,28,2026-10-06T11:24:32+02:00
znver4,native,512,main_scan_int,27,"and 3",0.13,18.5723,24.1050,28,28,2026-10-06T11:24:32+02:00
znver4,native,512,main_scan_int,27,"and 3",0.13,19.1331,23.8165,28,28,2026-10-06T11:24:32+02:00
znver4,native,512,main_scan_int,27,"and 3",0.13,18.6445,23.3764,28,28,2026-10-06T11:24:32+02:00
znver4,native,512,main_scan_int,27,"and 3",0.13,18.9643,23.9018,28,28,2026-10-06T11:24:32+02:00
znver4,native,512,main_scan_int,27,"and 1",0.01,41.7214,62.3551,28,28,2026-10-06T11:24:32+02:00
znver4,native,512,main_scan_int,27,"and 1",0.01,41.2467,55.0334,28,28,2026-10-06T11:24:32+02:00
znver4,native,512,main_scan_int,27,"and 1",0.01,43.8643,59.6791,28,28,2026-10-06T11:24:32+02:00
znver4,native,512,main_scan_int,27,"and 1",0.01,45.0111,64.6214,28,28,2026-10-06T11:24:32+02:00
znver4,native,512,main_scan_int,27,"and 1",0.01,47.1222,65.7864,28,28,2026-10-06T11:24:32+02:00
znver4,native,512,main_scan_int,27,"and 2",0.07,23.0559,28.4979,28,28,2026-10-06T11:24:32+02:00
znver4,native,512,main_scan_int,27,"and 2",0.07,22.2374,27.8116,28,28,2026-10-06T11:24:32+02:00
znver4,native,512,main_scan_int,27,"and 2",0.07,22.1135,28.3534,28,28,2026-10-06T11:24:32+02:00
znver4,native,512,main_scan_int,27,"and 2",0.07,22.2994,29.1318,28,28,2026-10-06T11:24:32+02:00
znver4,native,512,main_scan_int,27,"and 2",0.07,23.3621,28.5164,28,28,2026-10-06T11:24:32+02:00
znver4,native,512,main_scan_int,27,"and 3",0.17,14.1435,18.5215,28,28,2026-10-06T11:24:32+02:00
znver4,native,512,main_scan_int,27,"and 3",0.17,13.7648,17.3529,28,28,2026-10-06T11:24:32+02:00
znver4,native,512,main_scan_int,27,"and 3",0.17,14.0559,19.9913,28,28,2026-10-06T11:24:32+02:00
znver4,native,512,main_scan_int,27,"and 3",0.17,13.7627,17.9990,28,28,2026-10-06T11:24:32+02:00
znver4,native,512,main_scan_int,27,"and 3",0.17,12.5839,18.8077,28,28,2026-10-06T11:24:32+02:00
znver4,native,512,main_scan_int,27,"and 1",0.01,34.6246,50.2052,28,28,2026-10-06T11:24:32+02:00
znver4,native,512,main_scan_int,27,"and 1",0.01,28.1080,40.6588,28,28,2026-10-06T11:24:32+02:00
znver4,native,512,main_scan_int,27,"and 1",0.01,32.7396,51.7246,28,28,2026-10-06T11:24:32+02:00
znver4,native,512,main_scan_int,27,"and 1",0.01,34.8609,41.5087,28,28,2026-10-06T11:24:32+02:00
znver4,native,512,main_scan_int,27,"and 1",0.01,38.5304,56.0094,28,28,2026-10-06T11:24:32+02:00
znver4,native,512,main_scan_int,27,"and 2",0.10,22.0661,26.1487,28,28,2026-10-06T11:24:32+02:00
znver4,native,512,main_scan_int,27,"and 2",0.10,20.4526,26.5347,28,28,2026-10-06T11:24:32+02:00
znver4,native,512,main_scan_int,27,"and 2",0.10,20.9384,26.6426,28,28,2026-10-06T11:24:32+02:00
znver4,native,512,main_scan_int,27,"and 2",0.10,20.9111,27.2544,28,28,2026-10-06T11:24:32+02:00
znver4,native,512,main_scan_int,27,"and 2",0.10,21.7305,27.2297,28,28,2026-10-06T11:24:32+02:00
znver4,native,512,main_scan_int,27,"and 3",0.22,13.8071,16.5739,28,28,2026-10-06T11:24:32+02:00
znver4,native,512,main_scan_int,27,"and 3",0.22,14.4028,17.7462,28,28,2026-10-06T11:24:32+02:00
znver4,native,512,main_scan_int,27,"and 3",0.22,15.0558,17.9463,28,28,2026-10-06T11:24:32+02:00
znver4,native,512,main_scan_int,27,"and 3",0.22,13.7234,17.7194,28,28,2026-10-06T11:24:32+02:00
znver4,native,512,main_scan_int,27,"and 3",0.22,14.2920,18.0689,28,28,2026-10-06T11:24:32+02:00
znver4,native,512,main_scan_int,27,"and 1",0.02,28.4558,40.8796,28,28,2026-10-06T11:24:32+02:00
znver4,native,512,main_scan_int,27,"and 1",0.02,29.9615,41.4815,28,28,2026-10-06T11:24:32+02:00
znver4,native,512,main_scan_int,27,"and 1",0.02,26.7423,38.2368,28,28,2026-10-06T11:24:32+02:00
znver4,native,512,main_scan_int,27,"and 1",0.02,30.8074,43.4543,28,28,2026-10-06T11:24:32+02:00
znver4,native,512,main_scan_int,27,"and 1",0.02,30.3391,43.4081,28,28,2026-10-06T11:24:32+02:00
znver4,native,512,main_scan_int,27,"and 2",0.14,19.5085,21.8494,28,28,2026-10-06T11:24:32+02:00
znver4,native,512,main_scan_int,27,"and 2",0.14,20.2037,22.7243,28,28,2026-10-06T11:24:32+02:00
znver4,native,512,main_scan_int,27,"and 2",0.14,20.2650,23.5468,28,28,2026-10-06T11:24:32+02:00
znver4,native,512,main_scan_int,27,"and 2",0.14,19.9879,24.1605,28,28,2026-10-06T11:24:32+02:00
znver4,native,512,main_scan_int,27,"and 2",0.14,20.7636,23.3144,28,28,2026-10-06T11:24:32+02:00
znver4,native,512,main_scan_int,27,"and 3",0.27,12.4671,14.4640,28,28,2026-10-06T11:24:32+02:00
znver4,native,512,main_scan_int,27,"and 3",0.27,12.2832,16.0617,28,28,2026-10-06T11:24:32+02:00
znver4,native,512,main_scan_int,27,"and 3",0.27,12.6524,16.2788,28,28,2026-10-06T11:24:32+02:00
znver4,native,512,main_scan_int,27,"and 3",0.27,13.1079,15.0398,28,28,2026-10-06T11:24:32+02:00
znver4,native,512,main_scan_int,27,"and 3",0.27,13.1395,16.2749,28,28,2026-10-06T11:24:32+02:00
znver4,native,512,main_scan_int,27,"and 1",0.05,26.9498,28.7549,28,28,2026-10-06T11:24:32+02:00
znver4,native,512,main_scan_int,27,"and 1",0.05,29.5588,31.4561,28,28,2026-10-06T11:24:32+02:00
znver4,native,512,main_scan_int,27,"and 1",0.05,26.7997,30.9389,28,28,2026-10-06T11:24:32+02:00
znver4,native,512,main_scan_int,27,"and 1",0.05,28.4639,31.4379,28,28,2026-10-06T11:24:32+02:00
znver4,native,512,main_scan_int,27,"and 1",0.05,30.1714,29.4190,28,28,2026-10-06T11:24:32+02:00
znver4,native,512,main_scan_int,27,"and 2",0.22,18.0901,17.6672,28,28,2026-10-06T11:24:32+02:00
znver4,native,512,main_scan_int,27,"and 2",0.22,15.7672,18.0095,28,28,2026-10-06T11:24:32+02:00
znver4,native,512,main_scan_int,27,"and 2",0.22,18.0050,19.5089,28,28,2026-10-06T11:24:32+02:00
znver4,native,512,main_scan_int,27,"and 2",0.22,18.2947,19.6412,28,28,2026-10-06T11:24:32+02:00
znver4,native,512,main_scan_int,27,"and 2",0.22,16.8816,18.7449,28,28,2026-10-06T11:24:32+02:00
znver4,native,512,main_scan_int,27,"and 3",0.37,11.5240,13.8683,28,28,2026-10-06T11:24:32+02:00
znver4,native,512,main_scan_int,27,"and 3",0.37,11.3528,14.0661,28,28,2026-10-06T11:24:32+02:00
znver4,native,512,main_scan_int,27,"and 3",0.37,11.5335,13.8612,28,28,2026-10-06T11:24:32+02:00
znver4,native,512,main_scan_int,27,"and 3",0.37,11.6048,13.2029,28,28,2026-10-06T11:24:32+02:00
znver4,native,512,main_scan_int,27,"and 3",0.37,11.6160,13.8972,28,28,2026-10-06T11:24:32+02:00
znver4,native,512,main_scan_int,27,"and 1",0.10,27.9061,25.1011,28,28,2026-10-06T11:24:32+02:00
znver4,native,512,main_scan_int,27,"and 1",0.10,28.1096,24.5560,28,28,2026-10-06T11:24:32+02:00
znver4,native,512,main_scan_int,27,"and 1",0.10,23.1378,25.4311,28,28,2026-10-06T11:24:32+02:00
znver4,native,512,main_scan_int,27,"and 1",0.10,29.4455,24.4869,28,28,2026-10-06T11:24:32+02:00
znver4,native,512,main_scan_int,27,"and 1",0.10,28.4933,25.5903,28,28,2026-10-06T11:24:32+02:00
znver4,native,512,main_scan_int,27,"and 2",0.32,16.2077,18.1707,28,28,2026-10-06T11:24:32+02:00
znver4,native,512,main_scan_int,27,"and 2",0.32,16.8051,18.0192,28,28,2026-10-06T11:24:32+02:00
znver4,native,512,main_scan_int,27,"and 2",0.32,16.5570,18.2953,28,28,2026-10-06T11:24:32+02:00
znver4,native,512,main_scan_int,27,"and 2",0.32,16.6445,16.6428,28,28,2026-10-06T11:24:32+02:00
znver4,native,512,main_scan_int,27,"and 2",0.32,16.8448,18.1201,28,28,2026-10-06T11:24:32+02:00
znver4,native,512,main_scan_int,27,"and 3",0.46,9.7470,13.0694,28,28,2026-10-06T11:24:32+02:00
znver4,native,512,main_scan_int,27,"and 3",0.46,8.9595,13.2898,28,28,2026-10-06T11:24:32+02:00
znver4,native,512,main_scan_int,27,"and 3",0.46,9.6769,13.5318,28,28,2026-10-06T11:24:32+02:00
znver4,native,512,main_scan_int,27,"and 3",0.46,9.6467,13.4748,28,28,2026-10-06T11:24:32+02:00
znver4,native,512,main_scan_int,27,"and 3",0.46,9.6766,13.2233,28,28,2026-10-06T11:24:32+02:00
znver4,native,512,main_scan_int,27,"and 1",0.20,24.9452,20.2449,28,28,2026-10-06T11:24:32+02:00
znver4,native,512,main_scan_int,27,"and 1",0.20,23.8752,20.3085,28,28,2026-10-06T11:24:32+02:00
znver4,native,512,main_scan_int,27,"and 1",0.20,12.8465,21.4084,28,28,2026-10-06T11:24:32+02:00
znver4,native,512,main_scan_int,27,"and 1",0.20,23.6032,21.6045,28,28,2026-10-06T11:24:32+02:00
znver4,native,512,main_scan_int,27,"and 1",0.20,23.9492,21.5423,28,28,2026-10-06T11:24:32+02:00
znver4,native,512,main_scan_int,27,"and 2",0.45,12.3906,17.1285,28,28,2026-10-06T11:24:32+02:00
znver4,native,512,main_scan_int,27,"and 2",0.45,12.2919,16.7854,28,28,2026-10-06T11:24:32+02:00
znver4,native,512,main_scan_int,27,"and 2",0.45,12.4128,14.1522,28,28,2026-10-06T11:24:32+02:00
znver4,native,512,main_scan_int,27,"and 2",0.45,12.4788,16.8680,28,28,2026-10-06T11:24:32+02:00
znver4,native,512,main_scan_int,27,"and 2",0.45,12.4043,16.8952,28,28,2026-10-06T11:24:32+02:00
znver4,native,512,main_scan_int,27,"and 3",0.58,8.7355,12.9318,28,28,2026-10-06T11:24:32+02:00
znver4,native,512,main_scan_int,27,"and 3",0.58,8.8294,10.9010,28,28,2026-10-06T11:24:32+02:00
znver4,native,512,main_scan_int,27,"and 3",0.58,8.7817,12.7917,28,28,2026-10-06T11:24:32+02:00
znver4,native,512,main_scan_int,27,"and 3",0.58,8.7788,12.9737,28,28,2026-10-06T11:24:32+02:00
znver4,native,512,main_scan_int,27,"and 3",0.58,8.7407,13.0808,28,28,2026-10-06T11:24:32+02:00
znver4,native,512,main_scan_int,27,"and 1",0.50,16.8335,18.8370,28,28,2026-10-06T11:24:32+02:00
znver4,native,512,main_scan_int,27,"and 1",0.50,16.2902,19.4391,28,28,2026-10-06T11:24:32+02:00
znver4,native,512,main_scan_int,27,"and 1",0.50,16.3315,19.1000,28,28,2026-10-06T11:24:32+02:00
znver4,native,512,main_scan_int,27,"and 1",0.50,16.5068,18.2914,28,28,2026-10-06T11:24:32+02:00
znver4,native,512,main_scan_int,27,"and 1",0.50,16.4194,19.2932,28,28,2026-10-06T11:24:32+02:00
znver4,native,512,main_scan_int,27,"and 2",0.71,13.6408,13.4813,28,28,2026-10-06T11:24:32+02:00
znver4,native,512,main_scan_int,27,"and 2",0.71,13.2566,13.3654,28,28,2026-10-06T11:24:32+02:00
znver4,native,512,main_scan_int,27,"and 2",0.71,13.3955,15.5395,28,28,2026-10-06T11:24:32+02:00
znver4,native,512,main_scan_int,27,"and 2",0.71,9.5687,11.6998,28,28,2026-10-06T11:24:32+02:00
znver4,native,512,main_scan_int,27,"and 2",0.71,13.6786,12.8693,28,28,2026-10-06T11:24:32+02:00
znver4,native,512,main_scan_int,27,"and 3",0.79,7.6016,10.0293,28,28,2026-10-06T11:24:32+02:00
znver4,native,512,main_scan_int,27,"and 3",0.79,8.8947,12.4430,28,28,2026-10-06T11:24:32+02:00
znver4,native,512,main_scan_int,27,"and 3",0.79,9.1357,12.3812,28,28,2026-10-06T11:24:32+02:00
znver4,native,512,main_scan_int,27,"and 3",0.79,9.3250,11.9008,28,28,2026-10-06T11:24:32+02:00
znver4,native,512,main_scan_int,27,"and 3",0.79,8.9562,12.5111,28,28,2026-10-06T11:24:32+02:00
znver4,native,512,main_scan_int,27,"and 1",1.00,15.9899,21.3218,28,28,2026-10-06T11:24:32+02:00
znver4,native,512,main_scan_int,27,"and 1",1.00,14.9329,20.9684,28,28,2026-10-06T11:24:32+02:00
znver4,native,512,main_scan_int,27,"and 1",1.00,15.2981,20.9507,28,28,2026-10-06T11:24:32+02:00
znver4,native,512,main_scan_int,27,"and 1",1.00,15.5023,18.3732,28,28,2026-10-06T11:24:32+02:00
znver4,native,512,main_scan_int,27,"and 1",1.00,15.2469,15.9804,28,28,2026-10-06T11:24:32+02:00
znver4,native,512,main_scan_int,27,"and 2",1.00,12.0771,15.1007,28,28,2026-10-06T11:24:32+02:00
znver4,native,512,main_scan_int,27,"and 2",1.00,9.4308,14.6265,28,28,2026-10-06T11:24:32+02:00
znver4,native,512,main_scan_int,27,"and 2",1.00,11.9657,14.4636,28,28,2026-10-06T11:24:32+02:00
znver4,native,512,main_scan_int,27,"and 2",1.00,11.7009,15.3430,28,28,2026-10-06T11:24:32+02:00
znver4,native,512,main_scan_int,27,"and 2",1.00,12.2323,15.2877,28,28,2026-10-06T11:24:32+02:00
znver4,native,512,main_scan_int,27,"and 3",1.00,9.6176,11.5987,28,28,2026-10-06T11:24:32+02:00
znver4,native,512,main_scan_int,27,"and 3",1.00,9.7237,11.2779,28,28,2026-10-06T11:24:32+02:00
znver4,native,512,main_scan_int,27,"and 3",1.00,9.6197,11.2154,28,28,2026-10-06T11:24:32+02:00
znver4,native,512,main_scan_int,27,"and 3",1.00,9.7847,12.0824,28,28,2026-10-06T11:24:32+02:00
znver4,native,512,main_scan_int,27,"and 3",1.00,9.7263,11.0377,28,28,2026-10-06T11:24:32+02:00
znver4,native,512,main_scan_enc,27,"and 1",0.00,30.9282,145.9270,28,28,2026-10-06T11:24:47+02:00
znver4,native,512,main_scan_enc,27,"and 1",0.00,38.7878,43.7486,28,28,2026-10-06T11:24:47+02:00
znver4,native,512,main_scan_enc,27,"and 1",0.00,48.6448,33.3186,28,28,2026-10-06T11:24:47+02:00
znver4,native,512,main_scan_enc,27,"and 1",0.00,13.2116,28.9759,28,28,2026-10-06T11:24:47+02:00
znver4,native,512,main_scan_enc,27,"and 1",0.00,35.7337,152.6699,28,28,2026-10-06T11:24:47+02:00
znver4,native,512,main_scan_enc,27,"and 2",0.03,25.5731,67.1038,28,28,2026-10-06T11:24:47+02:00
znver4,native,512,main_scan_enc,27,"and 2",0.03,23.2705,59.9407,28,28,2026-10-06T11:24:47+02:00
znver4,native,512,main_scan_enc,27,"and 2",0.03,40.7524,81.8262,28,28,2026-10-06T11:24:47+02:00
znver4,native,512,main_scan_enc,27,"and 2",0.03,39.7470,64.8068,28,28,2026-10-06T11:24:47+02:00
znver4,native,512,main_scan_enc,27,"and 2",0.03,15.2697,71.1693,28,28,2026-10-06T11:24:47+02:00
znver4,native,512,main_scan_enc,27,"and 3",0.10,11.7702,39.3833,28,28,2026-10-06T11:24:47+02:00
znver4,native,512,main_scan_enc,27,"and 3",0.10,19.7249,38.0877,28,28,2026-10-06T11:24:47+02:00
znver4,native,512,main_scan_enc,27,"and 3",0.10,20.9366,48.8929,28,28,2026-10-06T11:24:47+02:00
znver4,native,512,main_scan_enc,27,"and 3",0.10,21.8265,57.1900,28,28,2026-10-06T11:24:47+02:00
znver4,native,512,main_scan_enc,27,"and 3",0.10,22.1354,58.3292,28,28,2026-10-06T11:24:47+02:00
znver4,native,512,main_scan_enc,27,"and 1",0.00,46.6136,79.9830,28,28,2026-10-06T11:24:47+02:00
znver4,native,512,main_scan_enc,27,"and 1",0.00,41.6434,206.6671,28,28,2026-10-06T11:24:47+02:00
znver4,native,512,main_scan_enc,27,"and 1",0.00,30.1162,124.7586,28,28,2026-10-06T11:24:47+02:00
znver4,native,512,main_scan_enc,27,"and 1",0.00,54.0456,89.9672,28,28,2026-10-06T11:24:47+02:00
znver4,native,512,main_scan_enc,27,"and 1",0.00,36.5625,25.4138,28,28,2026-10-06T11:24:47+02:00
znver4,native,512,main_scan_enc,27,"and 2",0.04,24.4434,17.5125,28,28,2026-10-06T11:24:47+02:00
znver4,native,512,main_scan_enc,27,"and 2",0.04,25.7240,65.8653,28,28,2026-10-06T11:24:47+02:00
znver4,native,512,main_scan_enc,27,"and 2",0.04,22.0244,78.1183,28,28,2026-10-06T11:24:47+02:00
znver4,native,512,main_scan_enc,27,"and 2",0.04,36.9202,66.0509,28,28,2026-10-06T11:24:47+02:00
znver4,native,512,main_scan_enc,27,"and 2",0.04,23.1188,77.8649,28,28,2026-10-06T11:24:47+02:00
znver4,native,512,main_scan_enc,27,"and 3",0.13,19.5289,34.3805,28,28,2026-10-06T11:24:47+02:00
znver4,native,512,main_scan_enc,27,"and 3",0.13,11.9538,35.4326,28,28,2026-10-06T11:24:47+02:00
znver4,native,512,main_scan_enc,27,"and 3",0.13,20.1341,16.5517,28,28,2026-10-06T11:24:47+02:00
znver4,native,512,main_scan_enc,27,"and 3",0.13,21.3301,46.2745,28,28,2026-10-06T11:24:47+02:00
znver4,native,512,main_scan_enc,27,"and 3",0.13,17.3581,19.3086,28,28,2026-10-06T11:24:47+02:00
znver4,native,512,main_scan_enc,27,"and 1",0.01,30.2061,57.0899,28,28,2026-10-06T11:24:47+02:00
znver4,native,512,main_scan_enc,27,"and 1",0.01,24.1762,37.4264,28,28,2026-10-06T11:24:47+02:00
znver4,native,512,main_scan_enc,27,"and 1",0.01,41.8922,119.1776,28,28,2026-10-06T11:24:47+02:00
znver4,native,512,main_scan_enc,27,"and 1",0.01,26.3726,48.3709,28,28,2026-10-06T11:24:47+02:00
znver4,native,512,main_scan_enc,27,"and 1",0.01,38.4470,96.5212,28,28,2026-10-06T11:24:47+02:00
znver4,native,512,main_scan_enc,27,"and 2",0.07,25.9322,73.6808,28,28,2026-10-06T11:24:47+02:00
znver4,native,512,main_scan_enc,27,"and 2",0.07,16.7043,54.8706,28,28,2026-10-06T11:24:47+02:00
znver4,native,512,main_scan_enc,27,"and 2",0.07,24.5096,79.2642,28,28,2026-10-06T11:24:47+02:00
znver4,native,512,main_scan_enc,27,"and 2",0.07,27.5545,94.8560,28,28,2026-10-06T11:24:47+02:00
znver4,native,512,main_scan_enc,27,"and 2",0.07,27.1079,78.1867,28,28,2026-10-06T11:24:47+02:00
znver4,native,512,main_scan_enc,27,"and 3",0.17,14.7313,35.0678,28,28,2026-10-06T11:24:47+02:00
znver4,native,512,main_scan_enc,27,"and 3",0.17,18.0170,34.1516,28,28,2026-10-06T11:24:47+02:00
znver4,native,512,main_scan_enc,27,"and 3",0.17,15.7150,34.8543,28,28,2026-10-06T11:24:47+02:00
znver4,native,512,main_scan_enc,27,"and 3",0.17,18.3675,39.6142,28,28,2026-10-06T11:24:47+02:00
znver4,native,512,main_scan_enc,27,"and 3",0.17,17.7799,43.8127,28,28,2026-10-06T11:24:47+02:00
znver4,native,512,main_scan_enc,27,"and 1",0.01,22.0178,58.1493,28,28,2026-10-06T11:24:47+02:00
znver4,native,512,main_scan_enc,27,"and 1",0.01,32.2200,94.3612,28,28,2026-10-06T11:24:47+02:00
znver4,native,512,main_scan_enc,27,"and 1",0.01,22.1017,36.1537,28,28,2026-10-06T11:24:47+02:00
znver4,native,512,main_scan_enc,27,"and 1",0.01,23.0978,21.0890,28,28,2026-10-06T11:24:47+02:00
znver4,native,512,main_scan_enc,27,"and 1",0.01,19.6536,21.9106,28,28,2026-10-06T11:24:47+02:00
znver4,native,512,main_scan_enc,27,"and 2",0.10,10.4536,38.4009,28,28,2026-10-06T11:24:47+02:00
znver4,native,512,main_scan_enc,27,"and 2",0.10,20.1641,20.9082,28,28,2026-10-06T11:24:47+02:00
znver4,native,512,main_scan_enc,27,"and 2",0.10,12.3784,39.5831,28,28,2026-10-06T11:24:47+02:00
znver4,native,512,main_scan_enc,27,"and 2",0.10,9.7729,40.3258,28,28,2026-10-06T11:24:47+02:00
znver4,native,512,main_scan_enc,27,"and 2",0.10,19.1222,68.6013,28,28,2026-10-06T11:24:47+02:00
znver4,native,512,main_scan_enc,27,"and 3",0.22,14.4188,35.9180,28,28,2026-10-06T11:24:47+02:00
znver4,native,512,main_scan_enc,27,"and 3",0.22,11.8904,37.0429,28,28,2026-10-06T11:24:47+02:00
znver4,native,512,main_scan_enc,27,"and 3",0.22,8.0265,26.8647,28,28,2026-10-06T11:24:47+02:00
znver4,native,512,main_scan_enc,27,"and 3",0.22,7.9651,31.2228,28,28,2026-10-06T11:24:47+02:00
znver4,native,512,main_scan_enc,27,"and 3",0.22,7.7648,14.4226,28,28,2026-10-06T11:24:47+02:00
znver4,native,512,main_scan_enc,27,"and 1",0.02,11.6310,56.1790,28,28,2026-10-06T11:24:47+02:00
znver4,native,512,main_scan_enc,27,"and 1",0.02,27.7564,41.8248,28,28,2026-10-06T11:24:47+02:00
znver4,native,512,main_scan_enc,27,"and 1",0.02,18.2899,20.2970,28,28,2026-10-06T11:24:47+02:00
znver4,native,512,main_scan_enc,27,"and 1",0.02,31.3886,11.4556,28,28,2026-10-06T11:24:47+02:00
znver4,native,512,main_scan_enc,27,"and 1",0.02,12.5765,20.6113,28,28,2026-10-06T11:24:47+02:00
znver4,native,512,main_scan_enc,27,"and 2",0.14,10.8329,15.8598,28,28,2026-10-06T11:24:47+02:00
znver4,native,512,main_scan_enc,27,"and 2",0.14,11.2315,29.7609,28,28,2026-10-06T11:24:47+02:00
znver4,native,512,main_scan_enc,27,"and 2",0.14,10.6542,28.2060,28,28,2026-10-06T11:24:47+02:00
znver4,native,512,main_scan_enc,27,"and 2",0.14,13.5553,28.7768,28,28,2026-10-06T11:24:47+02:00
znver4,native,512,main_scan_enc,27,"and 2",0.14,10.8448,13.8955,28,28,2026-10-06T11:24:47+02:00
znver4,native,512,main_scan_enc,27,"and 3",0.27,7.2545,20.1316,28,28,2026-10-06T11:24:47+02:00
znver4,native,512,main_scan_enc,27,"and 3",0.27,7.8370,14.5553,28,28,2026-10-06T11:24:47+02:00
znver4,native,512,main_scan_enc,27,"and 3",0.27,8.6444,10.9976,28,28,2026-10-06T11:24:47+02:00
znver4,native,512,main_scan_enc,27,"and 3",0.27,5.0915,19.4856,28,28,2026-10-06T11:24:47+02:00
znver4,native,512,main_scan_enc,27,"and 3",0.27,9.2639,28.2334,28,28,2026-10-06T11:24:47+02:00
znver4,native,512,main_scan_enc,27,"and 1",0.05,26.1315,15.5717,28,28,2026-10-06T11:24:47+02:00
znver4,native,512,main_scan_enc,27,"and 1",0.05,26.4017,28.6191,28,28,2026-10-06T11:24:47+02:00
znver4,native,512,main_scan_enc,27,"and 1",0.05,16.9114,14.0880,28,28,2026-10-06T11:24:47+02:00
znver4,native,512,main_scan_enc,27,"and 1",0.05,11.9405,20.5713,28,28,2026-10-06T11:24:47+02:00
znver4,native,512,main_scan_enc,27,"and 1",0.05,27.3709,15.5650,28,28,2026-10-06T11:24:47+02:00
znver4,native,512,main_scan_enc,27,"and 2",0.22,9.6929,14.6765,28,28,2026-10-06T11:24:47+02:00
znver4,native,512,main_scan_enc,27,"and 2",0.22,10.0557,10.1023,28,28,2026-10-06T11:24:47+02:00
znver4,native,512,main_scan_enc,27,"and 2",0.22,15.8962,9.9298,28,28,2026-10-06T11:24:47+02:00
znver4,native,512,main_scan_enc,27,"and 2",0.22,10.2592,15.4616,28,28,2026-10-06T11:24:47+02:00
znver4,native,512,main_scan_enc,27,"and 2",0.22,11.6579,18.2552,28,28,2026-10-06T11:24:47+02:00
znver4,native,512,main_scan_enc,27,"and 3",0.37,6.5011,14.8042,28,28,2026-10-06T11:24:47+02:00
znver4,native,512,main_scan_enc,27,"and 3",0.37,7.0790,10.7296,28,28,2026-10-06T11:24:47+02:00
znver4,native,512,main_scan_enc,27,"and 3",0.37,6.5573,10.3031,28,28,2026-10-06T11:24:47+02:00
znver4,native,512,main_scan_enc,27,"and 3",0.37,5.9297,11.3096,28,28,2026-10-06T11:24:47+02:00
znver4,native,512,main_scan_enc,27,"and 3",0.37,7.2568,14.2581,28,28,2026-10-06T11:24:47+02:00
znver4,native,512,main_scan_enc,27,"and 1",0.10,21.0627,15.4415,28,28,2026-10-06T11:24:47+02:00
znver4,native,512,main_scan_enc,27,"and 1",0.10,20.0938,10.9902,28,28,2026-10-06T11:24:47+02:00
znver4,native,512,main_scan_enc,27,"and 1",0.10,24.6350,15.2579,28,28,2026-10-06T11:24:47+02:00
znver4,native,512,main_scan_enc,27,"and 1",0.10,18.4154,13.1850,28,28,2026-10-06T11:24:47+02:00
znver4,native,512,main_scan_enc,27,"and 1",0.10,15.1702,15.5850,28,28,2026-10-06T11:24:47+02:00
znver4,native,512,main_scan_enc,27,"and 2",0.32,7.5255,10.1864,28,28,2026-10-06T11:24:47+02:00
znver4,native,512,main_scan_enc,27,"and 2",0.32,9.1419,11.1691,28,28,2026-10-06T11:24:47+02:00
znver4,native,512,main_scan_enc,27,"and 2",0.32,8.3433,14.5922,28,28,2026-10-06T11:24:47+02:00
znver4,native,512,main_scan_enc,27,"and 2",0.32,11.4915,13.8634,28,28,2026-10-06T11:24:47+02:00
znver4,native,512,main_scan_enc,27,"and 2",0.32,13.2863,22.1786,28,28,2026-10-06T11:24:47+02:00
znver4,native,512,main_scan_enc,27,"and 3",0.46,6.0796,12.9595,28,28,2026-10-06T11:24:47+02:00
znver4,native,512,main_scan_enc,27,"and 3",0.46,5.1941,12.7453,28,28,2026-10-06T11:24:47+02:00
znver4,native,512,main_scan_enc,27,"and 3",0.46,5.7406,8.0149,28,28,2026-10-06T11:24:47+02:00
znver4,native,512,main_scan_enc,27,"and 3",0.46,5.7045,10.5256,28,28,2026-10-06T11:24:47+02:00
znver4,native,512,main_scan_enc,27,"and 3",0.46,5.8013,14.7532,28,28,2026-10-06T11:24:47+02:00
znver4,native,512,main_scan_enc,27,"and 1",0.20,25.1535,13.4182,28,28,2026-10-06T11:24:47+02:00
znver4,native,512,main_scan_enc,27,"and 1",0.20,14.1504,17.2787,28,28,2026-10-06T11:24:47+02:00
znver4,native,512,main_scan_enc,27,"and 1",0.20,24.3609,14.2572,28,28,2026-10-06T11:24:47+02:00
znver4,native,512,main_scan_enc,27,"and 1",0.20,14.1647,20.4755,28,28,2026-10-06T11:24:47+02:00
znver4,native,512,main_scan_enc,27,"and 1",0.20,14.0767,8.8747,28,28,2026-10-06T11:24:47+02:00
znver4,native,512,main_scan_enc,27,"and 2",0.45,5.8100,11.1369,28,28,2026-10-06T11:24:47+02:00
znver4,native,512,main_scan_enc,27,"and 2",0.45,4.4954,10.8973,28,28,2026-10-06T11:24:47+02:00
znver4,native,512,main_scan_enc,27,"and 2",0.45,5.8155,10.3582,28,28,2026-10-06T11:24:47+02:00
znver4,native,512,main_scan_enc,27,"and 2",0.45,6.3697,12.5522,28,28,2026-10-06T11:24:47+02:00
znver4,native,512,main_scan_enc,27,"and 2",0.45,5.8188,19.4096,28,28,2026-10-06T11:24:47+02:00
znver4,native,512,main_scan_enc,27,"and 3",0.58,6.6082,15.1164,28,28,2026-10-06T11:24:47+02:00
znver4,native,512,main_scan_enc,27,"and 3",0.58,4.0967,11.3577,28,28,2026-10-06T11:24:47+02:00
znver4,native,512,main_scan_enc,27,"and 3",0.58,3.7295,15.2540,28,28,2026-10-06T11:24:47+02:00
znver4,native,512,main_scan_enc,27,"and 3",0.58,5.6013,17.1483,28,28,2026-10-06T11:24:47+02:00
znver4,native,512,main_scan_enc,27,"and 3",0.58,5.8713,13.7563,28,28,2026-10-06T11:24:47+02:00
znver4,native,512,main_scan_enc,27,"and 1",0.50,13.6999,14.1058,28,28,2026-10-06T11:24:47+02:00
znver4,native,512,main_scan_enc,27,"and 1",0.50,8.2276,11.6933,28,28,2026-10-06T11:24:47+02:00
znver4,native,512,main_scan_enc,27,"and 1",0.50,8.6708,18.0649,28,28,2026-10-06T11:24:47+02:00
znver4,native,512,main_scan_enc,27,"and 1",0.50,8.2138,11.9270,28,28,2026-10-06T11:24:47+02:00
znver4,native,512,main_scan_enc,27,"and 1",0.50,10.9811,12.5621,28,28,2026-10-06T11:24:47+02:00
znver4,native,512,main_scan_enc,27,"and 2",0.71,10.6604,17.9113,28,28,2026-10-06T11:24:47+02:00
znver4,native,512,main_scan_enc,27,"and 2",0.71,10.6680,17.0084,28,28,2026-10-06T11:24:47+02:00
znver4,native,512,main_scan_enc,27,"and 2",0.71,9.7486,12.4105,28,28,2026-10-06T11:24:47+02:00
znver4,native,512,main_scan_enc,27,"and 2",0.71,8.9929,12.9913,28,28,2026-10-06T11:24:47+02:00
znver4,native,512,main_scan_enc,27,"and 2",0.71,5.9734,11.0895,28,28,2026-10-06T11:24:47+02:00
znver4,native,512,main_scan_enc,27,"and 3",0.79,6.6710,10.2311,28,28,2026-10-06T11:24:47+02:00
znver4,native,512,main_scan_enc,27,"and 3",0.79,9.1404,13.7359,28,28,2026-10-06T11:24:47+02:00
znver4,native,512,main_scan_enc,27,"and 3",0.79,8.1983,15.9477,28,28,2026-10-06T11:24:47+02:00
znver4,native,512,main_scan_enc,27,"and 3",0.79,9.3756,15.4242,28,28,2026-10-06T11:24:47+02:00
znver4,native,512,main_scan_enc,27,"and 3",0.79,7.0077,14.9738,28,28,2026-10-06T11:24:47+02:00
znver4,native,512,main_scan_enc,27,"and 1",1.00,19.2567,12.3089,28,28,2026-10-06T11:24:47+02:00
znver4,native,512,main_scan_enc,27,"and 1",1.00,16.7391,10.2875,28,28,2026-10-06T11:24:47+02:00
znver4,native,512,main_scan_enc,27,"and 1",1.00,17.4633,15.1066,28,28,2026-10-06T11:24:47+02:00
znver4,native,512,main_scan_enc,27,"and 1",1.00,17.7778,14.8899,28,28,2026-10-06T11:24:47+02:00
znver4,native,512,main_scan_enc,27,"and 1",1.00,17.4897,9.8884,28,28,2026-10-06T11:24:47+02:00
znver4,native,512,main_scan_enc,27,"and 2",1.00,14.0784,13.7637,28,28,2026-10-06T11:24:47+02:00
znver4,native,512,main_scan_enc,27,"and 2",1.00,14.8203,15.2544,28,28,2026-10-06T11:24:47+02:00
znver4,native,512,main_scan_enc,27,"and 2",1.00,13.2857,15.0230,28,28,2026-10-06T11:24:47+02:00
znver4,native,512,main_scan_enc,27,"and 2",1.00,14.9891,11.1139,28,28,2026-10-06T11:24:47+02:00
znver4,native,512,main_scan_enc,27,"and 2",1.00,12.9711,13.3876,28,28,2026-10-06T11:24:47+02:00
znver4,native,512,main_scan_enc,27,"and 3",1.00,13.5032,10.9135,28,28,2026-10-06T11:24:47+02:00
znver4,native,512,main_scan_enc,27,"and 3",1.00,11.5607,14.3008,28,28,2026-10-06T11:24:47+02:00
znver4,native,512,main_scan_enc,27,"and 3",1.00,13.3650,12.3800,28,28,2026-10-06T11:24:47+02:00
znver4,native,512,main_scan_enc,27,"and 3",1.00,13.5699,9.6801,28,28,2026-10-06T11:24:47+02:00
znver4,native,512,main_scan_enc,27,"and 3",1.00,10.2623,11.8044,28,28,2026-10-06T11:24:47+02:00
znver4,native,512,main_gather,27,"gather_byte",100.00,0.416833,0.416833,28,28,2026-10-06T11:25:04+02:00
znver4,native,512,main_gather,27,"gather_short",100.00,0.300067,0.300067,28,28,2026-10-06T11:25:04+02:00
znver4,native,512,main_gather,27,"gather_int",100.00,0.208707,0.208707,28,28,2026-10-06T11:25:04+02:00
znver4,native,512,main_gather,27,"gather_long",100.00,0.174632,0.174632,28,28,2026-10-06T11:25:04+02:00
znver4,native,512,main_gather,27,"gather_char",100.00,0.045500,0.045500,28,28,2026-10-06T11:25:04+02:00
znver4,native,512,main_gather,27,"gather_encoded",100.00,0.331277,0.331277,28,28,2026-10-06T11:25:04+02:00
znver4,native,512,main_gather,27,"copy_encoded",100.00,9.026247,9.026247,28,28,2026-10-06T11:25:04+02:00
znver4,native,512,main_filter,27,"filter_byte_eq",100.00,0.162902,0.162902,28,28,2026-10-06T11:28:39+02:00
znver4,native,512,main_filter,27,"filter_byte_lt",100.00,0.173778,0.173778,28,28,2026-10-06T11:28:39+02:00
znver4,native,512,main_filter,27,"filter_byte_gt",100.00,0.144087,0.144087,28,28,2026-10-06T11:28:39+02:00
znver4,native,512,main_filter,27,"filter_byte_ne",100.00,0.126338,0.126338,28,28,2026-10-06T11:28:39+02:00
znver4,native,512,main_filter,27,"filter_byte_le",100.00,0.125388,0.125388,28,28,2026-10-06T11:28:39+02:00
znver4,native,512,main_filter,27,"filter_byte_ge",100.00,0.137277,0.137277,28,28,2026-10-06T11:28:39+02:00
znver4,native,512,main_filter,27,"filter_short_eq",100.00,0.077581,0.077581,28,28,2026-10-06T11:28:39+02:00
znver4,native,512,main_filter,27,"filter_short_lt",100.00,0.077393,0.077393,28,28,2026-10-06T11:28:39+02:00
znver4,native,512,main_filter,27,"filter_short_gt",100.00,0.079931,0.079931,28,28,2026-10-06T11:28:39+02:00
znver4,native,512,main_filter,27,"filter_short_ne",100.00,0.079678,0.079678,28,28,2026-10-06T11:28:39+02:00
znver4,native,512,main_filter,27,"filter_short_le",100.00,0.079884,0.079884,28,28,2026-10-06T11:28:39+02:00
znver4,native,512,main_filter,27,"filter_short_ge",100.00,0.080457,0.080457,28,28,2026-10-06T11:28:39+02:00
znver4,native,512,main_filter,27,"filter_int_eq",100.00,0.068056,0.068056,28,28,2026-10-06T11:28:39+02:00
znver4,native,512,main_filter,27,"filter_int_lt",100.00,0.065769,0.065769,28,28,2026-10-06T11:28:39+02:00
znver4,native,512,main_filter,27,"filter_int_gt",100.00,0.065733,0.065733,28,28,2026-10-06T11:28:39+02:00
znver4,native,512,main_filter,27,"filter_int_ne",100.00,0.066216,0.066216,28,28,2026-10-06T11:28:39+02:00
znver4,native,512,main_filter,27,"filter_int_le",100.00,0.066058,0.066058,28,28,2026-10-06T11:28:39+02:00
znver4,native,512,main_filter,27,"filter_int_ge",100.00,0.066361,0.066361,28,28,2026-10-06T11:28:39+02:00
znver4,native,512,main_filter,27,"filter_long_eq",100.00,0.053465,0.053465,28,28,2026-10-06T11:28:39+02:00
znver4,native,512,main_filter,27,"filter_long_lt",100.00,0.052064,0.052064,28,28,2026-10-06T11:28:39+02:00
znver4,native,512,main_filter,27,"filter_long_gt",100.00,0.052400,0.052400,28,28,2026-10-06T11:28:39+02:00
znver4,native,512,main_filter,27,"filter_long_ne",100.00,0.052811,0.052811,28,28,2026-10-06T11:28:39+02:00
znver4,native,512,main_filter,27,"filter_long_le",100.00,0.052117,0.052117,28,28,2026-10-06T11:28:39+02:00
znver4,native,512,main_filter,27,"filter_long_ge",100.00,0.052051,0.052051,28,28,2026-10-06T11:28:39+02:00
znver4,native,512,main_filter,27,"filter_float_eq",100.00,0.059960,0.059960,28,28,2026-10-06T11:28:39+02:00
znver4,native,512,main_filter,27,"filter_float_lt",100.00,0.061900,0.061900,28,28,2026-10-06T11:28:39+02:00
znver4,native,512,main_filter,27,"filter_float_gt",100.00,0.059701,0.059701,28,28,2026-10-06T11:28:39+02:00
znver4,native,512,main_filter,27,"filter_float_ne",100.00,0.062516,0.062516,28,28,2026-10-06T11:28:39+02:00
znver4,native,512,main_filter,27,"filter_float_le",100.00,0.058437,0.058437,28,28,2026-10-06T11:28:39+02:00
znver4,native,512,main_filter,27,"filter_float_ge",100.00,0.058440,0.058440,28,28,2026-10-06T11:28:39+02:00
znver4,native,512,main_filter,27,"filter_double_eq",100.00,0.054366,0.054366,28,28,2026-10-06T11:28:39+02:00
znver4,native,512,main_filter,27,"filter_double_lt",100.00,0.054069,0.054069,28,28,2026-10-06T11:28:39+02:00
znver4,native,512,main_filter,27,"filter_double_gt",100.00,0.053669,0.053669,28,28,2026-10-06T11:28:39+02:00
znver4,native,512,main_filter,27,"filter_double_ne",100.00,0.053750,0.053750,28,28,2026-10-06T11:28:39+02:00
znver4,native,512,main_filter,27,"filter_double_le",100.00,0.053351,0.053351,28,28,2026-10-06T11:28:39+02:00
znver4,native,512,main_filter,27,"filter_double_ge",100.00,0.053247,0.053247,28,28,2026-10-06T11:28:39+02:00
znver4,native,512,main_filter,27,"filter_char_eq",100.00,0.069282,0.069282,28,28,2026-10-06T11:28:39+02:00
znver4,native,512,main_filter,27,"filter_char_lt",100.00,0.042183,0.042183,28,28,2026-10-06T11:28:39+02:00
znver4,native,512,main_filter,27,"filter_char_gt",100.00,0.042156,0.042156,28,28,2026-10-06T11:28:39+02:00
znver4,native,512,main_filter,27,"filter_char_ne",100.00,0.069140,0.069140,28,28,2026-10-06T11:28:39+02:00
znver4,native,512,main_filter,27,"filter_char_le",100.00,0.042305,0.042305,28,28,2026-10-06T11:28:39+02:00
znver4,native,512,main_filter,27,"filter_char_ge",100.00,0.042302,0.042302,28,28,2026-10-06T11:28:39+02:00
znver4,native,512,main_part,27,"int * 1 | 2^4",,8.1229,8.1229,28,28,2026-10-06T11:30:09+02:00
znver4,native,512,main_part,27,"int * 1 | 2^4",,11.7462,11.7462,28,28,2026-10-06T11:30:09+02:00
znver4,native,512,main_part,27,"int * 1 | 2^4",,11.6954,11.6954,28,28,2026-10-06T11:30:09+02:00
znver4,native,512,main_part,27,"int * 1 | 2^4",,12.1843,12.1843,28,28,2026-10-06T11:30:09+02:00
znver4,native,512,main_part,27,"int * 1 | 2^4",,10.9105,10.9105,28,28,2026-10-06T11:30:09+02:00
znver4,native,512,main_part,27,"int * 1 | 2^5",,10.9489,10.9489,28,28,2026-10-06T11:30:09+02:00
znver4,native,512,main_part,27,"int * 1 | 2^5",,11.6372,11.6372,28,28,2026-10-06T11:30:09+02:00
znver4,native,512,main_part,27,"int * 1 | 2^5",,12.0537,12.0537,28,28,2026-10-06T11:30:09+02:00
znver4,native,512,main_part,27,"int * 1 | 2^5",,11.7686,11.7686,28,28,2026-10-06T11:30:09+02:00
znver4,native,512,main_part,27,"int * 1 | 2^5",,12.4721,12.4721,28,28,2026-10-06T11:30:09+02:00
znver4,native,512,main_part,27,"int * 1 | 2^6",,7.8725,7.8725,28,28,2026-10-06T11:30:09+02:00
znver4,native,512,main_part,27,"int * 1 | 2^6",,7.4040,7.4040,28,28,2026-10-06T11:30:09+02:00
znver4,native,512,main_part,27,"int * 1 | 2^6",,8.1544,8.1544,28,28,2026-10-06T11:30:09+02:00
znver4,native,512,main_part,27,"int * 1 | 2^6",,8.4755,8.4755,28,28,2026-10-06T11:30:09+02:00
znver4,native,512,main_part,27,"int * 1 | 2^6",,9.4669,9.4669,28,28,2026-10-06T11:30:09+02:00
znver4,native,512,main_part,27,"int * 1 | 2^7",,12.3365,12.3365,28,28,2026-10-06T11:30:09+02:00
znver4,native,512,main_part,27,"int * 1 | 2^7",,8.3398,8.3398,28,28,2026-10-06T11:30:09+02:00
znver4,native,512,main_part,27,"int * 1 | 2^7",,7.4911,7.4911,28,28,2026-10-06T11:30:09+02:00
znver4,native,512,main_part,27,"int * 1 | 2^7",,7.9662,7.9662,28,28,2026-10-06T11:30:09+02:00
znver4,native,512,main_part,27,"int * 1 | 2^7",,8.2277,8.2277,28,28,2026-10-06T11:30:09+02:00
znver4,native,512,main_part,27,"int * 1 | 2^8",,11.2377,11.2377,28,28,2026-10-06T11:30:09+02:00
znver4,native,512,main_part,27,"int * 1 | 2^8",,5.1102,5.1102,28,28,2026-10-06T11:30:09+02:00
znver4,native,512,main_part,27,"int * 1 | 2^8",,8.3024,8.3024,28,28,2026-10-06T11:30:09+02:00
znver4,native,512,main_part,27,"int * 1 | 2^8",,10.1877,10.1877,28,28,2026-10-06T11:30:09+02:00
znver4,native,512,main_part,27,"int * 1 | 2^8",,10.6611,10.6611,28,28,2026-10-06T11:30:09+02:00
znver4,native,512,main_part,27,"int * 2 | 2^4",,7.8984,7.8984,28,28,2026-10-06T11:30:09+02:00
znver4,native,512,main_part,27,"int * 2 | 2^4",,7.3645,7.3645,28,28,2026-10-06T11:30:09+02:00
znver4,native,512,main_part,27,"int * 2 | 2^4",,7.9852,7.9852,28,28,2026-10-06T11:30:09+02:00
znver4,native,512,main_part,27,"int * 2 | 2^4",,6.2909,6.2909,28,28,2026-10-06T11:30:09+02:00
znver4,native,512,main_part,27,"int * 2 | 2^4",,7.2820,7.2820,28,28,2026-10-06T11:30:09+02:00
znver4,native,512,main_part,27,"int * 2 | 2^5",,8.4179,8.4179,28,28,2026-10-06T11:30:09+02:00
znver4,native,512,main_part,27,"int * 2 | 2^5",,7.9149,7.9149,28,28,2026-10-06T11:30:09+02:00
znver4,native,512,main_part,27,"int * 2 | 2^5",,6.8685,6.8685,28,28,2026-10-06T11:30:09+02:00
znver4,native,512,main_part,27,"int * 2 | 2^5",,6.6834,6.6834,28,28,2026-10-06T11:30:09+02:00
znver4,native,512,main_part,27,"int * 2 | 2^5",,6.8022,6.8022,28,28,2026-10-06T11:30:09+02:00
znver4,native,512,main_part,27,"int * 2 | 2^6",,7.1826,7.1826,28,28,2026-10-06T11:30:09+02:00
znver4,native,512,main_part,27,"int * 2 | 2^6",,7.7237,7.7237,28,28,2026-10-06T11:30:09+02:00
znver4,native,512,main_part,27,"int * 2 | 2^6",,3.9130,3.9130,28,28,2026-10-06T11:30:09+02:00
znver4,native,512,main_part,27,"int * 2 | 2^6",,3.8913,3.8913,28,28,2026-10-06T11:30:09+02:00
znver4,native,512,main_part,27,"int * 2 | 2^6",,4.3012,4.3012,28,28,2026-10-06T11:30:09+02:00
znver4,native,512,main_part,27,"int * 2 | 2^7",,6.1434,6.1434,28,28,2026-10-06T11:30:09+02:00
znver4,native,512,main_part,27,"int * 2 | 2^7",,5.9720,5.9720,28,28,2026-10-06T11:30:09+02:00
znver4,native,512,main_part,27,"int * 2 | 2^7",,8.3733,8.3733,28,28,2026-10-06T11:30:09+02:00
znver4,native,512,main_part,27,"int * 2 | 2^7",,7.3794,7.3794,28,28,2026-10-06T11:30:09+02:00
znver4,native,512,main_part,27,"int * 2 | 2^7",,7.7464,7.7464,28,28,2026-10-06T11:30:09+02:00
znver4,native,512,main_part,27,"int * 2 | 2^8",,7.3586,7.3586,28,28,2026-10-06T11:30:09+02:00
znver4,native,512,main_part,27,"int * 2 | 2^8",,7.0410,7.0410,28,28,2026-10-06T11:30:09+02:00
znver4,native,512,main_part,27,"int * 2 | 2^8",,7.8362,7.8362,28,28,2026-10-06T11:30:09+02:00
znver4,native,512,main_part,27,"int * 2 | 2^8",,8.5020,8.5020,28,28,2026-10-06T11:30:09+02:00
znver4,native,512,main_part,27,"int * 2 | 2^8",,7.3116,7.3116,28,28,2026-10-06T11:30:09+02:00
znver4,native,512,main_part,27,"int * 3 | 2^4",,5.7195,5.7195,28,28,2026-10-06T11:30:09+02:00
znver4,native,512,main_part,27,"int * 3 | 2^4",,5.1331,5.1331,28,28,2026-10-06T11:30:09+02:00
znver4,native,512,main_part,27,"int * 3 | 2^4",,5.6235,5.6235,28,28,2026-10-06T11:30:09+02:00
znver4,native,512,main_part,27,"int * 3 | 2^4",,4.4002,4.4002,28,28,2026-10-06T11:30:09+02:00
znver4,native,512,main_part,27,"int * 3 | 2^4",,5.2027,5.2027,28,28,2026-10-06T11:30:09+02:00
znver4,native,512,main_part,27,"int * 3 | 2^5",,5.1603,5.1603,28,28,2026-10-06T11:30:09+02:00
znver4,native,512,main_part,27,"int * 3 | 2^5",,5.6779,5.6779,28,28,2026-10-06T11:30:09+02:00
znver4,native,512,main_part,27,"int * 3 | 2^5",,5.3069,5.3069,28,28,2026-10-06T11:30:09+02:00
znver4,native,512,main_part,27,"int * 3 | 2^5",,5.0160,5.0160,28,28,2026-10-06T11:30:09+02:00
znver4,native,512,main_part,27,"int * 3 | 2^5",,6.9517,6.9517,28,28,2026-10-06T11:30:09+02:00
znver4,native,512,main_part,27,"int * 3 | 2^6",,5.5419,5.5419,28,28,2026-10-06T11:30:09+02:00
znver4,native,512,main_part,27,"int * 3 | 2^6",,5.2948,5.2948,28,28,2026-10-06T11:30:09+02:00
znver4,native,512,main_part,27,"int * 3 | 2^6",,5.1754,5.1754,28,28,2026-10-06T11:30:09+02:00
znver4,native,512,main_part,27,"int * 3 | 2^6",,6.0862,6.0862,28,28,2026-10-06T11:30:09+02:00
znver4,native,512,main_part,27,"int * 3 | 2^6",,5.5306,5.5306,28,28,2026-10-06T11:30:09+02:00
znver4,native,512,main_part,27,"int * 3 | 2^7",,5.9253,5.9253,28,28,2026-10-06T11:30:09+02:00
znver4,native,512,main_part,27,"int * 3 | 2^7",,4.8148,4.8148,28,28,2026-10-06T11:30:09+02:00
znver4,native,512,main_part,27,"int * 3 | 2^7",,5.5317,5.5317,28,28,2026-10-06T11:30:09+02:00
znver4,native,512,main_part,27,"int * 3 | 2^7",,5.1712,5.1712,28,28,2026-10-06T11:30:09+02:00
znver4,native,512,main_part,27,"int * 3 | 2^7",,4.2780,4.2780,28,28,2026-10-06T11:30:09+02:00
znver4,native,512,main_part,27,"int * 3 | 2^8",,4.7206,4.7206,28,28,2026-10-06T11:30:09+02:00
znver4,native,512,main_part,27,"int * 3 | 2^8",,3.3878,3.3878,28,28,2026-10-06T11:30:09+02:00
znver4,native,512,main_part,27,"int * 3 | 2^8",,4.4154,4.4154,28,28,2026-10-06T11:30:09+02:00
znver4,native,512,main_part,27,"int * 3 | 2^8",,4.9076,4.9076,28,28,2026-10-06T11:30:09+02:00
znver4,native,512,main_part,27,"int * 3 | 2^8",,5.2160,5.2160,28,28,2026-10-06T11:30:09+02:00
znver4,native,512,main_scan_int,28,"and 1",0.00,47.0519,56.8732,29,29,2026-10-06T11:30:18+02:00
znver4,native,512,main_scan_int,28,"and 1",0.00,42.0218,59.8149,29,29,2026-10-06T11:30:18+02:00
znver4,native,512,main_scan_int,28,"and 1",0.00,43.3489,69.5822,29,29,2026-10-06T11:30:18+02:00
znver4,native,512,main_scan_int,28,"and 1",0.00,46.3220,68.3400,29,29,2026-10-06T11:30:18+02:00
znver4,native,512,main_scan_int,28,"and 1",0.00,18.7321,59.4905,29,29,2026-10-06T11:30:18+02:00
znver4,native,512,main_scan_int,28,"and 2",0.03,21.9421,33.0932,29,29,2026-10-06T11:30:18+02:00
znver4,native,512,main_scan_int,28,"and 2",0.03,12.4557,11.4792,29,29,2026-10-06T11:30:18+02:00
znver4,native,512,main_scan_int,28,"and 2",0.03,20.3527,31.0499,29,29,2026-10-06T11:30:18+02:00
znver4,native,512,main_scan_int,28,"and 2",0.03,17.4018,13.3397,29,29,2026-10-06T11:30:18+02:00
znver4,native,512,main_scan_int,28,"and 2",0.03,17.9908,29.8972,29,29,2026-10-06T11:30:18+02:00
znver4,native,512,main_scan_int,28,"and 3",0.10,14.0017,22.8097,29,29,2026-10-06T11:30:18+02:00
znver4,native,512,main_scan_int,28,"and 3",0.10,18.6369,23.3826,29,29,2026-10-06T11:30:18+02:00
znver4,native,512,main_scan_int,28,"and 3",0.10,20.3177,24.3523,29,29,2026-10-06T11:30:18+02:00
znver4,native,512,main_scan_int,28,"and 3",0.10,14.2910,19.6045,29,29,2026-10-06T11:30:18+02:00
znver4,native,512,main_scan_int,28,"and 3",0.10,14.4192,25.9126,29,29,2026-10-06T11:30:18+02:00
znver4,native,512,main_scan_int,28,"and 1",0.00,39.5260,61.8336,29,29,2026-10-06T11:30:18+02:00
znver4,native,512,main_scan_int,28,"and 1",0.00,43.9751,44.1360,29,29,2026-10-06T11:30:18+02:00
znver4,native,512,main_scan_int,28,"and 1",0.00,46.0928,23.7980,29,29,2026-10-06T11:30:18+02:00
znver4,native,512,main_scan_int,28,"and 1",0.00,40.5774,61.4704,29,29,2026-10-06T11:30:18+02:00
znver4,native,512,main_scan_int,28,"and 1",0.00,46.4768,57.7856,29,29,2026-10-06T11:30:18+02:00
znver4,native,512,main_scan_int,28,"and 2",0.04,20.9088,20.9093,29,29,2026-10-06T11:30:18+02:00
znver4,native,512,main_scan_int,28,"and 2",0.04,19.7297,31.1029,29,29,2026-10-06T11:30:18+02:00
znver4,native,512,main_scan_int,28,"and 2",0.04,20.5843,25.8460,29,29,2026-10-06T11:30:18+02:00
znver4,native,512,main_scan_int,28,"and 2",0.04,11.1896,26.9065,29,29,2026-10-06T11:30:18+02:00
znver4,native,512,main_scan_int,28,"and 2",0.04,19.7999,25.8535,29,29,2026-10-06T11:30:18+02:00
znver4,native,512,main_scan_int,28,"and 3",0.13,12.6713,15.5931,29,29,2026-10-06T11:30:18+02:00
znver4,native,512,main_scan_int,28,"and 3",0.13,18.3726,16.4562,29,29,2026-10-06T11:30:18+02:00
znver4,native,512,main_scan_int,28,"and 3",0.13,14.1626,22.6099,29,29,2026-10-06T11:30:18+02:00
znver4,native,512,main_scan_int,28,"and 3",0.13,17.1299,21.8826,29,29,2026-10-06T11:30:18+02:00
znver4,native,512,main_scan_int,28,"and 3",0.13,12.4251,12.7040,29,29,2026-10-06T11:30:18+02:00
znver4,native,512,main_scan_int,28,"and 1",0.01,32.0680,46.2456,29,29,2026-10-06T11:30:18+02:00
znver4,native,512,main_scan_int,28,"and 1",0.01,34.2187,49.6050,29,29,2026-10-06T11:30:18+02:00
znver4,native,512,main_scan_int,28,"and 1",0.01,32.2722,47.9310,29,29,2026-10-06T11:30:18+02:00
znver4,native,512,main_scan_int,28,"and 1",0.01,33.5828,40.3316,29,29,2026-10-06T11:30:18+02:00
znver4,native,512,main_scan_int,28,"and 1",0.01,35.0896,38.2786,29,29,2026-10-06T11:30:18+02:00
znver4,native,512,main_scan_int,28,"and 2",0.07,18.2587,19.4242,29,29,2026-10-06T11:30:18+02:00
znver4,native,512,main_scan_int,28,"and 2",0.07,17.6209,23.9982,29,29,2026-10-06T11:30:18+02:00
znver4,native,512,main_scan_int,28,"and 2",0.07,18.2821,24.1951,29,29,2026-10-06T11:30:18+02:00
znver4,native,512,main_scan_int,28,"and 2",0.07,17.5228,26.2829,29,29,2026-10-06T11:30:18+02:00
znver4,native,512,main_scan_int,28,"and 2",0.07,15.9570,22.2598,29,29,2026-10-06T11:30:18+02:00
znver4,native,512,main_scan_int,28,"and 3",0.17,11.1339,16.0403,29,29,2026-10-06T11:30:18+02:00
znver4,native,512,main_scan_int,28,"and 3",0.17,12.1337,17.3872,29,29,2026-10-06T11:30:18+02:00
znver4,native,512,main_scan_int,28,"and 3",0.17,11.2076,13.6274,29,29,2026-10-06T11:30:18+02:00
znver4,native,512,main_scan_int,28,"and 3",0.17,10.5337,15.5719,29,29,2026-10-06T11:30:18+02:00
znver4,native,512,main_scan_int,28,"and 3",0.17,10.0900,13.2927,29,29,2026-10-06T11:30:18+02:00
znver4,native,512,main_scan_int,28,"and 1",0.01,18.2519,21.4301,29,29,2026-10-06T11:30:18+02:00
znver4,native,512,main_scan_int,28,"and 1",0.01,30.7634,22.5813,29,29,2026-10-06T11:30:18+02:00
znver4,native,512,main_scan_int,28,"and 1",0.01,25.4021,36.0768,29,29,2026-10-06T11:30:18+02:00
znver4,native,512,main_scan_int,28,"and 1",0.01,29.2865,15.1113,29,29,2026-10-06T11:30:18+02:00
znver4,native,512,main_scan_int,28,"and 1",0.01,32.6684,50.1688,29,29,2026-10-06T11:30:18+02:00
znver4,native,512,main_scan_int,28,"and 2",0.10,20.0738,25.6898,29,29,2026-10-06T11:30:18+02:00
znver4,native,512,main_scan_int,28,"and 2",0.10,15.6572,23.1060,29,29,2026-10-06T11:30:18+02:00
znver4,native,512,main_scan_int,28,"and 2",0.10,16.1858,19.9997,29,29,2026-10-06T11:30:18+02:00
znver4,native,512,main_scan_int,28,"and 2",0.10,9.7289,11.4522,29,29,2026-10-06T11:30:18+02:00
znver4,native,512,main_scan_int,28,"and 2",0.10,16.5624,21.6592,29,29,2026-10-06T11:30:18+02:00
znver4,native,512,main_scan_int,28,"and 3",0.22,12.9269,14.4265,29,29,2026-10-06T11:30:18+02:00
znver4,native,512,main_scan_int,28,"and 3",0.22,13.2859,16.9422,29,29,2026-10-06T11:30:18+02:00
znver4,native,512,main_scan_int,28,"and 3",0.22,11.0032,15.5430,29,29,2026-10-06T11:30:18+02:00
znver4,native,512,main_scan_int,28,"and 3",0.22,10.7705,16.6570,29,29,2026-10-06T11:30:18+02:00
znver4,native,512,main_scan_int,28,"and 3",0.22,10.8685,15.6495,29,29,2026-10-06T11:30:18+02:00
znver4,native,512,main_scan_int,28,"and 1",0.02,23.0331,29.4185,29,29,2026-10-06T11:30:18+02:00
znver4,native,512,main_scan_int,28,"and 1",0.02,25.0420,28.6226,29,29,2026-10-06T11:30:18+02:00
znver4,native,512,main_scan_int,28,"and 1",0.02,22.9124,22.9803,29,29,2026-10-06T11:30:18+02:00
znver4,native,512,main_scan_int,28,"and 1",0.02,22.4284,38.2507,29,29,2026-10-06T11:30:18+02:00
znver4,native,512,main_scan_int,28,"and 1",0.02,29.1196,16.0307,29,29,2026-10-06T11:30:18+02:00
znver4,native,512,main_scan_int,28,"and 2",0.14,13.3257,19.3560,29,29,2026-10-06T11:30:18+02:00
znver4,native,512,main_scan_int,28,"and 2",0.14,14.6336,10.5154,29,29,2026-10-06T11:30:18+02:00
znver4,native,512,main_scan_int,28,"and 2",0.14,13.0393,11.4312,29,29,2026-10-06T11:30:18+02:00
znver4,native,512,main_scan_int,28,"and 2",0.14,17.7357,18.3370,29,29,2026-10-06T11:30:18+02:00
znver4,native,512,main_scan_int,28,"and 2",0.14,17.4162,10.4723,29,29,2026-10-06T11:30:18+02:00
znver4,native,512,main_scan_int,28,"and 3",0.27,11.7451,14.6345,29,29,2026-10-06T11:30:18+02:00
znver4,native,512,main_scan_int,28,"and 3",0.27,9.0047,13.2230,29,29,2026-10-06T11:30:18+02:00
znver4,native,512,main_scan_int,28,"and 3",0.27,12.3689,15.7964,29,29,2026-10-06T11:30:18+02:00
znver4,native,512,main_scan_int,28,"and 3",0.27,12.0378,16.0071,29,29,2026-10-06T11:30:18+02:00
znver4,native,512,main_scan_int,28,"and 3",0.27,9.7701,16.0123,29,29,2026-10-06T11:30:18+02:00
znver4,native,512,main_scan_int,28,"and 1",0.05,27.2577,12.9474,29,29,2026-10-06T11:30:18+02:00
znver4,native,512,main_scan_int,28,"and 1",0.05,24.7009,22.1822,29,29,2026-10-06T11:30:18+02:00
znver4,native,512,main_scan_int,28,"and 1",0.05,23.5442,28.6665,29,29,2026-10-06T11:30:18+02:00
znver4,native,512,main_scan_int,28,"and 1",0.05,14.6945,29.8711,29,29,2026-10-06T11:30:18+02:00
znver4,native,512,main_scan_int,28,"and 1",0.05,27.1997,12.4064,29,29,2026-10-06T11:30:18+02:00
znver4,native,512,main_scan_int,28,"and 2",0.22,13.0642,17.7492,29,29,2026-10-06T11:30:18+02:00
znver4,native,512,main_scan_int,28,"and 2",0.22,13.7792,14.1764,29,29,2026-10-06T11:30:18+02:00
znver4,native,512,main_scan_int,28,"and 2",0.22,12.8886,14.0602,29,29,2026-10-06T11:30:18+02:00
znver4,native,512,main_scan_int,28,"and 2",0.22,13.0799,11.7510,29,29,2026-10-06T11:30:18+02:00
znver4,native,512,main_scan_int,28,"and 2",0.22,12.2114,14.3367,29,29,2026-10-06T11:30:18+02:00
znver4,native,512,main_scan_int,28,"and 3",0.37,7.0591,8.3232,29,29,2026-10-06T11:30:18+02:00
znver4,native,512,main_scan_int,28,"and 3",0.37,7.9080,10.3982,29,29,2026-10-06T11:30:18+02:00
znver4,native,512,main_scan_int,28,"and 3",0.37,9.8560,13.3984,29,29,2026-10-06T11:30:18+02:00
znver4,native,512,main_scan_int,28,"and 3",0.37,7.6104,10.6463,29,29,2026-10-06T11:30:18+02:00
znver4,native,512,main_scan_int,28,"and 3",0.37,7.4237,10.3423,29,29,2026-10-06T11:30:18+02:00
znver4,native,512,main_scan_int,28,"and 1",0.10,18.8412,11.6327,29,29,2026-10-06T11:30:18+02:00
znver4,native,512,main_scan_int,28,"and 1",0.10,19.1433,15.2367,29,29,2026-10-06T11:30:18+02:00
znver4,native,512,main_scan_int,28,"and 1",0.10,16.6409,17.0812,29,29,2026-10-06T11:30:18+02:00
znver4,native,512,main_scan_int,28,"and 1",0.10,21.0339,10.9952,29,29,2026-10-06T11:30:18+02:00
znver4,native,512,main_scan_int,28,"and 1",0.10,19.4356,15.3344,29,29,2026-10-06T11:30:18+02:00
znver4,native,512,main_scan_int,28,"and 2",0.32,9.2330,11.5639,29,29,2026-10-06T11:30:18+02:00
znver4,native,512,main_scan_int,28,"and 2",0.32,9.1830,12.5377,29,29,2026-10-06T11:30:18+02:00
znver4,native,512,main_scan_int,28,"and 2",0.32,8.5881,7.3305,29,29,2026-10-06T11:30:18+02:00
znver4,native,512,main_scan_int,28,"and 2",0.32,7.4677,11.0309,29,29,2026-10-06T11:30:18+02:00
znver4,native,512,main_scan_int,28,"and 2",0.32,9.9512,11.3712,29,29,2026-10-06T11:30:18+02:00
znver4,native,512,main_scan_int,28,"and 3",0.46,6.4020,9.8057,29,29,2026-10-06T11:30:18+02:00
znver4,native,512,main_scan_int,28,"and 3",0.46,6.0587,9.3155,29,29,2026-10-06T11:30:18+02:00
znver4,native,512,main_scan_int,28,"and 3",0.46,6.0799,9.5047,29,29,2026-10-06T11:30:18+02:00
znver4,native,512,main_scan_int,28,"and 3",0.46,6.9449,10.1824,29,29,2026-10-06T11:30:18+02:00
znver4,native,512,main_scan_int,28,"and 3",0.46,6.7789,12.1245,29,29,2026-10-06T11:30:18+02:00
znver4,native,512,main_scan_int,28,"and 1",0.20,14.7786,18.8828,29,29,2026-10-06T11:30:18+02:00
znver4,native,512,main_scan_int,28,"and 1",0.20,11.5108,13.0225,29,29,2026-10-06T11:30:18+02:00
znver4,native,512,main_scan_int,28,"and 1",0.20,17.8950,13.2374,29,29,2026-10-06T11:30:18+02:00
znver4,native,512,main_scan_int,28,"and 1",0.20,15.6705,9.9662,29,29,2026-10-06T11:30:18+02:00
znver4,native,512,main_scan_int,28,"and 1",0.20,14.9147,13.4875,29,29,2026-10-06T11:30:18+02:00
znver4,native,512,main_scan_int,28,"and 2",0.45,9.5107,16.3196,29,29,2026-10-06T11:30:18+02:00
znver4,native,512,main_scan_int,28,"and 2",0.45,6.4125,10.3871,29,29,2026-10-06T11:30:18+02:00
znver4,native,512,main_scan_int,28,"and 2",0.45,6.7058,9.9681,29,29,2026-10-06T11:30:18+02:00
znver4,native,512,main_scan_int,28,"and 2",0.45,7.5490,11.0716,29,29,2026-10-06T11:30:18+02:00
znver4,native,512,main_scan_int,28,"and 2",0.45,7.3115,10.3303,29,29,2026-10-06T11:30:18+02:00
znver4,native,512,main_scan_int,28,"and 3",0.58,4.9978,10.4574,29,29,2026-10-06T11:30:18+02:00
znver4,native,512,main_scan_int,28,"and 3",0.58,5.6056,9.7675,29,29,2026-10-06T11:30:18+02:00
znver4,native,512,main_scan_int,28,"and 3",0.58,6.2746,8.9102,29,29,2026-10-06T11:30:18+02:00
znver4,native,512,main_scan_int,28,"and 3",0.58,5.4809,9.3149,29,29,2026-10-06T11:30:18+02:00
znver4,native,512,main_scan_int,28,"and 3",0.58,6.3760,9.2794,29,29,2026-10-06T11:30:18+02:00
znver4,native,512,main_scan_int,28,"and 1",0.50,9.4861,11.8381,29,29,2026-10-06T11:30:18+02:00
znver4,native,512,main_scan_int,28,"and 1",0.50,9.1659,11.5730,29,29,2026-10-06T11:30:18+02:00
znver4,native,512,main_scan_int,28,"and 1",0.50,9.0461,13.3110,29,29,2026-10-06T11:30:18+02:00
znver4,native,512,main_scan_int,28,"and 1",0.50,10.7892,16.9640,29,29,2026-10-06T11:30:18+02:00
znver4,native,512,main_scan_int,28,"and 1",0.50,12.8249,10.8091,29,29,2026-10-06T11:30:18+02:00
znver4,native,512,main_scan_int,28,"and 2",0.71,7.9864,9.0139,29,29,2026-10-06T11:30:18+02:00
znver4,native,512,main_scan_int,28,"and 2",0.71,6.9766,13.7391,29,29,2026-10-06T11:30:18+02:00
znver4,native,512,main_scan_int,28,"and 2",0.71,10.6329,12.5953,29,29,2026-10-06T11:30:18+02:00
znver4,native,512,main_scan_int,28,"and 2",0.71,10.3128,14.1590,29,29,2026-10-06T11:30:18+02:00
znver4,native,512,main_scan_int,28,"and 2",0.71,10.5158,9.7178,29,29,2026-10-06T11:30:18+02:00
znver4,native,512,main_scan_int,28,"and 3",0.79,4.3986,9.4122,29,29,2026-10-06T11:30:18+02:00
znver4,native,512,main_scan_int,28,"and 3",0.79,7.5503,7.2576,29,29,2026-10-06T11:30:18+02:00
znver4,native,512,main_scan_int,28,"and 3",0.79,7.2095,8.3227,29,29,2026-10-06T11:30:18+02:00
znver4,native,512,main_scan_int,28,"and 3",0.79,7.3222,9.2942,29,29,2026-10-06T11:30:18+02:00
znver4,native,512,main_scan_int,28,"and 3",0.79,5.9380,8.4761,29,29,2026-10-06T11:30:18+02:00
znver4,native,512,main_scan_int,28,"and 1",1.00,15.2728,19.0216,29,29,2026-10-06T11:30:18+02:00
znver4,native,512,main_scan_int,28,"and 1",1.00,14.5219,19.9338,29,29,2026-10-06T11:30:18+02:00
znver4,native,512,main_scan_int,28,"and 1",1.00,14.8881,12.2933,29,29,2026-10-06T11:30:18+02:00
znver4,native,512,main_scan_int,28,"and 1",1.00,13.8749,19.7411,29,29,2026-10-06T11:30:18+02:00
znver4,native,512,main_scan_int,28,"and 1",1.00,14.3408,12.4467,29,29,2026-10-06T11:30:18+02:00
znver4,native,512,main_scan_int,28,"and 2",1.00,11.6079,11.8187,29,29,2026-10-06T11:30:18+02:00
znver4,native,512,main_scan_int,28,"and 2",1.00,11.8658,14.0436,29,29,2026-10-06T11:30:18+02:00
znver4,native,512,main_scan_int,28,"and 2",1.00,11.2949,11.4926,29,29,2026-10-06T11:30:18+02:00
znver4,native,512,main_scan_int,28,"and 2",1.00,11.8778,15.2260,29,29,2026-10-06T11:30:18+02:00
znver4,native,512,main_scan_int,28,"and 2",1.00,11.9935,14.6331,29,29,2026-10-06T11:30:18+02:00
znver4,native,512,main_scan_int,28,"and 3",1.00,9.2526,10.9776,29,29,2026-10-06T11:30:18+02:00
znver4,native,512,main_scan_int,28,"and 3",1.00,9.2456,11.5502,29,29,2026-10-06T11:30:18+02:00
znver4,native,512,main_scan_int,28,"and 3",1.00,5.5211,10.8080,29,29,2026-10-06T11:30:18+02:00
znver4,native,512,main_scan_int,28,"and 3",1.00,9.7405,11.8897,29,29,2026-10-06T11:30:18+02:00
znver4,native,512,main_scan_int,28,"and 3",1.00,9.4472,11.5044,29,29,2026-10-06T11:30:18+02:00
znver4,native,512,main_scan_enc,28,"and 1",0.00,39.5366,254.9382,29,29,2026-10-06T11:30:35+02:00
znver4,native,512,main_scan_enc,28,"and 1",0.00,55.2916,26.6951,29,29,2026-10-06T11:30:35+02:00
znver4,native,512,main_scan_enc,28,"and 1",0.00,56.4086,247.7026,29,29,2026-10-06T11:30:35+02:00
znver4,native,512,main_scan_enc,28,"and 1",0.00,63.2436,276.4982,29,29,2026-10-06T11:30:35+02:00
znver4,native,512,main_scan_enc,28,"and 1",0.00,64.8210,282.6967,29,29,2026-10-06T11:30:35+02:00
znver4,native,512,main_scan_enc,28,"and 2",0.03,33.6990,71.6575,29,29,2026-10-06T11:30:35+02:00
znver4,native,512,main_scan_enc,28,"and 2",0.03,11.3768,95.8740,29,29,2026-10-06T11:30:35+02:00
znver4,native,512,main_scan_enc,28,"and 2",0.03,40.7493,77.3075,29,29,2026-10-06T11:30:35+02:00
znver4,native,512,main_scan_enc,28,"and 2",0.03,43.1671,81.1266,29,29,2026-10-06T11:30:35+02:00
znver4,native,512,main_scan_enc,28,"and 2",0.03,26.0852,73.0199,29,29,2026-10-06T11:30:35+02:00
znver4,native,512,main_scan_enc,28,"and 3",0.10,20.5465,44.5981,29,29,2026-10-06T11:30:35+02:00
znver4,native,512,main_scan_enc,28,"and 3",0.10,20.9009,45.6202,29,29,2026-10-06T11:30:35+02:00
znver4,native,512,main_scan_enc,28,"and 3",0.10,21.3430,54.3401,29,29,2026-10-06T11:30:35+02:00
znver4,native,512,main_scan_enc,28,"and 3",0.10,21.8436,52.2309,29,29,2026-10-06T11:30:35+02:00
znver4,native,512,main_scan_enc,28,"and 3",0.10,21.0222,56.7665,29,29,2026-10-06T11:30:35+02:00
znver4,native,512,main_scan_enc,28,"and 1",0.00,49.9935,190.3268,29,29,2026-10-06T11:30:35+02:00
znver4,native,512,main_scan_enc,28,"and 1",0.00,49.8308,220.4848,29,29,2026-10-06T11:30:35+02:00
znver4,native,512,main_scan_enc,28,"and 1",0.00,57.4762,228.2261,29,29,2026-10-06T11:30:35+02:00
znver4,native,512,main_scan_enc,28,"and 1",0.00,61.2570,233.2808,29,29,2026-10-06T11:30:35+02:00
znver4,native,512,main_scan_enc,28,"and 1",0.00,60.3674,138.1994,29,29,2026-10-06T11:30:35+02:00
znver4,native,512,main_scan_enc,28,"and 2",0.04,32.2966,108.6281,29,29,2026-10-06T11:30:35+02:00
znver4,native,512,main_scan_enc,28,"and 2",0.04,36.9133,123.3770,29,29,2026-10-06T11:30:35+02:00
znver4,native,512,main_scan_enc,28,"and 2",0.04,37.7067,126.9567,29,29,2026-10-06T11:30:35+02:00
znver4,native,512,main_scan_enc,28,"and 2",0.04,36.5199,131.2629,29,29,2026-10-06T11:30:35+02:00
znver4,native,512,main_scan_enc,28,"and 2",0.04,37.6300,134.5236,29,29,2026-10-06T11:30:35+02:00
znver4,native,512,main_scan_enc,28,"and 3",0.13,11.4230,44.2962,29,29,2026-10-06T11:30:35+02:00
znver4,native,512,main_scan_enc,28,"and 3",0.13,21.3539,49.2017,29,29,2026-10-06T11:30:35+02:00
znver4,native,512,main_scan_enc,28,"and 3",0.13,20.9778,50.3083,29,29,2026-10-06T11:30:35+02:00
znver4,native,512,main_scan_enc,28,"and 3",0.13,20.9735,39.6805,29,29,2026-10-06T11:30:35+02:00
znver4,native,512,main_scan_enc,28,"and 3",0.13,21.6053,44.6196,29,29,2026-10-06T11:30:35+02:00
znver4,native,512,main_scan_enc,28,"and 1",0.01,21.7266,125.1803,29,29,2026-10-06T11:30:35+02:00
znver4,native,512,main_scan_enc,28,"and 1",0.01,31.5367,149.7616,29,29,2026-10-06T11:30:35+02:00
znver4,native,512,main_scan_enc,28,"and 1",0.01,16.9014,42.6122,29,29,2026-10-06T11:30:35+02:00
znver4,native,512,main_scan_enc,28,"and 1",0.01,46.5848,132.9971,29,29,2026-10-06T11:30:35+02:00
znver4,native,512,main_scan_enc,28,"and 1",0.01,51.6244,103.2328,29,29,2026-10-06T11:30:35+02:00
znver4,native,512,main_scan_enc,28,"and 2",0.07,24.9644,65.0830,29,29,2026-10-06T11:30:35+02:00
znver4,native,512,main_scan_enc,28,"and 2",0.07,21.6551,80.4093,29,29,2026-10-06T11:30:35+02:00
znver4,native,512,main_scan_enc,28,"and 2",0.07,22.0698,62.2677,29,29,2026-10-06T11:30:35+02:00
znver4,native,512,main_scan_enc,28,"and 2",0.07,27.3134,62.0157,29,29,2026-10-06T11:30:35+02:00
znver4,native,512,main_scan_enc,28,"and 2",0.07,12.6882,14.3490,29,29,2026-10-06T11:30:35+02:00
znver4,native,512,main_scan_enc,28,"and 3",0.17,16.3929,17.5017,29,29,2026-10-06T11:30:35+02:00
znver4,native,512,main_scan_enc,28,"and 3",0.17,12.2469,38.4324,29,29,2026-10-06T11:30:35+02:00
znver4,native,512,main_scan_enc,28,"and 3",0.17,17.1114,44.1579,29,29,2026-10-06T11:30:35+02:00
znver4,native,512,main_scan_enc,28,"and 3",0.17,18.3073,43.7646,29,29,2026-10-06T11:30:35+02:00
znver4,native,512,main_scan_enc,28,"and 3",0.17,18.4078,40.4312,29,29,2026-10-06T11:30:35+02:00
znver4,native,512,main_scan_enc,28,"and 1",0.01,28.4408,44.1263,29,29,2026-10-06T11:30:35+02:00
znver4,native,512,main_scan_enc,28,"and 1",0.01,32.6692,101.3405,29,29,2026-10-06T11:30:35+02:00
znver4,native,512,main_scan_enc,28,"and 1",0.01,34.8224,107.0077,29,29,2026-10-06T11:30:35+02:00
znver4,native,512,main_scan_enc,28,"and 1",0.01,27.5572,62.0527,29,29,2026-10-06T11:30:35+02:00
znver4,native,512,main_scan_enc,28,"and 1",0.01,27.6746,99.7512,29,29,2026-10-06T11:30:35+02:00
znver4,native,512,main_scan_enc,28,"and 2",0.10,18.2307,42.1424,29,29,2026-10-06T11:30:35+02:00
znver4,native,512,main_scan_enc,28,"and 2",0.10,14.8190,55.6305,29,29,2026-10-06T11:30:35+02:00
znver4,native,512,main_scan_enc,28,"and 2",0.10,16.5774,23.3846,29,29,2026-10-06T11:30:35+02:00
znver4,native,512,main_scan_enc,28,"and 2",0.10,20.5276,34.6577,29,29,2026-10-06T11:30:35+02:00
znver4,native,512,main_scan_enc,28,"and 2",0.10,14.7843,46.4638,29,29,2026-10-06T11:30:35+02:00
znver4,native,512,main_scan_enc,28,"and 3",0.22,11.9959,32.6329,29,29,2026-10-06T11:30:35+02:00
znver4,native,512,main_scan_enc,28,"and 3",0.22,13.8243,29.8504,29,29,2026-10-06T11:30:35+02:00
znver4,native,512,main_scan_enc,28,"and 3",0.22,11.3907,38.3385,29,29,2026-10-06T11:30:35+02:00
znver4,native,512,main_scan_enc,28,"and 3",0.22,14.5179,34.3664,29,29,2026-10-06T11:30:35+02:00
znver4,native,512,main_scan_enc,28,"and 3",0.22,12.2022,27.2074,29,29,2026-10-06T11:30:35+02:00
znver4,native,512,main_scan_enc,28,"and 1",0.02,14.7038,46.3564,29,29,2026-10-06T11:30:35+02:00
znver4,native,512,main_scan_enc,28,"and 1",0.02,27.9291,32.5589,29,29,2026-10-06T11:30:35+02:00
znver4,native,512,main_scan_enc,28,"and 1",0.02,29.4376,58.2230,29,29,2026-10-06T11:30:35+02:00
znver4,native,512,main_scan_enc,28,"and 1",0.02,18.8408,21.2296,29,29,2026-10-06T11:30:35+02:00
znver4,native,512,main_scan_enc,28,"and 1",0.02,28.7562,40.9183,29,29,2026-10-06T11:30:35+02:00
znver4,native,512,main_scan_enc,28,"and 2",0.14,18.8996,43.8357,29,29,2026-10-06T11:30:35+02:00
znver4,native,512,main_scan_enc,28,"and 2",0.14,19.2983,41.4748,29,29,2026-10-06T11:30:35+02:00
znver4,native,512,main_scan_enc,28,"and 2",0.14,11.2906,19.1724,29,29,2026-10-06T11:30:35+02:00
znver4,native,512,main_scan_enc,28,"and 2",0.14,17.0906,38.8122,29,29,2026-10-06T11:30:35+02:00
znver4,native,512,main_scan_enc,28,"and 2",0.14,19.9751,42.6519,29,29,2026-10-06T11:30:35+02:00
znver4,native,512,main_scan_enc,28,"and 3",0.27,9.6807,22.5603,29,29,2026-10-06T11:30:35+02:00
znver4,native,512,main_scan_enc,28,"and 3",0.27,6.9916,22.5281,29,29,2026-10-06T11:30:35+02:00
znver4,native,512,main_scan_enc,28,"and 3",0.27,7.3589,32.2010,29,29,2026-10-06T11:30:35+02:00
znver4,native,512,main_scan_enc,28,"and 3",0.27,9.9808,32.1060,29,29,2026-10-06T11:30:35+02:00
znver4,native,512,main_scan_enc,28,"and 3",0.27,10.6094,22.9329,29,29,2026-10-06T11:30:35+02:00
znver4,native,512,main_scan_enc,28,"and 1",0.05,32.8273,13.1829,29,29,2026-10-06T11:30:35+02:00
znver4,native,512,main_scan_enc,28,"and 1",0.05,27.0435,14.1942,29,29,2026-10-06T11:30:35+02:00
znver4,native,512,main_scan_enc,28,"and 1",0.05,43.7734,32.8448,29,29,2026-10-06T11:30:35+02:00
znver4,native,512,main_scan_enc,28,"and 1",0.05,44.0822,15.4606,29,29,2026-10-06T11:30:35+02:00
znver4,native,512,main_scan_enc,28,"and 1",0.05,27.1698,33.2712,29,29,2026-10-06T11:30:35+02:00
znver4,native,512,main_scan_enc,28,"and 2",0.22,10.2589,15.1875,29,29,2026-10-06T11:30:35+02:00
znver4,native,512,main_scan_enc,28,"and 2",0.22,18.1049,17.8692,29,29,2026-10-06T11:30:35+02:00
znver4,native,512,main_scan_enc,28,"and 2",0.22,12.1548,13.7646,29,29,2026-10-06T11:30:35+02:00
znver4,native,512,main_scan_enc,28,"and 2",0.22,10.2957,14.1801,29,29,2026-10-06T11:30:35+02:00
znver4,native,512,main_scan_enc,28,"and 2",0.22,8.1406,10.1354,29,29,2026-10-06T11:30:35+02:00
znver4,native,512,main_scan_enc,28,"and 3",0.37,10.1549,17.8390,29,29,2026-10-06T11:30:35+02:00
znver4,native,512,main_scan_enc,28,"and 3",0.37,7.4535,13.1789,29,29,2026-10-06T11:30:35+02:00
znver4,native,512,main_scan_enc,28,"and 3",0.37,8.6398,20.1291,29,29,2026-10-06T11:30:35+02:00
znver4,native,512,main_scan_enc,28,"and 3",0.37,7.7868,11.6862,29,29,2026-10-06T11:30:35+02:00
znver4,native,512,main_scan_enc,28,"and 3",0.37,6.7628,19.8953,29,29,2026-10-06T11:30:35+02:00
znver4,native,512,main_scan_enc,28,"and 1",0.10,35.7390,24.3505,29,29,2026-10-06T11:30:35+02:00
znver4,native,512,main_scan_enc,28,"and 1",0.10,36.0921,23.7306,29,29,2026-10-06T11:30:35+02:00
znver4,native,512,main_scan_enc,28,"and 1",0.10,18.1968,13.7908,29,29,2026-10-06T11:30:35+02:00
znver4,native,512,main_scan_enc,28,"and 1",0.10,13.2675,10.9737,29,29,2026-10-06T11:30:35+02:00
znver4,native,512,main_scan_enc,28,"and 1",0.10,33.0654,22.7906,29,29,2026-10-06T11:30:35+02:00
znver4,native,512,main_scan_enc,28,"and 2",0.32,12.8413,23.5681,29,29,2026-10-06T11:30:35+02:00
znver4,native,512,main_scan_enc,28,"and 2",0.32,10.9633,20.8936,29,29,2026-10-06T11:30:35+02:00
znver4,native,512,main_scan_enc,28,"and 2",0.32,13.0961,18.7785,29,29,2026-10-06T11:30:35+02:00
znver4,native,512,main_scan_enc,28,"and 2",0.32,10.6061,20.7297,29,29,2026-10-06T11:30:35+02:00
znver4,native,512,main_scan_enc,28,"and 2",0.32,6.9398,14.6510,29,29,2026-10-06T11:30:35+02:00
znver4,native,512,main_scan_enc,28,"and 3",0.46,6.1972,10.5724,29,29,2026-10-06T11:30:35+02:00
znver4,native,512,main_scan_enc,28,"and 3",0.46,7.3397,20.5110,29,29,2026-10-06T11:30:35+02:00
znver4,native,512,main_scan_enc,28,"and 3",0.46,5.3770,13.9360,29,29,2026-10-06T11:30:35+02:00
znver4,native,512,main_scan_enc,28,"and 3",0.46,4.6148,18.7921,29,29,2026-10-06T11:30:35+02:00
znver4,native,512,main_scan_enc,28,"and 3",0.46,7.3577,9.2521,29,29,2026-10-06T11:30:35+02:00
znver4,native,512,main_scan_enc,28,"and 1",0.20,12.0877,12.7162,29,29,2026-10-06T11:30:35+02:00
znver4,native,512,main_scan_enc,28,"and 1",0.20,20.3772,13.5255,29,29,2026-10-06T11:30:35+02:00
znver4,native,512,main_scan_enc,28,"and 1",0.20,23.0915,12.7439,29,29,2026-10-06T11:30:35+02:00
znver4,native,512,main_scan_enc,28,"and 1",0.20,24.0859,19.7161,29,29,2026-10-06T11:30:35+02:00
znver4,native,512,main_scan_enc,28,"and 1",0.20,25.2827,17.5689,29,29,2026-10-06T11:30:35+02:00
znver4,native,512,main_scan_enc,28,"and 2",0.45,5.8972,13.3649,29,29,2026-10-06T11:30:35+02:00
znver4,native,512,main_scan_enc,28,"and 2",0.45,6.1612,20.1089,29,29,2026-10-06T11:30:35+02:00
znver4,native,512,main_scan_enc,28,"and 2",0.45,7.8508,17.2885,29,29,2026-10-06T11:30:35+02:00
znver4,native,512,main_scan_enc,28,"and 2",0.45,6.4543,16.0670,29,29,2026-10-06T11:30:35+02:00
znver4,native,512,main_scan_enc,28,"and 2",0.45,4.7027,13.0284,29,29,2026-10-06T11:30:35+02:00
znver4,native,512,main_scan_enc,28,"and 3",0.58,6.2482,15.6940,29,29,2026-10-06T11:30:35+02:00
znver4,native,512,main_scan_enc,28,"and 3",0.58,4.9646,12.6099,29,29,2026-10-06T11:30:35+02:00
znver4,native,512,main_scan_enc,28,"and 3",0.58,6.0468,10.4551,29,29,2026-10-06T11:30:35+02:00
znver4,native,512,main_scan_enc,28,"and 3",0.58,6.9953,17.4632,29,29,2026-10-06T11:30:35+02:00
znver4,native,512,main_scan_enc,28,"and 3",0.58,5.6975,15.1435,29,29,2026-10-06T11:30:35+02:00
znver4,native,512,main_scan_enc,28,"and 1",0.50,13.5782,15.0488,29,29,2026-10-06T11:30:35+02:00
znver4,native,512,main_scan_enc,28,"and 1",0.50,7.1524,12.0541,29,29,2026-10-06T11:30:35+02:00
znver4,native,512,main_scan_enc,28,"and 1",0.50,13.9459,18.0903,29,29,2026-10-06T11:30:35+02:00
znver4,native,512,main_scan_enc,28,"and 1",0.50,10.4485,17.6081,29,29,2026-10-06T11:30:35+02:00
znver4,native,512,main_scan_enc,28,"and 1",0.50,10.0432,12.0651,29,29,2026-10-06T11:30:35+02:00
znver4,native,512,main_scan_enc,28,"and 2",0.71,9.7925,15.6088,29,29,2026-10-06T11:30:35+02:00
znver4,native,512,main_scan_enc,28,"and 2",0.71,9.6766,9.6794,29,29,2026-10-06T11:30:35+02:00
znver4,native,512,main_scan_enc,28,"and 2",0.71,9.8924,15.9406,29,29,2026-10-06T11:30:35+02:00
znver4,native,512,main_scan_enc,28,"and 2",0.71,7.2149,10.6577,29,29,2026-10-06T11:30:35+02:00
znver4,native,512,main_scan_enc,28,"and 2",0.71,8.4608,12.2659,29,29,2026-10-06T11:30:35+02:00
znver4,native,512,main_scan_enc,28,"and 3",0.79,6.0667,11.1359,29,29,2026-10-06T11:30:35+02:00
znver4,native,512,main_scan_enc,28,"and 3",0.79,6.6087,14.2520,29,29,2026-10-06T11:30:35+02:00
znver4,native,512,main_scan_enc,28,"and 3",0.79,9.2797,15.5995,29,29,2026-10-06T11:30:35+02:00
znver4,native,512,main_scan_enc,28,"and 3",0.79,6.0902,14.9184,29,29,2026-10-06T11:30:35+02:00
znver4,native,512,main_scan_enc,28,"and 3",0.79,7.2835,15.8317,29,29,2026-10-06T11:30:35+02:00
znver4,native,512,main_scan_enc,28,"and 1",1.00,19.5480,13.1519,29,29,2026-10-06T11:30:35+02:00
znver4,native,512,main_scan_enc,28,"and 1",1.00,15.6545,12.2865,29,29,2026-10-06T11:30:35+02:00
znver4,native,512,main_scan_enc,28,"and 1",1.00,16.3742,15.0816,29,29,2026-10-06T11:30:35+02:00
znver4,native,512,main_scan_enc,28,"and 1",1.00,16.6697,15.0790,29,29,2026-10-06T11:30:35+02:00
znver4,native,512,main_scan_enc,28,"and 1",1.00,15.8700,10.3651,29,29,2026-10-06T11:30:35+02:00
znver4,native,512,main_scan_enc,28,"and 2",1.00,15.1297,11.0950,29,29,2026-10-06T11:30:35+02:00
znver4,native,512,main_scan_enc,28,"and 2",1.00,15.7451,15.1954,29,29,2026-10-06T11:30:35+02:00
znver4,native,512,main_scan_enc,28,"and 2",1.00,12.7274,15.3689,29,29,2026-10-06T11:30:35+02:00
znver4,native,512,main_scan_enc,28,"and 2",1.00,15.8380,15.0453,29,29,2026-10-06T11:30:35+02:00
znver4,native,512,main_scan_enc,28,"and 2",1.00,10.5283,10.4874,29,29,2026-10-06T11:30:35+02:00
znver4,native,512,main_scan_enc,28,"and 3",1.00,8.6632,8.8391,29,29,2026-10-06T11:30:35+02:00
znver4,native,512,main_scan_enc,28,"and 3",1.00,11.5003,9.8913,29,29,2026-10-06T11:30:35+02:00
znver4,native,512,main_scan_enc,28,"and 3",1.00,13.0521,9.2178,29,29,2026-10-06T11:30:35+02:00
znver4,native,512,main_scan_enc,28,"and 3",1.00,13.7452,11.5725,29,29,2026-10-06T11:30:35+02:00
znver4,native,512,main_scan_enc,28,"and 3",1.00,12.3827,8.1075,29,29,2026-10-06T11:30:35+02:00
znver4,native,512,main_gather,28,"gather_byte",100.00,0.385568,0.385568,29,29,2026-10-06T11:30:50+02:00
znver4,native,512,main_gather,28,"gather_short",100.00,0.298696,0.298696,29,29,2026-10-06T11:30:50+02:00
znver4,native,512,main_gather,28,"gather_int",100.00,0.199658,0.199658,29,29,2026-10-06T11:30:50+02:00
znver4,native,512,main_gather,28,"gather_long",100.00,0.173772,0.173772,29,29,2026-10-06T11:30:50+02:00
znver4,native,512,main_gather,28,"gather_char",100.00,0.046069,0.046069,29,29,2026-10-06T11:30:50+02:00
znver4,native,512,main_gather,28,"gather_encoded",100.00,0.352824,0.352824,29,29,2026-10-06T11:30:50+02:00
znver4,native,512,main_gather,28,"copy_encoded",100.00,9.116780,9.116780,29,29,2026-10-06T11:30:50+02:00
znver4,native,512,main_hash,25,"jenkins_hash",100.00,0.036093,0.036093,29,29,2026-10-06T11:34:18+02:00
znver4,native,512,main_hash,25,"fnv_hash",100.00,0.042598,0.042598,29,29,2026-10-06T11:34:18+02:00
znver4,native,512,main_hash,25,"murmur_hash",100.00,0.079487,0.079487,29,29,2026-10-06T11:34:18+02:00
znver4,native,512,main_filter,28,"filter_byte_eq",100.00,0.119822,0.119822,29,29,2026-10-06T11:34:35+02:00
znver4,native,512,main_filter,28,"filter_byte_lt",100.00,0.120728,0.120728,29,29,2026-10-06T11:34:35+02:00
znver4,native,512,main_filter,28,"filter_byte_gt",100.00,0.106643,0.106643,29,29,2026-10-06T11:34:35+02:00
znver4,native,512,main_filter,28,"filter_byte_ne",100.00,0.126543,0.126543,29,29,2026-10-06T11:34:35+02:00
znver4,native,512,main_filter,28,"filter_byte_le",100.00,0.121852,0.121852,29,29,2026-10-06T11:34:35+02:00
znver4,native,512,main_filter,28,"filter_byte_ge",100.00,0.108795,0.108795,29,29,2026-10-06T11:34:35+02:00
znver4,native,512,main_filter,28,"filter_short_eq",100.00,0.076970,0.076970,29,29,2026-10-06T11:34:35+02:00
znver4,native,512,main_filter,28,"filter_short_lt",100.00,0.073320,0.073320,29,29,2026-10-06T11:34:35+02:00
znver4,native,512,main_filter,28,"filter_short_gt",100.00,0.075234,0.075234,29,29,2026-10-06T11:34:35+02:00
znver4,native,512,main_filter,28,"filter_short_ne",100.00,0.075158,0.075158,29,29,2026-10-06T11:34:35+02:00
znver4,native,512,main_filter,28,"filter_short_le",100.00,0.077362,0.077362,29,29,2026-10-06T11:34:35+02:00
znver4,native,512,main_filter,28,"filter_short_ge",100.00,0.076691,0.076691,29,29,2026-10-06T11:34:35+02:00
znver4,native,512,main_filter,28,"filter_int_eq",100.00,0.059865,0.059865,29,29,2026-10-06T11:34:35+02:00
znver4,native,512,main_filter,28,"filter_int_lt",100.00,0.059064,0.059064,29,29,2026-10-06T11:34:35+02:00
znver4,native,512,main_filter,28,"filter_int_gt",100.00,0.057774,0.057774,29,29,2026-10-06T11:34:35+02:00
znver4,native,512,main_filter,28,"filter_int_ne",100.00,0.059106,0.059106,29,29,2026-10-06T11:34:35+02:00
znver4,native,512,main_filter,28,"filter_int_le",100.00,0.057639,0.057639,29,29,2026-10-06T11:34:35+02:00
znver4,native,512,main_filter,28,"filter_int_ge",100.00,0.057250,0.057250,29,29,2026-10-06T11:34:35+02:00
znver4,native,512,main_filter,28,"filter_long_eq",100.00,0.053353,0.053353,29,29,2026-10-06T11:34:35+02:00
znver4,native,512,main_filter,28,"filter_long_lt",100.00,0.052277,0.052277,29,29,2026-10-06T11:34:35+02:00
znver4,native,512,main_filter,28,"filter_long_gt",100.00,0.052910,0.052910,29,29,2026-10-06T11:34:35+02:00
znver4,native,512,main_filter,28,"filter_long_ne",100.00,0.053638,0.053638,29,29,2026-10-06T11:34:35+02:00
znver4,native,512,main_filter,28,"filter_long_le",100.00,0.052397,0.052397,29,29,2026-10-06T11:34:35+02:00
znver4,native,512,main_filter,28,"filter_long_ge",100.00,0.052258,0.052258,29,29,2026-10-06T11:34:35+02:00
znver4,native,512,main_filter,28,"filter_float_eq",100.00,0.059565,0.059565,29,29,2026-10-06T11:34:35+02:00
znver4,native,512,main_filter,28,"filter_float_lt",100.00,0.058088,0.058088,29,29,2026-10-06T11:34:35+02:00
znver4,native,512,main_filter,28,"filter_float_gt",100.00,0.058024,0.058024,29,29,2026-10-06T11:34:35+02:00
znver4,native,512,main_filter,28,"filter_float_ne",100.00,0.058192,0.058192,29,29,2026-10-06T11:34:35+02:00
znver4,native,512,main_filter,28,"filter_float_le",100.00,0.058103,0.058103,29,29,2026-10-06T11:34:35+02:00
znver4,native,512,main_filter,28,"filter_float_ge",100.00,0.060065,0.060065,29,29,2026-10-06T11:34:35+02:00
znver4,native,512,main_filter,28,"filter_double_eq",100.00,0.055437,0.055437,29,29,2026-10-06T11:34:35+02:00
znver4,native,512,main_filter,28,"filter_double_lt",100.00,0.054080,0.054080,29,29,2026-10-06T11:34:35+02:00
znver4,native,512,main_filter,28,"filter_double_gt",100.00,0.054322,0.054322,29,29,2026-10-06T11:34:35+02:00
znver4,native,512,main_filter,28,"filter_double_ne",100.00,0.054986,0.054986,29,29,2026-10-06T11:34:35+02:00
znver4,native,512,main_filter,28,"filter_double_le",100.00,0.055027,0.055027,29,29,2026-10-06T11:34:35+02:00
znver4,native,512,main_filter,28,"filter_double_ge",100.00,0.054789,0.054789,29,29,2026-10-06T11:34:35+02:00
znver4,native,512,main_filter,28,"filter_char_eq",100.00,0.069172,0.069172,29,29,2026-10-06T11:34:35+02:00
znver4,native,512,main_filter,28,"filter_char_lt",100.00,0.042432,0.042432,29,29,2026-10-06T11:34:35+02:00
znver4,native,512,main_filter,28,"filter_char_gt",100.00,0.042629,0.042629,29,29,2026-10-06T11:34:35+02:00
znver4,native,512,main_filter,28,"filter_char_ne",100.00,0.068912,0.068912,29,29,2026-10-06T11:34:35+02:00
znver4,native,512,main_filter,28,"filter_char_le",100.00,0.042580,0.042580,29,29,2026-10-06T11:34:35+02:00
znver4,native,512,main_filter,28,"filter_char_ge",100.00,0.042452,0.042452,29,29,2026-10-06T11:34:35+02:00
znver4,native,512,main_part,28,"int * 1 | 2^4",,11.6691,11.6691,29,29,2026-10-06T11:36:53+02:00
znver4,native,512,main_part,28,"int * 1 | 2^4",,9.1448,9.1448,29,29,2026-10-06T11:36:53+02:00
znver4,native,512,main_part,28,"int * 1 | 2^4",,8.7976,8.7976,29,29,2026-10-06T11:36:53+02:00
znver4,native,512,main_part,28,"int * 1 | 2^4",,12.2826,12.2826,29,29,2026-10-06T11:36:53+02:00
znver4,native,512,main_part,28,"int * 1 | 2^4",,11.7062,11.7062,29,29,2026-10-06T11:36:53+02:00
znver4,native,512,main_part,28,"int * 1 | 2^5",,10.3415,10.3415,29,29,2026-10-06T11:36:53+02:00
znver4,native,512,main_part,28,"int * 1 | 2^5",,12.0970,12.0970,29,29,2026-10-06T11:36:53+02:00
znver4,native,512,main_part,28,"int * 1 | 2^5",,11.6149,11.6149,29,29,2026-10-06T11:36:53+02:00
znver4,native,512,main_part,28,"int * 1 | 2^5",,11.9482,11.9482,29,29,2026-10-06T11:36:53+02:00
znver4,native,512,main_part,28,"int * 1 | 2^5",,10.9298,10.9298,29,29,2026-10-06T11:36:53+02:00
znver4,native,512,main_part,28,"int * 1 | 2^6",,8.4470,8.4470,29,29,2026-10-06T11:36:53+02:00
znver4,native,512,main_part,28,"int * 1 | 2^6",,11.1565,11.1565,29,29,2026-10-06T11:36:53+02:00
znver4,native,512,main_part,28,"int * 1 | 2^6",,11.3111,11.3111,29,29,2026-10-06T11:36:53+02:00
znver4,native,512,main_part,28,"int * 1 | 2^6",,11.1572,11.1572,29,29,2026-10-06T11:36:53+02:00
znver4,native,512,main_part,28,"int * 1 | 2^6",,7.5084,7.5084,29,29,2026-10-06T11:36:53+02:00
znver4,native,512,main_part,28,"int * 1 | 2^7",,9.3730,9.3730,29,29,2026-10-06T11:36:53+02:00
znver4,native,512,main_part,28,"int * 1 | 2^7",,8.9896,8.9896,29,29,2026-10-06T11:36:53+02:00
znver4,native,512,main_part,28,"int * 1 | 2^7",,7.2312,7.2312,29,29,2026-10-06T11:36:53+02:00
znver4,native,512,main_part,28,"int * 1 | 2^7",,8.1788,8.1788,29,29,2026-10-06T11:36:53+02:00
znver4,native,512,main_part,28,"int * 1 | 2^7",,10.6846,10.6846,29,29,2026-10-06T11:36:53+02:00
znver4,native,512,main_part,28,"int * 1 | 2^8",,10.8890,10.8890,29,29,2026-10-06T11:36:53+02:00
znver4,native,512,main_part,28,"int * 1 | 2^8",,8.1030,8.1030,29,29,2026-10-06T11:36:53+02:00
znver4,native,512,main_part,28,"int * 1 | 2^8",,9.2832,9.2832,29,29,2026-10-06T11:36:53+02:00
znver4,native,512,main_part,28,"int * 1 | 2^8",,5.6959,5.6959,29,29,2026-10-06T11:36:53+02:00
znver4,native,512,main_part,28,"int * 1 | 2^8",,8.4559,8.4559,29,29,2026-10-06T11:36:53+02:00
znver4,native,512,main_part,28,"int * 2 | 2^4",,4.6640,4.6640,29,29,2026-10-06T11:36:53+02:00
znver4,native,512,main_part,28,"int * 2 | 2^4",,6.9588,6.9588,29,29,2026-10-06T11:36:53+02:00
znver4,native,512,main_part,28,"int * 2 | 2^4",,6.9955,6.9955,29,29,2026-10-06T11:36:53+02:00
znver4,native,512,main_part,28,"int * 2 | 2^4",,6.4133,6.4133,29,29,2026-10-06T11:36:53+02:00
znver4,native,512,main_part,28,"int * 2 | 2^4",,4.6320,4.6320,29,29,2026-10-06T11:36:53+02:00
znver4,native,512,main_part,28,"int * 2 | 2^5",,6.4888,6.4888,29,29,2026-10-06T11:36:53+02:00
znver4,native,512,main_part,28,"int * 2 | 2^5",,5.9706,5.9706,29,29,2026-10-06T11:36:53+02:00
znver4,native,512,main_part,28,"int * 2 | 2^5",,6.4794,6.4794,29,29,2026-10-06T11:36:53+02:00
znver4,native,512,main_part,28,"int * 2 | 2^5",,6.1869,6.1869,29,29,2026-10-06T11:36:53+02:00
znver4,native,512,main_part,28,"int * 2 | 2^5",,6.4425,6.4425,29,29,2026-10-06T11:36:53+02:00
znver4,native,512,main_part,28,"int * 2 | 2^6",,6.2511,6.2511,29,29,2026-10-06T11:36:53+02:00
znver4,native,512,main_part,28,"int * 2 | 2^6",,7.0878,7.0878,29,29,2026-10-06T11:36:53+02:00
znver4,native,512,main_part,28,"int * 2 | 2^6",,7.6292,7.6292,29,29,2026-10-06T11:36:53+02:00
znver4,native,512,main_part,28,"int * 2 | 2^6",,6.6000,6.6000,29,29,2026-10-06T11:36:53+02:00
znver4,native,512,main_part,28,"int * 2 | 2^6",,5.6566,5.6566,29,29,2026-10-06T11:36:53+02:00
znver4,native,512,main_part,28,"int * 2 | 2^7",,4.8968,4.8968,29,29,2026-10-06T11:36:53+02:00
znver4,native,512,main_part,28,"int * 2 | 2^7",,7.0347,7.0347,29,29,2026-10-06T11:36:53+02:00
znver4,native,512,main_part,28,"int * 2 | 2^7",,5.8515,5.8515,29,29,2026-10-06T11:36:53+02:00
znver4,native,512,main_part,28,"int * 2 | 2^7",,6.9674,6.9674,29,29,2026-10-06T11:36:53+02:00
znver4,native,512,main_part,28,"int * 2 | 2^7",,6.2786,6.2786,29,29,2026-10-06T11:36:53+02:00
znver4,native,512,main_part,28,"int * 2 | 2^8",,6.0933,6.0933,29,29,2026-10-06T11:36:53+02:00
znver4,native,512,main_part,28,"int * 2 | 2^8",,6.9780,6.9780,29,29,2026-10-06T11:36:53+02:00
znver4,native,512,main_part,28,"int * 2 | 2^8",,7.9454,7.9454,29,29,2026-10-06T11:36:53+02:00
znver4,native,512,main_part,28,"int * 2 | 2^8",,7.6452,7.6452,29,29,2026-10-06T11:36:53+02:00
znver4,native,512,main_part,28,"int * 2 | 2^8",,6.9108,6.9108,29,29,2026-10-06T11:36:53+02:00
znver4,native,512,main_part,28,"int * 3 | 2^4",,5.2644,5.2644,29,29,2026-10-06T11:36:53+02:00
znver4,native,512,main_part,28,"int * 3 | 2^4",,5.1538,5.1538,29,29,2026-10-06T11:36:53+02:00
znver4,native,512,main_part,28,"int * 3 | 2^4",,5.7754,5.7754,29,29,2026-10-06T11:36:53+02:00
znver4,native,512,main_part,28,"int * 3 | 2^4",,4.8100,4.8100,29,29,2026-10-06T11:36:53+02:00
znver4,native,512,main_part,28,"int * 3 | 2^4",,5.4367,5.4367,29,29,2026-10-06T11:36:53+02:00
znver4,native,512,main_part,28,"int * 3 | 2^5",,5.0396,5.0396,29,29,2026-10-06T11:36:53+02:00
znver4,native,512,main_part,28,"int * 3 | 2^5",,5.2536,5.2536,29,29,2026-10-06T11:36:53+02:00
znver4,native,512,main_part,28,"int * 3 | 2^5",,5.0724,5.0724,29,29,2026-10-06T11:36:53+02:00
znver4,native,512,main_part,28,"int * 3 | 2^5",,6.2380,6.2380,29,29,2026-10-06T11:36:53+02:00
znver4,native,512,main_part,28,"int * 3 | 2^5",,5.4036,5.4036,29,29,2026-10-06T11:36:53+02:00
znver4,native,512,main_part,28,"int * 3 | 2^6",,5.7124,5.7124,29,29,2026-10-06T11:36:53+02:00
znver4,native,512,main_part,28,"int * 3 | 2^6",,5.1254,5.1254,29,29,2026-10-06T11:36:53+02:00
znver4,native,512,main_part,28,"int * 3 | 2^6",,5.3280,5.3280,29,29,2026-10-06T11:36:53+02:00
znver4,native,512,main_part,28,"int * 3 | 2^6",,4.9990,4.9990,29,29,2026-10-06T11:36:53+02:00
znver4,native,512,main_part,28,"int * 3 | 2^6",,5.0954,5.0954,29,29,2026-10-06T11:36:53+02:00
znver4,native,512,main_part,28,"int * 3 | 2^7",,5.3216,5.3216,29,29,2026-10-06T11:36:53+02:00
znver4,native,512,main_part,28,"int * 3 | 2^7",,5.1417,5.1417,29,29,2026-10-06T11:36:53+02:00
znver4,native,512,main_part,28,"int * 3 | 2^7",,5.2760,5.2760,29,29,2026-10-06T11:36:53+02:00
znver4,native,512,main_part,28,"int * 3 | 2^7",,5.3164,5.3164,29,29,2026-10-06T11:36:53+02:00
znver4,native,512,main_part,28,"int * 3 | 2^7",,4.5860,4.5860,29,29,2026-10-06T11:36:53+02:00
znver4,native,512,main_part,28,"int * 3 | 2^8",,4.9823,4.9823,29,29,2026-10-06T11:36:53+02:00
znver4,native,512,main_part,28,"int * 3 | 2^8",,5.3263,5.3263,29,29,2026-10-06T11:36:53+02:00
znver4,native,512,main_part,28,"int * 3 | 2^8",,5.2562,5.2562,29,29,2026-10-06T11:36:53+02:00
znver4,native,512,main_part,28,"int * 3 | 2^8",,4.1653,4.1653,29,29,2026-10-06T11:36:53+02:00
znver4,native,512,main_part,28,"int * 3 | 2^8",,4.5550,4.5550,29,29,2026-10-06T11:36:53+02:00
znver4,native,512,main_scan_int,29,"and 1",0.00,39.6396,47.0693,30,30,2026-10-06T11:37:02+02:00
znver4,native,512,main_scan_int,29,"and 1",0.00,39.4975,26.0409,30,30,2026-10-06T11:37:02+02:00
znver4,native,512,main_scan_int,29,"and 1",0.00,43.2060,57.3324,30,30,2026-10-06T11:37:02+02:00
znver4,native,512,main_scan_int,29,"and 1",0.00,53.1423,41.5321,30,30,2026-10-06T11:37:02+02:00
znver4,native,512,main_scan_int,29,"and 1",0.00,16.5982,16.6213,30,30,2026-10-06T11:37:02+02:00
znver4,native,512,main_scan_int,29,"and 2",0.03,13.4319,14.6155,30,30,2026-10-06T11:37:02+02:00
znver4,native,512,main_scan_int,29,"and 2",0.03,21.3686,24.1714,30,30,2026-10-06T11:37:02+02:00
znver4,native,512,main_scan_int,29,"and 2",0.03,19.9300,30.5717,30,30,2026-10-06T11:37:02+02:00
znver4,native,512,main_scan_int,29,"and 2",0.03,12.3926,23.2201,30,30,2026-10-06T11:37:02+02:00
znver4,native,512,main_scan_int,29,"and 2",0.03,10.8249,14.5598,30,30,2026-10-06T11:37:02+02:00
znver4,native,512,main_scan_int,29,"and 3",0.10,14.7155,19.5124,30,30,2026-10-06T11:37:02+02:00
znver4,native,512,main_scan_int,29,"and 3",0.10,10.3363,19.4493,30,30,2026-10-06T11:37:02+02:00
znver4,native,512,main_scan_int,29,"and 3",0.10,15.8263,15.0406,30,30,2026-10-06T11:37:02+02:00
znver4,native,512,main_scan_int,29,"and 3",0.10,12.5527,19.9906,30,30,2026-10-06T11:37:02+02:00
znver4,native,512,main_scan_int,29,"and 3",0.10,13.9673,11.2467,30,30,2026-10-06T11:37:02+02:00
znver4,native,512,main_scan_int,29,"and 1",0.00,14.7517,12.9270,30,30,2026-10-06T11:37:02+02:00
znver4,native,512,main_scan_int,29,"and 1",0.00,43.9631,58.0106,30,30,2026-10-06T11:37:02+02:00
znver4,native,512,main_scan_int,29,"and 1",0.00,40.5399,15.8394,30,30,2026-10-06T11:37:02+02:00
znver4,native,512,main_scan_int,29,"and 1",0.00,37.7655,16.0488,30,30,2026-10-06T11:37:02+02:00
znver4,native,512,main_scan_int,29,"and 1",0.00,11.3483,53.0915,30,30,2026-10-06T11:37:02+02:00
znver4,native,512,main_scan_int,29,"and 2",0.04,16.8812,25.5715,30,30,2026-10-06T11:37:02+02:00
znver4,native,512,main_scan_int,29,"and 2",0.04,20.1421,17.3348,30,30,2026-10-06T11:37:02+02:00
znver4,native,512,main_scan_int,29,"and 2",0.04,20.9911,20.0306,30,30,2026-10-06T11:37:02+02:00
znver4,native,512,main_scan_int,29,"and 2",0.04,19.7739,21.0171,30,30,2026-10-06T11:37:02+02:00
znver4,native,512,main_scan_int,29,"and 2",0.04,20.0005,28.2836,30,30,2026-10-06T11:37:02+02:00
znver4,native,512,main_scan_int,29,"and 3",0.13,12.2973,22.1450,30,30,2026-10-06T11:37:02+02:00
znver4,native,512,main_scan_int,29,"and 3",0.13,11.5039,17.3079,30,30,2026-10-06T11:37:02+02:00
znver4,native,512,main_scan_int,29,"and 3",0.13,12.1709,12.0089,30,30,2026-10-06T11:37:02+02:00
znver4,native,512,main_scan_int,29,"and 3",0.13,9.3141,14.5847,30,30,2026-10-06T11:37:02+02:00
znver4,native,512,main_scan_int,29,"and 3",0.13,11.9806,18.5349,30,30,2026-10-06T11:37:02+02:00
znver4,native,512,main_scan_int,29,"and 1",0.01,29.6411,46.0146,30,30,2026-10-06T11:37:02+02:00
znver4,native,512,main_scan_int,29,"and 1",0.01,30.8214,33.0206,30,30,2026-10-06T11:37:02+02:00
znver4,native,512,main_scan_int,29,"and 1",0.01,30.7457,50.4854,30,30,2026-10-06T11:37:02+02:00
znver4,native,512,main_scan_int,29,"and 1",0.01,33.2542,15.4973,30,30,2026-10-06T11:37:02+02:00
znver4,native,512,main_scan_int,29,"and 1",0.01,31.1987,15.5224,30,30,2026-10-06T11:37:02+02:00
znver4,native,512,main_scan_int,29,"and 2",0.07,18.0169,23.6082,30,30,2026-10-06T11:37:02+02:00
znver4,native,512,main_scan_int,29,"and 2",0.07,16.0550,12.3263,30,30,2026-10-06T11:37:02+02:00
znver4,native,512,main_scan_int,29,"and 2",0.07,17.6331,16.9015,30,30,2026-10-06T11:37:02+02:00
znver4,native,512,main_scan_int,29,"and 2",0.07,10.2016,23.6180,30,30,2026-10-06T11:37:02+02:00
znver4,native,512,main_scan_int,29,"and 2",0.07,17.4159,23.3314,30,30,2026-10-06T11:37:02+02:00
znver4,native,512,main_scan_int,29,"and 3",0.17,12.3555,13.5239,30,30,2026-10-06T11:37:02+02:00
znver4,native,512,main_scan_int,29,"and 3",0.17,11.0269,17.7096,30,30,2026-10-06T11:37:02+02:00
znver4,native,512,main_scan_int,29,"and 3",0.17,11.7082,17.8990,30,30,2026-10-06T11:37:02+02:00
znver4,native,512,main_scan_int,29,"and 3",0.17,10.2181,16.9782,30,30,2026-10-06T11:37:02+02:00
znver4,native,512,main_scan_int,29,"and 3",0.17,11.1799,16.7351,30,30,2026-10-06T11:37:02+02:00
znver4,native,512,main_scan_int,29,"and 1",0.01,24.3679,45.1932,30,30,2026-10-06T11:37:02+02:00
znver4,native,512,main_scan_int,29,"and 1",0.01,30.5981,21.7600,30,30,2026-10-06T11:37:02+02:00
znver4,native,512,main_scan_int,29,"and 1",0.01,17.6155,40.1055,30,30,2026-10-06T11:37:02+02:00
znver4,native,512,main_scan_int,29,"and 1",0.01,27.6279,42.0049,30,30,2026-10-06T11:37:02+02:00
znver4,native,512,main_scan_int,29,"and 1",0.01,33.5336,21.9506,30,30,2026-10-06T11:37:02+02:00
znver4,native,512,main_scan_int,29,"and 2",0.10,14.4032,24.8108,30,30,2026-10-06T11:37:02+02:00
znver4,native,512,main_scan_int,29,"and 2",0.10,17.7233,16.8371,30,30,2026-10-06T11:37:02+02:00
znver4,native,512,main_scan_int,29,"and 2",0.10,19.7848,11.8145,30,30,2026-10-06T11:37:02+02:00
znver4,native,512,main_scan_int,29,"and 2",0.10,15.0482,18.3820,30,30,2026-10-06T11:37:02+02:00
znver4,native,512,main_scan_int,29,"and 2",0.10,14.8070,22.0360,30,30,2026-10-06T11:37:02+02:00
znver4,native,512,main_scan_int,29,"and 3",0.22,10.0759,15.0122,30,30,2026-10-06T11:37:02+02:00
znver4,native,512,main_scan_int,29,"and 3",0.22,11.4283,10.7737,30,30,2026-10-06T11:37:02+02:00
znver4,native,512,main_scan_int,29,"and 3",0.22,12.7493,14.6761,30,30,2026-10-06T11:37:02+02:00
znver4,native,512,main_scan_int,29,"and 3",0.22,9.7830,16.2136,30,30,2026-10-06T11:37:02+02:00
znver4,native,512,main_scan_int,29,"and 3",0.22,8.8830,14.6246,30,30,2026-10-06T11:37:02+02:00
znver4,native,512,main_scan_int,29,"and 1",0.02,14.1511,29.3903,30,30,2026-10-06T11:37:02+02:00
znver4,native,512,main_scan_int,29,"and 1",0.02,24.8814,27.9714,30,30,2026-10-06T11:37:02+02:00
znver4,native,512,main_scan_int,29,"and 1",0.02,21.3966,30.9588,30,30,2026-10-06T11:37:02+02:00
znver4,native,512,main_scan_int,29,"and 1",0.02,26.3004,13.0382,30,30,2026-10-06T11:37:02+02:00
znver4,native,512,main_scan_int,29,"and 1",0.02,24.2058,25.6311,30,30,2026-10-06T11:37:02+02:00
znver4,native,512,main_scan_int,29,"and 2",0.14,9.9671,12.8604,30,30,2026-10-06T11:37:02+02:00
znver4,native,512,main_scan_int,29,"and 2",0.14,13.6148,19.0393,30,30,2026-10-06T11:37:02+02:00
znver4,native,512,main_scan_int,29,"and 2",0.14,15.0477,15.5180,30,30,2026-10-06T11:37:02+02:00
znver4,native,512,main_scan_int,29,"and 2",0.14,9.3479,15.4930,30,30,2026-10-06T11:37:02+02:00
znver4,native,512,main_scan_int,29,"and 2",0.14,15.0983,21.1815,30,30,2026-10-06T11:37:02+02:00
znver4,native,512,main_scan_int,29,"and 3",0.27,10.1945,13.3897,30,30,2026-10-06T11:37:02+02:00
znver4,native,512,main_scan_int,29,"and 3",0.27,11.1194,14.1767,30,30,2026-10-06T11:37:02+02:00
znver4,native,512,main_scan_int,29,"and 3",0.27,9.1857,14.9727,30,30,2026-10-06T11:37:02+02:00
znver4,native,512,main_scan_int,29,"and 3",0.27,9.7555,15.3277,30,30,2026-10-06T11:37:02+02:00
znver4,native,512,main_scan_int,29,"and 3",0.27,8.9231,11.2364,30,30,2026-10-06T11:37:02+02:00
znver4,native,512,main_scan_int,29,"and 1",0.05,25.8064,22.6131,30,30,2026-10-06T11:37:02+02:00
znver4,native,512,main_scan_int,29,"and 1",0.05,26.1707,29.5814,30,30,2026-10-06T11:37:02+02:00
znver4,native,512,main_scan_int,29,"and 1",0.05,26.6176,30.4784,30,30,2026-10-06T11:37:02+02:00
znver4,native,512,main_scan_int,29,"and 1",0.05,25.8342,29.7590,30,30,2026-10-06T11:37:02+02:00
znver4,native,512,main_scan_int,29,"and 1",0.05,26.9960,30.9563,30,30,2026-10-06T11:37:02+02:00
znver4,native,512,main_scan_int,29,"and 2",0.22,13.2238,19.2196,30,30,2026-10-06T11:37:02+02:00
znver4,native,512,main_scan_int,29,"and 2",0.22,13.8328,18.3427,30,30,2026-10-06T11:37:02+02:00
znver4,native,512,main_scan_int,29,"and 2",0.22,12.2030,18.3720,30,30,2026-10-06T11:37:02+02:00
znver4,native,512,main_scan_int,29,"and 2",0.22,14.4773,17.3005,30,30,2026-10-06T11:37:02+02:00
znver4,native,512,main_scan_int,29,"and 2",0.22,12.8148,14.5797,30,30,2026-10-06T11:37:02+02:00
znver4,native,512,main_scan_int,29,"and 3",0.37,10.2822,10.3241,30,30,2026-10-06T11:37:02+02:00
znver4,native,512,main_scan_int,29,"and 3",0.37,7.0631,11.0442,30,30,2026-10-06T11:37:02+02:00
znver4,native,512,main_scan_int,29,"and 3",0.37,10.0543,11.7704,30,30,2026-10-06T11:37:02+02:00
znver4,native,512,main_scan_int,29,"and 3",0.37,10.5088,13.7207,30,30,2026-10-06T11:37:02+02:00
znver4,native,512,main_scan_int,29,"and 3",0.37,10.4275,11.9877,30,30,2026-10-06T11:37:02+02:00
znver4,native,512,main_scan_int,29,"and 1",0.10,19.6355,10.9421,30,30,2026-10-06T11:37:02+02:00
znver4,native,512,main_scan_int,29,"and 1",0.10,12.0754,14.4223,30,30,2026-10-06T11:37:02+02:00
znver4,native,512,main_scan_int,29,"and 1",0.10,18.4623,17.6064,30,30,2026-10-06T11:37:02+02:00
znver4,native,512,main_scan_int,29,"and 1",0.10,20.2758,19.1389,30,30,2026-10-06T11:37:02+02:00
znver4,native,512,main_scan_int,29,"and 1",0.10,13.3677,15.6777,30,30,2026-10-06T11:37:02+02:00
znver4,native,512,main_scan_int,29,"and 2",0.32,10.4553,12.2492,30,30,2026-10-06T11:37:02+02:00
znver4,native,512,main_scan_int,29,"and 2",0.32,8.9422,11.5133,30,30,2026-10-06T11:37:02+02:00
znver4,native,512,main_scan_int,29,"and 2",0.32,12.8712,14.9705,30,30,2026-10-06T11:37:02+02:00
znver4,native,512,main_scan_int,29,"and 2",0.32,12.2447,12.7127,30,30,2026-10-06T11:37:02+02:00
znver4,native,512,main_scan_int,29,"and 2",0.32,7.5347,13.6566,30,30,2026-10-06T11:37:02+02:00
znver4,native,512,main_scan_int,29,"and 3",0.46,6.8949,9.2158,30,30,2026-10-06T11:37:02+02:00
znver4,native,512,main_scan_int,29,"and 3",0.46,4.7291,9.1284,30,30,2026-10-06T11:37:02+02:00
znver4,native,512,main_scan_int,29,"and 3",0.46,6.1195,10.3013,30,30,2026-10-06T11:37:02+02:00
znver4,native,512,main_scan_int,29,"and 3",0.46,6.7897,9.7563,30,30,2026-10-06T11:37:02+02:00
znver4,native,512,main_scan_int,29,"and 3",0.46,4.7940,9.7476,30,30,2026-10-06T11:37:02+02:00
znver4,native,512,main_scan_int,29,"and 1",0.20,10.2694,13.1566,30,30,2026-10-06T11:37:02+02:00
znver4,native,512,main_scan_int,29,"and 1",0.20,16.0342,17.4439,30,30,2026-10-06T11:37:02+02:00
znver4,native,512,main_scan_int,29,"and 1",0.20,15.0325,20.6777,30,30,2026-10-06T11:37:02+02:00
znver4,native,512,main_scan_int,29,"and 1",0.20,11.2604,13.3405,30,30,2026-10-06T11:37:02+02:00
znver4,native,512,main_scan_int,29,"and 1",0.20,10.9657,18.7614,30,30,2026-10-06T11:37:02+02:00
znver4,native,512,main_scan_int,29,"and 2",0.45,6.6979,9.6749,30,30,2026-10-06T11:37:02+02:00
znver4,native,512,main_scan_int,29,"and 2",0.45,9.5252,11.3942,30,30,2026-10-06T11:37:02+02:00
znver4,native,512,main_scan_int,29,"and 2",0.45,6.8911,10.7760,30,30,2026-10-06T11:37:02+02:00
znver4,native,512,main_scan_int,29,"and 2",0.45,9.6079,11.1994,30,30,2026-10-06T11:37:02+02:00
znver4,native,512,main_scan_int,29,"and 2",0.45,7.2550,14.8632,30,30,2026-10-06T11:37:02+02:00
znver4,native,512,main_scan_int,29,"and 3",0.58,5.8746,10.0550,30,30,2026-10-06T11:37:02+02:00
znver4,native,512,main_scan_int,29,"and 3",0.58,7.9669,9.1284,30,30,2026-10-06T11:37:02+02:00
znver4,native,512,main_scan_int,29,"and 3",0.58,5.7155,9.9918,30,30,2026-10-06T11:37:02+02:00
znver4,native,512,main_scan_int,29,"and 3",0.58,8.0070,8.5631,30,30,2026-10-06T11:37:02+02:00
znver4,native,512,main_scan_int,29,"and 3",0.58,7.4272,10.3289,30,30,2026-10-06T11:37:02+02:00
znver4,native,512,main_scan_int,29,"and 1",0.50,12.8761,18.5089,30,30,2026-10-06T11:37:02+02:00
znver4,native,512,main_scan_int,29,"and 1",0.50,12.8942,14.1591,30,30,2026-10-06T11:37:02+02:00
znver4,native,512,main_scan_int,29,"and 1",0.50,7.6558,16.5631,30,30,2026-10-06T11:37:02+02:00
znver4,native,512,main_scan_int,29,"and 1",0.50,11.7974,14.2438,30,30,2026-10-06T11:37:02+02:00
znver4,native,512,main_scan_int,29,"and 1",0.50,12.8059,18.5008,30,30,2026-10-06T11:37:02+02:00
znver4,native,512,main_scan_int,29,"and 2",0.71,8.0469,13.0626,30,30,2026-10-06T11:37:02+02:00
znver4,native,512,main_scan_int,29,"and 2",0.71,10.6501,11.4783,30,30,2026-10-06T11:37:02+02:00
znver4,native,512,main_scan_int,29,"and 2",0.71,7.9356,15.1742,30,30,2026-10-06T11:37:02+02:00
znver4,native,512,main_scan_int,29,"and 2",0.71,9.8093,12.3812,30,30,2026-10-06T11:37:02+02:00
znver4,native,512,main_scan_int,29,"and 2",0.71,7.5979,13.1237,30,30,2026-10-06T11:37:02+02:00
znver4,native,512,main_scan_int,29,"and 3",0.79,7.9390,7.9788,30,30,2026-10-06T11:37:02+02:00
znver4,native,512,main_scan_int,29,"and 3",0.79,8.4253,9.2113,30,30,2026-10-06T11:37:02+02:00
znver4,native,512,main_scan_int,29,"and 3",0.79,7.6951,12.0176,30,30,2026-10-06T11:37:02+02:00
znver4,native,512,main_scan_int,29,"and 3",0.79,8.9973,11.5257,30,30,2026-10-06T11:37:02+02:00
znver4,native,512,main_scan_int,29,"and 3",0.79,8.6581,10.3853,30,30,2026-10-06T11:37:02+02:00
znver4,native,512,main_scan_int,29,"and 1",1.00,11.3705,18.3457,30,30,2026-10-06T11:37:02+02:00
znver4,native,512,main_scan_int,29,"and 1",1.00,15.4143,17.8211,30,30,2026-10-06T11:37:02+02:00
znver4,native,512,main_scan_int,29,"and 1",1.00,15.3625,20.1761,30,30,2026-10-06T11:37:02+02:00
znver4,native,512,main_scan_int,29,"and 1",1.00,15.6400,20.9206,30,30,2026-10-06T11:37:02+02:00
znver4,native,512,main_scan_int,29,"and 1",1.00,15.4958,20.6984,30,30,2026-10-06T11:37:02+02:00
znver4,native,512,main_scan_int,29,"and 2",1.00,12.1615,14.6392,30,30,2026-10-06T11:37:02+02:00
znver4,native,512,main_scan_int,29,"and 2",1.00,11.8613,13.0828,30,30,2026-10-06T11:37:02+02:00
znver4,native,512,main_scan_int,29,"and 2",1.00,11.9962,14.7828,30,30,2026-10-06T11:37:02+02:00
znver4,native,512,main_scan_int,29,"and 2",1.00,11.8793,12.3744,30,30,2026-10-06T11:37:02+02:00
znver4,native,512,main_scan_int,29,"and 2",1.00,11.6380,14.9407,30,30,2026-10-06T11:37:02+02:00
znver4,native,512,main_scan_int,29,"and 3",1.00,9.1726,11.6792,30,30,2026-10-06T11:37:02+02:00
znver4,native,512,main_scan_int,29,"and 3",1.00,9.6527,11.2430,30,30,2026-10-06T11:37:02+02:00
znver4,native,512,main_scan_int,29,"and 3",1.00,8.0673,11.8279,30,30,2026-10-06T11:37:02+02:00
znver4,native,512,main_scan_int,29,"and 3",1.00,9.9111,11.6051,30,30,2026-10-06T11:37:02+02:00
znver4,native,512,main_scan_int,29,"and 3",1.00,9.9734,11.0294,30,30,2026-10-06T11:37:02+02:00
znver4,native,512,main_scan_enc,29,"and 1",0.00,35.1551,14.6401,30,30,2026-10-06T11:37:19+02:00
znver4,native,512,main_scan_enc,29,"and 1",0.00,39.6802,51.4972,30,30,2026-10-06T11:37:19+02:00
znver4,native,512,main_scan_enc,29,"and 1",0.00,63.1421,27.4844,30,30,2026-10-06T11:37:19+02:00
znver4,native,512,main_scan_enc,29,"and 1",0.00,11.4094,42.5353,30,30,2026-10-06T11:37:19+02:00
znver4,native,512,main_scan_enc,29,"and 1",0.00,33.5474,45.2477,30,30,2026-10-06T11:37:19+02:00
znver4,native,512,main_scan_enc,29,"and 2",0.03,22.7545,12.6961,30,30,2026-10-06T11:37:19+02:00
znver4,native,512,main_scan_enc,29,"and 2",0.03,25.7654,64.8228,30,30,2026-10-06T11:37:19+02:00
znver4,native,512,main_scan_enc,29,"and 2",0.03,9.9952,47.3892,30,30,2026-10-06T11:37:19+02:00
znver4,native,512,main_scan_enc,29,"and 2",0.03,16.2384,63.4897,30,30,2026-10-06T11:37:19+02:00
znver4,native,512,main_scan_enc,29,"and 2",0.03,12.9987,63.3914,30,30,2026-10-06T11:37:19+02:00
znver4,native,512,main_scan_enc,29,"and 3",0.10,10.3972,35.1092,30,30,2026-10-06T11:37:19+02:00
znver4,native,512,main_scan_enc,29,"and 3",0.10,7.1034,21.1483,30,30,2026-10-06T11:37:19+02:00
znver4,native,512,main_scan_enc,29,"and 3",0.10,10.1003,37.2849,30,30,2026-10-06T11:37:19+02:00
znver4,native,512,main_scan_enc,29,"and 3",0.10,16.9001,38.1019,30,30,2026-10-06T11:37:19+02:00
znver4,native,512,main_scan_enc,29,"and 3",0.10,12.1343,17.9186,30,30,2026-10-06T11:37:19+02:00
znver4,native,512,main_scan_enc,29,"and 1",0.00,31.0648,189.2728,30,30,2026-10-06T11:37:19+02:00
znver4,native,512,main_scan_enc,29,"and 1",0.00,32.9792,37.3027,30,30,2026-10-06T11:37:19+02:00
znver4,native,512,main_scan_enc,29,"and 1",0.00,35.9516,12.2410,30,30,2026-10-06T11:37:19+02:00
znver4,native,512,main_scan_enc,29,"and 1",0.00,58.9295,13.1670,30,30,2026-10-06T11:37:19+02:00
znver4,native,512,main_scan_enc,29,"and 1",0.00,11.2282,12.9000,30,30,2026-10-06T11:37:19+02:00
znver4,native,512,main_scan_enc,29,"and 2",0.04,23.9115,66.7842,30,30,2026-10-06T11:37:19+02:00
znver4,native,512,main_scan_enc,29,"and 2",0.04,13.0228,68.7988,30,30,2026-10-06T11:37:19+02:00
znver4,native,512,main_scan_enc,29,"and 2",0.04,27.4537,15.6363,30,30,2026-10-06T11:37:19+02:00
znver4,native,512,main_scan_enc,29,"and 2",0.04,17.3494,40.2857,30,30,2026-10-06T11:37:19+02:00
znver4,native,512,main_scan_enc,29,"and 2",0.04,16.9711,89.3376,30,30,2026-10-06T11:37:19+02:00
znver4,native,512,main_scan_enc,29,"and 3",0.13,21.3820,33.3968,30,30,2026-10-06T11:37:19+02:00
znver4,native,512,main_scan_enc,29,"and 3",0.13,8.7136,34.6409,30,30,2026-10-06T11:37:19+02:00
znver4,native,512,main_scan_enc,29,"and 3",0.13,11.3115,33.4337,30,30,2026-10-06T11:37:19+02:00
znver4,native,512,main_scan_enc,29,"and 3",0.13,12.1611,41.0648,30,30,2026-10-06T11:37:19+02:00
znver4,native,512,main_scan_enc,29,"and 3",0.13,21.3305,31.3825,30,30,2026-10-06T11:37:19+02:00
znver4,native,512,main_scan_enc,29,"and 1",0.01,38.2596,21.5685,30,30,2026-10-06T11:37:19+02:00
znver4,native,512,main_scan_enc,29,"and 1",0.01,16.3958,27.1781,30,30,2026-10-06T11:37:19+02:00
znver4,native,512,main_scan_enc,29,"and 1",0.01,10.1145,16.1876,30,30,2026-10-06T11:37:19+02:00
znver4,native,512,main_scan_enc,29,"and 1",0.01,32.1275,12.2036,30,30,2026-10-06T11:37:19+02:00
znver4,native,512,main_scan_enc,29,"and 1",0.01,18.6865,42.2031,30,30,2026-10-06T11:37:19+02:00
znver4,native,512,main_scan_enc,29,"and 2",0.07,17.8213,51.1150,30,30,2026-10-06T11:37:19+02:00
znver4,native,512,main_scan_enc,29,"and 2",0.07,19.2359,63.4881,30,30,2026-10-06T11:37:19+02:00
znver4,native,512,main_scan_enc,29,"and 2",0.07,27.3559,82.7909,30,30,2026-10-06T11:37:19+02:00
znver4,native,512,main_scan_enc,29,"and 2",0.07,7.4227,21.8706,30,30,2026-10-06T11:37:19+02:00
znver4,native,512,main_scan_enc,29,"and 2",0.07,14.9015,15.9015,30,30,2026-10-06T11:37:19+02:00
znver4,native,512,main_scan_enc,29,"and 3",0.17,16.1338,27.4384,30,30,2026-10-06T11:37:19+02:00
znver4,native,512,main_scan_enc,29,"and 3",0.17,17.2411,37.8534,30,30,2026-10-06T11:37:19+02:00
znver4,native,512,main_scan_enc,29,"and 3",0.17,12.7297,39.6380,30,30,2026-10-06T11:37:19+02:00
znver4,native,512,main_scan_enc,29,"and 3",0.17,8.1320,30.6739,30,30,2026-10-06T11:37:19+02:00
znver4,native,512,main_scan_enc,29,"and 3",0.17,14.7960,43.1004,30,30,2026-10-06T11:37:19+02:00
znver4,native,512,main_scan_enc,29,"and 1",0.01,14.5379,11.6857,30,30,2026-10-06T11:37:19+02:00
znver4,native,512,main_scan_enc,29,"and 1",0.01,16.5661,63.7280,30,30,2026-10-06T11:37:19+02:00
znver4,native,512,main_scan_enc,29,"and 1",0.01,31.1526,70.1069,30,30,2026-10-06T11:37:19+02:00
znver4,native,512,main_scan_enc,29,"and 1",0.01,28.9602,15.0715,30,30,2026-10-06T11:37:19+02:00
znver4,native,512,main_scan_enc,29,"and 1",0.01,34.9754,67.5230,30,30,2026-10-06T11:37:19+02:00
znver4,native,512,main_scan_enc,29,"and 2",0.10,11.8932,40.1564,30,30,2026-10-06T11:37:19+02:00
znver4,native,512,main_scan_enc,29,"and 2",0.10,10.2416,49.6391,30,30,2026-10-06T11:37:19+02:00
znver4,native,512,main_scan_enc,29,"and 2",0.10,18.2377,32.8665,30,30,2026-10-06T11:37:19+02:00
znver4,native,512,main_scan_enc,29,"and 2",0.10,16.4910,11.3840,30,30,2026-10-06T11:37:19+02:00
znver4,native,512,main_scan_enc,29,"and 2",0.10,10.9921,43.0599,30,30,2026-10-06T11:37:19+02:00
znver4,native,512,main_scan_enc,29,"and 3",0.22,7.9870,28.0465,30,30,2026-10-06T11:37:19+02:00
znver4,native,512,main_scan_enc,29,"and 3",0.22,9.4615,34.0208,30,30,2026-10-06T11:37:19+02:00
znver4,native,512,main_scan_enc,29,"and 3",0.22,7.2404,19.9299,30,30,2026-10-06T11:37:19+02:00
znver4,native,512,main_scan_enc,29,"and 3",0.22,11.6944,27.3943,30,30,2026-10-06T11:37:19+02:00
znver4,native,512,main_scan_enc,29,"and 3",0.22,5.5158,37.4910,30,30,2026-10-06T11:37:19+02:00
znver4,native,512,main_scan_enc,29,"and 1",0.02,27.4139,16.6222,30,30,2026-10-06T11:37:19+02:00
znver4,native,512,main_scan_enc,29,"and 1",0.02,15.4845,20.1894,30,30,2026-10-06T11:37:19+02:00
znver4,native,512,main_scan_enc,29,"and 1",0.02,10.6762,56.3807,30,30,2026-10-06T11:37:19+02:00
znver4,native,512,main_scan_enc,29,"and 1",0.02,13.8970,13.2547,30,30,2026-10-06T11:37:19+02:00
znver4,native,512,main_scan_enc,29,"and 1",0.02,9.9837,11.2966,30,30,2026-10-06T11:37:19+02:00
znver4,native,512,main_scan_enc,29,"and 2",0.14,19.2454,31.1279,30,30,2026-10-06T11:37:19+02:00
znver4,native,512,main_scan_enc,29,"and 2",0.14,11.0323,12.2446,30,30,2026-10-06T11:37:19+02:00
znver4,native,512,main_scan_enc,29,"and 2",0.14,19.7364,28.1481,30,30,2026-10-06T11:37:19+02:00
znver4,native,512,main_scan_enc,29,"and 2",0.14,16.7151,49.5977,30,30,2026-10-06T11:37:19+02:00
znver4,native,512,main_scan_enc,29,"and 2",0.14,9.8884,47.7939,30,30,2026-10-06T11:37:19+02:00
znver4,native,512,main_scan_enc,29,"and 3",0.27,7.3309,30.4529,30,30,2026-10-06T11:37:19+02:00
znver4,native,512,main_scan_enc,29,"and 3",0.27,10.5149,20.1412,30,30,2026-10-06T11:37:19+02:00
znver4,native,512,main_scan_enc,29,"and 3",0.27,5.7554,31.9023,30,30,2026-10-06T11:37:19+02:00
znver4,native,512,main_scan_enc,29,"and 3",0.27,6.8765,30.4347,30,30,2026-10-06T11:37:19+02:00
znver4,native,512,main_scan_enc,29,"and 3",0.27,10.8023,21.9929,30,30,2026-10-06T11:37:19+02:00
znver4,native,512,main_scan_enc,29,"and 1",0.05,26.5165,13.8126,30,30,2026-10-06T11:37:19+02:00
znver4,native,512,main_scan_enc,29,"and 1",0.05,26.8938,13.3051,30,30,2026-10-06T11:37:19+02:00
znver4,native,512,main_scan_enc,29,"and 1",0.05,26.6467,11.1680,30,30,2026-10-06T11:37:19+02:00
znver4,native,512,main_scan_enc,29,"and 1",0.05,41.1006,22.8137,30,30,2026-10-06T11:37:19+02:00
znver4,native,512,main_scan_enc,29,"and 1",0.05,19.7492,20.9491,30,30,2026-10-06T11:37:19+02:00
znver4,native,512,main_scan_enc,29,"and 2",0.22,10.1605,19.5793,30,30,2026-10-06T11:37:19+02:00
znver4,native,512,main_scan_enc,29,"and 2",0.22,8.0900,19.7215,30,30,2026-10-06T11:37:19+02:00
znver4,native,512,main_scan_enc,29,"and 2",0.22,18.1426,18.8488,30,30,2026-10-06T11:37:19+02:00
znver4,native,512,main_scan_enc,29,"and 2",0.22,14.9716,16.0665,30,30,2026-10-06T11:37:19+02:00
znver4,native,512,main_scan_enc,29,"and 2",0.22,13.3807,12.3582,30,30,2026-10-06T11:37:19+02:00
znver4,native,512,main_scan_enc,29,"and 3",0.37,7.8125,11.2789,30,30,2026-10-06T11:37:19+02:00
znver4,native,512,main_scan_enc,29,"and 3",0.37,5.6504,11.9253,30,30,2026-10-06T11:37:19+02:00
znver4,native,512,main_scan_enc,29,"and 3",0.37,6.7003,16.0509,30,30,2026-10-06T11:37:19+02:00
znver4,native,512,main_scan_enc,29,"and 3",0.37,6.5351,15.7511,30,30,2026-10-06T11:37:19+02:00
znver4,native,512,main_scan_enc,29,"and 3",0.37,4.8050,13.2583,30,30,2026-10-06T11:37:19+02:00
znver4,native,512,main_scan_enc,29,"and 1",0.10,20.9418,15.2365,30,30,2026-10-06T11:37:19+02:00
znver4,native,512,main_scan_enc,29,"and 1",0.10,9.6601,10.3942,30,30,2026-10-06T11:37:19+02:00
znver4,native,512,main_scan_enc,29,"and 1",0.10,10.3757,11.5978,30,30,2026-10-06T11:37:19+02:00
znver4,native,512,main_scan_enc,29,"and 1",0.10,9.5848,16.4815,30,30,2026-10-06T11:37:19+02:00
znver4,native,512,main_scan_enc,29,"and 1",0.10,11.8421,21.5868,30,30,2026-10-06T11:37:19+02:00
znver4,native,512,main_scan_enc,29,"and 2",0.32,6.9473,21.8055,30,30,2026-10-06T11:37:19+02:00
znver4,native,512,main_scan_enc,29,"and 2",0.32,9.3744,14.1180,30,30,2026-10-06T11:37:19+02:00
znver4,native,512,main_scan_enc,29,"and 2",0.32,11.7232,12.5154,30,30,2026-10-06T11:37:19+02:00
znver4,native,512,main_scan_enc,29,"and 2",0.32,7.9906,10.5372,30,30,2026-10-06T11:37:19+02:00
znver4,native,512,main_scan_enc,29,"and 2",0.32,10.5986,9.4706,30,30,2026-10-06T11:37:19+02:00
znver4,native,512,main_scan_enc,29,"and 3",0.46,5.1267,19.4939,30,30,2026-10-06T11:37:19+02:00
znver4,native,512,main_scan_enc,29,"and 3",0.46,3.5311,10.3559,30,30,2026-10-06T11:37:19+02:00
znver4,native,512,main_scan_enc,29,"and 3",0.46,3.8884,11.1182,30,30,2026-10-06T11:37:19+02:00
znver4,native,512,main_scan_enc,29,"and 3",0.46,3.8582,9.2423,30,30,2026-10-06T11:37:19+02:00
znver4,native,512,main_scan_enc,29,"and 3",0.46,5.2101,9.6732,30,30,2026-10-06T11:37:19+02:00
znver4,native,512,main_scan_enc,29,"and 1",0.20,10.1972,9.1912,30,30,2026-10-06T11:37:19+02:00
znver4,native,512,main_scan_enc,29,"and 1",0.20,9.6083,10.3855,30,30,2026-10-06T11:37:19+02:00
znver4,native,512,main_scan_enc,29,"and 1",0.20,9.9143,11.2710,30,30,2026-10-06T11:37:19+02:00
znver4,native,512,main_scan_enc,29,"and 1",0.20,11.1419,9.3051,30,30,2026-10-06T11:37:19+02:00
znver4,native,512,main_scan_enc,29,"and 1",0.20,9.5878,15.0300,30,30,2026-10-06T11:37:19+02:00
znver4,native,512,main_scan_enc,29,"and 2",0.45,4.5267,19.9668,30,30,2026-10-06T11:37:19+02:00
znver4,native,512,main_scan_enc,29,"and 2",0.45,4.4997,11.9335,30,30,2026-10-06T11:37:19+02:00
znver4,native,512,main_scan_enc,29,"and 2",0.45,5.5738,19.3939,30,30,2026-10-06T11:37:19+02:00
znver4,native,512,main_scan_enc,29,"and 2",0.45,5.8186,8.5216,30,30,2026-10-06T11:37:19+02:00
znver4,native,512,main_scan_enc,29,"and 2",0.45,4.9653,12.5076,30,30,2026-10-06T11:37:19+02:00
znver4,native,512,main_scan_enc,29,"and 3",0.58,3.6928,12.3925,30,30,2026-10-06T11:37:19+02:00
znver4,native,512,main_scan_enc,29,"and 3",0.58,3.6748,17.1844,30,30,2026-10-06T11:37:19+02:00
znver4,native,512,main_scan_enc,29,"and 3",0.58,4.9154,11.1626,30,30,2026-10-06T11:37:19+02:00
znver4,native,512,main_scan_enc,29,"and 3",0.58,4.1942,5.7554,30,30,2026-10-06T11:37:19+02:00
znver4,native,512,main_scan_enc,29,"and 3",0.58,3.9563,14.5659,30,30,2026-10-06T11:37:19+02:00
znver4,native,512,main_scan_enc,29,"and 1",0.50,6.7044,10.7404,30,30,2026-10-06T11:37:19+02:00
znver4,native,512,main_scan_enc,29,"and 1",0.50,7.1253,11.5614,30,30,2026-10-06T11:37:19+02:00
znver4,native,512,main_scan_enc,29,"and 1",0.50,5.9084,11.6855,30,30,2026-10-06T11:37:19+02:00
znver4,native,512,main_scan_enc,29,"and 1",0.50,6.9504,11.3605,30,30,2026-10-06T11:37:19+02:00
znver4,native,512,main_scan_enc,29,"and 1",0.50,7.5185,11.9992,30,30,2026-10-06T11:37:19+02:00
znver4,native,512,main_scan_enc,29,"and 2",0.71,7.1883,14.7832,30,30,2026-10-06T11:37:19+02:00
znver4,native,512,main_scan_enc,29,"and 2",0.71,6.9444,10.5853,30,30,2026-10-06T11:37:19+02:00
znver4,native,512,main_scan_enc,29,"and 2",0.71,4.8112,14.8487,30,30,2026-10-06T11:37:19+02:00
znver4,native,512,main_scan_enc,29,"and 2",0.71,5.5511,9.1847,30,30,2026-10-06T11:37:19+02:00
znver4,native,512,main_scan_enc,29,"and 2",0.71,6.7239,10.1485,30,30,2026-10-06T11:37:19+02:00
znver4,native,512,main_scan_enc,29,"and 3",0.79,5.4273,8.6708,30,30,2026-10-06T11:37:19+02:00
znver4,native,512,main_scan_enc,29,"and 3",0.79,4.3663,9.2098,30,30,2026-10-06T11:37:19+02:00
znver4,native,512,main_scan_enc,29,"and 3",0.79,6.9737,10.7571,30,30,2026-10-06T11:37:19+02:00
znver4,native,512,main_scan_enc,29,"and 3",0.79,5.4005,11.8369,30,30,2026-10-06T11:37:19+02:00
znver4,native,512,main_scan_enc,29,"and 3",0.79,5.9341,13.5208,30,30,2026-10-06T11:37:19+02:00
znver4,native,512,main_scan_enc,29,"and 1",1.00,6.8383,10.5219,30,30,2026-10-06T11:37:19+02:00
znver4,native,512,main_scan_enc,29,"and 1",1.00,16.4897,9.7647,30,30,2026-10-06T11:37:19+02:00
znver4,native,512,main_scan_enc,29,"and 1",1.00,12.5180,9.7010,30,30,2026-10-06T11:37:19+02:00
znver4,native,512,main_scan_enc,29,"and 1",1.00,12.6019,10.0326,30,30,2026-10-06T11:37:19+02:00
znver4,native,512,main_scan_enc,29,"and 1",1.00,10.3388,9.9383,30,30,2026-10-06T11:37:19+02:00
znver4,native,512,main_scan_enc,29,"and 2",1.00,9.8758,8.5269,30,30,2026-10-06T11:37:19+02:00
znver4,native,512,main_scan_enc,29,"and 2",1.00,10.8550,12.9874,30,30,2026-10-06T11:37:19+02:00
znver4,native,512,main_scan_enc,29,"and 2",1.00,12.8804,10.0935,30,30,2026-10-06T11:37:19+02:00
znver4,native,512,main_scan_enc,29,"and 2",1.00,12.5174,9.3222,30,30,2026-10-06T11:37:19+02:00
znver4,native,512,main_scan_enc,29,"and 2",1.00,13.0967,9.3428,30,30,2026-10-06T11:37:19+02:00
znver4,native,512,main_scan_enc,29,"and 3",1.00,9.9510,9.0608,30,30,2026-10-06T11:37:19+02:00
znver4,native,512,main_scan_enc,29,"and 3",1.00,11.1446,8.9772,30,30,2026-10-06T11:37:19+02:00
znver4,native,512,main_scan_enc,29,"and 3",1.00,8.8892,8.2208,30,30,2026-10-06T11:37:19+02:00
znver4,native,512,main_scan_enc,29,"and 3",1.00,10.5433,9.4890,30,30,2026-10-06T11:37:19+02:00
znver4,native,512,main_scan_enc,29,"and 3",1.00,8.6481,8.9071,30,30,2026-10-06T11:37:19+02:00
znver4,native,512,main_gather,29,"gather_byte",100.00,0.397921,0.397921,30,30,2026-10-06T11:37:36+02:00
znver4,native,512,main_gather,29,"gather_short",100.00,0.296222,0.296222,30,30,2026-10-06T11:37:36+02:00
znver4,native,512,main_gather,29,"gather_int",100.00,0.210875,0.210875,30,30,2026-10-06T11:37:36+02:00
znver4,native,512,main_gather,29,"gather_long",100.00,0.172521,0.172521,30,30,2026-10-06T11:37:36+02:00
znver4,native,512,main_gather,29,"gather_char",100.00,0.044982,0.044982,30,30,2026-10-06T11:37:36+02:00
znver4,native,512,main_gather,29,"gather_encoded",100.00,0.346292,0.346292,30,30,2026-10-06T11:37:36+02:00
znver4,native,512,main_gather,29,"copy_encoded",100.00,9.092967,9.092967,30,30,2026-10-06T11:37:36+02:00
znver4,native,512,main_filter,29,"filter_byte_eq",100.00,0.091312,0.091312,30,30,2026-10-06T11:41:09+02:00
znver4,native,512,main_filter,29,"filter_byte_lt",100.00,0.099859,0.099859,30,30,2026-10-06T11:41:09+02:00
znver4,native,512,main_filter,29,"filter_byte_gt",100.00,0.093087,0.093087,30,30,2026-10-06T11:41:09+02:00
znver4,native,512,main_filter,29,"filter_byte_ne",100.00,0.095297,0.095297,30,30,2026-10-06T11:41:09+02:00
znver4,native,512,main_filter,29,"filter_byte_le",100.00,0.088217,0.088217,30,30,2026-10-06T11:41:09+02:00
znver4,native,512,main_filter,29,"filter_byte_ge",100.00,0.084770,0.084770,30,30,2026-10-06T11:41:09+02:00
znver4,native,512,main_filter,29,"filter_short_eq",100.00,0.071676,0.071676,30,30,2026-10-06T11:41:09+02:00
znver4,native,512,main_filter,29,"filter_short_lt",100.00,0.072240,0.072240,30,30,2026-10-06T11:41:09+02:00
znver4,native,512,main_filter,29,"filter_short_gt",100.00,0.069351,0.069351,30,30,2026-10-06T11:41:09+02:00
znver4,native,512,main_filter,29,"filter_short_ne",100.00,0.071740,0.071740,30,30,2026-10-06T11:41:09+02:00
znver4,native,512,main_filter,29,"filter_short_le",100.00,0.068595,0.068595,30,30,2026-10-06T11:41:09+02:00
znver4,native,512,main_filter,29,"filter_short_ge",100.00,0.071210,0.071210,30,30,2026-10-06T11:41:09+02:00
znver4,native,512,main_filter,29,"filter_int_eq",100.00,0.060085,0.060085,30,30,2026-10-06T11:41:09+02:00
znver4,native,512,main_filter,29,"filter_int_lt",100.00,0.059000,0.059000,30,30,2026-10-06T11:41:09+02:00
znver4,native,512,main_filter,29,"filter_int_gt",100.00,0.060034,0.060034,30,30,2026-10-06T11:41:09+02:00
znver4,native,512,main_filter,29,"filter_int_ne",100.00,0.059545,0.059545,30,30,2026-10-06T11:41:09+02:00
znver4,native,512,main_filter,29,"filter_int_le",100.00,0.059534,0.059534,30,30,2026-10-06T11:41:09+02:00
znver4,native,512,main_filter,29,"filter_int_ge",100.00,0.060179,0.060179,30,30,2026-10-06T11:41:09+02:00
znver4,native,512,main_filter,29,"filter_long_eq",100.00,0.052237,0.052237,30,30,2026-10-06T11:41:09+02:00
znver4,native,512,main_filter,29,"filter_long_lt",100.00,0.051493,0.051493,30,30,2026-10-06T11:41:09+02:00
znver4,native,512,main_filter,29,"filter_long_gt",100.00,0.053050,0.053050,30,30,2026-10-06T11:41:09+02:00
znver4,native,512,main_filter,29,"filter_long_ne",100.00,0.052419,0.052419,30,30,2026-10-06T11:41:09+02:00
znver4,native,512,main_filter,29,"filter_long_le",100.00,0.052233,0.052233,30,30,2026-10-06T11:41:09+02:00
znver4,native,512,main_filter,29,"filter_long_ge",100.00,0.052043,0.052043,30,30,2026-10-06T11:41:09+02:00
znver4,native,512,main_filter,29,"filter_float_eq",100.00,0.065977,0.065977,30,30,2026-10-06T11:41:09+02:00
znver4,native,512,main_filter,29,"filter_float_lt",100.00,0.064408,0.064408,30,30,2026-10-06T11:41:09+02:00
znver4,native,512,main_filter,29,"filter_float_gt",100.00,0.065565,0.065565,30,30,2026-10-06T11:41:09+02:00
znver4,native,512,main_filter,29,"filter_float_ne",100.00,0.062538,0.062538,30,30,2026-10-06T11:41:09+02:00
znver4,native,512,main_filter,29,"filter_float_le",100.00,0.060857,0.060857,30,30,2026-10-06T11:41:09+02:00
znver4,native,512,main_filter,29,"filter_float_ge",100.00,0.064436,0.064436,30,30,2026-10-06T11:41:09+02:00
znver4,native,512,main_filter,29,"filter_double_eq",100.00,0.054698,0.054698,30,30,2026-10-06T11:41:09+02:00
znver4,native,512,main_filter,29,"filter_double_lt",100.00,0.053576,0.053576,30,30,2026-10-06T11:41:09+02:00
znver4,native,512,main_filter,29,"filter_double_gt",100.00,0.052927,0.052927,30,30,2026-10-06T11:41:09+02:00
znver4,native,512,main_filter,29,"filter_double_ne",100.00,0.052943,0.052943,30,30,2026-10-06T11:41:09+02:00
znver4,native,512,main_filter,29,"filter_double_le",100.00,0.052144,0.052144,30,30,2026-10-06T11:41:09+02:00
znver4,native,512,main_filter,29,"filter_double_ge",100.00,0.052918,0.052918,30,30,2026-10-06T11:41:09+02:00
znver4,native,512,main_filter,29,"filter_char_eq",100.00,0.068417,0.068417,30,30,2026-10-06T11:41:09+02:00
znver4,native,512,main_filter,29,"filter_char_lt",100.00,0.041164,0.041164,30,30,2026-10-06T11:41:09+02:00
znver4,native,512,main_filter,29,"filter_char_gt",100.00,0.041216,0.041216,30,30,2026-10-06T11:41:09+02:00
znver4,native,512,main_filter,29,"filter_char_ne",100.00,0.067784,0.067784,30,30,2026-10-06T11:41:09+02:00
znver4,native,512,main_filter,29,"filter_char_le",100.00,0.041408,0.041408,30,30,2026-10-06T11:41:09+02:00
znver4,native,512,main_filter,29,"filter_char_ge",100.00,0.041346,0.041346,30,30,2026-10-06T11:41:09+02:00
znver4,native,512,main_part,29,"int * 1 | 2^4",,8.5595,8.5595,30,30,2026-10-06T11:43:27+02:00
znver4,native,512,main_part,29,"int * 1 | 2^4",,7.9525,7.9525,30,30,2026-10-06T11:43:27+02:00
znver4,native,512,main_part,29,"int * 1 | 2^4",,7.6492,7.6492,30,30,2026-10-06T11:43:27+02:00
znver4,native,512,main_part,29,"int * 1 | 2^4",,5.6182,5.6182,30,30,2026-10-06T11:43:27+02:00
znver4,native,512,main_part,29,"int * 1 | 2^4",,7.7119,7.7119,30,30,2026-10-06T11:43:27+02:00
znver4,native,512,main_part,29,"int * 1 | 2^5",,10.9284,10.9284,30,30,2026-10-06T11:43:27+02:00
znver4,native,512,main_part,29,"int * 1 | 2^5",,8.4264,8.4264,30,30,2026-10-06T11:43:27+02:00
znver4,native,512,main_part,29,"int * 1 | 2^5",,9.5887,9.5887,30,30,2026-10-06T11:43:27+02:00
znver4,native,512,main_part,29,"int * 1 | 2^5",,5.6958,5.6958,30,30,2026-10-06T11:43:27+02:00
znver4,native,512,main_part,29,"int * 1 | 2^5",,7.5480,7.5480,30,30,2026-10-06T11:43:27+02:00
znver4,native,512,main_part,29,"int * 1 | 2^6",,7.6391,7.6391,30,30,2026-10-06T11:43:27+02:00
znver4,native,512,main_part,29,"int * 1 | 2^6",,7.6702,7.6702,30,30,2026-10-06T11:43:27+02:00
znver4,native,512,main_part,29,"int * 1 | 2^6",,12.3073,12.3073,30,30,2026-10-06T11:43:27+02:00
znver4,native,512,main_part,29,"int * 1 | 2^6",,9.5925,9.5925,30,30,2026-10-06T11:43:27+02:00
znver4,native,512,main_part,29,"int * 1 | 2^6",,7.7892,7.7892,30,30,2026-10-06T11:43:27+02:00
znver4,native,512,main_part,29,"int * 1 | 2^7",,7.5899,7.5899,30,30,2026-10-06T11:43:27+02:00
znver4,native,512,main_part,29,"int * 1 | 2^7",,8.5402,8.5402,30,30,2026-10-06T11:43:27+02:00
znver4,native,512,main_part,29,"int * 1 | 2^7",,7.9537,7.9537,30,30,2026-10-06T11:43:27+02:00
znver4,native,512,main_part,29,"int * 1 | 2^7",,8.1351,8.1351,30,30,2026-10-06T11:43:27+02:00
znver4,native,512,main_part,29,"int * 1 | 2^7",,7.9998,7.9998,30,30,2026-10-06T11:43:27+02:00
znver4,native,512,main_part,29,"int * 1 | 2^8",,8.0955,8.0955,30,30,2026-10-06T11:43:27+02:00
znver4,native,512,main_part,29,"int * 1 | 2^8",,11.4519,11.4519,30,30,2026-10-06T11:43:27+02:00
znver4,native,512,main_part,29,"int * 1 | 2^8",,10.2978,10.2978,30,30,2026-10-06T11:43:27+02:00
znver4,native,512,main_part,29,"int * 1 | 2^8",,11.9896,11.9896,30,30,2026-10-06T11:43:27+02:00
znver4,native,512,main_part,29,"int * 1 | 2^8",,11.0248,11.0248,30,30,2026-10-06T11:43:27+02:00
znver4,native,512,main_part,29,"int * 2 | 2^4",,9.0881,9.0881,30,30,2026-10-06T11:43:27+02:00
znver4,native,512,main_part,29,"int * 2 | 2^4",,8.8349,8.8349,30,30,2026-10-06T11:43:27+02:00
znver4,native,512,main_part,29,"int * 2 | 2^4",,8.1272,8.1272,30,30,2026-10-06T11:43:27+02:00
znver4,native,512,main_part,29,"int * 2 | 2^4",,9.1009,9.1009,30,30,2026-10-06T11:43:27+02:00
znver4,native,512,main_part,29,"int * 2 | 2^4",,9.2798,9.2798,30,30,2026-10-06T11:43:27+02:00
znver4,native,512,main_part,29,"int * 2 | 2^5",,6.2335,6.2335,30,30,2026-10-06T11:43:27+02:00
znver4,native,512,main_part,29,"int * 2 | 2^5",,8.7864,8.7864,30,30,2026-10-06T11:43:27+02:00
znver4,native,512,main_part,29,"int * 2 | 2^5",,7.2259,7.2259,30,30,2026-10-06T11:43:27+02:00
znver4,native,512,main_part,29,"int * 2 | 2^5",,9.1777,9.1777,30,30,2026-10-06T11:43:27+02:00
znver4,native,512,main_part,29,"int * 2 | 2^5",,9.2073,9.2073,30,30,2026-10-06T11:43:27+02:00
znver4,native,512,main_part,29,"int * 2 | 2^6",,9.0460,9.0460,30,30,2026-10-06T11:43:27+02:00
znver4,native,512,main_part,29,"int * 2 | 2^6",,9.0973,9.0973,30,30,2026-10-06T11:43:27+02:00
znver4,native,512,main_part,29,"int * 2 | 2^6",,6.5377,6.5377,30,30,2026-10-06T11:43:27+02:00
znver4,native,512,main_part,29,"int * 2 | 2^6",,9.0769,9.0769,30,30,2026-10-06T11:43:27+02:00
znver4,native,512,main_part,29,"int * 2 | 2^6",,9.0915,9.0915,30,30,2026-10-06T11:43:27+02:00
znver4,native,512,main_part,29,"int * 2 | 2^7",,8.9000,8.9000,30,30,2026-10-06T11:43:27+02:00
znver4,native,512,main_part,29,"int * 2 | 2^7",,8.6509,8.6509,30,30,2026-10-06T11:43:27+02:00
znver4,native,512,main_part,29,"int * 2 | 2^7",,6.5067,6.5067,30,30,2026-10-06T11:43:27+02:00
znver4,native,512,main_part,29,"int * 2 | 2^7",,8.9760,8.9760,30,30,2026-10-06T11:43:27+02:00
znver4,native,512,main_part,29,"int * 2 | 2^7",,8.9411,8.9411,30,30,2026-10-06T11:43:27+02:00
znver4,native,512,main_part,29,"int * 2 | 2^8",,8.7304,8.7304,30,30,2026-10-06T11:43:27+02:00
znver4,native,512,main_part,29,"int * 2 | 2^8",,8.6643,8.6643,30,30,2026-10-06T11:43:27+02:00
znver4,native,512,main_part,29,"int * 2 | 2^8",,7.1443,7.1443,30,30,2026-10-06T11:43:27+02:00
znver4,native,512,main_part,29,"int * 2 | 2^8",,8.7527,8.7527,30,30,2026-10-06T11:43:27+02:00
znver4,native,512,main_part,29,"int * 2 | 2^8",,7.5067,7.5067,30,30,2026-10-06T11:43:27+02:00
znver4,native,512,main_part,29,"int * 3 | 2^4",,5.5384,5.5384,30,30,2026-10-06T11:43:27+02:00
znver4,native,512,main_part,29,"int * 3 | 2^4",,4.6926,4.6926,30,30,2026-10-06T11:43:27+02:00
znver4,native,512,main_part,29,"int * 3 | 2^4",,4.8810,4.8810,30,30,2026-10-06T11:43:27+02:00
znver4,native,512,main_part,29,"int * 3 | 2^4",,4.1838,4.1838,30,30,2026-10-06T11:43:27+02:00
znver4,native,512,main_part,29,"int * 3 | 2^4",,5.9575,5.9575,30,30,2026-10-06T11:43:27+02:00
znver4,native,512,main_part,29,"int * 3 | 2^5",,5.1798,5.1798,30,30,2026-10-06T11:43:27+02:00
znver4,native,512,main_part,29,"int * 3 | 2^5",,4.8621,4.8621,30,30,2026-10-06T11:43:27+02:00
znver4,native,512,main_part,29,"int * 3 | 2^5",,6.8947,6.8947,30,30,2026-10-06T11:43:27+02:00
znver4,native,512,main_part,29,"int * 3 | 2^5",,6.1982,6.1982,30,30,2026-10-06T11:43:27+02:00
znver4,native,512,main_part,29,"int * 3 | 2^5",,6.7487,6.7487,30,30,2026-10-06T11:43:27+02:00
znver4,native,512,main_part,29,"int * 3 | 2^6",,5.4701,5.4701,30,30,2026-10-06T11:43:27+02:00
znver4,native,512,main_part,29,"int * 3 | 2^6",,5.5973,5.5973,30,30,2026-10-06T11:43:27+02:00
znver4,native,512,main_part,29,"int * 3 | 2^6",,4.9778,4.9778,30,30,2026-10-06T11:43:27+02:00
znver4,native,512,main_part,29,"int * 3 | 2^6",,5.1157,5.1157,30,30,2026-10-06T11:43:27+02:00
znver4,native,512,main_part,29,"int * 3 | 2^6",,4.4655,4.4655,30,30,2026-10-06T11:43:27+02:00
znver4,native,512,main_part,29,"int * 3 | 2^7",,4.8801,4.8801,30,30,2026-10-06T11:43:27+02:00
znver4,native,512,main_part,29,"int * 3 | 2^7",,4.8749,4.8749,30,30,2026-10-06T11:43:27+02:00
znver4,native,512,main_part,29,"int * 3 | 2^7",,5.5040,5.5040,30,30,2026-10-06T11:43:27+02:00
znver4,native,512,main_part,29,"int * 3 | 2^7",,5.1807,5.1807,30,30,2026-10-06T11:43:27+02:00
znver4,native,512,main_part,29,"int * 3 | 2^7",,4.9396,4.9396,30,30,2026-10-06T11:43:27+02:00
znver4,native,512,main_part,29,"int * 3 | 2^8",,3.6549,3.6549,30,30,2026-10-06T11:43:27+02:00
znver4,native,512,main_part,29,"int * 3 | 2^8",,5.2381,5.2381,30,30,2026-10-06T11:43:27+02:00
znver4,native,512,main_part,29,"int * 3 | 2^8",,4.5911,4.5911,30,30,2026-10-06T11:43:27+02:00
znver4,native,512,main_part,29,"int * 3 | 2^8",,4.9361,4.9361,30,30,2026-10-06T11:43:27+02:00
znver4,native,512,main_part,29,"int * 3 | 2^8",,5.2484,5.2484,30,30,2026-10-06T11:43:27+02:00
znver4,native,512,main_scan_int,30,"and 1",0.00,46.8151,45.4773,31,31,2026-10-06T11:43:36+02:00
znver4,native,512,main_scan_int,30,"and 1",0.00,14.7016,28.1427,31,31,2026-10-06T11:43:36+02:00
znver4,native,512,main_scan_int,30,"and 1",0.00,50.0979,74.8304,31,31,2026-10-06T11:43:36+02:00
znver4,native,512,main_scan_int,30,"and 1",0.00,48.9576,20.2865,31,31,2026-10-06T11:43:36+02:00
znver4,native,512,main_scan_int,30,"and 1",0.00,22.1204,53.7250,31,31,2026-10-06T11:43:36+02:00
znver4,native,512,main_scan_int,30,"and 2",0.03,25.1040,17.1171,31,31,2026-10-06T11:43:36+02:00
znver4,native,512,main_scan_int,30,"and 2",0.03,20.1086,32.4803,31,31,2026-10-06T11:43:36+02:00
znver4,native,512,main_scan_int,30,"and 2",0.03,19.1803,34.1820,31,31,2026-10-06T11:43:36+02:00
znver4,native,512,main_scan_int,30,"and 2",0.03,23.6965,34.6908,31,31,2026-10-06T11:43:36+02:00
znver4,native,512,main_scan_int,30,"and 2",0.03,19.8370,19.1711,31,31,2026-10-06T11:43:36+02:00
znver4,native,512,main_scan_int,30,"and 3",0.10,19.3297,23.4249,31,31,2026-10-06T11:43:36+02:00
znver4,native,512,main_scan_int,30,"and 3",0.10,14.0344,25.8466,31,31,2026-10-06T11:43:36+02:00
znver4,native,512,main_scan_int,30,"and 3",0.10,14.3200,15.5315,31,31,2026-10-06T11:43:36+02:00
znver4,native,512,main_scan_int,30,"and 3",0.10,18.2487,11.6095,31,31,2026-10-06T11:43:36+02:00
znver4,native,512,main_scan_int,30,"and 3",0.10,19.6284,25.2330,31,31,2026-10-06T11:43:36+02:00
znver4,native,512,main_scan_int,30,"and 1",0.00,48.8145,64.5245,31,31,2026-10-06T11:43:36+02:00
znver4,native,512,main_scan_int,30,"and 1",0.00,49.8438,51.3891,31,31,2026-10-06T11:43:36+02:00
znver4,native,512,main_scan_int,30,"and 1",0.00,44.3584,21.3099,31,31,2026-10-06T11:43:36+02:00
znver4,native,512,main_scan_int,30,"and 1",0.00,49.7340,67.0128,31,31,2026-10-06T11:43:36+02:00
znver4,native,512,main_scan_int,30,"and 1",0.00,50.7838,41.9788,31,31,2026-10-06T11:43:36+02:00
znver4,native,512,main_scan_int,30,"and 2",0.04,19.3349,30.3148,31,31,2026-10-06T11:43:36+02:00
znver4,native,512,main_scan_int,30,"and 2",0.04,21.3403,28.3466,31,31,2026-10-06T11:43:36+02:00
znver4,native,512,main_scan_int,30,"and 2",0.04,20.5538,30.3790,31,31,2026-10-06T11:43:36+02:00
znver4,native,512,main_scan_int,30,"and 2",0.04,22.8811,28.7450,31,31,2026-10-06T11:43:36+02:00
znver4,native,512,main_scan_int,30,"and 2",0.04,19.9876,13.7215,31,31,2026-10-06T11:43:36+02:00
znver4,native,512,main_scan_int,30,"and 3",0.13,12.1903,10.5919,31,31,2026-10-06T11:43:36+02:00
znver4,native,512,main_scan_int,30,"and 3",0.13,18.7772,22.8674,31,31,2026-10-06T11:43:36+02:00
znver4,native,512,main_scan_int,30,"and 3",0.13,12.4283,21.2628,31,31,2026-10-06T11:43:36+02:00
znver4,native,512,main_scan_int,30,"and 3",0.13,16.5617,15.4012,31,31,2026-10-06T11:43:36+02:00
znver4,native,512,main_scan_int,30,"and 3",0.13,12.7951,13.2856,31,31,2026-10-06T11:43:36+02:00
znver4,native,512,main_scan_int,30,"and 1",0.01,34.0826,22.6891,31,31,2026-10-06T11:43:36+02:00
znver4,native,512,main_scan_int,30,"and 1",0.01,35.8607,23.6241,31,31,2026-10-06T11:43:36+02:00
znver4,native,512,main_scan_int,30,"and 1",0.01,43.0224,49.3136,31,31,2026-10-06T11:43:36+02:00
znver4,native,512,main_scan_int,30,"and 1",0.01,37.1285,60.4868,31,31,2026-10-06T11:43:36+02:00
znver4,native,512,main_scan_int,30,"and 1",0.01,42.6935,22.7241,31,31,2026-10-06T11:43:36+02:00
znver4,native,512,main_scan_int,30,"and 2",0.07,17.0412,11.2759,31,31,2026-10-06T11:43:36+02:00
znver4,native,512,main_scan_int,30,"and 2",0.07,21.2105,11.3026,31,31,2026-10-06T11:43:36+02:00
znver4,native,512,main_scan_int,30,"and 2",0.07,17.6418,11.6044,31,31,2026-10-06T11:43:36+02:00
znver4,native,512,main_scan_int,30,"and 2",0.07,22.4939,27.5843,31,31,2026-10-06T11:43:36+02:00
znver4,native,512,main_scan_int,30,"and 2",0.07,22.8013,27.1685,31,31,2026-10-06T11:43:36+02:00
znver4,native,512,main_scan_int,30,"and 3",0.17,11.7793,13.6456,31,31,2026-10-06T11:43:36+02:00
znver4,native,512,main_scan_int,30,"and 3",0.17,10.8281,19.3993,31,31,2026-10-06T11:43:36+02:00
znver4,native,512,main_scan_int,30,"and 3",0.17,14.6198,11.2678,31,31,2026-10-06T11:43:36+02:00
znver4,native,512,main_scan_int,30,"and 3",0.17,14.8032,19.8237,31,31,2026-10-06T11:43:36+02:00
znver4,native,512,main_scan_int,30,"and 3",0.17,14.8796,17.9129,31,31,2026-10-06T11:43:36+02:00
znver4,native,512,main_scan_int,30,"and 1",0.01,27.0911,46.5224,31,31,2026-10-06T11:43:36+02:00
znver4,native,512,main_scan_int,30,"and 1",0.01,29.4961,42.0562,31,31,2026-10-06T11:43:36+02:00
znver4,native,512,main_scan_int,30,"and 1",0.01,35.9995,15.0646,31,31,2026-10-06T11:43:36+02:00
znver4,native,512,main_scan_int,30,"and 1",0.01,29.3194,17.7171,31,31,2026-10-06T11:43:36+02:00
znver4,native,512,main_scan_int,30,"and 1",0.01,36.3661,43.6445,31,31,2026-10-06T11:43:36+02:00
znver4,native,512,main_scan_int,30,"and 2",0.10,20.7657,21.4558,31,31,2026-10-06T11:43:36+02:00
znver4,native,512,main_scan_int,30,"and 2",0.10,15.7360,15.8835,31,31,2026-10-06T11:43:36+02:00
znver4,native,512,main_scan_int,30,"and 2",0.10,18.5575,11.6205,31,31,2026-10-06T11:43:36+02:00
znver4,native,512,main_scan_int,30,"and 2",0.10,10.5512,16.6810,31,31,2026-10-06T11:43:36+02:00
znver4,native,512,main_scan_int,30,"and 2",0.10,9.4763,25.9536,31,31,2026-10-06T11:43:36+02:00
znver4,native,512,main_scan_int,30,"and 3",0.22,14.1769,16.6719,31,31,2026-10-06T11:43:36+02:00
znver4,native,512,main_scan_int,30,"and 3",0.22,10.7695,14.4085,31,31,2026-10-06T11:43:36+02:00
znver4,native,512,main_scan_int,30,"and 3",0.22,10.5468,15.8280,31,31,2026-10-06T11:43:36+02:00
znver4,native,512,main_scan_int,30,"and 3",0.22,11.6813,17.7822,31,31,2026-10-06T11:43:36+02:00
znver4,native,512,main_scan_int,30,"and 3",0.22,12.8546,17.7721,31,31,2026-10-06T11:43:36+02:00
znver4,native,512,main_scan_int,30,"and 1",0.02,26.3258,31.2754,31,31,2026-10-06T11:43:36+02:00
znver4,native,512,main_scan_int,30,"and 1",0.02,24.1044,12.2937,31,31,2026-10-06T11:43:36+02:00
znver4,native,512,main_scan_int,30,"and 1",0.02,24.2125,14.4230,31,31,2026-10-06T11:43:36+02:00
znver4,native,512,main_scan_int,30,"and 1",0.02,24.7801,38.2355,31,31,2026-10-06T11:43:36+02:00
znver4,native,512,main_scan_int,30,"and 1",0.02,30.5060,31.6909,31,31,2026-10-06T11:43:36+02:00
znver4,native,512,main_scan_int,30,"and 2",0.14,13.5210,22.4014,31,31,2026-10-06T11:43:36+02:00
znver4,native,512,main_scan_int,30,"and 2",0.14,19.3688,18.3722,31,31,2026-10-06T11:43:36+02:00
znver4,native,512,main_scan_int,30,"and 2",0.14,15.0474,16.6981,31,31,2026-10-06T11:43:36+02:00
znver4,native,512,main_scan_int,30,"and 2",0.14,14.6231,13.6696,31,31,2026-10-06T11:43:36+02:00
znver4,native,512,main_scan_int,30,"and 2",0.14,13.9473,15.4928,31,31,2026-10-06T11:43:36+02:00
znver4,native,512,main_scan_int,30,"and 3",0.27,12.1421,13.6572,31,31,2026-10-06T11:43:36+02:00
znver4,native,512,main_scan_int,30,"and 3",0.27,12.1108,13.5522,31,31,2026-10-06T11:43:36+02:00
znver4,native,512,main_scan_int,30,"and 3",0.27,12.8570,15.8229,31,31,2026-10-06T11:43:36+02:00
znver4,native,512,main_scan_int,30,"and 3",0.27,12.7436,15.3404,31,31,2026-10-06T11:43:36+02:00
znver4,native,512,main_scan_int,30,"and 3",0.27,12.6635,13.7936,31,31,2026-10-06T11:43:36+02:00
znver4,native,512,main_scan_int,30,"and 1",0.05,25.1988,20.4726,31,31,2026-10-06T11:43:36+02:00
znver4,native,512,main_scan_int,30,"and 1",0.05,25.5758,16.4085,31,31,2026-10-06T11:43:36+02:00
znver4,native,512,main_scan_int,30,"and 1",0.05,27.5201,14.1697,31,31,2026-10-06T11:43:36+02:00
znver4,native,512,main_scan_int,30,"and 1",0.05,12.6384,23.2120,31,31,2026-10-06T11:43:36+02:00
znver4,native,512,main_scan_int,30,"and 1",0.05,26.4520,23.4545,31,31,2026-10-06T11:43:36+02:00
znver4,native,512,main_scan_int,30,"and 2",0.22,12.0338,14.4788,31,31,2026-10-06T11:43:36+02:00
znver4,native,512,main_scan_int,30,"and 2",0.22,12.1061,12.1091,31,31,2026-10-06T11:43:36+02:00
znver4,native,512,main_scan_int,30,"and 2",0.22,12.0615,11.8116,31,31,2026-10-06T11:43:36+02:00
znver4,native,512,main_scan_int,30,"and 2",0.22,15.0270,18.6279,31,31,2026-10-06T11:43:36+02:00
znver4,native,512,main_scan_int,30,"and 2",0.22,11.7945,19.3334,31,31,2026-10-06T11:43:36+02:00
znver4,native,512,main_scan_int,30,"and 3",0.37,11.3653,10.4482,31,31,2026-10-06T11:43:36+02:00
znver4,native,512,main_scan_int,30,"and 3",0.37,11.3107,10.5495,31,31,2026-10-06T11:43:36+02:00
znver4,native,512,main_scan_int,30,"and 3",0.37,7.5159,13.3188,31,31,2026-10-06T11:43:36+02:00
znver4,native,512,main_scan_int,30,"and 3",0.37,7.2635,11.0338,31,31,2026-10-06T11:43:36+02:00
znver4,native,512,main_scan_int,30,"and 3",0.37,8.1515,11.7382,31,31,2026-10-06T11:43:36+02:00
znver4,native,512,main_scan_int,30,"and 1",0.10,14.8843,14.0845,31,31,2026-10-06T11:43:36+02:00
znver4,native,512,main_scan_int,30,"and 1",0.10,22.3345,16.0280,31,31,2026-10-06T11:43:36+02:00
znver4,native,512,main_scan_int,30,"and 1",0.10,21.5109,11.0318,31,31,2026-10-06T11:43:36+02:00
znver4,native,512,main_scan_int,30,"and 1",0.10,21.8882,24.7627,31,31,2026-10-06T11:43:36+02:00
znver4,native,512,main_scan_int,30,"and 1",0.10,21.3156,16.1460,31,31,2026-10-06T11:43:36+02:00
znver4,native,512,main_scan_int,30,"and 2",0.32,9.1633,18.2221,31,31,2026-10-06T11:43:36+02:00
znver4,native,512,main_scan_int,30,"and 2",0.32,9.8720,16.4011,31,31,2026-10-06T11:43:36+02:00
znver4,native,512,main_scan_int,30,"and 2",0.32,8.1338,15.5753,31,31,2026-10-06T11:43:36+02:00
znver4,native,512,main_scan_int,30,"and 2",0.32,15.3385,11.1929,31,31,2026-10-06T11:43:36+02:00
znver4,native,512,main_scan_int,30,"and 2",0.32,15.1470,10.6561,31,31,2026-10-06T11:43:36+02:00
znver4,native,512,main_scan_int,30,"and 3",0.46,8.4749,10.1297,31,31,2026-10-06T11:43:36+02:00
znver4,native,512,main_scan_int,30,"and 3",0.46,8.4816,11.4010,31,31,2026-10-06T11:43:36+02:00
znver4,native,512,main_scan_int,30,"and 3",0.46,6.3552,10.9741,31,31,2026-10-06T11:43:36+02:00
znver4,native,512,main_scan_int,30,"and 3",0.46,8.9863,13.1159,31,31,2026-10-06T11:43:36+02:00
znver4,native,512,main_scan_int,30,"and 3",0.46,7.8312,9.8610,31,31,2026-10-06T11:43:36+02:00
znver4,native,512,main_scan_int,30,"and 1",0.20,11.7750,13.6078,31,31,2026-10-06T11:43:36+02:00
znver4,native,512,main_scan_int,30,"and 1",0.20,20.1301,13.4586,31,31,2026-10-06T11:43:36+02:00
znver4,native,512,main_scan_int,30,"and 1",0.20,15.1836,13.4057,31,31,2026-10-06T11:43:36+02:00
znver4,native,512,main_scan_int,30,"and 1",0.20,11.7009,21.9509,31,31,2026-10-06T11:43:36+02:00
znver4,native,512,main_scan_int,30,"and 1",0.20,20.1614,13.5290,31,31,2026-10-06T11:43:36+02:00
znver4,native,512,main_scan_int,30,"and 2",0.45,7.3481,10.0257,31,31,2026-10-06T11:43:36+02:00
znver4,native,512,main_scan_int,30,"and 2",0.45,6.6842,11.2222,31,31,2026-10-06T11:43:36+02:00
znver4,native,512,main_scan_int,30,"and 2",0.45,10.5182,16.5434,31,31,2026-10-06T11:43:36+02:00
znver4,native,512,main_scan_int,30,"and 2",0.45,10.8507,12.6858,31,31,2026-10-06T11:43:36+02:00
znver4,native,512,main_scan_int,30,"and 2",0.45,8.7880,11.3535,31,31,2026-10-06T11:43:36+02:00
znver4,native,512,main_scan_int,30,"and 3",0.58,6.2872,9.1731,31,31,2026-10-06T11:43:36+02:00
znver4,native,512,main_scan_int,30,"and 3",0.58,4.6542,9.9654,31,31,2026-10-06T11:43:36+02:00
znver4,native,512,main_scan_int,30,"and 3",0.58,6.8408,9.4668,31,31,2026-10-06T11:43:36+02:00
znver4,native,512,main_scan_int,30,"and 3",0.58,6.2454,10.8053,31,31,2026-10-06T11:43:36+02:00
znver4,native,512,main_scan_int,30,"and 3",0.58,6.8807,5.1250,31,31,2026-10-06T11:43:36+02:00
znver4,native,512,main_scan_int,30,"and 1",0.50,9.2125,11.7755,31,31,2026-10-06T11:43:36+02:00
znver4,native,512,main_scan_int,30,"and 1",0.50,11.3344,11.7869,31,31,2026-10-06T11:43:36+02:00
znver4,native,512,main_scan_int,30,"and 1",0.50,9.2753,18.5475,31,31,2026-10-06T11:43:36+02:00
znver4,native,512,main_scan_int,30,"and 1",0.50,7.8115,15.5398,31,31,2026-10-06T11:43:36+02:00
znver4,native,512,main_scan_int,30,"and 1",0.50,11.5739,12.2283,31,31,2026-10-06T11:43:36+02:00
znver4,native,512,main_scan_int,30,"and 2",0.71,11.6348,12.5394,31,31,2026-10-06T11:43:36+02:00
znver4,native,512,main_scan_int,30,"and 2",0.71,7.6747,8.7671,31,31,2026-10-06T11:43:36+02:00
znver4,native,512,main_scan_int,30,"and 2",0.71,11.6028,10.2078,31,31,2026-10-06T11:43:36+02:00
znver4,native,512,main_scan_int,30,"and 2",0.71,7.8464,10.2387,31,31,2026-10-06T11:43:36+02:00
znver4,native,512,main_scan_int,30,"and 2",0.71,11.7043,9.9781,31,31,2026-10-06T11:43:36+02:00
znver4,native,512,main_scan_int,30,"and 3",0.79,8.2220,12.0291,31,31,2026-10-06T11:43:36+02:00
znver4,native,512,main_scan_int,30,"and 3",0.79,7.0844,11.3562,31,31,2026-10-06T11:43:36+02:00
znver4,native,512,main_scan_int,30,"and 3",0.79,7.2254,8.6430,31,31,2026-10-06T11:43:36+02:00
znver4,native,512,main_scan_int,30,"and 3",0.79,7.8620,9.3539,31,31,2026-10-06T11:43:36+02:00
znver4,native,512,main_scan_int,30,"and 3",0.79,7.4589,8.9608,31,31,2026-10-06T11:43:36+02:00
znver4,native,512,main_scan_int,30,"and 1",1.00,15.2069,19.8152,31,31,2026-10-06T11:43:36+02:00
znver4,native,512,main_scan_int,30,"and 1",1.00,15.3948,20.2726,31,31,2026-10-06T11:43:36+02:00
znver4,native,512,main_scan_int,30,"and 1",1.00,14.6768,16.8057,31,31,2026-10-06T11:43:36+02:00
znver4,native,512,main_scan_int,30,"and 1",1.00,15.1754,20.1729,31,31,2026-10-06T11:43:36+02:00
znver4,native,512,main_scan_int,30,"and 1",1.00,14.4987,15.4177,31,31,2026-10-06T11:43:36+02:00
znver4,native,512,main_scan_int,30,"and 2",1.00,11.0449,14.7760,31,31,2026-10-06T11:43:36+02:00
znver4,native,512,main_scan_int,30,"and 2",1.00,11.6967,14.6761,31,31,2026-10-06T11:43:36+02:00
znver4,native,512,main_scan_int,30,"and 2",1.00,11.8549,12.6695,31,31,2026-10-06T11:43:36+02:00
znver4,native,512,main_scan_int,30,"and 2",1.00,11.4644,15.4339,31,31,2026-10-06T11:43:36+02:00
znver4,native,512,main_scan_int,30,"and 2",1.00,11.3441,13.8650,31,31,2026-10-06T11:43:36+02:00
znver4,native,512,main_scan_int,30,"and 3",1.00,8.6228,11.5159,31,31,2026-10-06T11:43:36+02:00
znver4,native,512,main_scan_int,30,"and 3",1.00,9.2489,11.8998,31,31,2026-10-06T11:43:36+02:00
znver4,native,512,main_scan_int,30,"and 3",1.00,6.7854,6.1088,31,31,2026-10-06T11:43:36+02:00
znver4,native,512,main_scan_int,30,"and 3",1.00,9.7803,11.8398,31,31,2026-10-06T11:43:36+02:00
znver4,native,512,main_scan_int,30,"and 3",1.00,9.5734,12.0463,31,31,2026-10-06T11:43:36+02:00
znver4,native,512,main_scan_enc,30,"and 1",0.00,16.6671,103.8601,31,31,2026-10-06T11:43:52+02:00
znver4,native,512,main_scan_enc,30,"and 1",0.00,11.8588,88.5816,31,31,2026-10-06T11:43:52+02:00
znver4,native,512,main_scan_enc,30,"and 1",0.00,64.4039,12.3434,31,31,2026-10-06T11:43:52+02:00
znver4,native,512,main_scan_enc,30,"and 1",0.00,64.4220,271.1526,31,31,2026-10-06T11:43:52+02:00
znver4,native,512,main_scan_enc,30,"and 1",0.00,63.6144,99.4534,31,31,2026-10-06T11:43:52+02:00
znver4,native,512,main_scan_enc,30,"and 2",0.03,39.1842,64.6248,31,31,2026-10-06T11:43:52+02:00
znver4,native,512,main_scan_enc,30,"and 2",0.03,10.8568,13.8611,31,31,2026-10-06T11:43:52+02:00
znver4,native,512,main_scan_enc,30,"and 2",0.03,18.2417,67.3809,31,31,2026-10-06T11:43:52+02:00
znver4,native,512,main_scan_enc,30,"and 2",0.03,42.8702,61.6231,31,31,2026-10-06T11:43:52+02:00
znver4,native,512,main_scan_enc,30,"and 2",0.03,26.6709,29.6552,31,31,2026-10-06T11:43:52+02:00
znver4,native,512,main_scan_enc,30,"and 3",0.10,20.1777,15.1659,31,31,2026-10-06T11:43:52+02:00
znver4,native,512,main_scan_enc,30,"and 3",0.10,8.7690,16.3617,31,31,2026-10-06T11:43:52+02:00
znver4,native,512,main_scan_enc,30,"and 3",0.10,21.2484,14.5116,31,31,2026-10-06T11:43:52+02:00
znver4,native,512,main_scan_enc,30,"and 3",0.10,21.3224,49.1417,31,31,2026-10-06T11:43:52+02:00
znver4,native,512,main_scan_enc,30,"and 3",0.10,19.9887,42.3631,31,31,2026-10-06T11:43:52+02:00
znver4,native,512,main_scan_enc,30,"and 1",0.00,45.4603,111.0988,31,31,2026-10-06T11:43:52+02:00
znver4,native,512,main_scan_enc,30,"and 1",0.00,53.0119,12.2472,31,31,2026-10-06T11:43:52+02:00
znver4,native,512,main_scan_enc,30,"and 1",0.00,57.2733,81.5454,31,31,2026-10-06T11:43:52+02:00
znver4,native,512,main_scan_enc,30,"and 1",0.00,57.5565,230.1517,31,31,2026-10-06T11:43:52+02:00
znver4,native,512,main_scan_enc,30,"and 1",0.00,28.9004,18.0528,31,31,2026-10-06T11:43:52+02:00
znver4,native,512,main_scan_enc,30,"and 2",0.04,12.8423,17.4576,31,31,2026-10-06T11:43:52+02:00
znver4,native,512,main_scan_enc,30,"and 2",0.04,12.8392,64.8421,31,31,2026-10-06T11:43:52+02:00
znver4,native,512,main_scan_enc,30,"and 2",0.04,36.9748,108.2539,31,31,2026-10-06T11:43:52+02:00
znver4,native,512,main_scan_enc,30,"and 2",0.04,16.4548,11.9947,31,31,2026-10-06T11:43:52+02:00
znver4,native,512,main_scan_enc,30,"and 2",0.04,9.6668,19.5846,31,31,2026-10-06T11:43:52+02:00
znver4,native,512,main_scan_enc,30,"and 3",0.13,20.0500,34.9545,31,31,2026-10-06T11:43:52+02:00
znver4,native,512,main_scan_enc,30,"and 3",0.13,12.0057,20.9671,31,31,2026-10-06T11:43:52+02:00
znver4,native,512,main_scan_enc,30,"and 3",0.13,19.6308,15.2769,31,31,2026-10-06T11:43:52+02:00
znver4,native,512,main_scan_enc,30,"and 3",0.13,11.1667,47.5047,31,31,2026-10-06T11:43:52+02:00
znver4,native,512,main_scan_enc,30,"and 3",0.13,12.0361,39.6412,31,31,2026-10-06T11:43:52+02:00
znver4,native,512,main_scan_enc,30,"and 1",0.01,10.3898,83.6733,31,31,2026-10-06T11:43:52+02:00
znver4,native,512,main_scan_enc,30,"and 1",0.01,24.8035,39.7650,31,31,2026-10-06T11:43:52+02:00
znver4,native,512,main_scan_enc,30,"and 1",0.01,40.9657,149.8967,31,31,2026-10-06T11:43:52+02:00
znver4,native,512,main_scan_enc,30,"and 1",0.01,10.3493,17.8457,31,31,2026-10-06T11:43:52+02:00
znver4,native,512,main_scan_enc,30,"and 1",0.01,35.3829,21.5399,31,31,2026-10-06T11:43:52+02:00
znver4,native,512,main_scan_enc,30,"and 2",0.07,26.9932,35.8774,31,31,2026-10-06T11:43:52+02:00
znver4,native,512,main_scan_enc,30,"and 2",0.07,17.0820,35.0436,31,31,2026-10-06T11:43:52+02:00
znver4,native,512,main_scan_enc,30,"and 2",0.07,19.4707,76.9159,31,31,2026-10-06T11:43:52+02:00
znver4,native,512,main_scan_enc,30,"and 2",0.07,27.9494,74.4043,31,31,2026-10-06T11:43:52+02:00
znver4,native,512,main_scan_enc,30,"and 2",0.07,10.0989,91.1946,31,31,2026-10-06T11:43:52+02:00
znver4,native,512,main_scan_enc,30,"and 3",0.17,17.7723,31.3648,31,31,2026-10-06T11:43:52+02:00
znver4,native,512,main_scan_enc,30,"and 3",0.17,10.1999,36.9957,31,31,2026-10-06T11:43:52+02:00
znver4,native,512,main_scan_enc,30,"and 3",0.17,18.0819,33.3217,31,31,2026-10-06T11:43:52+02:00
znver4,native,512,main_scan_enc,30,"and 3",0.17,13.9635,34.7916,31,31,2026-10-06T11:43:52+02:00
znver4,native,512,main_scan_enc,30,"and 3",0.17,8.0090,42.4998,31,31,2026-10-06T11:43:52+02:00
znver4,native,512,main_scan_enc,30,"and 1",0.01,17.3354,56.7686,31,31,2026-10-06T11:43:52+02:00
znver4,native,512,main_scan_enc,30,"and 1",0.01,19.3694,22.1961,31,31,2026-10-06T11:43:52+02:00
znver4,native,512,main_scan_enc,30,"and 1",0.01,24.1642,106.8018,31,31,2026-10-06T11:43:52+02:00
znver4,native,512,main_scan_enc,30,"and 1",0.01,31.2230,26.1754,31,31,2026-10-06T11:43:52+02:00
znver4,native,512,main_scan_enc,30,"and 1",0.01,23.9597,32.8862,31,31,2026-10-06T11:43:52+02:00
znver4,native,512,main_scan_enc,30,"and 2",0.10,20.7798,56.7350,31,31,2026-10-06T11:43:52+02:00
znver4,native,512,main_scan_enc,30,"and 2",0.10,20.3927,63.9501,31,31,2026-10-06T11:43:52+02:00
znver4,native,512,main_scan_enc,30,"and 2",0.10,21.6633,66.4925,31,31,2026-10-06T11:43:52+02:00
znver4,native,512,main_scan_enc,30,"and 2",0.10,17.0331,47.0786,31,31,2026-10-06T11:43:52+02:00
znver4,native,512,main_scan_enc,30,"and 2",0.10,22.1586,12.7262,31,31,2026-10-06T11:43:52+02:00
znver4,native,512,main_scan_enc,30,"and 3",0.22,8.4306,33.9362,31,31,2026-10-06T11:43:52+02:00
znver4,native,512,main_scan_enc,30,"and 3",0.22,9.0053,19.5206,31,31,2026-10-06T11:43:52+02:00
znver4,native,512,main_scan_enc,30,"and 3",0.22,9.0053,33.6224,31,31,2026-10-06T11:43:52+02:00
znver4,native,512,main_scan_enc,30,"and 3",0.22,14.0196,41.0071,31,31,2026-10-06T11:43:52+02:00
znver4,native,512,main_scan_enc,30,"and 3",0.22,12.8774,37.9605,31,31,2026-10-06T11:43:52+02:00
znver4,native,512,main_scan_enc,30,"and 1",0.02,26.9593,36.2795,31,31,2026-10-06T11:43:52+02:00
znver4,native,512,main_scan_enc,30,"and 1",0.02,17.2335,61.8230,31,31,2026-10-06T11:43:52+02:00
znver4,native,512,main_scan_enc,30,"and 1",0.02,25.0465,27.8637,31,31,2026-10-06T11:43:52+02:00
znver4,native,512,main_scan_enc,30,"and 1",0.02,9.6900,15.2514,31,31,2026-10-06T11:43:52+02:00
znver4,native,512,main_scan_enc,30,"and 1",0.02,30.9554,13.8027,31,31,2026-10-06T11:43:52+02:00
znver4,native,512,main_scan_enc,30,"and 2",0.14,16.0425,19.3502,31,31,2026-10-06T11:43:52+02:00
znver4,native,512,main_scan_enc,30,"and 2",0.14,13.4080,31.8027,31,31,2026-10-06T11:43:52+02:00
znver4,native,512,main_scan_enc,30,"and 2",0.14,11.3300,10.6388,31,31,2026-10-06T11:43:52+02:00
znver4,native,512,main_scan_enc,30,"and 2",0.14,11.3444,50.1774,31,31,2026-10-06T11:43:52+02:00
znver4,native,512,main_scan_enc,30,"and 2",0.14,19.3712,48.3231,31,31,2026-10-06T11:43:52+02:00
znver4,native,512,main_scan_enc,30,"and 3",0.27,7.6848,25.4690,31,31,2026-10-06T11:43:52+02:00
znver4,native,512,main_scan_enc,30,"and 3",0.27,10.9574,23.3619,31,31,2026-10-06T11:43:52+02:00
znver4,native,512,main_scan_enc,30,"and 3",0.27,12.9333,31.8031,31,31,2026-10-06T11:43:52+02:00
znver4,native,512,main_scan_enc,30,"and 3",0.27,11.5806,14.8746,31,31,2026-10-06T11:43:52+02:00
znver4,native,512,main_scan_enc,30,"and 3",0.27,10.9444,23.1160,31,31,2026-10-06T11:43:52+02:00
znver4,native,512,main_scan_enc,30,"and 1",0.05,26.7546,31.7205,31,31,2026-10-06T11:43:52+02:00
znver4,native,512,main_scan_enc,30,"and 1",0.05,27.0954,23.3448,31,31,2026-10-06T11:43:52+02:00
znver4,native,512,main_scan_enc,30,"and 1",0.05,27.2569,25.7331,31,31,2026-10-06T11:43:52+02:00
znver4,native,512,main_scan_enc,30,"and 1",0.05,27.0548,32.4364,31,31,2026-10-06T11:43:52+02:00
znver4,native,512,main_scan_enc,30,"and 1",0.05,32.5142,33.1236,31,31,2026-10-06T11:43:52+02:00
znver4,native,512,main_scan_enc,30,"and 2",0.22,18.4159,21.6821,31,31,2026-10-06T11:43:52+02:00
znver4,native,512,main_scan_enc,30,"and 2",0.22,18.3297,18.9296,31,31,2026-10-06T11:43:52+02:00
znver4,native,512,main_scan_enc,30,"and 2",0.22,10.7591,24.4548,31,31,2026-10-06T11:43:52+02:00
znver4,native,512,main_scan_enc,30,"and 2",0.22,13.0151,25.2930,31,31,2026-10-06T11:43:52+02:00
znver4,native,512,main_scan_enc,30,"and 2",0.22,17.6202,28.9828,31,31,2026-10-06T11:43:52+02:00
znver4,native,512,main_scan_enc,30,"and 3",0.37,6.2368,19.3335,31,31,2026-10-06T11:43:52+02:00
znver4,native,512,main_scan_enc,30,"and 3",0.37,8.4638,13.0624,31,31,2026-10-06T11:43:52+02:00
znver4,native,512,main_scan_enc,30,"and 3",0.37,8.0014,21.6297,31,31,2026-10-06T11:43:52+02:00
znver4,native,512,main_scan_enc,30,"and 3",0.37,8.1434,22.0105,31,31,2026-10-06T11:43:52+02:00
znver4,native,512,main_scan_enc,30,"and 3",0.37,6.2577,17.3713,31,31,2026-10-06T11:43:52+02:00
znver4,native,512,main_scan_enc,30,"and 1",0.10,33.3039,22.5136,31,31,2026-10-06T11:43:52+02:00
znver4,native,512,main_scan_enc,30,"and 1",0.10,35.3358,24.6854,31,31,2026-10-06T11:43:52+02:00
znver4,native,512,main_scan_enc,30,"and 1",0.10,35.6253,24.8934,31,31,2026-10-06T11:43:52+02:00
znver4,native,512,main_scan_enc,30,"and 1",0.10,36.1243,25.3086,31,31,2026-10-06T11:43:52+02:00
znver4,native,512,main_scan_enc,30,"and 1",0.10,34.5949,24.9123,31,31,2026-10-06T11:43:52+02:00
znver4,native,512,main_scan_enc,30,"and 2",0.32,13.2375,23.8373,31,31,2026-10-06T11:43:52+02:00
znver4,native,512,main_scan_enc,30,"and 2",0.32,13.1205,23.7018,31,31,2026-10-06T11:43:52+02:00
znver4,native,512,main_scan_enc,30,"and 2",0.32,12.5348,23.5054,31,31,2026-10-06T11:43:52+02:00
znver4,native,512,main_scan_enc,30,"and 2",0.32,13.1539,23.6366,31,31,2026-10-06T11:43:52+02:00
znver4,native,512,main_scan_enc,30,"and 2",0.32,13.1689,23.9993,31,31,2026-10-06T11:43:52+02:00
znver4,native,512,main_scan_enc,30,"and 3",0.46,5.8574,20.2714,31,31,2026-10-06T11:43:52+02:00
znver4,native,512,main_scan_enc,30,"and 3",0.46,8.0359,21.0983,31,31,2026-10-06T11:43:52+02:00
znver4,native,512,main_scan_enc,30,"and 3",0.46,8.0942,20.6324,31,31,2026-10-06T11:43:52+02:00
znver4,native,512,main_scan_enc,30,"and 3",0.46,6.0664,20.6034,31,31,2026-10-06T11:43:52+02:00
znver4,native,512,main_scan_enc,30,"and 3",0.46,8.0028,20.7553,31,31,2026-10-06T11:43:52+02:00
znver4,native,512,main_scan_enc,30,"and 1",0.20,24.2502,20.8336,31,31,2026-10-06T11:43:52+02:00
znver4,native,512,main_scan_enc,30,"and 1",0.20,25.0635,20.7279,31,31,2026-10-06T11:43:52+02:00
znver4,native,512,main_scan_enc,30,"and 1",0.20,24.7583,20.4519,31,31,2026-10-06T11:43:52+02:00
znver4,native,512,main_scan_enc,30,"and 1",0.20,24.0835,20.5360,31,31,2026-10-06T11:43:52+02:00
znver4,native,512,main_scan_enc,30,"and 1",0.20,14.1825,20.7188,31,31,2026-10-06T11:43:52+02:00
znver4,native,512,main_scan_enc,30,"and 2",0.45,5.3535,19.9087,31,31,2026-10-06T11:43:52+02:00
znver4,native,512,main_scan_enc,30,"and 2",0.45,7.5051,19.5781,31,31,2026-10-06T11:43:52+02:00
znver4,native,512,main_scan_enc,30,"and 2",0.45,4.4703,10.6493,31,31,2026-10-06T11:43:52+02:00
znver4,native,512,main_scan_enc,30,"and 2",0.45,6.5429,19.5136,31,31,2026-10-06T11:43:52+02:00
znver4,native,512,main_scan_enc,30,"and 2",0.45,9.5773,17.6787,31,31,2026-10-06T11:43:52+02:00
znver4,native,512,main_scan_enc,30,"and 3",0.58,5.9548,13.8097,31,31,2026-10-06T11:43:52+02:00
znver4,native,512,main_scan_enc,30,"and 3",0.58,5.5582,17.1546,31,31,2026-10-06T11:43:52+02:00
znver4,native,512,main_scan_enc,30,"and 3",0.58,6.8214,11.9219,31,31,2026-10-06T11:43:52+02:00
znver4,native,512,main_scan_enc,30,"and 3",0.58,5.5246,11.3621,31,31,2026-10-06T11:43:52+02:00
znver4,native,512,main_scan_enc,30,"and 3",0.58,7.0084,9.4927,31,31,2026-10-06T11:43:52+02:00
znver4,native,512,main_scan_enc,30,"and 1",0.50,12.0593,9.4848,31,31,2026-10-06T11:43:52+02:00
znver4,native,512,main_scan_enc,30,"and 1",0.50,8.2691,11.2720,31,31,2026-10-06T11:43:52+02:00
znver4,native,512,main_scan_enc,30,"and 1",0.50,7.5947,10.3642,31,31,2026-10-06T11:43:52+02:00
znver4,native,512,main_scan_enc,30,"and 1",0.50,7.6044,18.4249,31,31,2026-10-06T11:43:52+02:00
znver4,native,512,main_scan_enc,30,"and 1",0.50,11.4669,12.3919,31,31,2026-10-06T11:43:52+02:00
znver4,native,512,main_scan_enc,30,"and 2",0.71,5.5923,10.1577,31,31,2026-10-06T11:43:52+02:00
znver4,native,512,main_scan_enc,30,"and 2",0.71,6.2865,17.2256,31,31,2026-10-06T11:43:52+02:00
znver4,native,512,main_scan_enc,30,"and 2",0.71,7.8239,13.4632,31,31,2026-10-06T11:43:52+02:00
znver4,native,512,main_scan_enc,30,"and 2",0.71,7.0990,14.4382,31,31,2026-10-06T11:43:52+02:00
znver4,native,512,main_scan_enc,30,"and 2",0.71,9.9826,13.9069,31,31,2026-10-06T11:43:52+02:00
znver4,native,512,main_scan_enc,30,"and 3",0.79,6.4844,15.6195,31,31,2026-10-06T11:43:52+02:00
znver4,native,512,main_scan_enc,30,"and 3",0.79,6.0988,9.7424,31,31,2026-10-06T11:43:52+02:00
znver4,native,512,main_scan_enc,30,"and 3",0.79,6.3285,16.2621,31,31,2026-10-06T11:43:52+02:00
znver4,native,512,main_scan_enc,30,"and 3",0.79,5.0929,9.7417,31,31,2026-10-06T11:43:52+02:00
znver4,native,512,main_scan_enc,30,"and 3",0.79,5.9331,10.1578,31,31,2026-10-06T11:43:52+02:00
znver4,native,512,main_scan_enc,30,"and 1",1.00,11.8094,10.7798,31,31,2026-10-06T11:43:52+02:00
znver4,native,512,main_scan_enc,30,"and 1",1.00,15.2065,13.5283,31,31,2026-10-06T11:43:52+02:00
znver4,native,512,main_scan_enc,30,"and 1",1.00,15.4404,8.3352,31,31,2026-10-06T11:43:52+02:00
znver4,native,512,main_scan_enc,30,"and 1",1.00,17.3254,9.6778,31,31,2026-10-06T11:43:52+02:00
znver4,native,512,main_scan_enc,30,"and 1",1.00,17.1943,9.5034,31,31,2026-10-06T11:43:52+02:00
znver4,native,512,main_scan_enc,30,"and 2",1.00,13.1328,12.4255,31,31,2026-10-06T11:43:52+02:00
znver4,native,512,main_scan_enc,30,"and 2",1.00,14.3516,13.3127,31,31,2026-10-06T11:43:52+02:00
znver4,native,512,main_scan_enc,30,"and 2",1.00,13.8116,15.6676,31,31,2026-10-06T11:43:52+02:00
znver4,native,512,main_scan_enc,30,"and 2",1.00,9.8954,9.2250,31,31,2026-10-06T11:43:52+02:00
znver4,native,512,main_scan_enc,30,"and 2",1.00,13.8593,15.8068,31,31,2026-10-06T11:43:52+02:00
znver4,native,512,main_scan_enc,30,"and 3",1.00,9.1392,8.8243,31,31,2026-10-06T11:43:52+02:00
znver4,native,512,main_scan_enc,30,"and 3",1.00,13.5285,9.0653,31,31,2026-10-06T11:43:52+02:00
znver4,native,512,main_scan_enc,30,"and 3",1.00,13.5858,9.3140,31,31,2026-10-06T11:43:52+02:00
znver4,native,512,main_scan_enc,30,"and 3",1.00,10.4047,8.6199,31,31,2026-10-06T11:43:52+02:00
znver4,native,512,main_scan_enc,30,"and 3",1.00,12.3953,9.3600,31,31,2026-10-06T11:43:52+02:00
znver4,native,512,main_gather,30,"gather_byte",100.00,0.401034,0.401034,31,31,2026-10-06T11:44:07+02:00
znver4,native,512,main_gather,30,"gather_short",100.00,0.292149,0.292149,31,31,2026-10-06T11:44:07+02:00
znver4,native,512,main_gather,30,"gather_int",100.00,0.197514,0.197514,31,31,2026-10-06T11:44:07+02:00
znver4,native,512,main_gather,30,"gather_long",100.00,0.171180,0.171180,31,31,2026-10-06T11:44:07+02:00
znver4,native,512,main_gather,30,"gather_char",100.00,0.046642,0.046642,31,31,2026-10-06T11:44:07+02:00
znver4,native,512,main_gather,30,"gather_encoded",100.00,0.380129,0.380129,31,31,2026-10-06T11:44:07+02:00
znver4,native,512,main_gather,30,"copy_encoded",100.00,9.113974,9.113974,31,31,2026-10-06T11:44:07+02:00
znver4,native,512,main_hash,26,"jenkins_hash",100.00,0.035260,0.035260,31,31,2026-10-06T11:47:37+02:00
znver4,native,512,main_hash,26,"fnv_hash",100.00,0.042498,0.042498,31,31,2026-10-06T11:47:37+02:00
znver4,native,512,main_hash,26,"murmur_hash",100.00,0.076706,0.076706,31,31,2026-10-06T11:47:37+02:00
znver4,native,512,main_filter,30,"filter_byte_eq",100.00,0.174077,0.174077,31,31,2026-10-06T11:47:54+02:00
znver4,native,512,main_filter,30,"filter_byte_lt",100.00,0.170853,0.170853,31,31,2026-10-06T11:47:54+02:00
znver4,native,512,main_filter,30,"filter_byte_gt",100.00,0.151682,0.151682,31,31,2026-10-06T11:47:54+02:00
znver4,native,512,main_filter,30,"filter_byte_ne",100.00,0.168347,0.168347,31,31,2026-10-06T11:47:54+02:00
znver4,native,512,main_filter,30,"filter_byte_le",100.00,0.178818,0.178818,31,31,2026-10-06T11:47:54+02:00
znver4,native,512,main_filter,30,"filter_byte_ge",100.00,0.180885,0.180885,31,31,2026-10-06T11:47:54+02:00
znver4,native,512,main_filter,30,"filter_short_eq",100.00,0.082261,0.082261,31,31,2026-10-06T11:47:54+02:00
znver4,native,512,main_filter,30,"filter_short_lt",100.00,0.080361,0.080361,31,31,2026-10-06T11:47:54+02:00
znver4,native,512,main_filter,30,"filter_short_gt",100.00,0.079900,0.079900,31,31,2026-10-06T11:47:54+02:00
znver4,native,512,main_filter,30,"filter_short_ne",100.00,0.081008,0.081008,31,31,2026-10-06T11:47:54+02:00
znver4,native,512,main_filter,30,"filter_short_le",100.00,0.079653,0.079653,31,31,2026-10-06T11:47:54+02:00
znver4,native,512,main_filter,30,"filter_short_ge",100.00,0.076856,0.076856,31,31,2026-10-06T11:47:54+02:00
znver4,native,512,main_filter,30,"filter_int_eq",100.00,0.062555,0.062555,31,31,2026-10-06T11:47:54+02:00
znver4,native,512,main_filter,30,"filter_int_lt",100.00,0.059906,0.059906,31,31,2026-10-06T11:47:54+02:00
znver4,native,512,main_filter,30,"filter_int_gt",100.00,0.060942,0.060942,31,31,2026-10-06T11:47:54+02:00
znver4,native,512,main_filter,30,"filter_int_ne",100.00,0.061815,0.061815,31,31,2026-10-06T11:47:54+02:00
znver4,native,512,main_filter,30,"filter_int_le",100.00,0.062300,0.062300,31,31,2026-10-06T11:47:54+02:00
znver4,native,512,main_filter,30,"filter_int_ge",100.00,0.060484,0.060484,31,31,2026-10-06T11:47:54+02:00
znver4,native,512,main_filter,30,"filter_long_eq",100.00,0.055125,0.055125,31,31,2026-10-06T11:47:54+02:00
znver4,native,512,main_filter,30,"filter_long_lt",100.00,0.053686,0.053686,31,31,2026-10-06T11:47:54+02:00
znver4,native,512,main_filter,30,"filter_long_gt",100.00,0.053287,0.053287,31,31,2026-10-06T11:47:54+02:00
znver4,native,512,main_filter,30,"filter_long_ne",100.00,0.053389,0.053389,31,31,2026-10-06T11:47:54+02:00
znver4,native,512,main_filter,30,"filter_long_le",100.00,0.053398,0.053398,31,31,2026-10-06T11:47:54+02:00
znver4,native,512,main_filter,30,"filter_long_ge",100.00,0.053765,0.053765,31,31,2026-10-06T11:47:54+02:00
znver4,native,512,main_filter,30,"filter_float_eq",100.00,0.065860,0.065860,31,31,2026-10-06T11:47:54+02:00
znver4,native,512,main_filter,30,"filter_float_lt",100.00,0.063507,0.063507,31,31,2026-10-06T11:47:54+02:00
znver4,native,512,main_filter,30,"filter_float_gt",100.00,0.065139,0.065139,31,31,2026-10-06T11:47:54+02:00
znver4,native,512,main_filter,30,"filter_float_ne",100.00,0.064989,0.064989,31,31,2026-10-06T11:47:54+02:00
znver4,native,512,main_filter,30,"filter_float_le",100.00,0.063265,0.063265,31,31,2026-10-06T11:47:54+02:00
znver4,native,512,main_filter,30,"filter_float_ge",100.00,0.063458,0.063458,31,31,2026-10-06T11:47:54+02:00
znver4,native,512,main_filter,30,"filter_double_eq",100.00,0.055555,0.055555,31,31,2026-10-06T11:47:54+02:00
znver4,native,512,main_filter,30,"filter_double_lt",100.00,0.054207,0.054207,31,31,2026-10-06T11:47:54+02:00
znver4,native,512,main_filter,30,"filter_double_gt",100.00,0.054571,0.054571,31,31,2026-10-06T11:47:54+02:00
znver4,native,512,main_filter,30,"filter_double_ne",100.00,0.054532,0.054532,31,31,2026-10-06T11:47:54+02:00
znver4,native,512,main_filter,30,"filter_double_le",100.00,0.054103,0.054103,31,31,2026-10-06T11:47:54+02:00
znver4,native,512,main_filter,30,"filter_double_ge",100.00,0.054458,0.054458,31,31,2026-10-06T11:47:54+02:00
znver4,native,512,main_filter,30,"filter_char_eq",100.00,0.068864,0.068864,31,31,2026-10-06T11:47:54+02:00
znver4,native,512,main_filter,30,"filter_char_lt",100.00,0.041941,0.041941,31,31,2026-10-06T11:47:54+02:00
znver4,native,512,main_filter,30,"filter_char_gt",100.00,0.041951,0.041951,31,31,2026-10-06T11:47:54+02:00
znver4,native,512,main_filter,30,"filter_char_ne",100.00,0.069100,0.069100,31,31,2026-10-06T11:47:54+02:00
znver4,native,512,main_filter,30,"filter_char_le",100.00,0.041994,0.041994,31,31,2026-10-06T11:47:54+02:00
znver4,native,512,main_filter,30,"filter_char_ge",100.00,0.041736,0.041736,31,31,2026-10-06T11:47:54+02:00
znver4,native,512,main_part,30,"int * 1 | 2^4",,8.6586,8.6586,31,31,2026-10-06T11:50:15+02:00
znver4,native,512,main_part,30,"int * 1 | 2^4",,9.1302,9.1302,31,31,2026-10-06T11:50:15+02:00
znver4,native,512,main_part,30,"int * 1 | 2^4",,11.9072,11.9072,31,31,2026-10-06T11:50:15+02:00
znver4,native,512,main_part,30,"int * 1 | 2^4",,10.8394,10.8394,31,31,2026-10-06T11:50:15+02:00
znver4,native,512,main_part,30,"int * 1 | 2^4",,11.5719,11.5719,31,31,2026-10-06T11:50:15+02:00
znver4,native,512,main_part,30,"int * 1 | 2^5",,10.9613,10.9613,31,31,2026-10-06T11:50:15+02:00
znver4,native,512,main_part,30,"int * 1 | 2^5",,9.5566,9.5566,31,31,2026-10-06T11:50:15+02:00
znver4,native,512,main_part,30,"int * 1 | 2^5",,10.3830,10.3830,31,31,2026-10-06T11:50:15+02:00
znver4,native,512,main_part,30,"int * 1 | 2^5",,9.6712,9.6712,31,31,2026-10-06T11:50:15+02:00
znver4,native,512,main_part,30,"int * 1 | 2^5",,7.7401,7.7401,31,31,2026-10-06T11:50:15+02:00
znver4,native,512,main_part,30,"int * 1 | 2^6",,9.3614,9.3614,31,31,2026-10-06T11:50:15+02:00
znver4,native,512,main_part,30,"int * 1 | 2^6",,5.7688,5.7688,31,31,2026-10-06T11:50:15+02:00
znver4,native,512,main_part,30,"int * 1 | 2^6",,7.3337,7.3337,31,31,2026-10-06T11:50:15+02:00
znver4,native,512,main_part,30,"int * 1 | 2^6",,7.7472,7.7472,31,31,2026-10-06T11:50:15+02:00
znver4,native,512,main_part,30,"int * 1 | 2^6",,9.7077,9.7077,31,31,2026-10-06T11:50:15+02:00
znver4,native,512,main_part,30,"int * 1 | 2^7",,8.2446,8.2446,31,31,2026-10-06T11:50:15+02:00
znver4,native,512,main_part,30,"int * 1 | 2^7",,7.0628,7.0628,31,31,2026-10-06T11:50:15+02:00
znver4,native,512,main_part,30,"int * 1 | 2^7",,7.9358,7.9358,31,31,2026-10-06T11:50:15+02:00
znver4,native,512,main_part,30,"int * 1 | 2^7",,7.7325,7.7325,31,31,2026-10-06T11:50:15+02:00
znver4,native,512,main_part,30,"int * 1 | 2^7",,8.3664,8.3664,31,31,2026-10-06T11:50:15+02:00
znver4,native,512,main_part,30,"int * 1 | 2^8",,7.1252,7.1252,31,31,2026-10-06T11:50:15+02:00
znver4,native,512,main_part,30,"int * 1 | 2^8",,7.5342,7.5342,31,31,2026-10-06T11:50:15+02:00
znver4,native,512,main_part,30,"int * 1 | 2^8",,7.0625,7.0625,31,31,2026-10-06T11:50:15+02:00
znver4,native,512,main_part,30,"int * 1 | 2^8",,7.8197,7.8197,31,31,2026-10-06T11:50:15+02:00
znver4,native,512,main_part,30,"int * 1 | 2^8",,7.0210,7.0210,31,31,2026-10-06T11:50:15+02:00
znver4,native,512,main_part,30,"int * 2 | 2^4",,6.5742,6.5742,31,31,2026-10-06T11:50:15+02:00
znver4,native,512,main_part,30,"int * 2 | 2^4",,4.7428,4.7428,31,31,2026-10-06T11:50:15+02:00
znver4,native,512,main_part,30,"int * 2 | 2^4",,6.7122,6.7122,31,31,2026-10-06T11:50:15+02:00
znver4,native,512,main_part,30,"int * 2 | 2^4",,7.7256,7.7256,31,31,2026-10-06T11:50:15+02:00
znver4,native,512,main_part,30,"int * 2 | 2^4",,7.6871,7.6871,31,31,2026-10-06T11:50:15+02:00
znver4,native,512,main_part,30,"int * 2 | 2^5",,6.3891,6.3891,31,31,2026-10-06T11:50:15+02:00
znver4,native,512,main_part,30,"int * 2 | 2^5",,4.6960,4.6960,31,31,2026-10-06T11:50:15+02:00
znver4,native,512,main_part,30,"int * 2 | 2^5",,7.4642,7.4642,31,31,2026-10-06T11:50:15+02:00
znver4,native,512,main_part,30,"int * 2 | 2^5",,6.3409,6.3409,31,31,2026-10-06T11:50:15+02:00
znver4,native,512,main_part,30,"int * 2 | 2^5",,6.2707,6.2707,31,31,2026-10-06T11:50:15+02:00
znver4,native,512,main_part,30,"int * 2 | 2^6",,6.5356,6.5356,31,31,2026-10-06T11:50:15+02:00
znver4,native,512,main_part,30,"int * 2 | 2^6",,7.2180,7.2180,31,31,2026-10-06T11:50:15+02:00
znver4,native,512,main_part,30,"int * 2 | 2^6",,4.5226,4.5226,31,31,2026-10-06T11:50:15+02:00
znver4,native,512,main_part,30,"int * 2 | 2^6",,7.2399,7.2399,31,31,2026-10-06T11:50:15+02:00
znver4,native,512,main_part,30,"int * 2 | 2^6",,9.1172,9.1172,31,31,2026-10-06T11:50:15+02:00
znver4,native,512,main_part,30,"int * 2 | 2^7",,5.5401,5.5401,31,31,2026-10-06T11:50:15+02:00
znver4,native,512,main_part,30,"int * 2 | 2^7",,6.2502,6.2502,31,31,2026-10-06T11:50:15+02:00
znver4,native,512,main_part,30,"int * 2 | 2^7",,6.0264,6.0264,31,31,2026-10-06T11:50:15+02:00
znver4,native,512,main_part,30,"int * 2 | 2^7",,5.9755,5.9755,31,31,2026-10-06T11:50:15+02:00
znver4,native,512,main_part,30,"int * 2 | 2^7",,6.2190,6.2190,31,31,2026-10-06T11:50:15+02:00
znver4,native,512,main_part,30,"int * 2 | 2^8",,5.4192,5.4192,31,31,2026-10-06T11:50:15+02:00
znver4,native,512,main_part,30,"int * 2 | 2^8",,6.0260,6.0260,31,31,2026-10-06T11:50:15+02:00
znver4,native,512,main_part,30,"int * 2 | 2^8",,6.9327,6.9327,31,31,2026-10-06T11:50:15+02:00
znver4,native,512,main_part,30,"int * 2 | 2^8",,5.5397,5.5397,31,31,2026-10-06T11:50:15+02:00
znver4,native,512,main_part,30,"int * 2 | 2^8",,5.5595,5.5595,31,31,2026-10-06T11:50:15+02:00
znver4,native,512,main_part,30,"int * 3 | 2^4",,4.8777,4.8777,31,31,2026-10-06T11:50:15+02:00
znver4,native,512,main_part,30,"int * 3 | 2^4",,5.5641,5.5641,31,31,2026-10-06T11:50:15+02:00
znver4,native,512,main_part,30,"int * 3 | 2^4",,5.1923,5.1923,31,31,2026-10-06T11:50:15+02:00
znver4,native,512,main_part,30,"int * 3 | 2^4",,5.1343,5.1343,31,31,2026-10-06T11:50:15+02:00
znver4,native,512,main_part,30,"int * 3 | 2^4",,3.8266,3.8266,31,31,2026-10-06T11:50:15+02:00
znver4,native,512,main_part,30,"int * 3 | 2^5",,5.3385,5.3385,31,31,2026-10-06T11:50:15+02:00
znver4,native,512,main_part,30,"int * 3 | 2^5",,4.8968,4.8968,31,31,2026-10-06T11:50:15+02:00
znver4,native,512,main_part,30,"int * 3 | 2^5",,5.2997,5.2997,31,31,2026-10-06T11:50:15+02:00
znver4,native,512,main_part,30,"int * 3 | 2^5",,5.1862,5.1862,31,31,2026-10-06T11:50:15+02:00
znver4,native,512,main_part,30,"int * 3 | 2^5",,4.5362,4.5362,31,31,2026-10-06T11:50:15+02:00
znver4,native,512,main_part,30,"int * 3 | 2^6",,5.2162,5.2162,31,31,2026-10-06T11:50:15+02:00
znver4,native,512,main_part,30,"int * 3 | 2^6",,4.4327,4.4327,31,31,2026-10-06T11:50:15+02:00
znver4,native,512,main_part,30,"int * 3 | 2^6",,4.2458,4.2458,31,31,2026-10-06T11:50:15+02:00
znver4,native,512,main_part,30,"int * 3 | 2^6",,5.3807,5.3807,31,31,2026-10-06T11:50:15+02:00
znver4,native,512,main_part,30,"int * 3 | 2^6",,5.1769,5.1769,31,31,2026-10-06T11:50:15+02:00
znver4,native,512,main_part,30,"int * 3 | 2^7",,5.2015,5.2015,31,31,2026-10-06T11:50:15+02:00
znver4,native,512,main_part,30,"int * 3 | 2^7",,5.3506,5.3506,31,31,2026-10-06T11:50:15+02:00
znver4,native,512,main_part,30,"int * 3 | 2^7",,5.1218,5.1218,31,31,2026-10-06T11:50:15+02:00
znver4,native,512,main_part,30,"int * 3 | 2^7",,5.2838,5.2838,31,31,2026-10-06T11:50:15+02:00
znver4,native,512,main_part,30,"int * 3 | 2^7",,3.5689,3.5689,31,31,2026-10-06T11:50:15+02:00
znver4,native,512,main_part,30,"int * 3 | 2^8",,3.8050,3.8050,31,31,2026-10-06T11:50:15+02:00
znver4,native,512,main_part,30,"int * 3 | 2^8",,6.1507,6.1507,31,31,2026-10-06T11:50:15+02:00
znver4,native,512,main_part,30,"int * 3 | 2^8",,4.9196,4.9196,31,31,2026-10-06T11:50:15+02:00
znver4,native,512,main_part,30,"int * 3 | 2^8",,5.5162,5.5162,31,31,2026-10-06T11:50:15+02:00
znver4,native,512,main_part,30,"int * 3 | 2^8",,6.3308,6.3308,31,31,2026-10-06T11:50:15+02:00
znver4,native,512,main_scan_int,31,"and 1",0.00,14.9935,35.2944,32,32,2026-10-06T11:50:24+02:00
znver4,native,512,main_scan_int,31,"and 1",0.00,40.4015,38.0880,32,32,2026-10-06T11:50:24+02:00
znver4,native,512,main_scan_int,31,"and 1",0.00,50.2871,64.2645,32,32,2026-10-06T11:50:24+02:00
znver4,native,512,main_scan_int,31,"and 1",0.00,51.3173,12.1541,32,32,2026-10-06T11:50:24+02:00
znver4,native,512,main_scan_int,31,"and 1",0.00,44.3892,23.6133,32,32,2026-10-06T11:50:24+02:00
znver4,native,512,main_scan_int,31,"and 2",0.03,21.3003,32.6044,32,32,2026-10-06T11:50:24+02:00
znver4,native,512,main_scan_int,31,"and 2",0.03,17.4089,24.4404,32,32,2026-10-06T11:50:24+02:00
znver4,native,512,main_scan_int,31,"and 2",0.03,19.0627,11.9933,32,32,2026-10-06T11:50:24+02:00
znver4,native,512,main_scan_int,31,"and 2",0.03,18.6996,25.1775,32,32,2026-10-06T11:50:24+02:00
znver4,native,512,main_scan_int,31,"and 2",0.03,21.7215,30.2955,32,32,2026-10-06T11:50:24+02:00
znver4,native,512,main_scan_int,31,"and 3",0.10,16.2583,12.8685,32,32,2026-10-06T11:50:24+02:00
znver4,native,512,main_scan_int,31,"and 3",0.10,14.0599,21.6837,32,32,2026-10-06T11:50:24+02:00
znver4,native,512,main_scan_int,31,"and 3",0.10,20.1622,16.3596,32,32,2026-10-06T11:50:24+02:00
znver4,native,512,main_scan_int,31,"and 3",0.10,20.2284,24.4287,32,32,2026-10-06T11:50:24+02:00
znver4,native,512,main_scan_int,31,"and 3",0.10,14.2607,11.1257,32,32,2026-10-06T11:50:24+02:00
znver4,native,512,main_scan_int,31,"and 1",0.00,20.2129,16.8932,32,32,2026-10-06T11:50:24+02:00
znver4,native,512,main_scan_int,31,"and 1",0.00,44.4307,25.9418,32,32,2026-10-06T11:50:24+02:00
znver4,native,512,main_scan_int,31,"and 1",0.00,47.3883,59.7584,32,32,2026-10-06T11:50:24+02:00
znver4,native,512,main_scan_int,31,"and 1",0.00,11.9149,12.1854,32,32,2026-10-06T11:50:24+02:00
znver4,native,512,main_scan_int,31,"and 1",0.00,40.9113,21.1540,32,32,2026-10-06T11:50:24+02:00
znver4,native,512,main_scan_int,31,"and 2",0.04,12.0784,25.4805,32,32,2026-10-06T11:50:24+02:00
znver4,native,512,main_scan_int,31,"and 2",0.04,19.4033,24.3574,32,32,2026-10-06T11:50:24+02:00
znver4,native,512,main_scan_int,31,"and 2",0.04,20.8430,18.2371,32,32,2026-10-06T11:50:24+02:00
znver4,native,512,main_scan_int,31,"and 2",0.04,20.0694,11.1646,32,32,2026-10-06T11:50:24+02:00
znver4,native,512,main_scan_int,31,"and 2",0.04,19.0348,29.4387,32,32,2026-10-06T11:50:24+02:00
znver4,native,512,main_scan_int,31,"and 3",0.13,11.1789,21.5380,32,32,2026-10-06T11:50:24+02:00
znver4,native,512,main_scan_int,31,"and 3",0.13,18.0237,11.2172,32,32,2026-10-06T11:50:24+02:00
znver4,native,512,main_scan_int,31,"and 3",0.13,11.6690,23.5840,32,32,2026-10-06T11:50:24+02:00
znver4,native,512,main_scan_int,31,"and 3",0.13,18.3848,23.5893,32,32,2026-10-06T11:50:24+02:00
znver4,native,512,main_scan_int,31,"and 3",0.13,18.2629,15.9528,32,32,2026-10-06T11:50:24+02:00
znver4,native,512,main_scan_int,31,"and 1",0.01,42.5665,17.3485,32,32,2026-10-06T11:50:24+02:00
znver4,native,512,main_scan_int,31,"and 1",0.01,33.3834,40.2364,32,32,2026-10-06T11:50:24+02:00
znver4,native,512,main_scan_int,31,"and 1",0.01,39.4642,51.5100,32,32,2026-10-06T11:50:24+02:00
znver4,native,512,main_scan_int,31,"and 1",0.01,44.7437,58.7168,32,32,2026-10-06T11:50:24+02:00
znver4,native,512,main_scan_int,31,"and 1",0.01,7.1002,14.1139,32,32,2026-10-06T11:50:24+02:00
znver4,native,512,main_scan_int,31,"and 2",0.07,17.2313,27.3637,32,32,2026-10-06T11:50:24+02:00
znver4,native,512,main_scan_int,31,"and 2",0.07,19.2026,11.4875,32,32,2026-10-06T11:50:24+02:00
znver4,native,512,main_scan_int,31,"and 2",0.07,9.8950,28.0362,32,32,2026-10-06T11:50:24+02:00
znver4,native,512,main_scan_int,31,"and 2",0.07,19.7759,24.7241,32,32,2026-10-06T11:50:24+02:00
znver4,native,512,main_scan_int,31,"and 2",0.07,20.0085,22.4193,32,32,2026-10-06T11:50:24+02:00
znver4,native,512,main_scan_int,31,"and 3",0.17,13.7057,15.0024,32,32,2026-10-06T11:50:24+02:00
znver4,native,512,main_scan_int,31,"and 3",0.17,13.8300,15.9430,32,32,2026-10-06T11:50:24+02:00
znver4,native,512,main_scan_int,31,"and 3",0.17,14.2468,17.7276,32,32,2026-10-06T11:50:24+02:00
znver4,native,512,main_scan_int,31,"and 3",0.17,11.8322,17.2359,32,32,2026-10-06T11:50:24+02:00
znver4,native,512,main_scan_int,31,"and 3",0.17,13.9742,17.7299,32,32,2026-10-06T11:50:24+02:00
znver4,native,512,main_scan_int,31,"and 1",0.01,15.9835,33.4519,32,32,2026-10-06T11:50:24+02:00
znver4,native,512,main_scan_int,31,"and 1",0.01,31.6843,38.7424,32,32,2026-10-06T11:50:24+02:00
znver4,native,512,main_scan_int,31,"and 1",0.01,29.0372,38.9293,32,32,2026-10-06T11:50:24+02:00
znver4,native,512,main_scan_int,31,"and 1",0.01,13.4081,21.0304,32,32,2026-10-06T11:50:24+02:00
znver4,native,512,main_scan_int,31,"and 1",0.01,33.9401,50.5094,32,32,2026-10-06T11:50:24+02:00
znver4,native,512,main_scan_int,31,"and 2",0.10,18.1709,21.2271,32,32,2026-10-06T11:50:24+02:00
znver4,native,512,main_scan_int,31,"and 2",0.10,18.6370,22.0005,32,32,2026-10-06T11:50:24+02:00
znver4,native,512,main_scan_int,31,"and 2",0.10,19.3029,16.4899,32,32,2026-10-06T11:50:24+02:00
znver4,native,512,main_scan_int,31,"and 2",0.10,14.8196,22.0860,32,32,2026-10-06T11:50:24+02:00
znver4,native,512,main_scan_int,31,"and 2",0.10,17.4411,18.4449,32,32,2026-10-06T11:50:24+02:00
znver4,native,512,main_scan_int,31,"and 3",0.22,13.7607,16.6264,32,32,2026-10-06T11:50:24+02:00
znver4,native,512,main_scan_int,31,"and 3",0.22,13.1511,13.8378,32,32,2026-10-06T11:50:24+02:00
znver4,native,512,main_scan_int,31,"and 3",0.22,10.6330,15.8914,32,32,2026-10-06T11:50:24+02:00
znver4,native,512,main_scan_int,31,"and 3",0.22,11.0245,15.7318,32,32,2026-10-06T11:50:24+02:00
znver4,native,512,main_scan_int,31,"and 3",0.22,14.6344,17.8010,32,32,2026-10-06T11:50:24+02:00
znver4,native,512,main_scan_int,31,"and 1",0.02,26.6695,12.7186,32,32,2026-10-06T11:50:24+02:00
znver4,native,512,main_scan_int,31,"and 1",0.02,27.9542,30.9035,32,32,2026-10-06T11:50:24+02:00
znver4,native,512,main_scan_int,31,"and 1",0.02,26.0503,28.1054,32,32,2026-10-06T11:50:24+02:00
znver4,native,512,main_scan_int,31,"and 1",0.02,29.5073,31.0088,32,32,2026-10-06T11:50:24+02:00
znver4,native,512,main_scan_int,31,"and 1",0.02,26.3124,16.2861,32,32,2026-10-06T11:50:24+02:00
znver4,native,512,main_scan_int,31,"and 2",0.14,18.8495,13.9184,32,32,2026-10-06T11:50:24+02:00
znver4,native,512,main_scan_int,31,"and 2",0.14,16.5605,16.6595,32,32,2026-10-06T11:50:24+02:00
znver4,native,512,main_scan_int,31,"and 2",0.14,13.3337,14.5143,32,32,2026-10-06T11:50:24+02:00
znver4,native,512,main_scan_int,31,"and 2",0.14,14.0468,9.9985,32,32,2026-10-06T11:50:24+02:00
znver4,native,512,main_scan_int,31,"and 2",0.14,18.8137,15.1118,32,32,2026-10-06T11:50:24+02:00
znver4,native,512,main_scan_int,31,"and 3",0.27,12.3275,11.2762,32,32,2026-10-06T11:50:24+02:00
znver4,native,512,main_scan_int,31,"and 3",0.27,12.4033,14.7800,32,32,2026-10-06T11:50:24+02:00
znver4,native,512,main_scan_int,31,"and 3",0.27,12.5698,14.9980,32,32,2026-10-06T11:50:24+02:00
znver4,native,512,main_scan_int,31,"and 3",0.27,9.6774,13.3505,32,32,2026-10-06T11:50:24+02:00
znver4,native,512,main_scan_int,31,"and 3",0.27,12.6564,16.0880,32,32,2026-10-06T11:50:24+02:00
znver4,native,512,main_scan_int,31,"and 1",0.05,26.1585,29.0040,32,32,2026-10-06T11:50:24+02:00
znver4,native,512,main_scan_int,31,"and 1",0.05,25.0343,19.6913,32,32,2026-10-06T11:50:24+02:00
znver4,native,512,main_scan_int,31,"and 1",0.05,22.1707,12.5458,32,32,2026-10-06T11:50:24+02:00
znver4,native,512,main_scan_int,31,"and 1",0.05,23.2833,11.9011,32,32,2026-10-06T11:50:24+02:00
znver4,native,512,main_scan_int,31,"and 1",0.05,23.7868,12.1845,32,32,2026-10-06T11:50:24+02:00
znver4,native,512,main_scan_int,31,"and 2",0.22,13.4725,10.4618,32,32,2026-10-06T11:50:24+02:00
znver4,native,512,main_scan_int,31,"and 2",0.22,11.6347,13.6318,32,32,2026-10-06T11:50:24+02:00
znver4,native,512,main_scan_int,31,"and 2",0.22,12.0969,17.0766,32,32,2026-10-06T11:50:24+02:00
znver4,native,512,main_scan_int,31,"and 2",0.22,12.7021,14.7643,32,32,2026-10-06T11:50:24+02:00
znver4,native,512,main_scan_int,31,"and 2",0.22,12.7046,14.5657,32,32,2026-10-06T11:50:24+02:00
znver4,native,512,main_scan_int,31,"and 3",0.37,8.3694,13.7988,32,32,2026-10-06T11:50:24+02:00
znver4,native,512,main_scan_int,31,"and 3",0.37,7.1878,13.3981,32,32,2026-10-06T11:50:24+02:00
znver4,native,512,main_scan_int,31,"and 3",0.37,10.2176,13.6282,32,32,2026-10-06T11:50:24+02:00
znver4,native,512,main_scan_int,31,"and 3",0.37,10.2610,8.7206,32,32,2026-10-06T11:50:24+02:00
znver4,native,512,main_scan_int,31,"and 3",0.37,10.4027,9.9454,32,32,2026-10-06T11:50:24+02:00
znver4,native,512,main_scan_int,31,"and 1",0.10,15.6306,16.2119,32,32,2026-10-06T11:50:24+02:00
znver4,native,512,main_scan_int,31,"and 1",0.10,19.3576,23.3863,32,32,2026-10-06T11:50:24+02:00
znver4,native,512,main_scan_int,31,"and 1",0.10,19.8641,16.1132,32,32,2026-10-06T11:50:24+02:00
znver4,native,512,main_scan_int,31,"and 1",0.10,14.0866,13.9071,32,32,2026-10-06T11:50:24+02:00
znver4,native,512,main_scan_int,31,"and 1",0.10,20.9293,10.2104,32,32,2026-10-06T11:50:24+02:00
znver4,native,512,main_scan_int,31,"and 2",0.32,12.8930,17.8304,32,32,2026-10-06T11:50:24+02:00
znver4,native,512,main_scan_int,31,"and 2",0.32,12.8563,17.6680,32,32,2026-10-06T11:50:24+02:00
znver4,native,512,main_scan_int,31,"and 2",0.32,9.2576,17.9051,32,32,2026-10-06T11:50:24+02:00
znver4,native,512,main_scan_int,31,"and 2",0.32,11.9499,17.7218,32,32,2026-10-06T11:50:24+02:00
znver4,native,512,main_scan_int,31,"and 2",0.32,9.1455,14.5694,32,32,2026-10-06T11:50:24+02:00
znver4,native,512,main_scan_int,31,"and 3",0.46,6.4512,12.5933,32,32,2026-10-06T11:50:24+02:00
znver4,native,512,main_scan_int,31,"and 3",0.46,6.0964,10.8767,32,32,2026-10-06T11:50:24+02:00
znver4,native,512,main_scan_int,31,"and 3",0.46,6.4792,9.1572,32,32,2026-10-06T11:50:24+02:00
znver4,native,512,main_scan_int,31,"and 3",0.46,7.7570,13.2612,32,32,2026-10-06T11:50:24+02:00
znver4,native,512,main_scan_int,31,"and 3",0.46,8.3765,13.4171,32,32,2026-10-06T11:50:24+02:00
znver4,native,512,main_scan_int,31,"and 1",0.20,16.2735,19.3678,32,32,2026-10-06T11:50:24+02:00
znver4,native,512,main_scan_int,31,"and 1",0.20,23.7534,15.5088,32,32,2026-10-06T11:50:24+02:00
znver4,native,512,main_scan_int,31,"and 1",0.20,21.3185,13.3810,32,32,2026-10-06T11:50:24+02:00
znver4,native,512,main_scan_int,31,"and 1",0.20,18.2099,19.2497,32,32,2026-10-06T11:50:24+02:00
znver4,native,512,main_scan_int,31,"and 1",0.20,13.1884,21.1693,32,32,2026-10-06T11:50:24+02:00
znver4,native,512,main_scan_int,31,"and 2",0.45,9.5841,11.3371,32,32,2026-10-06T11:50:24+02:00
znver4,native,512,main_scan_int,31,"and 2",0.45,5.1274,8.4888,32,32,2026-10-06T11:50:24+02:00
znver4,native,512,main_scan_int,31,"and 2",0.45,9.6344,13.9548,32,32,2026-10-06T11:50:24+02:00
znver4,native,512,main_scan_int,31,"and 2",0.45,6.4103,10.0159,32,32,2026-10-06T11:50:24+02:00
znver4,native,512,main_scan_int,31,"and 2",0.45,7.6038,11.0383,32,32,2026-10-06T11:50:24+02:00
znver4,native,512,main_scan_int,31,"and 3",0.58,5.8719,11.9067,32,32,2026-10-06T11:50:24+02:00
znver4,native,512,main_scan_int,31,"and 3",0.58,5.8766,11.7807,32,32,2026-10-06T11:50:24+02:00
znver4,native,512,main_scan_int,31,"and 3",0.58,6.3202,9.2659,32,32,2026-10-06T11:50:24+02:00
znver4,native,512,main_scan_int,31,"and 3",0.58,6.7654,5.1642,32,32,2026-10-06T11:50:24+02:00
znver4,native,512,main_scan_int,31,"and 3",0.58,6.0911,9.0970,32,32,2026-10-06T11:50:24+02:00
znver4,native,512,main_scan_int,31,"and 1",0.50,9.0960,18.0545,32,32,2026-10-06T11:50:24+02:00
znver4,native,512,main_scan_int,31,"and 1",0.50,8.8792,18.6811,32,32,2026-10-06T11:50:24+02:00
znver4,native,512,main_scan_int,31,"and 1",0.50,16.9394,10.2635,32,32,2026-10-06T11:50:24+02:00
znver4,native,512,main_scan_int,31,"and 1",0.50,15.6633,19.0758,32,32,2026-10-06T11:50:24+02:00
znver4,native,512,main_scan_int,31,"and 1",0.50,9.1411,11.6040,32,32,2026-10-06T11:50:24+02:00
znver4,native,512,main_scan_int,31,"and 2",0.71,7.3690,9.9581,32,32,2026-10-06T11:50:24+02:00
znver4,native,512,main_scan_int,31,"and 2",0.71,5.3591,9.6970,32,32,2026-10-06T11:50:24+02:00
znver4,native,512,main_scan_int,31,"and 2",0.71,5.9002,13.0216,32,32,2026-10-06T11:50:24+02:00
znver4,native,512,main_scan_int,31,"and 2",0.71,8.1309,11.4742,32,32,2026-10-06T11:50:24+02:00
znver4,native,512,main_scan_int,31,"and 2",0.71,6.7653,9.6211,32,32,2026-10-06T11:50:24+02:00
znver4,native,512,main_scan_int,31,"and 3",0.79,7.4936,9.8855,32,32,2026-10-06T11:50:24+02:00
znver4,native,512,main_scan_int,31,"and 3",0.79,7.3333,10.1377,32,32,2026-10-06T11:50:24+02:00
znver4,native,512,main_scan_int,31,"and 3",0.79,7.5911,10.0660,32,32,2026-10-06T11:50:24+02:00
znver4,native,512,main_scan_int,31,"and 3",0.79,7.0155,8.3659,32,32,2026-10-06T11:50:24+02:00
znver4,native,512,main_scan_int,31,"and 3",0.79,6.9152,9.0488,32,32,2026-10-06T11:50:24+02:00
znver4,native,512,main_scan_int,31,"and 1",1.00,15.6190,11.8035,32,32,2026-10-06T11:50:24+02:00
znver4,native,512,main_scan_int,31,"and 1",1.00,14.3690,14.2354,32,32,2026-10-06T11:50:24+02:00
znver4,native,512,main_scan_int,31,"and 1",1.00,14.8679,20.8350,32,32,2026-10-06T11:50:24+02:00
znver4,native,512,main_scan_int,31,"and 1",1.00,12.8765,7.1580,32,32,2026-10-06T11:50:24+02:00
znver4,native,512,main_scan_int,31,"and 1",1.00,13.1009,13.8493,32,32,2026-10-06T11:50:24+02:00
znver4,native,512,main_scan_int,31,"and 2",1.00,12.0713,15.0196,32,32,2026-10-06T11:50:24+02:00
znver4,native,512,main_scan_int,31,"and 2",1.00,11.5275,14.8434,32,32,2026-10-06T11:50:24+02:00
znver4,native,512,main_scan_int,31,"and 2",1.00,11.3359,14.9769,32,32,2026-10-06T11:50:24+02:00
znver4,native,512,main_scan_int,31,"and 2",1.00,10.8491,12.6032,32,32,2026-10-06T11:50:24+02:00
znver4,native,512,main_scan_int,31,"and 2",1.00,11.7310,13.6597,32,32,2026-10-06T11:50:24+02:00
znver4,native,512,main_scan_int,31,"and 3",1.00,4.9258,7.8920,32,32,2026-10-06T11:50:24+02:00
znver4,native,512,main_scan_int,31,"and 3",1.00,9.6174,7.2061,32,32,2026-10-06T11:50:24+02:00
znver4,native,512,main_scan_int,31,"and 3",1.00,8.9169,11.0030,32,32,2026-10-06T11:50:24+02:00
znver4,native,512,main_scan_int,31,"and 3",1.00,4.8287,11.2451,32,32,2026-10-06T11:50:24+02:00
znver4,native,512,main_scan_int,31,"and 3",1.00,9.3036,11.6797,32,32,2026-10-06T11:50:24+02:00
znver4,native,512,main_scan_enc,31,"and 1",0.00,14.7541,145.9015,32,32,2026-10-06T11:50:41+02:00
znver4,native,512,main_scan_enc,31,"and 1",0.00,26.8149,26.5845,32,32,2026-10-06T11:50:41+02:00
znver4,native,512,main_scan_enc,31,"and 1",0.00,27.8435,139.0268,32,32,2026-10-06T11:50:41+02:00
znver4,native,512,main_scan_enc,31,"and 1",0.00,22.7568,35.1926,32,32,2026-10-06T11:50:41+02:00
znver4,native,512,main_scan_enc,31,"and 1",0.00,35.0574,142.2313,32,32,2026-10-06T11:50:41+02:00
znver4,native,512,main_scan_enc,31,"and 2",0.03,30.7096,68.0069,32,32,2026-10-06T11:50:41+02:00
znver4,native,512,main_scan_enc,31,"and 2",0.03,18.2453,67.3537,32,32,2026-10-06T11:50:41+02:00
znver4,native,512,main_scan_enc,31,"and 2",0.03,36.1327,16.8939,32,32,2026-10-06T11:50:41+02:00
znver4,native,512,main_scan_enc,31,"and 2",0.03,42.4771,81.3806,32,32,2026-10-06T11:50:41+02:00
znver4,native,512,main_scan_enc,31,"and 2",0.03,16.9297,38.3613,32,32,2026-10-06T11:50:41+02:00
znver4,native,512,main_scan_enc,31,"and 3",0.10,19.6985,37.8253,32,32,2026-10-06T11:50:41+02:00
znver4,native,512,main_scan_enc,31,"and 3",0.10,21.0408,34.1327,32,32,2026-10-06T11:50:41+02:00
znver4,native,512,main_scan_enc,31,"and 3",0.10,11.8583,44.6209,32,32,2026-10-06T11:50:41+02:00
znver4,native,512,main_scan_enc,31,"and 3",0.10,21.2520,48.5789,32,32,2026-10-06T11:50:41+02:00
znver4,native,512,main_scan_enc,31,"and 3",0.10,10.0852,37.8583,32,32,2026-10-06T11:50:41+02:00
znver4,native,512,main_scan_enc,31,"and 1",0.00,27.1136,36.0016,32,32,2026-10-06T11:50:41+02:00
znver4,native,512,main_scan_enc,31,"and 1",0.00,34.3294,110.1285,32,32,2026-10-06T11:50:41+02:00
znver4,native,512,main_scan_enc,31,"and 1",0.00,33.2480,24.6048,32,32,2026-10-06T11:50:41+02:00
znver4,native,512,main_scan_enc,31,"and 1",0.00,33.8832,64.1580,32,32,2026-10-06T11:50:41+02:00
znver4,native,512,main_scan_enc,31,"and 1",0.00,33.5042,18.4206,32,32,2026-10-06T11:50:41+02:00
znver4,native,512,main_scan_enc,31,"and 2",0.04,34.8453,47.6780,32,32,2026-10-06T11:50:41+02:00
znver4,native,512,main_scan_enc,31,"and 2",0.04,26.9277,68.1164,32,32,2026-10-06T11:50:41+02:00
znver4,native,512,main_scan_enc,31,"and 2",0.04,21.7728,65.1739,32,32,2026-10-06T11:50:41+02:00
znver4,native,512,main_scan_enc,31,"and 2",0.04,22.9797,64.9180,32,32,2026-10-06T11:50:41+02:00
znver4,native,512,main_scan_enc,31,"and 2",0.04,16.4016,72.2675,32,32,2026-10-06T11:50:41+02:00
znver4,native,512,main_scan_enc,31,"and 3",0.13,14.5157,30.0816,32,32,2026-10-06T11:50:41+02:00
znver4,native,512,main_scan_enc,31,"and 3",0.13,17.6246,18.5917,32,32,2026-10-06T11:50:41+02:00
znver4,native,512,main_scan_enc,31,"and 3",0.13,15.9995,12.5254,32,32,2026-10-06T11:50:41+02:00
znver4,native,512,main_scan_enc,31,"and 3",0.13,9.9300,39.0255,32,32,2026-10-06T11:50:41+02:00
znver4,native,512,main_scan_enc,31,"and 3",0.13,18.1180,29.4165,32,32,2026-10-06T11:50:41+02:00
znver4,native,512,main_scan_enc,31,"and 1",0.01,28.3911,63.2958,32,32,2026-10-06T11:50:41+02:00
znver4,native,512,main_scan_enc,31,"and 1",0.01,25.7286,48.8967,32,32,2026-10-06T11:50:41+02:00
znver4,native,512,main_scan_enc,31,"and 1",0.01,25.7585,18.3011,32,32,2026-10-06T11:50:41+02:00
znver4,native,512,main_scan_enc,31,"and 1",0.01,32.7063,11.8791,32,32,2026-10-06T11:50:41+02:00
znver4,native,512,main_scan_enc,31,"and 1",0.01,15.0251,134.1266,32,32,2026-10-06T11:50:41+02:00
znver4,native,512,main_scan_enc,31,"and 2",0.07,15.0332,18.3629,32,32,2026-10-06T11:50:41+02:00
znver4,native,512,main_scan_enc,31,"and 2",0.07,15.7873,22.8215,32,32,2026-10-06T11:50:41+02:00
znver4,native,512,main_scan_enc,31,"and 2",0.07,17.4616,43.4701,32,32,2026-10-06T11:50:41+02:00
znver4,native,512,main_scan_enc,31,"and 2",0.07,9.0332,51.8945,32,32,2026-10-06T11:50:41+02:00
znver4,native,512,main_scan_enc,31,"and 2",0.07,26.5278,77.4889,32,32,2026-10-06T11:50:41+02:00
znver4,native,512,main_scan_enc,31,"and 3",0.17,18.0692,38.4920,32,32,2026-10-06T11:50:41+02:00
znver4,native,512,main_scan_enc,31,"and 3",0.17,12.7166,32.6006,32,32,2026-10-06T11:50:41+02:00
znver4,native,512,main_scan_enc,31,"and 3",0.17,10.0824,15.0083,32,32,2026-10-06T11:50:41+02:00
znver4,native,512,main_scan_enc,31,"and 3",0.17,9.9168,30.7969,32,32,2026-10-06T11:50:41+02:00
znver4,native,512,main_scan_enc,31,"and 3",0.17,9.3289,27.8038,32,32,2026-10-06T11:50:41+02:00
znver4,native,512,main_scan_enc,31,"and 1",0.01,11.5759,47.3560,32,32,2026-10-06T11:50:41+02:00
znver4,native,512,main_scan_enc,31,"and 1",0.01,18.7235,14.4230,32,32,2026-10-06T11:50:41+02:00
znver4,native,512,main_scan_enc,31,"and 1",0.01,12.1907,14.9501,32,32,2026-10-06T11:50:41+02:00
znver4,native,512,main_scan_enc,31,"and 1",0.01,34.6819,11.8460,32,32,2026-10-06T11:50:41+02:00
znver4,native,512,main_scan_enc,31,"and 1",0.01,12.7643,12.5018,32,32,2026-10-06T11:50:41+02:00
znver4,native,512,main_scan_enc,31,"and 2",0.10,20.4920,59.1019,32,32,2026-10-06T11:50:41+02:00
znver4,native,512,main_scan_enc,31,"and 2",0.10,21.1816,22.3830,32,32,2026-10-06T11:50:41+02:00
znver4,native,512,main_scan_enc,31,"and 2",0.10,21.4437,71.9291,32,32,2026-10-06T11:50:41+02:00
znver4,native,512,main_scan_enc,31,"and 2",0.10,8.7588,18.6444,32,32,2026-10-06T11:50:41+02:00
znver4,native,512,main_scan_enc,31,"and 2",0.10,16.4737,32.9870,32,32,2026-10-06T11:50:41+02:00
znver4,native,512,main_scan_enc,31,"and 3",0.22,9.0891,35.0043,32,32,2026-10-06T11:50:41+02:00
znver4,native,512,main_scan_enc,31,"and 3",0.22,11.7021,28.7427,32,32,2026-10-06T11:50:41+02:00
znver4,native,512,main_scan_enc,31,"and 3",0.22,9.1036,27.0683,32,32,2026-10-06T11:50:41+02:00
znver4,native,512,main_scan_enc,31,"and 3",0.22,7.0206,17.5423,32,32,2026-10-06T11:50:41+02:00
znver4,native,512,main_scan_enc,31,"and 3",0.22,11.8369,32.4578,32,32,2026-10-06T11:50:41+02:00
znver4,native,512,main_scan_enc,31,"and 1",0.02,7.4116,23.6848,32,32,2026-10-06T11:50:41+02:00
znver4,native,512,main_scan_enc,31,"and 1",0.02,28.5123,34.6775,32,32,2026-10-06T11:50:41+02:00
znver4,native,512,main_scan_enc,31,"and 1",0.02,22.8824,41.8686,32,32,2026-10-06T11:50:41+02:00
znver4,native,512,main_scan_enc,31,"and 1",0.02,17.9063,63.2525,32,32,2026-10-06T11:50:41+02:00
znver4,native,512,main_scan_enc,31,"and 1",0.02,31.9109,31.1408,32,32,2026-10-06T11:50:41+02:00
znver4,native,512,main_scan_enc,31,"and 2",0.14,10.6898,46.5501,32,32,2026-10-06T11:50:41+02:00
znver4,native,512,main_scan_enc,31,"and 2",0.14,19.4337,11.0358,32,32,2026-10-06T11:50:41+02:00
znver4,native,512,main_scan_enc,31,"and 2",0.14,18.4363,48.4498,32,32,2026-10-06T11:50:41+02:00
znver4,native,512,main_scan_enc,31,"and 2",0.14,10.7363,47.8283,32,32,2026-10-06T11:50:41+02:00
znver4,native,512,main_scan_enc,31,"and 2",0.14,11.4330,32.0366,32,32,2026-10-06T11:50:41+02:00
znver4,native,512,main_scan_enc,31,"and 3",0.27,8.5372,22.9466,32,32,2026-10-06T11:50:41+02:00
znver4,native,512,main_scan_enc,31,"and 3",0.27,8.3949,14.9776,32,32,2026-10-06T11:50:41+02:00
znver4,native,512,main_scan_enc,31,"and 3",0.27,8.2389,20.1347,32,32,2026-10-06T11:50:41+02:00
znver4,native,512,main_scan_enc,31,"and 3",0.27,7.6642,22.2451,32,32,2026-10-06T11:50:41+02:00
znver4,native,512,main_scan_enc,31,"and 3",0.27,6.9706,11.5481,32,32,2026-10-06T11:50:41+02:00
znver4,native,512,main_scan_enc,31,"and 1",0.05,11.9398,31.4626,32,32,2026-10-06T11:50:41+02:00
znver4,native,512,main_scan_enc,31,"and 1",0.05,13.0173,32.4282,32,32,2026-10-06T11:50:41+02:00
znver4,native,512,main_scan_enc,31,"and 1",0.05,26.9302,17.2327,32,32,2026-10-06T11:50:41+02:00
znver4,native,512,main_scan_enc,31,"and 1",0.05,17.2237,7.5498,32,32,2026-10-06T11:50:41+02:00
znver4,native,512,main_scan_enc,31,"and 1",0.05,26.7903,20.0545,32,32,2026-10-06T11:50:41+02:00
znver4,native,512,main_scan_enc,31,"and 2",0.22,8.1021,16.2665,32,32,2026-10-06T11:50:41+02:00
znver4,native,512,main_scan_enc,31,"and 2",0.22,10.3026,17.3546,32,32,2026-10-06T11:50:41+02:00
znver4,native,512,main_scan_enc,31,"and 2",0.22,14.1557,14.2431,32,32,2026-10-06T11:50:41+02:00
znver4,native,512,main_scan_enc,31,"and 2",0.22,16.4494,17.5344,32,32,2026-10-06T11:50:41+02:00
znver4,native,512,main_scan_enc,31,"and 2",0.22,14.3373,9.9628,32,32,2026-10-06T11:50:41+02:00
znver4,native,512,main_scan_enc,31,"and 3",0.37,7.4433,22.2241,32,32,2026-10-06T11:50:41+02:00
znver4,native,512,main_scan_enc,31,"and 3",0.37,4.6622,15.4740,32,32,2026-10-06T11:50:41+02:00
znver4,native,512,main_scan_enc,31,"and 3",0.37,5.1184,20.0417,32,32,2026-10-06T11:50:41+02:00
znver4,native,512,main_scan_enc,31,"and 3",0.37,6.3798,12.1294,32,32,2026-10-06T11:50:41+02:00
znver4,native,512,main_scan_enc,31,"and 3",0.37,6.5724,7.0313,32,32,2026-10-06T11:50:41+02:00
znver4,native,512,main_scan_enc,31,"and 1",0.10,12.6599,15.4563,32,32,2026-10-06T11:50:41+02:00
znver4,native,512,main_scan_enc,31,"and 1",0.10,10.6588,11.4794,32,32,2026-10-06T11:50:41+02:00
znver4,native,512,main_scan_enc,31,"and 1",0.10,21.1775,15.3354,32,32,2026-10-06T11:50:41+02:00
znver4,native,512,main_scan_enc,31,"and 1",0.10,11.5416,11.0088,32,32,2026-10-06T11:50:41+02:00
znver4,native,512,main_scan_enc,31,"and 1",0.10,12.6007,15.7317,32,32,2026-10-06T11:50:41+02:00
znver4,native,512,main_scan_enc,31,"and 2",0.32,8.2097,10.9452,32,32,2026-10-06T11:50:41+02:00
znver4,native,512,main_scan_enc,31,"and 2",0.32,4.8258,14.6469,32,32,2026-10-06T11:50:41+02:00
znver4,native,512,main_scan_enc,31,"and 2",0.32,7.2854,14.1029,32,32,2026-10-06T11:50:41+02:00
znver4,native,512,main_scan_enc,31,"and 2",0.32,8.0405,18.9524,32,32,2026-10-06T11:50:41+02:00
znver4,native,512,main_scan_enc,31,"and 2",0.32,5.7832,19.0733,32,32,2026-10-06T11:50:41+02:00
znver4,native,512,main_scan_enc,31,"and 3",0.46,3.8930,9.2557,32,32,2026-10-06T11:50:41+02:00
znver4,native,512,main_scan_enc,31,"and 3",0.46,5.0799,10.2506,32,32,2026-10-06T11:50:41+02:00
znver4,native,512,main_scan_enc,31,"and 3",0.46,5.0614,20.5748,32,32,2026-10-06T11:50:41+02:00
znver4,native,512,main_scan_enc,31,"and 3",0.46,4.2039,11.6804,32,32,2026-10-06T11:50:41+02:00
znver4,native,512,main_scan_enc,31,"and 3",0.46,5.7028,9.2524,32,32,2026-10-06T11:50:41+02:00
znver4,native,512,main_scan_enc,31,"and 1",0.20,17.4470,20.4867,32,32,2026-10-06T11:50:41+02:00
znver4,native,512,main_scan_enc,31,"and 1",0.20,10.4893,10.1963,32,32,2026-10-06T11:50:41+02:00
znver4,native,512,main_scan_enc,31,"and 1",0.20,9.0296,12.6764,32,32,2026-10-06T11:50:41+02:00
znver4,native,512,main_scan_enc,31,"and 1",0.20,15.6822,8.4943,32,32,2026-10-06T11:50:41+02:00
znver4,native,512,main_scan_enc,31,"and 1",0.20,24.7440,11.4047,32,32,2026-10-06T11:50:41+02:00
znver4,native,512,main_scan_enc,31,"and 2",0.45,5.8694,12.1880,32,32,2026-10-06T11:50:41+02:00
znver4,native,512,main_scan_enc,31,"and 2",0.45,4.5689,9.2485,32,32,2026-10-06T11:50:41+02:00
znver4,native,512,main_scan_enc,31,"and 2",0.45,4.6696,17.1812,32,32,2026-10-06T11:50:41+02:00
znver4,native,512,main_scan_enc,31,"and 2",0.45,4.5440,11.8839,32,32,2026-10-06T11:50:41+02:00
znver4,native,512,main_scan_enc,31,"and 2",0.45,4.1566,19.8207,32,32,2026-10-06T11:50:41+02:00
znver4,native,512,main_scan_enc,31,"and 3",0.58,4.9155,11.1227,32,32,2026-10-06T11:50:41+02:00
znver4,native,512,main_scan_enc,31,"and 3",0.58,3.2880,10.9888,32,32,2026-10-06T11:50:41+02:00
znver4,native,512,main_scan_enc,31,"and 3",0.58,5.1180,10.0831,32,32,2026-10-06T11:50:41+02:00
znver4,native,512,main_scan_enc,31,"and 3",0.58,5.1217,8.1185,32,32,2026-10-06T11:50:41+02:00
znver4,native,512,main_scan_enc,31,"and 3",0.58,3.6702,9.1568,32,32,2026-10-06T11:50:41+02:00
znver4,native,512,main_scan_enc,31,"and 1",0.50,8.1759,18.2596,32,32,2026-10-06T11:50:41+02:00
znver4,native,512,main_scan_enc,31,"and 1",0.50,13.9456,16.3963,32,32,2026-10-06T11:50:41+02:00
znver4,native,512,main_scan_enc,31,"and 1",0.50,7.5328,9.2000,32,32,2026-10-06T11:50:41+02:00
znver4,native,512,main_scan_enc,31,"and 1",0.50,8.2348,8.9663,32,32,2026-10-06T11:50:41+02:00
znver4,native,512,main_scan_enc,31,"and 1",0.50,13.8948,13.0693,32,32,2026-10-06T11:50:41+02:00
znver4,native,512,main_scan_enc,31,"and 2",0.71,8.3494,13.7557,32,32,2026-10-06T11:50:41+02:00
znver4,native,512,main_scan_enc,31,"and 2",0.71,3.9822,18.0290,32,32,2026-10-06T11:50:41+02:00
znver4,native,512,main_scan_enc,31,"and 2",0.71,6.7697,10.3932,32,32,2026-10-06T11:50:41+02:00
znver4,native,512,main_scan_enc,31,"and 2",0.71,9.7346,11.5764,32,32,2026-10-06T11:50:41+02:00
znver4,native,512,main_scan_enc,31,"and 2",0.71,7.0995,10.6959,32,32,2026-10-06T11:50:41+02:00
znver4,native,512,main_scan_enc,31,"and 3",0.79,6.0813,9.6749,32,32,2026-10-06T11:50:41+02:00
znver4,native,512,main_scan_enc,31,"and 3",0.79,5.8918,13.4920,32,32,2026-10-06T11:50:41+02:00
znver4,native,512,main_scan_enc,31,"and 3",0.79,4.4552,11.9054,32,32,2026-10-06T11:50:41+02:00
znver4,native,512,main_scan_enc,31,"and 3",0.79,6.0839,14.7124,32,32,2026-10-06T11:50:41+02:00
znver4,native,512,main_scan_enc,31,"and 3",0.79,4.2228,10.1101,32,32,2026-10-06T11:50:41+02:00
znver4,native,512,main_scan_enc,31,"and 1",1.00,16.2479,8.7031,32,32,2026-10-06T11:50:41+02:00
znver4,native,512,main_scan_enc,31,"and 1",1.00,17.2151,14.9292,32,32,2026-10-06T11:50:41+02:00
znver4,native,512,main_scan_enc,31,"and 1",1.00,15.4167,10.3632,32,32,2026-10-06T11:50:41+02:00
znver4,native,512,main_scan_enc,31,"and 1",1.00,10.3630,11.8624,32,32,2026-10-06T11:50:41+02:00
znver4,native,512,main_scan_enc,31,"and 1",1.00,17.4557,15.0163,32,32,2026-10-06T11:50:41+02:00
znver4,native,512,main_scan_enc,31,"and 2",1.00,13.8544,7.7529,32,32,2026-10-06T11:50:41+02:00
znver4,native,512,main_scan_enc,31,"and 2",1.00,13.9882,10.0194,32,32,2026-10-06T11:50:41+02:00
znver4,native,512,main_scan_enc,31,"and 2",1.00,13.6646,15.2058,32,32,2026-10-06T11:50:41+02:00
znver4,native,512,main_scan_enc,31,"and 2",1.00,13.4297,4.9201,32,32,2026-10-06T11:50:41+02:00
znver4,native,512,main_scan_enc,31,"and 2",1.00,10.1592,7.8471,32,32,2026-10-06T11:50:41+02:00
znver4,native,512,main_scan_enc,31,"and 3",1.00,5.3690,10.1983,32,32,2026-10-06T11:50:41+02:00
znver4,native,512,main_scan_enc,31,"and 3",1.00,11.0371,8.5039,32,32,2026-10-06T11:50:41+02:00
znver4,native,512,main_scan_enc,31,"and 3",1.00,10.8883,9.4958,32,32,2026-10-06T11:50:41+02:00
znver4,native,512,main_scan_enc,31,"and 3",1.00,10.5000,10.9629,32,32,2026-10-06T11:50:41+02:00
znver4,native,512,main_scan_enc,31,"and 3",1.00,9.4309,12.1623,32,32,2026-10-06T11:50:41+02:00
znver4,native,512,main_gather,31,"gather_byte",100.00,0.397751,0.397751,32,32,2026-10-06T11:50:59+02:00
znver4,native,512,main_gather,31,"gather_short",100.00,0.296045,0.296045,32,32,2026-10-06T11:50:59+02:00
znver4,native,512,main_gather,31,"gather_int",100.00,0.208232,0.208232,32,32,2026-10-06T11:50:59+02:00
znver4,native,512,main_gather,31,"gather_long",100.00,0.174383,0.174383,32,32,2026-10-06T11:50:59+02:00
znver4,native,512,main_gather,31,"gather_char",100.00,0.045709,0.045709,32,32,2026-10-06T11:50:59+02:00
znver4,native,512,main_gather,31,"gather_encoded",100.00,0.320812,0.320812,32,32,2026-10-06T11:50:59+02:00
znver4,native,512,main_gather,31,"copy_encoded",100.00,9.007944,9.007944,32,32,2026-10-06T11:50:59+02:00
znver4,native,512,main_hash,27,"jenkins_hash",100.00,0.035871,0.035871,32,32,2026-10-06T11:54:32+02:00
znver4,native,512,main_hash,27,"fnv_hash",100.00,0.042901,0.042901,32,32,2026-10-06T11:54:32+02:00
znver4,native,512,main_hash,27,"murmur_hash",100.00,0.085338,0.085338,32,32,2026-10-06T11:54:32+02:00
znver4,native,512,main_filter,31,"filter_byte_eq",100.00,0.151847,0.151847,32,32,2026-10-06T11:54:49+02:00
znver4,native,512,main_filter,31,"filter_byte_lt",100.00,0.146125,0.146125,32,32,2026-10-06T11:54:49+02:00
znver4,native,512,main_filter,31,"filter_byte_gt",100.00,0.151735,0.151735,32,32,2026-10-06T11:54:49+02:00
znver4,native,512,main_filter,31,"filter_byte_ne",100.00,0.153578,0.153578,32,32,2026-10-06T11:54:49+02:00
znver4,native,512,main_filter,31,"filter_byte_le",100.00,0.154267,0.154267,32,32,2026-10-06T11:54:49+02:00
znver4,native,512,main_filter,31,"filter_byte_ge",100.00,0.144427,0.144427,32,32,2026-10-06T11:54:49+02:00
znver4,native,512,main_filter,31,"filter_short_eq",100.00,0.080836,0.080836,32,32,2026-10-06T11:54:49+02:00
znver4,native,512,main_filter,31,"filter_short_lt",100.00,0.079553,0.079553,32,32,2026-10-06T11:54:49+02:00
znver4,native,512,main_filter,31,"filter_short_gt",100.00,0.080744,0.080744,32,32,2026-10-06T11:54:49+02:00
znver4,native,512,main_filter,31,"filter_short_ne",100.00,0.080550,0.080550,32,32,2026-10-06T11:54:49+02:00
znver4,native,512,main_filter,31,"filter_short_le",100.00,0.079558,0.079558,32,32,2026-10-06T11:54:49+02:00
znver4,native,512,main_filter,31,"filter_short_ge",100.00,0.079759,0.079759,32,32,2026-10-06T11:54:49+02:00
znver4,native,512,main_filter,31,"filter_int_eq",100.00,0.066624,0.066624,32,32,2026-10-06T11:54:49+02:00
znver4,native,512,main_filter,31,"filter_int_lt",100.00,0.065153,0.065153,32,32,2026-10-06T11:54:49+02:00
znver4,native,512,main_filter,31,"filter_int_gt",100.00,0.065522,0.065522,32,32,2026-10-06T11:54:49+02:00
znver4,native,512,main_filter,31,"filter_int_ne",100.00,0.066282,0.066282,32,32,2026-10-06T11:54:49+02:00
znver4,native,512,main_filter,31,"filter_int_le",100.00,0.066597,0.066597,32,32,2026-10-06T11:54:49+02:00
znver4,native,512,main_filter,31,"filter_int_ge",100.00,0.064883,0.064883,32,32,2026-10-06T11:54:49+02:00
znver4,native,512,main_filter,31,"filter_long_eq",100.00,0.056466,0.056466,32,32,2026-10-06T11:54:49+02:00
znver4,native,512,main_filter,31,"filter_long_lt",100.00,0.055026,0.055026,32,32,2026-10-06T11:54:49+02:00
znver4,native,512,main_filter,31,"filter_long_gt",100.00,0.055349,0.055349,32,32,2026-10-06T11:54:49+02:00
znver4,native,512,main_filter,31,"filter_long_ne",100.00,0.055341,0.055341,32,32,2026-10-06T11:54:49+02:00
znver4,native,512,main_filter,31,"filter_long_le",100.00,0.054975,0.054975,32,32,2026-10-06T11:54:49+02:00
znver4,native,512,main_filter,31,"filter_long_ge",100.00,0.055041,0.055041,32,32,2026-10-06T11:54:49+02:00
znver4,native,512,main_filter,31,"filter_float_eq",100.00,0.064683,0.064683,32,32,2026-10-06T11:54:49+02:00
znver4,native,512,main_filter,31,"filter_float_lt",100.00,0.064155,0.064155,32,32,2026-10-06T11:54:49+02:00
znver4,native,512,main_filter,31,"filter_float_gt",100.00,0.066403,0.066403,32,32,2026-10-06T11:54:49+02:00
znver4,native,512,main_filter,31,"filter_float_ne",100.00,0.064814,0.064814,32,32,2026-10-06T11:54:49+02:00
znver4,native,512,main_filter,31,"filter_float_le",100.00,0.065118,0.065118,32,32,2026-10-06T11:54:49+02:00
znver4,native,512,main_filter,31,"filter_float_ge",100.00,0.065682,0.065682,32,32,2026-10-06T11:54:49+02:00
znver4,native,512,main_filter,31,"filter_double_eq",100.00,0.056429,0.056429,32,32,2026-10-06T11:54:49+02:00
znver4,native,512,main_filter,31,"filter_double_lt",100.00,0.055117,0.055117,32,32,2026-10-06T11:54:49+02:00
znver4,native,512,main_filter,31,"filter_double_gt",100.00,0.055203,0.055203,32,32,2026-10-06T11:54:49+02:00
znver4,native,512,main_filter,31,"filter_double_ne",100.00,0.055671,0.055671,32,32,2026-10-06T11:54:49+02:00
znver4,native,512,main_filter,31,"filter_double_le",100.00,0.055129,0.055129,32,32,2026-10-06T11:54:49+02:00
znver4,native,512,main_filter,31,"filter_double_ge",100.00,0.054936,0.054936,32,32,2026-10-06T11:54:49+02:00
znver4,native,512,main_filter,31,"filter_char_eq",100.00,0.070911,0.070911,32,32,2026-10-06T11:54:49+02:00
znver4,native,512,main_filter,31,"filter_char_lt",100.00,0.043614,0.043614,32,32,2026-10-06T11:54:49+02:00
znver4,native,512,main_filter,31,"filter_char_gt",100.00,0.043527,0.043527,32,32,2026-10-06T11:54:49+02:00
znver4,native,512,main_filter,31,"filter_char_ne",100.00,0.070665,0.070665,32,32,2026-10-06T11:54:49+02:00
znver4,native,512,main_filter,31,"filter_char_le",100.00,0.043383,0.043383,32,32,2026-10-06T11:54:49+02:00
znver4,native,512,main_filter,31,"filter_char_ge",100.00,0.043541,0.043541,32,32,2026-10-06T11:54:49+02:00
znver4,native,512,main_hash,28,"jenkins_hash",100.00,0.035417,0.035417,33,33,2026-10-06T12:01:04+02:00
znver4,native,512,main_hash,28,"fnv_hash",100.00,0.041838,0.041838,33,33,2026-10-06T12:01:04+02:00
znver4,native,512,main_hash,28,"murmur_hash",100.00,0.081562,0.081562,33,33,2026-10-06T12:01:04+02:00
znver4,native,512,main_filter,32,"filter_byte_eq",100.00,0.098187,0.098187,33,33,2026-10-06T12:01:37+02:00
znver4,native,512,main_filter,32,"filter_byte_lt",100.00,0.118816,0.118816,33,33,2026-10-06T12:01:37+02:00
znver4,native,512,main_filter,32,"filter_byte_gt",100.00,0.115399,0.115399,33,33,2026-10-06T12:01:37+02:00
znver4,native,512,main_filter,32,"filter_byte_ne",100.00,0.092295,0.092295,33,33,2026-10-06T12:01:37+02:00
znver4,native,512,main_filter,32,"filter_byte_le",100.00,0.107097,0.107097,33,33,2026-10-06T12:01:37+02:00
znver4,native,512,main_filter,32,"filter_byte_ge",100.00,0.119086,0.119086,33,33,2026-10-06T12:01:37+02:00
znver4,native,512,main_filter,32,"filter_short_eq",100.00,0.072736,0.072736,33,33,2026-10-06T12:01:37+02:00
znver4,native,512,main_filter,32,"filter_short_lt",100.00,0.073671,0.073671,33,33,2026-10-06T12:01:37+02:00
znver4,native,512,main_filter,32,"filter_short_gt",100.00,0.074039,0.074039,33,33,2026-10-06T12:01:37+02:00
znver4,native,512,main_filter,32,"filter_short_ne",100.00,0.071733,0.071733,33,33,2026-10-06T12:01:37+02:00
znver4,native,512,main_filter,32,"filter_short_le",100.00,0.070823,0.070823,33,33,2026-10-06T12:01:37+02:00
znver4,native,512,main_filter,32,"filter_short_ge",100.00,0.071374,0.071374,33,33,2026-10-06T12:01:37+02:00
znver4,native,512,main_filter,32,"filter_int_eq",100.00,0.060084,0.060084,33,33,2026-10-06T12:01:37+02:00
znver4,native,512,main_filter,32,"filter_int_lt",100.00,0.057786,0.057786,33,33,2026-10-06T12:01:37+02:00
znver4,native,512,main_filter,32,"filter_int_gt",100.00,0.057077,0.057077,33,33,2026-10-06T12:01:37+02:00
znver4,native,512,main_filter,32,"filter_int_ne",100.00,0.058876,0.058876,33,33,2026-10-06T12:01:37+02:00
znver4,native,512,main_filter,32,"filter_int_le",100.00,0.059401,0.059401,33,33,2026-10-06T12:01:37+02:00
znver4,native,512,main_filter,32,"filter_int_ge",100.00,0.061321,0.061321,33,33,2026-10-06T12:01:37+02:00
znver4,native,512,main_filter,32,"filter_long_eq",100.00,0.055100,0.055100,33,33,2026-10-06T12:01:37+02:00
znver4,native,512,main_filter,32,"filter_long_lt",100.00,0.052903,0.052903,33,33,2026-10-06T12:01:37+02:00
znver4,native,512,main_filter,32,"filter_long_gt",100.00,0.054376,0.054376,33,33,2026-10-06T12:01:37+02:00
znver4,native,512,main_filter,32,"filter_long_ne",100.00,0.053554,0.053554,33,33,2026-10-06T12:01:37+02:00
znver4,native,512,main_filter,32,"filter_long_le",100.00,0.054382,0.054382,33,33,2026-10-06T12:01:37+02:00
znver4,native,512,main_filter,32,"filter_long_ge",100.00,0.053962,0.053962,33,33,2026-10-06T12:01:37+02:00
znver4,native,512,main_filter,32,"filter_float_eq",100.00,0.068323,0.068323,33,33,2026-10-06T12:01:37+02:00
znver4,native,512,main_filter,32,"filter_float_lt",100.00,0.066206,0.066206,33,33,2026-10-06T12:01:37+02:00
znver4,native,512,main_filter,32,"filter_float_gt",100.00,0.066611,0.066611,33,33,2026-10-06T12:01:37+02:00
znver4,native,512,main_filter,32,"filter_float_ne",100.00,0.066616,0.066616,33,33,2026-10-06T12:01:37+02:00
znver4,native,512,main_filter,32,"filter_float_le",100.00,0.067003,0.067003,33,33,2026-10-06T12:01:37+02:00
znver4,native,512,main_filter,32,"filter_float_ge",100.00,0.067644,0.067644,33,33,2026-10-06T12:01:37+02:00
znver4,native,512,main_filter,32,"filter_double_eq",100.00,0.056704,0.056704,33,33,2026-10-06T12:01:37+02:00
znver4,native,512,main_filter,32,"filter_double_lt",100.00,0.055261,0.055261,33,33,2026-10-06T12:01:37+02:00
znver4,native,512,main_filter,32,"filter_double_gt",100.00,0.055452,0.055452,33,33,2026-10-06T12:01:37+02:00
znver4,native,512,main_filter,32,"filter_double_ne",100.00,0.055484,0.055484,33,33,2026-10-06T12:01:37+02:00
znver4,native,512,main_filter,32,"filter_double_le",100.00,0.054889,0.054889,33,33,2026-10-06T12:01:37+02:00
znver4,native,512,main_filter,32,"filter_double_ge",100.00,0.055130,0.055130,33,33,2026-10-06T12:01:37+02:00
znver4,native,512,main_filter,32,"filter_char_eq",100.00,0.070226,0.070226,33,33,2026-10-06T12:01:37+02:00
znver4,native,512,main_filter,32,"filter_char_lt",100.00,0.042600,0.042600,33,33,2026-10-06T12:01:37+02:00
znver4,native,512,main_filter,32,"filter_char_gt",100.00,0.042626,0.042626,33,33,2026-10-06T12:01:37+02:00
znver4,native,512,main_filter,32,"filter_char_ne",100.00,0.069804,0.069804,33,33,2026-10-06T12:01:37+02:00
znver4,native,512,main_filter,32,"filter_char_le",100.00,0.042927,0.042927,33,33,2026-10-06T12:01:37+02:00
znver4,native,512,main_filter,32,"filter_char_ge",100.00,0.042724,0.042724,33,33,2026-10-06T12:01:37+02:00
znver4,native,512,main_part,32,"int * 1 | 2^4",,8.6014,8.6014,33,33,2026-10-06T12:03:54+02:00
znver4,native,512,main_part,32,"int * 1 | 2^4",,7.9249,7.9249,33,33,2026-10-06T12:03:54+02:00
znver4,native,512,main_part,32,"int * 1 | 2^4",,8.5152,8.5152,33,33,2026-10-06T12:03:54+02:00
znver4,native,512,main_part,32,"int * 1 | 2^4",,8.4245,8.4245,33,33,2026-10-06T12:03:54+02:00
znver4,native,512,main_part,32,"int * 1 | 2^4",,8.5414,8.5414,33,33,2026-10-06T12:03:54+02:00
znver4,native,512,main_part,32,"int * 1 | 2^5",,7.7317,7.7317,33,33,2026-10-06T12:03:54+02:00
znver4,native,512,main_part,32,"int * 1 | 2^5",,8.7594,8.7594,33,33,2026-10-06T12:03:54+02:00
znver4,native,512,main_part,32,"int * 1 | 2^5",,7.9700,7.9700,33,33,2026-10-06T12:03:54+02:00
znver4,native,512,main_part,32,"int * 1 | 2^5",,5.7760,5.7760,33,33,2026-10-06T12:03:54+02:00
znver4,native,512,main_part,32,"int * 1 | 2^5",,7.4149,7.4149,33,33,2026-10-06T12:03:54+02:00
znver4,native,512,main_part,32,"int * 1 | 2^6",,8.7161,8.7161,33,33,2026-10-06T12:03:54+02:00
znver4,native,512,main_part,32,"int * 1 | 2^6",,8.2533,8.2533,33,33,2026-10-06T12:03:54+02:00
znver4,native,512,main_part,32,"int * 1 | 2^6",,7.9648,7.9648,33,33,2026-10-06T12:03:54+02:00
znver4,native,512,main_part,32,"int * 1 | 2^6",,8.8950,8.8950,33,33,2026-10-06T12:03:54+02:00
znver4,native,512,main_part,32,"int * 1 | 2^6",,8.1622,8.1622,33,33,2026-10-06T12:03:54+02:00
znver4,native,512,main_part,32,"int * 1 | 2^7",,8.8675,8.8675,33,33,2026-10-06T12:03:54+02:00
znver4,native,512,main_part,32,"int * 1 | 2^7",,7.4722,7.4722,33,33,2026-10-06T12:03:54+02:00
znver4,native,512,main_part,32,"int * 1 | 2^7",,8.0045,8.0045,33,33,2026-10-06T12:03:54+02:00
znver4,native,512,main_part,32,"int * 1 | 2^7",,7.9895,7.9895,33,33,2026-10-06T12:03:54+02:00
znver4,native,512,main_part,32,"int * 1 | 2^7",,10.3341,10.3341,33,33,2026-10-06T12:03:54+02:00
znver4,native,512,main_part,32,"int * 1 | 2^8",,11.2410,11.2410,33,33,2026-10-06T12:03:54+02:00
znver4,native,512,main_part,32,"int * 1 | 2^8",,8.3672,8.3672,33,33,2026-10-06T12:03:54+02:00
znver4,native,512,main_part,32,"int * 1 | 2^8",,5.4984,5.4984,33,33,2026-10-06T12:03:54+02:00
znver4,native,512,main_part,32,"int * 1 | 2^8",,6.2816,6.2816,33,33,2026-10-06T12:03:54+02:00
znver4,native,512,main_part,32,"int * 1 | 2^8",,6.9934,6.9934,33,33,2026-10-06T12:03:54+02:00
znver4,native,512,main_part,32,"int * 2 | 2^4",,6.3007,6.3007,33,33,2026-10-06T12:03:54+02:00
znver4,native,512,main_part,32,"int * 2 | 2^4",,6.2496,6.2496,33,33,2026-10-06T12:03:54+02:00
znver4,native,512,main_part,32,"int * 2 | 2^4",,6.7238,6.7238,33,33,2026-10-06T12:03:54+02:00
znver4,native,512,main_part,32,"int * 2 | 2^4",,6.8591,6.8591,33,33,2026-10-06T12:03:54+02:00
znver4,native,512,main_part,32,"int * 2 | 2^4",,6.7223,6.7223,33,33,2026-10-06T12:03:54+02:00
znver4,native,512,main_part,32,"int * 2 | 2^5",,7.2820,7.2820,33,33,2026-10-06T12:03:54+02:00
znver4,native,512,main_part,32,"int * 2 | 2^5",,5.2166,5.2166,33,33,2026-10-06T12:03:54+02:00
znver4,native,512,main_part,32,"int * 2 | 2^5",,6.1786,6.1786,33,33,2026-10-06T12:03:54+02:00
znver4,native,512,main_part,32,"int * 2 | 2^5",,6.3583,6.3583,33,33,2026-10-06T12:03:54+02:00
znver4,native,512,main_part,32,"int * 2 | 2^5",,4.5602,4.5602,33,33,2026-10-06T12:03:54+02:00
znver4,native,512,main_part,32,"int * 2 | 2^6",,6.2924,6.2924,33,33,2026-10-06T12:03:54+02:00
znver4,native,512,main_part,32,"int * 2 | 2^6",,4.2609,4.2609,33,33,2026-10-06T12:03:54+02:00
znver4,native,512,main_part,32,"int * 2 | 2^6",,6.7210,6.7210,33,33,2026-10-06T12:03:54+02:00
znver4,native,512,main_part,32,"int * 2 | 2^6",,6.8121,6.8121,33,33,2026-10-06T12:03:54+02:00
znver4,native,512,main_part,32,"int * 2 | 2^6",,6.2615,6.2615,33,33,2026-10-06T12:03:54+02:00
znver4,native,512,main_part,32,"int * 2 | 2^7",,6.7159,6.7159,33,33,2026-10-06T12:03:54+02:00
znver4,native,512,main_part,32,"int * 2 | 2^7",,5.9154,5.9154,33,33,2026-10-06T12:03:54+02:00
znver4,native,512,main_part,32,"int * 2 | 2^7",,6.7694,6.7694,33,33,2026-10-06T12:03:54+02:00
znver4,native,512,main_part,32,"int * 2 | 2^7",,6.5969,6.5969,33,33,2026-10-06T12:03:54+02:00
znver4,native,512,main_part,32,"int * 2 | 2^7",,6.0200,6.0200,33,33,2026-10-06T12:03:54+02:00
znver4,native,512,main_part,32,"int * 2 | 2^8",,5.9483,5.9483,33,33,2026-10-06T12:03:54+02:00
znver4,native,512,main_part,32,"int * 2 | 2^8",,7.3558,7.3558,33,33,2026-10-06T12:03:54+02:00
znver4,native,512,main_part,32,"int * 2 | 2^8",,5.0809,5.0809,33,33,2026-10-06T12:03:54+02:00
znver4,native,512,main_part,32,"int * 2 | 2^8",,6.1125,6.1125,33,33,2026-10-06T12:03:54+02:00
znver4,native,512,main_part,32,"int * 2 | 2^8",,6.4841,6.4841,33,33,2026-10-06T12:03:54+02:00
znver4,native,512,main_part,32,"int * 3 | 2^4",,5.3215,5.3215,33,33,2026-10-06T12:03:54+02:00
znver4,native,512,main_part,32,"int * 3 | 2^4",,4.6302,4.6302,33,33,2026-10-06T12:03:54+02:00
znver4,native,512,main_part,32,"int * 3 | 2^4",,3.6178,3.6178,33,33,2026-10-06T12:03:54+02:00
znver4,native,512,main_part,32,"int * 3 | 2^4",,5.3923,5.3923,33,33,2026-10-06T12:03:54+02:00
znver4,native,512,main_part,32,"int * 3 | 2^4",,5.3093,5.3093,33,33,2026-10-06T12:03:54+02:00
znver4,native,512,main_part,32,"int * 3 | 2^5",,5.2634,5.2634,33,33,2026-10-06T12:03:54+02:00
znver4,native,512,main_part,32,"int * 3 | 2^5",,5.1949,5.1949,33,33,2026-10-06T12:03:54+02:00
znver4,native,512,main_part,32,"int * 3 | 2^5",,5.2096,5.2096,33,33,2026-10-06T12:03:54+02:00
znver4,native,512,main_part,32,"int * 3 | 2^5",,4.5784,4.5784,33,33,2026-10-06T12:03:54+02:00
znver4,native,512,main_part,32,"int * 3 | 2^5",,5.3636,5.3636,33,33,2026-10-06T12:03:54+02:00
znver4,native,512,main_part,32,"int * 3 | 2^6",,5.1146,5.1146,33,33,2026-10-06T12:03:54+02:00
znver4,native,512,main_part,32,"int * 3 | 2^6",,5.4798,5.4798,33,33,2026-10-06T12:03:54+02:00
znver4,native,512,main_part,32,"int * 3 | 2^6",,3.4627,3.4627,33,33,2026-10-06T12:03:54+02:00
znver4,native,512,main_part,32,"int * 3 | 2^6",,4.2138,4.2138,33,33,2026-10-06T12:03:54+02:00
znver4,native,512,main_part,32,"int * 3 | 2^6",,3.9556,3.9556,33,33,2026-10-06T12:03:54+02:00
znver4,native,512,main_part,32,"int * 3 | 2^7",,5.2361,5.2361,33,33,2026-10-06T12:03:54+02:00
znver4,native,512,main_part,32,"int * 3 | 2^7",,3.9501,3.9501,33,33,2026-10-06T12:03:54+02:00
znver4,native,512,main_part,32,"int * 3 | 2^7",,4.9532,4.9532,33,33,2026-10-06T12:03:54+02:00
znver4,native,512,main_part,32,"int * 3 | 2^7",,3.8053,3.8053,33,33,2026-10-06T12:03:54+02:00
znver4,native,512,main_part,32,"int * 3 | 2^7",,5.2295,5.2295,33,33,2026-10-06T12:03:54+02:00
znver4,native,512,main_part,32,"int * 3 | 2^8",,5.1144,5.1144,33,33,2026-10-06T12:03:54+02:00
znver4,native,512,main_part,32,"int * 3 | 2^8",,4.5454,4.5454,33,33,2026-10-06T12:03:54+02:00
znver4,native,512,main_part,32,"int * 3 | 2^8",,5.0273,5.0273,33,33,2026-10-06T12:03:54+02:00
znver4,native,512,main_part,32,"int * 3 | 2^8",,5.0388,5.0388,33,33,2026-10-06T12:03:54+02:00
znver4,native,512,main_part,32,"int * 3 | 2^8",,4.1781,4.1781,33,33,2026-10-06T12:03:54+02:00
znver4,native,512,main_scan_int,33,"and 1",0.00,48.0946,67.8803,34,34,2026-10-06T12:04:02+02:00
znver4,native,512,main_scan_int,33,"and 1",0.00,51.3284,72.5111,34,34,2026-10-06T12:04:02+02:00
znver4,native,512,main_scan_int,33,"and 1",0.00,51.1963,65.9732,34,34,2026-10-06T12:04:02+02:00
znver4,native,512,main_scan_int,33,"and 1",0.00,51.4623,70.2628,34,34,2026-10-06T12:04:02+02:00
znver4,native,512,main_scan_int,33,"and 1",0.00,39.1102,69.3233,34,34,2026-10-06T12:04:02+02:00
znver4,native,512,main_scan_int,33,"and 2",0.03,24.3283,34.1696,34,34,2026-10-06T12:04:02+02:00
znver4,native,512,main_scan_int,33,"and 2",0.03,23.6745,33.2913,34,34,2026-10-06T12:04:02+02:00
znver4,native,512,main_scan_int,33,"and 2",0.03,23.6685,34.2950,34,34,2026-10-06T12:04:02+02:00
znver4,native,512,main_scan_int,33,"and 2",0.03,23.1570,34.4068,34,34,2026-10-06T12:04:02+02:00
znver4,native,512,main_scan_int,33,"and 2",0.03,19.8495,28.9903,34,34,2026-10-06T12:04:02+02:00
znver4,native,512,main_scan_int,33,"and 3",0.10,20.0645,19.8077,34,34,2026-10-06T12:04:02+02:00
znver4,native,512,main_scan_int,33,"and 3",0.10,18.1508,23.5299,34,34,2026-10-06T12:04:02+02:00
znver4,native,512,main_scan_int,33,"and 3",0.10,14.1874,22.8189,34,34,2026-10-06T12:04:02+02:00
znver4,native,512,main_scan_int,33,"and 3",0.10,13.2738,15.2162,34,34,2026-10-06T12:04:02+02:00
znver4,native,512,main_scan_int,33,"and 3",0.10,13.6121,14.5278,34,34,2026-10-06T12:04:02+02:00
znver4,native,512,main_scan_int,33,"and 1",0.00,37.8274,23.3578,34,34,2026-10-06T12:04:02+02:00
znver4,native,512,main_scan_int,33,"and 1",0.00,20.8284,14.6768,34,34,2026-10-06T12:04:02+02:00
znver4,native,512,main_scan_int,33,"and 1",0.00,40.9654,54.2287,34,34,2026-10-06T12:04:02+02:00
znver4,native,512,main_scan_int,33,"and 1",0.00,48.4183,57.9474,34,34,2026-10-06T12:04:02+02:00
znver4,native,512,main_scan_int,33,"and 1",0.00,42.4374,58.9414,34,34,2026-10-06T12:04:02+02:00
znver4,native,512,main_scan_int,33,"and 2",0.04,24.0403,29.7634,34,34,2026-10-06T12:04:02+02:00
znver4,native,512,main_scan_int,33,"and 2",0.04,19.7399,11.5292,34,34,2026-10-06T12:04:02+02:00
znver4,native,512,main_scan_int,33,"and 2",0.04,23.5244,20.2222,34,34,2026-10-06T12:04:02+02:00
znver4,native,512,main_scan_int,33,"and 2",0.04,19.8101,11.5305,34,34,2026-10-06T12:04:02+02:00
znver4,native,512,main_scan_int,33,"and 2",0.04,19.6159,25.1413,34,34,2026-10-06T12:04:02+02:00
znver4,native,512,main_scan_int,33,"and 3",0.13,14.7497,23.3760,34,34,2026-10-06T12:04:02+02:00
znver4,native,512,main_scan_int,33,"and 3",0.13,19.1359,22.9206,34,34,2026-10-06T12:04:02+02:00
znver4,native,512,main_scan_int,33,"and 3",0.13,14.5086,20.0660,34,34,2026-10-06T12:04:02+02:00
znver4,native,512,main_scan_int,33,"and 3",0.13,17.9428,22.5527,34,34,2026-10-06T12:04:02+02:00
znver4,native,512,main_scan_int,33,"and 3",0.13,16.9430,22.7081,34,34,2026-10-06T12:04:02+02:00
znver4,native,512,main_scan_int,33,"and 1",0.01,29.1994,34.5875,34,34,2026-10-06T12:04:02+02:00
znver4,native,512,main_scan_int,33,"and 1",0.01,40.3323,55.9749,34,34,2026-10-06T12:04:02+02:00
znver4,native,512,main_scan_int,33,"and 1",0.01,34.9436,49.5288,34,34,2026-10-06T12:04:02+02:00
znver4,native,512,main_scan_int,33,"and 1",0.01,45.4533,54.1534,34,34,2026-10-06T12:04:02+02:00
znver4,native,512,main_scan_int,33,"and 1",0.01,25.2952,43.0355,34,34,2026-10-06T12:04:02+02:00
znver4,native,512,main_scan_int,33,"and 2",0.07,16.5031,18.2704,34,34,2026-10-06T12:04:02+02:00
znver4,native,512,main_scan_int,33,"and 2",0.07,20.9551,25.5895,34,34,2026-10-06T12:04:02+02:00
znver4,native,512,main_scan_int,33,"and 2",0.07,20.3782,17.6134,34,34,2026-10-06T12:04:02+02:00
znver4,native,512,main_scan_int,33,"and 2",0.07,18.5192,15.3239,34,34,2026-10-06T12:04:02+02:00
znver4,native,512,main_scan_int,33,"and 2",0.07,18.6105,8.0696,34,34,2026-10-06T12:04:02+02:00
znver4,native,512,main_scan_int,33,"and 3",0.17,11.5317,11.7940,34,34,2026-10-06T12:04:02+02:00
znver4,native,512,main_scan_int,33,"and 3",0.17,15.1665,17.6928,34,34,2026-10-06T12:04:02+02:00
znver4,native,512,main_scan_int,33,"and 3",0.17,11.7574,16.9790,34,34,2026-10-06T12:04:02+02:00
znver4,native,512,main_scan_int,33,"and 3",0.17,11.4300,17.6569,34,34,2026-10-06T12:04:02+02:00
znver4,native,512,main_scan_int,33,"and 3",0.17,14.5373,13.5021,34,34,2026-10-06T12:04:02+02:00
znver4,native,512,main_scan_int,33,"and 1",0.01,28.7299,39.1630,34,34,2026-10-06T12:04:02+02:00
znver4,native,512,main_scan_int,33,"and 1",0.01,16.8612,11.6714,34,34,2026-10-06T12:04:02+02:00
znver4,native,512,main_scan_int,33,"and 1",0.01,32.4087,13.9235,34,34,2026-10-06T12:04:02+02:00
znver4,native,512,main_scan_int,33,"and 1",0.01,28.3418,44.0042,34,34,2026-10-06T12:04:02+02:00
znver4,native,512,main_scan_int,33,"and 1",0.01,36.4341,21.4130,34,34,2026-10-06T12:04:02+02:00
znver4,native,512,main_scan_int,33,"and 2",0.10,15.0862,10.7666,34,34,2026-10-06T12:04:02+02:00
znver4,native,512,main_scan_int,33,"and 2",0.10,14.4408,22.4926,34,34,2026-10-06T12:04:02+02:00
znver4,native,512,main_scan_int,33,"and 2",0.10,15.5130,14.4711,34,34,2026-10-06T12:04:02+02:00
znver4,native,512,main_scan_int,33,"and 2",0.10,13.7070,11.5838,34,34,2026-10-06T12:04:02+02:00
znver4,native,512,main_scan_int,33,"and 2",0.10,18.5287,22.6284,34,34,2026-10-06T12:04:02+02:00
znver4,native,512,main_scan_int,33,"and 3",0.22,9.7101,14.9092,34,34,2026-10-06T12:04:02+02:00
znver4,native,512,main_scan_int,33,"and 3",0.22,11.6801,13.3213,34,34,2026-10-06T12:04:02+02:00
znver4,native,512,main_scan_int,33,"and 3",0.22,10.5938,13.3201,34,34,2026-10-06T12:04:02+02:00
znver4,native,512,main_scan_int,33,"and 3",0.22,9.7805,14.9275,34,34,2026-10-06T12:04:02+02:00
znver4,native,512,main_scan_int,33,"and 3",0.22,10.3786,17.3627,34,34,2026-10-06T12:04:02+02:00
znver4,native,512,main_scan_int,33,"and 1",0.02,25.3468,37.0325,34,34,2026-10-06T12:04:02+02:00
znver4,native,512,main_scan_int,33,"and 1",0.02,29.1411,41.8960,34,34,2026-10-06T12:04:02+02:00
znver4,native,512,main_scan_int,33,"and 1",0.02,31.8590,41.7803,34,34,2026-10-06T12:04:02+02:00
znver4,native,512,main_scan_int,33,"and 1",0.02,25.0428,31.0511,34,34,2026-10-06T12:04:02+02:00
znver4,native,512,main_scan_int,33,"and 1",0.02,28.4182,29.0361,34,34,2026-10-06T12:04:02+02:00
znver4,native,512,main_scan_int,33,"and 2",0.14,13.5955,16.9581,34,34,2026-10-06T12:04:02+02:00
znver4,native,512,main_scan_int,33,"and 2",0.14,16.0017,11.1766,34,34,2026-10-06T12:04:02+02:00
znver4,native,512,main_scan_int,33,"and 2",0.14,18.7705,17.5935,34,34,2026-10-06T12:04:02+02:00
znver4,native,512,main_scan_int,33,"and 2",0.14,15.2243,18.5162,34,34,2026-10-06T12:04:02+02:00
znver4,native,512,main_scan_int,33,"and 2",0.14,19.1202,18.4987,34,34,2026-10-06T12:04:02+02:00
znver4,native,512,main_scan_int,33,"and 3",0.27,12.6615,13.0151,34,34,2026-10-06T12:04:02+02:00
znver4,native,512,main_scan_int,33,"and 3",0.27,9.1020,13.0533,34,34,2026-10-06T12:04:02+02:00
znver4,native,512,main_scan_int,33,"and 3",0.27,8.9557,13.1464,34,34,2026-10-06T12:04:02+02:00
znver4,native,512,main_scan_int,33,"and 3",0.27,11.1147,13.4443,34,34,2026-10-06T12:04:02+02:00
znver4,native,512,main_scan_int,33,"and 3",0.27,12.0822,12.8982,34,34,2026-10-06T12:04:02+02:00
znver4,native,512,main_scan_int,33,"and 1",0.05,21.9916,27.7694,34,34,2026-10-06T12:04:02+02:00
znver4,native,512,main_scan_int,33,"and 1",0.05,23.5494,18.1117,34,34,2026-10-06T12:04:02+02:00
znver4,native,512,main_scan_int,33,"and 1",0.05,23.0183,20.1050,34,34,2026-10-06T12:04:02+02:00
znver4,native,512,main_scan_int,33,"and 1",0.05,20.3946,21.0964,34,34,2026-10-06T12:04:02+02:00
znver4,native,512,main_scan_int,33,"and 1",0.05,22.1368,28.2226,34,34,2026-10-06T12:04:02+02:00
znver4,native,512,main_scan_int,33,"and 2",0.22,14.0147,14.2418,34,34,2026-10-06T12:04:02+02:00
znver4,native,512,main_scan_int,33,"and 2",0.22,11.8230,10.0098,34,34,2026-10-06T12:04:02+02:00
znver4,native,512,main_scan_int,33,"and 2",0.22,13.8987,13.4164,34,34,2026-10-06T12:04:02+02:00
znver4,native,512,main_scan_int,33,"and 2",0.22,11.6937,14.0653,34,34,2026-10-06T12:04:02+02:00
znver4,native,512,main_scan_int,33,"and 2",0.22,14.1323,15.9409,34,34,2026-10-06T12:04:02+02:00
znver4,native,512,main_scan_int,33,"and 3",0.37,7.1084,13.5171,34,34,2026-10-06T12:04:02+02:00
znver4,native,512,main_scan_int,33,"and 3",0.37,4.6777,10.3458,34,34,2026-10-06T12:04:02+02:00
znver4,native,512,main_scan_int,33,"and 3",0.37,6.9062,11.0097,34,34,2026-10-06T12:04:02+02:00
znver4,native,512,main_scan_int,33,"and 3",0.37,7.8567,11.3416,34,34,2026-10-06T12:04:02+02:00
znver4,native,512,main_scan_int,33,"and 3",0.37,7.0374,11.0144,34,34,2026-10-06T12:04:02+02:00
znver4,native,512,main_scan_int,33,"and 1",0.10,18.9731,15.4912,34,34,2026-10-06T12:04:02+02:00
znver4,native,512,main_scan_int,33,"and 1",0.10,20.1767,19.5375,34,34,2026-10-06T12:04:02+02:00
znver4,native,512,main_scan_int,33,"and 1",0.10,15.0627,13.7564,34,34,2026-10-06T12:04:02+02:00
znver4,native,512,main_scan_int,33,"and 1",0.10,22.7123,23.7997,34,34,2026-10-06T12:04:02+02:00
znver4,native,512,main_scan_int,33,"and 1",0.10,23.5598,25.2007,34,34,2026-10-06T12:04:02+02:00
znver4,native,512,main_scan_int,33,"and 2",0.32,15.2548,18.0760,34,34,2026-10-06T12:04:02+02:00
znver4,native,512,main_scan_int,33,"and 2",0.32,15.2338,17.0219,34,34,2026-10-06T12:04:02+02:00
znver4,native,512,main_scan_int,33,"and 2",0.32,15.2176,12.5916,34,34,2026-10-06T12:04:02+02:00
znver4,native,512,main_scan_int,33,"and 2",0.32,10.1730,17.2868,34,34,2026-10-06T12:04:02+02:00
znver4,native,512,main_scan_int,33,"and 2",0.32,15.3225,14.6446,34,34,2026-10-06T12:04:02+02:00
znver4,native,512,main_scan_int,33,"and 3",0.46,9.0033,8.9908,34,34,2026-10-06T12:04:02+02:00
znver4,native,512,main_scan_int,33,"and 3",0.46,6.5418,12.2652,34,34,2026-10-06T12:04:02+02:00
znver4,native,512,main_scan_int,33,"and 3",0.46,5.8815,10.0020,34,34,2026-10-06T12:04:02+02:00
znver4,native,512,main_scan_int,33,"and 3",0.46,6.9092,9.6283,34,34,2026-10-06T12:04:02+02:00
znver4,native,512,main_scan_int,33,"and 3",0.46,8.9771,10.3296,34,34,2026-10-06T12:04:02+02:00
znver4,native,512,main_scan_int,33,"and 1",0.20,15.6738,21.2168,34,34,2026-10-06T12:04:02+02:00
znver4,native,512,main_scan_int,33,"and 1",0.20,19.6307,21.1918,34,34,2026-10-06T12:04:02+02:00
znver4,native,512,main_scan_int,33,"and 1",0.20,19.4230,21.5230,34,34,2026-10-06T12:04:02+02:00
znver4,native,512,main_scan_int,33,"and 1",0.20,18.9448,13.5565,34,34,2026-10-06T12:04:02+02:00
znver4,native,512,main_scan_int,33,"and 1",0.20,19.2905,13.1469,34,34,2026-10-06T12:04:02+02:00
znver4,native,512,main_scan_int,33,"and 2",0.45,8.2738,13.0036,34,34,2026-10-06T12:04:02+02:00
znver4,native,512,main_scan_int,33,"and 2",0.45,8.4820,10.2436,34,34,2026-10-06T12:04:02+02:00
znver4,native,512,main_scan_int,33,"and 2",0.45,8.6392,13.1636,34,34,2026-10-06T12:04:02+02:00
znver4,native,512,main_scan_int,33,"and 2",0.45,10.7734,16.4877,34,34,2026-10-06T12:04:02+02:00
znver4,native,512,main_scan_int,33,"and 2",0.45,10.7956,16.7226,34,34,2026-10-06T12:04:02+02:00
znver4,native,512,main_scan_int,33,"and 3",0.58,7.9414,11.4069,34,34,2026-10-06T12:04:02+02:00
znver4,native,512,main_scan_int,33,"and 3",0.58,7.6000,9.5696,34,34,2026-10-06T12:04:02+02:00
znver4,native,512,main_scan_int,33,"and 3",0.58,7.4774,9.3079,34,34,2026-10-06T12:04:02+02:00
znver4,native,512,main_scan_int,33,"and 3",0.58,8.1263,11.0392,34,34,2026-10-06T12:04:02+02:00
znver4,native,512,main_scan_int,33,"and 3",0.58,8.1528,11.7030,34,34,2026-10-06T12:04:02+02:00
znver4,native,512,main_scan_int,33,"and 1",0.50,9.0906,18.9082,34,34,2026-10-06T12:04:02+02:00
znver4,native,512,main_scan_int,33,"and 1",0.50,9.1762,9.0025,34,34,2026-10-06T12:04:02+02:00
znver4,native,512,main_scan_int,33,"and 1",0.50,12.5327,15.1881,34,34,2026-10-06T12:04:02+02:00
znver4,native,512,main_scan_int,33,"and 1",0.50,12.5953,13.8386,34,34,2026-10-06T12:04:02+02:00
znver4,native,512,main_scan_int,33,"and 1",0.50,12.6119,18.5109,34,34,2026-10-06T12:04:02+02:00
znver4,native,512,main_scan_int,33,"and 2",0.71,11.8088,11.9117,34,34,2026-10-06T12:04:02+02:00
znver4,native,512,main_scan_int,33,"and 2",0.71,7.4858,13.7512,34,34,2026-10-06T12:04:02+02:00
znver4,native,512,main_scan_int,33,"and 2",0.71,11.7439,13.4490,34,34,2026-10-06T12:04:02+02:00
znver4,native,512,main_scan_int,33,"and 2",0.71,10.9815,10.2102,34,34,2026-10-06T12:04:02+02:00
znver4,native,512,main_scan_int,33,"and 2",0.71,11.7427,9.4408,34,34,2026-10-06T12:04:02+02:00
znver4,native,512,main_scan_int,33,"and 3",0.79,9.2025,11.4075,34,34,2026-10-06T12:04:02+02:00
znver4,native,512,main_scan_int,33,"and 3",0.79,8.6112,8.8253,34,34,2026-10-06T12:04:02+02:00
znver4,native,512,main_scan_int,33,"and 3",0.79,7.5634,9.4781,34,34,2026-10-06T12:04:02+02:00
znver4,native,512,main_scan_int,33,"and 3",0.79,9.6760,8.3030,34,34,2026-10-06T12:04:02+02:00
znver4,native,512,main_scan_int,33,"and 3",0.79,5.0898,8.7988,34,34,2026-10-06T12:04:02+02:00
znver4,native,512,main_scan_int,33,"and 1",1.00,14.1784,18.1506,34,34,2026-10-06T12:04:02+02:00
znver4,native,512,main_scan_int,33,"and 1",1.00,15.2231,20.6216,34,34,2026-10-06T12:04:02+02:00
znver4,native,512,main_scan_int,33,"and 1",1.00,15.1965,19.2855,34,34,2026-10-06T12:04:02+02:00
znver4,native,512,main_scan_int,33,"and 1",1.00,13.4383,20.6772,34,34,2026-10-06T12:04:02+02:00
znver4,native,512,main_scan_int,33,"and 1",1.00,14.0918,20.6023,34,34,2026-10-06T12:04:02+02:00
znver4,native,512,main_scan_int,33,"and 2",1.00,12.0924,15.3266,34,34,2026-10-06T12:04:02+02:00
znver4,native,512,main_scan_int,33,"and 2",1.00,11.6032,15.0376,34,34,2026-10-06T12:04:02+02:00
znver4,native,512,main_scan_int,33,"and 2",1.00,11.5261,15.0252,34,34,2026-10-06T12:04:02+02:00
znver4,native,512,main_scan_int,33,"and 2",1.00,12.1027,14.9863,34,34,2026-10-06T12:04:02+02:00
znver4,native,512,main_scan_int,33,"and 2",1.00,11.9130,15.4397,34,34,2026-10-06T12:04:02+02:00
znver4,native,512,main_scan_int,33,"and 3",1.00,10.0268,11.8538,34,34,2026-10-06T12:04:02+02:00
znver4,native,512,main_scan_int,33,"and 3",1.00,9.6105,12.0184,34,34,2026-10-06T12:04:02+02:00
znver4,native,512,main_scan_int,33,"and 3",1.00,9.9755,12.0185,34,34,2026-10-06T12:04:02+02:00
znver4,native,512,main_scan_int,33,"and 3",1.00,9.8726,11.8031,34,34,2026-10-06T12:04:02+02:00
znver4,native,512,main_scan_int,33,"and 3",1.00,9.8175,11.9894,34,34,2026-10-06T12:04:02+02:00
znver4,native,512,main_scan_enc,33,"and 1",0.00,55.9498,263.6908,34,34,2026-10-06T12:04:18+02:00
znver4,native,512,main_scan_enc,33,"and 1",0.00,59.8186,261.6719,34,34,2026-10-06T12:04:18+02:00
znver4,native,512,main_scan_enc,33,"and 1",0.00,62.9034,271.7731,34,34,2026-10-06T12:04:18+02:00
znver4,native,512,main_scan_enc,33,"and 1",0.00,60.9371,90.4972,34,34,2026-10-06T12:04:18+02:00
znver4,native,512,main_scan_enc,33,"and 1",0.00,55.0570,284.0506,34,34,2026-10-06T12:04:18+02:00
znver4,native,512,main_scan_enc,33,"and 2",0.03,40.2585,98.1166,34,34,2026-10-06T12:04:18+02:00
znver4,native,512,main_scan_enc,33,"and 2",0.03,40.6827,120.3639,34,34,2026-10-06T12:04:18+02:00
znver4,native,512,main_scan_enc,33,"and 2",0.03,40.6516,121.3292,34,34,2026-10-06T12:04:18+02:00
znver4,native,512,main_scan_enc,33,"and 2",0.03,41.9520,127.3684,34,34,2026-10-06T12:04:18+02:00
znver4,native,512,main_scan_enc,33,"and 2",0.03,24.5157,109.9346,34,34,2026-10-06T12:04:18+02:00
znver4,native,512,main_scan_enc,33,"and 3",0.10,20.9215,45.6767,34,34,2026-10-06T12:04:18+02:00
znver4,native,512,main_scan_enc,33,"and 3",0.10,18.3482,48.3259,34,34,2026-10-06T12:04:18+02:00
znver4,native,512,main_scan_enc,33,"and 3",0.10,21.5347,54.7191,34,34,2026-10-06T12:04:18+02:00
znver4,native,512,main_scan_enc,33,"and 3",0.10,21.6569,27.3802,34,34,2026-10-06T12:04:18+02:00
znver4,native,512,main_scan_enc,33,"and 3",0.10,21.5983,55.3801,34,34,2026-10-06T12:04:18+02:00
znver4,native,512,main_scan_enc,33,"and 1",0.00,41.1861,57.8601,34,34,2026-10-06T12:04:18+02:00
znver4,native,512,main_scan_enc,33,"and 1",0.00,52.8263,91.5677,34,34,2026-10-06T12:04:18+02:00
znver4,native,512,main_scan_enc,33,"and 1",0.00,57.5871,224.1992,34,34,2026-10-06T12:04:18+02:00
znver4,native,512,main_scan_enc,33,"and 1",0.00,53.2518,64.8590,34,34,2026-10-06T12:04:18+02:00
znver4,native,512,main_scan_enc,33,"and 1",0.00,15.5075,17.0531,34,34,2026-10-06T12:04:18+02:00
znver4,native,512,main_scan_enc,33,"and 2",0.04,28.9907,16.7760,34,34,2026-10-06T12:04:18+02:00
znver4,native,512,main_scan_enc,33,"and 2",0.04,34.4560,64.8329,34,34,2026-10-06T12:04:18+02:00
znver4,native,512,main_scan_enc,33,"and 2",0.04,13.2278,72.6451,34,34,2026-10-06T12:04:18+02:00
znver4,native,512,main_scan_enc,33,"and 2",0.04,23.1163,37.7822,34,34,2026-10-06T12:04:18+02:00
znver4,native,512,main_scan_enc,33,"and 2",0.04,34.0016,13.0821,34,34,2026-10-06T12:04:18+02:00
znver4,native,512,main_scan_enc,33,"and 3",0.13,11.6814,11.3078,34,34,2026-10-06T12:04:18+02:00
znver4,native,512,main_scan_enc,33,"and 3",0.13,11.9616,30.3029,34,34,2026-10-06T12:04:18+02:00
znver4,native,512,main_scan_enc,33,"and 3",0.13,14.0555,24.6880,34,34,2026-10-06T12:04:18+02:00
znver4,native,512,main_scan_enc,33,"and 3",0.13,10.2896,23.6919,34,34,2026-10-06T12:04:18+02:00
znver4,native,512,main_scan_enc,33,"and 3",0.13,17.3578,35.6936,34,34,2026-10-06T12:04:18+02:00
znver4,native,512,main_scan_enc,33,"and 1",0.01,22.9443,16.8614,34,34,2026-10-06T12:04:18+02:00
znver4,native,512,main_scan_enc,33,"and 1",0.01,39.5483,106.5171,34,34,2026-10-06T12:04:18+02:00
znver4,native,512,main_scan_enc,33,"and 1",0.01,27.3034,90.4889,34,34,2026-10-06T12:04:18+02:00
znver4,native,512,main_scan_enc,33,"and 1",0.01,40.0146,33.3308,34,34,2026-10-06T12:04:18+02:00
znver4,native,512,main_scan_enc,33,"and 1",0.01,31.4120,88.0613,34,34,2026-10-06T12:04:18+02:00
znver4,native,512,main_scan_enc,33,"and 2",0.07,13.4821,47.8109,34,34,2026-10-06T12:04:18+02:00
znver4,native,512,main_scan_enc,33,"and 2",0.07,13.3851,52.7416,34,34,2026-10-06T12:04:18+02:00
znver4,native,512,main_scan_enc,33,"and 2",0.07,19.9754,53.5919,34,34,2026-10-06T12:04:18+02:00
znver4,native,512,main_scan_enc,33,"and 2",0.07,16.9431,55.0843,34,34,2026-10-06T12:04:18+02:00
znver4,native,512,main_scan_enc,33,"and 2",0.07,9.8114,59.0845,34,34,2026-10-06T12:04:18+02:00
znver4,native,512,main_scan_enc,33,"and 3",0.17,17.6905,33.2620,34,34,2026-10-06T12:04:18+02:00
znver4,native,512,main_scan_enc,33,"and 3",0.17,10.2373,33.7952,34,34,2026-10-06T12:04:18+02:00
znver4,native,512,main_scan_enc,33,"and 3",0.17,10.9313,33.6689,34,34,2026-10-06T12:04:18+02:00
znver4,native,512,main_scan_enc,33,"and 3",0.17,17.6831,39.1987,34,34,2026-10-06T12:04:18+02:00
znver4,native,512,main_scan_enc,33,"and 3",0.17,18.3856,44.0497,34,34,2026-10-06T12:04:18+02:00
znver4,native,512,main_scan_enc,33,"and 1",0.01,28.4974,92.0268,34,34,2026-10-06T12:04:18+02:00
znver4,native,512,main_scan_enc,33,"and 1",0.01,33.0767,103.1585,34,34,2026-10-06T12:04:18+02:00
znver4,native,512,main_scan_enc,33,"and 1",0.01,37.7722,110.8770,34,34,2026-10-06T12:04:18+02:00
znver4,native,512,main_scan_enc,33,"and 1",0.01,40.3800,107.4663,34,34,2026-10-06T12:04:18+02:00
znver4,native,512,main_scan_enc,33,"and 1",0.01,43.4804,116.9769,34,34,2026-10-06T12:04:18+02:00
znver4,native,512,main_scan_enc,33,"and 2",0.10,20.5787,63.5262,34,34,2026-10-06T12:04:18+02:00
znver4,native,512,main_scan_enc,33,"and 2",0.10,21.2777,66.9500,34,34,2026-10-06T12:04:18+02:00
znver4,native,512,main_scan_enc,33,"and 2",0.10,21.7814,71.1755,34,34,2026-10-06T12:04:18+02:00
znver4,native,512,main_scan_enc,33,"and 2",0.10,22.2499,73.2795,34,34,2026-10-06T12:04:18+02:00
znver4,native,512,main_scan_enc,33,"and 2",0.10,22.2258,73.7460,34,34,2026-10-06T12:04:18+02:00
znver4,native,512,main_scan_enc,33,"and 3",0.22,14.3897,26.8695,34,34,2026-10-06T12:04:18+02:00
znver4,native,512,main_scan_enc,33,"and 3",0.22,14.5484,40.9880,34,34,2026-10-06T12:04:18+02:00
znver4,native,512,main_scan_enc,33,"and 3",0.22,14.5543,42.3718,34,34,2026-10-06T12:04:18+02:00
znver4,native,512,main_scan_enc,33,"and 3",0.22,10.8997,41.5830,34,34,2026-10-06T12:04:18+02:00
znver4,native,512,main_scan_enc,33,"and 3",0.22,10.6310,40.9766,34,34,2026-10-06T12:04:18+02:00
znver4,native,512,main_scan_enc,33,"and 1",0.02,27.2712,58.7452,34,34,2026-10-06T12:04:18+02:00
znver4,native,512,main_scan_enc,33,"and 1",0.02,28.8835,62.9249,34,34,2026-10-06T12:04:18+02:00
znver4,native,512,main_scan_enc,33,"and 1",0.02,31.2864,63.9452,34,34,2026-10-06T12:04:18+02:00
znver4,native,512,main_scan_enc,33,"and 1",0.02,32.5853,38.5037,34,34,2026-10-06T12:04:18+02:00
znver4,native,512,main_scan_enc,33,"and 1",0.02,31.4357,56.0188,34,34,2026-10-06T12:04:18+02:00
znver4,native,512,main_scan_enc,33,"and 2",0.14,17.3424,29.6302,34,34,2026-10-06T12:04:18+02:00
znver4,native,512,main_scan_enc,33,"and 2",0.14,18.0861,48.9356,34,34,2026-10-06T12:04:18+02:00
znver4,native,512,main_scan_enc,33,"and 2",0.14,19.7663,22.8442,34,34,2026-10-06T12:04:18+02:00
znver4,native,512,main_scan_enc,33,"and 2",0.14,8.8403,28.0426,34,34,2026-10-06T12:04:18+02:00
znver4,native,512,main_scan_enc,33,"and 2",0.14,11.2482,30.2319,34,34,2026-10-06T12:04:18+02:00
znver4,native,512,main_scan_enc,33,"and 3",0.27,7.0000,31.1208,34,34,2026-10-06T12:04:18+02:00
znver4,native,512,main_scan_enc,33,"and 3",0.27,10.4289,22.7523,34,34,2026-10-06T12:04:18+02:00
znver4,native,512,main_scan_enc,33,"and 3",0.27,6.3441,21.8855,34,34,2026-10-06T12:04:18+02:00
znver4,native,512,main_scan_enc,33,"and 3",0.27,7.8907,21.8879,34,34,2026-10-06T12:04:18+02:00
znver4,native,512,main_scan_enc,33,"and 3",0.27,12.7464,18.7775,34,34,2026-10-06T12:04:18+02:00
znver4,native,512,main_scan_enc,33,"and 1",0.05,25.9506,17.1411,34,34,2026-10-06T12:04:18+02:00
znver4,native,512,main_scan_enc,33,"and 1",0.05,26.9068,10.4143,34,34,2026-10-06T12:04:18+02:00
znver4,native,512,main_scan_enc,33,"and 1",0.05,44.2445,25.8413,34,34,2026-10-06T12:04:18+02:00
znver4,native,512,main_scan_enc,33,"and 1",0.05,33.8702,15.0311,34,34,2026-10-06T12:04:18+02:00
znver4,native,512,main_scan_enc,33,"and 1",0.05,42.0740,14.1297,34,34,2026-10-06T12:04:18+02:00
znver4,native,512,main_scan_enc,33,"and 2",0.22,17.8580,20.3766,34,34,2026-10-06T12:04:18+02:00
znver4,native,512,main_scan_enc,33,"and 2",0.22,17.7219,25.8961,34,34,2026-10-06T12:04:18+02:00
znver4,native,512,main_scan_enc,33,"and 2",0.22,18.6503,18.5483,34,34,2026-10-06T12:04:18+02:00
znver4,native,512,main_scan_enc,33,"and 2",0.22,16.0547,12.8291,34,34,2026-10-06T12:04:18+02:00
znver4,native,512,main_scan_enc,33,"and 2",0.22,17.8428,29.3574,34,34,2026-10-06T12:04:18+02:00
znver4,native,512,main_scan_enc,33,"and 3",0.37,6.0498,22.3101,34,34,2026-10-06T12:04:18+02:00
znver4,native,512,main_scan_enc,33,"and 3",0.37,10.1185,22.4555,34,34,2026-10-06T12:04:18+02:00
znver4,native,512,main_scan_enc,33,"and 3",0.37,7.4862,22.7616,34,34,2026-10-06T12:04:18+02:00
znver4,native,512,main_scan_enc,33,"and 3",0.37,10.0263,23.7824,34,34,2026-10-06T12:04:18+02:00
znver4,native,512,main_scan_enc,33,"and 3",0.37,7.1311,16.2840,34,34,2026-10-06T12:04:18+02:00
znver4,native,512,main_scan_enc,33,"and 1",0.10,27.9470,24.3159,34,34,2026-10-06T12:04:18+02:00
znver4,native,512,main_scan_enc,33,"and 1",0.10,36.0407,24.4978,34,34,2026-10-06T12:04:18+02:00
znver4,native,512,main_scan_enc,33,"and 1",0.10,36.0084,24.7723,34,34,2026-10-06T12:04:18+02:00
znver4,native,512,main_scan_enc,33,"and 1",0.10,36.2908,24.6429,34,34,2026-10-06T12:04:18+02:00
znver4,native,512,main_scan_enc,33,"and 1",0.10,33.5806,13.8072,34,34,2026-10-06T12:04:18+02:00
znver4,native,512,main_scan_enc,33,"and 2",0.32,13.4866,23.4962,34,34,2026-10-06T12:04:18+02:00
znver4,native,512,main_scan_enc,33,"and 2",0.32,8.2817,23.4725,34,34,2026-10-06T12:04:18+02:00
znver4,native,512,main_scan_enc,33,"and 2",0.32,11.5911,23.2075,34,34,2026-10-06T12:04:18+02:00
znver4,native,512,main_scan_enc,33,"and 2",0.32,13.2485,20.0578,34,34,2026-10-06T12:04:18+02:00
znver4,native,512,main_scan_enc,33,"and 2",0.32,13.3608,23.6361,34,34,2026-10-06T12:04:18+02:00
znver4,native,512,main_scan_enc,33,"and 3",0.46,6.5802,20.6920,34,34,2026-10-06T12:04:18+02:00
znver4,native,512,main_scan_enc,33,"and 3",0.46,7.7574,19.8612,34,34,2026-10-06T12:04:18+02:00
znver4,native,512,main_scan_enc,33,"and 3",0.46,5.6808,12.4021,34,34,2026-10-06T12:04:18+02:00
znver4,native,512,main_scan_enc,33,"and 3",0.46,5.2451,16.5754,34,34,2026-10-06T12:04:18+02:00
znver4,native,512,main_scan_enc,33,"and 3",0.46,4.7485,12.8184,34,34,2026-10-06T12:04:18+02:00
znver4,native,512,main_scan_enc,33,"and 1",0.20,8.6808,17.0850,34,34,2026-10-06T12:04:18+02:00
znver4,native,512,main_scan_enc,33,"and 1",0.20,13.6693,13.6793,34,34,2026-10-06T12:04:18+02:00
znver4,native,512,main_scan_enc,33,"and 1",0.20,24.9397,18.2129,34,34,2026-10-06T12:04:18+02:00
znver4,native,512,main_scan_enc,33,"and 1",0.20,13.8801,20.7444,34,34,2026-10-06T12:04:18+02:00
znver4,native,512,main_scan_enc,33,"and 1",0.20,23.7704,20.7828,34,34,2026-10-06T12:04:18+02:00
znver4,native,512,main_scan_enc,33,"and 2",0.45,8.9762,19.0743,34,34,2026-10-06T12:04:18+02:00
znver4,native,512,main_scan_enc,33,"and 2",0.45,8.1970,15.6365,34,34,2026-10-06T12:04:18+02:00
znver4,native,512,main_scan_enc,33,"and 2",0.45,7.1923,18.5875,34,34,2026-10-06T12:04:18+02:00
znver4,native,512,main_scan_enc,33,"and 2",0.45,5.6016,9.1976,34,34,2026-10-06T12:04:18+02:00
znver4,native,512,main_scan_enc,33,"and 2",0.45,4.1315,15.2659,34,34,2026-10-06T12:04:18+02:00
znver4,native,512,main_scan_enc,33,"and 3",0.58,5.1909,11.1004,34,34,2026-10-06T12:04:18+02:00
znver4,native,512,main_scan_enc,33,"and 3",0.58,4.1653,12.2955,34,34,2026-10-06T12:04:18+02:00
znver4,native,512,main_scan_enc,33,"and 3",0.58,5.4329,16.5258,34,34,2026-10-06T12:04:18+02:00
znver4,native,512,main_scan_enc,33,"and 3",0.58,5.4397,11.8278,34,34,2026-10-06T12:04:18+02:00
znver4,native,512,main_scan_enc,33,"and 3",0.58,4.1506,17.6136,34,34,2026-10-06T12:04:18+02:00
znver4,native,512,main_scan_enc,33,"and 1",0.50,7.9866,11.7649,34,34,2026-10-06T12:04:18+02:00
znver4,native,512,main_scan_enc,33,"and 1",0.50,12.0916,8.8589,34,34,2026-10-06T12:04:18+02:00
znver4,native,512,main_scan_enc,33,"and 1",0.50,12.7454,10.7003,34,34,2026-10-06T12:04:18+02:00
znver4,native,512,main_scan_enc,33,"and 1",0.50,7.3693,17.8634,34,34,2026-10-06T12:04:18+02:00
znver4,native,512,main_scan_enc,33,"and 1",0.50,7.9423,11.8838,34,34,2026-10-06T12:04:18+02:00
znver4,native,512,main_scan_enc,33,"and 2",0.71,10.7391,17.5718,34,34,2026-10-06T12:04:18+02:00
znver4,native,512,main_scan_enc,33,"and 2",0.71,7.4146,17.7528,34,34,2026-10-06T12:04:18+02:00
znver4,native,512,main_scan_enc,33,"and 2",0.71,6.5837,14.4809,34,34,2026-10-06T12:04:18+02:00
znver4,native,512,main_scan_enc,33,"and 2",0.71,6.7545,10.8342,34,34,2026-10-06T12:04:18+02:00
znver4,native,512,main_scan_enc,33,"and 2",0.71,6.7811,17.5477,34,34,2026-10-06T12:04:18+02:00
znver4,native,512,main_scan_enc,33,"and 3",0.79,4.1537,8.7333,34,34,2026-10-06T12:04:18+02:00
znver4,native,512,main_scan_enc,33,"and 3",0.79,9.1333,10.0678,34,34,2026-10-06T12:04:18+02:00
znver4,native,512,main_scan_enc,33,"and 3",0.79,6.0229,15.5488,34,34,2026-10-06T12:04:18+02:00
znver4,native,512,main_scan_enc,33,"and 3",0.79,8.7236,16.3505,34,34,2026-10-06T12:04:18+02:00
znver4,native,512,main_scan_enc,33,"and 3",0.79,9.4297,15.5648,34,34,2026-10-06T12:04:18+02:00
znver4,native,512,main_scan_enc,33,"and 1",1.00,19.3854,14.8750,34,34,2026-10-06T12:04:18+02:00
znver4,native,512,main_scan_enc,33,"and 1",1.00,18.5086,15.2092,34,34,2026-10-06T12:04:18+02:00
znver4,native,512,main_scan_enc,33,"and 1",1.00,18.6435,15.2815,34,34,2026-10-06T12:04:18+02:00
znver4,native,512,main_scan_enc,33,"and 1",1.00,18.4514,15.7552,34,34,2026-10-06T12:04:18+02:00
znver4,native,512,main_scan_enc,33,"and 1",1.00,17.5498,15.6134,34,34,2026-10-06T12:04:18+02:00
znver4,native,512,main_scan_enc,33,"and 2",1.00,16.3154,15.8787,34,34,2026-10-06T12:04:18+02:00
znver4,native,512,main_scan_enc,33,"and 2",1.00,16.4346,15.7409,34,34,2026-10-06T12:04:18+02:00
znver4,native,512,main_scan_enc,33,"and 2",1.00,16.0692,14.2197,34,34,2026-10-06T12:04:18+02:00
znver4,native,512,main_scan_enc,33,"and 2",1.00,16.1270,16.1634,34,34,2026-10-06T12:04:18+02:00
znver4,native,512,main_scan_enc,33,"and 2",1.00,15.7900,15.5571,34,34,2026-10-06T12:04:18+02:00
znver4,native,512,main_scan_enc,33,"and 3",1.00,13.7520,12.6146,34,34,2026-10-06T12:04:18+02:00
znver4,native,512,main_scan_enc,33,"and 3",1.00,10.4953,14.2767,34,34,2026-10-06T12:04:18+02:00
znver4,native,512,main_scan_enc,33,"and 3",1.00,13.3993,14.2181,34,34,2026-10-06T12:04:18+02:00
znver4,native,512,main_scan_enc,33,"and 3",1.00,13.7268,14.3439,34,34,2026-10-06T12:04:18+02:00
znver4,native,512,main_scan_enc,33,"and 3",1.00,12.2881,11.6055,34,34,2026-10-06T12:04:18+02:00
znver4,native,512,main_gather,33,"gather_byte",100.00,0.418835,0.418835,34,34,2026-10-06T12:04:33+02:00
znver4,native,512,main_gather,33,"gather_short",100.00,0.305892,0.305892,34,34,2026-10-06T12:04:33+02:00
znver4,native,512,main_gather,33,"gather_int",100.00,0.209180,0.209180,34,34,2026-10-06T12:04:33+02:00
znver4,native,512,main_gather,33,"gather_long",100.00,0.176383,0.176383,34,34,2026-10-06T12:04:33+02:00
znver4,native,512,main_gather,33,"gather_char",100.00,0.046380,0.046380,34,34,2026-10-06T12:04:33+02:00
znver4,native,512,main_gather,33,"gather_encoded",100.00,0.381872,0.381872,34,34,2026-10-06T12:04:33+02:00
znver4,native,512,main_gather,33,"copy_encoded",100.00,9.111857,9.111857,34,34,2026-10-06T12:04:33+02:00
znver4,native,512,main_part,37,"int * 1 | 2^4",,8.6770,8.6770,38,38,2026-10-06T12:35:33+02:00
znver4,native,512,main_part,37,"int * 1 | 2^4",,9.1290,9.1290,38,38,2026-10-06T12:35:33+02:00
znver4,native,512,main_part,37,"int * 1 | 2^4",,7.4401,7.4401,38,38,2026-10-06T12:35:33+02:00
znver4,native,512,main_part,37,"int * 1 | 2^4",,8.5438,8.5438,38,38,2026-10-06T12:35:33+02:00
znver4,native,512,main_part,37,"int * 1 | 2^4",,9.2848,9.2848,38,38,2026-10-06T12:35:33+02:00
znver4,native,512,main_part,37,"int * 1 | 2^5",,8.3440,8.3440,38,38,2026-10-06T12:35:33+02:00
znver4,native,512,main_part,37,"int * 1 | 2^5",,7.7941,7.7941,38,38,2026-10-06T12:35:33+02:00
znver4,native,512,main_part,37,"int * 1 | 2^5",,6.7788,6.7788,38,38,2026-10-06T12:35:33+02:00
znver4,native,512,main_part,37,"int * 1 | 2^5",,8.2976,8.2976,38,38,2026-10-06T12:35:33+02:00
znver4,native,512,main_part,37,"int * 1 | 2^5",,8.3187,8.3187,38,38,2026-10-06T12:35:33+02:00
znver4,native,512,main_part,37,"int * 1 | 2^6",,4.6690,4.6690,38,38,2026-10-06T12:35:33+02:00
znver4,native,512,main_part,37,"int * 1 | 2^6",,9.1387,9.1387,38,38,2026-10-06T12:35:33+02:00
znver4,native,512,main_part,37,"int * 1 | 2^6",,7.4672,7.4672,38,38,2026-10-06T12:35:33+02:00
znver4,native,512,main_part,37,"int * 1 | 2^6",,10.9892,10.9892,38,38,2026-10-06T12:35:33+02:00
znver4,native,512,main_part,37,"int * 1 | 2^6",,9.3486,9.3486,38,38,2026-10-06T12:35:33+02:00
znver4,native,512,main_part,37,"int * 1 | 2^7",,11.5884,11.5884,38,38,2026-10-06T12:35:33+02:00
znver4,native,512,main_part,37,"int * 1 | 2^7",,10.3441,10.3441,38,38,2026-10-06T12:35:33+02:00
znver4,native,512,main_part,37,"int * 1 | 2^7",,10.8520,10.8520,38,38,2026-10-06T12:35:33+02:00
znver4,native,512,main_part,37,"int * 1 | 2^7",,8.7943,8.7943,38,38,2026-10-06T12:35:33+02:00
znver4,native,512,main_part,37,"int * 1 | 2^7",,10.7884,10.7884,38,38,2026-10-06T12:35:33+02:00
znver4,native,512,main_part,37,"int * 1 | 2^8",,11.4923,11.4923,38,38,2026-10-06T12:35:33+02:00
znver4,native,512,main_part,37,"int * 1 | 2^8",,7.1036,7.1036,38,38,2026-10-06T12:35:33+02:00
znver4,native,512,main_part,37,"int * 1 | 2^8",,8.0934,8.0934,38,38,2026-10-06T12:35:33+02:00
znver4,native,512,main_part,37,"int * 1 | 2^8",,9.3457,9.3457,38,38,2026-10-06T12:35:33+02:00
znver4,native,512,main_part,37,"int * 1 | 2^8",,11.9765,11.9765,38,38,2026-10-06T12:35:33+02:00
znver4,native,512,main_part,37,"int * 2 | 2^4",,9.1420,9.1420,38,38,2026-10-06T12:35:33+02:00
znver4,native,512,main_part,37,"int * 2 | 2^4",,8.3610,8.3610,38,38,2026-10-06T12:35:33+02:00
znver4,native,512,main_part,37,"int * 2 | 2^4",,9.0050,9.0050,38,38,2026-10-06T12:35:33+02:00
znver4,native,512,main_part,37,"int * 2 | 2^4",,9.1305,9.1305,38,38,2026-10-06T12:35:33+02:00
znver4,native,512,main_part,37,"int * 2 | 2^4",,9.1446,9.1446,38,38,2026-10-06T12:35:33+02:00
znver4,native,512,main_part,37,"int * 2 | 2^5",,6.8108,6.8108,38,38,2026-10-06T12:35:33+02:00
znver4,native,512,main_part,37,"int * 2 | 2^5",,9.1059,9.1059,38,38,2026-10-06T12:35:33+02:00
znver4,native,512,main_part,37,"int * 2 | 2^5",,9.1478,9.1478,38,38,2026-10-06T12:35:33+02:00
znver4,native,512,main_part,37,"int * 2 | 2^5",,9.1796,9.1796,38,38,2026-10-06T12:35:33+02:00
znver4,native,512,main_part,37,"int * 2 | 2^5",,9.1331,9.1331,38,38,2026-10-06T12:35:33+02:00
znver4,native,512,main_part,37,"int * 2 | 2^6",,6.9185,6.9185,38,38,2026-10-06T12:35:33+02:00
znver4,native,512,main_part,37,"int * 2 | 2^6",,8.0751,8.0751,38,38,2026-10-06T12:35:33+02:00
znver4,native,512,main_part,37,"int * 2 | 2^6",,9.0326,9.0326,38,38,2026-10-06T12:35:33+02:00
znver4,native,512,main_part,37,"int * 2 | 2^6",,9.1080,9.1080,38,38,2026-10-06T12:35:33+02:00
znver4,native,512,main_part,37,"int * 2 | 2^6",,9.1725,9.1725,38,38,2026-10-06T12:35:33+02:00
znver4,native,512,main_part,37,"int * 2 | 2^7",,7.3316,7.3316,38,38,2026-10-06T12:35:33+02:00
znver4,native,512,main_part,37,"int * 2 | 2^7",,8.8210,8.8210,38,38,2026-10-06T12:35:33+02:00
znver4,native,512,main_part,37,"int * 2 | 2^7",,8.8467,8.8467,38,38,2026-10-06T12:35:33+02:00
znver4,native,512,main_part,37,"int * 2 | 2^7",,8.9296,8.9296,38,38,2026-10-06T12:35:33+02:00
znver4,native,512,main_part,37,"int * 2 | 2^7",,8.8903,8.8903,38,38,2026-10-06T12:35:33+02:00
znver4,native,512,main_part,37,"int * 2 | 2^8",,6.8003,6.8003,38,38,2026-10-06T12:35:33+02:00
znver4,native,512,main_part,37,"int * 2 | 2^8",,8.7152,8.7152,38,38,2026-10-06T12:35:33+02:00
znver4,native,512,main_part,37,"int * 2 | 2^8",,7.9009,7.9009,38,38,2026-10-06T12:35:33+02:00
znver4,native,512,main_part,37,"int * 2 | 2^8",,8.5653,8.5653,38,38,2026-10-06T12:35:33+02:00
znver4,native,512,main_part,37,"int * 2 | 2^8",,8.5994,8.5994,38,38,2026-10-06T12:35:33+02:00
znver4,native,512,main_part,37,"int * 3 | 2^4",,6.0094,6.0094,38,38,2026-10-06T12:35:33+02:00
znver4,native,512,main_part,37,"int * 3 | 2^4",,6.9327,6.9327,38,38,2026-10-06T12:35:33+02:00
znver4,native,512,main_part,37,"int * 3 | 2^4",,6.8069,6.8069,38,38,2026-10-06T12:35:33+02:00
znver4,native,512,main_part,37,"int * 3 | 2^4",,5.9549,5.9549,38,38,2026-10-06T12:35:33+02:00
znver4,native,512,main_part,37,"int * 3 | 2^4",,6.8951,6.8951,38,38,2026-10-06T12:35:33+02:00
znver4,native,512,main_part,37,"int * 3 | 2^5",,6.3405,6.3405,38,38,2026-10-06T12:35:33+02:00
znver4,native,512,main_part,37,"int * 3 | 2^5",,5.1907,5.1907,38,38,2026-10-06T12:35:33+02:00
znver4,native,512,main_part,37,"int * 3 | 2^5",,5.3023,5.3023,38,38,2026-10-06T12:35:33+02:00
znver4,native,512,main_part,37,"int * 3 | 2^5",,6.7790,6.7790,38,38,2026-10-06T12:35:33+02:00
znver4,native,512,main_part,37,"int * 3 | 2^5",,6.5127,6.5127,38,38,2026-10-06T12:35:33+02:00
znver4,native,512,main_part,37,"int * 3 | 2^6",,5.7735,5.7735,38,38,2026-10-06T12:35:33+02:00
znver4,native,512,main_part,37,"int * 3 | 2^6",,5.2598,5.2598,38,38,2026-10-06T12:35:33+02:00
znver4,native,512,main_part,37,"int * 3 | 2^6",,5.7097,5.7097,38,38,2026-10-06T12:35:33+02:00
znver4,native,512,main_part,37,"int * 3 | 2^6",,5.5012,5.5012,38,38,2026-10-06T12:35:33+02:00
znver4,native,512,main_part,37,"int * 3 | 2^6",,6.8942,6.8942,38,38,2026-10-06T12:35:33+02:00
znver4,native,512,main_part,37,"int * 3 | 2^7",,6.7141,6.7141,38,38,2026-10-06T12:35:33+02:00
znver4,native,512,main_part,37,"int * 3 | 2^7",,6.7148,6.7148,38,38,2026-10-06T12:35:33+02:00
znver4,native,512,main_part,37,"int * 3 | 2^7",,6.8076,6.8076,38,38,2026-10-06T12:35:33+02:00
znver4,native,512,main_part,37,"int * 3 | 2^7",,6.6236,6.6236,38,38,2026-10-06T12:35:33+02:00
znver4,native,512,main_part,37,"int * 3 | 2^7",,6.7456,6.7456,38,38,2026-10-06T12:35:33+02:00
znver4,native,512,main_part,37,"int * 3 | 2^8",,6.6353,6.6353,38,38,2026-10-06T12:35:33+02:00
znver4,native,512,main_part,37,"int * 3 | 2^8",,6.5370,6.5370,38,38,2026-10-06T12:35:33+02:00
znver4,native,512,main_part,37,"int * 3 | 2^8",,4.6338,4.6338,38,38,2026-10-06T12:35:33+02:00
znver4,native,512,main_part,37,"int * 3 | 2^8",,4.8068,4.8068,38,38,2026-10-06T12:35:33+02:00
znver4,native,512,main_part,37,"int * 3 | 2^8",,5.1801,5.1801,38,38,2026-10-06T12:35:33+02:00
znver4,native,512,main_scan_int,38,"and 1",0.00,47.4370,17.0377,39,39,2026-10-06T12:35:42+02:00
znver4,native,512,main_scan_int,38,"and 1",0.00,43.4247,62.6398,39,39,2026-10-06T12:35:42+02:00
znver4,native,512,main_scan_int,38,"and 1",0.00,43.2749,70.1621,39,39,2026-10-06T12:35:42+02:00
znver4,native,512,main_scan_int,38,"and 1",0.00,47.7514,59.8178,39,39,2026-10-06T12:35:42+02:00
znver4,native,512,main_scan_int,38,"and 1",0.00,20.5124,70.0184,39,39,2026-10-06T12:35:42+02:00
znver4,native,512,main_scan_int,38,"and 2",0.03,20.0294,31.3345,39,39,2026-10-06T12:35:42+02:00
znver4,native,512,main_scan_int,38,"and 2",0.03,24.7394,34.5994,39,39,2026-10-06T12:35:42+02:00
znver4,native,512,main_scan_int,38,"and 2",0.03,18.1977,32.3067,39,39,2026-10-06T12:35:42+02:00
znver4,native,512,main_scan_int,38,"and 2",0.03,19.0865,27.1775,39,39,2026-10-06T12:35:42+02:00
znver4,native,512,main_scan_int,38,"and 2",0.03,17.7743,19.6445,39,39,2026-10-06T12:35:42+02:00
znver4,native,512,main_scan_int,38,"and 3",0.10,16.3121,25.4279,39,39,2026-10-06T12:35:42+02:00
znver4,native,512,main_scan_int,38,"and 3",0.10,13.6751,24.1940,39,39,2026-10-06T12:35:42+02:00
znver4,native,512,main_scan_int,38,"and 3",0.10,15.6538,15.6007,39,39,2026-10-06T12:35:42+02:00
znver4,native,512,main_scan_int,38,"and 3",0.10,14.3389,15.3669,39,39,2026-10-06T12:35:42+02:00
znver4,native,512,main_scan_int,38,"and 3",0.10,14.4004,20.2907,39,39,2026-10-06T12:35:42+02:00
znver4,native,512,main_scan_int,38,"and 1",0.00,41.0699,51.6064,39,39,2026-10-06T12:35:42+02:00
znver4,native,512,main_scan_int,38,"and 1",0.00,41.9605,15.9906,39,39,2026-10-06T12:35:42+02:00
znver4,native,512,main_scan_int,38,"and 1",0.00,42.8717,44.2162,39,39,2026-10-06T12:35:42+02:00
znver4,native,512,main_scan_int,38,"and 1",0.00,44.9512,58.1906,39,39,2026-10-06T12:35:42+02:00
znver4,native,512,main_scan_int,38,"and 1",0.00,16.3911,12.2698,39,39,2026-10-06T12:35:42+02:00
znver4,native,512,main_scan_int,38,"and 2",0.04,20.0994,26.2274,39,39,2026-10-06T12:35:42+02:00
znver4,native,512,main_scan_int,38,"and 2",0.04,23.7690,27.4343,39,39,2026-10-06T12:35:42+02:00
znver4,native,512,main_scan_int,38,"and 2",0.04,23.6801,29.8531,39,39,2026-10-06T12:35:42+02:00
znver4,native,512,main_scan_int,38,"and 2",0.04,23.1549,11.7655,39,39,2026-10-06T12:35:42+02:00
znver4,native,512,main_scan_int,38,"and 2",0.04,19.6641,20.1800,39,39,2026-10-06T12:35:42+02:00
znver4,native,512,main_scan_int,38,"and 3",0.13,12.0640,20.9958,39,39,2026-10-06T12:35:42+02:00
znver4,native,512,main_scan_int,38,"and 3",0.13,12.3778,20.9337,39,39,2026-10-06T12:35:42+02:00
znver4,native,512,main_scan_int,38,"and 3",0.13,12.5929,11.4000,39,39,2026-10-06T12:35:42+02:00
znver4,native,512,main_scan_int,38,"and 3",0.13,15.8382,14.9967,39,39,2026-10-06T12:35:42+02:00
znver4,native,512,main_scan_int,38,"and 3",0.13,11.0266,20.0351,39,39,2026-10-06T12:35:42+02:00
znver4,native,512,main_scan_int,38,"and 1",0.01,14.3176,11.6790,39,39,2026-10-06T12:35:42+02:00
znver4,native,512,main_scan_int,38,"and 1",0.01,24.6220,12.2788,39,39,2026-10-06T12:35:42+02:00
znver4,native,512,main_scan_int,38,"and 1",0.01,42.7166,41.7258,39,39,2026-10-06T12:35:42+02:00
znver4,native,512,main_scan_int,38,"and 1",0.01,34.3767,22.9050,39,39,2026-10-06T12:35:42+02:00
znver4,native,512,main_scan_int,38,"and 1",0.01,27.2083,11.8622,39,39,2026-10-06T12:35:42+02:00
znver4,native,512,main_scan_int,38,"and 2",0.07,14.8663,16.4785,39,39,2026-10-06T12:35:42+02:00
znver4,native,512,main_scan_int,38,"and 2",0.07,21.4301,15.8350,39,39,2026-10-06T12:35:42+02:00
znver4,native,512,main_scan_int,38,"and 2",0.07,21.2677,28.0603,39,39,2026-10-06T12:35:42+02:00
znver4,native,512,main_scan_int,38,"and 2",0.07,17.2850,16.3309,39,39,2026-10-06T12:35:42+02:00
znver4,native,512,main_scan_int,38,"and 2",0.07,17.6080,14.9734,39,39,2026-10-06T12:35:42+02:00
znver4,native,512,main_scan_int,38,"and 3",0.17,11.1556,18.0124,39,39,2026-10-06T12:35:42+02:00
znver4,native,512,main_scan_int,38,"and 3",0.17,9.7569,17.4654,39,39,2026-10-06T12:35:42+02:00
znver4,native,512,main_scan_int,38,"and 3",0.17,11.4298,18.7836,39,39,2026-10-06T12:35:42+02:00
znver4,native,512,main_scan_int,38,"and 3",0.17,14.5483,17.8519,39,39,2026-10-06T12:35:42+02:00
znver4,native,512,main_scan_int,38,"and 3",0.17,11.5354,11.0732,39,39,2026-10-06T12:35:42+02:00
znver4,native,512,main_scan_int,38,"and 1",0.01,32.0356,12.0245,39,39,2026-10-06T12:35:42+02:00
znver4,native,512,main_scan_int,38,"and 1",0.01,24.3495,52.0541,39,39,2026-10-06T12:35:42+02:00
znver4,native,512,main_scan_int,38,"and 1",0.01,34.4757,44.3699,39,39,2026-10-06T12:35:42+02:00
znver4,native,512,main_scan_int,38,"and 1",0.01,34.6949,14.9952,39,39,2026-10-06T12:35:42+02:00
znver4,native,512,main_scan_int,38,"and 1",0.01,28.8705,26.6195,39,39,2026-10-06T12:35:42+02:00
znver4,native,512,main_scan_int,38,"and 2",0.10,14.7181,26.6958,39,39,2026-10-06T12:35:42+02:00
znver4,native,512,main_scan_int,38,"and 2",0.10,15.1436,26.1095,39,39,2026-10-06T12:35:42+02:00
znver4,native,512,main_scan_int,38,"and 2",0.10,11.9883,11.3245,39,39,2026-10-06T12:35:42+02:00
znver4,native,512,main_scan_int,38,"and 2",0.10,14.6957,24.8002,39,39,2026-10-06T12:35:42+02:00
znver4,native,512,main_scan_int,38,"and 2",0.10,18.5340,6.2058,39,39,2026-10-06T12:35:42+02:00
znver4,native,512,main_scan_int,38,"and 3",0.22,13.4833,16.1175,39,39,2026-10-06T12:35:42+02:00
znver4,native,512,main_scan_int,38,"and 3",0.22,10.7763,17.5168,39,39,2026-10-06T12:35:42+02:00
znver4,native,512,main_scan_int,38,"and 3",0.22,13.7821,15.6090,39,39,2026-10-06T12:35:42+02:00
znver4,native,512,main_scan_int,38,"and 3",0.22,10.9918,11.2137,39,39,2026-10-06T12:35:42+02:00
znver4,native,512,main_scan_int,38,"and 3",0.22,10.8588,15.7492,39,39,2026-10-06T12:35:42+02:00
znver4,native,512,main_scan_int,38,"and 1",0.02,28.6768,29.9613,39,39,2026-10-06T12:35:42+02:00
znver4,native,512,main_scan_int,38,"and 1",0.02,13.6270,30.5054,39,39,2026-10-06T12:35:42+02:00
znver4,native,512,main_scan_int,38,"and 1",0.02,16.9100,42.3283,39,39,2026-10-06T12:35:42+02:00
znver4,native,512,main_scan_int,38,"and 1",0.02,10.4710,42.8471,39,39,2026-10-06T12:35:42+02:00
znver4,native,512,main_scan_int,38,"and 1",0.02,13.8818,31.7756,39,39,2026-10-06T12:35:42+02:00
znver4,native,512,main_scan_int,38,"and 2",0.14,13.5217,22.1709,39,39,2026-10-06T12:35:42+02:00
znver4,native,512,main_scan_int,38,"and 2",0.14,19.5870,19.5629,39,39,2026-10-06T12:35:42+02:00
znver4,native,512,main_scan_int,38,"and 2",0.14,19.8349,23.3608,39,39,2026-10-06T12:35:42+02:00
znver4,native,512,main_scan_int,38,"and 2",0.14,14.5200,23.6671,39,39,2026-10-06T12:35:42+02:00
znver4,native,512,main_scan_int,38,"and 2",0.14,20.3673,18.1281,39,39,2026-10-06T12:35:42+02:00
znver4,native,512,main_scan_int,38,"and 3",0.27,8.8060,13.1903,39,39,2026-10-06T12:35:42+02:00
znver4,native,512,main_scan_int,38,"and 3",0.27,8.9209,15.1597,39,39,2026-10-06T12:35:42+02:00
znver4,native,512,main_scan_int,38,"and 3",0.27,11.6959,10.9360,39,39,2026-10-06T12:35:42+02:00
znver4,native,512,main_scan_int,38,"and 3",0.27,9.7288,13.7900,39,39,2026-10-06T12:35:42+02:00
znver4,native,512,main_scan_int,38,"and 3",0.27,8.8778,15.5197,39,39,2026-10-06T12:35:42+02:00
znver4,native,512,main_scan_int,38,"and 1",0.05,27.4528,29.7538,39,39,2026-10-06T12:35:42+02:00
znver4,native,512,main_scan_int,38,"and 1",0.05,28.5000,30.4571,39,39,2026-10-06T12:35:42+02:00
znver4,native,512,main_scan_int,38,"and 1",0.05,29.7613,29.2923,39,39,2026-10-06T12:35:42+02:00
znver4,native,512,main_scan_int,38,"and 1",0.05,28.5678,30.8437,39,39,2026-10-06T12:35:42+02:00
znver4,native,512,main_scan_int,38,"and 1",0.05,27.6124,31.1126,39,39,2026-10-06T12:35:42+02:00
znver4,native,512,main_scan_int,38,"and 2",0.22,18.0031,19.1199,39,39,2026-10-06T12:35:42+02:00
znver4,native,512,main_scan_int,38,"and 2",0.22,17.8477,19.4302,39,39,2026-10-06T12:35:42+02:00
znver4,native,512,main_scan_int,38,"and 2",0.22,17.9745,16.1317,39,39,2026-10-06T12:35:42+02:00
znver4,native,512,main_scan_int,38,"and 2",0.22,16.7981,19.4897,39,39,2026-10-06T12:35:42+02:00
znver4,native,512,main_scan_int,38,"and 2",0.22,18.2095,19.5658,39,39,2026-10-06T12:35:42+02:00
znver4,native,512,main_scan_int,38,"and 3",0.37,11.3947,12.0549,39,39,2026-10-06T12:35:42+02:00
znver4,native,512,main_scan_int,38,"and 3",0.37,11.3099,13.7362,39,39,2026-10-06T12:35:42+02:00
znver4,native,512,main_scan_int,38,"and 3",0.37,11.3662,13.7931,39,39,2026-10-06T12:35:42+02:00
znver4,native,512,main_scan_int,38,"and 3",0.37,8.4115,13.2399,39,39,2026-10-06T12:35:42+02:00
znver4,native,512,main_scan_int,38,"and 3",0.37,8.8612,11.5079,39,39,2026-10-06T12:35:42+02:00
znver4,native,512,main_scan_int,38,"and 1",0.10,19.7014,24.9953,39,39,2026-10-06T12:35:42+02:00
znver4,native,512,main_scan_int,38,"and 1",0.10,13.5396,24.2623,39,39,2026-10-06T12:35:42+02:00
znver4,native,512,main_scan_int,38,"and 1",0.10,18.3680,13.8392,39,39,2026-10-06T12:35:42+02:00
znver4,native,512,main_scan_int,38,"and 1",0.10,20.9738,15.4986,39,39,2026-10-06T12:35:42+02:00
znver4,native,512,main_scan_int,38,"and 1",0.10,19.7981,14.7204,39,39,2026-10-06T12:35:42+02:00
znver4,native,512,main_scan_int,38,"and 2",0.32,13.2746,10.0217,39,39,2026-10-06T12:35:42+02:00
znver4,native,512,main_scan_int,38,"and 2",0.32,13.0096,13.2854,39,39,2026-10-06T12:35:42+02:00
znver4,native,512,main_scan_int,38,"and 2",0.32,16.8987,9.9413,39,39,2026-10-06T12:35:42+02:00
znver4,native,512,main_scan_int,38,"and 2",0.32,6.1698,10.8608,39,39,2026-10-06T12:35:42+02:00
znver4,native,512,main_scan_int,38,"and 2",0.32,9.2479,12.2068,39,39,2026-10-06T12:35:42+02:00
znver4,native,512,main_scan_int,38,"and 3",0.46,6.7482,9.9318,39,39,2026-10-06T12:35:42+02:00
znver4,native,512,main_scan_int,38,"and 3",0.46,6.7331,9.0275,39,39,2026-10-06T12:35:42+02:00
znver4,native,512,main_scan_int,38,"and 3",0.46,6.5909,9.2215,39,39,2026-10-06T12:35:42+02:00
znver4,native,512,main_scan_int,38,"and 3",0.46,7.3402,9.7179,39,39,2026-10-06T12:35:42+02:00
znver4,native,512,main_scan_int,38,"and 3",0.46,5.0757,5.8243,39,39,2026-10-06T12:35:42+02:00
znver4,native,512,main_scan_int,38,"and 1",0.20,14.2421,10.7685,39,39,2026-10-06T12:35:42+02:00
znver4,native,512,main_scan_int,38,"and 1",0.20,13.8878,11.8561,39,39,2026-10-06T12:35:42+02:00
znver4,native,512,main_scan_int,38,"and 1",0.20,14.8831,12.1989,39,39,2026-10-06T12:35:42+02:00
znver4,native,512,main_scan_int,38,"and 1",0.20,14.7999,15.8633,39,39,2026-10-06T12:35:42+02:00
znver4,native,512,main_scan_int,38,"and 1",0.20,9.4423,12.4837,39,39,2026-10-06T12:35:42+02:00
znver4,native,512,main_scan_int,38,"and 2",0.45,5.5942,10.1288,39,39,2026-10-06T12:35:42+02:00
znver4,native,512,main_scan_int,38,"and 2",0.45,6.8069,9.3327,39,39,2026-10-06T12:35:42+02:00
znver4,native,512,main_scan_int,38,"and 2",0.45,6.3732,8.8240,39,39,2026-10-06T12:35:42+02:00
znver4,native,512,main_scan_int,38,"and 2",0.45,8.8269,10.1711,39,39,2026-10-06T12:35:42+02:00
znver4,native,512,main_scan_int,38,"and 2",0.45,7.9536,11.0230,39,39,2026-10-06T12:35:42+02:00
znver4,native,512,main_scan_int,38,"and 3",0.58,5.8796,5.5999,39,39,2026-10-06T12:35:42+02:00
znver4,native,512,main_scan_int,38,"and 3",0.58,6.3605,11.5287,39,39,2026-10-06T12:35:42+02:00
znver4,native,512,main_scan_int,38,"and 3",0.58,6.5027,11.6844,39,39,2026-10-06T12:35:42+02:00
znver4,native,512,main_scan_int,38,"and 3",0.58,5.9776,6.3752,39,39,2026-10-06T12:35:42+02:00
znver4,native,512,main_scan_int,38,"and 3",0.58,2.6388,6.3609,39,39,2026-10-06T12:35:42+02:00
znver4,native,512,main_scan_int,38,"and 1",0.50,10.7868,11.8923,39,39,2026-10-06T12:35:42+02:00
znver4,native,512,main_scan_int,38,"and 1",0.50,16.5115,9.0471,39,39,2026-10-06T12:35:42+02:00
znver4,native,512,main_scan_int,38,"and 1",0.50,8.9290,11.8004,39,39,2026-10-06T12:35:42+02:00
znver4,native,512,main_scan_int,38,"and 1",0.50,9.2251,8.9553,39,39,2026-10-06T12:35:42+02:00
znver4,native,512,main_scan_int,38,"and 1",0.50,8.5387,11.9579,39,39,2026-10-06T12:35:42+02:00
znver4,native,512,main_scan_int,38,"and 2",0.71,7.6187,9.8183,39,39,2026-10-06T12:35:42+02:00
znver4,native,512,main_scan_int,38,"and 2",0.71,5.2859,11.3296,39,39,2026-10-06T12:35:42+02:00
znver4,native,512,main_scan_int,38,"and 2",0.71,9.1833,8.2795,39,39,2026-10-06T12:35:42+02:00
znver4,native,512,main_scan_int,38,"and 2",0.71,5.9116,9.9563,39,39,2026-10-06T12:35:42+02:00
znver4,native,512,main_scan_int,38,"and 2",0.71,7.0135,11.1113,39,39,2026-10-06T12:35:42+02:00
znver4,native,512,main_scan_int,38,"and 3",0.79,7.2512,8.9540,39,39,2026-10-06T12:35:42+02:00
znver4,native,512,main_scan_int,38,"and 3",0.79,7.1760,9.5189,39,39,2026-10-06T12:35:42+02:00
znver4,native,512,main_scan_int,38,"and 3",0.79,9.1305,8.4112,39,39,2026-10-06T12:35:42+02:00
znver4,native,512,main_scan_int,38,"and 3",0.79,5.0303,10.9843,39,39,2026-10-06T12:35:42+02:00
znver4,native,512,main_scan_int,38,"and 3",0.79,6.8548,8.6269,39,39,2026-10-06T12:35:42+02:00
znver4,native,512,main_scan_int,38,"and 1",1.00,15.4966,21.0338,39,39,2026-10-06T12:35:42+02:00
znver4,native,512,main_scan_int,38,"and 1",1.00,14.9184,19.5084,39,39,2026-10-06T12:35:42+02:00
znver4,native,512,main_scan_int,38,"and 1",1.00,15.1005,12.5956,39,39,2026-10-06T12:35:42+02:00
znver4,native,512,main_scan_int,38,"and 1",1.00,15.7294,14.3398,39,39,2026-10-06T12:35:42+02:00
znver4,native,512,main_scan_int,38,"and 1",1.00,11.6971,15.6653,39,39,2026-10-06T12:35:42+02:00
znver4,native,512,main_scan_int,38,"and 2",1.00,11.4754,14.5683,39,39,2026-10-06T12:35:42+02:00
znver4,native,512,main_scan_int,38,"and 2",1.00,12.2259,15.3457,39,39,2026-10-06T12:35:42+02:00
znver4,native,512,main_scan_int,38,"and 2",1.00,11.9405,12.3163,39,39,2026-10-06T12:35:42+02:00
znver4,native,512,main_scan_int,38,"and 2",1.00,12.0166,14.7907,39,39,2026-10-06T12:35:42+02:00
znver4,native,512,main_scan_int,38,"and 2",1.00,11.6853,13.2159,39,39,2026-10-06T12:35:42+02:00
znver4,native,512,main_scan_int,38,"and 3",1.00,9.4102,11.6127,39,39,2026-10-06T12:35:42+02:00
znver4,native,512,main_scan_int,38,"and 3",1.00,9.4211,12.0142,39,39,2026-10-06T12:35:42+02:00
znver4,native,512,main_scan_int,38,"and 3",1.00,9.4891,5.7262,39,39,2026-10-06T12:35:42+02:00
znver4,native,512,main_scan_int,38,"and 3",1.00,9.4496,10.5690,39,39,2026-10-06T12:35:42+02:00
znver4,native,512,main_scan_int,38,"and 3",1.00,9.0389,11.5729,39,39,2026-10-06T12:35:42+02:00
znver4,native,512,main_scan_enc,38,"and 1",0.00,11.2182,123.0003,39,39,2026-10-06T12:35:58+02:00
znver4,native,512,main_scan_enc,38,"and 1",0.00,26.7131,25.0168,39,39,2026-10-06T12:35:58+02:00
znver4,native,512,main_scan_enc,38,"and 1",0.00,41.1586,16.2065,39,39,2026-10-06T12:35:58+02:00
znver4,native,512,main_scan_enc,38,"and 1",0.00,64.1308,12.2558,39,39,2026-10-06T12:35:58+02:00
znver4,native,512,main_scan_enc,38,"and 1",0.00,63.8789,88.5862,39,39,2026-10-06T12:35:58+02:00
znver4,native,512,main_scan_enc,38,"and 2",0.03,25.0238,78.0450,39,39,2026-10-06T12:35:58+02:00
znver4,native,512,main_scan_enc,38,"and 2",0.03,16.4663,73.2805,39,39,2026-10-06T12:35:58+02:00
znver4,native,512,main_scan_enc,38,"and 2",0.03,26.3785,19.4261,39,39,2026-10-06T12:35:58+02:00
znver4,native,512,main_scan_enc,38,"and 2",0.03,40.1262,63.6963,39,39,2026-10-06T12:35:58+02:00
znver4,native,512,main_scan_enc,38,"and 2",0.03,13.9676,22.8791,39,39,2026-10-06T12:35:58+02:00
znver4,native,512,main_scan_enc,38,"and 3",0.10,15.8844,41.9555,39,39,2026-10-06T12:35:58+02:00
znver4,native,512,main_scan_enc,38,"and 3",0.10,12.2285,39.0072,39,39,2026-10-06T12:35:58+02:00
znver4,native,512,main_scan_enc,38,"and 3",0.10,12.7606,53.4078,39,39,2026-10-06T12:35:58+02:00
znver4,native,512,main_scan_enc,38,"and 3",0.10,21.9425,54.9631,39,39,2026-10-06T12:35:58+02:00
znver4,native,512,main_scan_enc,38,"and 3",0.10,12.7718,41.9316,39,39,2026-10-06T12:35:58+02:00
znver4,native,512,main_scan_enc,38,"and 1",0.00,23.1483,117.4696,39,39,2026-10-06T12:35:58+02:00
znver4,native,512,main_scan_enc,38,"and 1",0.00,54.1763,19.1962,39,39,2026-10-06T12:35:58+02:00
znver4,native,512,main_scan_enc,38,"and 1",0.00,56.3222,126.1072,39,39,2026-10-06T12:35:58+02:00
znver4,native,512,main_scan_enc,38,"and 1",0.00,39.3929,63.6768,39,39,2026-10-06T12:35:58+02:00
znver4,native,512,main_scan_enc,38,"and 1",0.00,61.3075,28.4216,39,39,2026-10-06T12:35:58+02:00
znver4,native,512,main_scan_enc,38,"and 2",0.04,9.5827,66.5448,39,39,2026-10-06T12:35:58+02:00
znver4,native,512,main_scan_enc,38,"and 2",0.04,22.6466,72.0620,39,39,2026-10-06T12:35:58+02:00
znver4,native,512,main_scan_enc,38,"and 2",0.04,23.6108,75.8951,39,39,2026-10-06T12:35:58+02:00
znver4,native,512,main_scan_enc,38,"and 2",0.04,22.2718,79.1662,39,39,2026-10-06T12:35:58+02:00
znver4,native,512,main_scan_enc,38,"and 2",0.04,19.9759,41.1210,39,39,2026-10-06T12:35:58+02:00
znver4,native,512,main_scan_enc,38,"and 3",0.13,11.9739,35.7137,39,39,2026-10-06T12:35:58+02:00
znver4,native,512,main_scan_enc,38,"and 3",0.13,17.5083,13.5510,39,39,2026-10-06T12:35:58+02:00
znver4,native,512,main_scan_enc,38,"and 3",0.13,20.7875,44.0540,39,39,2026-10-06T12:35:58+02:00
znver4,native,512,main_scan_enc,38,"and 3",0.13,20.3906,14.9800,39,39,2026-10-06T12:35:58+02:00
znver4,native,512,main_scan_enc,38,"and 3",0.13,12.2484,11.5504,39,39,2026-10-06T12:35:58+02:00
znver4,native,512,main_scan_enc,38,"and 1",0.01,22.6560,82.4912,39,39,2026-10-06T12:35:58+02:00
znver4,native,512,main_scan_enc,38,"and 1",0.01,40.7464,15.0964,39,39,2026-10-06T12:35:58+02:00
znver4,native,512,main_scan_enc,38,"and 1",0.01,28.9228,130.7473,39,39,2026-10-06T12:35:58+02:00
znver4,native,512,main_scan_enc,38,"and 1",0.01,11.8174,17.6765,39,39,2026-10-06T12:35:58+02:00
znver4,native,512,main_scan_enc,38,"and 1",0.01,11.4150,13.5384,39,39,2026-10-06T12:35:58+02:00
znver4,native,512,main_scan_enc,38,"and 2",0.07,27.2588,60.4246,39,39,2026-10-06T12:35:58+02:00
znver4,native,512,main_scan_enc,38,"and 2",0.07,20.5707,24.4773,39,39,2026-10-06T12:35:58+02:00
znver4,native,512,main_scan_enc,38,"and 2",0.07,27.9201,95.4016,39,39,2026-10-06T12:35:58+02:00
znver4,native,512,main_scan_enc,38,"and 2",0.07,17.2477,63.6241,39,39,2026-10-06T12:35:58+02:00
znver4,native,512,main_scan_enc,38,"and 2",0.07,15.3575,30.8550,39,39,2026-10-06T12:35:58+02:00
znver4,native,512,main_scan_enc,38,"and 3",0.17,9.6930,18.7649,39,39,2026-10-06T12:35:58+02:00
znver4,native,512,main_scan_enc,38,"and 3",0.17,17.8630,44.1896,39,39,2026-10-06T12:35:58+02:00
znver4,native,512,main_scan_enc,38,"and 3",0.17,14.4526,34.6366,39,39,2026-10-06T12:35:58+02:00
znver4,native,512,main_scan_enc,38,"and 3",0.17,9.6737,33.1647,39,39,2026-10-06T12:35:58+02:00
znver4,native,512,main_scan_enc,38,"and 3",0.17,10.1674,44.3774,39,39,2026-10-06T12:35:58+02:00
znver4,native,512,main_scan_enc,38,"and 1",0.01,15.7739,64.0518,39,39,2026-10-06T12:35:58+02:00
znver4,native,512,main_scan_enc,38,"and 1",0.01,19.5812,103.0966,39,39,2026-10-06T12:35:58+02:00
znver4,native,512,main_scan_enc,38,"and 1",0.01,35.0626,107.1825,39,39,2026-10-06T12:35:58+02:00
znver4,native,512,main_scan_enc,38,"and 1",0.01,10.7523,65.3566,39,39,2026-10-06T12:35:58+02:00
znver4,native,512,main_scan_enc,38,"and 1",0.01,43.3882,11.8864,39,39,2026-10-06T12:35:58+02:00
znver4,native,512,main_scan_enc,38,"and 2",0.10,8.7781,43.2577,39,39,2026-10-06T12:35:58+02:00
znver4,native,512,main_scan_enc,38,"and 2",0.10,9.3530,59.5474,39,39,2026-10-06T12:35:58+02:00
znver4,native,512,main_scan_enc,38,"and 2",0.10,8.4451,14.7619,39,39,2026-10-06T12:35:58+02:00
znver4,native,512,main_scan_enc,38,"and 2",0.10,17.0538,20.4308,39,39,2026-10-06T12:35:58+02:00
znver4,native,512,main_scan_enc,38,"and 2",0.10,22.1186,13.5468,39,39,2026-10-06T12:35:58+02:00
znver4,native,512,main_scan_enc,38,"and 3",0.22,11.6923,14.1770,39,39,2026-10-06T12:35:58+02:00
znver4,native,512,main_scan_enc,38,"and 3",0.22,10.7502,29.2947,39,39,2026-10-06T12:35:58+02:00
znver4,native,512,main_scan_enc,38,"and 3",0.22,7.6107,29.1438,39,39,2026-10-06T12:35:58+02:00
znver4,native,512,main_scan_enc,38,"and 3",0.22,7.9668,13.8326,39,39,2026-10-06T12:35:58+02:00
znver4,native,512,main_scan_enc,38,"and 3",0.22,14.6529,31.6905,39,39,2026-10-06T12:35:58+02:00
znver4,native,512,main_scan_enc,38,"and 1",0.02,10.8084,32.9781,39,39,2026-10-06T12:35:58+02:00
znver4,native,512,main_scan_enc,38,"and 1",0.02,16.6946,39.6104,39,39,2026-10-06T12:35:58+02:00
znver4,native,512,main_scan_enc,38,"and 1",0.02,25.8978,11.3030,39,39,2026-10-06T12:35:58+02:00
znver4,native,512,main_scan_enc,38,"and 1",0.02,30.0942,12.0517,39,39,2026-10-06T12:35:58+02:00
znver4,native,512,main_scan_enc,38,"and 1",0.02,30.7033,65.0712,39,39,2026-10-06T12:35:58+02:00
znver4,native,512,main_scan_enc,38,"and 2",0.14,13.3538,7.4574,39,39,2026-10-06T12:35:58+02:00
znver4,native,512,main_scan_enc,38,"and 2",0.14,19.1500,45.6842,39,39,2026-10-06T12:35:58+02:00
znver4,native,512,main_scan_enc,38,"and 2",0.14,9.3724,42.3370,39,39,2026-10-06T12:35:58+02:00
znver4,native,512,main_scan_enc,38,"and 2",0.14,18.9598,33.9260,39,39,2026-10-06T12:35:58+02:00
znver4,native,512,main_scan_enc,38,"and 2",0.14,14.4411,12.8604,39,39,2026-10-06T12:35:58+02:00
znver4,native,512,main_scan_enc,38,"and 3",0.27,9.0484,24.7850,39,39,2026-10-06T12:35:58+02:00
znver4,native,512,main_scan_enc,38,"and 3",0.27,6.6730,26.5707,39,39,2026-10-06T12:35:58+02:00
znver4,native,512,main_scan_enc,38,"and 3",0.27,10.3431,14.1120,39,39,2026-10-06T12:35:58+02:00
znver4,native,512,main_scan_enc,38,"and 3",0.27,7.4134,25.9273,39,39,2026-10-06T12:35:58+02:00
znver4,native,512,main_scan_enc,38,"and 3",0.27,7.4024,15.9633,39,39,2026-10-06T12:35:58+02:00
znver4,native,512,main_scan_enc,38,"and 1",0.05,26.9696,20.4132,39,39,2026-10-06T12:35:58+02:00
znver4,native,512,main_scan_enc,38,"and 1",0.05,10.2837,10.9266,39,39,2026-10-06T12:35:58+02:00
znver4,native,512,main_scan_enc,38,"and 1",0.05,12.4973,31.7875,39,39,2026-10-06T12:35:58+02:00
znver4,native,512,main_scan_enc,38,"and 1",0.05,37.4343,22.4836,39,39,2026-10-06T12:35:58+02:00
znver4,native,512,main_scan_enc,38,"and 1",0.05,41.9654,23.3155,39,39,2026-10-06T12:35:58+02:00
znver4,native,512,main_scan_enc,38,"and 2",0.22,10.2754,18.0734,39,39,2026-10-06T12:35:58+02:00
znver4,native,512,main_scan_enc,38,"and 2",0.22,10.1870,13.9729,39,39,2026-10-06T12:35:58+02:00
znver4,native,512,main_scan_enc,38,"and 2",0.22,13.6209,20.9664,39,39,2026-10-06T12:35:58+02:00
znver4,native,512,main_scan_enc,38,"and 2",0.22,15.9689,30.4312,39,39,2026-10-06T12:35:58+02:00
znver4,native,512,main_scan_enc,38,"and 2",0.22,17.2062,29.8619,39,39,2026-10-06T12:35:58+02:00
znver4,native,512,main_scan_enc,38,"and 3",0.37,7.4761,11.0897,39,39,2026-10-06T12:35:58+02:00
znver4,native,512,main_scan_enc,38,"and 3",0.37,5.9581,15.5978,39,39,2026-10-06T12:35:58+02:00
znver4,native,512,main_scan_enc,38,"and 3",0.37,9.3382,22.8842,39,39,2026-10-06T12:35:58+02:00
znver4,native,512,main_scan_enc,38,"and 3",0.37,9.3146,21.2649,39,39,2026-10-06T12:35:58+02:00
znver4,native,512,main_scan_enc,38,"and 3",0.37,6.5080,21.6363,39,39,2026-10-06T12:35:58+02:00
znver4,native,512,main_scan_enc,38,"and 1",0.10,21.0233,24.2767,39,39,2026-10-06T12:35:58+02:00
znver4,native,512,main_scan_enc,38,"and 1",0.10,14.0496,16.0749,39,39,2026-10-06T12:35:58+02:00
znver4,native,512,main_scan_enc,38,"and 1",0.10,24.0655,17.9394,39,39,2026-10-06T12:35:58+02:00
znver4,native,512,main_scan_enc,38,"and 1",0.10,35.6146,24.8033,39,39,2026-10-06T12:35:58+02:00
znver4,native,512,main_scan_enc,38,"and 1",0.10,34.1304,24.7146,39,39,2026-10-06T12:35:58+02:00
znver4,native,512,main_scan_enc,38,"and 2",0.32,13.1033,23.6013,39,39,2026-10-06T12:35:58+02:00
znver4,native,512,main_scan_enc,38,"and 2",0.32,10.8492,22.7263,39,39,2026-10-06T12:35:58+02:00
znver4,native,512,main_scan_enc,38,"and 2",0.32,13.3231,23.7178,39,39,2026-10-06T12:35:58+02:00
znver4,native,512,main_scan_enc,38,"and 2",0.32,10.3322,14.2538,39,39,2026-10-06T12:35:58+02:00
znver4,native,512,main_scan_enc,38,"and 2",0.32,12.6383,23.4836,39,39,2026-10-06T12:35:58+02:00
znver4,native,512,main_scan_enc,38,"and 3",0.46,8.1022,20.7583,39,39,2026-10-06T12:35:58+02:00
znver4,native,512,main_scan_enc,38,"and 3",0.46,6.7329,9.7881,39,39,2026-10-06T12:35:58+02:00
znver4,native,512,main_scan_enc,38,"and 3",0.46,6.5226,19.2877,39,39,2026-10-06T12:35:58+02:00
znver4,native,512,main_scan_enc,38,"and 3",0.46,4.2979,17.6537,39,39,2026-10-06T12:35:58+02:00
znver4,native,512,main_scan_enc,38,"and 3",0.46,8.1565,20.6957,39,39,2026-10-06T12:35:58+02:00
znver4,native,512,main_scan_enc,38,"and 1",0.20,25.3589,20.5830,39,39,2026-10-06T12:35:58+02:00
znver4,native,512,main_scan_enc,38,"and 1",0.20,25.1619,20.6849,39,39,2026-10-06T12:35:58+02:00
znver4,native,512,main_scan_enc,38,"and 1",0.20,24.3116,20.6285,39,39,2026-10-06T12:35:58+02:00
znver4,native,512,main_scan_enc,38,"and 1",0.20,24.8058,20.8598,39,39,2026-10-06T12:35:58+02:00
znver4,native,512,main_scan_enc,38,"and 1",0.20,24.0386,20.4968,39,39,2026-10-06T12:35:58+02:00
znver4,native,512,main_scan_enc,38,"and 2",0.45,6.6115,9.4430,39,39,2026-10-06T12:35:58+02:00
znver4,native,512,main_scan_enc,38,"and 2",0.45,6.1859,12.6928,39,39,2026-10-06T12:35:58+02:00
znver4,native,512,main_scan_enc,38,"and 2",0.45,6.9189,11.5997,39,39,2026-10-06T12:35:58+02:00
znver4,native,512,main_scan_enc,38,"and 2",0.45,7.3415,19.9745,39,39,2026-10-06T12:35:58+02:00
znver4,native,512,main_scan_enc,38,"and 2",0.45,9.6055,19.8105,39,39,2026-10-06T12:35:58+02:00
znver4,native,512,main_scan_enc,38,"and 3",0.58,7.3844,17.8264,39,39,2026-10-06T12:35:58+02:00
znver4,native,512,main_scan_enc,38,"and 3",0.58,7.5039,17.9693,39,39,2026-10-06T12:35:58+02:00
znver4,native,512,main_scan_enc,38,"and 3",0.58,5.6553,18.2479,39,39,2026-10-06T12:35:58+02:00
znver4,native,512,main_scan_enc,38,"and 3",0.58,7.5255,18.1312,39,39,2026-10-06T12:35:58+02:00
znver4,native,512,main_scan_enc,38,"and 3",0.58,7.5008,12.1228,39,39,2026-10-06T12:35:58+02:00
znver4,native,512,main_scan_enc,38,"and 1",0.50,13.8474,18.3036,39,39,2026-10-06T12:35:58+02:00
znver4,native,512,main_scan_enc,38,"and 1",0.50,10.4300,12.1558,39,39,2026-10-06T12:35:58+02:00
znver4,native,512,main_scan_enc,38,"and 1",0.50,7.2821,15.8616,39,39,2026-10-06T12:35:58+02:00
znver4,native,512,main_scan_enc,38,"and 1",0.50,13.5489,18.2538,39,39,2026-10-06T12:35:58+02:00
znver4,native,512,main_scan_enc,38,"and 1",0.50,13.9386,18.3897,39,39,2026-10-06T12:35:58+02:00
znver4,native,512,main_scan_enc,38,"and 2",0.71,7.9581,17.9427,39,39,2026-10-06T12:35:58+02:00
znver4,native,512,main_scan_enc,38,"and 2",0.71,10.5280,18.1335,39,39,2026-10-06T12:35:58+02:00
znver4,native,512,main_scan_enc,38,"and 2",0.71,9.7764,13.6219,39,39,2026-10-06T12:35:58+02:00
znver4,native,512,main_scan_enc,38,"and 2",0.71,7.0154,10.6502,39,39,2026-10-06T12:35:58+02:00
znver4,native,512,main_scan_enc,38,"and 2",0.71,9.3682,16.3992,39,39,2026-10-06T12:35:58+02:00
znver4,native,512,main_scan_enc,38,"and 3",0.79,7.2829,14.4678,39,39,2026-10-06T12:35:58+02:00
znver4,native,512,main_scan_enc,38,"and 3",0.79,6.9304,13.9499,39,39,2026-10-06T12:35:58+02:00
znver4,native,512,main_scan_enc,38,"and 3",0.79,6.3378,14.0899,39,39,2026-10-06T12:35:58+02:00
znver4,native,512,main_scan_enc,38,"and 3",0.79,6.8743,8.6159,39,39,2026-10-06T12:35:58+02:00
znver4,native,512,main_scan_enc,38,"and 3",0.79,7.3640,11.4577,39,39,2026-10-06T12:35:58+02:00
znver4,native,512,main_scan_enc,38,"and 1",1.00,16.6937,15.2987,39,39,2026-10-06T12:35:58+02:00
znver4,native,512,main_scan_enc,38,"and 1",1.00,15.0105,15.1072,39,39,2026-10-06T12:35:58+02:00
znver4,native,512,main_scan_enc,38,"and 1",1.00,15.4908,10.6752,39,39,2026-10-06T12:35:58+02:00
znver4,native,512,main_scan_enc,38,"and 1",1.00,10.3664,14.9858,39,39,2026-10-06T12:35:58+02:00
znver4,native,512,main_scan_enc,38,"and 1",1.00,17.8111,14.3617,39,39,2026-10-06T12:35:58+02:00
znver4,native,512,main_scan_enc,38,"and 2",1.00,14.0561,15.5743,39,39,2026-10-06T12:35:58+02:00
znver4,native,512,main_scan_enc,38,"and 2",1.00,14.8572,15.2102,39,39,2026-10-06T12:35:58+02:00
znver4,native,512,main_scan_enc,38,"and 2",1.00,14.1541,12.7055,39,39,2026-10-06T12:35:58+02:00
znver4,native,512,main_scan_enc,38,"and 2",1.00,15.1930,12.6047,39,39,2026-10-06T12:35:58+02:00
znver4,native,512,main_scan_enc,38,"and 2",1.00,14.3637,14.8413,39,39,2026-10-06T12:35:58+02:00
znver4,native,512,main_scan_enc,38,"and 3",1.00,10.8430,13.6036,39,39,2026-10-06T12:35:58+02:00
znver4,native,512,main_scan_enc,38,"and 3",1.00,12.9613,12.2888,39,39,2026-10-06T12:35:58+02:00
znver4,native,512,main_scan_enc,38,"and 3",1.00,9.3382,12.8363,39,39,2026-10-06T12:35:58+02:00
znver4,native,512,main_scan_enc,38,"and 3",1.00,11.6962,9.7549,39,39,2026-10-06T12:35:58+02:00
znver4,native,512,main_scan_enc,38,"and 3",1.00,9.7973,12.0788,39,39,2026-10-06T12:35:58+02:00
znver4,native,512,main_gather,38,"gather_byte",100.00,0.409074,0.409074,39,39,2026-10-06T12:36:14+02:00
znver4,native,512,main_gather,38,"gather_short",100.00,0.308743,0.308743,39,39,2026-10-06T12:36:14+02:00
znver4,native,512,main_gather,38,"gather_int",100.00,0.209848,0.209848,39,39,2026-10-06T12:36:14+02:00
znver4,native,512,main_gather,38,"gather_long",100.00,0.177325,0.177325,39,39,2026-10-06T12:36:14+02:00
znver4,native,512,main_gather,38,"gather_char",100.00,0.046771,0.046771,39,39,2026-10-06T12:36:14+02:00
znver4,native,512,main_gather,38,"gather_encoded",100.00,0.409459,0.409459,39,39,2026-10-06T12:36:14+02:00
znver4,native,512,main_gather,38,"copy_encoded",100.00,9.190133,9.190133,39,39,2026-10-06T12:36:14+02:00
