arch,method,width,driver,run,label,selectivity,bpts,btps,round,seed,start
znver4,simde,512,main_gather,1,"gather_byte",100.00,0.401113,0.401113,1,1,2026-10-05T22:47:06+02:00
znver4,simde,512,main_gather,1,"gather_short",100.00,0.308163,0.308163,1,1,2026-10-05T22:47:06+02:00
znver4,simde,512,main_gather,1,"gather_int",100.00,0.200572,0.200572,1,1,2026-10-05T22:47:06+02:00
znver4,simde,512,main_gather,1,"gather_long",100.00,0.176708,0.176708,1,1,2026-10-05T22:47:06+02:00
znver4,simde,512,main_gather,1,"gather_char",100.00,0.047262,0.047262,1,1,2026-10-05T22:47:06+02:00
znver4,simde,512,main_gather,1,"gather_encoded",100.00,0.436014,0.436014,1,1,2026-10-05T22:47:06+02:00
znver4,simde,512,main_gather,1,"copy_encoded",100.00,9.194309,9.194309,1,1,2026-10-05T22:47:06+02:00
znver4,simde,512,main_gather,2,"gather_byte",100.00,0.402981,0.402981,2,2,2026-10-05T23:07:27+02:00
znver4,simde,512,main_gather,2,"gather_short",100.00,0.311857,0.311857,2,2,2026-10-05T23:07:27+02:00
znver4,simde,512,main_gather,2,"gather_int",100.00,0.210115,0.210115,2,2,2026-10-05T23:07:27+02:00
znver4,simde,512,main_gather,2,"gather_long",100.00,0.178224,0.178224,2,2,2026-10-05T23:07:27+02:00
znver4,simde,512,main_gather,2,"gather_char",100.00,0.046519,0.046519,2,2,2026-10-05T23:07:27+02:00
znver4,simde,512,main_gather,2,"gather_encoded",100.00,0.407652,0.407652,2,2,2026-10-05T23:07:27+02:00
znver4,simde,512,main_gather,2,"copy_encoded",100.00,9.169975,9.169975,2,2,2026-10-05T23:07:27+02:00
znver4,simde,512,main_hash,2,"jenkins_hash",100.00,0.035693,0.035693,2,2,2026-10-05T23:13:00+02:00
znver4,simde,512,main_hash,2,"fnv_hash",100.00,0.042665,0.042665,2,2,2026-10-05T23:13:00+02:00
znver4,simde,512,main_hash,2,"murmur_hash",100.00,0.080467,0.080467,2,2,2026-10-05T23:13:00+02:00
znver4,simde,512,main_select,2,"select_byte",100.00,33.930696,33.930696,2,2,2026-10-05T23:15:09+02:00
znver4,simde,512,main_select,2,"select_short",100.00,27.876542,27.876542,2,2,2026-10-05T23:15:09+02:00
znver4,simde,512,main_select,2,"select_int",100.00,11.696081,11.696081,2,2,2026-10-05T23:15:09+02:00
znver4,simde,512,main_select,2,"select_long",100.00,5.762340,5.762340,2,2,2026-10-05T23:15:09+02:00
znver4,simde,512,main_select,2,"select_float",100.00,11.646245,11.646245,2,2,2026-10-05T23:15:09+02:00
znver4,simde,512,main_select,2,"select_double",100.00,5.774709,5.774709,2,2,2026-10-05T23:15:09+02:00
znver4,simde,512,main_select,2,"select_char",100.00,0.349750,0.349750,2,2,2026-10-05T23:15:09+02:00
znver4,simde,512,main_select,2,"select_encoded",100.00,15.699140,15.699140,2,2,2026-10-05T23:15:09+02:00
znver4,simde,512,main_filter,2,"filter_byte_eq",100.00,0.174744,0.174744,2,2,2026-10-05T23:18:16+02:00
znver4,simde,512,main_filter,2,"filter_byte_lt",100.00,0.178142,0.178142,2,2,2026-10-05T23:18:16+02:00
znver4,simde,512,main_filter,2,"filter_byte_gt",100.00,0.168206,0.168206,2,2,2026-10-05T23:18:16+02:00
znver4,simde,512,main_filter,2,"filter_byte_ne",100.00,0.183196,0.183196,2,2,2026-10-05T23:18:16+02:00
znver4,simde,512,main_filter,2,"filter_byte_le",100.00,0.177392,0.177392,2,2,2026-10-05T23:18:16+02:00
znver4,simde,512,main_filter,2,"filter_byte_ge",100.00,0.170977,0.170977,2,2,2026-10-05T23:18:16+02:00
znver4,simde,512,main_filter,2,"filter_short_eq",100.00,0.083491,0.083491,2,2,2026-10-05T23:18:16+02:00
znver4,simde,512,main_filter,2,"filter_short_lt",100.00,0.082102,0.082102,2,2,2026-10-05T23:18:16+02:00
znver4,simde,512,main_filter,2,"filter_short_gt",100.00,0.082117,0.082117,2,2,2026-10-05T23:18:16+02:00
znver4,simde,512,main_filter,2,"filter_short_ne",100.00,0.082672,0.082672,2,2,2026-10-05T23:18:16+02:00
znver4,simde,512,main_filter,2,"filter_short_le",100.00,0.082427,0.082427,2,2,2026-10-05T23:18:16+02:00
znver4,simde,512,main_filter,2,"filter_short_ge",100.00,0.081973,0.081973,2,2,2026-10-05T23:18:16+02:00
znver4,simde,512,main_filter,2,"filter_int_eq",100.00,0.068940,0.068940,2,2,2026-10-05T23:18:16+02:00
znver4,simde,512,main_filter,2,"filter_int_lt",100.00,0.065512,0.065512,2,2,2026-10-05T23:18:16+02:00
znver4,simde,512,main_filter,2,"filter_int_gt",100.00,0.067105,0.067105,2,2,2026-10-05T23:18:16+02:00
znver4,simde,512,main_filter,2,"filter_int_ne",100.00,0.068099,0.068099,2,2,2026-10-05T23:18:16+02:00
znver4,simde,512,main_filter,2,"filter_int_le",100.00,0.067962,0.067962,2,2,2026-10-05T23:18:16+02:00
znver4,simde,512,main_filter,2,"filter_int_ge",100.00,0.067694,0.067694,2,2,2026-10-05T23:18:16+02:00
znver4,simde,512,main_filter,2,"filter_long_eq",100.00,0.056836,0.056836,2,2,2026-10-05T23:18:16+02:00
znver4,simde,512,main_filter,2,"filter_long_lt",100.00,0.055218,0.055218,2,2,2026-10-05T23:18:16+02:00
znver4,simde,512,main_filter,2,"filter_long_gt",100.00,0.054827,0.054827,2,2,2026-10-05T23:18:16+02:00
znver4,simde,512,main_filter,2,"filter_long_ne",100.00,0.054945,0.054945,2,2,2026-10-05T23:18:16+02:00
znver4,simde,512,main_filter,2,"filter_long_le",100.00,0.054868,0.054868,2,2,2026-10-05T23:18:16+02:00
znver4,simde,512,main_filter,2,"filter_long_ge",100.00,0.055209,0.055209,2,2,2026-10-05T23:18:16+02:00
znver4,simde,512,main_filter,2,"filter_float_eq",100.00,0.067449,0.067449,2,2,2026-10-05T23:18:16+02:00
znver4,simde,512,main_filter,2,"filter_float_lt",100.00,0.064837,0.064837,2,2,2026-10-05T23:18:16+02:00
znver4,simde,512,main_filter,2,"filter_float_gt",100.00,0.065330,0.065330,2,2,2026-10-05T23:18:16+02:00
znver4,simde,512,main_filter,2,"filter_float_ne",100.00,0.067054,0.067054,2,2,2026-10-05T23:18:16+02:00
znver4,simde,512,main_filter,2,"filter_float_le",100.00,0.066224,0.066224,2,2,2026-10-05T23:18:16+02:00
znver4,simde,512,main_filter,2,"filter_float_ge",100.00,0.065944,0.065944,2,2,2026-10-05T23:18:16+02:00
znver4,simde,512,main_filter,2,"filter_double_eq",100.00,0.055835,0.055835,2,2,2026-10-05T23:18:16+02:00
znver4,simde,512,main_filter,2,"filter_double_lt",100.00,0.054889,0.054889,2,2,2026-10-05T23:18:16+02:00
znver4,simde,512,main_filter,2,"filter_double_gt",100.00,0.054534,0.054534,2,2,2026-10-05T23:18:16+02:00
znver4,simde,512,main_filter,2,"filter_double_ne",100.00,0.054840,0.054840,2,2,2026-10-05T23:18:16+02:00
znver4,simde,512,main_filter,2,"filter_double_le",100.00,0.055230,0.055230,2,2,2026-10-05T23:18:16+02:00
znver4,simde,512,main_filter,2,"filter_double_ge",100.00,0.055138,0.055138,2,2,2026-10-05T23:18:16+02:00
znver4,simde,512,main_filter,2,"filter_char_eq",100.00,0.070991,0.070991,2,2,2026-10-05T23:18:16+02:00
znver4,simde,512,main_filter,2,"filter_char_lt",100.00,0.043268,0.043268,2,2,2026-10-05T23:18:16+02:00
znver4,simde,512,main_filter,2,"filter_char_gt",100.00,0.043140,0.043140,2,2,2026-10-05T23:18:16+02:00
znver4,simde,512,main_filter,2,"filter_char_ne",100.00,0.070504,0.070504,2,2,2026-10-05T23:18:16+02:00
znver4,simde,512,main_filter,2,"filter_char_le",100.00,0.043435,0.043435,2,2,2026-10-05T23:18:16+02:00
znver4,simde,512,main_filter,2,"filter_char_ge",100.00,0.043400,0.043400,2,2,2026-10-05T23:18:16+02:00
znver4,simde,512,main_gather,3,"gather_byte",100.00,0.384746,0.384746,3,3,2026-10-05T23:28:07+02:00
znver4,simde,512,main_gather,3,"gather_short",100.00,0.301544,0.301544,3,3,2026-10-05T23:28:07+02:00
znver4,simde,512,main_gather,3,"gather_int",100.00,0.215895,0.215895,3,3,2026-10-05T23:28:07+02:00
znver4,simde,512,main_gather,3,"gather_long",100.00,0.174430,0.174430,3,3,2026-10-05T23:28:07+02:00
znver4,simde,512,main_gather,3,"gather_char",100.00,0.046666,0.046666,3,3,2026-10-05T23:28:07+02:00
znver4,simde,512,main_gather,3,"gather_encoded",100.00,0.391731,0.391731,3,3,2026-10-05T23:28:07+02:00
znver4,simde,512,main_gather,3,"copy_encoded",100.00,9.161562,9.161562,3,3,2026-10-05T23:28:07+02:00
znver4,simde,512,main_hash,3,"jenkins_hash",100.00,0.035906,0.035906,3,3,2026-10-05T23:33:40+02:00
znver4,simde,512,main_hash,3,"fnv_hash",100.00,0.043050,0.043050,3,3,2026-10-05T23:33:40+02:00
znver4,simde,512,main_hash,3,"murmur_hash",100.00,0.075874,0.075874,3,3,2026-10-05T23:33:40+02:00
znver4,simde,512,main_select,3,"select_byte",100.00,30.684854,30.684854,3,3,2026-10-05T23:35:52+02:00
znver4,simde,512,main_select,3,"select_short",100.00,24.181906,24.181906,3,3,2026-10-05T23:35:52+02:00
znver4,simde,512,main_select,3,"select_int",100.00,11.411821,11.411821,3,3,2026-10-05T23:35:52+02:00
znver4,simde,512,main_select,3,"select_long",100.00,5.650864,5.650864,3,3,2026-10-05T23:35:52+02:00
znver4,simde,512,main_select,3,"select_float",100.00,11.450583,11.450583,3,3,2026-10-05T23:35:52+02:00
znver4,simde,512,main_select,3,"select_double",100.00,5.621692,5.621692,3,3,2026-10-05T23:35:52+02:00
znver4,simde,512,main_select,3,"select_char",100.00,0.345586,0.345586,3,3,2026-10-05T23:35:52+02:00
znver4,simde,512,main_select,3,"select_encoded",100.00,15.346341,15.346341,3,3,2026-10-05T23:35:52+02:00
znver4,simde,512,main_filter,3,"filter_byte_eq",100.00,0.107344,0.107344,3,3,2026-10-05T23:38:57+02:00
znver4,simde,512,main_filter,3,"filter_byte_lt",100.00,0.124579,0.124579,3,3,2026-10-05T23:38:57+02:00
znver4,simde,512,main_filter,3,"filter_byte_gt",100.00,0.116723,0.116723,3,3,2026-10-05T23:38:57+02:00
znver4,simde,512,main_filter,3,"filter_byte_ne",100.00,0.109446,0.109446,3,3,2026-10-05T23:38:57+02:00
znver4,simde,512,main_filter,3,"filter_byte_le",100.00,0.113669,0.113669,3,3,2026-10-05T23:38:57+02:00
znver4,simde,512,main_filter,3,"filter_byte_ge",100.00,0.116294,0.116294,3,3,2026-10-05T23:38:57+02:00
znver4,simde,512,main_filter,3,"filter_short_eq",100.00,0.074855,0.074855,3,3,2026-10-05T23:38:57+02:00
znver4,simde,512,main_filter,3,"filter_short_lt",100.00,0.068707,0.068707,3,3,2026-10-05T23:38:57+02:00
znver4,simde,512,main_filter,3,"filter_short_gt",100.00,0.074068,0.074068,3,3,2026-10-05T23:38:57+02:00
znver4,simde,512,main_filter,3,"filter_short_ne",100.00,0.072092,0.072092,3,3,2026-10-05T23:38:57+02:00
znver4,simde,512,main_filter,3,"filter_short_le",100.00,0.071431,0.071431,3,3,2026-10-05T23:38:57+02:00
znver4,simde,512,main_filter,3,"filter_short_ge",100.00,0.073241,0.073241,3,3,2026-10-05T23:38:57+02:00
znver4,simde,512,main_filter,3,"filter_int_eq",100.00,0.062131,0.062131,3,3,2026-10-05T23:38:57+02:00
znver4,simde,512,main_filter,3,"filter_int_lt",100.00,0.062609,0.062609,3,3,2026-10-05T23:38:57+02:00
znver4,simde,512,main_filter,3,"filter_int_gt",100.00,0.060665,0.060665,3,3,2026-10-05T23:38:57+02:00
znver4,simde,512,main_filter,3,"filter_int_ne",100.00,0.062752,0.062752,3,3,2026-10-05T23:38:57+02:00
znver4,simde,512,main_filter,3,"filter_int_le",100.00,0.063484,0.063484,3,3,2026-10-05T23:38:57+02:00
znver4,simde,512,main_filter,3,"filter_int_ge",100.00,0.061326,0.061326,3,3,2026-10-05T23:38:57+02:00
znver4,simde,512,main_filter,3,"filter_long_eq",100.00,0.053875,0.053875,3,3,2026-10-05T23:38:57+02:00
znver4,simde,512,main_filter,3,"filter_long_lt",100.00,0.052057,0.052057,3,3,2026-10-05T23:38:57+02:00
znver4,simde,512,main_filter,3,"filter_long_gt",100.00,0.052732,0.052732,3,3,2026-10-05T23:38:57+02:00
znver4,simde,512,main_filter,3,"filter_long_ne",100.00,0.052702,0.052702,3,3,2026-10-05T23:38:57+02:00
znver4,simde,512,main_filter,3,"filter_long_le",100.00,0.052150,0.052150,3,3,2026-10-05T23:38:57+02:00
znver4,simde,512,main_filter,3,"filter_long_ge",100.00,0.053187,0.053187,3,3,2026-10-05T23:38:57+02:00
znver4,simde,512,main_filter,3,"filter_float_eq",100.00,0.065782,0.065782,3,3,2026-10-05T23:38:57+02:00
znver4,simde,512,main_filter,3,"filter_float_lt",100.00,0.061527,0.061527,3,3,2026-10-05T23:38:57+02:00
znver4,simde,512,main_filter,3,"filter_float_gt",100.00,0.062444,0.062444,3,3,2026-10-05T23:38:57+02:00
znver4,simde,512,main_filter,3,"filter_float_ne",100.00,0.061924,0.061924,3,3,2026-10-05T23:38:57+02:00
znver4,simde,512,main_filter,3,"filter_float_le",100.00,0.060822,0.060822,3,3,2026-10-05T23:38:57+02:00
znver4,simde,512,main_filter,3,"filter_float_ge",100.00,0.063323,0.063323,3,3,2026-10-05T23:38:57+02:00
znver4,simde,512,main_filter,3,"filter_double_eq",100.00,0.055007,0.055007,3,3,2026-10-05T23:38:57+02:00
znver4,simde,512,main_filter,3,"filter_double_lt",100.00,0.053714,0.053714,3,3,2026-10-05T23:38:57+02:00
znver4,simde,512,main_filter,3,"filter_double_gt",100.00,0.054028,0.054028,3,3,2026-10-05T23:38:57+02:00
znver4,simde,512,main_filter,3,"filter_double_ne",100.00,0.053513,0.053513,3,3,2026-10-05T23:38:57+02:00
znver4,simde,512,main_filter,3,"filter_double_le",100.00,0.054055,0.054055,3,3,2026-10-05T23:38:57+02:00
znver4,simde,512,main_filter,3,"filter_double_ge",100.00,0.053271,0.053271,3,3,2026-10-05T23:38:57+02:00
znver4,simde,512,main_filter,3,"filter_char_eq",100.00,0.069911,0.069911,3,3,2026-10-05T23:38:57+02:00
znver4,simde,512,main_filter,3,"filter_char_lt",100.00,0.042244,0.042244,3,3,2026-10-05T23:38:57+02:00
znver4,simde,512,main_filter,3,"filter_char_gt",100.00,0.042284,0.042284,3,3,2026-10-05T23:38:57+02:00
znver4,simde,512,main_filter,3,"filter_char_ne",100.00,0.069246,0.069246,3,3,2026-10-05T23:38:57+02:00
znver4,simde,512,main_filter,3,"filter_char_le",100.00,0.042217,0.042217,3,3,2026-10-05T23:38:57+02:00
znver4,simde,512,main_filter,3,"filter_char_ge",100.00,0.042168,0.042168,3,3,2026-10-05T23:38:57+02:00
znver4,simde,512,main_expr,3,"expr_float/+",100.00,6.784932,6.784932,3,3,2026-10-05T23:46:20+02:00
znver4,simde,512,main_expr,3,"expr_float/-",100.00,10.684018,10.684018,3,3,2026-10-05T23:46:20+02:00
znver4,simde,512,main_expr,3,"expr_float/*",100.00,11.170865,11.170865,3,3,2026-10-05T23:46:20+02:00
znver4,simde,512,main_expr,3,"expr_float//",100.00,10.598585,10.598585,3,3,2026-10-05T23:46:20+02:00
znver4,simde,512,main_expr,3,"expr_double/+",100.00,2.330687,2.330687,3,3,2026-10-05T23:46:20+02:00
znver4,simde,512,main_expr,3,"expr_double/-",100.00,3.422306,3.422306,3,3,2026-10-05T23:46:20+02:00
znver4,simde,512,main_expr,3,"expr_double/*",100.00,3.555737,3.555737,3,3,2026-10-05T23:46:20+02:00
znver4,simde,512,main_expr,3,"expr_double//",100.00,3.406135,3.406135,3,3,2026-10-05T23:46:20+02:00
znver4,simde,512,main_expr,3,"expr_decimal/+",100.00,2.263412,2.263412,3,3,2026-10-05T23:46:20+02:00
znver4,simde,512,main_expr,3,"expr_decimal/-",100.00,3.413936,3.413936,3,3,2026-10-05T23:46:20+02:00
znver4,simde,512,main_expr,3,"expr_decimal/*",100.00,1.866161,1.866161,3,3,2026-10-05T23:46:20+02:00
znver4,simde,512,main_expr,3,"expr_decimal//",100.00,1.702642,1.702642,3,3,2026-10-05T23:46:20+02:00
znver4,simde,512,main_part,3,"int * 1 | 2^4",,10.7420,10.7420,3,3,2026-10-05T23:46:35+02:00
znver4,simde,512,main_part,3,"int * 1 | 2^4",,12.3770,12.3770,3,3,2026-10-05T23:46:35+02:00
znver4,simde,512,main_part,3,"int * 1 | 2^4",,12.3714,12.3714,3,3,2026-10-05T23:46:35+02:00
znver4,simde,512,main_part,3,"int * 1 | 2^4",,12.3768,12.3768,3,3,2026-10-05T23:46:35+02:00
znver4,simde,512,main_part,3,"int * 1 | 2^4",,12.4558,12.4558,3,3,2026-10-05T23:46:35+02:00
znver4,simde,512,main_part,3,"int * 1 | 2^5",,12.3650,12.3650,3,3,2026-10-05T23:46:35+02:00
znver4,simde,512,main_part,3,"int * 1 | 2^5",,10.3193,10.3193,3,3,2026-10-05T23:46:35+02:00
znver4,simde,512,main_part,3,"int * 1 | 2^5",,12.4858,12.4858,3,3,2026-10-05T23:46:35+02:00
znver4,simde,512,main_part,3,"int * 1 | 2^5",,12.4977,12.4977,3,3,2026-10-05T23:46:35+02:00
znver4,simde,512,main_part,3,"int * 1 | 2^5",,12.4562,12.4562,3,3,2026-10-05T23:46:35+02:00
znver4,simde,512,main_part,3,"int * 1 | 2^6",,12.4389,12.4389,3,3,2026-10-05T23:46:35+02:00
znver4,simde,512,main_part,3,"int * 1 | 2^6",,12.3023,12.3023,3,3,2026-10-05T23:46:35+02:00
znver4,simde,512,main_part,3,"int * 1 | 2^6",,12.3966,12.3966,3,3,2026-10-05T23:46:35+02:00
znver4,simde,512,main_part,3,"int * 1 | 2^6",,12.5070,12.5070,3,3,2026-10-05T23:46:35+02:00
znver4,simde,512,main_part,3,"int * 1 | 2^6",,12.3983,12.3983,3,3,2026-10-05T23:46:35+02:00
znver4,simde,512,main_part,3,"int * 1 | 2^7",,12.3039,12.3039,3,3,2026-10-05T23:46:35+02:00
znver4,simde,512,main_part,3,"int * 1 | 2^7",,12.3480,12.3480,3,3,2026-10-05T23:46:35+02:00
znver4,simde,512,main_part,3,"int * 1 | 2^7",,12.4006,12.4006,3,3,2026-10-05T23:46:35+02:00
znver4,simde,512,main_part,3,"int * 1 | 2^7",,12.2465,12.2465,3,3,2026-10-05T23:46:35+02:00
znver4,simde,512,main_part,3,"int * 1 | 2^7",,12.3468,12.3468,3,3,2026-10-05T23:46:35+02:00
znver4,simde,512,main_part,3,"int * 1 | 2^8",,11.8088,11.8088,3,3,2026-10-05T23:46:35+02:00
znver4,simde,512,main_part,3,"int * 1 | 2^8",,12.0350,12.0350,3,3,2026-10-05T23:46:35+02:00
znver4,simde,512,main_part,3,"int * 1 | 2^8",,12.0672,12.0672,3,3,2026-10-05T23:46:35+02:00
znver4,simde,512,main_part,3,"int * 1 | 2^8",,12.0577,12.0577,3,3,2026-10-05T23:46:35+02:00
znver4,simde,512,main_part,3,"int * 1 | 2^8",,7.4406,7.4406,3,3,2026-10-05T23:46:35+02:00
znver4,simde,512,main_part,3,"int * 2 | 2^4",,6.1972,6.1972,3,3,2026-10-05T23:46:35+02:00
znver4,simde,512,main_part,3,"int * 2 | 2^4",,9.2636,9.2636,3,3,2026-10-05T23:46:35+02:00
znver4,simde,512,main_part,3,"int * 2 | 2^4",,7.9611,7.9611,3,3,2026-10-05T23:46:35+02:00
znver4,simde,512,main_part,3,"int * 2 | 2^4",,7.3706,7.3706,3,3,2026-10-05T23:46:35+02:00
znver4,simde,512,main_part,3,"int * 2 | 2^4",,8.3374,8.3374,3,3,2026-10-05T23:46:35+02:00
znver4,simde,512,main_part,3,"int * 2 | 2^5",,9.1900,9.1900,3,3,2026-10-05T23:46:35+02:00
znver4,simde,512,main_part,3,"int * 2 | 2^5",,9.2268,9.2268,3,3,2026-10-05T23:46:35+02:00
znver4,simde,512,main_part,3,"int * 2 | 2^5",,9.2194,9.2194,3,3,2026-10-05T23:46:35+02:00
znver4,simde,512,main_part,3,"int * 2 | 2^5",,7.9783,7.9783,3,3,2026-10-05T23:46:35+02:00
znver4,simde,512,main_part,3,"int * 2 | 2^5",,9.2158,9.2158,3,3,2026-10-05T23:46:35+02:00
znver4,simde,512,main_part,3,"int * 2 | 2^6",,9.0807,9.0807,3,3,2026-10-05T23:46:35+02:00
znver4,simde,512,main_part,3,"int * 2 | 2^6",,7.9634,7.9634,3,3,2026-10-05T23:46:35+02:00
znver4,simde,512,main_part,3,"int * 2 | 2^6",,9.0944,9.0944,3,3,2026-10-05T23:46:35+02:00
znver4,simde,512,main_part,3,"int * 2 | 2^6",,8.6526,8.6526,3,3,2026-10-05T23:46:35+02:00
znver4,simde,512,main_part,3,"int * 2 | 2^6",,8.9335,8.9335,3,3,2026-10-05T23:46:35+02:00
znver4,simde,512,main_part,3,"int * 2 | 2^7",,8.9809,8.9809,3,3,2026-10-05T23:46:35+02:00
znver4,simde,512,main_part,3,"int * 2 | 2^7",,6.1221,6.1221,3,3,2026-10-05T23:46:35+02:00
znver4,simde,512,main_part,3,"int * 2 | 2^7",,6.8363,6.8363,3,3,2026-10-05T23:46:35+02:00
znver4,simde,512,main_part,3,"int * 2 | 2^7",,7.0756,7.0756,3,3,2026-10-05T23:46:35+02:00
znver4,simde,512,main_part,3,"int * 2 | 2^7",,6.4402,6.4402,3,3,2026-10-05T23:46:35+02:00
znver4,simde,512,main_part,3,"int * 2 | 2^8",,7.1515,7.1515,3,3,2026-10-05T23:46:35+02:00
znver4,simde,512,main_part,3,"int * 2 | 2^8",,5.8221,5.8221,3,3,2026-10-05T23:46:35+02:00
znver4,simde,512,main_part,3,"int * 2 | 2^8",,6.2507,6.2507,3,3,2026-10-05T23:46:35+02:00
znver4,simde,512,main_part,3,"int * 2 | 2^8",,5.9579,5.9579,3,3,2026-10-05T23:46:35+02:00
znver4,simde,512,main_part,3,"int * 2 | 2^8",,7.0950,7.0950,3,3,2026-10-05T23:46:35+02:00
znver4,simde,512,main_part,3,"int * 3 | 2^4",,6.1541,6.1541,3,3,2026-10-05T23:46:35+02:00
znver4,simde,512,main_part,3,"int * 3 | 2^4",,6.6983,6.6983,3,3,2026-10-05T23:46:35+02:00
znver4,simde,512,main_part,3,"int * 3 | 2^4",,5.9522,5.9522,3,3,2026-10-05T23:46:35+02:00
znver4,simde,512,main_part,3,"int * 3 | 2^4",,6.9471,6.9471,3,3,2026-10-05T23:46:35+02:00
znver4,simde,512,main_part,3,"int * 3 | 2^4",,5.3032,5.3032,3,3,2026-10-05T23:46:35+02:00
znver4,simde,512,main_part,3,"int * 3 | 2^5",,5.2664,5.2664,3,3,2026-10-05T23:46:35+02:00
znver4,simde,512,main_part,3,"int * 3 | 2^5",,5.3194,5.3194,3,3,2026-10-05T23:46:35+02:00
znver4,simde,512,main_part,3,"int * 3 | 2^5",,6.0989,6.0989,3,3,2026-10-05T23:46:35+02:00
znver4,simde,512,main_part,3,"int * 3 | 2^5",,5.3723,5.3723,3,3,2026-10-05T23:46:35+02:00
znver4,simde,512,main_part,3,"int * 3 | 2^5",,4.6343,4.6343,3,3,2026-10-05T23:46:35+02:00
znver4,simde,512,main_part,3,"int * 3 | 2^6",,5.7130,5.7130,3,3,2026-10-05T23:46:35+02:00
znver4,simde,512,main_part,3,"int * 3 | 2^6",,5.1948,5.1948,3,3,2026-10-05T23:46:35+02:00
znver4,simde,512,main_part,3,"int * 3 | 2^6",,4.2727,4.2727,3,3,2026-10-05T23:46:35+02:00
znver4,simde,512,main_part,3,"int * 3 | 2^6",,4.7036,4.7036,3,3,2026-10-05T23:46:35+02:00
znver4,simde,512,main_part,3,"int * 3 | 2^6",,5.0480,5.0480,3,3,2026-10-05T23:46:35+02:00
znver4,simde,512,main_part,3,"int * 3 | 2^7",,5.2223,5.2223,3,3,2026-10-05T23:46:35+02:00
znver4,simde,512,main_part,3,"int * 3 | 2^7",,3.7119,3.7119,3,3,2026-10-05T23:46:35+02:00
znver4,simde,512,main_part,3,"int * 3 | 2^7",,5.1551,5.1551,3,3,2026-10-05T23:46:35+02:00
znver4,simde,512,main_part,3,"int * 3 | 2^7",,4.7809,4.7809,3,3,2026-10-05T23:46:35+02:00
znver4,simde,512,main_part,3,"int * 3 | 2^7",,5.1576,5.1576,3,3,2026-10-05T23:46:35+02:00
znver4,simde,512,main_part,3,"int * 3 | 2^8",,5.3530,5.3530,3,3,2026-10-05T23:46:35+02:00
znver4,simde,512,main_part,3,"int * 3 | 2^8",,5.0556,5.0556,3,3,2026-10-05T23:46:35+02:00
znver4,simde,512,main_part,3,"int * 3 | 2^8",,5.3219,5.3219,3,3,2026-10-05T23:46:35+02:00
znver4,simde,512,main_part,3,"int * 3 | 2^8",,5.1200,5.1200,3,3,2026-10-05T23:46:35+02:00
znver4,simde,512,main_part,3,"int * 3 | 2^8",,3.4491,3.4491,3,3,2026-10-05T23:46:35+02:00
znver4,simde,512,main_aggr,3,"Codegen 1 sum",,0.4963,0.4963,3,3,2026-10-05T23:46:49+02:00
znver4,simde,512,main_aggr,3,"Codegen 1 sum",,0.4910,0.4910,3,3,2026-10-05T23:46:49+02:00
znver4,simde,512,main_aggr,3,"Codegen 1 sum",,0.4939,0.4939,3,3,2026-10-05T23:46:49+02:00
znver4,simde,512,main_aggr,3,"Codegen 1 sum",,0.4941,0.4941,3,3,2026-10-05T23:46:49+02:00
znver4,simde,512,main_aggr,3,"Codegen 1 sum",,0.4937,0.4937,3,3,2026-10-05T23:46:49+02:00
znver4,simde,512,main_aggr,3,"Codegen 2 sum",,0.4467,0.4467,3,3,2026-10-05T23:46:49+02:00
znver4,simde,512,main_aggr,3,"Codegen 2 sum",,0.4464,0.4464,3,3,2026-10-05T23:46:49+02:00
znver4,simde,512,main_aggr,3,"Codegen 2 sum",,0.4362,0.4362,3,3,2026-10-05T23:46:49+02:00
znver4,simde,512,main_aggr,3,"Codegen 2 sum",,0.4447,0.4447,3,3,2026-10-05T23:46:49+02:00
znver4,simde,512,main_aggr,3,"Codegen 2 sum",,0.4446,0.4446,3,3,2026-10-05T23:46:49+02:00
znver4,simde,512,main_aggr,3,"Codegen 3 sum",,0.4309,0.4309,3,3,2026-10-05T23:46:49+02:00
znver4,simde,512,main_aggr,3,"Codegen 3 sum",,0.4321,0.4321,3,3,2026-10-05T23:46:49+02:00
znver4,simde,512,main_aggr,3,"Codegen 3 sum",,0.4326,0.4326,3,3,2026-10-05T23:46:49+02:00
znver4,simde,512,main_aggr,3,"Codegen 3 sum",,0.4320,0.4320,3,3,2026-10-05T23:46:49+02:00
znver4,simde,512,main_aggr,3,"Codegen 3 sum",,0.4319,0.4319,3,3,2026-10-05T23:46:49+02:00
znver4,simde,512,main_aggr,3,"Engine 1 sum",,1.5098,1.5098,3,3,2026-10-05T23:46:49+02:00
znver4,simde,512,main_aggr,3,"Engine 1 sum",,1.5357,1.5357,3,3,2026-10-05T23:46:49+02:00
znver4,simde,512,main_aggr,3,"Engine 1 sum",,1.5360,1.5360,3,3,2026-10-05T23:46:49+02:00
znver4,simde,512,main_aggr,3,"Engine 1 sum",,1.5309,1.5309,3,3,2026-10-05T23:46:49+02:00
znver4,simde,512,main_aggr,3,"Engine 1 sum",,1.5135,1.5135,3,3,2026-10-05T23:46:49+02:00
znver4,simde,512,main_aggr,3,"Engine 2 sum",,1.1155,1.1155,3,3,2026-10-05T23:46:49+02:00
znver4,simde,512,main_aggr,3,"Engine 2 sum",,1.1222,1.1222,3,3,2026-10-05T23:46:49+02:00
znver4,simde,512,main_aggr,3,"Engine 2 sum",,1.1287,1.1287,3,3,2026-10-05T23:46:49+02:00
znver4,simde,512,main_aggr,3,"Engine 2 sum",,1.1268,1.1268,3,3,2026-10-05T23:46:49+02:00
znver4,simde,512,main_aggr,3,"Engine 2 sum",,1.1247,1.1247,3,3,2026-10-05T23:46:49+02:00
znver4,simde,512,main_aggr,3,"Engine 3 sum",,0.9104,0.9104,3,3,2026-10-05T23:46:49+02:00
znver4,simde,512,main_aggr,3,"Engine 3 sum",,0.9083,0.9083,3,3,2026-10-05T23:46:49+02:00
znver4,simde,512,main_aggr,3,"Engine 3 sum",,0.9119,0.9119,3,3,2026-10-05T23:46:49+02:00
znver4,simde,512,main_aggr,3,"Engine 3 sum",,0.9063,0.9063,3,3,2026-10-05T23:46:49+02:00
znver4,simde,512,main_aggr,3,"Engine 3 sum",,0.9039,0.9039,3,3,2026-10-05T23:46:49+02:00
znver4,simde,512,main_join,3,"Engine  1-1",,0.9651,0.9651,3,3,2026-10-05T23:47:12+02:00
znver4,simde,512,main_join,3,"Engine  1-3",,0.8335,0.8335,3,3,2026-10-05T23:47:12+02:00
znver4,simde,512,main_join,3,"Engine  3-1",,1.0174,1.0174,3,3,2026-10-05T23:47:12+02:00
znver4,simde,512,main_join,3,"Engine  3-3",,0.7400,0.7400,3,3,2026-10-05T23:47:12+02:00
znver4,simde,512,main_join,3,"Codegen 1-1",,0.4290,0.4290,3,3,2026-10-05T23:47:12+02:00
znver4,simde,512,main_join,3,"Codegen 1-1",,0.4275,0.4275,3,3,2026-10-05T23:47:12+02:00
znver4,simde,512,main_join,3,"Codegen 1-1",,0.4222,0.4222,3,3,2026-10-05T23:47:12+02:00
znver4,simde,512,main_join,3,"Codegen 1-1",,0.4224,0.4224,3,3,2026-10-05T23:47:12+02:00
znver4,simde,512,main_join,3,"Codegen 1-1",,0.4257,0.4257,3,3,2026-10-05T23:47:12+02:00
znver4,simde,512,main_join,3,"Codegen 1-3",,0.4157,0.4157,3,3,2026-10-05T23:47:12+02:00
znver4,simde,512,main_join,3,"Codegen 1-3",,0.4014,0.4014,3,3,2026-10-05T23:47:12+02:00
znver4,simde,512,main_join,3,"Codegen 1-3",,0.4184,0.4184,3,3,2026-10-05T23:47:12+02:00
znver4,simde,512,main_join,3,"Codegen 1-3",,0.4211,0.4211,3,3,2026-10-05T23:47:12+02:00
znver4,simde,512,main_join,3,"Codegen 1-3",,0.4190,0.4190,3,3,2026-10-05T23:47:12+02:00
znver4,simde,512,main_join,3,"Codegen 3-1",,0.3132,0.3132,3,3,2026-10-05T23:47:12+02:00
znver4,simde,512,main_join,3,"Codegen 3-1",,0.3143,0.3143,3,3,2026-10-05T23:47:12+02:00
znver4,simde,512,main_join,3,"Codegen 3-1",,0.3150,0.3150,3,3,2026-10-05T23:47:12+02:00
znver4,simde,512,main_join,3,"Codegen 3-1",,0.3126,0.3126,3,3,2026-10-05T23:47:12+02:00
znver4,simde,512,main_join,3,"Codegen 3-1",,0.3172,0.3172,3,3,2026-10-05T23:47:12+02:00
znver4,simde,512,main_join,3,"Codegen 3-3",,0.3147,0.3147,3,3,2026-10-05T23:47:12+02:00
znver4,simde,512,main_join,3,"Codegen 3-3",,0.3088,0.3088,3,3,2026-10-05T23:47:12+02:00
znver4,simde,512,main_join,3,"Codegen 3-3",,0.3112,0.3112,3,3,2026-10-05T23:47:12+02:00
znver4,simde,512,main_join,3,"Codegen 3-3",,0.3107,0.3107,3,3,2026-10-05T23:47:12+02:00
znver4,simde,512,main_join,3,"Codegen 3-3",,0.3109,0.3109,3,3,2026-10-05T23:47:12+02:00
znver4,simde,512,main_scan_int,4,"and 1",0.00,44.3042,55.2752,4,4,2026-10-05T23:47:26+02:00
znver4,simde,512,main_scan_int,4,"and 1",0.00,61.5085,69.7758,4,4,2026-10-05T23:47:26+02:00
znver4,simde,512,main_scan_int,4,"and 1",0.00,62.1394,80.4548,4,4,2026-10-05T23:47:26+02:00
znver4,simde,512,main_scan_int,4,"and 1",0.00,61.4155,82.1277,4,4,2026-10-05T23:47:26+02:00
znver4,simde,512,main_scan_int,4,"and 1",0.00,60.0589,84.5177,4,4,2026-10-05T23:47:26+02:00
znver4,simde,512,main_scan_int,4,"and 2",0.03,22.3042,30.5671,4,4,2026-10-05T23:47:26+02:00
znver4,simde,512,main_scan_int,4,"and 2",0.03,20.0576,15.1369,4,4,2026-10-05T23:47:26+02:00
znver4,simde,512,main_scan_int,4,"and 2",0.03,22.8230,29.5505,4,4,2026-10-05T23:47:26+02:00
znver4,simde,512,main_scan_int,4,"and 2",0.03,22.6391,34.9585,4,4,2026-10-05T23:47:26+02:00
znver4,simde,512,main_scan_int,4,"and 2",0.03,21.1638,32.6388,4,4,2026-10-05T23:47:26+02:00
znver4,simde,512,main_scan_int,4,"and 3",0.10,18.6564,15.1288,4,4,2026-10-05T23:47:26+02:00
znver4,simde,512,main_scan_int,4,"and 3",0.10,13.7092,16.5032,4,4,2026-10-05T23:47:26+02:00
znver4,simde,512,main_scan_int,4,"and 3",0.10,13.8872,23.1729,4,4,2026-10-05T23:47:26+02:00
znver4,simde,512,main_scan_int,4,"and 3",0.10,14.1741,22.5268,4,4,2026-10-05T23:47:26+02:00
znver4,simde,512,main_scan_int,4,"and 3",0.10,16.8096,25.3346,4,4,2026-10-05T23:47:26+02:00
znver4,simde,512,main_scan_int,4,"and 1",0.00,44.5092,24.3238,4,4,2026-10-05T23:47:26+02:00
znver4,simde,512,main_scan_int,4,"and 1",0.00,49.6560,64.3914,4,4,2026-10-05T23:47:26+02:00
znver4,simde,512,main_scan_int,4,"and 1",0.00,52.2831,70.7178,4,4,2026-10-05T23:47:26+02:00
znver4,simde,512,main_scan_int,4,"and 1",0.00,52.4837,73.7297,4,4,2026-10-05T23:47:26+02:00
znver4,simde,512,main_scan_int,4,"and 1",0.00,61.3852,77.0370,4,4,2026-10-05T23:47:26+02:00
znver4,simde,512,main_scan_int,4,"and 2",0.04,22.1919,29.6085,4,4,2026-10-05T23:47:26+02:00
znver4,simde,512,main_scan_int,4,"and 2",0.04,25.2592,31.8863,4,4,2026-10-05T23:47:26+02:00
znver4,simde,512,main_scan_int,4,"and 2",0.04,24.3560,31.7995,4,4,2026-10-05T23:47:26+02:00
znver4,simde,512,main_scan_int,4,"and 2",0.04,25.3342,31.4215,4,4,2026-10-05T23:47:26+02:00
znver4,simde,512,main_scan_int,4,"and 2",0.04,25.0006,31.5099,4,4,2026-10-05T23:47:26+02:00
znver4,simde,512,main_scan_int,4,"and 3",0.13,18.9186,24.0284,4,4,2026-10-05T23:47:26+02:00
znver4,simde,512,main_scan_int,4,"and 3",0.13,19.2661,23.1777,4,4,2026-10-05T23:47:26+02:00
znver4,simde,512,main_scan_int,4,"and 3",0.13,19.3362,23.5668,4,4,2026-10-05T23:47:26+02:00
znver4,simde,512,main_scan_int,4,"and 3",0.13,14.1577,23.6886,4,4,2026-10-05T23:47:26+02:00
znver4,simde,512,main_scan_int,4,"and 3",0.13,19.0532,24.2217,4,4,2026-10-05T23:47:26+02:00
znver4,simde,512,main_scan_int,4,"and 1",0.01,45.5334,63.2966,4,4,2026-10-05T23:47:26+02:00
znver4,simde,512,main_scan_int,4,"and 1",0.01,43.3058,63.3360,4,4,2026-10-05T23:47:26+02:00
znver4,simde,512,main_scan_int,4,"and 1",0.01,45.5363,67.7642,4,4,2026-10-05T23:47:26+02:00
znver4,simde,512,main_scan_int,4,"and 1",0.01,49.8294,61.1716,4,4,2026-10-05T23:47:26+02:00
znver4,simde,512,main_scan_int,4,"and 1",0.01,49.9836,66.0807,4,4,2026-10-05T23:47:26+02:00
znver4,simde,512,main_scan_int,4,"and 2",0.07,22.8042,28.2215,4,4,2026-10-05T23:47:26+02:00
znver4,simde,512,main_scan_int,4,"and 2",0.07,23.3399,28.8854,4,4,2026-10-05T23:47:26+02:00
znver4,simde,512,main_scan_int,4,"and 2",0.07,23.5687,28.7655,4,4,2026-10-05T23:47:26+02:00
znver4,simde,512,main_scan_int,4,"and 2",0.07,23.6592,28.8262,4,4,2026-10-05T23:47:26+02:00
znver4,simde,512,main_scan_int,4,"and 2",0.07,23.1985,29.3110,4,4,2026-10-05T23:47:26+02:00
znver4,simde,512,main_scan_int,4,"and 3",0.17,16.0643,19.6723,4,4,2026-10-05T23:47:26+02:00
znver4,simde,512,main_scan_int,4,"and 3",0.17,12.8302,20.1649,4,4,2026-10-05T23:47:26+02:00
znver4,simde,512,main_scan_int,4,"and 3",0.17,15.9908,19.7782,4,4,2026-10-05T23:47:26+02:00
znver4,simde,512,main_scan_int,4,"and 3",0.17,16.0360,20.1936,4,4,2026-10-05T23:47:26+02:00
znver4,simde,512,main_scan_int,4,"and 3",0.17,15.9707,19.4482,4,4,2026-10-05T23:47:26+02:00
znver4,simde,512,main_scan_int,4,"and 1",0.01,36.7969,49.4093,4,4,2026-10-05T23:47:26+02:00
znver4,simde,512,main_scan_int,4,"and 1",0.01,36.1882,54.1394,4,4,2026-10-05T23:47:26+02:00
znver4,simde,512,main_scan_int,4,"and 1",0.01,33.7659,55.4933,4,4,2026-10-05T23:47:26+02:00
znver4,simde,512,main_scan_int,4,"and 1",0.01,35.9713,51.9907,4,4,2026-10-05T23:47:26+02:00
znver4,simde,512,main_scan_int,4,"and 1",0.01,35.4931,56.9461,4,4,2026-10-05T23:47:26+02:00
znver4,simde,512,main_scan_int,4,"and 2",0.10,22.4202,24.7335,4,4,2026-10-05T23:47:26+02:00
znver4,simde,512,main_scan_int,4,"and 2",0.10,20.7431,25.9085,4,4,2026-10-05T23:47:26+02:00
znver4,simde,512,main_scan_int,4,"and 2",0.10,20.7717,26.9050,4,4,2026-10-05T23:47:26+02:00
znver4,simde,512,main_scan_int,4,"and 2",0.10,20.7782,26.5510,4,4,2026-10-05T23:47:26+02:00
znver4,simde,512,main_scan_int,4,"and 2",0.10,20.6997,27.0569,4,4,2026-10-05T23:47:26+02:00
znver4,simde,512,main_scan_int,4,"and 3",0.22,15.1234,17.6742,4,4,2026-10-05T23:47:26+02:00
znver4,simde,512,main_scan_int,4,"and 3",0.22,15.4204,17.9271,4,4,2026-10-05T23:47:26+02:00
znver4,simde,512,main_scan_int,4,"and 3",0.22,15.8140,17.9546,4,4,2026-10-05T23:47:26+02:00
znver4,simde,512,main_scan_int,4,"and 3",0.22,15.4780,18.0084,4,4,2026-10-05T23:47:26+02:00
znver4,simde,512,main_scan_int,4,"and 3",0.22,16.1035,17.6410,4,4,2026-10-05T23:47:26+02:00
znver4,simde,512,main_scan_int,4,"and 1",0.02,22.9246,36.9538,4,4,2026-10-05T23:47:26+02:00
znver4,simde,512,main_scan_int,4,"and 1",0.02,30.7721,41.0858,4,4,2026-10-05T23:47:26+02:00
znver4,simde,512,main_scan_int,4,"and 1",0.02,31.3266,31.8844,4,4,2026-10-05T23:47:26+02:00
znver4,simde,512,main_scan_int,4,"and 1",0.02,25.8627,40.1494,4,4,2026-10-05T23:47:26+02:00
znver4,simde,512,main_scan_int,4,"and 1",0.02,28.4558,38.9057,4,4,2026-10-05T23:47:26+02:00
znver4,simde,512,main_scan_int,4,"and 2",0.14,12.8117,21.1149,4,4,2026-10-05T23:47:26+02:00
znver4,simde,512,main_scan_int,4,"and 2",0.14,13.1800,21.5094,4,4,2026-10-05T23:47:26+02:00
znver4,simde,512,main_scan_int,4,"and 2",0.14,13.6470,16.7410,4,4,2026-10-05T23:47:26+02:00
znver4,simde,512,main_scan_int,4,"and 2",0.14,14.7155,20.1383,4,4,2026-10-05T23:47:26+02:00
znver4,simde,512,main_scan_int,4,"and 2",0.14,13.6680,18.8126,4,4,2026-10-05T23:47:26+02:00
znver4,simde,512,main_scan_int,4,"and 3",0.27,9.4577,14.2130,4,4,2026-10-05T23:47:26+02:00
znver4,simde,512,main_scan_int,4,"and 3",0.27,8.8000,14.2897,4,4,2026-10-05T23:47:26+02:00
znver4,simde,512,main_scan_int,4,"and 3",0.27,9.3393,12.9852,4,4,2026-10-05T23:47:26+02:00
znver4,simde,512,main_scan_int,4,"and 3",0.27,8.9373,13.5637,4,4,2026-10-05T23:47:26+02:00
znver4,simde,512,main_scan_int,4,"and 3",0.27,8.9797,12.9852,4,4,2026-10-05T23:47:26+02:00
znver4,simde,512,main_scan_int,4,"and 1",0.05,23.8789,22.2107,4,4,2026-10-05T23:47:26+02:00
znver4,simde,512,main_scan_int,4,"and 1",0.05,20.5774,20.1601,4,4,2026-10-05T23:47:26+02:00
znver4,simde,512,main_scan_int,4,"and 1",0.05,24.7177,18.5407,4,4,2026-10-05T23:47:26+02:00
znver4,simde,512,main_scan_int,4,"and 1",0.05,11.2542,26.9093,4,4,2026-10-05T23:47:26+02:00
znver4,simde,512,main_scan_int,4,"and 1",0.05,25.9023,29.5746,4,4,2026-10-05T23:47:26+02:00
znver4,simde,512,main_scan_int,4,"and 2",0.22,8.6181,14.3412,4,4,2026-10-05T23:47:26+02:00
znver4,simde,512,main_scan_int,4,"and 2",0.22,13.0372,14.2224,4,4,2026-10-05T23:47:26+02:00
znver4,simde,512,main_scan_int,4,"and 2",0.22,10.7362,13.7742,4,4,2026-10-05T23:47:26+02:00
znver4,simde,512,main_scan_int,4,"and 2",0.22,12.0223,17.7173,4,4,2026-10-05T23:47:26+02:00
znver4,simde,512,main_scan_int,4,"and 2",0.22,12.4763,18.4984,4,4,2026-10-05T23:47:26+02:00
znver4,simde,512,main_scan_int,4,"and 3",0.37,12.0588,12.1565,4,4,2026-10-05T23:47:26+02:00
znver4,simde,512,main_scan_int,4,"and 3",0.37,7.3175,9.9209,4,4,2026-10-05T23:47:26+02:00
znver4,simde,512,main_scan_int,4,"and 3",0.37,6.9210,12.6637,4,4,2026-10-05T23:47:26+02:00
znver4,simde,512,main_scan_int,4,"and 3",0.37,9.6315,10.1001,4,4,2026-10-05T23:47:26+02:00
znver4,simde,512,main_scan_int,4,"and 3",0.37,12.2501,13.4769,4,4,2026-10-05T23:47:26+02:00
znver4,simde,512,main_scan_int,4,"and 1",0.10,20.4087,17.7525,4,4,2026-10-05T23:47:26+02:00
znver4,simde,512,main_scan_int,4,"and 1",0.10,19.7815,13.7386,4,4,2026-10-05T23:47:26+02:00
znver4,simde,512,main_scan_int,4,"and 1",0.10,17.2312,15.9596,4,4,2026-10-05T23:47:26+02:00
znver4,simde,512,main_scan_int,4,"and 1",0.10,21.0433,20.7621,4,4,2026-10-05T23:47:26+02:00
znver4,simde,512,main_scan_int,4,"and 1",0.10,23.6787,15.6868,4,4,2026-10-05T23:47:26+02:00
znver4,simde,512,main_scan_int,4,"and 2",0.32,11.8977,14.2653,4,4,2026-10-05T23:47:26+02:00
znver4,simde,512,main_scan_int,4,"and 2",0.32,12.5708,17.7421,4,4,2026-10-05T23:47:26+02:00
znver4,simde,512,main_scan_int,4,"and 2",0.32,15.1747,14.5380,4,4,2026-10-05T23:47:26+02:00
znver4,simde,512,main_scan_int,4,"and 2",0.32,15.2973,10.0467,4,4,2026-10-05T23:47:26+02:00
znver4,simde,512,main_scan_int,4,"and 2",0.32,11.2173,12.2432,4,4,2026-10-05T23:47:26+02:00
znver4,simde,512,main_scan_int,4,"and 3",0.46,8.5187,9.0288,4,4,2026-10-05T23:47:26+02:00
znver4,simde,512,main_scan_int,4,"and 3",0.46,9.8757,10.2584,4,4,2026-10-05T23:47:26+02:00
znver4,simde,512,main_scan_int,4,"and 3",0.46,7.6787,10.0687,4,4,2026-10-05T23:47:26+02:00
znver4,simde,512,main_scan_int,4,"and 3",0.46,6.8025,9.3280,4,4,2026-10-05T23:47:26+02:00
znver4,simde,512,main_scan_int,4,"and 3",0.46,6.1466,9.2595,4,4,2026-10-05T23:47:26+02:00
znver4,simde,512,main_scan_int,4,"and 1",0.20,12.1155,19.9115,4,4,2026-10-05T23:47:26+02:00
znver4,simde,512,main_scan_int,4,"and 1",0.20,14.9959,15.1518,4,4,2026-10-05T23:47:26+02:00
znver4,simde,512,main_scan_int,4,"and 1",0.20,16.2151,20.5009,4,4,2026-10-05T23:47:26+02:00
znver4,simde,512,main_scan_int,4,"and 1",0.20,14.0655,17.2442,4,4,2026-10-05T23:47:26+02:00
znver4,simde,512,main_scan_int,4,"and 1",0.20,15.8815,13.3799,4,4,2026-10-05T23:47:26+02:00
znver4,simde,512,main_scan_int,4,"and 2",0.45,7.2668,16.0985,4,4,2026-10-05T23:47:26+02:00
znver4,simde,512,main_scan_int,4,"and 2",0.45,6.7481,10.8097,4,4,2026-10-05T23:47:26+02:00
znver4,simde,512,main_scan_int,4,"and 2",0.45,10.4421,13.0912,4,4,2026-10-05T23:47:26+02:00
znver4,simde,512,main_scan_int,4,"and 2",0.45,6.7236,15.2584,4,4,2026-10-05T23:47:26+02:00
znver4,simde,512,main_scan_int,4,"and 2",0.45,7.8110,11.0559,4,4,2026-10-05T23:47:26+02:00
znver4,simde,512,main_scan_int,4,"and 3",0.58,7.0728,9.2475,4,4,2026-10-05T23:47:26+02:00
znver4,simde,512,main_scan_int,4,"and 3",0.58,7.5511,11.7519,4,4,2026-10-05T23:47:26+02:00
znver4,simde,512,main_scan_int,4,"and 3",0.58,6.3111,10.6948,4,4,2026-10-05T23:47:26+02:00
znver4,simde,512,main_scan_int,4,"and 3",0.58,7.5593,9.1698,4,4,2026-10-05T23:47:26+02:00
znver4,simde,512,main_scan_int,4,"and 3",0.58,4.6267,8.8255,4,4,2026-10-05T23:47:26+02:00
znver4,simde,512,main_scan_int,4,"and 1",0.50,8.4049,11.5209,4,4,2026-10-05T23:47:26+02:00
znver4,simde,512,main_scan_int,4,"and 1",0.50,12.7077,14.0488,4,4,2026-10-05T23:47:26+02:00
znver4,simde,512,main_scan_int,4,"and 1",0.50,10.4705,11.4537,4,4,2026-10-05T23:47:26+02:00
znver4,simde,512,main_scan_int,4,"and 1",0.50,12.7694,11.9382,4,4,2026-10-05T23:47:26+02:00
znver4,simde,512,main_scan_int,4,"and 1",0.50,12.1920,11.6226,4,4,2026-10-05T23:47:26+02:00
znver4,simde,512,main_scan_int,4,"and 2",0.71,4.8425,10.1866,4,4,2026-10-05T23:47:26+02:00
znver4,simde,512,main_scan_int,4,"and 2",0.71,7.5114,11.6949,4,4,2026-10-05T23:47:26+02:00
znver4,simde,512,main_scan_int,4,"and 2",0.71,7.7113,9.2701,4,4,2026-10-05T23:47:26+02:00
znver4,simde,512,main_scan_int,4,"and 2",0.71,7.4089,10.0829,4,4,2026-10-05T23:47:26+02:00
znver4,simde,512,main_scan_int,4,"and 2",0.71,9.3861,10.1834,4,4,2026-10-05T23:47:26+02:00
znver4,simde,512,main_scan_int,4,"and 3",0.79,9.5294,8.6333,4,4,2026-10-05T23:47:26+02:00
znver4,simde,512,main_scan_int,4,"and 3",0.79,7.3853,8.2693,4,4,2026-10-05T23:47:26+02:00
znver4,simde,512,main_scan_int,4,"and 3",0.79,6.2141,8.9039,4,4,2026-10-05T23:47:26+02:00
znver4,simde,512,main_scan_int,4,"and 3",0.79,8.5970,8.7291,4,4,2026-10-05T23:47:26+02:00
znver4,simde,512,main_scan_int,4,"and 3",0.79,9.0128,9.1208,4,4,2026-10-05T23:47:26+02:00
znver4,simde,512,main_scan_int,4,"and 1",1.00,15.3860,20.7240,4,4,2026-10-05T23:47:26+02:00
znver4,simde,512,main_scan_int,4,"and 1",1.00,15.5038,20.6186,4,4,2026-10-05T23:47:26+02:00
znver4,simde,512,main_scan_int,4,"and 1",1.00,14.8801,19.9034,4,4,2026-10-05T23:47:26+02:00
znver4,simde,512,main_scan_int,4,"and 1",1.00,14.2368,20.3815,4,4,2026-10-05T23:47:26+02:00
znver4,simde,512,main_scan_int,4,"and 1",1.00,15.1785,16.3630,4,4,2026-10-05T23:47:26+02:00
znver4,simde,512,main_scan_int,4,"and 2",1.00,11.7307,15.3113,4,4,2026-10-05T23:47:26+02:00
znver4,simde,512,main_scan_int,4,"and 2",1.00,11.6758,15.3135,4,4,2026-10-05T23:47:26+02:00
znver4,simde,512,main_scan_int,4,"and 2",1.00,11.8925,14.4296,4,4,2026-10-05T23:47:26+02:00
znver4,simde,512,main_scan_int,4,"and 2",1.00,11.5291,14.4421,4,4,2026-10-05T23:47:26+02:00
znver4,simde,512,main_scan_int,4,"and 2",1.00,11.1862,11.5570,4,4,2026-10-05T23:47:26+02:00
znver4,simde,512,main_scan_int,4,"and 3",1.00,5.7375,11.7645,4,4,2026-10-05T23:47:26+02:00
znver4,simde,512,main_scan_int,4,"and 3",1.00,9.2298,12.0467,4,4,2026-10-05T23:47:26+02:00
znver4,simde,512,main_scan_int,4,"and 3",1.00,9.7673,12.0224,4,4,2026-10-05T23:47:26+02:00
znver4,simde,512,main_scan_int,4,"and 3",1.00,9.5646,10.8985,4,4,2026-10-05T23:47:26+02:00
znver4,simde,512,main_scan_int,4,"and 3",1.00,9.2485,10.3899,4,4,2026-10-05T23:47:26+02:00
znver4,simde,512,main_scan_enc,4,"and 1",0.00,55.1245,264.1645,4,4,2026-10-05T23:47:48+02:00
znver4,simde,512,main_scan_enc,4,"and 1",0.00,62.6367,274.0101,4,4,2026-10-05T23:47:48+02:00
znver4,simde,512,main_scan_enc,4,"and 1",0.00,63.3014,281.7092,4,4,2026-10-05T23:47:48+02:00
znver4,simde,512,main_scan_enc,4,"and 1",0.00,62.1897,134.5279,4,4,2026-10-05T23:47:48+02:00
znver4,simde,512,main_scan_enc,4,"and 1",0.00,38.5721,274.8703,4,4,2026-10-05T23:47:48+02:00
znver4,simde,512,main_scan_enc,4,"and 2",0.03,37.3391,30.7829,4,4,2026-10-05T23:47:48+02:00
znver4,simde,512,main_scan_enc,4,"and 2",0.03,42.3065,111.6081,4,4,2026-10-05T23:47:48+02:00
znver4,simde,512,main_scan_enc,4,"and 2",0.03,41.8729,128.3901,4,4,2026-10-05T23:47:48+02:00
znver4,simde,512,main_scan_enc,4,"and 2",0.03,42.2170,129.2878,4,4,2026-10-05T23:47:48+02:00
znver4,simde,512,main_scan_enc,4,"and 2",0.03,42.1846,60.4253,4,4,2026-10-05T23:47:48+02:00
znver4,simde,512,main_scan_enc,4,"and 3",0.10,15.0757,34.6321,4,4,2026-10-05T23:47:48+02:00
znver4,simde,512,main_scan_enc,4,"and 3",0.10,14.3083,43.3460,4,4,2026-10-05T23:47:48+02:00
znver4,simde,512,main_scan_enc,4,"and 3",0.10,20.7259,51.1559,4,4,2026-10-05T23:47:48+02:00
znver4,simde,512,main_scan_enc,4,"and 3",0.10,21.5516,42.3672,4,4,2026-10-05T23:47:48+02:00
znver4,simde,512,main_scan_enc,4,"and 3",0.10,10.6568,38.8117,4,4,2026-10-05T23:47:48+02:00
znver4,simde,512,main_scan_enc,4,"and 1",0.00,29.9756,64.5596,4,4,2026-10-05T23:47:48+02:00
znver4,simde,512,main_scan_enc,4,"and 1",0.00,51.3242,212.8167,4,4,2026-10-05T23:47:48+02:00
znver4,simde,512,main_scan_enc,4,"and 1",0.00,34.9835,225.5768,4,4,2026-10-05T23:47:48+02:00
znver4,simde,512,main_scan_enc,4,"and 1",0.00,57.7959,133.6634,4,4,2026-10-05T23:47:48+02:00
znver4,simde,512,main_scan_enc,4,"and 1",0.00,59.0133,231.8088,4,4,2026-10-05T23:47:48+02:00
znver4,simde,512,main_scan_enc,4,"and 2",0.04,32.3264,99.2083,4,4,2026-10-05T23:47:48+02:00
znver4,simde,512,main_scan_enc,4,"and 2",0.04,37.0105,125.0209,4,4,2026-10-05T23:47:48+02:00
znver4,simde,512,main_scan_enc,4,"and 2",0.04,36.0883,129.6711,4,4,2026-10-05T23:47:48+02:00
znver4,simde,512,main_scan_enc,4,"and 2",0.04,36.4706,119.8297,4,4,2026-10-05T23:47:48+02:00
znver4,simde,512,main_scan_enc,4,"and 2",0.04,37.9038,104.6220,4,4,2026-10-05T23:47:48+02:00
znver4,simde,512,main_scan_enc,4,"and 3",0.13,20.4679,44.8124,4,4,2026-10-05T23:47:48+02:00
znver4,simde,512,main_scan_enc,4,"and 3",0.13,20.3290,47.5468,4,4,2026-10-05T23:47:48+02:00
znver4,simde,512,main_scan_enc,4,"and 3",0.13,21.6477,49.8464,4,4,2026-10-05T23:47:48+02:00
znver4,simde,512,main_scan_enc,4,"and 3",0.13,21.6916,51.2383,4,4,2026-10-05T23:47:48+02:00
znver4,simde,512,main_scan_enc,4,"and 3",0.13,21.6656,51.4755,4,4,2026-10-05T23:47:48+02:00
znver4,simde,512,main_scan_enc,4,"and 1",0.01,38.0709,117.6163,4,4,2026-10-05T23:47:48+02:00
znver4,simde,512,main_scan_enc,4,"and 1",0.01,40.6307,154.6805,4,4,2026-10-05T23:47:48+02:00
znver4,simde,512,main_scan_enc,4,"and 1",0.01,48.9601,157.4362,4,4,2026-10-05T23:47:48+02:00
znver4,simde,512,main_scan_enc,4,"and 1",0.01,52.1722,170.9104,4,4,2026-10-05T23:47:48+02:00
znver4,simde,512,main_scan_enc,4,"and 1",0.01,18.1855,148.2632,4,4,2026-10-05T23:47:48+02:00
znver4,simde,512,main_scan_enc,4,"and 2",0.07,26.3239,84.8639,4,4,2026-10-05T23:47:48+02:00
znver4,simde,512,main_scan_enc,4,"and 2",0.07,27.3130,95.7218,4,4,2026-10-05T23:47:48+02:00
znver4,simde,512,main_scan_enc,4,"and 2",0.07,28.4173,97.4803,4,4,2026-10-05T23:47:48+02:00
znver4,simde,512,main_scan_enc,4,"and 2",0.07,28.6469,98.6417,4,4,2026-10-05T23:47:48+02:00
znver4,simde,512,main_scan_enc,4,"and 2",0.07,28.3244,101.8203,4,4,2026-10-05T23:47:48+02:00
znver4,simde,512,main_scan_enc,4,"and 3",0.17,17.5637,43.8867,4,4,2026-10-05T23:47:48+02:00
znver4,simde,512,main_scan_enc,4,"and 3",0.17,18.2709,42.8865,4,4,2026-10-05T23:47:48+02:00
znver4,simde,512,main_scan_enc,4,"and 3",0.17,17.9681,43.3625,4,4,2026-10-05T23:47:48+02:00
znver4,simde,512,main_scan_enc,4,"and 3",0.17,18.2354,46.3953,4,4,2026-10-05T23:47:48+02:00
znver4,simde,512,main_scan_enc,4,"and 3",0.17,18.1028,48.5619,4,4,2026-10-05T23:47:48+02:00
znver4,simde,512,main_scan_enc,4,"and 1",0.01,27.8245,87.2259,4,4,2026-10-05T23:47:48+02:00
znver4,simde,512,main_scan_enc,4,"and 1",0.01,32.0498,103.1308,4,4,2026-10-05T23:47:48+02:00
znver4,simde,512,main_scan_enc,4,"and 1",0.01,38.4308,111.2426,4,4,2026-10-05T23:47:48+02:00
znver4,simde,512,main_scan_enc,4,"and 1",0.01,42.3927,112.4376,4,4,2026-10-05T23:47:48+02:00
znver4,simde,512,main_scan_enc,4,"and 1",0.01,44.1038,113.5605,4,4,2026-10-05T23:47:48+02:00
znver4,simde,512,main_scan_enc,4,"and 2",0.10,20.5466,63.6981,4,4,2026-10-05T23:47:48+02:00
znver4,simde,512,main_scan_enc,4,"and 2",0.10,21.2684,63.1654,4,4,2026-10-05T23:47:48+02:00
znver4,simde,512,main_scan_enc,4,"and 2",0.10,21.4286,70.2501,4,4,2026-10-05T23:47:48+02:00
znver4,simde,512,main_scan_enc,4,"and 2",0.10,21.5521,73.5397,4,4,2026-10-05T23:47:48+02:00
znver4,simde,512,main_scan_enc,4,"and 2",0.10,22.3236,76.2243,4,4,2026-10-05T23:47:48+02:00
znver4,simde,512,main_scan_enc,4,"and 3",0.22,14.3871,38.5873,4,4,2026-10-05T23:47:48+02:00
znver4,simde,512,main_scan_enc,4,"and 3",0.22,14.2651,41.5415,4,4,2026-10-05T23:47:48+02:00
znver4,simde,512,main_scan_enc,4,"and 3",0.22,14.4543,42.5716,4,4,2026-10-05T23:47:48+02:00
znver4,simde,512,main_scan_enc,4,"and 3",0.22,14.5900,42.7389,4,4,2026-10-05T23:47:48+02:00
znver4,simde,512,main_scan_enc,4,"and 3",0.22,13.6175,39.8982,4,4,2026-10-05T23:47:48+02:00
znver4,simde,512,main_scan_enc,4,"and 1",0.02,26.9420,59.4525,4,4,2026-10-05T23:47:48+02:00
znver4,simde,512,main_scan_enc,4,"and 1",0.02,28.7209,63.4737,4,4,2026-10-05T23:47:48+02:00
znver4,simde,512,main_scan_enc,4,"and 1",0.02,23.5518,63.3143,4,4,2026-10-05T23:47:48+02:00
znver4,simde,512,main_scan_enc,4,"and 1",0.02,32.7876,63.3384,4,4,2026-10-05T23:47:48+02:00
znver4,simde,512,main_scan_enc,4,"and 1",0.02,32.6030,66.8487,4,4,2026-10-05T23:47:48+02:00
znver4,simde,512,main_scan_enc,4,"and 2",0.14,19.6585,49.3126,4,4,2026-10-05T23:47:48+02:00
znver4,simde,512,main_scan_enc,4,"and 2",0.14,19.9786,49.9966,4,4,2026-10-05T23:47:48+02:00
znver4,simde,512,main_scan_enc,4,"and 2",0.14,19.6071,49.8120,4,4,2026-10-05T23:47:48+02:00
znver4,simde,512,main_scan_enc,4,"and 2",0.14,19.6082,51.8282,4,4,2026-10-05T23:47:48+02:00
znver4,simde,512,main_scan_enc,4,"and 2",0.14,19.6550,52.8952,4,4,2026-10-05T23:47:48+02:00
znver4,simde,512,main_scan_enc,4,"and 3",0.27,12.5338,31.9072,4,4,2026-10-05T23:47:48+02:00
znver4,simde,512,main_scan_enc,4,"and 3",0.27,12.5895,33.2133,4,4,2026-10-05T23:47:48+02:00
znver4,simde,512,main_scan_enc,4,"and 3",0.27,12.8286,33.1445,4,4,2026-10-05T23:47:48+02:00
znver4,simde,512,main_scan_enc,4,"and 3",0.27,12.8112,33.3732,4,4,2026-10-05T23:47:48+02:00
znver4,simde,512,main_scan_enc,4,"and 3",0.27,12.8602,31.6696,4,4,2026-10-05T23:47:48+02:00
znver4,simde,512,main_scan_enc,4,"and 1",0.05,26.7902,31.4353,4,4,2026-10-05T23:47:48+02:00
znver4,simde,512,main_scan_enc,4,"and 1",0.05,27.3652,33.1683,4,4,2026-10-05T23:47:48+02:00
znver4,simde,512,main_scan_enc,4,"and 1",0.05,41.5726,18.2688,4,4,2026-10-05T23:47:48+02:00
znver4,simde,512,main_scan_enc,4,"and 1",0.05,26.2561,23.2141,4,4,2026-10-05T23:47:48+02:00
znver4,simde,512,main_scan_enc,4,"and 1",0.05,26.7441,32.5777,4,4,2026-10-05T23:47:48+02:00
znver4,simde,512,main_scan_enc,4,"and 2",0.22,18.3183,19.5089,4,4,2026-10-05T23:47:48+02:00
znver4,simde,512,main_scan_enc,4,"and 2",0.22,17.4302,12.1295,4,4,2026-10-05T23:47:48+02:00
znver4,simde,512,main_scan_enc,4,"and 2",0.22,18.3389,19.8191,4,4,2026-10-05T23:47:48+02:00
znver4,simde,512,main_scan_enc,4,"and 2",0.22,10.1791,19.0905,4,4,2026-10-05T23:47:48+02:00
znver4,simde,512,main_scan_enc,4,"and 2",0.22,15.0674,24.1925,4,4,2026-10-05T23:47:48+02:00
znver4,simde,512,main_scan_enc,4,"and 3",0.37,8.4225,21.8745,4,4,2026-10-05T23:47:48+02:00
znver4,simde,512,main_scan_enc,4,"and 3",0.37,5.9428,10.2413,4,4,2026-10-05T23:47:48+02:00
znver4,simde,512,main_scan_enc,4,"and 3",0.37,8.0541,23.0125,4,4,2026-10-05T23:47:48+02:00
znver4,simde,512,main_scan_enc,4,"and 3",0.37,6.1673,23.3730,4,4,2026-10-05T23:47:48+02:00
znver4,simde,512,main_scan_enc,4,"and 3",0.37,7.8126,14.7420,4,4,2026-10-05T23:47:48+02:00
znver4,simde,512,main_scan_enc,4,"and 1",0.10,20.5140,21.5755,4,4,2026-10-05T23:47:48+02:00
znver4,simde,512,main_scan_enc,4,"and 1",0.10,21.0874,10.6768,4,4,2026-10-05T23:47:48+02:00
znver4,simde,512,main_scan_enc,4,"and 1",0.10,35.7401,16.7326,4,4,2026-10-05T23:47:48+02:00
znver4,simde,512,main_scan_enc,4,"and 1",0.10,34.3720,11.2790,4,4,2026-10-05T23:47:48+02:00
znver4,simde,512,main_scan_enc,4,"and 1",0.10,35.4457,16.6042,4,4,2026-10-05T23:47:48+02:00
znver4,simde,512,main_scan_enc,4,"and 2",0.32,7.2988,12.8997,4,4,2026-10-05T23:47:48+02:00
znver4,simde,512,main_scan_enc,4,"and 2",0.32,8.2942,10.9419,4,4,2026-10-05T23:47:48+02:00
znver4,simde,512,main_scan_enc,4,"and 2",0.32,13.4037,9.5672,4,4,2026-10-05T23:47:48+02:00
znver4,simde,512,main_scan_enc,4,"and 2",0.32,7.4893,23.7607,4,4,2026-10-05T23:47:48+02:00
znver4,simde,512,main_scan_enc,4,"and 2",0.32,7.1526,18.3433,4,4,2026-10-05T23:47:48+02:00
znver4,simde,512,main_scan_enc,4,"and 3",0.46,3.2082,10.5242,4,4,2026-10-05T23:47:48+02:00
znver4,simde,512,main_scan_enc,4,"and 3",0.46,5.6983,20.0210,4,4,2026-10-05T23:47:48+02:00
znver4,simde,512,main_scan_enc,4,"and 3",0.46,5.9689,13.0468,4,4,2026-10-05T23:47:48+02:00
znver4,simde,512,main_scan_enc,4,"and 3",0.46,6.3132,16.4134,4,4,2026-10-05T23:47:48+02:00
znver4,simde,512,main_scan_enc,4,"and 3",0.46,5.4596,19.1292,4,4,2026-10-05T23:47:48+02:00
znver4,simde,512,main_scan_enc,4,"and 1",0.20,11.5324,20.5143,4,4,2026-10-05T23:47:48+02:00
znver4,simde,512,main_scan_enc,4,"and 1",0.20,16.8259,10.2241,4,4,2026-10-05T23:47:48+02:00
znver4,simde,512,main_scan_enc,4,"and 1",0.20,9.9733,17.8062,4,4,2026-10-05T23:47:48+02:00
znver4,simde,512,main_scan_enc,4,"and 1",0.20,14.2120,14.0706,4,4,2026-10-05T23:47:48+02:00
znver4,simde,512,main_scan_enc,4,"and 1",0.20,24.4965,16.6967,4,4,2026-10-05T23:47:48+02:00
znver4,simde,512,main_scan_enc,4,"and 2",0.45,7.3296,10.3036,4,4,2026-10-05T23:47:48+02:00
znver4,simde,512,main_scan_enc,4,"and 2",0.45,7.4374,12.4745,4,4,2026-10-05T23:47:48+02:00
znver4,simde,512,main_scan_enc,4,"and 2",0.45,5.8166,10.3619,4,4,2026-10-05T23:47:48+02:00
znver4,simde,512,main_scan_enc,4,"and 2",0.45,4.2108,14.3974,4,4,2026-10-05T23:47:48+02:00
znver4,simde,512,main_scan_enc,4,"and 2",0.45,7.3325,10.9557,4,4,2026-10-05T23:47:48+02:00
znver4,simde,512,main_scan_enc,4,"and 3",0.58,5.0569,11.4258,4,4,2026-10-05T23:47:48+02:00
znver4,simde,512,main_scan_enc,4,"and 3",0.58,5.0519,18.1770,4,4,2026-10-05T23:47:48+02:00
znver4,simde,512,main_scan_enc,4,"and 3",0.58,4.0682,11.3181,4,4,2026-10-05T23:47:48+02:00
znver4,simde,512,main_scan_enc,4,"and 3",0.58,4.0007,17.8651,4,4,2026-10-05T23:47:48+02:00
znver4,simde,512,main_scan_enc,4,"and 3",0.58,3.4370,9.9025,4,4,2026-10-05T23:47:48+02:00
znver4,simde,512,main_scan_enc,4,"and 1",0.50,11.5110,10.1501,4,4,2026-10-05T23:47:48+02:00
znver4,simde,512,main_scan_enc,4,"and 1",0.50,13.7435,17.9816,4,4,2026-10-05T23:47:48+02:00
znver4,simde,512,main_scan_enc,4,"and 1",0.50,9.7055,12.2886,4,4,2026-10-05T23:47:48+02:00
znver4,simde,512,main_scan_enc,4,"and 1",0.50,10.8958,11.8015,4,4,2026-10-05T23:47:48+02:00
znver4,simde,512,main_scan_enc,4,"and 1",0.50,7.6961,11.9396,4,4,2026-10-05T23:47:48+02:00
znver4,simde,512,main_scan_enc,4,"and 2",0.71,7.5847,12.6824,4,4,2026-10-05T23:47:48+02:00
znver4,simde,512,main_scan_enc,4,"and 2",0.71,6.4711,11.2435,4,4,2026-10-05T23:47:48+02:00
znver4,simde,512,main_scan_enc,4,"and 2",0.71,8.7466,17.4352,4,4,2026-10-05T23:47:48+02:00
znver4,simde,512,main_scan_enc,4,"and 2",0.71,6.3143,10.8437,4,4,2026-10-05T23:47:48+02:00
znver4,simde,512,main_scan_enc,4,"and 2",0.71,8.4428,11.2033,4,4,2026-10-05T23:47:48+02:00
znver4,simde,512,main_scan_enc,4,"and 3",0.79,6.2618,15.9346,4,4,2026-10-05T23:47:48+02:00
znver4,simde,512,main_scan_enc,4,"and 3",0.79,4.5430,12.6955,4,4,2026-10-05T23:47:48+02:00
znver4,simde,512,main_scan_enc,4,"and 3",0.79,4.8934,9.1919,4,4,2026-10-05T23:47:48+02:00
znver4,simde,512,main_scan_enc,4,"and 3",0.79,5.9329,8.3042,4,4,2026-10-05T23:47:48+02:00
znver4,simde,512,main_scan_enc,4,"and 3",0.79,5.5467,10.6848,4,4,2026-10-05T23:47:48+02:00
znver4,simde,512,main_scan_enc,4,"and 1",1.00,18.6148,9.2681,4,4,2026-10-05T23:47:48+02:00
znver4,simde,512,main_scan_enc,4,"and 1",1.00,16.7607,8.8814,4,4,2026-10-05T23:47:48+02:00
znver4,simde,512,main_scan_enc,4,"and 1",1.00,11.3795,10.7676,4,4,2026-10-05T23:47:48+02:00
znver4,simde,512,main_scan_enc,4,"and 1",1.00,17.7627,12.5262,4,4,2026-10-05T23:47:48+02:00
znver4,simde,512,main_scan_enc,4,"and 1",1.00,17.4400,10.8070,4,4,2026-10-05T23:47:48+02:00
znver4,simde,512,main_scan_enc,4,"and 2",1.00,16.0402,9.5626,4,4,2026-10-05T23:47:48+02:00
znver4,simde,512,main_scan_enc,4,"and 2",1.00,15.2526,8.3311,4,4,2026-10-05T23:47:48+02:00
znver4,simde,512,main_scan_enc,4,"and 2",1.00,15.3207,10.0242,4,4,2026-10-05T23:47:48+02:00
znver4,simde,512,main_scan_enc,4,"and 2",1.00,15.8554,12.4943,4,4,2026-10-05T23:47:48+02:00
znver4,simde,512,main_scan_enc,4,"and 2",1.00,13.8039,10.0597,4,4,2026-10-05T23:47:48+02:00
znver4,simde,512,main_scan_enc,4,"and 3",1.00,9.2340,7.9280,4,4,2026-10-05T23:47:48+02:00
znver4,simde,512,main_scan_enc,4,"and 3",1.00,12.0788,10.1001,4,4,2026-10-05T23:47:48+02:00
znver4,simde,512,main_scan_enc,4,"and 3",1.00,12.4626,12.3860,4,4,2026-10-05T23:47:48+02:00
znver4,simde,512,main_scan_enc,4,"and 3",1.00,12.8323,9.3167,4,4,2026-10-05T23:47:48+02:00
znver4,simde,512,main_scan_enc,4,"and 3",1.00,10.4574,8.7333,4,4,2026-10-05T23:47:48+02:00
znver4,simde,512,main_hash,4,"jenkins_hash",100.00,0.035846,0.035846,4,4,2026-10-05T23:54:34+02:00
znver4,simde,512,main_hash,4,"fnv_hash",100.00,0.043177,0.043177,4,4,2026-10-05T23:54:34+02:00
znver4,simde,512,main_hash,4,"murmur_hash",100.00,0.081727,0.081727,4,4,2026-10-05T23:54:34+02:00
znver4,simde,512,main_select,4,"select_byte",100.00,34.206746,34.206746,4,4,2026-10-05T23:56:42+02:00
znver4,simde,512,main_select,4,"select_short",100.00,27.532866,27.532866,4,4,2026-10-05T23:56:42+02:00
znver4,simde,512,main_select,4,"select_int",100.00,11.647334,11.647334,4,4,2026-10-05T23:56:42+02:00
znver4,simde,512,main_select,4,"select_long",100.00,5.776908,5.776908,4,4,2026-10-05T23:56:42+02:00
znver4,simde,512,main_select,4,"select_float",100.00,11.724577,11.724577,4,4,2026-10-05T23:56:42+02:00
znver4,simde,512,main_select,4,"select_double",100.00,5.786995,5.786995,4,4,2026-10-05T23:56:42+02:00
znver4,simde,512,main_select,4,"select_char",100.00,0.351771,0.351771,4,4,2026-10-05T23:56:42+02:00
znver4,simde,512,main_select,4,"select_encoded",100.00,15.246275,15.246275,4,4,2026-10-05T23:56:42+02:00
znver4,simde,512,main_filter,4,"filter_byte_eq",100.00,0.164398,0.164398,4,4,2026-10-05T23:59:51+02:00
znver4,simde,512,main_filter,4,"filter_byte_lt",100.00,0.171462,0.171462,4,4,2026-10-05T23:59:51+02:00
znver4,simde,512,main_filter,4,"filter_byte_gt",100.00,0.160708,0.160708,4,4,2026-10-05T23:59:51+02:00
znver4,simde,512,main_filter,4,"filter_byte_ne",100.00,0.173568,0.173568,4,4,2026-10-05T23:59:51+02:00
znver4,simde,512,main_filter,4,"filter_byte_le",100.00,0.157495,0.157495,4,4,2026-10-05T23:59:51+02:00
znver4,simde,512,main_filter,4,"filter_byte_ge",100.00,0.161341,0.161341,4,4,2026-10-05T23:59:51+02:00
znver4,simde,512,main_filter,4,"filter_short_eq",100.00,0.079956,0.079956,4,4,2026-10-05T23:59:51+02:00
znver4,simde,512,main_filter,4,"filter_short_lt",100.00,0.078327,0.078327,4,4,2026-10-05T23:59:51+02:00
znver4,simde,512,main_filter,4,"filter_short_gt",100.00,0.078876,0.078876,4,4,2026-10-05T23:59:51+02:00
znver4,simde,512,main_filter,4,"filter_short_ne",100.00,0.079235,0.079235,4,4,2026-10-05T23:59:51+02:00
znver4,simde,512,main_filter,4,"filter_short_le",100.00,0.080131,0.080131,4,4,2026-10-05T23:59:51+02:00
znver4,simde,512,main_filter,4,"filter_short_ge",100.00,0.079379,0.079379,4,4,2026-10-05T23:59:51+02:00
znver4,simde,512,main_filter,4,"filter_int_eq",100.00,0.063432,0.063432,4,4,2026-10-05T23:59:51+02:00
znver4,simde,512,main_filter,4,"filter_int_lt",100.00,0.061933,0.061933,4,4,2026-10-05T23:59:51+02:00
znver4,simde,512,main_filter,4,"filter_int_gt",100.00,0.061921,0.061921,4,4,2026-10-05T23:59:51+02:00
znver4,simde,512,main_filter,4,"filter_int_ne",100.00,0.065098,0.065098,4,4,2026-10-05T23:59:51+02:00
znver4,simde,512,main_filter,4,"filter_int_le",100.00,0.064446,0.064446,4,4,2026-10-05T23:59:51+02:00
znver4,simde,512,main_filter,4,"filter_int_ge",100.00,0.064224,0.064224,4,4,2026-10-05T23:59:51+02:00
znver4,simde,512,main_filter,4,"filter_long_eq",100.00,0.055708,0.055708,4,4,2026-10-05T23:59:51+02:00
znver4,simde,512,main_filter,4,"filter_long_lt",100.00,0.054168,0.054168,4,4,2026-10-05T23:59:51+02:00
znver4,simde,512,main_filter,4,"filter_long_gt",100.00,0.054003,0.054003,4,4,2026-10-05T23:59:51+02:00
znver4,simde,512,main_filter,4,"filter_long_ne",100.00,0.054253,0.054253,4,4,2026-10-05T23:59:51+02:00
znver4,simde,512,main_filter,4,"filter_long_le",100.00,0.053270,0.053270,4,4,2026-10-05T23:59:51+02:00
znver4,simde,512,main_filter,4,"filter_long_ge",100.00,0.053963,0.053963,4,4,2026-10-05T23:59:51+02:00
znver4,simde,512,main_filter,4,"filter_float_eq",100.00,0.066528,0.066528,4,4,2026-10-05T23:59:51+02:00
znver4,simde,512,main_filter,4,"filter_float_lt",100.00,0.066207,0.066207,4,4,2026-10-05T23:59:51+02:00
znver4,simde,512,main_filter,4,"filter_float_gt",100.00,0.062167,0.062167,4,4,2026-10-05T23:59:51+02:00
znver4,simde,512,main_filter,4,"filter_float_ne",100.00,0.066657,0.066657,4,4,2026-10-05T23:59:51+02:00
znver4,simde,512,main_filter,4,"filter_float_le",100.00,0.063842,0.063842,4,4,2026-10-05T23:59:51+02:00
znver4,simde,512,main_filter,4,"filter_float_ge",100.00,0.061733,0.061733,4,4,2026-10-05T23:59:51+02:00
znver4,simde,512,main_filter,4,"filter_double_eq",100.00,0.056217,0.056217,4,4,2026-10-05T23:59:51+02:00
znver4,simde,512,main_filter,4,"filter_double_lt",100.00,0.055139,0.055139,4,4,2026-10-05T23:59:51+02:00
znver4,simde,512,main_filter,4,"filter_double_gt",100.00,0.055486,0.055486,4,4,2026-10-05T23:59:51+02:00
znver4,simde,512,main_filter,4,"filter_double_ne",100.00,0.055327,0.055327,4,4,2026-10-05T23:59:51+02:00
znver4,simde,512,main_filter,4,"filter_double_le",100.00,0.054327,0.054327,4,4,2026-10-05T23:59:51+02:00
znver4,simde,512,main_filter,4,"filter_double_ge",100.00,0.055177,0.055177,4,4,2026-10-05T23:59:51+02:00
znver4,simde,512,main_filter,4,"filter_char_eq",100.00,0.070712,0.070712,4,4,2026-10-05T23:59:51+02:00
znver4,simde,512,main_filter,4,"filter_char_lt",100.00,0.043220,0.043220,4,4,2026-10-05T23:59:51+02:00
znver4,simde,512,main_filter,4,"filter_char_gt",100.00,0.043319,0.043319,4,4,2026-10-05T23:59:51+02:00
znver4,simde,512,main_filter,4,"filter_char_ne",100.00,0.070403,0.070403,4,4,2026-10-05T23:59:51+02:00
znver4,simde,512,main_filter,4,"filter_char_le",100.00,0.043083,0.043083,4,4,2026-10-05T23:59:51+02:00
znver4,simde,512,main_filter,4,"filter_char_ge",100.00,0.043153,0.043153,4,4,2026-10-05T23:59:51+02:00
znver4,simde,512,main_shuffle,4,"shuffle_offset",100.00,1.236632,1.236632,4,4,2026-10-06T00:02:23+02:00
znver4,simde,512,main_shuffle,4,"shuffle_byte",100.00,1.579646,1.579646,4,4,2026-10-06T00:02:23+02:00
znver4,simde,512,main_shuffle,4,"flush_byte",100.00,2504.809794,2504.809794,4,4,2026-10-06T00:02:23+02:00
znver4,simde,512,main_shuffle,4,"shuffle_short",100.00,1.167126,1.167126,4,4,2026-10-06T00:02:23+02:00
znver4,simde,512,main_shuffle,4,"flush_short",100.00,2972.154195,2972.154195,4,4,2026-10-06T00:02:23+02:00
znver4,simde,512,main_shuffle,4,"shuffle_int",100.00,0.926692,0.926692,4,4,2026-10-06T00:02:23+02:00
znver4,simde,512,main_shuffle,4,"flush_int",100.00,3706.852850,3706.852850,4,4,2026-10-06T00:02:23+02:00
znver4,simde,512,main_shuffle,4,"shuffle_long",100.00,0.631844,0.631844,4,4,2026-10-06T00:02:23+02:00
znver4,simde,512,main_shuffle,4,"flush_long",100.00,5113.134219,5113.134219,4,4,2026-10-06T00:02:23+02:00
znver4,simde,512,main_shuffle,4,"shuffle_char",100.00,0.068290,0.068290,4,4,2026-10-06T00:02:23+02:00
znver4,simde,512,main_shuffle,4,"flush_char",100.00,3330.096409,3330.096409,4,4,2026-10-06T00:02:23+02:00
znver4,simde,512,main_filter,23,"filter_byte_eq",100.00,0.193570,0.193570,24,24,2026-10-06T11:06:21+02:00
znver4,simde,512,main_filter,23,"filter_byte_lt",100.00,0.196910,0.196910,24,24,2026-10-06T11:06:21+02:00
znver4,simde,512,main_filter,23,"filter_byte_gt",100.00,0.194184,0.194184,24,24,2026-10-06T11:06:21+02:00
znver4,simde,512,main_filter,23,"filter_byte_ne",100.00,0.200798,0.200798,24,24,2026-10-06T11:06:21+02:00
znver4,simde,512,main_filter,23,"filter_byte_le",100.00,0.193509,0.193509,24,24,2026-10-06T11:06:21+02:00
znver4,simde,512,main_filter,23,"filter_byte_ge",100.00,0.195662,0.195662,24,24,2026-10-06T11:06:21+02:00
znver4,simde,512,main_filter,23,"filter_short_eq",100.00,0.084963,0.084963,24,24,2026-10-06T11:06:21+02:00
znver4,simde,512,main_filter,23,"filter_short_lt",100.00,0.081265,0.081265,24,24,2026-10-06T11:06:21+02:00
znver4,simde,512,main_filter,23,"filter_short_gt",100.00,0.081657,0.081657,24,24,2026-10-06T11:06:21+02:00
znver4,simde,512,main_filter,23,"filter_short_ne",100.00,0.081808,0.081808,24,24,2026-10-06T11:06:21+02:00
znver4,simde,512,main_filter,23,"filter_short_le",100.00,0.083068,0.083068,24,24,2026-10-06T11:06:21+02:00
znver4,simde,512,main_filter,23,"filter_short_ge",100.00,0.081685,0.081685,24,24,2026-10-06T11:06:21+02:00
znver4,simde,512,main_filter,23,"filter_int_eq",100.00,0.069490,0.069490,24,24,2026-10-06T11:06:21+02:00
znver4,simde,512,main_filter,23,"filter_int_lt",100.00,0.067238,0.067238,24,24,2026-10-06T11:06:21+02:00
znver4,simde,512,main_filter,23,"filter_int_gt",100.00,0.067646,0.067646,24,24,2026-10-06T11:06:21+02:00
znver4,simde,512,main_filter,23,"filter_int_ne",100.00,0.068122,0.068122,24,24,2026-10-06T11:06:21+02:00
znver4,simde,512,main_filter,23,"filter_int_le",100.00,0.067745,0.067745,24,24,2026-10-06T11:06:21+02:00
znver4,simde,512,main_filter,23,"filter_int_ge",100.00,0.067757,0.067757,24,24,2026-10-06T11:06:21+02:00
znver4,simde,512,main_filter,23,"filter_long_eq",100.00,0.057478,0.057478,24,24,2026-10-06T11:06:21+02:00
znver4,simde,512,main_filter,23,"filter_long_lt",100.00,0.056007,0.056007,24,24,2026-10-06T11:06:21+02:00
znver4,simde,512,main_filter,23,"filter_long_gt",100.00,0.056189,0.056189,24,24,2026-10-06T11:06:21+02:00
znver4,simde,512,main_filter,23,"filter_long_ne",100.00,0.056430,0.056430,24,24,2026-10-06T11:06:21+02:00
znver4,simde,512,main_filter,23,"filter_long_le",100.00,0.055785,0.055785,24,24,2026-10-06T11:06:21+02:00
znver4,simde,512,main_filter,23,"filter_long_ge",100.00,0.055563,0.055563,24,24,2026-10-06T11:06:21+02:00
znver4,simde,512,main_filter,23,"filter_float_eq",100.00,0.067072,0.067072,24,24,2026-10-06T11:06:21+02:00
znver4,simde,512,main_filter,23,"filter_float_lt",100.00,0.066594,0.066594,24,24,2026-10-06T11:06:21+02:00
znver4,simde,512,main_filter,23,"filter_float_gt",100.00,0.065194,0.065194,24,24,2026-10-06T11:06:21+02:00
znver4,simde,512,main_filter,23,"filter_float_ne",100.00,0.067713,0.067713,24,24,2026-10-06T11:06:21+02:00
znver4,simde,512,main_filter,23,"filter_float_le",100.00,0.067175,0.067175,24,24,2026-10-06T11:06:21+02:00
znver4,simde,512,main_filter,23,"filter_float_ge",100.00,0.067987,0.067987,24,24,2026-10-06T11:06:21+02:00
znver4,simde,512,main_filter,23,"filter_double_eq",100.00,0.057428,0.057428,24,24,2026-10-06T11:06:21+02:00
znver4,simde,512,main_filter,23,"filter_double_lt",100.00,0.056064,0.056064,24,24,2026-10-06T11:06:21+02:00
znver4,simde,512,main_filter,23,"filter_double_gt",100.00,0.056085,0.056085,24,24,2026-10-06T11:06:21+02:00
znver4,simde,512,main_filter,23,"filter_double_ne",100.00,0.056404,0.056404,24,24,2026-10-06T11:06:21+02:00
znver4,simde,512,main_filter,23,"filter_double_le",100.00,0.055966,0.055966,24,24,2026-10-06T11:06:21+02:00
znver4,simde,512,main_filter,23,"filter_double_ge",100.00,0.056124,0.056124,24,24,2026-10-06T11:06:21+02:00
znver4,simde,512,main_filter,23,"filter_char_eq",100.00,0.072066,0.072066,24,24,2026-10-06T11:06:21+02:00
znver4,simde,512,main_filter,23,"filter_char_lt",100.00,0.043891,0.043891,24,24,2026-10-06T11:06:21+02:00
znver4,simde,512,main_filter,23,"filter_char_gt",100.00,0.043929,0.043929,24,24,2026-10-06T11:06:21+02:00
znver4,simde,512,main_filter,23,"filter_char_ne",100.00,0.071642,0.071642,24,24,2026-10-06T11:06:21+02:00
znver4,simde,512,main_filter,23,"filter_char_le",100.00,0.044010,0.044010,24,24,2026-10-06T11:06:21+02:00
znver4,simde,512,main_filter,23,"filter_char_ge",100.00,0.044130,0.044130,24,24,2026-10-06T11:06:21+02:00
znver4,simde,512,main_part,26,"int * 1 | 2^4",,12.2277,12.2277,27,27,2026-10-06T11:24:26+02:00
znver4,simde,512,main_part,26,"int * 1 | 2^4",,12.4100,12.4100,27,27,2026-10-06T11:24:26+02:00
znver4,simde,512,main_part,26,"int * 1 | 2^4",,12.4048,12.4048,27,27,2026-10-06T11:24:26+02:00
znver4,simde,512,main_part,26,"int * 1 | 2^4",,12.3511,12.3511,27,27,2026-10-06T11:24:26+02:00
znver4,simde,512,main_part,26,"int * 1 | 2^4",,12.5533,12.5533,27,27,2026-10-06T11:24:26+02:00
znver4,simde,512,main_part,26,"int * 1 | 2^5",,7.8991,7.8991,27,27,2026-10-06T11:24:26+02:00
znver4,simde,512,main_part,26,"int * 1 | 2^5",,12.5028,12.5028,27,27,2026-10-06T11:24:26+02:00
znver4,simde,512,main_part,26,"int * 1 | 2^5",,12.3712,12.3712,27,27,2026-10-06T11:24:26+02:00
znver4,simde,512,main_part,26,"int * 1 | 2^5",,12.4852,12.4852,27,27,2026-10-06T11:24:26+02:00
znver4,simde,512,main_part,26,"int * 1 | 2^5",,12.4914,12.4914,27,27,2026-10-06T11:24:26+02:00
znver4,simde,512,main_part,26,"int * 1 | 2^6",,12.4086,12.4086,27,27,2026-10-06T11:24:26+02:00
znver4,simde,512,main_part,26,"int * 1 | 2^6",,11.0079,11.0079,27,27,2026-10-06T11:24:26+02:00
znver4,simde,512,main_part,26,"int * 1 | 2^6",,12.3529,12.3529,27,27,2026-10-06T11:24:26+02:00
znver4,simde,512,main_part,26,"int * 1 | 2^6",,12.4704,12.4704,27,27,2026-10-06T11:24:26+02:00
znver4,simde,512,main_part,26,"int * 1 | 2^6",,12.3028,12.3028,27,27,2026-10-06T11:24:26+02:00
znver4,simde,512,main_part,26,"int * 1 | 2^7",,12.3976,12.3976,27,27,2026-10-06T11:24:26+02:00
znver4,simde,512,main_part,26,"int * 1 | 2^7",,12.2968,12.2968,27,27,2026-10-06T11:24:26+02:00
znver4,simde,512,main_part,26,"int * 1 | 2^7",,12.4417,12.4417,27,27,2026-10-06T11:24:26+02:00
znver4,simde,512,main_part,26,"int * 1 | 2^7",,12.2244,12.2244,27,27,2026-10-06T11:24:26+02:00
znver4,simde,512,main_part,26,"int * 1 | 2^7",,12.3431,12.3431,27,27,2026-10-06T11:24:26+02:00
znver4,simde,512,main_part,26,"int * 1 | 2^8",,12.0108,12.0108,27,27,2026-10-06T11:24:26+02:00
znver4,simde,512,main_part,26,"int * 1 | 2^8",,12.0830,12.0830,27,27,2026-10-06T11:24:26+02:00
znver4,simde,512,main_part,26,"int * 1 | 2^8",,12.0682,12.0682,27,27,2026-10-06T11:24:26+02:00
znver4,simde,512,main_part,26,"int * 1 | 2^8",,10.4200,10.4200,27,27,2026-10-06T11:24:26+02:00
znver4,simde,512,main_part,26,"int * 1 | 2^8",,11.3148,11.3148,27,27,2026-10-06T11:24:26+02:00
znver4,simde,512,main_part,26,"int * 2 | 2^4",,9.1120,9.1120,27,27,2026-10-06T11:24:26+02:00
znver4,simde,512,main_part,26,"int * 2 | 2^4",,9.2853,9.2853,27,27,2026-10-06T11:24:26+02:00
znver4,simde,512,main_part,26,"int * 2 | 2^4",,9.2316,9.2316,27,27,2026-10-06T11:24:26+02:00
znver4,simde,512,main_part,26,"int * 2 | 2^4",,9.0557,9.0557,27,27,2026-10-06T11:24:26+02:00
znver4,simde,512,main_part,26,"int * 2 | 2^4",,9.2430,9.2430,27,27,2026-10-06T11:24:26+02:00
znver4,simde,512,main_part,26,"int * 2 | 2^5",,6.6963,6.6963,27,27,2026-10-06T11:24:26+02:00
znver4,simde,512,main_part,26,"int * 2 | 2^5",,8.0354,8.0354,27,27,2026-10-06T11:24:26+02:00
znver4,simde,512,main_part,26,"int * 2 | 2^5",,9.2734,9.2734,27,27,2026-10-06T11:24:26+02:00
znver4,simde,512,main_part,26,"int * 2 | 2^5",,6.4769,6.4769,27,27,2026-10-06T11:24:26+02:00
znver4,simde,512,main_part,26,"int * 2 | 2^5",,8.9275,8.9275,27,27,2026-10-06T11:24:26+02:00
znver4,simde,512,main_part,26,"int * 2 | 2^6",,5.1420,5.1420,27,27,2026-10-06T11:24:26+02:00
znver4,simde,512,main_part,26,"int * 2 | 2^6",,7.3180,7.3180,27,27,2026-10-06T11:24:26+02:00
znver4,simde,512,main_part,26,"int * 2 | 2^6",,4.5901,4.5901,27,27,2026-10-06T11:24:26+02:00
znver4,simde,512,main_part,26,"int * 2 | 2^6",,4.6132,4.6132,27,27,2026-10-06T11:24:26+02:00
znver4,simde,512,main_part,26,"int * 2 | 2^6",,5.9794,5.9794,27,27,2026-10-06T11:24:26+02:00
znver4,simde,512,main_part,26,"int * 2 | 2^7",,7.8445,7.8445,27,27,2026-10-06T11:24:26+02:00
znver4,simde,512,main_part,26,"int * 2 | 2^7",,8.5911,8.5911,27,27,2026-10-06T11:24:26+02:00
znver4,simde,512,main_part,26,"int * 2 | 2^7",,8.9539,8.9539,27,27,2026-10-06T11:24:26+02:00
znver4,simde,512,main_part,26,"int * 2 | 2^7",,9.0030,9.0030,27,27,2026-10-06T11:24:26+02:00
znver4,simde,512,main_part,26,"int * 2 | 2^7",,8.9690,8.9690,27,27,2026-10-06T11:24:26+02:00
znver4,simde,512,main_part,26,"int * 2 | 2^8",,5.5774,5.5774,27,27,2026-10-06T11:24:26+02:00
znver4,simde,512,main_part,26,"int * 2 | 2^8",,8.7037,8.7037,27,27,2026-10-06T11:24:26+02:00
znver4,simde,512,main_part,26,"int * 2 | 2^8",,8.7314,8.7314,27,27,2026-10-06T11:24:26+02:00
znver4,simde,512,main_part,26,"int * 2 | 2^8",,8.7189,8.7189,27,27,2026-10-06T11:24:26+02:00
znver4,simde,512,main_part,26,"int * 2 | 2^8",,8.7420,8.7420,27,27,2026-10-06T11:24:26+02:00
znver4,simde,512,main_part,26,"int * 3 | 2^4",,4.9479,4.9479,27,27,2026-10-06T11:24:26+02:00
znver4,simde,512,main_part,26,"int * 3 | 2^4",,7.0300,7.0300,27,27,2026-10-06T11:24:26+02:00
znver4,simde,512,main_part,26,"int * 3 | 2^4",,7.0280,7.0280,27,27,2026-10-06T11:24:26+02:00
znver4,simde,512,main_part,26,"int * 3 | 2^4",,7.0316,7.0316,27,27,2026-10-06T11:24:26+02:00
znver4,simde,512,main_part,26,"int * 3 | 2^4",,4.6187,4.6187,27,27,2026-10-06T11:24:26+02:00
znver4,simde,512,main_part,26,"int * 3 | 2^5",,6.9581,6.9581,27,27,2026-10-06T11:24:26+02:00
znver4,simde,512,main_part,26,"int * 3 | 2^5",,7.0077,7.0077,27,27,2026-10-06T11:24:26+02:00
znver4,simde,512,main_part,26,"int * 3 | 2^5",,6.9702,6.9702,27,27,2026-10-06T11:24:26+02:00
znver4,simde,512,main_part,26,"int * 3 | 2^5",,4.9923,4.9923,27,27,2026-10-06T11:24:26+02:00
znver4,simde,512,main_part,26,"int * 3 | 2^5",,6.9455,6.9455,27,27,2026-10-06T11:24:26+02:00
znver4,simde,512,main_part,26,"int * 3 | 2^6",,6.9277,6.9277,27,27,2026-10-06T11:24:26+02:00
znver4,simde,512,main_part,26,"int * 3 | 2^6",,6.8968,6.8968,27,27,2026-10-06T11:24:26+02:00
znver4,simde,512,main_part,26,"int * 3 | 2^6",,5.1290,5.1290,27,27,2026-10-06T11:24:26+02:00
znver4,simde,512,main_part,26,"int * 3 | 2^6",,6.8509,6.8509,27,27,2026-10-06T11:24:26+02:00
znver4,simde,512,main_part,26,"int * 3 | 2^6",,6.9166,6.9166,27,27,2026-10-06T11:24:26+02:00
znver4,simde,512,main_part,26,"int * 3 | 2^7",,6.8563,6.8563,27,27,2026-10-06T11:24:26+02:00
znver4,simde,512,main_part,26,"int * 3 | 2^7",,5.2502,5.2502,27,27,2026-10-06T11:24:26+02:00
znver4,simde,512,main_part,26,"int * 3 | 2^7",,6.8328,6.8328,27,27,2026-10-06T11:24:26+02:00
znver4,simde,512,main_part,26,"int * 3 | 2^7",,6.8429,6.8429,27,27,2026-10-06T11:24:26+02:00
znver4,simde,512,main_part,26,"int * 3 | 2^7",,6.8118,6.8118,27,27,2026-10-06T11:24:26+02:00
znver4,simde,512,main_part,26,"int * 3 | 2^8",,6.2090,6.2090,27,27,2026-10-06T11:24:26+02:00
znver4,simde,512,main_part,26,"int * 3 | 2^8",,6.3989,6.3989,27,27,2026-10-06T11:24:26+02:00
znver4,simde,512,main_part,26,"int * 3 | 2^8",,6.7223,6.7223,27,27,2026-10-06T11:24:26+02:00
znver4,simde,512,main_part,26,"int * 3 | 2^8",,6.7195,6.7195,27,27,2026-10-06T11:24:26+02:00
znver4,simde,512,main_part,26,"int * 3 | 2^8",,5.5818,5.5818,27,27,2026-10-06T11:24:26+02:00
znver4,simde,512,main_scan_int,27,"and 1",0.00,47.7806,65.6548,28,28,2026-10-06T11:24:35+02:00
znver4,simde,512,main_scan_int,27,"and 1",0.00,53.1079,74.5654,28,28,2026-10-06T11:24:35+02:00
znver4,simde,512,main_scan_int,27,"and 1",0.00,53.7210,75.5026,28,28,2026-10-06T11:24:35+02:00
znver4,simde,512,main_scan_int,27,"and 1",0.00,53.7223,75.8745,28,28,2026-10-06T11:24:35+02:00
znver4,simde,512,main_scan_int,27,"and 1",0.00,53.8538,67.8489,28,28,2026-10-06T11:24:35+02:00
znver4,simde,512,main_scan_int,27,"and 2",0.03,25.2804,31.9258,28,28,2026-10-06T11:24:35+02:00
znver4,simde,512,main_scan_int,27,"and 2",0.03,25.2002,34.6634,28,28,2026-10-06T11:24:35+02:00
znver4,simde,512,main_scan_int,27,"and 2",0.03,25.0594,34.2242,28,28,2026-10-06T11:24:35+02:00
znver4,simde,512,main_scan_int,27,"and 2",0.03,23.4815,34.0978,28,28,2026-10-06T11:24:35+02:00
znver4,simde,512,main_scan_int,27,"and 2",0.03,23.6916,34.0014,28,28,2026-10-06T11:24:35+02:00
znver4,simde,512,main_scan_int,27,"and 3",0.10,21.2121,16.1772,28,28,2026-10-06T11:24:35+02:00
znver4,simde,512,main_scan_int,27,"and 3",0.10,21.5108,26.2988,28,28,2026-10-06T11:24:35+02:00
znver4,simde,512,main_scan_int,27,"and 3",0.10,21.6867,26.2684,28,28,2026-10-06T11:24:35+02:00
znver4,simde,512,main_scan_int,27,"and 3",0.10,21.9435,26.2412,28,28,2026-10-06T11:24:35+02:00
znver4,simde,512,main_scan_int,27,"and 3",0.10,21.8319,26.4518,28,28,2026-10-06T11:24:35+02:00
znver4,simde,512,main_scan_int,27,"and 1",0.00,49.9226,66.2147,28,28,2026-10-06T11:24:35+02:00
znver4,simde,512,main_scan_int,27,"and 1",0.00,49.9565,69.7066,28,28,2026-10-06T11:24:35+02:00
znver4,simde,512,main_scan_int,27,"and 1",0.00,50.2037,59.8673,28,28,2026-10-06T11:24:35+02:00
znver4,simde,512,main_scan_int,27,"and 1",0.00,48.5879,68.2860,28,28,2026-10-06T11:24:35+02:00
znver4,simde,512,main_scan_int,27,"and 1",0.00,48.5856,68.2860,28,28,2026-10-06T11:24:35+02:00
znver4,simde,512,main_scan_int,27,"and 2",0.04,23.8163,31.4238,28,28,2026-10-06T11:24:35+02:00
znver4,simde,512,main_scan_int,27,"and 2",0.04,23.0769,30.3213,28,28,2026-10-06T11:24:35+02:00
znver4,simde,512,main_scan_int,27,"and 2",0.04,23.6863,30.8563,28,28,2026-10-06T11:24:35+02:00
znver4,simde,512,main_scan_int,27,"and 2",0.04,24.4101,30.5157,28,28,2026-10-06T11:24:35+02:00
znver4,simde,512,main_scan_int,27,"and 2",0.04,24.2577,30.7461,28,28,2026-10-06T11:24:35+02:00
znver4,simde,512,main_scan_int,27,"and 3",0.13,18.4677,23.6075,28,28,2026-10-06T11:24:35+02:00
znver4,simde,512,main_scan_int,27,"and 3",0.13,18.6817,22.6975,28,28,2026-10-06T11:24:35+02:00
znver4,simde,512,main_scan_int,27,"and 3",0.13,18.6368,23.9621,28,28,2026-10-06T11:24:35+02:00
znver4,simde,512,main_scan_int,27,"and 3",0.13,18.8739,24.0157,28,28,2026-10-06T11:24:35+02:00
znver4,simde,512,main_scan_int,27,"and 3",0.13,18.6135,23.7367,28,28,2026-10-06T11:24:35+02:00
znver4,simde,512,main_scan_int,27,"and 1",0.01,43.8805,60.1638,28,28,2026-10-06T11:24:35+02:00
znver4,simde,512,main_scan_int,27,"and 1",0.01,41.9637,62.7438,28,28,2026-10-06T11:24:35+02:00
znver4,simde,512,main_scan_int,27,"and 1",0.01,45.7256,64.4804,28,28,2026-10-06T11:24:35+02:00
znver4,simde,512,main_scan_int,27,"and 1",0.01,47.0228,65.2583,28,28,2026-10-06T11:24:35+02:00
znver4,simde,512,main_scan_int,27,"and 1",0.01,47.0871,62.4323,28,28,2026-10-06T11:24:35+02:00
znver4,simde,512,main_scan_int,27,"and 2",0.07,22.4638,17.3303,28,28,2026-10-06T11:24:35+02:00
znver4,simde,512,main_scan_int,27,"and 2",0.07,21.9241,28.3780,28,28,2026-10-06T11:24:35+02:00
znver4,simde,512,main_scan_int,27,"and 2",0.07,22.8167,28.2660,28,28,2026-10-06T11:24:35+02:00
znver4,simde,512,main_scan_int,27,"and 2",0.07,23.2676,28.9369,28,28,2026-10-06T11:24:35+02:00
znver4,simde,512,main_scan_int,27,"and 2",0.07,23.7301,15.1964,28,28,2026-10-06T11:24:35+02:00
znver4,simde,512,main_scan_int,27,"and 3",0.17,14.2497,19.9761,28,28,2026-10-06T11:24:35+02:00
znver4,simde,512,main_scan_int,27,"and 3",0.17,13.8563,19.9133,28,28,2026-10-06T11:24:35+02:00
znver4,simde,512,main_scan_int,27,"and 3",0.17,14.3583,20.1431,28,28,2026-10-06T11:24:35+02:00
znver4,simde,512,main_scan_int,27,"and 3",0.17,14.3162,20.2675,28,28,2026-10-06T11:24:35+02:00
znver4,simde,512,main_scan_int,27,"and 3",0.17,14.2954,20.2843,28,28,2026-10-06T11:24:35+02:00
znver4,simde,512,main_scan_int,27,"and 1",0.01,34.9975,53.5511,28,28,2026-10-06T11:24:35+02:00
znver4,simde,512,main_scan_int,27,"and 1",0.01,33.5249,53.7430,28,28,2026-10-06T11:24:35+02:00
znver4,simde,512,main_scan_int,27,"and 1",0.01,34.5769,56.3458,28,28,2026-10-06T11:24:35+02:00
znver4,simde,512,main_scan_int,27,"and 1",0.01,35.2692,57.9709,28,28,2026-10-06T11:24:35+02:00
znver4,simde,512,main_scan_int,27,"and 1",0.01,36.8760,58.2687,28,28,2026-10-06T11:24:35+02:00
znver4,simde,512,main_scan_int,27,"and 2",0.10,22.1865,25.8345,28,28,2026-10-06T11:24:35+02:00
znver4,simde,512,main_scan_int,27,"and 2",0.10,19.9064,26.1989,28,28,2026-10-06T11:24:35+02:00
znver4,simde,512,main_scan_int,27,"and 2",0.10,20.2130,26.6881,28,28,2026-10-06T11:24:35+02:00
znver4,simde,512,main_scan_int,27,"and 2",0.10,20.2688,27.0685,28,28,2026-10-06T11:24:35+02:00
znver4,simde,512,main_scan_int,27,"and 2",0.10,20.9861,27.0939,28,28,2026-10-06T11:24:35+02:00
znver4,simde,512,main_scan_int,27,"and 3",0.22,10.7107,17.7169,28,28,2026-10-06T11:24:35+02:00
znver4,simde,512,main_scan_int,27,"and 3",0.22,13.5764,17.9070,28,28,2026-10-06T11:24:35+02:00
znver4,simde,512,main_scan_int,27,"and 3",0.22,13.9134,17.8550,28,28,2026-10-06T11:24:35+02:00
znver4,simde,512,main_scan_int,27,"and 3",0.22,14.1504,17.3421,28,28,2026-10-06T11:24:35+02:00
znver4,simde,512,main_scan_int,27,"and 3",0.22,14.4829,17.9876,28,28,2026-10-06T11:24:35+02:00
znver4,simde,512,main_scan_int,27,"and 1",0.02,28.5781,39.6964,28,28,2026-10-06T11:24:35+02:00
znver4,simde,512,main_scan_int,27,"and 1",0.02,28.8743,41.9923,28,28,2026-10-06T11:24:35+02:00
znver4,simde,512,main_scan_int,27,"and 1",0.02,29.1269,41.4143,28,28,2026-10-06T11:24:35+02:00
znver4,simde,512,main_scan_int,27,"and 1",0.02,29.8201,43.3005,28,28,2026-10-06T11:24:35+02:00
znver4,simde,512,main_scan_int,27,"and 1",0.02,30.6922,43.0726,28,28,2026-10-06T11:24:35+02:00
znver4,simde,512,main_scan_int,27,"and 2",0.14,19.3463,22.7896,28,28,2026-10-06T11:24:35+02:00
znver4,simde,512,main_scan_int,27,"and 2",0.14,19.9472,23.2340,28,28,2026-10-06T11:24:35+02:00
znver4,simde,512,main_scan_int,27,"and 2",0.14,20.2162,22.9755,28,28,2026-10-06T11:24:35+02:00
znver4,simde,512,main_scan_int,27,"and 2",0.14,20.1797,23.5879,28,28,2026-10-06T11:24:35+02:00
znver4,simde,512,main_scan_int,27,"and 2",0.14,20.6656,23.7564,28,28,2026-10-06T11:24:35+02:00
znver4,simde,512,main_scan_int,27,"and 3",0.27,12.5742,14.8785,28,28,2026-10-06T11:24:35+02:00
znver4,simde,512,main_scan_int,27,"and 3",0.27,12.6427,15.9213,28,28,2026-10-06T11:24:35+02:00
znver4,simde,512,main_scan_int,27,"and 3",0.27,12.6883,16.0039,28,28,2026-10-06T11:24:35+02:00
znver4,simde,512,main_scan_int,27,"and 3",0.27,12.7304,15.8957,28,28,2026-10-06T11:24:35+02:00
znver4,simde,512,main_scan_int,27,"and 3",0.27,12.3035,15.9699,28,28,2026-10-06T11:24:35+02:00
znver4,simde,512,main_scan_int,27,"and 1",0.05,26.7141,30.9685,28,28,2026-10-06T11:24:35+02:00
znver4,simde,512,main_scan_int,27,"and 1",0.05,27.9992,30.8683,28,28,2026-10-06T11:24:35+02:00
znver4,simde,512,main_scan_int,27,"and 1",0.05,27.5499,30.2847,28,28,2026-10-06T11:24:35+02:00
znver4,simde,512,main_scan_int,27,"and 1",0.05,28.1229,28.9326,28,28,2026-10-06T11:24:35+02:00
znver4,simde,512,main_scan_int,27,"and 1",0.05,28.7551,30.4420,28,28,2026-10-06T11:24:35+02:00
znver4,simde,512,main_scan_int,27,"and 2",0.22,16.8882,12.3794,28,28,2026-10-06T11:24:35+02:00
znver4,simde,512,main_scan_int,27,"and 2",0.22,16.8089,14.9666,28,28,2026-10-06T11:24:35+02:00
znver4,simde,512,main_scan_int,27,"and 2",0.22,16.3185,18.9810,28,28,2026-10-06T11:24:35+02:00
znver4,simde,512,main_scan_int,27,"and 2",0.22,15.9361,18.9476,28,28,2026-10-06T11:24:35+02:00
znver4,simde,512,main_scan_int,27,"and 2",0.22,11.0146,18.3528,28,28,2026-10-06T11:24:35+02:00
znver4,simde,512,main_scan_int,27,"and 3",0.37,10.3583,12.6709,28,28,2026-10-06T11:24:35+02:00
znver4,simde,512,main_scan_int,27,"and 3",0.37,11.1147,13.6853,28,28,2026-10-06T11:24:35+02:00
znver4,simde,512,main_scan_int,27,"and 3",0.37,11.3961,13.9017,28,28,2026-10-06T11:24:35+02:00
znver4,simde,512,main_scan_int,27,"and 3",0.37,11.3256,14.0983,28,28,2026-10-06T11:24:35+02:00
znver4,simde,512,main_scan_int,27,"and 3",0.37,11.5964,13.9526,28,28,2026-10-06T11:24:35+02:00
znver4,simde,512,main_scan_int,27,"and 1",0.10,26.7358,24.8745,28,28,2026-10-06T11:24:35+02:00
znver4,simde,512,main_scan_int,27,"and 1",0.10,27.9945,25.0466,28,28,2026-10-06T11:24:35+02:00
znver4,simde,512,main_scan_int,27,"and 1",0.10,27.8487,25.5377,28,28,2026-10-06T11:24:35+02:00
znver4,simde,512,main_scan_int,27,"and 1",0.10,24.7353,25.6351,28,28,2026-10-06T11:24:35+02:00
znver4,simde,512,main_scan_int,27,"and 1",0.10,27.2776,17.7054,28,28,2026-10-06T11:24:35+02:00
znver4,simde,512,main_scan_int,27,"and 2",0.32,16.3536,18.0854,28,28,2026-10-06T11:24:35+02:00
znver4,simde,512,main_scan_int,27,"and 2",0.32,17.1445,18.3965,28,28,2026-10-06T11:24:35+02:00
znver4,simde,512,main_scan_int,27,"and 2",0.32,17.1769,18.0361,28,28,2026-10-06T11:24:35+02:00
znver4,simde,512,main_scan_int,27,"and 2",0.32,16.9982,18.0840,28,28,2026-10-06T11:24:35+02:00
znver4,simde,512,main_scan_int,27,"and 2",0.32,16.4697,17.9086,28,28,2026-10-06T11:24:35+02:00
znver4,simde,512,main_scan_int,27,"and 3",0.46,9.7462,13.2754,28,28,2026-10-06T11:24:35+02:00
znver4,simde,512,main_scan_int,27,"and 3",0.46,9.7012,13.3859,28,28,2026-10-06T11:24:35+02:00
znver4,simde,512,main_scan_int,27,"and 3",0.46,9.6873,13.4489,28,28,2026-10-06T11:24:35+02:00
znver4,simde,512,main_scan_int,27,"and 3",0.46,9.6606,12.8086,28,28,2026-10-06T11:24:35+02:00
znver4,simde,512,main_scan_int,27,"and 3",0.46,9.7144,13.4595,28,28,2026-10-06T11:24:35+02:00
znver4,simde,512,main_scan_int,27,"and 1",0.20,23.9223,21.6984,28,28,2026-10-06T11:24:35+02:00
znver4,simde,512,main_scan_int,27,"and 1",0.20,24.0292,21.3670,28,28,2026-10-06T11:24:35+02:00
znver4,simde,512,main_scan_int,27,"and 1",0.20,23.2172,22.0236,28,28,2026-10-06T11:24:35+02:00
znver4,simde,512,main_scan_int,27,"and 1",0.20,23.7606,21.7039,28,28,2026-10-06T11:24:35+02:00
znver4,simde,512,main_scan_int,27,"and 1",0.20,24.4809,21.4398,28,28,2026-10-06T11:24:35+02:00
znver4,simde,512,main_scan_int,27,"and 2",0.45,7.8351,16.8462,28,28,2026-10-06T11:24:35+02:00
znver4,simde,512,main_scan_int,27,"and 2",0.45,12.6267,16.8426,28,28,2026-10-06T11:24:35+02:00
znver4,simde,512,main_scan_int,27,"and 2",0.45,12.5116,16.4161,28,28,2026-10-06T11:24:35+02:00
znver4,simde,512,main_scan_int,27,"and 2",0.45,12.5307,14.4943,28,28,2026-10-06T11:24:35+02:00
znver4,simde,512,main_scan_int,27,"and 2",0.45,12.6405,14.9828,28,28,2026-10-06T11:24:35+02:00
znver4,simde,512,main_scan_int,27,"and 3",0.58,8.6805,12.8613,28,28,2026-10-06T11:24:35+02:00
znver4,simde,512,main_scan_int,27,"and 3",0.58,8.7428,13.1749,28,28,2026-10-06T11:24:35+02:00
znver4,simde,512,main_scan_int,27,"and 3",0.58,8.7876,13.1832,28,28,2026-10-06T11:24:35+02:00
znver4,simde,512,main_scan_int,27,"and 3",0.58,6.4694,12.8157,28,28,2026-10-06T11:24:35+02:00
znver4,simde,512,main_scan_int,27,"and 3",0.58,8.8056,13.2132,28,28,2026-10-06T11:24:35+02:00
znver4,simde,512,main_scan_int,27,"and 1",0.50,16.9158,19.1947,28,28,2026-10-06T11:24:35+02:00
znver4,simde,512,main_scan_int,27,"and 1",0.50,17.0405,19.1256,28,28,2026-10-06T11:24:35+02:00
znver4,simde,512,main_scan_int,27,"and 1",0.50,16.9711,19.0583,28,28,2026-10-06T11:24:35+02:00
znver4,simde,512,main_scan_int,27,"and 1",0.50,16.1693,19.5938,28,28,2026-10-06T11:24:35+02:00
znver4,simde,512,main_scan_int,27,"and 1",0.50,17.0092,19.3442,28,28,2026-10-06T11:24:35+02:00
znver4,simde,512,main_scan_int,27,"and 2",0.71,14.0159,15.1518,28,28,2026-10-06T11:24:35+02:00
znver4,simde,512,main_scan_int,27,"and 2",0.71,13.8238,15.7292,28,28,2026-10-06T11:24:35+02:00
znver4,simde,512,main_scan_int,27,"and 2",0.71,14.2577,15.6341,28,28,2026-10-06T11:24:35+02:00
znver4,simde,512,main_scan_int,27,"and 2",0.71,14.1380,15.7042,28,28,2026-10-06T11:24:35+02:00
znver4,simde,512,main_scan_int,27,"and 2",0.71,14.0210,15.6636,28,28,2026-10-06T11:24:35+02:00
znver4,simde,512,main_scan_int,27,"and 3",0.79,9.0811,12.2890,28,28,2026-10-06T11:24:35+02:00
znver4,simde,512,main_scan_int,27,"and 3",0.79,9.0315,12.4655,28,28,2026-10-06T11:24:35+02:00
znver4,simde,512,main_scan_int,27,"and 3",0.79,9.2116,12.3365,28,28,2026-10-06T11:24:35+02:00
znver4,simde,512,main_scan_int,27,"and 3",0.79,8.9804,12.3397,28,28,2026-10-06T11:24:35+02:00
znver4,simde,512,main_scan_int,27,"and 3",0.79,8.8695,12.2252,28,28,2026-10-06T11:24:35+02:00
znver4,simde,512,main_scan_int,27,"and 1",1.00,16.1599,21.1360,28,28,2026-10-06T11:24:35+02:00
znver4,simde,512,main_scan_int,27,"and 1",1.00,15.7569,21.0808,28,28,2026-10-06T11:24:35+02:00
znver4,simde,512,main_scan_int,27,"and 1",1.00,15.4933,21.1949,28,28,2026-10-06T11:24:35+02:00
znver4,simde,512,main_scan_int,27,"and 1",1.00,15.5828,20.6517,28,28,2026-10-06T11:24:35+02:00
znver4,simde,512,main_scan_int,27,"and 1",1.00,15.6015,20.7498,28,28,2026-10-06T11:24:35+02:00
znver4,simde,512,main_scan_int,27,"and 2",1.00,12.0286,15.5744,28,28,2026-10-06T11:24:35+02:00
znver4,simde,512,main_scan_int,27,"and 2",1.00,12.3714,15.2694,28,28,2026-10-06T11:24:35+02:00
znver4,simde,512,main_scan_int,27,"and 2",1.00,12.3114,15.6321,28,28,2026-10-06T11:24:35+02:00
znver4,simde,512,main_scan_int,27,"and 2",1.00,12.2879,15.5272,28,28,2026-10-06T11:24:35+02:00
znver4,simde,512,main_scan_int,27,"and 2",1.00,11.9484,15.5993,28,28,2026-10-06T11:24:35+02:00
znver4,simde,512,main_scan_int,27,"and 3",1.00,9.8581,12.1872,28,28,2026-10-06T11:24:35+02:00
znver4,simde,512,main_scan_int,27,"and 3",1.00,9.7403,12.1447,28,28,2026-10-06T11:24:35+02:00
znver4,simde,512,main_scan_int,27,"and 3",1.00,9.8463,12.2166,28,28,2026-10-06T11:24:35+02:00
znver4,simde,512,main_scan_int,27,"and 3",1.00,9.8134,12.0244,28,28,2026-10-06T11:24:35+02:00
znver4,simde,512,main_scan_int,27,"and 3",1.00,9.6074,11.9384,28,28,2026-10-06T11:24:35+02:00
znver4,simde,512,main_scan_enc,27,"and 1",0.00,8.7762,14.1133,28,28,2026-10-06T11:24:50+02:00
znver4,simde,512,main_scan_enc,27,"and 1",0.00,54.4446,266.5061,28,28,2026-10-06T11:24:50+02:00
znver4,simde,512,main_scan_enc,27,"and 1",0.00,63.9583,278.0388,28,28,2026-10-06T11:24:50+02:00
znver4,simde,512,main_scan_enc,27,"and 1",0.00,51.5713,235.4049,28,28,2026-10-06T11:24:50+02:00
znver4,simde,512,main_scan_enc,27,"and 1",0.00,42.5357,273.2151,28,28,2026-10-06T11:24:50+02:00
znver4,simde,512,main_scan_enc,27,"and 2",0.03,40.8458,99.3820,28,28,2026-10-06T11:24:50+02:00
znver4,simde,512,main_scan_enc,27,"and 2",0.03,25.6641,71.0519,28,28,2026-10-06T11:24:50+02:00
znver4,simde,512,main_scan_enc,27,"and 2",0.03,42.5393,82.4805,28,28,2026-10-06T11:24:50+02:00
znver4,simde,512,main_scan_enc,27,"and 2",0.03,26.1040,80.7684,28,28,2026-10-06T11:24:50+02:00
znver4,simde,512,main_scan_enc,27,"and 2",0.03,41.2484,75.9944,28,28,2026-10-06T11:24:50+02:00
znver4,simde,512,main_scan_enc,27,"and 3",0.10,18.4396,41.2048,28,28,2026-10-06T11:24:50+02:00
znver4,simde,512,main_scan_enc,27,"and 3",0.10,20.3068,48.4066,28,28,2026-10-06T11:24:50+02:00
znver4,simde,512,main_scan_enc,27,"and 3",0.10,12.4226,41.8132,28,28,2026-10-06T11:24:50+02:00
znver4,simde,512,main_scan_enc,27,"and 3",0.10,15.3139,37.4787,28,28,2026-10-06T11:24:50+02:00
znver4,simde,512,main_scan_enc,27,"and 3",0.10,9.4728,41.9623,28,28,2026-10-06T11:24:50+02:00
znver4,simde,512,main_scan_enc,27,"and 1",0.00,48.3686,122.8851,28,28,2026-10-06T11:24:50+02:00
znver4,simde,512,main_scan_enc,27,"and 1",0.00,28.0737,122.9761,28,28,2026-10-06T11:24:50+02:00
znver4,simde,512,main_scan_enc,27,"and 1",0.00,57.4857,35.7775,28,28,2026-10-06T11:24:50+02:00
znver4,simde,512,main_scan_enc,27,"and 1",0.00,20.9842,24.3173,28,28,2026-10-06T11:24:50+02:00
znver4,simde,512,main_scan_enc,27,"and 1",0.00,61.4033,64.6801,28,28,2026-10-06T11:24:50+02:00
znver4,simde,512,main_scan_enc,27,"and 2",0.04,17.0976,39.9742,28,28,2026-10-06T11:24:50+02:00
znver4,simde,512,main_scan_enc,27,"and 2",0.04,22.5906,110.4209,28,28,2026-10-06T11:24:50+02:00
znver4,simde,512,main_scan_enc,27,"and 2",0.04,37.1606,80.1435,28,28,2026-10-06T11:24:50+02:00
znver4,simde,512,main_scan_enc,27,"and 2",0.04,37.7134,84.1289,28,28,2026-10-06T11:24:50+02:00
znver4,simde,512,main_scan_enc,27,"and 2",0.04,23.1423,82.5513,28,28,2026-10-06T11:24:50+02:00
znver4,simde,512,main_scan_enc,27,"and 3",0.13,11.9021,45.0063,28,28,2026-10-06T11:24:50+02:00
znver4,simde,512,main_scan_enc,27,"and 3",0.13,21.4472,43.3328,28,28,2026-10-06T11:24:50+02:00
znver4,simde,512,main_scan_enc,27,"and 3",0.13,16.0870,36.8246,28,28,2026-10-06T11:24:50+02:00
znver4,simde,512,main_scan_enc,27,"and 3",0.13,18.8240,38.4304,28,28,2026-10-06T11:24:50+02:00
znver4,simde,512,main_scan_enc,27,"and 3",0.13,13.8977,36.8445,28,28,2026-10-06T11:24:50+02:00
znver4,simde,512,main_scan_enc,27,"and 1",0.01,38.0126,84.1302,28,28,2026-10-06T11:24:50+02:00
znver4,simde,512,main_scan_enc,27,"and 1",0.01,12.1285,17.5684,28,28,2026-10-06T11:24:50+02:00
znver4,simde,512,main_scan_enc,27,"and 1",0.01,43.7847,49.6565,28,28,2026-10-06T11:24:50+02:00
znver4,simde,512,main_scan_enc,27,"and 1",0.01,32.6898,156.5229,28,28,2026-10-06T11:24:50+02:00
znver4,simde,512,main_scan_enc,27,"and 1",0.01,52.6381,161.6784,28,28,2026-10-06T11:24:50+02:00
znver4,simde,512,main_scan_enc,27,"and 2",0.07,19.4388,78.2272,28,28,2026-10-06T11:24:50+02:00
znver4,simde,512,main_scan_enc,27,"and 2",0.07,24.6479,58.3013,28,28,2026-10-06T11:24:50+02:00
znver4,simde,512,main_scan_enc,27,"and 2",0.07,16.6207,78.4485,28,28,2026-10-06T11:24:50+02:00
znver4,simde,512,main_scan_enc,27,"and 2",0.07,13.5615,56.6598,28,28,2026-10-06T11:24:50+02:00
znver4,simde,512,main_scan_enc,27,"and 2",0.07,16.6785,58.8692,28,28,2026-10-06T11:24:50+02:00
znver4,simde,512,main_scan_enc,27,"and 3",0.17,12.7982,36.5938,28,28,2026-10-06T11:24:50+02:00
znver4,simde,512,main_scan_enc,27,"and 3",0.17,17.6806,12.0230,28,28,2026-10-06T11:24:50+02:00
znver4,simde,512,main_scan_enc,27,"and 3",0.17,10.1580,39.8883,28,28,2026-10-06T11:24:50+02:00
znver4,simde,512,main_scan_enc,27,"and 3",0.17,9.5871,28.6347,28,28,2026-10-06T11:24:50+02:00
znver4,simde,512,main_scan_enc,27,"and 3",0.17,7.8929,34.4433,28,28,2026-10-06T11:24:50+02:00
znver4,simde,512,main_scan_enc,27,"and 1",0.01,17.9888,11.6788,28,28,2026-10-06T11:24:50+02:00
znver4,simde,512,main_scan_enc,27,"and 1",0.01,31.5979,32.8551,28,28,2026-10-06T11:24:50+02:00
znver4,simde,512,main_scan_enc,27,"and 1",0.01,13.0804,67.8378,28,28,2026-10-06T11:24:50+02:00
znver4,simde,512,main_scan_enc,27,"and 1",0.01,34.8300,107.5590,28,28,2026-10-06T11:24:50+02:00
znver4,simde,512,main_scan_enc,27,"and 1",0.01,25.3458,17.9047,28,28,2026-10-06T11:24:50+02:00
znver4,simde,512,main_scan_enc,27,"and 2",0.10,20.1030,17.1461,28,28,2026-10-06T11:24:50+02:00
znver4,simde,512,main_scan_enc,27,"and 2",0.10,21.1065,20.4627,28,28,2026-10-06T11:24:50+02:00
znver4,simde,512,main_scan_enc,27,"and 2",0.10,12.8904,13.7964,28,28,2026-10-06T11:24:50+02:00
znver4,simde,512,main_scan_enc,27,"and 2",0.10,8.9818,12.6410,28,28,2026-10-06T11:24:50+02:00
znver4,simde,512,main_scan_enc,27,"and 2",0.10,8.5547,12.5757,28,28,2026-10-06T11:24:50+02:00
znver4,simde,512,main_scan_enc,27,"and 3",0.22,8.1411,29.7349,28,28,2026-10-06T11:24:50+02:00
znver4,simde,512,main_scan_enc,27,"and 3",0.22,6.9167,39.8310,28,28,2026-10-06T11:24:50+02:00
znver4,simde,512,main_scan_enc,27,"and 3",0.22,7.9688,36.5844,28,28,2026-10-06T11:24:50+02:00
znver4,simde,512,main_scan_enc,27,"and 3",0.22,8.6938,11.0942,28,28,2026-10-06T11:24:50+02:00
znver4,simde,512,main_scan_enc,27,"and 3",0.22,7.5999,12.8590,28,28,2026-10-06T11:24:50+02:00
znver4,simde,512,main_scan_enc,27,"and 1",0.02,11.8788,40.3784,28,28,2026-10-06T11:24:50+02:00
znver4,simde,512,main_scan_enc,27,"and 1",0.02,16.9517,62.3777,28,28,2026-10-06T11:24:50+02:00
znver4,simde,512,main_scan_enc,27,"and 1",0.02,12.0370,63.7484,28,28,2026-10-06T11:24:50+02:00
znver4,simde,512,main_scan_enc,27,"and 1",0.02,17.6818,12.3254,28,28,2026-10-06T11:24:50+02:00
znver4,simde,512,main_scan_enc,27,"and 1",0.02,13.3882,63.3851,28,28,2026-10-06T11:24:50+02:00
znver4,simde,512,main_scan_enc,27,"and 2",0.14,17.6794,8.2873,28,28,2026-10-06T11:24:50+02:00
znver4,simde,512,main_scan_enc,27,"and 2",0.14,14.4994,17.4250,28,28,2026-10-06T11:24:50+02:00
znver4,simde,512,main_scan_enc,27,"and 2",0.14,18.2796,36.6607,28,28,2026-10-06T11:24:50+02:00
znver4,simde,512,main_scan_enc,27,"and 2",0.14,19.3699,50.3465,28,28,2026-10-06T11:24:50+02:00
znver4,simde,512,main_scan_enc,27,"and 2",0.14,19.3063,49.0182,28,28,2026-10-06T11:24:50+02:00
znver4,simde,512,main_scan_enc,27,"and 3",0.27,12.5916,24.1971,28,28,2026-10-06T11:24:50+02:00
znver4,simde,512,main_scan_enc,27,"and 3",0.27,12.7009,31.0044,28,28,2026-10-06T11:24:50+02:00
znver4,simde,512,main_scan_enc,27,"and 3",0.27,12.5852,31.2856,28,28,2026-10-06T11:24:50+02:00
znver4,simde,512,main_scan_enc,27,"and 3",0.27,12.5100,33.5522,28,28,2026-10-06T11:24:50+02:00
znver4,simde,512,main_scan_enc,27,"and 3",0.27,12.8769,30.4003,28,28,2026-10-06T11:24:50+02:00
znver4,simde,512,main_scan_enc,27,"and 1",0.05,28.9374,30.9523,28,28,2026-10-06T11:24:50+02:00
znver4,simde,512,main_scan_enc,27,"and 1",0.05,43.1008,31.1093,28,28,2026-10-06T11:24:50+02:00
znver4,simde,512,main_scan_enc,27,"and 1",0.05,42.4677,32.6948,28,28,2026-10-06T11:24:50+02:00
znver4,simde,512,main_scan_enc,27,"and 1",0.05,43.3140,33.6610,28,28,2026-10-06T11:24:50+02:00
znver4,simde,512,main_scan_enc,27,"and 1",0.05,44.6485,33.6759,28,28,2026-10-06T11:24:50+02:00
znver4,simde,512,main_scan_enc,27,"and 2",0.22,17.6848,30.9102,28,28,2026-10-06T11:24:50+02:00
znver4,simde,512,main_scan_enc,27,"and 2",0.22,18.5554,31.2656,28,28,2026-10-06T11:24:50+02:00
znver4,simde,512,main_scan_enc,27,"and 2",0.22,18.2828,19.9527,28,28,2026-10-06T11:24:50+02:00
znver4,simde,512,main_scan_enc,27,"and 2",0.22,18.0558,31.1953,28,28,2026-10-06T11:24:50+02:00
znver4,simde,512,main_scan_enc,27,"and 2",0.22,18.2151,30.8997,28,28,2026-10-06T11:24:50+02:00
znver4,simde,512,main_scan_enc,27,"and 3",0.37,9.9768,23.9210,28,28,2026-10-06T11:24:50+02:00
znver4,simde,512,main_scan_enc,27,"and 3",0.37,9.7742,23.7355,28,28,2026-10-06T11:24:50+02:00
znver4,simde,512,main_scan_enc,27,"and 3",0.37,10.1646,24.0361,28,28,2026-10-06T11:24:50+02:00
znver4,simde,512,main_scan_enc,27,"and 3",0.37,9.9922,23.9239,28,28,2026-10-06T11:24:50+02:00
znver4,simde,512,main_scan_enc,27,"and 3",0.37,10.0051,21.7737,28,28,2026-10-06T11:24:50+02:00
znver4,simde,512,main_scan_enc,27,"and 1",0.10,36.3408,11.2647,28,28,2026-10-06T11:24:50+02:00
znver4,simde,512,main_scan_enc,27,"and 1",0.10,26.8087,24.5338,28,28,2026-10-06T11:24:50+02:00
znver4,simde,512,main_scan_enc,27,"and 1",0.10,13.6203,19.2141,28,28,2026-10-06T11:24:50+02:00
znver4,simde,512,main_scan_enc,27,"and 1",0.10,31.0511,24.6072,28,28,2026-10-06T11:24:50+02:00
znver4,simde,512,main_scan_enc,27,"and 1",0.10,35.4792,24.0764,28,28,2026-10-06T11:24:50+02:00
znver4,simde,512,main_scan_enc,27,"and 2",0.32,12.8475,16.0467,28,28,2026-10-06T11:24:50+02:00
znver4,simde,512,main_scan_enc,27,"and 2",0.32,12.0829,23.2256,28,28,2026-10-06T11:24:50+02:00
znver4,simde,512,main_scan_enc,27,"and 2",0.32,11.0876,19.7937,28,28,2026-10-06T11:24:50+02:00
znver4,simde,512,main_scan_enc,27,"and 2",0.32,11.4093,12.2181,28,28,2026-10-06T11:24:50+02:00
znver4,simde,512,main_scan_enc,27,"and 2",0.32,11.2033,10.6941,28,28,2026-10-06T11:24:50+02:00
znver4,simde,512,main_scan_enc,27,"and 3",0.46,5.2617,19.3679,28,28,2026-10-06T11:24:50+02:00
znver4,simde,512,main_scan_enc,27,"and 3",0.46,5.3802,17.8819,28,28,2026-10-06T11:24:50+02:00
znver4,simde,512,main_scan_enc,27,"and 3",0.46,7.4123,20.3756,28,28,2026-10-06T11:24:50+02:00
znver4,simde,512,main_scan_enc,27,"and 3",0.46,5.3750,20.3150,28,28,2026-10-06T11:24:50+02:00
znver4,simde,512,main_scan_enc,27,"and 3",0.46,7.6591,18.4193,28,28,2026-10-06T11:24:50+02:00
znver4,simde,512,main_scan_enc,27,"and 1",0.20,12.0475,20.6500,28,28,2026-10-06T11:24:50+02:00
znver4,simde,512,main_scan_enc,27,"and 1",0.20,24.8830,15.1410,28,28,2026-10-06T11:24:50+02:00
znver4,simde,512,main_scan_enc,27,"and 1",0.20,9.6761,12.9729,28,28,2026-10-06T11:24:50+02:00
znver4,simde,512,main_scan_enc,27,"and 1",0.20,24.6496,20.5993,28,28,2026-10-06T11:24:50+02:00
znver4,simde,512,main_scan_enc,27,"and 1",0.20,14.1726,9.7901,28,28,2026-10-06T11:24:50+02:00
znver4,simde,512,main_scan_enc,27,"and 2",0.45,8.1995,18.1059,28,28,2026-10-06T11:24:50+02:00
znver4,simde,512,main_scan_enc,27,"and 2",0.45,5.8310,19.6097,28,28,2026-10-06T11:24:50+02:00
znver4,simde,512,main_scan_enc,27,"and 2",0.45,7.0820,16.2154,28,28,2026-10-06T11:24:50+02:00
znver4,simde,512,main_scan_enc,27,"and 2",0.45,6.6214,12.3570,28,28,2026-10-06T11:24:50+02:00
znver4,simde,512,main_scan_enc,27,"and 2",0.45,9.4345,16.3796,28,28,2026-10-06T11:24:50+02:00
znver4,simde,512,main_scan_enc,27,"and 3",0.58,7.3780,12.1070,28,28,2026-10-06T11:24:50+02:00
znver4,simde,512,main_scan_enc,27,"and 3",0.58,5.0109,11.1836,28,28,2026-10-06T11:24:50+02:00
znver4,simde,512,main_scan_enc,27,"and 3",0.58,4.7295,11.2629,28,28,2026-10-06T11:24:50+02:00
znver4,simde,512,main_scan_enc,27,"and 3",0.58,5.5915,11.0899,28,28,2026-10-06T11:24:50+02:00
znver4,simde,512,main_scan_enc,27,"and 3",0.58,4.9345,10.1886,28,28,2026-10-06T11:24:50+02:00
znver4,simde,512,main_scan_enc,27,"and 1",0.50,5.8784,11.4015,28,28,2026-10-06T11:24:50+02:00
znver4,simde,512,main_scan_enc,27,"and 1",0.50,7.6472,10.1675,28,28,2026-10-06T11:24:50+02:00
znver4,simde,512,main_scan_enc,27,"and 1",0.50,7.7291,14.2702,28,28,2026-10-06T11:24:50+02:00
znver4,simde,512,main_scan_enc,27,"and 1",0.50,8.1835,14.2844,28,28,2026-10-06T11:24:50+02:00
znver4,simde,512,main_scan_enc,27,"and 1",0.50,12.3724,15.9940,28,28,2026-10-06T11:24:50+02:00
znver4,simde,512,main_scan_enc,27,"and 2",0.71,5.9828,12.4304,28,28,2026-10-06T11:24:50+02:00
znver4,simde,512,main_scan_enc,27,"and 2",0.71,6.7113,8.7884,28,28,2026-10-06T11:24:50+02:00
znver4,simde,512,main_scan_enc,27,"and 2",0.71,6.3389,11.7172,28,28,2026-10-06T11:24:50+02:00
znver4,simde,512,main_scan_enc,27,"and 2",0.71,6.0603,10.4694,28,28,2026-10-06T11:24:50+02:00
znver4,simde,512,main_scan_enc,27,"and 2",0.71,7.8470,12.4056,28,28,2026-10-06T11:24:50+02:00
znver4,simde,512,main_scan_enc,27,"and 3",0.79,6.0007,10.6574,28,28,2026-10-06T11:24:50+02:00
znver4,simde,512,main_scan_enc,27,"and 3",0.79,4.2220,8.2560,28,28,2026-10-06T11:24:50+02:00
znver4,simde,512,main_scan_enc,27,"and 3",0.79,5.3940,15.7248,28,28,2026-10-06T11:24:50+02:00
znver4,simde,512,main_scan_enc,27,"and 3",0.79,7.0171,8.2387,28,28,2026-10-06T11:24:50+02:00
znver4,simde,512,main_scan_enc,27,"and 3",0.79,5.4417,12.1329,28,28,2026-10-06T11:24:50+02:00
znver4,simde,512,main_scan_enc,27,"and 1",1.00,19.1785,10.5831,28,28,2026-10-06T11:24:50+02:00
znver4,simde,512,main_scan_enc,27,"and 1",1.00,17.6203,12.1959,28,28,2026-10-06T11:24:50+02:00
znver4,simde,512,main_scan_enc,27,"and 1",1.00,17.4240,15.2566,28,28,2026-10-06T11:24:50+02:00
znver4,simde,512,main_scan_enc,27,"and 1",1.00,17.3612,13.7372,28,28,2026-10-06T11:24:50+02:00
znver4,simde,512,main_scan_enc,27,"and 1",1.00,17.8085,9.9038,28,28,2026-10-06T11:24:50+02:00
znver4,simde,512,main_scan_enc,27,"and 2",1.00,13.9133,15.3634,28,28,2026-10-06T11:24:50+02:00
znver4,simde,512,main_scan_enc,27,"and 2",1.00,13.0922,9.5948,28,28,2026-10-06T11:24:50+02:00
znver4,simde,512,main_scan_enc,27,"and 2",1.00,12.5034,15.1739,28,28,2026-10-06T11:24:50+02:00
znver4,simde,512,main_scan_enc,27,"and 2",1.00,14.8255,7.8519,28,28,2026-10-06T11:24:50+02:00
znver4,simde,512,main_scan_enc,27,"and 2",1.00,14.1626,8.4900,28,28,2026-10-06T11:24:50+02:00
znver4,simde,512,main_scan_enc,27,"and 3",1.00,7.9716,7.6278,28,28,2026-10-06T11:24:50+02:00
znver4,simde,512,main_scan_enc,27,"and 3",1.00,9.0451,7.9577,28,28,2026-10-06T11:24:50+02:00
znver4,simde,512,main_scan_enc,27,"and 3",1.00,7.9238,9.3262,28,28,2026-10-06T11:24:50+02:00
znver4,simde,512,main_scan_enc,27,"and 3",1.00,10.9533,8.7523,28,28,2026-10-06T11:24:50+02:00
znver4,simde,512,main_scan_enc,27,"and 3",1.00,13.3250,13.3505,28,28,2026-10-06T11:24:50+02:00
znver4,simde,512,main_gather,27,"gather_byte",100.00,0.384830,0.384830,28,28,2026-10-06T11:25:58+02:00
znver4,simde,512,main_gather,27,"gather_short",100.00,0.290882,0.290882,28,28,2026-10-06T11:25:58+02:00
znver4,simde,512,main_gather,27,"gather_int",100.00,0.204635,0.204635,28,28,2026-10-06T11:25:58+02:00
znver4,simde,512,main_gather,27,"gather_long",100.00,0.171358,0.171358,28,28,2026-10-06T11:25:58+02:00
znver4,simde,512,main_gather,27,"gather_char",100.00,0.045975,0.045975,28,28,2026-10-06T11:25:58+02:00
znver4,simde,512,main_gather,27,"gather_encoded",100.00,0.324530,0.324530,28,28,2026-10-06T11:25:58+02:00
znver4,simde,512,main_gather,27,"copy_encoded",100.00,9.050169,9.050169,28,28,2026-10-06T11:25:58+02:00
znver4,simde,512,main_filter,27,"filter_byte_eq",100.00,0.148572,0.148572,28,28,2026-10-06T11:28:56+02:00
znver4,simde,512,main_filter,27,"filter_byte_lt",100.00,0.150554,0.150554,28,28,2026-10-06T11:28:56+02:00
znver4,simde,512,main_filter,27,"filter_byte_gt",100.00,0.172022,0.172022,28,28,2026-10-06T11:28:56+02:00
znver4,simde,512,main_filter,27,"filter_byte_ne",100.00,0.168514,0.168514,28,28,2026-10-06T11:28:56+02:00
znver4,simde,512,main_filter,27,"filter_byte_le",100.00,0.168933,0.168933,28,28,2026-10-06T11:28:56+02:00
znver4,simde,512,main_filter,27,"filter_byte_ge",100.00,0.157913,0.157913,28,28,2026-10-06T11:28:56+02:00
znver4,simde,512,main_filter,27,"filter_short_eq",100.00,0.077845,0.077845,28,28,2026-10-06T11:28:56+02:00
znver4,simde,512,main_filter,27,"filter_short_lt",100.00,0.077260,0.077260,28,28,2026-10-06T11:28:56+02:00
znver4,simde,512,main_filter,27,"filter_short_gt",100.00,0.078424,0.078424,28,28,2026-10-06T11:28:56+02:00
znver4,simde,512,main_filter,27,"filter_short_ne",100.00,0.077882,0.077882,28,28,2026-10-06T11:28:56+02:00
znver4,simde,512,main_filter,27,"filter_short_le",100.00,0.077971,0.077971,28,28,2026-10-06T11:28:56+02:00
znver4,simde,512,main_filter,27,"filter_short_ge",100.00,0.077655,0.077655,28,28,2026-10-06T11:28:56+02:00
znver4,simde,512,main_filter,27,"filter_int_eq",100.00,0.066100,0.066100,28,28,2026-10-06T11:28:56+02:00
znver4,simde,512,main_filter,27,"filter_int_lt",100.00,0.062887,0.062887,28,28,2026-10-06T11:28:56+02:00
znver4,simde,512,main_filter,27,"filter_int_gt",100.00,0.062402,0.062402,28,28,2026-10-06T11:28:56+02:00
znver4,simde,512,main_filter,27,"filter_int_ne",100.00,0.065291,0.065291,28,28,2026-10-06T11:28:56+02:00
znver4,simde,512,main_filter,27,"filter_int_le",100.00,0.066491,0.066491,28,28,2026-10-06T11:28:56+02:00
znver4,simde,512,main_filter,27,"filter_int_ge",100.00,0.063584,0.063584,28,28,2026-10-06T11:28:56+02:00
znver4,simde,512,main_filter,27,"filter_long_eq",100.00,0.053382,0.053382,28,28,2026-10-06T11:28:56+02:00
znver4,simde,512,main_filter,27,"filter_long_lt",100.00,0.053689,0.053689,28,28,2026-10-06T11:28:56+02:00
znver4,simde,512,main_filter,27,"filter_long_gt",100.00,0.053251,0.053251,28,28,2026-10-06T11:28:56+02:00
znver4,simde,512,main_filter,27,"filter_long_ne",100.00,0.053947,0.053947,28,28,2026-10-06T11:28:56+02:00
znver4,simde,512,main_filter,27,"filter_long_le",100.00,0.053182,0.053182,28,28,2026-10-06T11:28:56+02:00
znver4,simde,512,main_filter,27,"filter_long_ge",100.00,0.053492,0.053492,28,28,2026-10-06T11:28:56+02:00
znver4,simde,512,main_filter,27,"filter_float_eq",100.00,0.066485,0.066485,28,28,2026-10-06T11:28:56+02:00
znver4,simde,512,main_filter,27,"filter_float_lt",100.00,0.065143,0.065143,28,28,2026-10-06T11:28:56+02:00
znver4,simde,512,main_filter,27,"filter_float_gt",100.00,0.064630,0.064630,28,28,2026-10-06T11:28:56+02:00
znver4,simde,512,main_filter,27,"filter_float_ne",100.00,0.064339,0.064339,28,28,2026-10-06T11:28:56+02:00
znver4,simde,512,main_filter,27,"filter_float_le",100.00,0.064920,0.064920,28,28,2026-10-06T11:28:56+02:00
znver4,simde,512,main_filter,27,"filter_float_ge",100.00,0.066294,0.066294,28,28,2026-10-06T11:28:56+02:00
znver4,simde,512,main_filter,27,"filter_double_eq",100.00,0.054667,0.054667,28,28,2026-10-06T11:28:56+02:00
znver4,simde,512,main_filter,27,"filter_double_lt",100.00,0.052189,0.052189,28,28,2026-10-06T11:28:56+02:00
znver4,simde,512,main_filter,27,"filter_double_gt",100.00,0.052165,0.052165,28,28,2026-10-06T11:28:56+02:00
znver4,simde,512,main_filter,27,"filter_double_ne",100.00,0.052210,0.052210,28,28,2026-10-06T11:28:56+02:00
znver4,simde,512,main_filter,27,"filter_double_le",100.00,0.052111,0.052111,28,28,2026-10-06T11:28:56+02:00
znver4,simde,512,main_filter,27,"filter_double_ge",100.00,0.052381,0.052381,28,28,2026-10-06T11:28:56+02:00
znver4,simde,512,main_filter,27,"filter_char_eq",100.00,0.069347,0.069347,28,28,2026-10-06T11:28:56+02:00
znver4,simde,512,main_filter,27,"filter_char_lt",100.00,0.042189,0.042189,28,28,2026-10-06T11:28:56+02:00
znver4,simde,512,main_filter,27,"filter_char_gt",100.00,0.042247,0.042247,28,28,2026-10-06T11:28:56+02:00
znver4,simde,512,main_filter,27,"filter_char_ne",100.00,0.068548,0.068548,28,28,2026-10-06T11:28:56+02:00
znver4,simde,512,main_filter,27,"filter_char_le",100.00,0.042189,0.042189,28,28,2026-10-06T11:28:56+02:00
znver4,simde,512,main_filter,27,"filter_char_ge",100.00,0.042241,0.042241,28,28,2026-10-06T11:28:56+02:00
znver4,simde,512,main_part,27,"int * 1 | 2^4",,9.1897,9.1897,28,28,2026-10-06T11:30:11+02:00
znver4,simde,512,main_part,27,"int * 1 | 2^4",,11.3424,11.3424,28,28,2026-10-06T11:30:11+02:00
znver4,simde,512,main_part,27,"int * 1 | 2^4",,12.4435,12.4435,28,28,2026-10-06T11:30:11+02:00
znver4,simde,512,main_part,27,"int * 1 | 2^4",,10.2931,10.2931,28,28,2026-10-06T11:30:11+02:00
znver4,simde,512,main_part,27,"int * 1 | 2^4",,12.2753,12.2753,28,28,2026-10-06T11:30:11+02:00
znver4,simde,512,main_part,27,"int * 1 | 2^5",,12.1148,12.1148,28,28,2026-10-06T11:30:11+02:00
znver4,simde,512,main_part,27,"int * 1 | 2^5",,8.5302,8.5302,28,28,2026-10-06T11:30:11+02:00
znver4,simde,512,main_part,27,"int * 1 | 2^5",,8.0686,8.0686,28,28,2026-10-06T11:30:11+02:00
znver4,simde,512,main_part,27,"int * 1 | 2^5",,8.2489,8.2489,28,28,2026-10-06T11:30:11+02:00
znver4,simde,512,main_part,27,"int * 1 | 2^5",,8.1721,8.1721,28,28,2026-10-06T11:30:11+02:00
znver4,simde,512,main_part,27,"int * 1 | 2^6",,5.6493,5.6493,28,28,2026-10-06T11:30:11+02:00
znver4,simde,512,main_part,27,"int * 1 | 2^6",,7.7531,7.7531,28,28,2026-10-06T11:30:11+02:00
znver4,simde,512,main_part,27,"int * 1 | 2^6",,5.6668,5.6668,28,28,2026-10-06T11:30:11+02:00
znver4,simde,512,main_part,27,"int * 1 | 2^6",,8.9855,8.9855,28,28,2026-10-06T11:30:11+02:00
znver4,simde,512,main_part,27,"int * 1 | 2^6",,7.3868,7.3868,28,28,2026-10-06T11:30:11+02:00
znver4,simde,512,main_part,27,"int * 1 | 2^7",,7.1426,7.1426,28,28,2026-10-06T11:30:11+02:00
znver4,simde,512,main_part,27,"int * 1 | 2^7",,8.0810,8.0810,28,28,2026-10-06T11:30:11+02:00
znver4,simde,512,main_part,27,"int * 1 | 2^7",,8.0862,8.0862,28,28,2026-10-06T11:30:11+02:00
znver4,simde,512,main_part,27,"int * 1 | 2^7",,10.8827,10.8827,28,28,2026-10-06T11:30:11+02:00
znver4,simde,512,main_part,27,"int * 1 | 2^7",,9.5902,9.5902,28,28,2026-10-06T11:30:11+02:00
znver4,simde,512,main_part,27,"int * 1 | 2^8",,7.2643,7.2643,28,28,2026-10-06T11:30:11+02:00
znver4,simde,512,main_part,27,"int * 1 | 2^8",,8.2576,8.2576,28,28,2026-10-06T11:30:11+02:00
znver4,simde,512,main_part,27,"int * 1 | 2^8",,7.4796,7.4796,28,28,2026-10-06T11:30:11+02:00
znver4,simde,512,main_part,27,"int * 1 | 2^8",,7.1738,7.1738,28,28,2026-10-06T11:30:11+02:00
znver4,simde,512,main_part,27,"int * 1 | 2^8",,10.6798,10.6798,28,28,2026-10-06T11:30:11+02:00
znver4,simde,512,main_part,27,"int * 2 | 2^4",,5.9512,5.9512,28,28,2026-10-06T11:30:11+02:00
znver4,simde,512,main_part,27,"int * 2 | 2^4",,7.0545,7.0545,28,28,2026-10-06T11:30:11+02:00
znver4,simde,512,main_part,27,"int * 2 | 2^4",,8.1963,8.1963,28,28,2026-10-06T11:30:11+02:00
znver4,simde,512,main_part,27,"int * 2 | 2^4",,7.4053,7.4053,28,28,2026-10-06T11:30:11+02:00
znver4,simde,512,main_part,27,"int * 2 | 2^4",,7.5367,7.5367,28,28,2026-10-06T11:30:11+02:00
znver4,simde,512,main_part,27,"int * 2 | 2^5",,7.0655,7.0655,28,28,2026-10-06T11:30:11+02:00
znver4,simde,512,main_part,27,"int * 2 | 2^5",,6.4355,6.4355,28,28,2026-10-06T11:30:11+02:00
znver4,simde,512,main_part,27,"int * 2 | 2^5",,6.9841,6.9841,28,28,2026-10-06T11:30:11+02:00
znver4,simde,512,main_part,27,"int * 2 | 2^5",,7.4528,7.4528,28,28,2026-10-06T11:30:11+02:00
znver4,simde,512,main_part,27,"int * 2 | 2^5",,7.2443,7.2443,28,28,2026-10-06T11:30:11+02:00
znver4,simde,512,main_part,27,"int * 2 | 2^6",,7.2002,7.2002,28,28,2026-10-06T11:30:11+02:00
znver4,simde,512,main_part,27,"int * 2 | 2^6",,6.6238,6.6238,28,28,2026-10-06T11:30:11+02:00
znver4,simde,512,main_part,27,"int * 2 | 2^6",,6.3587,6.3587,28,28,2026-10-06T11:30:11+02:00
znver4,simde,512,main_part,27,"int * 2 | 2^6",,6.5626,6.5626,28,28,2026-10-06T11:30:11+02:00
znver4,simde,512,main_part,27,"int * 2 | 2^6",,7.1778,7.1778,28,28,2026-10-06T11:30:11+02:00
znver4,simde,512,main_part,27,"int * 2 | 2^7",,7.1476,7.1476,28,28,2026-10-06T11:30:11+02:00
znver4,simde,512,main_part,27,"int * 2 | 2^7",,7.5382,7.5382,28,28,2026-10-06T11:30:11+02:00
znver4,simde,512,main_part,27,"int * 2 | 2^7",,7.3975,7.3975,28,28,2026-10-06T11:30:11+02:00
znver4,simde,512,main_part,27,"int * 2 | 2^7",,5.6618,5.6618,28,28,2026-10-06T11:30:11+02:00
znver4,simde,512,main_part,27,"int * 2 | 2^7",,6.5471,6.5471,28,28,2026-10-06T11:30:11+02:00
znver4,simde,512,main_part,27,"int * 2 | 2^8",,5.9837,5.9837,28,28,2026-10-06T11:30:11+02:00
znver4,simde,512,main_part,27,"int * 2 | 2^8",,6.4397,6.4397,28,28,2026-10-06T11:30:11+02:00
znver4,simde,512,main_part,27,"int * 2 | 2^8",,6.3237,6.3237,28,28,2026-10-06T11:30:11+02:00
znver4,simde,512,main_part,27,"int * 2 | 2^8",,7.9664,7.9664,28,28,2026-10-06T11:30:11+02:00
znver4,simde,512,main_part,27,"int * 2 | 2^8",,8.2460,8.2460,28,28,2026-10-06T11:30:11+02:00
znver4,simde,512,main_part,27,"int * 3 | 2^4",,5.4000,5.4000,28,28,2026-10-06T11:30:11+02:00
znver4,simde,512,main_part,27,"int * 3 | 2^4",,4.2657,4.2657,28,28,2026-10-06T11:30:11+02:00
znver4,simde,512,main_part,27,"int * 3 | 2^4",,6.0770,6.0770,28,28,2026-10-06T11:30:11+02:00
znver4,simde,512,main_part,27,"int * 3 | 2^4",,5.2716,5.2716,28,28,2026-10-06T11:30:11+02:00
znver4,simde,512,main_part,27,"int * 3 | 2^4",,5.5732,5.5732,28,28,2026-10-06T11:30:11+02:00
znver4,simde,512,main_part,27,"int * 3 | 2^5",,5.1559,5.1559,28,28,2026-10-06T11:30:11+02:00
znver4,simde,512,main_part,27,"int * 3 | 2^5",,6.3288,6.3288,28,28,2026-10-06T11:30:11+02:00
znver4,simde,512,main_part,27,"int * 3 | 2^5",,5.5567,5.5567,28,28,2026-10-06T11:30:11+02:00
znver4,simde,512,main_part,27,"int * 3 | 2^5",,5.1210,5.1210,28,28,2026-10-06T11:30:11+02:00
znver4,simde,512,main_part,27,"int * 3 | 2^5",,5.6087,5.6087,28,28,2026-10-06T11:30:11+02:00
znver4,simde,512,main_part,27,"int * 3 | 2^6",,5.6510,5.6510,28,28,2026-10-06T11:30:11+02:00
znver4,simde,512,main_part,27,"int * 3 | 2^6",,5.4213,5.4213,28,28,2026-10-06T11:30:11+02:00
znver4,simde,512,main_part,27,"int * 3 | 2^6",,6.5454,6.5454,28,28,2026-10-06T11:30:11+02:00
znver4,simde,512,main_part,27,"int * 3 | 2^6",,5.1329,5.1329,28,28,2026-10-06T11:30:11+02:00
znver4,simde,512,main_part,27,"int * 3 | 2^6",,5.5154,5.5154,28,28,2026-10-06T11:30:11+02:00
znver4,simde,512,main_part,27,"int * 3 | 2^7",,5.0837,5.0837,28,28,2026-10-06T11:30:11+02:00
znver4,simde,512,main_part,27,"int * 3 | 2^7",,5.5821,5.5821,28,28,2026-10-06T11:30:11+02:00
znver4,simde,512,main_part,27,"int * 3 | 2^7",,4.7161,4.7161,28,28,2026-10-06T11:30:11+02:00
znver4,simde,512,main_part,27,"int * 3 | 2^7",,4.9367,4.9367,28,28,2026-10-06T11:30:11+02:00
znver4,simde,512,main_part,27,"int * 3 | 2^7",,5.3912,5.3912,28,28,2026-10-06T11:30:11+02:00
znver4,simde,512,main_part,27,"int * 3 | 2^8",,5.3453,5.3453,28,28,2026-10-06T11:30:11+02:00
znver4,simde,512,main_part,27,"int * 3 | 2^8",,5.0372,5.0372,28,28,2026-10-06T11:30:11+02:00
znver4,simde,512,main_part,27,"int * 3 | 2^8",,4.7169,4.7169,28,28,2026-10-06T11:30:11+02:00
znver4,simde,512,main_part,27,"int * 3 | 2^8",,4.9962,4.9962,28,28,2026-10-06T11:30:11+02:00
znver4,simde,512,main_part,27,"int * 3 | 2^8",,6.4826,6.4826,28,28,2026-10-06T11:30:11+02:00
znver4,simde,512,main_scan_int,28,"and 1",0.00,38.9490,47.4098,29,29,2026-10-06T11:30:21+02:00
znver4,simde,512,main_scan_int,28,"and 1",0.00,46.1486,23.5097,29,29,2026-10-06T11:30:21+02:00
znver4,simde,512,main_scan_int,28,"and 1",0.00,35.9011,50.4247,29,29,2026-10-06T11:30:21+02:00
znver4,simde,512,main_scan_int,28,"and 1",0.00,48.2814,58.9413,29,29,2026-10-06T11:30:21+02:00
znver4,simde,512,main_scan_int,28,"and 1",0.00,13.0486,31.1456,29,29,2026-10-06T11:30:21+02:00
znver4,simde,512,main_scan_int,28,"and 2",0.03,18.1272,18.2665,29,29,2026-10-06T11:30:21+02:00
znver4,simde,512,main_scan_int,28,"and 2",0.03,22.5502,11.6619,29,29,2026-10-06T11:30:21+02:00
znver4,simde,512,main_scan_int,28,"and 2",0.03,21.4449,20.0515,29,29,2026-10-06T11:30:21+02:00
znver4,simde,512,main_scan_int,28,"and 2",0.03,19.9782,21.1463,29,29,2026-10-06T11:30:21+02:00
znver4,simde,512,main_scan_int,28,"and 2",0.03,15.0811,20.2738,29,29,2026-10-06T11:30:21+02:00
znver4,simde,512,main_scan_int,28,"and 3",0.10,16.2447,21.7842,29,29,2026-10-06T11:30:21+02:00
znver4,simde,512,main_scan_int,28,"and 3",0.10,18.0048,17.7001,29,29,2026-10-06T11:30:21+02:00
znver4,simde,512,main_scan_int,28,"and 3",0.10,13.6433,13.6249,29,29,2026-10-06T11:30:21+02:00
znver4,simde,512,main_scan_int,28,"and 3",0.10,19.3956,24.2148,29,29,2026-10-06T11:30:21+02:00
znver4,simde,512,main_scan_int,28,"and 3",0.10,14.4129,25.5288,29,29,2026-10-06T11:30:21+02:00
znver4,simde,512,main_scan_int,28,"and 1",0.00,39.2707,12.1543,29,29,2026-10-06T11:30:21+02:00
znver4,simde,512,main_scan_int,28,"and 1",0.00,38.1720,58.0025,29,29,2026-10-06T11:30:21+02:00
znver4,simde,512,main_scan_int,28,"and 1",0.00,31.6368,62.7759,29,29,2026-10-06T11:30:21+02:00
znver4,simde,512,main_scan_int,28,"and 1",0.00,43.6972,44.2816,29,29,2026-10-06T11:30:21+02:00
znver4,simde,512,main_scan_int,28,"and 1",0.00,39.4594,17.6202,29,29,2026-10-06T11:30:21+02:00
znver4,simde,512,main_scan_int,28,"and 2",0.04,19.4812,26.8090,29,29,2026-10-06T11:30:21+02:00
znver4,simde,512,main_scan_int,28,"and 2",0.04,19.0914,26.0539,29,29,2026-10-06T11:30:21+02:00
znver4,simde,512,main_scan_int,28,"and 2",0.04,20.5382,29.1108,29,29,2026-10-06T11:30:21+02:00
znver4,simde,512,main_scan_int,28,"and 2",0.04,20.2545,29.3468,29,29,2026-10-06T11:30:21+02:00
znver4,simde,512,main_scan_int,28,"and 2",0.04,19.6516,28.7903,29,29,2026-10-06T11:30:21+02:00
znver4,simde,512,main_scan_int,28,"and 3",0.13,12.3446,13.0097,29,29,2026-10-06T11:30:21+02:00
znver4,simde,512,main_scan_int,28,"and 3",0.13,12.7178,20.8660,29,29,2026-10-06T11:30:21+02:00
znver4,simde,512,main_scan_int,28,"and 3",0.13,12.5195,12.7411,29,29,2026-10-06T11:30:21+02:00
znver4,simde,512,main_scan_int,28,"and 3",0.13,12.4575,13.6722,29,29,2026-10-06T11:30:21+02:00
znver4,simde,512,main_scan_int,28,"and 3",0.13,13.3200,19.4367,29,29,2026-10-06T11:30:21+02:00
znver4,simde,512,main_scan_int,28,"and 1",0.01,33.6466,11.8185,29,29,2026-10-06T11:30:21+02:00
znver4,simde,512,main_scan_int,28,"and 1",0.01,40.6969,50.8401,29,29,2026-10-06T11:30:21+02:00
znver4,simde,512,main_scan_int,28,"and 1",0.01,30.8240,47.0236,29,29,2026-10-06T11:30:21+02:00
znver4,simde,512,main_scan_int,28,"and 1",0.01,31.5508,17.3627,29,29,2026-10-06T11:30:21+02:00
znver4,simde,512,main_scan_int,28,"and 1",0.01,34.9873,17.0255,29,29,2026-10-06T11:30:21+02:00
znver4,simde,512,main_scan_int,28,"and 2",0.07,16.6937,23.7611,29,29,2026-10-06T11:30:21+02:00
znver4,simde,512,main_scan_int,28,"and 2",0.07,20.2774,11.2799,29,29,2026-10-06T11:30:21+02:00
znver4,simde,512,main_scan_int,28,"and 2",0.07,19.5912,26.7512,29,29,2026-10-06T11:30:21+02:00
znver4,simde,512,main_scan_int,28,"and 2",0.07,20.5092,25.5386,29,29,2026-10-06T11:30:21+02:00
znver4,simde,512,main_scan_int,28,"and 2",0.07,20.9199,20.3727,29,29,2026-10-06T11:30:21+02:00
znver4,simde,512,main_scan_int,28,"and 3",0.17,14.7461,18.5448,29,29,2026-10-06T11:30:21+02:00
znver4,simde,512,main_scan_int,28,"and 3",0.17,11.0123,15.9305,29,29,2026-10-06T11:30:21+02:00
znver4,simde,512,main_scan_int,28,"and 3",0.17,11.4504,18.0804,29,29,2026-10-06T11:30:21+02:00
znver4,simde,512,main_scan_int,28,"and 3",0.17,14.6321,16.9144,29,29,2026-10-06T11:30:21+02:00
znver4,simde,512,main_scan_int,28,"and 3",0.17,11.1453,14.4527,29,29,2026-10-06T11:30:21+02:00
znver4,simde,512,main_scan_int,28,"and 1",0.01,31.1417,20.8953,29,29,2026-10-06T11:30:21+02:00
znver4,simde,512,main_scan_int,28,"and 1",0.01,19.9628,19.4250,29,29,2026-10-06T11:30:21+02:00
znver4,simde,512,main_scan_int,28,"and 1",0.01,16.5427,37.6243,29,29,2026-10-06T11:30:21+02:00
znver4,simde,512,main_scan_int,28,"and 1",0.01,14.6165,36.6997,29,29,2026-10-06T11:30:21+02:00
znver4,simde,512,main_scan_int,28,"and 1",0.01,22.2961,15.0052,29,29,2026-10-06T11:30:21+02:00
znver4,simde,512,main_scan_int,28,"and 2",0.10,18.0141,16.0854,29,29,2026-10-06T11:30:21+02:00
znver4,simde,512,main_scan_int,28,"and 2",0.10,18.0138,20.7320,29,29,2026-10-06T11:30:21+02:00
znver4,simde,512,main_scan_int,28,"and 2",0.10,11.2450,22.1165,29,29,2026-10-06T11:30:21+02:00
znver4,simde,512,main_scan_int,28,"and 2",0.10,14.0184,15.2088,29,29,2026-10-06T11:30:21+02:00
znver4,simde,512,main_scan_int,28,"and 2",0.10,16.3925,23.6011,29,29,2026-10-06T11:30:21+02:00
znver4,simde,512,main_scan_int,28,"and 3",0.22,9.7760,12.0521,29,29,2026-10-06T11:30:21+02:00
znver4,simde,512,main_scan_int,28,"and 3",0.22,13.2383,12.7957,29,29,2026-10-06T11:30:21+02:00
znver4,simde,512,main_scan_int,28,"and 3",0.22,8.7033,10.7663,29,29,2026-10-06T11:30:21+02:00
znver4,simde,512,main_scan_int,28,"and 3",0.22,9.0571,14.8179,29,29,2026-10-06T11:30:21+02:00
znver4,simde,512,main_scan_int,28,"and 3",0.22,10.7732,15.1711,29,29,2026-10-06T11:30:21+02:00
znver4,simde,512,main_scan_int,28,"and 1",0.02,24.8989,39.1632,29,29,2026-10-06T11:30:21+02:00
znver4,simde,512,main_scan_int,28,"and 1",0.02,23.4772,18.9726,29,29,2026-10-06T11:30:21+02:00
znver4,simde,512,main_scan_int,28,"and 1",0.02,26.6099,37.4286,29,29,2026-10-06T11:30:21+02:00
znver4,simde,512,main_scan_int,28,"and 1",0.02,29.2395,31.1562,29,29,2026-10-06T11:30:21+02:00
znver4,simde,512,main_scan_int,28,"and 1",0.02,21.3465,36.2610,29,29,2026-10-06T11:30:21+02:00
znver4,simde,512,main_scan_int,28,"and 2",0.14,13.5316,18.9919,29,29,2026-10-06T11:30:21+02:00
znver4,simde,512,main_scan_int,28,"and 2",0.14,17.1965,19.4536,29,29,2026-10-06T11:30:21+02:00
znver4,simde,512,main_scan_int,28,"and 2",0.14,12.9140,17.8494,29,29,2026-10-06T11:30:21+02:00
znver4,simde,512,main_scan_int,28,"and 2",0.14,13.9435,21.9092,29,29,2026-10-06T11:30:21+02:00
znver4,simde,512,main_scan_int,28,"and 2",0.14,14.8640,14.7880,29,29,2026-10-06T11:30:21+02:00
znver4,simde,512,main_scan_int,28,"and 3",0.27,8.9936,10.4749,29,29,2026-10-06T11:30:21+02:00
znver4,simde,512,main_scan_int,28,"and 3",0.27,8.0773,12.3100,29,29,2026-10-06T11:30:21+02:00
znver4,simde,512,main_scan_int,28,"and 3",0.27,9.0299,10.0655,29,29,2026-10-06T11:30:21+02:00
znver4,simde,512,main_scan_int,28,"and 3",0.27,8.6658,13.1470,29,29,2026-10-06T11:30:21+02:00
znver4,simde,512,main_scan_int,28,"and 3",0.27,8.5688,10.4461,29,29,2026-10-06T11:30:21+02:00
znver4,simde,512,main_scan_int,28,"and 1",0.05,22.8964,12.5059,29,29,2026-10-06T11:30:21+02:00
znver4,simde,512,main_scan_int,28,"and 1",0.05,14.5440,15.9832,29,29,2026-10-06T11:30:21+02:00
znver4,simde,512,main_scan_int,28,"and 1",0.05,22.9998,9.7612,29,29,2026-10-06T11:30:21+02:00
znver4,simde,512,main_scan_int,28,"and 1",0.05,11.2933,17.3634,29,29,2026-10-06T11:30:21+02:00
znver4,simde,512,main_scan_int,28,"and 1",0.05,24.7423,20.3798,29,29,2026-10-06T11:30:21+02:00
znver4,simde,512,main_scan_int,28,"and 2",0.22,8.6029,14.0213,29,29,2026-10-06T11:30:21+02:00
znver4,simde,512,main_scan_int,28,"and 2",0.22,13.0987,12.2736,29,29,2026-10-06T11:30:21+02:00
znver4,simde,512,main_scan_int,28,"and 2",0.22,11.5967,12.3523,29,29,2026-10-06T11:30:21+02:00
znver4,simde,512,main_scan_int,28,"and 2",0.22,11.4348,13.6762,29,29,2026-10-06T11:30:21+02:00
znver4,simde,512,main_scan_int,28,"and 2",0.22,10.4371,13.6446,29,29,2026-10-06T11:30:21+02:00
znver4,simde,512,main_scan_int,28,"and 3",0.37,6.0710,10.3526,29,29,2026-10-06T11:30:21+02:00
znver4,simde,512,main_scan_int,28,"and 3",0.37,9.5733,11.0748,29,29,2026-10-06T11:30:21+02:00
znver4,simde,512,main_scan_int,28,"and 3",0.37,9.1159,12.8686,29,29,2026-10-06T11:30:21+02:00
znver4,simde,512,main_scan_int,28,"and 3",0.37,4.8097,11.1262,29,29,2026-10-06T11:30:21+02:00
znver4,simde,512,main_scan_int,28,"and 3",0.37,8.4813,9.7270,29,29,2026-10-06T11:30:21+02:00
znver4,simde,512,main_scan_int,28,"and 1",0.10,15.3421,15.0189,29,29,2026-10-06T11:30:21+02:00
znver4,simde,512,main_scan_int,28,"and 1",0.10,13.5664,12.0197,29,29,2026-10-06T11:30:21+02:00
znver4,simde,512,main_scan_int,28,"and 1",0.10,16.6701,11.1203,29,29,2026-10-06T11:30:21+02:00
znver4,simde,512,main_scan_int,28,"and 1",0.10,18.9404,16.5671,29,29,2026-10-06T11:30:21+02:00
znver4,simde,512,main_scan_int,28,"and 1",0.10,16.2454,12.2325,29,29,2026-10-06T11:30:21+02:00
znver4,simde,512,main_scan_int,28,"and 2",0.32,12.3819,9.3752,29,29,2026-10-06T11:30:21+02:00
znver4,simde,512,main_scan_int,28,"and 2",0.32,7.6671,12.6363,29,29,2026-10-06T11:30:21+02:00
znver4,simde,512,main_scan_int,28,"and 2",0.32,8.8445,6.3349,29,29,2026-10-06T11:30:21+02:00
znver4,simde,512,main_scan_int,28,"and 2",0.32,12.4041,12.4415,29,29,2026-10-06T11:30:21+02:00
znver4,simde,512,main_scan_int,28,"and 2",0.32,12.1912,9.3724,29,29,2026-10-06T11:30:21+02:00
znver4,simde,512,main_scan_int,28,"and 3",0.46,6.6285,10.4330,29,29,2026-10-06T11:30:21+02:00
znver4,simde,512,main_scan_int,28,"and 3",0.46,6.7413,9.8273,29,29,2026-10-06T11:30:21+02:00
znver4,simde,512,main_scan_int,28,"and 3",0.46,6.8219,9.9671,29,29,2026-10-06T11:30:21+02:00
znver4,simde,512,main_scan_int,28,"and 3",0.46,8.3392,12.5931,29,29,2026-10-06T11:30:21+02:00
znver4,simde,512,main_scan_int,28,"and 3",0.46,8.2348,10.5468,29,29,2026-10-06T11:30:21+02:00
znver4,simde,512,main_scan_int,28,"and 1",0.20,14.7644,13.3511,29,29,2026-10-06T11:30:21+02:00
znver4,simde,512,main_scan_int,28,"and 1",0.20,15.1779,12.7613,29,29,2026-10-06T11:30:21+02:00
znver4,simde,512,main_scan_int,28,"and 1",0.20,12.4955,12.6014,29,29,2026-10-06T11:30:21+02:00
znver4,simde,512,main_scan_int,28,"and 1",0.20,14.3408,14.8864,29,29,2026-10-06T11:30:21+02:00
znver4,simde,512,main_scan_int,28,"and 1",0.20,10.5832,13.7786,29,29,2026-10-06T11:30:21+02:00
znver4,simde,512,main_scan_int,28,"and 2",0.45,7.2942,6.9847,29,29,2026-10-06T11:30:21+02:00
znver4,simde,512,main_scan_int,28,"and 2",0.45,9.4735,10.3533,29,29,2026-10-06T11:30:21+02:00
znver4,simde,512,main_scan_int,28,"and 2",0.45,7.2463,10.8370,29,29,2026-10-06T11:30:21+02:00
znver4,simde,512,main_scan_int,28,"and 2",0.45,6.7196,13.5957,29,29,2026-10-06T11:30:21+02:00
znver4,simde,512,main_scan_int,28,"and 2",0.45,6.7134,8.3561,29,29,2026-10-06T11:30:21+02:00
znver4,simde,512,main_scan_int,28,"and 3",0.58,5.2909,9.0326,29,29,2026-10-06T11:30:21+02:00
znver4,simde,512,main_scan_int,28,"and 3",0.58,6.2479,8.2586,29,29,2026-10-06T11:30:21+02:00
znver4,simde,512,main_scan_int,28,"and 3",0.58,4.6714,11.2294,29,29,2026-10-06T11:30:21+02:00
znver4,simde,512,main_scan_int,28,"and 3",0.58,5.6557,9.5111,29,29,2026-10-06T11:30:21+02:00
znver4,simde,512,main_scan_int,28,"and 3",0.58,5.3490,9.5385,29,29,2026-10-06T11:30:21+02:00
znver4,simde,512,main_scan_int,28,"and 1",0.50,12.7130,17.7602,29,29,2026-10-06T11:30:21+02:00
znver4,simde,512,main_scan_int,28,"and 1",0.50,9.1708,11.6486,29,29,2026-10-06T11:30:21+02:00
znver4,simde,512,main_scan_int,28,"and 1",0.50,5.0592,14.3696,29,29,2026-10-06T11:30:21+02:00
znver4,simde,512,main_scan_int,28,"and 1",0.50,9.0574,11.6129,29,29,2026-10-06T11:30:21+02:00
znver4,simde,512,main_scan_int,28,"and 1",0.50,10.7458,11.8468,29,29,2026-10-06T11:30:21+02:00
znver4,simde,512,main_scan_int,28,"and 2",0.71,10.5809,10.2737,29,29,2026-10-06T11:30:21+02:00
znver4,simde,512,main_scan_int,28,"and 2",0.71,7.7536,9.5302,29,29,2026-10-06T11:30:21+02:00
znver4,simde,512,main_scan_int,28,"and 2",0.71,7.3960,10.5447,29,29,2026-10-06T11:30:21+02:00
znver4,simde,512,main_scan_int,28,"and 2",0.71,7.7273,10.7842,29,29,2026-10-06T11:30:21+02:00
znver4,simde,512,main_scan_int,28,"and 2",0.71,6.0842,8.7425,29,29,2026-10-06T11:30:21+02:00
znver4,simde,512,main_scan_int,28,"and 3",0.79,5.6462,10.0310,29,29,2026-10-06T11:30:21+02:00
znver4,simde,512,main_scan_int,28,"and 3",0.79,8.3775,8.8706,29,29,2026-10-06T11:30:21+02:00
znver4,simde,512,main_scan_int,28,"and 3",0.79,7.9367,8.4718,29,29,2026-10-06T11:30:21+02:00
znver4,simde,512,main_scan_int,28,"and 3",0.79,8.1957,9.9081,29,29,2026-10-06T11:30:21+02:00
znver4,simde,512,main_scan_int,28,"and 3",0.79,7.3978,7.9396,29,29,2026-10-06T11:30:21+02:00
znver4,simde,512,main_scan_int,28,"and 1",1.00,14.0802,13.9943,29,29,2026-10-06T11:30:21+02:00
znver4,simde,512,main_scan_int,28,"and 1",1.00,11.3634,17.7247,29,29,2026-10-06T11:30:21+02:00
znver4,simde,512,main_scan_int,28,"and 1",1.00,13.3674,14.4796,29,29,2026-10-06T11:30:21+02:00
znver4,simde,512,main_scan_int,28,"and 1",1.00,13.8001,20.4802,29,29,2026-10-06T11:30:21+02:00
znver4,simde,512,main_scan_int,28,"and 1",1.00,14.3911,15.1934,29,29,2026-10-06T11:30:21+02:00
znver4,simde,512,main_scan_int,28,"and 2",1.00,11.1460,14.8536,29,29,2026-10-06T11:30:21+02:00
znver4,simde,512,main_scan_int,28,"and 2",1.00,11.6261,11.7938,29,29,2026-10-06T11:30:21+02:00
znver4,simde,512,main_scan_int,28,"and 2",1.00,11.0156,11.5843,29,29,2026-10-06T11:30:21+02:00
znver4,simde,512,main_scan_int,28,"and 2",1.00,10.6537,14.6898,29,29,2026-10-06T11:30:21+02:00
znver4,simde,512,main_scan_int,28,"and 2",1.00,12.0022,14.8077,29,29,2026-10-06T11:30:21+02:00
znver4,simde,512,main_scan_int,28,"and 3",1.00,9.0893,10.1173,29,29,2026-10-06T11:30:21+02:00
znver4,simde,512,main_scan_int,28,"and 3",1.00,9.3658,11.4175,29,29,2026-10-06T11:30:21+02:00
znver4,simde,512,main_scan_int,28,"and 3",1.00,9.3803,11.0313,29,29,2026-10-06T11:30:21+02:00
znver4,simde,512,main_scan_int,28,"and 3",1.00,8.9028,11.1398,29,29,2026-10-06T11:30:21+02:00
znver4,simde,512,main_scan_int,28,"and 3",1.00,7.7282,10.4401,29,29,2026-10-06T11:30:21+02:00
znver4,simde,512,main_scan_enc,28,"and 1",0.00,20.2051,57.0866,29,29,2026-10-06T11:30:38+02:00
znver4,simde,512,main_scan_enc,28,"and 1",0.00,59.2076,14.6656,29,29,2026-10-06T11:30:38+02:00
znver4,simde,512,main_scan_enc,28,"and 1",0.00,12.9256,136.2829,29,29,2026-10-06T11:30:38+02:00
znver4,simde,512,main_scan_enc,28,"and 1",0.00,46.0647,79.6435,29,29,2026-10-06T11:30:38+02:00
znver4,simde,512,main_scan_enc,28,"and 1",0.00,41.4720,20.4906,29,29,2026-10-06T11:30:38+02:00
znver4,simde,512,main_scan_enc,28,"and 2",0.03,31.7727,49.9765,29,29,2026-10-06T11:30:38+02:00
znver4,simde,512,main_scan_enc,28,"and 2",0.03,10.9230,66.8180,29,29,2026-10-06T11:30:38+02:00
znver4,simde,512,main_scan_enc,28,"and 2",0.03,17.2318,90.3153,29,29,2026-10-06T11:30:38+02:00
znver4,simde,512,main_scan_enc,28,"and 2",0.03,29.9861,43.6330,29,29,2026-10-06T11:30:38+02:00
znver4,simde,512,main_scan_enc,28,"and 2",0.03,18.4427,69.8439,29,29,2026-10-06T11:30:38+02:00
znver4,simde,512,main_scan_enc,28,"and 3",0.10,15.7504,21.1739,29,29,2026-10-06T11:30:38+02:00
znver4,simde,512,main_scan_enc,28,"and 3",0.10,11.0943,20.8244,29,29,2026-10-06T11:30:38+02:00
znver4,simde,512,main_scan_enc,28,"and 3",0.10,12.1316,11.5552,29,29,2026-10-06T11:30:38+02:00
znver4,simde,512,main_scan_enc,28,"and 3",0.10,15.4926,44.1798,29,29,2026-10-06T11:30:38+02:00
znver4,simde,512,main_scan_enc,28,"and 3",0.10,17.3429,46.8532,29,29,2026-10-06T11:30:38+02:00
znver4,simde,512,main_scan_enc,28,"and 1",0.00,30.9961,114.0974,29,29,2026-10-06T11:30:38+02:00
znver4,simde,512,main_scan_enc,28,"and 1",0.00,16.0892,177.2628,29,29,2026-10-06T11:30:38+02:00
znver4,simde,512,main_scan_enc,28,"and 1",0.00,56.7220,16.2012,29,29,2026-10-06T11:30:38+02:00
znver4,simde,512,main_scan_enc,28,"and 1",0.00,58.6856,156.8032,29,29,2026-10-06T11:30:38+02:00
znver4,simde,512,main_scan_enc,28,"and 1",0.00,58.1572,124.7455,29,29,2026-10-06T11:30:38+02:00
znver4,simde,512,main_scan_enc,28,"and 2",0.04,33.7163,93.7249,29,29,2026-10-06T11:30:38+02:00
znver4,simde,512,main_scan_enc,28,"and 2",0.04,33.5023,72.3658,29,29,2026-10-06T11:30:38+02:00
znver4,simde,512,main_scan_enc,28,"and 2",0.04,17.6694,69.8733,29,29,2026-10-06T11:30:38+02:00
znver4,simde,512,main_scan_enc,28,"and 2",0.04,36.6036,28.4297,29,29,2026-10-06T11:30:38+02:00
znver4,simde,512,main_scan_enc,28,"and 2",0.04,33.0311,77.0665,29,29,2026-10-06T11:30:38+02:00
znver4,simde,512,main_scan_enc,28,"and 3",0.13,12.0050,40.6912,29,29,2026-10-06T11:30:38+02:00
znver4,simde,512,main_scan_enc,28,"and 3",0.13,19.5910,38.2165,29,29,2026-10-06T11:30:38+02:00
znver4,simde,512,main_scan_enc,28,"and 3",0.13,12.0021,13.1924,29,29,2026-10-06T11:30:38+02:00
znver4,simde,512,main_scan_enc,28,"and 3",0.13,17.7332,28.4540,29,29,2026-10-06T11:30:38+02:00
znver4,simde,512,main_scan_enc,28,"and 3",0.13,20.9288,45.8864,29,29,2026-10-06T11:30:38+02:00
znver4,simde,512,main_scan_enc,28,"and 1",0.01,27.2388,60.3157,29,29,2026-10-06T11:30:38+02:00
znver4,simde,512,main_scan_enc,28,"and 1",0.01,40.1774,143.6844,29,29,2026-10-06T11:30:38+02:00
znver4,simde,512,main_scan_enc,28,"and 1",0.01,31.5425,156.7781,29,29,2026-10-06T11:30:38+02:00
znver4,simde,512,main_scan_enc,28,"and 1",0.01,49.4502,106.7013,29,29,2026-10-06T11:30:38+02:00
znver4,simde,512,main_scan_enc,28,"and 1",0.01,52.6469,13.5038,29,29,2026-10-06T11:30:38+02:00
znver4,simde,512,main_scan_enc,28,"and 2",0.07,25.9018,57.1002,29,29,2026-10-06T11:30:38+02:00
znver4,simde,512,main_scan_enc,28,"and 2",0.07,27.2261,62.3198,29,29,2026-10-06T11:30:38+02:00
znver4,simde,512,main_scan_enc,28,"and 2",0.07,15.5446,86.7061,29,29,2026-10-06T11:30:38+02:00
znver4,simde,512,main_scan_enc,28,"and 2",0.07,16.0306,89.7826,29,29,2026-10-06T11:30:38+02:00
znver4,simde,512,main_scan_enc,28,"and 2",0.07,18.5509,63.9704,29,29,2026-10-06T11:30:38+02:00
znver4,simde,512,main_scan_enc,28,"and 3",0.17,10.0877,31.6609,29,29,2026-10-06T11:30:38+02:00
znver4,simde,512,main_scan_enc,28,"and 3",0.17,9.1897,32.6329,29,29,2026-10-06T11:30:38+02:00
znver4,simde,512,main_scan_enc,28,"and 3",0.17,18.2283,30.1678,29,29,2026-10-06T11:30:38+02:00
znver4,simde,512,main_scan_enc,28,"and 3",0.17,13.5809,40.6065,29,29,2026-10-06T11:30:38+02:00
znver4,simde,512,main_scan_enc,28,"and 3",0.17,7.9815,40.1103,29,29,2026-10-06T11:30:38+02:00
znver4,simde,512,main_scan_enc,28,"and 1",0.01,29.1918,63.4477,29,29,2026-10-06T11:30:38+02:00
znver4,simde,512,main_scan_enc,28,"and 1",0.01,32.9356,77.6974,29,29,2026-10-06T11:30:38+02:00
znver4,simde,512,main_scan_enc,28,"and 1",0.01,25.7153,12.5420,29,29,2026-10-06T11:30:38+02:00
znver4,simde,512,main_scan_enc,28,"and 1",0.01,37.8442,71.5670,29,29,2026-10-06T11:30:38+02:00
znver4,simde,512,main_scan_enc,28,"and 1",0.01,19.7065,70.2844,29,29,2026-10-06T11:30:38+02:00
znver4,simde,512,main_scan_enc,28,"and 2",0.10,20.8901,63.5948,29,29,2026-10-06T11:30:38+02:00
znver4,simde,512,main_scan_enc,28,"and 2",0.10,18.3082,61.1414,29,29,2026-10-06T11:30:38+02:00
znver4,simde,512,main_scan_enc,28,"and 2",0.10,21.5330,31.6651,29,29,2026-10-06T11:30:38+02:00
znver4,simde,512,main_scan_enc,28,"and 2",0.10,21.9658,45.9054,29,29,2026-10-06T11:30:38+02:00
znver4,simde,512,main_scan_enc,28,"and 2",0.10,19.3598,40.6528,29,29,2026-10-06T11:30:38+02:00
znver4,simde,512,main_scan_enc,28,"and 3",0.22,12.5443,33.1442,29,29,2026-10-06T11:30:38+02:00
znver4,simde,512,main_scan_enc,28,"and 3",0.22,13.7736,38.3200,29,29,2026-10-06T11:30:38+02:00
znver4,simde,512,main_scan_enc,28,"and 3",0.22,12.5386,35.7315,29,29,2026-10-06T11:30:38+02:00
znver4,simde,512,main_scan_enc,28,"and 3",0.22,9.0249,34.1864,29,29,2026-10-06T11:30:38+02:00
znver4,simde,512,main_scan_enc,28,"and 3",0.22,13.7904,37.8726,29,29,2026-10-06T11:30:38+02:00
znver4,simde,512,main_scan_enc,28,"and 1",0.02,14.2987,56.7614,29,29,2026-10-06T11:30:38+02:00
znver4,simde,512,main_scan_enc,28,"and 1",0.02,27.2983,62.9319,29,29,2026-10-06T11:30:38+02:00
znver4,simde,512,main_scan_enc,28,"and 1",0.02,21.4310,17.4158,29,29,2026-10-06T11:30:38+02:00
znver4,simde,512,main_scan_enc,28,"and 1",0.02,18.6630,12.7246,29,29,2026-10-06T11:30:38+02:00
znver4,simde,512,main_scan_enc,28,"and 1",0.02,23.3676,41.5373,29,29,2026-10-06T11:30:38+02:00
znver4,simde,512,main_scan_enc,28,"and 2",0.14,18.0591,30.5475,29,29,2026-10-06T11:30:38+02:00
znver4,simde,512,main_scan_enc,28,"and 2",0.14,19.0863,31.8203,29,29,2026-10-06T11:30:38+02:00
znver4,simde,512,main_scan_enc,28,"and 2",0.14,19.4084,22.2663,29,29,2026-10-06T11:30:38+02:00
znver4,simde,512,main_scan_enc,28,"and 2",0.14,14.1480,26.7340,29,29,2026-10-06T11:30:38+02:00
znver4,simde,512,main_scan_enc,28,"and 2",0.14,11.6125,14.4610,29,29,2026-10-06T11:30:38+02:00
znver4,simde,512,main_scan_enc,28,"and 3",0.27,12.3367,31.6874,29,29,2026-10-06T11:30:38+02:00
znver4,simde,512,main_scan_enc,28,"and 3",0.27,8.0225,23.8037,29,29,2026-10-06T11:30:38+02:00
znver4,simde,512,main_scan_enc,28,"and 3",0.27,7.1783,22.4060,29,29,2026-10-06T11:30:38+02:00
znver4,simde,512,main_scan_enc,28,"and 3",0.27,9.1935,31.0142,29,29,2026-10-06T11:30:38+02:00
znver4,simde,512,main_scan_enc,28,"and 3",0.27,8.4976,22.8246,29,29,2026-10-06T11:30:38+02:00
znver4,simde,512,main_scan_enc,28,"and 1",0.05,22.9099,18.3418,29,29,2026-10-06T11:30:38+02:00
znver4,simde,512,main_scan_enc,28,"and 1",0.05,26.9525,26.9723,29,29,2026-10-06T11:30:38+02:00
znver4,simde,512,main_scan_enc,28,"and 1",0.05,42.1254,16.2799,29,29,2026-10-06T11:30:38+02:00
znver4,simde,512,main_scan_enc,28,"and 1",0.05,25.8695,32.2023,29,29,2026-10-06T11:30:38+02:00
znver4,simde,512,main_scan_enc,28,"and 1",0.05,26.9135,33.0991,29,29,2026-10-06T11:30:38+02:00
znver4,simde,512,main_scan_enc,28,"and 2",0.22,17.7364,19.6785,29,29,2026-10-06T11:30:38+02:00
znver4,simde,512,main_scan_enc,28,"and 2",0.22,13.8441,18.1782,29,29,2026-10-06T11:30:38+02:00
znver4,simde,512,main_scan_enc,28,"and 2",0.22,18.0062,30.2113,29,29,2026-10-06T11:30:38+02:00
znver4,simde,512,main_scan_enc,28,"and 2",0.22,18.2962,25.6439,29,29,2026-10-06T11:30:38+02:00
znver4,simde,512,main_scan_enc,28,"and 2",0.22,18.2167,23.3509,29,29,2026-10-06T11:30:38+02:00
znver4,simde,512,main_scan_enc,28,"and 3",0.37,6.3230,12.8119,29,29,2026-10-06T11:30:38+02:00
znver4,simde,512,main_scan_enc,28,"and 3",0.37,9.8051,6.7302,29,29,2026-10-06T11:30:38+02:00
znver4,simde,512,main_scan_enc,28,"and 3",0.37,8.1033,15.6275,29,29,2026-10-06T11:30:38+02:00
znver4,simde,512,main_scan_enc,28,"and 3",0.37,7.7248,20.4487,29,29,2026-10-06T11:30:38+02:00
znver4,simde,512,main_scan_enc,28,"and 3",0.37,8.1305,20.6298,29,29,2026-10-06T11:30:38+02:00
znver4,simde,512,main_scan_enc,28,"and 1",0.10,21.2220,21.3548,29,29,2026-10-06T11:30:38+02:00
znver4,simde,512,main_scan_enc,28,"and 1",0.10,30.0547,11.7825,29,29,2026-10-06T11:30:38+02:00
znver4,simde,512,main_scan_enc,28,"and 1",0.10,29.6413,21.3889,29,29,2026-10-06T11:30:38+02:00
znver4,simde,512,main_scan_enc,28,"and 1",0.10,12.1945,11.1014,29,29,2026-10-06T11:30:38+02:00
znver4,simde,512,main_scan_enc,28,"and 1",0.10,35.3916,11.4267,29,29,2026-10-06T11:30:38+02:00
znver4,simde,512,main_scan_enc,28,"and 2",0.32,8.8923,17.0694,29,29,2026-10-06T11:30:38+02:00
znver4,simde,512,main_scan_enc,28,"and 2",0.32,8.1034,11.1646,29,29,2026-10-06T11:30:38+02:00
znver4,simde,512,main_scan_enc,28,"and 2",0.32,11.5860,23.3333,29,29,2026-10-06T11:30:38+02:00
znver4,simde,512,main_scan_enc,28,"and 2",0.32,8.0289,19.7139,29,29,2026-10-06T11:30:38+02:00
znver4,simde,512,main_scan_enc,28,"and 2",0.32,7.4740,23.7785,29,29,2026-10-06T11:30:38+02:00
znver4,simde,512,main_scan_enc,28,"and 3",0.46,5.5351,17.4484,29,29,2026-10-06T11:30:38+02:00
znver4,simde,512,main_scan_enc,28,"and 3",0.46,5.2377,19.3518,29,29,2026-10-06T11:30:38+02:00
znver4,simde,512,main_scan_enc,28,"and 3",0.46,5.8001,9.2393,29,29,2026-10-06T11:30:38+02:00
znver4,simde,512,main_scan_enc,28,"and 3",0.46,8.0145,19.4892,29,29,2026-10-06T11:30:38+02:00
znver4,simde,512,main_scan_enc,28,"and 3",0.46,5.6020,12.3978,29,29,2026-10-06T11:30:38+02:00
znver4,simde,512,main_scan_enc,28,"and 1",0.20,25.0351,9.5477,29,29,2026-10-06T11:30:38+02:00
znver4,simde,512,main_scan_enc,28,"and 1",0.20,17.3691,20.6155,29,29,2026-10-06T11:30:38+02:00
znver4,simde,512,main_scan_enc,28,"and 1",0.20,24.2085,11.2487,29,29,2026-10-06T11:30:38+02:00
znver4,simde,512,main_scan_enc,28,"and 1",0.20,23.8364,18.5988,29,29,2026-10-06T11:30:38+02:00
znver4,simde,512,main_scan_enc,28,"and 1",0.20,22.8872,20.6426,29,29,2026-10-06T11:30:38+02:00
znver4,simde,512,main_scan_enc,28,"and 2",0.45,7.0721,12.3568,29,29,2026-10-06T11:30:38+02:00
znver4,simde,512,main_scan_enc,28,"and 2",0.45,6.3772,19.0385,29,29,2026-10-06T11:30:38+02:00
znver4,simde,512,main_scan_enc,28,"and 2",0.45,4.5139,12.5684,29,29,2026-10-06T11:30:38+02:00
znver4,simde,512,main_scan_enc,28,"and 2",0.45,8.1219,19.8458,29,29,2026-10-06T11:30:38+02:00
znver4,simde,512,main_scan_enc,28,"and 2",0.45,4.5347,12.0697,29,29,2026-10-06T11:30:38+02:00
znver4,simde,512,main_scan_enc,28,"and 3",0.58,5.3169,10.3130,29,29,2026-10-06T11:30:38+02:00
znver4,simde,512,main_scan_enc,28,"and 3",0.58,5.9434,11.3205,29,29,2026-10-06T11:30:38+02:00
znver4,simde,512,main_scan_enc,28,"and 3",0.58,6.1435,16.7595,29,29,2026-10-06T11:30:38+02:00
znver4,simde,512,main_scan_enc,28,"and 3",0.58,5.1660,11.1513,29,29,2026-10-06T11:30:38+02:00
znver4,simde,512,main_scan_enc,28,"and 3",0.58,5.2951,11.3411,29,29,2026-10-06T11:30:38+02:00
znver4,simde,512,main_scan_enc,28,"and 1",0.50,13.9597,18.1006,29,29,2026-10-06T11:30:38+02:00
znver4,simde,512,main_scan_enc,28,"and 1",0.50,12.2876,17.5782,29,29,2026-10-06T11:30:38+02:00
znver4,simde,512,main_scan_enc,28,"and 1",0.50,7.6011,9.9904,29,29,2026-10-06T11:30:38+02:00
znver4,simde,512,main_scan_enc,28,"and 1",0.50,9.4525,11.3283,29,29,2026-10-06T11:30:38+02:00
znver4,simde,512,main_scan_enc,28,"and 1",0.50,8.4073,17.1734,29,29,2026-10-06T11:30:38+02:00
znver4,simde,512,main_scan_enc,28,"and 2",0.71,7.4716,8.6576,29,29,2026-10-06T11:30:38+02:00
znver4,simde,512,main_scan_enc,28,"and 2",0.71,5.6160,17.5367,29,29,2026-10-06T11:30:38+02:00
znver4,simde,512,main_scan_enc,28,"and 2",0.71,7.3458,7.2507,29,29,2026-10-06T11:30:38+02:00
znver4,simde,512,main_scan_enc,28,"and 2",0.71,9.5249,17.8520,29,29,2026-10-06T11:30:38+02:00
znver4,simde,512,main_scan_enc,28,"and 2",0.71,9.9859,14.1613,29,29,2026-10-06T11:30:38+02:00
znver4,simde,512,main_scan_enc,28,"and 3",0.79,6.2763,12.6960,29,29,2026-10-06T11:30:38+02:00
znver4,simde,512,main_scan_enc,28,"and 3",0.79,7.7870,15.1768,29,29,2026-10-06T11:30:38+02:00
znver4,simde,512,main_scan_enc,28,"and 3",0.79,6.4103,8.7876,29,29,2026-10-06T11:30:38+02:00
znver4,simde,512,main_scan_enc,28,"and 3",0.79,6.5860,10.9125,29,29,2026-10-06T11:30:38+02:00
znver4,simde,512,main_scan_enc,28,"and 3",0.79,6.5636,10.3272,29,29,2026-10-06T11:30:38+02:00
znver4,simde,512,main_scan_enc,28,"and 1",1.00,18.6925,11.5269,29,29,2026-10-06T11:30:38+02:00
znver4,simde,512,main_scan_enc,28,"and 1",1.00,16.3800,10.6744,29,29,2026-10-06T11:30:38+02:00
znver4,simde,512,main_scan_enc,28,"and 1",1.00,14.5931,10.2895,29,29,2026-10-06T11:30:38+02:00
znver4,simde,512,main_scan_enc,28,"and 1",1.00,17.8592,15.0484,29,29,2026-10-06T11:30:38+02:00
znver4,simde,512,main_scan_enc,28,"and 1",1.00,13.9010,15.1526,29,29,2026-10-06T11:30:38+02:00
znver4,simde,512,main_scan_enc,28,"and 2",1.00,14.8475,10.0087,29,29,2026-10-06T11:30:38+02:00
znver4,simde,512,main_scan_enc,28,"and 2",1.00,15.2662,9.5454,29,29,2026-10-06T11:30:38+02:00
znver4,simde,512,main_scan_enc,28,"and 2",1.00,15.5278,14.9641,29,29,2026-10-06T11:30:38+02:00
znver4,simde,512,main_scan_enc,28,"and 2",1.00,12.7424,13.4206,29,29,2026-10-06T11:30:38+02:00
znver4,simde,512,main_scan_enc,28,"and 2",1.00,15.9449,15.7601,29,29,2026-10-06T11:30:38+02:00
znver4,simde,512,main_scan_enc,28,"and 3",1.00,9.3561,9.1255,29,29,2026-10-06T11:30:38+02:00
znver4,simde,512,main_scan_enc,28,"and 3",1.00,8.8575,12.0547,29,29,2026-10-06T11:30:38+02:00
znver4,simde,512,main_scan_enc,28,"and 3",1.00,13.3663,11.0598,29,29,2026-10-06T11:30:38+02:00
znver4,simde,512,main_scan_enc,28,"and 3",1.00,12.0716,13.4324,29,29,2026-10-06T11:30:38+02:00
znver4,simde,512,main_scan_enc,28,"and 3",1.00,13.6696,8.3624,29,29,2026-10-06T11:30:38+02:00
znver4,simde,512,main_gather,28,"gather_byte",100.00,0.390255,0.390255,29,29,2026-10-06T11:31:42+02:00
znver4,simde,512,main_gather,28,"gather_short",100.00,0.297115,0.297115,29,29,2026-10-06T11:31:42+02:00
znver4,simde,512,main_gather,28,"gather_int",100.00,0.199686,0.199686,29,29,2026-10-06T11:31:42+02:00
znver4,simde,512,main_gather,28,"gather_long",100.00,0.175217,0.175217,29,29,2026-10-06T11:31:42+02:00
znver4,simde,512,main_gather,28,"gather_char",100.00,0.046566,0.046566,29,29,2026-10-06T11:31:42+02:00
znver4,simde,512,main_gather,28,"gather_encoded",100.00,0.357171,0.357171,29,29,2026-10-06T11:31:42+02:00
znver4,simde,512,main_gather,28,"copy_encoded",100.00,9.145278,9.145278,29,29,2026-10-06T11:31:42+02:00
znver4,simde,512,main_filter,28,"filter_byte_eq",100.00,0.152593,0.152593,29,29,2026-10-06T11:34:52+02:00
znver4,simde,512,main_filter,28,"filter_byte_lt",100.00,0.150532,0.150532,29,29,2026-10-06T11:34:52+02:00
znver4,simde,512,main_filter,28,"filter_byte_gt",100.00,0.157788,0.157788,29,29,2026-10-06T11:34:52+02:00
znver4,simde,512,main_filter,28,"filter_byte_ne",100.00,0.164330,0.164330,29,29,2026-10-06T11:34:52+02:00
znver4,simde,512,main_filter,28,"filter_byte_le",100.00,0.138018,0.138018,29,29,2026-10-06T11:34:52+02:00
znver4,simde,512,main_filter,28,"filter_byte_ge",100.00,0.157516,0.157516,29,29,2026-10-06T11:34:52+02:00
znver4,simde,512,main_filter,28,"filter_short_eq",100.00,0.080009,0.080009,29,29,2026-10-06T11:34:52+02:00
znver4,simde,512,main_filter,28,"filter_short_lt",100.00,0.078554,0.078554,29,29,2026-10-06T11:34:52+02:00
znver4,simde,512,main_filter,28,"filter_short_gt",100.00,0.079824,0.079824,29,29,2026-10-06T11:34:52+02:00
znver4,simde,512,main_filter,28,"filter_short_ne",100.00,0.078842,0.078842,29,29,2026-10-06T11:34:52+02:00
znver4,simde,512,main_filter,28,"filter_short_le",100.00,0.076720,0.076720,29,29,2026-10-06T11:34:52+02:00
znver4,simde,512,main_filter,28,"filter_short_ge",100.00,0.075230,0.075230,29,29,2026-10-06T11:34:52+02:00
znver4,simde,512,main_filter,28,"filter_int_eq",100.00,0.063338,0.063338,29,29,2026-10-06T11:34:52+02:00
znver4,simde,512,main_filter,28,"filter_int_lt",100.00,0.061855,0.061855,29,29,2026-10-06T11:34:52+02:00
znver4,simde,512,main_filter,28,"filter_int_gt",100.00,0.065293,0.065293,29,29,2026-10-06T11:34:52+02:00
znver4,simde,512,main_filter,28,"filter_int_ne",100.00,0.064852,0.064852,29,29,2026-10-06T11:34:52+02:00
znver4,simde,512,main_filter,28,"filter_int_le",100.00,0.061376,0.061376,29,29,2026-10-06T11:34:52+02:00
znver4,simde,512,main_filter,28,"filter_int_ge",100.00,0.062853,0.062853,29,29,2026-10-06T11:34:52+02:00
znver4,simde,512,main_filter,28,"filter_long_eq",100.00,0.054912,0.054912,29,29,2026-10-06T11:34:52+02:00
znver4,simde,512,main_filter,28,"filter_long_lt",100.00,0.053980,0.053980,29,29,2026-10-06T11:34:52+02:00
znver4,simde,512,main_filter,28,"filter_long_gt",100.00,0.054199,0.054199,29,29,2026-10-06T11:34:52+02:00
znver4,simde,512,main_filter,28,"filter_long_ne",100.00,0.054163,0.054163,29,29,2026-10-06T11:34:52+02:00
znver4,simde,512,main_filter,28,"filter_long_le",100.00,0.053268,0.053268,29,29,2026-10-06T11:34:52+02:00
znver4,simde,512,main_filter,28,"filter_long_ge",100.00,0.053702,0.053702,29,29,2026-10-06T11:34:52+02:00
znver4,simde,512,main_filter,28,"filter_float_eq",100.00,0.062507,0.062507,29,29,2026-10-06T11:34:52+02:00
znver4,simde,512,main_filter,28,"filter_float_lt",100.00,0.060955,0.060955,29,29,2026-10-06T11:34:52+02:00
znver4,simde,512,main_filter,28,"filter_float_gt",100.00,0.063060,0.063060,29,29,2026-10-06T11:34:52+02:00
znver4,simde,512,main_filter,28,"filter_float_ne",100.00,0.061574,0.061574,29,29,2026-10-06T11:34:52+02:00
znver4,simde,512,main_filter,28,"filter_float_le",100.00,0.058740,0.058740,29,29,2026-10-06T11:34:52+02:00
znver4,simde,512,main_filter,28,"filter_float_ge",100.00,0.061814,0.061814,29,29,2026-10-06T11:34:52+02:00
znver4,simde,512,main_filter,28,"filter_double_eq",100.00,0.054518,0.054518,29,29,2026-10-06T11:34:52+02:00
znver4,simde,512,main_filter,28,"filter_double_lt",100.00,0.053736,0.053736,29,29,2026-10-06T11:34:52+02:00
znver4,simde,512,main_filter,28,"filter_double_gt",100.00,0.053445,0.053445,29,29,2026-10-06T11:34:52+02:00
znver4,simde,512,main_filter,28,"filter_double_ne",100.00,0.053721,0.053721,29,29,2026-10-06T11:34:52+02:00
znver4,simde,512,main_filter,28,"filter_double_le",100.00,0.052461,0.052461,29,29,2026-10-06T11:34:52+02:00
znver4,simde,512,main_filter,28,"filter_double_ge",100.00,0.052902,0.052902,29,29,2026-10-06T11:34:52+02:00
znver4,simde,512,main_filter,28,"filter_char_eq",100.00,0.069607,0.069607,29,29,2026-10-06T11:34:52+02:00
znver4,simde,512,main_filter,28,"filter_char_lt",100.00,0.042623,0.042623,29,29,2026-10-06T11:34:52+02:00
znver4,simde,512,main_filter,28,"filter_char_gt",100.00,0.042604,0.042604,29,29,2026-10-06T11:34:52+02:00
znver4,simde,512,main_filter,28,"filter_char_ne",100.00,0.069315,0.069315,29,29,2026-10-06T11:34:52+02:00
znver4,simde,512,main_filter,28,"filter_char_le",100.00,0.042567,0.042567,29,29,2026-10-06T11:34:52+02:00
znver4,simde,512,main_filter,28,"filter_char_ge",100.00,0.042509,0.042509,29,29,2026-10-06T11:34:52+02:00
znver4,simde,512,main_shuffle,21,"shuffle_offset",100.00,1.164780,1.164780,29,29,2026-10-06T11:35:56+02:00
znver4,simde,512,main_shuffle,21,"shuffle_byte",100.00,1.492078,1.492078,29,29,2026-10-06T11:35:56+02:00
znver4,simde,512,main_shuffle,21,"flush_byte",100.00,2501.821652,2501.821652,29,29,2026-10-06T11:35:56+02:00
znver4,simde,512,main_shuffle,21,"shuffle_short",100.00,1.076666,1.076666,29,29,2026-10-06T11:35:56+02:00
znver4,simde,512,main_shuffle,21,"flush_short",100.00,2978.486011,2978.486011,29,29,2026-10-06T11:35:56+02:00
znver4,simde,512,main_shuffle,21,"shuffle_int",100.00,0.842330,0.842330,29,29,2026-10-06T11:35:56+02:00
znver4,simde,512,main_shuffle,21,"flush_int",100.00,3410.280511,3410.280511,29,29,2026-10-06T11:35:56+02:00
znver4,simde,512,main_shuffle,21,"shuffle_long",100.00,0.582750,0.582750,29,29,2026-10-06T11:35:56+02:00
znver4,simde,512,main_shuffle,21,"flush_long",100.00,4436.539031,4436.539031,29,29,2026-10-06T11:35:56+02:00
znver4,simde,512,main_shuffle,21,"shuffle_char",100.00,0.065615,0.065615,29,29,2026-10-06T11:35:56+02:00
znver4,simde,512,main_shuffle,21,"flush_char",100.00,2971.041378,2971.041378,29,29,2026-10-06T11:35:56+02:00
znver4,simde,512,main_part,28,"int * 1 | 2^4",,9.0967,9.0967,29,29,2026-10-06T11:36:55+02:00
znver4,simde,512,main_part,28,"int * 1 | 2^4",,12.2900,12.2900,29,29,2026-10-06T11:36:55+02:00
znver4,simde,512,main_part,28,"int * 1 | 2^4",,11.7496,11.7496,29,29,2026-10-06T11:36:55+02:00
znver4,simde,512,main_part,28,"int * 1 | 2^4",,10.6790,10.6790,29,29,2026-10-06T11:36:55+02:00
znver4,simde,512,main_part,28,"int * 1 | 2^4",,8.3509,8.3509,29,29,2026-10-06T11:36:55+02:00
znver4,simde,512,main_part,28,"int * 1 | 2^5",,7.5191,7.5191,29,29,2026-10-06T11:36:55+02:00
znver4,simde,512,main_part,28,"int * 1 | 2^5",,8.9290,8.9290,29,29,2026-10-06T11:36:55+02:00
znver4,simde,512,main_part,28,"int * 1 | 2^5",,8.1945,8.1945,29,29,2026-10-06T11:36:55+02:00
znver4,simde,512,main_part,28,"int * 1 | 2^5",,10.6291,10.6291,29,29,2026-10-06T11:36:55+02:00
znver4,simde,512,main_part,28,"int * 1 | 2^5",,8.7417,8.7417,29,29,2026-10-06T11:36:55+02:00
znver4,simde,512,main_part,28,"int * 1 | 2^6",,8.7732,8.7732,29,29,2026-10-06T11:36:55+02:00
znver4,simde,512,main_part,28,"int * 1 | 2^6",,8.1357,8.1357,29,29,2026-10-06T11:36:55+02:00
znver4,simde,512,main_part,28,"int * 1 | 2^6",,6.5208,6.5208,29,29,2026-10-06T11:36:55+02:00
znver4,simde,512,main_part,28,"int * 1 | 2^6",,6.1192,6.1192,29,29,2026-10-06T11:36:55+02:00
znver4,simde,512,main_part,28,"int * 1 | 2^6",,7.5908,7.5908,29,29,2026-10-06T11:36:55+02:00
znver4,simde,512,main_part,28,"int * 1 | 2^7",,6.3598,6.3598,29,29,2026-10-06T11:36:55+02:00
znver4,simde,512,main_part,28,"int * 1 | 2^7",,10.2023,10.2023,29,29,2026-10-06T11:36:55+02:00
znver4,simde,512,main_part,28,"int * 1 | 2^7",,5.7292,5.7292,29,29,2026-10-06T11:36:55+02:00
znver4,simde,512,main_part,28,"int * 1 | 2^7",,8.7305,8.7305,29,29,2026-10-06T11:36:55+02:00
znver4,simde,512,main_part,28,"int * 1 | 2^7",,7.7529,7.7529,29,29,2026-10-06T11:36:55+02:00
znver4,simde,512,main_part,28,"int * 1 | 2^8",,5.5062,5.5062,29,29,2026-10-06T11:36:55+02:00
znver4,simde,512,main_part,28,"int * 1 | 2^8",,7.8508,7.8508,29,29,2026-10-06T11:36:55+02:00
znver4,simde,512,main_part,28,"int * 1 | 2^8",,7.1369,7.1369,29,29,2026-10-06T11:36:55+02:00
znver4,simde,512,main_part,28,"int * 1 | 2^8",,7.2550,7.2550,29,29,2026-10-06T11:36:55+02:00
znver4,simde,512,main_part,28,"int * 1 | 2^8",,7.6183,7.6183,29,29,2026-10-06T11:36:55+02:00
znver4,simde,512,main_part,28,"int * 2 | 2^4",,5.8994,5.8994,29,29,2026-10-06T11:36:55+02:00
znver4,simde,512,main_part,28,"int * 2 | 2^4",,4.4948,4.4948,29,29,2026-10-06T11:36:55+02:00
znver4,simde,512,main_part,28,"int * 2 | 2^4",,4.3033,4.3033,29,29,2026-10-06T11:36:55+02:00
znver4,simde,512,main_part,28,"int * 2 | 2^4",,5.5901,5.5901,29,29,2026-10-06T11:36:55+02:00
znver4,simde,512,main_part,28,"int * 2 | 2^4",,7.2487,7.2487,29,29,2026-10-06T11:36:55+02:00
znver4,simde,512,main_part,28,"int * 2 | 2^5",,6.8380,6.8380,29,29,2026-10-06T11:36:55+02:00
znver4,simde,512,main_part,28,"int * 2 | 2^5",,6.3213,6.3213,29,29,2026-10-06T11:36:55+02:00
znver4,simde,512,main_part,28,"int * 2 | 2^5",,4.5466,4.5466,29,29,2026-10-06T11:36:55+02:00
znver4,simde,512,main_part,28,"int * 2 | 2^5",,5.1192,5.1192,29,29,2026-10-06T11:36:55+02:00
znver4,simde,512,main_part,28,"int * 2 | 2^5",,6.9102,6.9102,29,29,2026-10-06T11:36:55+02:00
znver4,simde,512,main_part,28,"int * 2 | 2^6",,6.1406,6.1406,29,29,2026-10-06T11:36:55+02:00
znver4,simde,512,main_part,28,"int * 2 | 2^6",,6.5857,6.5857,29,29,2026-10-06T11:36:55+02:00
znver4,simde,512,main_part,28,"int * 2 | 2^6",,6.0249,6.0249,29,29,2026-10-06T11:36:55+02:00
znver4,simde,512,main_part,28,"int * 2 | 2^6",,6.6377,6.6377,29,29,2026-10-06T11:36:55+02:00
znver4,simde,512,main_part,28,"int * 2 | 2^6",,5.1893,5.1893,29,29,2026-10-06T11:36:55+02:00
znver4,simde,512,main_part,28,"int * 2 | 2^7",,6.0588,6.0588,29,29,2026-10-06T11:36:55+02:00
znver4,simde,512,main_part,28,"int * 2 | 2^7",,8.1811,8.1811,29,29,2026-10-06T11:36:55+02:00
znver4,simde,512,main_part,28,"int * 2 | 2^7",,5.9036,5.9036,29,29,2026-10-06T11:36:55+02:00
znver4,simde,512,main_part,28,"int * 2 | 2^7",,5.3203,5.3203,29,29,2026-10-06T11:36:55+02:00
znver4,simde,512,main_part,28,"int * 2 | 2^7",,6.0297,6.0297,29,29,2026-10-06T11:36:55+02:00
znver4,simde,512,main_part,28,"int * 2 | 2^8",,5.8756,5.8756,29,29,2026-10-06T11:36:55+02:00
znver4,simde,512,main_part,28,"int * 2 | 2^8",,6.2776,6.2776,29,29,2026-10-06T11:36:55+02:00
znver4,simde,512,main_part,28,"int * 2 | 2^8",,6.2292,6.2292,29,29,2026-10-06T11:36:55+02:00
znver4,simde,512,main_part,28,"int * 2 | 2^8",,6.2539,6.2539,29,29,2026-10-06T11:36:55+02:00
znver4,simde,512,main_part,28,"int * 2 | 2^8",,4.7319,4.7319,29,29,2026-10-06T11:36:55+02:00
znver4,simde,512,main_part,28,"int * 3 | 2^4",,5.5035,5.5035,29,29,2026-10-06T11:36:55+02:00
znver4,simde,512,main_part,28,"int * 3 | 2^4",,4.3000,4.3000,29,29,2026-10-06T11:36:55+02:00
znver4,simde,512,main_part,28,"int * 3 | 2^4",,5.3136,5.3136,29,29,2026-10-06T11:36:55+02:00
znver4,simde,512,main_part,28,"int * 3 | 2^4",,5.3621,5.3621,29,29,2026-10-06T11:36:55+02:00
znver4,simde,512,main_part,28,"int * 3 | 2^4",,5.3150,5.3150,29,29,2026-10-06T11:36:55+02:00
znver4,simde,512,main_part,28,"int * 3 | 2^5",,5.5900,5.5900,29,29,2026-10-06T11:36:55+02:00
znver4,simde,512,main_part,28,"int * 3 | 2^5",,4.9439,4.9439,29,29,2026-10-06T11:36:55+02:00
znver4,simde,512,main_part,28,"int * 3 | 2^5",,5.6837,5.6837,29,29,2026-10-06T11:36:55+02:00
znver4,simde,512,main_part,28,"int * 3 | 2^5",,5.4178,5.4178,29,29,2026-10-06T11:36:55+02:00
znver4,simde,512,main_part,28,"int * 3 | 2^5",,4.6983,4.6983,29,29,2026-10-06T11:36:55+02:00
znver4,simde,512,main_part,28,"int * 3 | 2^6",,5.2292,5.2292,29,29,2026-10-06T11:36:55+02:00
znver4,simde,512,main_part,28,"int * 3 | 2^6",,5.3500,5.3500,29,29,2026-10-06T11:36:55+02:00
znver4,simde,512,main_part,28,"int * 3 | 2^6",,3.7362,3.7362,29,29,2026-10-06T11:36:55+02:00
znver4,simde,512,main_part,28,"int * 3 | 2^6",,5.3966,5.3966,29,29,2026-10-06T11:36:55+02:00
znver4,simde,512,main_part,28,"int * 3 | 2^6",,5.3318,5.3318,29,29,2026-10-06T11:36:55+02:00
znver4,simde,512,main_part,28,"int * 3 | 2^7",,4.6160,4.6160,29,29,2026-10-06T11:36:55+02:00
znver4,simde,512,main_part,28,"int * 3 | 2^7",,4.9804,4.9804,29,29,2026-10-06T11:36:55+02:00
znver4,simde,512,main_part,28,"int * 3 | 2^7",,4.8434,4.8434,29,29,2026-10-06T11:36:55+02:00
znver4,simde,512,main_part,28,"int * 3 | 2^7",,5.5488,5.5488,29,29,2026-10-06T11:36:55+02:00
znver4,simde,512,main_part,28,"int * 3 | 2^7",,5.1743,5.1743,29,29,2026-10-06T11:36:55+02:00
znver4,simde,512,main_part,28,"int * 3 | 2^8",,4.9095,4.9095,29,29,2026-10-06T11:36:55+02:00
znver4,simde,512,main_part,28,"int * 3 | 2^8",,4.9223,4.9223,29,29,2026-10-06T11:36:55+02:00
znver4,simde,512,main_part,28,"int * 3 | 2^8",,5.2632,5.2632,29,29,2026-10-06T11:36:55+02:00
znver4,simde,512,main_part,28,"int * 3 | 2^8",,5.0467,5.0467,29,29,2026-10-06T11:36:55+02:00
znver4,simde,512,main_part,28,"int * 3 | 2^8",,4.9222,4.9222,29,29,2026-10-06T11:36:55+02:00
znver4,simde,512,main_scan_int,29,"and 1",0.00,43.8850,58.3681,30,30,2026-10-06T11:37:06+02:00
znver4,simde,512,main_scan_int,29,"and 1",0.00,49.8756,35.8167,30,30,2026-10-06T11:37:06+02:00
znver4,simde,512,main_scan_int,29,"and 1",0.00,46.0758,34.2584,30,30,2026-10-06T11:37:06+02:00
znver4,simde,512,main_scan_int,29,"and 1",0.00,50.8941,68.9146,30,30,2026-10-06T11:37:06+02:00
znver4,simde,512,main_scan_int,29,"and 1",0.00,45.9245,18.2874,30,30,2026-10-06T11:37:06+02:00
znver4,simde,512,main_scan_int,29,"and 2",0.03,19.2711,18.7693,30,30,2026-10-06T11:37:06+02:00
znver4,simde,512,main_scan_int,29,"and 2",0.03,19.5473,30.2824,30,30,2026-10-06T11:37:06+02:00
znver4,simde,512,main_scan_int,29,"and 2",0.03,19.7965,25.4124,30,30,2026-10-06T11:37:06+02:00
znver4,simde,512,main_scan_int,29,"and 2",0.03,14.8649,33.9851,30,30,2026-10-06T11:37:06+02:00
znver4,simde,512,main_scan_int,29,"and 2",0.03,22.8276,33.6518,30,30,2026-10-06T11:37:06+02:00
znver4,simde,512,main_scan_int,29,"and 3",0.10,7.0078,24.8643,30,30,2026-10-06T11:37:06+02:00
znver4,simde,512,main_scan_int,29,"and 3",0.10,19.0462,11.9696,30,30,2026-10-06T11:37:06+02:00
znver4,simde,512,main_scan_int,29,"and 3",0.10,16.1921,22.1384,30,30,2026-10-06T11:37:06+02:00
znver4,simde,512,main_scan_int,29,"and 3",0.10,17.0549,24.1932,30,30,2026-10-06T11:37:06+02:00
znver4,simde,512,main_scan_int,29,"and 3",0.10,16.0762,23.0818,30,30,2026-10-06T11:37:06+02:00
znver4,simde,512,main_scan_int,29,"and 1",0.00,38.9898,52.8604,30,30,2026-10-06T11:37:06+02:00
znver4,simde,512,main_scan_int,29,"and 1",0.00,48.9835,23.4569,30,30,2026-10-06T11:37:06+02:00
znver4,simde,512,main_scan_int,29,"and 1",0.00,39.6610,58.9136,30,30,2026-10-06T11:37:06+02:00
znver4,simde,512,main_scan_int,29,"and 1",0.00,41.6816,66.5660,30,30,2026-10-06T11:37:06+02:00
znver4,simde,512,main_scan_int,29,"and 1",0.00,16.6416,45.3175,30,30,2026-10-06T11:37:06+02:00
znver4,simde,512,main_scan_int,29,"and 2",0.04,22.9197,30.3345,30,30,2026-10-06T11:37:06+02:00
znver4,simde,512,main_scan_int,29,"and 2",0.04,23.0913,30.5650,30,30,2026-10-06T11:37:06+02:00
znver4,simde,512,main_scan_int,29,"and 2",0.04,24.2463,30.8656,30,30,2026-10-06T11:37:06+02:00
znver4,simde,512,main_scan_int,29,"and 2",0.04,19.5780,28.4383,30,30,2026-10-06T11:37:06+02:00
znver4,simde,512,main_scan_int,29,"and 2",0.04,20.2478,16.6568,30,30,2026-10-06T11:37:06+02:00
znver4,simde,512,main_scan_int,29,"and 3",0.13,18.1064,21.9623,30,30,2026-10-06T11:37:06+02:00
znver4,simde,512,main_scan_int,29,"and 3",0.13,12.6106,23.5802,30,30,2026-10-06T11:37:06+02:00
znver4,simde,512,main_scan_int,29,"and 3",0.13,11.2874,14.4234,30,30,2026-10-06T11:37:06+02:00
znver4,simde,512,main_scan_int,29,"and 3",0.13,16.6987,14.6356,30,30,2026-10-06T11:37:06+02:00
znver4,simde,512,main_scan_int,29,"and 3",0.13,15.9129,20.6657,30,30,2026-10-06T11:37:06+02:00
znver4,simde,512,main_scan_int,29,"and 1",0.01,30.8504,34.3409,30,30,2026-10-06T11:37:06+02:00
znver4,simde,512,main_scan_int,29,"and 1",0.01,12.3910,49.7782,30,30,2026-10-06T11:37:06+02:00
znver4,simde,512,main_scan_int,29,"and 1",0.01,12.5853,52.6435,30,30,2026-10-06T11:37:06+02:00
znver4,simde,512,main_scan_int,29,"and 1",0.01,35.9495,30.3973,30,30,2026-10-06T11:37:06+02:00
znver4,simde,512,main_scan_int,29,"and 1",0.01,36.6373,41.9217,30,30,2026-10-06T11:37:06+02:00
znver4,simde,512,main_scan_int,29,"and 2",0.07,13.6552,14.2001,30,30,2026-10-06T11:37:06+02:00
znver4,simde,512,main_scan_int,29,"and 2",0.07,15.9804,25.8751,30,30,2026-10-06T11:37:06+02:00
znver4,simde,512,main_scan_int,29,"and 2",0.07,20.5231,24.1974,30,30,2026-10-06T11:37:06+02:00
znver4,simde,512,main_scan_int,29,"and 2",0.07,18.2156,26.1447,30,30,2026-10-06T11:37:06+02:00
znver4,simde,512,main_scan_int,29,"and 2",0.07,19.2765,8.0123,30,30,2026-10-06T11:37:06+02:00
znver4,simde,512,main_scan_int,29,"and 3",0.17,11.2432,12.3118,30,30,2026-10-06T11:37:06+02:00
znver4,simde,512,main_scan_int,29,"and 3",0.17,11.0339,13.5646,30,30,2026-10-06T11:37:06+02:00
znver4,simde,512,main_scan_int,29,"and 3",0.17,12.1390,12.9260,30,30,2026-10-06T11:37:06+02:00
znver4,simde,512,main_scan_int,29,"and 3",0.17,12.9081,19.5164,30,30,2026-10-06T11:37:06+02:00
znver4,simde,512,main_scan_int,29,"and 3",0.17,12.2963,18.3816,30,30,2026-10-06T11:37:06+02:00
znver4,simde,512,main_scan_int,29,"and 1",0.01,24.9515,32.9942,30,30,2026-10-06T11:37:06+02:00
znver4,simde,512,main_scan_int,29,"and 1",0.01,27.5646,41.0644,30,30,2026-10-06T11:37:06+02:00
znver4,simde,512,main_scan_int,29,"and 1",0.01,25.8339,42.9159,30,30,2026-10-06T11:37:06+02:00
znver4,simde,512,main_scan_int,29,"and 1",0.01,32.0602,23.3159,30,30,2026-10-06T11:37:06+02:00
znver4,simde,512,main_scan_int,29,"and 1",0.01,28.4543,43.5262,30,30,2026-10-06T11:37:06+02:00
znver4,simde,512,main_scan_int,29,"and 2",0.10,15.0163,23.0429,30,30,2026-10-06T11:37:06+02:00
znver4,simde,512,main_scan_int,29,"and 2",0.10,19.0457,23.4699,30,30,2026-10-06T11:37:06+02:00
znver4,simde,512,main_scan_int,29,"and 2",0.10,20.4951,21.6171,30,30,2026-10-06T11:37:06+02:00
znver4,simde,512,main_scan_int,29,"and 2",0.10,15.7315,22.6683,30,30,2026-10-06T11:37:06+02:00
znver4,simde,512,main_scan_int,29,"and 2",0.10,15.9474,26.7331,30,30,2026-10-06T11:37:06+02:00
znver4,simde,512,main_scan_int,29,"and 3",0.22,10.6718,15.6884,30,30,2026-10-06T11:37:06+02:00
znver4,simde,512,main_scan_int,29,"and 3",0.22,10.3874,15.7035,30,30,2026-10-06T11:37:06+02:00
znver4,simde,512,main_scan_int,29,"and 3",0.22,11.9806,16.3188,30,30,2026-10-06T11:37:06+02:00
znver4,simde,512,main_scan_int,29,"and 3",0.22,10.3535,14.0437,30,30,2026-10-06T11:37:06+02:00
znver4,simde,512,main_scan_int,29,"and 3",0.22,11.6074,17.6336,30,30,2026-10-06T11:37:06+02:00
znver4,simde,512,main_scan_int,29,"and 1",0.02,24.7286,30.0906,30,30,2026-10-06T11:37:06+02:00
znver4,simde,512,main_scan_int,29,"and 1",0.02,23.4395,31.0971,30,30,2026-10-06T11:37:06+02:00
znver4,simde,512,main_scan_int,29,"and 1",0.02,22.9184,29.3715,30,30,2026-10-06T11:37:06+02:00
znver4,simde,512,main_scan_int,29,"and 1",0.02,24.3353,38.2625,30,30,2026-10-06T11:37:06+02:00
znver4,simde,512,main_scan_int,29,"and 1",0.02,25.2910,31.3211,30,30,2026-10-06T11:37:06+02:00
znver4,simde,512,main_scan_int,29,"and 2",0.14,19.2367,20.4173,30,30,2026-10-06T11:37:06+02:00
znver4,simde,512,main_scan_int,29,"and 2",0.14,14.1548,18.8613,30,30,2026-10-06T11:37:06+02:00
znver4,simde,512,main_scan_int,29,"and 2",0.14,13.9749,22.8270,30,30,2026-10-06T11:37:06+02:00
znver4,simde,512,main_scan_int,29,"and 2",0.14,18.2307,14.3314,30,30,2026-10-06T11:37:06+02:00
znver4,simde,512,main_scan_int,29,"and 2",0.14,11.8406,16.3242,30,30,2026-10-06T11:37:06+02:00
znver4,simde,512,main_scan_int,29,"and 3",0.27,10.1157,14.9069,30,30,2026-10-06T11:37:06+02:00
znver4,simde,512,main_scan_int,29,"and 3",0.27,12.4874,10.6245,30,30,2026-10-06T11:37:06+02:00
znver4,simde,512,main_scan_int,29,"and 3",0.27,9.4282,15.2327,30,30,2026-10-06T11:37:06+02:00
znver4,simde,512,main_scan_int,29,"and 3",0.27,5.9900,10.9951,30,30,2026-10-06T11:37:06+02:00
znver4,simde,512,main_scan_int,29,"and 3",0.27,10.2723,11.3612,30,30,2026-10-06T11:37:06+02:00
znver4,simde,512,main_scan_int,29,"and 1",0.05,11.1816,10.3374,30,30,2026-10-06T11:37:06+02:00
znver4,simde,512,main_scan_int,29,"and 1",0.05,14.5915,14.3872,30,30,2026-10-06T11:37:06+02:00
znver4,simde,512,main_scan_int,29,"and 1",0.05,24.3287,17.2886,30,30,2026-10-06T11:37:06+02:00
znver4,simde,512,main_scan_int,29,"and 1",0.05,26.1332,17.0356,30,30,2026-10-06T11:37:06+02:00
znver4,simde,512,main_scan_int,29,"and 1",0.05,24.4789,22.3440,30,30,2026-10-06T11:37:06+02:00
znver4,simde,512,main_scan_int,29,"and 2",0.22,10.9187,14.5433,30,30,2026-10-06T11:37:06+02:00
znver4,simde,512,main_scan_int,29,"and 2",0.22,16.5714,15.4295,30,30,2026-10-06T11:37:06+02:00
znver4,simde,512,main_scan_int,29,"and 2",0.22,11.8654,10.5539,30,30,2026-10-06T11:37:06+02:00
znver4,simde,512,main_scan_int,29,"and 2",0.22,12.1402,14.5728,30,30,2026-10-06T11:37:06+02:00
znver4,simde,512,main_scan_int,29,"and 2",0.22,11.8304,14.5906,30,30,2026-10-06T11:37:06+02:00
znver4,simde,512,main_scan_int,29,"and 3",0.37,5.2887,13.8325,30,30,2026-10-06T11:37:06+02:00
znver4,simde,512,main_scan_int,29,"and 3",0.37,10.2942,9.6790,30,30,2026-10-06T11:37:06+02:00
znver4,simde,512,main_scan_int,29,"and 3",0.37,8.0105,10.9090,30,30,2026-10-06T11:37:06+02:00
znver4,simde,512,main_scan_int,29,"and 3",0.37,5.9890,13.6745,30,30,2026-10-06T11:37:06+02:00
znver4,simde,512,main_scan_int,29,"and 3",0.37,8.5892,10.9706,30,30,2026-10-06T11:37:06+02:00
znver4,simde,512,main_scan_int,29,"and 1",0.10,26.7411,15.9189,30,30,2026-10-06T11:37:06+02:00
znver4,simde,512,main_scan_int,29,"and 1",0.10,12.9134,15.7759,30,30,2026-10-06T11:37:06+02:00
znver4,simde,512,main_scan_int,29,"and 1",0.10,20.7794,19.8548,30,30,2026-10-06T11:37:06+02:00
znver4,simde,512,main_scan_int,29,"and 1",0.10,26.4112,12.3016,30,30,2026-10-06T11:37:06+02:00
znver4,simde,512,main_scan_int,29,"and 1",0.10,11.7650,11.7933,30,30,2026-10-06T11:37:06+02:00
znver4,simde,512,main_scan_int,29,"and 2",0.32,8.2104,11.2390,30,30,2026-10-06T11:37:06+02:00
znver4,simde,512,main_scan_int,29,"and 2",0.32,10.6477,12.9209,30,30,2026-10-06T11:37:06+02:00
znver4,simde,512,main_scan_int,29,"and 2",0.32,9.1591,17.5558,30,30,2026-10-06T11:37:06+02:00
znver4,simde,512,main_scan_int,29,"and 2",0.32,11.2375,11.4292,30,30,2026-10-06T11:37:06+02:00
znver4,simde,512,main_scan_int,29,"and 2",0.32,10.1996,13.8978,30,30,2026-10-06T11:37:06+02:00
znver4,simde,512,main_scan_int,29,"and 3",0.46,6.1326,9.3554,30,30,2026-10-06T11:37:06+02:00
znver4,simde,512,main_scan_int,29,"and 3",0.46,8.4444,9.9973,30,30,2026-10-06T11:37:06+02:00
znver4,simde,512,main_scan_int,29,"and 3",0.46,7.2505,12.0047,30,30,2026-10-06T11:37:06+02:00
znver4,simde,512,main_scan_int,29,"and 3",0.46,7.0687,9.4036,30,30,2026-10-06T11:37:06+02:00
znver4,simde,512,main_scan_int,29,"and 3",0.46,8.0875,7.9885,30,30,2026-10-06T11:37:06+02:00
znver4,simde,512,main_scan_int,29,"and 1",0.20,14.4759,13.1333,30,30,2026-10-06T11:37:06+02:00
znver4,simde,512,main_scan_int,29,"and 1",0.20,15.7622,15.1128,30,30,2026-10-06T11:37:06+02:00
znver4,simde,512,main_scan_int,29,"and 1",0.20,15.6209,13.2474,30,30,2026-10-06T11:37:06+02:00
znver4,simde,512,main_scan_int,29,"and 1",0.20,11.7675,13.1444,30,30,2026-10-06T11:37:06+02:00
znver4,simde,512,main_scan_int,29,"and 1",0.20,15.4098,11.5006,30,30,2026-10-06T11:37:06+02:00
znver4,simde,512,main_scan_int,29,"and 2",0.45,6.2554,10.9073,30,30,2026-10-06T11:37:06+02:00
znver4,simde,512,main_scan_int,29,"and 2",0.45,8.8927,14.5860,30,30,2026-10-06T11:37:06+02:00
znver4,simde,512,main_scan_int,29,"and 2",0.45,7.0860,10.7821,30,30,2026-10-06T11:37:06+02:00
znver4,simde,512,main_scan_int,29,"and 2",0.45,8.8626,10.5092,30,30,2026-10-06T11:37:06+02:00
znver4,simde,512,main_scan_int,29,"and 2",0.45,7.5924,9.0097,30,30,2026-10-06T11:37:06+02:00
znver4,simde,512,main_scan_int,29,"and 3",0.58,5.8679,7.8802,30,30,2026-10-06T11:37:06+02:00
znver4,simde,512,main_scan_int,29,"and 3",0.58,6.4540,9.2105,30,30,2026-10-06T11:37:06+02:00
znver4,simde,512,main_scan_int,29,"and 3",0.58,4.5551,11.9733,30,30,2026-10-06T11:37:06+02:00
znver4,simde,512,main_scan_int,29,"and 3",0.58,5.6985,10.1165,30,30,2026-10-06T11:37:06+02:00
znver4,simde,512,main_scan_int,29,"and 3",0.58,6.0153,9.6683,30,30,2026-10-06T11:37:06+02:00
znver4,simde,512,main_scan_int,29,"and 1",0.50,16.6526,14.4202,30,30,2026-10-06T11:37:06+02:00
znver4,simde,512,main_scan_int,29,"and 1",0.50,12.3983,11.7902,30,30,2026-10-06T11:37:06+02:00
znver4,simde,512,main_scan_int,29,"and 1",0.50,10.1618,19.0238,30,30,2026-10-06T11:37:06+02:00
znver4,simde,512,main_scan_int,29,"and 1",0.50,16.3362,9.5169,30,30,2026-10-06T11:37:06+02:00
znver4,simde,512,main_scan_int,29,"and 1",0.50,11.2481,13.4637,30,30,2026-10-06T11:37:06+02:00
znver4,simde,512,main_scan_int,29,"and 2",0.71,8.5715,13.8559,30,30,2026-10-06T11:37:06+02:00
znver4,simde,512,main_scan_int,29,"and 2",0.71,12.2573,9.3588,30,30,2026-10-06T11:37:06+02:00
znver4,simde,512,main_scan_int,29,"and 2",0.71,10.6314,10.3815,30,30,2026-10-06T11:37:06+02:00
znver4,simde,512,main_scan_int,29,"and 2",0.71,8.6864,15.0117,30,30,2026-10-06T11:37:06+02:00
znver4,simde,512,main_scan_int,29,"and 2",0.71,11.5800,11.1277,30,30,2026-10-06T11:37:06+02:00
znver4,simde,512,main_scan_int,29,"and 3",0.79,5.0847,9.4298,30,30,2026-10-06T11:37:06+02:00
znver4,simde,512,main_scan_int,29,"and 3",0.79,8.6626,11.6061,30,30,2026-10-06T11:37:06+02:00
znver4,simde,512,main_scan_int,29,"and 3",0.79,7.0801,9.5136,30,30,2026-10-06T11:37:06+02:00
znver4,simde,512,main_scan_int,29,"and 3",0.79,8.2058,7.9608,30,30,2026-10-06T11:37:06+02:00
znver4,simde,512,main_scan_int,29,"and 3",0.79,7.0422,10.9085,30,30,2026-10-06T11:37:06+02:00
znver4,simde,512,main_scan_int,29,"and 1",1.00,15.8761,19.3909,30,30,2026-10-06T11:37:06+02:00
znver4,simde,512,main_scan_int,29,"and 1",1.00,11.0595,18.9816,30,30,2026-10-06T11:37:06+02:00
znver4,simde,512,main_scan_int,29,"and 1",1.00,14.6064,14.7071,30,30,2026-10-06T11:37:06+02:00
znver4,simde,512,main_scan_int,29,"and 1",1.00,14.6335,11.6450,30,30,2026-10-06T11:37:06+02:00
znver4,simde,512,main_scan_int,29,"and 1",1.00,15.1901,15.4788,30,30,2026-10-06T11:37:06+02:00
znver4,simde,512,main_scan_int,29,"and 2",1.00,12.0368,13.8926,30,30,2026-10-06T11:37:06+02:00
znver4,simde,512,main_scan_int,29,"and 2",1.00,11.5821,14.5958,30,30,2026-10-06T11:37:06+02:00
znver4,simde,512,main_scan_int,29,"and 2",1.00,11.0321,14.5122,30,30,2026-10-06T11:37:06+02:00
znver4,simde,512,main_scan_int,29,"and 2",1.00,11.8195,11.5271,30,30,2026-10-06T11:37:06+02:00
znver4,simde,512,main_scan_int,29,"and 2",1.00,11.6906,15.0394,30,30,2026-10-06T11:37:06+02:00
znver4,simde,512,main_scan_int,29,"and 3",1.00,9.6605,8.0826,30,30,2026-10-06T11:37:06+02:00
znver4,simde,512,main_scan_int,29,"and 3",1.00,9.9353,11.6584,30,30,2026-10-06T11:37:06+02:00
znver4,simde,512,main_scan_int,29,"and 3",1.00,10.0785,9.8711,30,30,2026-10-06T11:37:06+02:00
znver4,simde,512,main_scan_int,29,"and 3",1.00,9.9129,6.0246,30,30,2026-10-06T11:37:06+02:00
znver4,simde,512,main_scan_int,29,"and 3",1.00,9.5653,11.5706,30,30,2026-10-06T11:37:06+02:00
znver4,simde,512,main_scan_enc,29,"and 1",0.00,46.6628,16.8481,30,30,2026-10-06T11:37:23+02:00
znver4,simde,512,main_scan_enc,29,"and 1",0.00,8.9631,12.8855,30,30,2026-10-06T11:37:23+02:00
znver4,simde,512,main_scan_enc,29,"and 1",0.00,63.9828,13.3992,30,30,2026-10-06T11:37:23+02:00
znver4,simde,512,main_scan_enc,29,"and 1",0.00,64.2769,62.2998,30,30,2026-10-06T11:37:23+02:00
znver4,simde,512,main_scan_enc,29,"and 1",0.00,63.9509,18.5373,30,30,2026-10-06T11:37:23+02:00
znver4,simde,512,main_scan_enc,29,"and 2",0.03,16.3435,68.6927,30,30,2026-10-06T11:37:23+02:00
znver4,simde,512,main_scan_enc,29,"and 2",0.03,42.7341,14.5312,30,30,2026-10-06T11:37:23+02:00
znver4,simde,512,main_scan_enc,29,"and 2",0.03,26.1611,80.5884,30,30,2026-10-06T11:37:23+02:00
znver4,simde,512,main_scan_enc,29,"and 2",0.03,26.5958,76.9870,30,30,2026-10-06T11:37:23+02:00
znver4,simde,512,main_scan_enc,29,"and 2",0.03,27.0184,82.1789,30,30,2026-10-06T11:37:23+02:00
znver4,simde,512,main_scan_enc,29,"and 3",0.10,17.3731,23.3102,30,30,2026-10-06T11:37:23+02:00
znver4,simde,512,main_scan_enc,29,"and 3",0.10,15.0408,41.2534,30,30,2026-10-06T11:37:23+02:00
znver4,simde,512,main_scan_enc,29,"and 3",0.10,21.4466,54.0057,30,30,2026-10-06T11:37:23+02:00
znver4,simde,512,main_scan_enc,29,"and 3",0.10,21.6173,57.0038,30,30,2026-10-06T11:37:23+02:00
znver4,simde,512,main_scan_enc,29,"and 3",0.10,16.6825,41.7136,30,30,2026-10-06T11:37:23+02:00
znver4,simde,512,main_scan_enc,29,"and 1",0.00,26.7217,167.0330,30,30,2026-10-06T11:37:23+02:00
znver4,simde,512,main_scan_enc,29,"and 1",0.00,46.2208,23.4880,30,30,2026-10-06T11:37:23+02:00
znver4,simde,512,main_scan_enc,29,"and 1",0.00,34.7260,23.0524,30,30,2026-10-06T11:37:23+02:00
znver4,simde,512,main_scan_enc,29,"and 1",0.00,36.1919,133.0435,30,30,2026-10-06T11:37:23+02:00
znver4,simde,512,main_scan_enc,29,"and 1",0.00,21.3034,44.9491,30,30,2026-10-06T11:37:23+02:00
znver4,simde,512,main_scan_enc,29,"and 2",0.04,21.3044,11.9271,30,30,2026-10-06T11:37:23+02:00
znver4,simde,512,main_scan_enc,29,"and 2",0.04,23.2874,54.3065,30,30,2026-10-06T11:37:23+02:00
znver4,simde,512,main_scan_enc,29,"and 2",0.04,32.3134,11.9440,30,30,2026-10-06T11:37:23+02:00
znver4,simde,512,main_scan_enc,29,"and 2",0.04,22.0628,66.5536,30,30,2026-10-06T11:37:23+02:00
znver4,simde,512,main_scan_enc,29,"and 2",0.04,23.1957,53.0716,30,30,2026-10-06T11:37:23+02:00
znver4,simde,512,main_scan_enc,29,"and 3",0.13,11.7707,38.2390,30,30,2026-10-06T11:37:23+02:00
znver4,simde,512,main_scan_enc,29,"and 3",0.13,11.9698,17.1193,30,30,2026-10-06T11:37:23+02:00
znver4,simde,512,main_scan_enc,29,"and 3",0.13,18.5435,20.5786,30,30,2026-10-06T11:37:23+02:00
znver4,simde,512,main_scan_enc,29,"and 3",0.13,12.3107,43.8307,30,30,2026-10-06T11:37:23+02:00
znver4,simde,512,main_scan_enc,29,"and 3",0.13,20.6249,32.2133,30,30,2026-10-06T11:37:23+02:00
znver4,simde,512,main_scan_enc,29,"and 1",0.01,11.6881,84.4690,30,30,2026-10-06T11:37:23+02:00
znver4,simde,512,main_scan_enc,29,"and 1",0.01,25.3594,39.9953,30,30,2026-10-06T11:37:23+02:00
znver4,simde,512,main_scan_enc,29,"and 1",0.01,10.8450,34.5415,30,30,2026-10-06T11:37:23+02:00
znver4,simde,512,main_scan_enc,29,"and 1",0.01,13.2312,103.7047,30,30,2026-10-06T11:37:23+02:00
znver4,simde,512,main_scan_enc,29,"and 1",0.01,39.5536,137.1625,30,30,2026-10-06T11:37:23+02:00
znver4,simde,512,main_scan_enc,29,"and 2",0.07,15.7281,45.4942,30,30,2026-10-06T11:37:23+02:00
znver4,simde,512,main_scan_enc,29,"and 2",0.07,27.2981,87.2562,30,30,2026-10-06T11:37:23+02:00
znver4,simde,512,main_scan_enc,29,"and 2",0.07,17.6822,93.9684,30,30,2026-10-06T11:37:23+02:00
znver4,simde,512,main_scan_enc,29,"and 2",0.07,27.8973,89.8521,30,30,2026-10-06T11:37:23+02:00
znver4,simde,512,main_scan_enc,29,"and 2",0.07,15.5727,61.7580,30,30,2026-10-06T11:37:23+02:00
znver4,simde,512,main_scan_enc,29,"and 3",0.17,10.1331,32.9037,30,30,2026-10-06T11:37:23+02:00
znver4,simde,512,main_scan_enc,29,"and 3",0.17,17.4928,41.2869,30,30,2026-10-06T11:37:23+02:00
znver4,simde,512,main_scan_enc,29,"and 3",0.17,17.8885,31.5746,30,30,2026-10-06T11:37:23+02:00
znver4,simde,512,main_scan_enc,29,"and 3",0.17,17.9784,42.8195,30,30,2026-10-06T11:37:23+02:00
znver4,simde,512,main_scan_enc,29,"and 3",0.17,15.2483,42.8544,30,30,2026-10-06T11:37:23+02:00
znver4,simde,512,main_scan_enc,29,"and 1",0.01,26.3457,19.4868,30,30,2026-10-06T11:37:23+02:00
znver4,simde,512,main_scan_enc,29,"and 1",0.01,29.0257,98.2766,30,30,2026-10-06T11:37:23+02:00
znver4,simde,512,main_scan_enc,29,"and 1",0.01,25.5787,13.4311,30,30,2026-10-06T11:37:23+02:00
znver4,simde,512,main_scan_enc,29,"and 1",0.01,39.1454,75.0033,30,30,2026-10-06T11:37:23+02:00
znver4,simde,512,main_scan_enc,29,"and 1",0.01,24.6775,111.0174,30,30,2026-10-06T11:37:23+02:00
znver4,simde,512,main_scan_enc,29,"and 2",0.10,11.9739,57.5884,30,30,2026-10-06T11:37:23+02:00
znver4,simde,512,main_scan_enc,29,"and 2",0.10,16.7063,55.4563,30,30,2026-10-06T11:37:23+02:00
znver4,simde,512,main_scan_enc,29,"and 2",0.10,16.9168,65.2608,30,30,2026-10-06T11:37:23+02:00
znver4,simde,512,main_scan_enc,29,"and 2",0.10,6.1277,16.3391,30,30,2026-10-06T11:37:23+02:00
znver4,simde,512,main_scan_enc,29,"and 2",0.10,20.7442,23.7405,30,30,2026-10-06T11:37:23+02:00
znver4,simde,512,main_scan_enc,29,"and 3",0.22,7.7782,27.8381,30,30,2026-10-06T11:37:23+02:00
znver4,simde,512,main_scan_enc,29,"and 3",0.22,10.9194,17.5835,30,30,2026-10-06T11:37:23+02:00
znver4,simde,512,main_scan_enc,29,"and 3",0.22,8.0614,34.2834,30,30,2026-10-06T11:37:23+02:00
znver4,simde,512,main_scan_enc,29,"and 3",0.22,7.9899,28.3355,30,30,2026-10-06T11:37:23+02:00
znver4,simde,512,main_scan_enc,29,"and 3",0.22,13.5997,33.6557,30,30,2026-10-06T11:37:23+02:00
znver4,simde,512,main_scan_enc,29,"and 1",0.02,26.4264,58.9532,30,30,2026-10-06T11:37:23+02:00
znver4,simde,512,main_scan_enc,29,"and 1",0.02,27.7118,55.6852,30,30,2026-10-06T11:37:23+02:00
znver4,simde,512,main_scan_enc,29,"and 1",0.02,23.4686,30.0828,30,30,2026-10-06T11:37:23+02:00
znver4,simde,512,main_scan_enc,29,"and 1",0.02,24.7103,34.7306,30,30,2026-10-06T11:37:23+02:00
znver4,simde,512,main_scan_enc,29,"and 1",0.02,14.7853,60.6285,30,30,2026-10-06T11:37:23+02:00
znver4,simde,512,main_scan_enc,29,"and 2",0.14,10.9768,44.6480,30,30,2026-10-06T11:37:23+02:00
znver4,simde,512,main_scan_enc,29,"and 2",0.14,19.3815,17.9707,30,30,2026-10-06T11:37:23+02:00
znver4,simde,512,main_scan_enc,29,"and 2",0.14,11.3765,48.5425,30,30,2026-10-06T11:37:23+02:00
znver4,simde,512,main_scan_enc,29,"and 2",0.14,18.8060,30.2872,30,30,2026-10-06T11:37:23+02:00
znver4,simde,512,main_scan_enc,29,"and 2",0.14,17.1014,34.6352,30,30,2026-10-06T11:37:23+02:00
znver4,simde,512,main_scan_enc,29,"and 3",0.27,11.5364,22.7970,30,30,2026-10-06T11:37:23+02:00
znver4,simde,512,main_scan_enc,29,"and 3",0.27,6.3325,21.4897,30,30,2026-10-06T11:37:23+02:00
znver4,simde,512,main_scan_enc,29,"and 3",0.27,8.8683,22.1878,30,30,2026-10-06T11:37:23+02:00
znver4,simde,512,main_scan_enc,29,"and 3",0.27,10.8038,21.2380,30,30,2026-10-06T11:37:23+02:00
znver4,simde,512,main_scan_enc,29,"and 3",0.27,12.4100,30.6980,30,30,2026-10-06T11:37:23+02:00
znver4,simde,512,main_scan_enc,29,"and 1",0.05,21.1187,26.3501,30,30,2026-10-06T11:37:23+02:00
znver4,simde,512,main_scan_enc,29,"and 1",0.05,24.3541,14.2383,30,30,2026-10-06T11:37:23+02:00
znver4,simde,512,main_scan_enc,29,"and 1",0.05,32.7627,13.4009,30,30,2026-10-06T11:37:23+02:00
znver4,simde,512,main_scan_enc,29,"and 1",0.05,43.6972,32.8678,30,30,2026-10-06T11:37:23+02:00
znver4,simde,512,main_scan_enc,29,"and 1",0.05,32.6176,10.2980,30,30,2026-10-06T11:37:23+02:00
znver4,simde,512,main_scan_enc,29,"and 2",0.22,17.5335,27.2344,30,30,2026-10-06T11:37:23+02:00
znver4,simde,512,main_scan_enc,29,"and 2",0.22,17.6697,27.5300,30,30,2026-10-06T11:37:23+02:00
znver4,simde,512,main_scan_enc,29,"and 2",0.22,8.8193,24.5864,30,30,2026-10-06T11:37:23+02:00
znver4,simde,512,main_scan_enc,29,"and 2",0.22,9.5909,19.1444,30,30,2026-10-06T11:37:23+02:00
znver4,simde,512,main_scan_enc,29,"and 2",0.22,16.4564,24.9096,30,30,2026-10-06T11:37:23+02:00
znver4,simde,512,main_scan_enc,29,"and 3",0.37,6.3223,14.9029,30,30,2026-10-06T11:37:23+02:00
znver4,simde,512,main_scan_enc,29,"and 3",0.37,4.4428,22.0655,30,30,2026-10-06T11:37:23+02:00
znver4,simde,512,main_scan_enc,29,"and 3",0.37,6.4264,12.0365,30,30,2026-10-06T11:37:23+02:00
znver4,simde,512,main_scan_enc,29,"and 3",0.37,5.9749,15.3209,30,30,2026-10-06T11:37:23+02:00
znver4,simde,512,main_scan_enc,29,"and 3",0.37,5.9729,14.3268,30,30,2026-10-06T11:37:23+02:00
znver4,simde,512,main_scan_enc,29,"and 1",0.10,30.2066,11.7637,30,30,2026-10-06T11:37:23+02:00
znver4,simde,512,main_scan_enc,29,"and 1",0.10,19.9764,14.7590,30,30,2026-10-06T11:37:23+02:00
znver4,simde,512,main_scan_enc,29,"and 1",0.10,21.2561,14.9381,30,30,2026-10-06T11:37:23+02:00
znver4,simde,512,main_scan_enc,29,"and 1",0.10,35.2403,12.0047,30,30,2026-10-06T11:37:23+02:00
znver4,simde,512,main_scan_enc,29,"and 1",0.10,14.3386,10.3775,30,30,2026-10-06T11:37:23+02:00
znver4,simde,512,main_scan_enc,29,"and 2",0.32,7.5997,18.7323,30,30,2026-10-06T11:37:23+02:00
znver4,simde,512,main_scan_enc,29,"and 2",0.32,7.2282,21.8793,30,30,2026-10-06T11:37:23+02:00
znver4,simde,512,main_scan_enc,29,"and 2",0.32,7.2635,9.6163,30,30,2026-10-06T11:37:23+02:00
znver4,simde,512,main_scan_enc,29,"and 2",0.32,5.8110,14.0179,30,30,2026-10-06T11:37:23+02:00
znver4,simde,512,main_scan_enc,29,"and 2",0.32,8.3331,8.7261,30,30,2026-10-06T11:37:23+02:00
znver4,simde,512,main_scan_enc,29,"and 3",0.46,4.7454,16.9064,30,30,2026-10-06T11:37:23+02:00
znver4,simde,512,main_scan_enc,29,"and 3",0.46,4.5455,9.2803,30,30,2026-10-06T11:37:23+02:00
znver4,simde,512,main_scan_enc,29,"and 3",0.46,3.8215,12.8282,30,30,2026-10-06T11:37:23+02:00
znver4,simde,512,main_scan_enc,29,"and 3",0.46,5.7789,10.1479,30,30,2026-10-06T11:37:23+02:00
znver4,simde,512,main_scan_enc,29,"and 3",0.46,3.6327,9.9181,30,30,2026-10-06T11:37:23+02:00
znver4,simde,512,main_scan_enc,29,"and 1",0.20,11.8155,13.6753,30,30,2026-10-06T11:37:23+02:00
znver4,simde,512,main_scan_enc,29,"and 1",0.20,24.9199,12.9310,30,30,2026-10-06T11:37:23+02:00
znver4,simde,512,main_scan_enc,29,"and 1",0.20,13.0949,11.2951,30,30,2026-10-06T11:37:23+02:00
znver4,simde,512,main_scan_enc,29,"and 1",0.20,24.5292,10.1937,30,30,2026-10-06T11:37:23+02:00
znver4,simde,512,main_scan_enc,29,"and 1",0.20,16.9900,12.2389,30,30,2026-10-06T11:37:23+02:00
znver4,simde,512,main_scan_enc,29,"and 2",0.45,5.7947,12.6999,30,30,2026-10-06T11:37:23+02:00
znver4,simde,512,main_scan_enc,29,"and 2",0.45,4.1884,9.9905,30,30,2026-10-06T11:37:23+02:00
znver4,simde,512,main_scan_enc,29,"and 2",0.45,6.7537,11.2051,30,30,2026-10-06T11:37:23+02:00
znver4,simde,512,main_scan_enc,29,"and 2",0.45,7.1451,19.9770,30,30,2026-10-06T11:37:23+02:00
znver4,simde,512,main_scan_enc,29,"and 2",0.45,7.7673,18.2757,30,30,2026-10-06T11:37:23+02:00
znver4,simde,512,main_scan_enc,29,"and 3",0.58,5.0673,17.8922,30,30,2026-10-06T11:37:23+02:00
znver4,simde,512,main_scan_enc,29,"and 3",0.58,5.2692,10.1181,30,30,2026-10-06T11:37:23+02:00
znver4,simde,512,main_scan_enc,29,"and 3",0.58,4.7903,17.9711,30,30,2026-10-06T11:37:23+02:00
znver4,simde,512,main_scan_enc,29,"and 3",0.58,5.0736,17.8609,30,30,2026-10-06T11:37:23+02:00
znver4,simde,512,main_scan_enc,29,"and 3",0.58,4.5025,13.0577,30,30,2026-10-06T11:37:23+02:00
znver4,simde,512,main_scan_enc,29,"and 1",0.50,7.5113,11.5872,30,30,2026-10-06T11:37:23+02:00
znver4,simde,512,main_scan_enc,29,"and 1",0.50,12.4064,12.0276,30,30,2026-10-06T11:37:23+02:00
znver4,simde,512,main_scan_enc,29,"and 1",0.50,7.6987,11.7982,30,30,2026-10-06T11:37:23+02:00
znver4,simde,512,main_scan_enc,29,"and 1",0.50,10.7942,10.7378,30,30,2026-10-06T11:37:23+02:00
znver4,simde,512,main_scan_enc,29,"and 1",0.50,5.8917,9.5689,30,30,2026-10-06T11:37:23+02:00
znver4,simde,512,main_scan_enc,29,"and 2",0.71,5.9633,12.9912,30,30,2026-10-06T11:37:23+02:00
znver4,simde,512,main_scan_enc,29,"and 2",0.71,5.8520,12.9166,30,30,2026-10-06T11:37:23+02:00
znver4,simde,512,main_scan_enc,29,"and 2",0.71,6.4859,13.6094,30,30,2026-10-06T11:37:23+02:00
znver4,simde,512,main_scan_enc,29,"and 2",0.71,7.3944,17.5276,30,30,2026-10-06T11:37:23+02:00
znver4,simde,512,main_scan_enc,29,"and 2",0.71,6.3061,17.8228,30,30,2026-10-06T11:37:23+02:00
znver4,simde,512,main_scan_enc,29,"and 3",0.79,7.0782,14.2268,30,30,2026-10-06T11:37:23+02:00
znver4,simde,512,main_scan_enc,29,"and 3",0.79,3.5953,11.1150,30,30,2026-10-06T11:37:23+02:00
znver4,simde,512,main_scan_enc,29,"and 3",0.79,6.7350,15.9432,30,30,2026-10-06T11:37:23+02:00
znver4,simde,512,main_scan_enc,29,"and 3",0.79,6.4767,11.7748,30,30,2026-10-06T11:37:23+02:00
znver4,simde,512,main_scan_enc,29,"and 3",0.79,5.9294,10.2957,30,30,2026-10-06T11:37:23+02:00
znver4,simde,512,main_scan_enc,29,"and 1",1.00,19.0152,8.3085,30,30,2026-10-06T11:37:23+02:00
znver4,simde,512,main_scan_enc,29,"and 1",1.00,16.0143,9.7580,30,30,2026-10-06T11:37:23+02:00
znver4,simde,512,main_scan_enc,29,"and 1",1.00,17.4099,10.4685,30,30,2026-10-06T11:37:23+02:00
znver4,simde,512,main_scan_enc,29,"and 1",1.00,18.2393,8.7944,30,30,2026-10-06T11:37:23+02:00
znver4,simde,512,main_scan_enc,29,"and 1",1.00,15.6723,15.0100,30,30,2026-10-06T11:37:23+02:00
znver4,simde,512,main_scan_enc,29,"and 2",1.00,13.4367,15.5848,30,30,2026-10-06T11:37:23+02:00
znver4,simde,512,main_scan_enc,29,"and 2",1.00,15.7850,11.6860,30,30,2026-10-06T11:37:23+02:00
znver4,simde,512,main_scan_enc,29,"and 2",1.00,14.8624,14.9981,30,30,2026-10-06T11:37:23+02:00
znver4,simde,512,main_scan_enc,29,"and 2",1.00,15.6654,11.2360,30,30,2026-10-06T11:37:23+02:00
znver4,simde,512,main_scan_enc,29,"and 2",1.00,15.7493,14.4432,30,30,2026-10-06T11:37:23+02:00
znver4,simde,512,main_scan_enc,29,"and 3",1.00,11.1223,14.1745,30,30,2026-10-06T11:37:23+02:00
znver4,simde,512,main_scan_enc,29,"and 3",1.00,13.7941,13.7724,30,30,2026-10-06T11:37:23+02:00
znver4,simde,512,main_scan_enc,29,"and 3",1.00,13.6738,7.3910,30,30,2026-10-06T11:37:23+02:00
znver4,simde,512,main_scan_enc,29,"and 3",1.00,11.0045,8.3697,30,30,2026-10-06T11:37:23+02:00
znver4,simde,512,main_scan_enc,29,"and 3",1.00,8.9495,9.2506,30,30,2026-10-06T11:37:23+02:00
znver4,simde,512,main_gather,29,"gather_byte",100.00,0.393446,0.393446,30,30,2026-10-06T11:38:29+02:00
znver4,simde,512,main_gather,29,"gather_short",100.00,0.297309,0.297309,30,30,2026-10-06T11:38:29+02:00
znver4,simde,512,main_gather,29,"gather_int",100.00,0.208209,0.208209,30,30,2026-10-06T11:38:29+02:00
znver4,simde,512,main_gather,29,"gather_long",100.00,0.172379,0.172379,30,30,2026-10-06T11:38:29+02:00
znver4,simde,512,main_gather,29,"gather_char",100.00,0.044936,0.044936,30,30,2026-10-06T11:38:29+02:00
znver4,simde,512,main_gather,29,"gather_encoded",100.00,0.327653,0.327653,30,30,2026-10-06T11:38:29+02:00
znver4,simde,512,main_gather,29,"copy_encoded",100.00,9.031579,9.031579,30,30,2026-10-06T11:38:29+02:00
znver4,simde,512,main_filter,29,"filter_byte_eq",100.00,0.091407,0.091407,30,30,2026-10-06T11:41:26+02:00
znver4,simde,512,main_filter,29,"filter_byte_lt",100.00,0.097818,0.097818,30,30,2026-10-06T11:41:26+02:00
znver4,simde,512,main_filter,29,"filter_byte_gt",100.00,0.088699,0.088699,30,30,2026-10-06T11:41:26+02:00
znver4,simde,512,main_filter,29,"filter_byte_ne",100.00,0.085801,0.085801,30,30,2026-10-06T11:41:26+02:00
znver4,simde,512,main_filter,29,"filter_byte_le",100.00,0.083271,0.083271,30,30,2026-10-06T11:41:26+02:00
znver4,simde,512,main_filter,29,"filter_byte_ge",100.00,0.088825,0.088825,30,30,2026-10-06T11:41:26+02:00
znver4,simde,512,main_filter,29,"filter_short_eq",100.00,0.069653,0.069653,30,30,2026-10-06T11:41:26+02:00
znver4,simde,512,main_filter,29,"filter_short_lt",100.00,0.065246,0.065246,30,30,2026-10-06T11:41:26+02:00
znver4,simde,512,main_filter,29,"filter_short_gt",100.00,0.068668,0.068668,30,30,2026-10-06T11:41:26+02:00
znver4,simde,512,main_filter,29,"filter_short_ne",100.00,0.070825,0.070825,30,30,2026-10-06T11:41:26+02:00
znver4,simde,512,main_filter,29,"filter_short_le",100.00,0.067583,0.067583,30,30,2026-10-06T11:41:26+02:00
znver4,simde,512,main_filter,29,"filter_short_ge",100.00,0.065837,0.065837,30,30,2026-10-06T11:41:26+02:00
znver4,simde,512,main_filter,29,"filter_int_eq",100.00,0.059679,0.059679,30,30,2026-10-06T11:41:26+02:00
znver4,simde,512,main_filter,29,"filter_int_lt",100.00,0.056074,0.056074,30,30,2026-10-06T11:41:26+02:00
znver4,simde,512,main_filter,29,"filter_int_gt",100.00,0.057234,0.057234,30,30,2026-10-06T11:41:26+02:00
znver4,simde,512,main_filter,29,"filter_int_ne",100.00,0.057510,0.057510,30,30,2026-10-06T11:41:26+02:00
znver4,simde,512,main_filter,29,"filter_int_le",100.00,0.055097,0.055097,30,30,2026-10-06T11:41:26+02:00
znver4,simde,512,main_filter,29,"filter_int_ge",100.00,0.055234,0.055234,30,30,2026-10-06T11:41:26+02:00
znver4,simde,512,main_filter,29,"filter_long_eq",100.00,0.052118,0.052118,30,30,2026-10-06T11:41:26+02:00
znver4,simde,512,main_filter,29,"filter_long_lt",100.00,0.051941,0.051941,30,30,2026-10-06T11:41:26+02:00
znver4,simde,512,main_filter,29,"filter_long_gt",100.00,0.051813,0.051813,30,30,2026-10-06T11:41:26+02:00
znver4,simde,512,main_filter,29,"filter_long_ne",100.00,0.051167,0.051167,30,30,2026-10-06T11:41:26+02:00
znver4,simde,512,main_filter,29,"filter_long_le",100.00,0.050593,0.050593,30,30,2026-10-06T11:41:26+02:00
znver4,simde,512,main_filter,29,"filter_long_ge",100.00,0.051174,0.051174,30,30,2026-10-06T11:41:26+02:00
znver4,simde,512,main_filter,29,"filter_float_eq",100.00,0.059415,0.059415,30,30,2026-10-06T11:41:26+02:00
znver4,simde,512,main_filter,29,"filter_float_lt",100.00,0.056865,0.056865,30,30,2026-10-06T11:41:26+02:00
znver4,simde,512,main_filter,29,"filter_float_gt",100.00,0.056461,0.056461,30,30,2026-10-06T11:41:26+02:00
znver4,simde,512,main_filter,29,"filter_float_ne",100.00,0.057480,0.057480,30,30,2026-10-06T11:41:26+02:00
znver4,simde,512,main_filter,29,"filter_float_le",100.00,0.056705,0.056705,30,30,2026-10-06T11:41:26+02:00
znver4,simde,512,main_filter,29,"filter_float_ge",100.00,0.055589,0.055589,30,30,2026-10-06T11:41:26+02:00
znver4,simde,512,main_filter,29,"filter_double_eq",100.00,0.053551,0.053551,30,30,2026-10-06T11:41:26+02:00
znver4,simde,512,main_filter,29,"filter_double_lt",100.00,0.052589,0.052589,30,30,2026-10-06T11:41:26+02:00
znver4,simde,512,main_filter,29,"filter_double_gt",100.00,0.053134,0.053134,30,30,2026-10-06T11:41:26+02:00
znver4,simde,512,main_filter,29,"filter_double_ne",100.00,0.053662,0.053662,30,30,2026-10-06T11:41:26+02:00
znver4,simde,512,main_filter,29,"filter_double_le",100.00,0.053546,0.053546,30,30,2026-10-06T11:41:26+02:00
znver4,simde,512,main_filter,29,"filter_double_ge",100.00,0.053761,0.053761,30,30,2026-10-06T11:41:26+02:00
znver4,simde,512,main_filter,29,"filter_char_eq",100.00,0.069221,0.069221,30,30,2026-10-06T11:41:26+02:00
znver4,simde,512,main_filter,29,"filter_char_lt",100.00,0.042250,0.042250,30,30,2026-10-06T11:41:26+02:00
znver4,simde,512,main_filter,29,"filter_char_gt",100.00,0.042373,0.042373,30,30,2026-10-06T11:41:26+02:00
znver4,simde,512,main_filter,29,"filter_char_ne",100.00,0.068830,0.068830,30,30,2026-10-06T11:41:26+02:00
znver4,simde,512,main_filter,29,"filter_char_le",100.00,0.042028,0.042028,30,30,2026-10-06T11:41:26+02:00
znver4,simde,512,main_filter,29,"filter_char_ge",100.00,0.042231,0.042231,30,30,2026-10-06T11:41:26+02:00
znver4,simde,512,main_shuffle,22,"shuffle_offset",100.00,1.199640,1.199640,30,30,2026-10-06T11:42:31+02:00
znver4,simde,512,main_shuffle,22,"shuffle_byte",100.00,1.571821,1.571821,30,30,2026-10-06T11:42:31+02:00
znver4,simde,512,main_shuffle,22,"flush_byte",100.00,2767.604091,2767.604091,30,30,2026-10-06T11:42:31+02:00
znver4,simde,512,main_shuffle,22,"shuffle_short",100.00,1.132646,1.132646,30,30,2026-10-06T11:42:31+02:00
znver4,simde,512,main_shuffle,22,"flush_short",100.00,2837.248190,2837.248190,30,30,2026-10-06T11:42:31+02:00
znver4,simde,512,main_shuffle,22,"shuffle_int",100.00,0.895851,0.895851,30,30,2026-10-06T11:42:31+02:00
znver4,simde,512,main_shuffle,22,"flush_int",100.00,3310.421468,3310.421468,30,30,2026-10-06T11:42:31+02:00
znver4,simde,512,main_shuffle,22,"shuffle_long",100.00,0.623236,0.623236,30,30,2026-10-06T11:42:31+02:00
znver4,simde,512,main_shuffle,22,"flush_long",100.00,5576.790320,5576.790320,30,30,2026-10-06T11:42:31+02:00
znver4,simde,512,main_shuffle,22,"shuffle_char",100.00,0.067517,0.067517,30,30,2026-10-06T11:42:31+02:00
znver4,simde,512,main_shuffle,22,"flush_char",100.00,3058.378525,3058.378525,30,30,2026-10-06T11:42:31+02:00
znver4,simde,512,main_part,29,"int * 1 | 2^4",,7.5506,7.5506,30,30,2026-10-06T11:43:28+02:00
znver4,simde,512,main_part,29,"int * 1 | 2^4",,11.7581,11.7581,30,30,2026-10-06T11:43:28+02:00
znver4,simde,512,main_part,29,"int * 1 | 2^4",,10.3453,10.3453,30,30,2026-10-06T11:43:28+02:00
znver4,simde,512,main_part,29,"int * 1 | 2^4",,8.5397,8.5397,30,30,2026-10-06T11:43:28+02:00
znver4,simde,512,main_part,29,"int * 1 | 2^4",,7.4948,7.4948,30,30,2026-10-06T11:43:28+02:00
znver4,simde,512,main_part,29,"int * 1 | 2^5",,7.6726,7.6726,30,30,2026-10-06T11:43:28+02:00
znver4,simde,512,main_part,29,"int * 1 | 2^5",,9.0538,9.0538,30,30,2026-10-06T11:43:28+02:00
znver4,simde,512,main_part,29,"int * 1 | 2^5",,7.1597,7.1597,30,30,2026-10-06T11:43:28+02:00
znver4,simde,512,main_part,29,"int * 1 | 2^5",,7.6421,7.6421,30,30,2026-10-06T11:43:28+02:00
znver4,simde,512,main_part,29,"int * 1 | 2^5",,10.9184,10.9184,30,30,2026-10-06T11:43:28+02:00
znver4,simde,512,main_part,29,"int * 1 | 2^6",,10.8387,10.8387,30,30,2026-10-06T11:43:28+02:00
znver4,simde,512,main_part,29,"int * 1 | 2^6",,9.2706,9.2706,30,30,2026-10-06T11:43:28+02:00
znver4,simde,512,main_part,29,"int * 1 | 2^6",,12.2350,12.2350,30,30,2026-10-06T11:43:28+02:00
znver4,simde,512,main_part,29,"int * 1 | 2^6",,8.5688,8.5688,30,30,2026-10-06T11:43:28+02:00
znver4,simde,512,main_part,29,"int * 1 | 2^6",,8.5584,8.5584,30,30,2026-10-06T11:43:28+02:00
znver4,simde,512,main_part,29,"int * 1 | 2^7",,7.0957,7.0957,30,30,2026-10-06T11:43:28+02:00
znver4,simde,512,main_part,29,"int * 1 | 2^7",,5.5629,5.5629,30,30,2026-10-06T11:43:28+02:00
znver4,simde,512,main_part,29,"int * 1 | 2^7",,7.8467,7.8467,30,30,2026-10-06T11:43:28+02:00
znver4,simde,512,main_part,29,"int * 1 | 2^7",,8.1667,8.1667,30,30,2026-10-06T11:43:28+02:00
znver4,simde,512,main_part,29,"int * 1 | 2^7",,7.7162,7.7162,30,30,2026-10-06T11:43:28+02:00
znver4,simde,512,main_part,29,"int * 1 | 2^8",,7.0812,7.0812,30,30,2026-10-06T11:43:28+02:00
znver4,simde,512,main_part,29,"int * 1 | 2^8",,9.8367,9.8367,30,30,2026-10-06T11:43:28+02:00
znver4,simde,512,main_part,29,"int * 1 | 2^8",,7.1351,7.1351,30,30,2026-10-06T11:43:28+02:00
znver4,simde,512,main_part,29,"int * 1 | 2^8",,8.3240,8.3240,30,30,2026-10-06T11:43:28+02:00
znver4,simde,512,main_part,29,"int * 1 | 2^8",,5.5475,5.5475,30,30,2026-10-06T11:43:28+02:00
znver4,simde,512,main_part,29,"int * 2 | 2^4",,6.0329,6.0329,30,30,2026-10-06T11:43:28+02:00
znver4,simde,512,main_part,29,"int * 2 | 2^4",,7.1851,7.1851,30,30,2026-10-06T11:43:28+02:00
znver4,simde,512,main_part,29,"int * 2 | 2^4",,6.6461,6.6461,30,30,2026-10-06T11:43:28+02:00
znver4,simde,512,main_part,29,"int * 2 | 2^4",,6.2836,6.2836,30,30,2026-10-06T11:43:28+02:00
znver4,simde,512,main_part,29,"int * 2 | 2^4",,6.0222,6.0222,30,30,2026-10-06T11:43:28+02:00
znver4,simde,512,main_part,29,"int * 2 | 2^5",,7.6331,7.6331,30,30,2026-10-06T11:43:28+02:00
znver4,simde,512,main_part,29,"int * 2 | 2^5",,6.9152,6.9152,30,30,2026-10-06T11:43:28+02:00
znver4,simde,512,main_part,29,"int * 2 | 2^5",,4.3379,4.3379,30,30,2026-10-06T11:43:28+02:00
znver4,simde,512,main_part,29,"int * 2 | 2^5",,6.8345,6.8345,30,30,2026-10-06T11:43:28+02:00
znver4,simde,512,main_part,29,"int * 2 | 2^5",,7.3153,7.3153,30,30,2026-10-06T11:43:28+02:00
znver4,simde,512,main_part,29,"int * 2 | 2^6",,8.9113,8.9113,30,30,2026-10-06T11:43:28+02:00
znver4,simde,512,main_part,29,"int * 2 | 2^6",,7.3063,7.3063,30,30,2026-10-06T11:43:28+02:00
znver4,simde,512,main_part,29,"int * 2 | 2^6",,6.3106,6.3106,30,30,2026-10-06T11:43:28+02:00
znver4,simde,512,main_part,29,"int * 2 | 2^6",,7.1686,7.1686,30,30,2026-10-06T11:43:28+02:00
znver4,simde,512,main_part,29,"int * 2 | 2^6",,7.1147,7.1147,30,30,2026-10-06T11:43:28+02:00
znver4,simde,512,main_part,29,"int * 2 | 2^7",,7.2696,7.2696,30,30,2026-10-06T11:43:28+02:00
znver4,simde,512,main_part,29,"int * 2 | 2^7",,7.0687,7.0687,30,30,2026-10-06T11:43:28+02:00
znver4,simde,512,main_part,29,"int * 2 | 2^7",,7.1880,7.1880,30,30,2026-10-06T11:43:28+02:00
znver4,simde,512,main_part,29,"int * 2 | 2^7",,4.4610,4.4610,30,30,2026-10-06T11:43:28+02:00
znver4,simde,512,main_part,29,"int * 2 | 2^7",,6.1582,6.1582,30,30,2026-10-06T11:43:28+02:00
znver4,simde,512,main_part,29,"int * 2 | 2^8",,6.2646,6.2646,30,30,2026-10-06T11:43:28+02:00
znver4,simde,512,main_part,29,"int * 2 | 2^8",,6.2398,6.2398,30,30,2026-10-06T11:43:28+02:00
znver4,simde,512,main_part,29,"int * 2 | 2^8",,6.4306,6.4306,30,30,2026-10-06T11:43:28+02:00
znver4,simde,512,main_part,29,"int * 2 | 2^8",,6.6100,6.6100,30,30,2026-10-06T11:43:28+02:00
znver4,simde,512,main_part,29,"int * 2 | 2^8",,7.4094,7.4094,30,30,2026-10-06T11:43:28+02:00
znver4,simde,512,main_part,29,"int * 3 | 2^4",,5.4649,5.4649,30,30,2026-10-06T11:43:28+02:00
znver4,simde,512,main_part,29,"int * 3 | 2^4",,5.2595,5.2595,30,30,2026-10-06T11:43:28+02:00
znver4,simde,512,main_part,29,"int * 3 | 2^4",,5.3003,5.3003,30,30,2026-10-06T11:43:28+02:00
znver4,simde,512,main_part,29,"int * 3 | 2^4",,5.3475,5.3475,30,30,2026-10-06T11:43:28+02:00
znver4,simde,512,main_part,29,"int * 3 | 2^4",,5.4236,5.4236,30,30,2026-10-06T11:43:28+02:00
znver4,simde,512,main_part,29,"int * 3 | 2^5",,6.9316,6.9316,30,30,2026-10-06T11:43:28+02:00
znver4,simde,512,main_part,29,"int * 3 | 2^5",,5.4675,5.4675,30,30,2026-10-06T11:43:28+02:00
znver4,simde,512,main_part,29,"int * 3 | 2^5",,5.5840,5.5840,30,30,2026-10-06T11:43:28+02:00
znver4,simde,512,main_part,29,"int * 3 | 2^5",,5.9726,5.9726,30,30,2026-10-06T11:43:28+02:00
znver4,simde,512,main_part,29,"int * 3 | 2^5",,5.1909,5.1909,30,30,2026-10-06T11:43:28+02:00
znver4,simde,512,main_part,29,"int * 3 | 2^6",,6.6076,6.6076,30,30,2026-10-06T11:43:28+02:00
znver4,simde,512,main_part,29,"int * 3 | 2^6",,6.2683,6.2683,30,30,2026-10-06T11:43:28+02:00
znver4,simde,512,main_part,29,"int * 3 | 2^6",,6.2429,6.2429,30,30,2026-10-06T11:43:28+02:00
znver4,simde,512,main_part,29,"int * 3 | 2^6",,5.2265,5.2265,30,30,2026-10-06T11:43:28+02:00
znver4,simde,512,main_part,29,"int * 3 | 2^6",,6.1911,6.1911,30,30,2026-10-06T11:43:28+02:00
znver4,simde,512,main_part,29,"int * 3 | 2^7",,4.9984,4.9984,30,30,2026-10-06T11:43:28+02:00
znver4,simde,512,main_part,29,"int * 3 | 2^7",,3.6320,3.6320,30,30,2026-10-06T11:43:28+02:00
znver4,simde,512,main_part,29,"int * 3 | 2^7",,5.3319,5.3319,30,30,2026-10-06T11:43:28+02:00
znver4,simde,512,main_part,29,"int * 3 | 2^7",,3.6853,3.6853,30,30,2026-10-06T11:43:28+02:00
znver4,simde,512,main_part,29,"int * 3 | 2^7",,5.0612,5.0612,30,30,2026-10-06T11:43:28+02:00
znver4,simde,512,main_part,29,"int * 3 | 2^8",,5.1194,5.1194,30,30,2026-10-06T11:43:28+02:00
znver4,simde,512,main_part,29,"int * 3 | 2^8",,5.0918,5.0918,30,30,2026-10-06T11:43:28+02:00
znver4,simde,512,main_part,29,"int * 3 | 2^8",,4.9488,4.9488,30,30,2026-10-06T11:43:28+02:00
znver4,simde,512,main_part,29,"int * 3 | 2^8",,5.0944,5.0944,30,30,2026-10-06T11:43:28+02:00
znver4,simde,512,main_part,29,"int * 3 | 2^8",,4.5694,4.5694,30,30,2026-10-06T11:43:28+02:00
znver4,simde,512,main_scan_int,30,"and 1",0.00,39.5433,14.9180,31,31,2026-10-06T11:43:39+02:00
znver4,simde,512,main_scan_int,30,"and 1",0.00,54.7010,13.8293,31,31,2026-10-06T11:43:39+02:00
znver4,simde,512,main_scan_int,30,"and 1",0.00,52.2365,64.9112,31,31,2026-10-06T11:43:39+02:00
znver4,simde,512,main_scan_int,30,"and 1",0.00,29.9265,65.6902,31,31,2026-10-06T11:43:39+02:00
znver4,simde,512,main_scan_int,30,"and 1",0.00,51.7347,16.3469,31,31,2026-10-06T11:43:39+02:00
znver4,simde,512,main_scan_int,30,"and 2",0.03,20.7001,22.0524,31,31,2026-10-06T11:43:39+02:00
znver4,simde,512,main_scan_int,30,"and 2",0.03,20.7059,12.0497,31,31,2026-10-06T11:43:39+02:00
znver4,simde,512,main_scan_int,30,"and 2",0.03,20.3186,16.5941,31,31,2026-10-06T11:43:39+02:00
znver4,simde,512,main_scan_int,30,"and 2",0.03,20.4054,34.4966,31,31,2026-10-06T11:43:39+02:00
znver4,simde,512,main_scan_int,30,"and 2",0.03,19.6203,14.6246,31,31,2026-10-06T11:43:39+02:00
znver4,simde,512,main_scan_int,30,"and 3",0.10,21.9718,25.5640,31,31,2026-10-06T11:43:39+02:00
znver4,simde,512,main_scan_int,30,"and 3",0.10,22.3759,16.2310,31,31,2026-10-06T11:43:39+02:00
znver4,simde,512,main_scan_int,30,"and 3",0.10,22.0785,20.2860,31,31,2026-10-06T11:43:39+02:00
znver4,simde,512,main_scan_int,30,"and 3",0.10,17.1827,11.3179,31,31,2026-10-06T11:43:39+02:00
znver4,simde,512,main_scan_int,30,"and 3",0.10,22.3048,15.5186,31,31,2026-10-06T11:43:39+02:00
znver4,simde,512,main_scan_int,30,"and 1",0.00,47.1542,14.0912,31,31,2026-10-06T11:43:39+02:00
znver4,simde,512,main_scan_int,30,"and 1",0.00,49.4205,14.3977,31,31,2026-10-06T11:43:39+02:00
znver4,simde,512,main_scan_int,30,"and 1",0.00,51.3818,60.7917,31,31,2026-10-06T11:43:39+02:00
znver4,simde,512,main_scan_int,30,"and 1",0.00,43.9938,57.9629,31,31,2026-10-06T11:43:39+02:00
znver4,simde,512,main_scan_int,30,"and 1",0.00,42.9233,14.5646,31,31,2026-10-06T11:43:39+02:00
znver4,simde,512,main_scan_int,30,"and 2",0.04,23.8087,18.4130,31,31,2026-10-06T11:43:39+02:00
znver4,simde,512,main_scan_int,30,"and 2",0.04,19.5780,17.2138,31,31,2026-10-06T11:43:39+02:00
znver4,simde,512,main_scan_int,30,"and 2",0.04,21.6280,30.5388,31,31,2026-10-06T11:43:39+02:00
znver4,simde,512,main_scan_int,30,"and 2",0.04,20.7996,12.5827,31,31,2026-10-06T11:43:39+02:00
znver4,simde,512,main_scan_int,30,"and 2",0.04,18.6005,29.6362,31,31,2026-10-06T11:43:39+02:00
znver4,simde,512,main_scan_int,30,"and 3",0.13,15.1840,20.4949,31,31,2026-10-06T11:43:39+02:00
znver4,simde,512,main_scan_int,30,"and 3",0.13,12.3991,14.1440,31,31,2026-10-06T11:43:39+02:00
znver4,simde,512,main_scan_int,30,"and 3",0.13,19.4926,14.6978,31,31,2026-10-06T11:43:39+02:00
znver4,simde,512,main_scan_int,30,"and 3",0.13,15.2203,21.3647,31,31,2026-10-06T11:43:39+02:00
znver4,simde,512,main_scan_int,30,"and 3",0.13,19.3104,22.0867,31,31,2026-10-06T11:43:39+02:00
znver4,simde,512,main_scan_int,30,"and 1",0.01,32.0751,46.8269,31,31,2026-10-06T11:43:39+02:00
znver4,simde,512,main_scan_int,30,"and 1",0.01,33.9972,52.5793,31,31,2026-10-06T11:43:39+02:00
znver4,simde,512,main_scan_int,30,"and 1",0.01,44.3088,53.5901,31,31,2026-10-06T11:43:39+02:00
znver4,simde,512,main_scan_int,30,"and 1",0.01,37.7913,60.1870,31,31,2026-10-06T11:43:39+02:00
znver4,simde,512,main_scan_int,30,"and 1",0.01,39.7333,55.4218,31,31,2026-10-06T11:43:39+02:00
znver4,simde,512,main_scan_int,30,"and 2",0.07,18.8695,27.5191,31,31,2026-10-06T11:43:39+02:00
znver4,simde,512,main_scan_int,30,"and 2",0.07,22.6794,22.7191,31,31,2026-10-06T11:43:39+02:00
znver4,simde,512,main_scan_int,30,"and 2",0.07,23.4076,28.2320,31,31,2026-10-06T11:43:39+02:00
znver4,simde,512,main_scan_int,30,"and 2",0.07,19.0866,25.1269,31,31,2026-10-06T11:43:39+02:00
znver4,simde,512,main_scan_int,30,"and 2",0.07,19.1908,27.1887,31,31,2026-10-06T11:43:39+02:00
znver4,simde,512,main_scan_int,30,"and 3",0.17,15.0869,11.4145,31,31,2026-10-06T11:43:39+02:00
znver4,simde,512,main_scan_int,30,"and 3",0.17,15.8572,20.0265,31,31,2026-10-06T11:43:39+02:00
znver4,simde,512,main_scan_int,30,"and 3",0.17,11.5080,17.9306,31,31,2026-10-06T11:43:39+02:00
znver4,simde,512,main_scan_int,30,"and 3",0.17,12.4004,17.8862,31,31,2026-10-06T11:43:39+02:00
znver4,simde,512,main_scan_int,30,"and 3",0.17,16.4828,17.6765,31,31,2026-10-06T11:43:39+02:00
znver4,simde,512,main_scan_int,30,"and 1",0.01,19.5706,38.5416,31,31,2026-10-06T11:43:39+02:00
znver4,simde,512,main_scan_int,30,"and 1",0.01,28.8686,43.0755,31,31,2026-10-06T11:43:39+02:00
znver4,simde,512,main_scan_int,30,"and 1",0.01,27.4699,56.2714,31,31,2026-10-06T11:43:39+02:00
znver4,simde,512,main_scan_int,30,"and 1",0.01,28.7760,28.8680,31,31,2026-10-06T11:43:39+02:00
znver4,simde,512,main_scan_int,30,"and 1",0.01,28.6888,43.6254,31,31,2026-10-06T11:43:39+02:00
znver4,simde,512,main_scan_int,30,"and 2",0.10,17.8602,25.3410,31,31,2026-10-06T11:43:39+02:00
znver4,simde,512,main_scan_int,30,"and 2",0.10,16.2833,26.0450,31,31,2026-10-06T11:43:39+02:00
znver4,simde,512,main_scan_int,30,"and 2",0.10,21.4062,25.4613,31,31,2026-10-06T11:43:39+02:00
znver4,simde,512,main_scan_int,30,"and 2",0.10,17.3205,24.1159,31,31,2026-10-06T11:43:39+02:00
znver4,simde,512,main_scan_int,30,"and 2",0.10,16.0724,26.5829,31,31,2026-10-06T11:43:39+02:00
znver4,simde,512,main_scan_int,30,"and 3",0.22,10.4165,17.4983,31,31,2026-10-06T11:43:39+02:00
znver4,simde,512,main_scan_int,30,"and 3",0.22,13.7799,16.4829,31,31,2026-10-06T11:43:39+02:00
znver4,simde,512,main_scan_int,30,"and 3",0.22,11.0090,15.6101,31,31,2026-10-06T11:43:39+02:00
znver4,simde,512,main_scan_int,30,"and 3",0.22,15.2594,18.1987,31,31,2026-10-06T11:43:39+02:00
znver4,simde,512,main_scan_int,30,"and 3",0.22,16.0434,11.8325,31,31,2026-10-06T11:43:39+02:00
znver4,simde,512,main_scan_int,30,"and 1",0.02,28.1457,40.0303,31,31,2026-10-06T11:43:39+02:00
znver4,simde,512,main_scan_int,30,"and 1",0.02,29.3337,31.2269,31,31,2026-10-06T11:43:39+02:00
znver4,simde,512,main_scan_int,30,"and 1",0.02,31.1697,41.6197,31,31,2026-10-06T11:43:39+02:00
znver4,simde,512,main_scan_int,30,"and 1",0.02,30.8256,31.4277,31,31,2026-10-06T11:43:39+02:00
znver4,simde,512,main_scan_int,30,"and 1",0.02,30.9146,41.7831,31,31,2026-10-06T11:43:39+02:00
znver4,simde,512,main_scan_int,30,"and 2",0.14,14.2601,13.6256,31,31,2026-10-06T11:43:39+02:00
znver4,simde,512,main_scan_int,30,"and 2",0.14,13.8631,19.1596,31,31,2026-10-06T11:43:39+02:00
znver4,simde,512,main_scan_int,30,"and 2",0.14,16.1539,19.5353,31,31,2026-10-06T11:43:39+02:00
znver4,simde,512,main_scan_int,30,"and 2",0.14,11.1966,23.1012,31,31,2026-10-06T11:43:39+02:00
znver4,simde,512,main_scan_int,30,"and 2",0.14,19.1708,22.4498,31,31,2026-10-06T11:43:39+02:00
znver4,simde,512,main_scan_int,30,"and 3",0.27,9.2513,15.7398,31,31,2026-10-06T11:43:39+02:00
znver4,simde,512,main_scan_int,30,"and 3",0.27,10.5001,10.6186,31,31,2026-10-06T11:43:39+02:00
znver4,simde,512,main_scan_int,30,"and 3",0.27,7.7676,15.1482,31,31,2026-10-06T11:43:39+02:00
znver4,simde,512,main_scan_int,30,"and 3",0.27,13.3091,15.9445,31,31,2026-10-06T11:43:39+02:00
znver4,simde,512,main_scan_int,30,"and 3",0.27,8.6841,14.0243,31,31,2026-10-06T11:43:39+02:00
znver4,simde,512,main_scan_int,30,"and 1",0.05,25.9169,14.9265,31,31,2026-10-06T11:43:39+02:00
znver4,simde,512,main_scan_int,30,"and 1",0.05,25.0042,20.4308,31,31,2026-10-06T11:43:39+02:00
znver4,simde,512,main_scan_int,30,"and 1",0.05,28.7043,17.7624,31,31,2026-10-06T11:43:39+02:00
znver4,simde,512,main_scan_int,30,"and 1",0.05,25.4190,30.0730,31,31,2026-10-06T11:43:39+02:00
znver4,simde,512,main_scan_int,30,"and 1",0.05,26.2869,29.5968,31,31,2026-10-06T11:43:39+02:00
znver4,simde,512,main_scan_int,30,"and 2",0.22,17.3172,19.0547,31,31,2026-10-06T11:43:39+02:00
znver4,simde,512,main_scan_int,30,"and 2",0.22,12.0348,14.5048,31,31,2026-10-06T11:43:39+02:00
znver4,simde,512,main_scan_int,30,"and 2",0.22,12.0866,11.2583,31,31,2026-10-06T11:43:39+02:00
znver4,simde,512,main_scan_int,30,"and 2",0.22,11.8741,14.3397,31,31,2026-10-06T11:43:39+02:00
znver4,simde,512,main_scan_int,30,"and 2",0.22,11.9766,19.2092,31,31,2026-10-06T11:43:39+02:00
znver4,simde,512,main_scan_int,30,"and 3",0.37,7.2943,11.0031,31,31,2026-10-06T11:43:39+02:00
znver4,simde,512,main_scan_int,30,"and 3",0.37,12.0336,9.4795,31,31,2026-10-06T11:43:39+02:00
znver4,simde,512,main_scan_int,30,"and 3",0.37,8.4500,11.5714,31,31,2026-10-06T11:43:39+02:00
znver4,simde,512,main_scan_int,30,"and 3",0.37,8.6897,11.0053,31,31,2026-10-06T11:43:39+02:00
znver4,simde,512,main_scan_int,30,"and 3",0.37,8.5769,11.2104,31,31,2026-10-06T11:43:39+02:00
znver4,simde,512,main_scan_int,30,"and 1",0.10,27.3029,16.1059,31,31,2026-10-06T11:43:39+02:00
znver4,simde,512,main_scan_int,30,"and 1",0.10,28.1029,10.8385,31,31,2026-10-06T11:43:39+02:00
znver4,simde,512,main_scan_int,30,"and 1",0.10,26.0462,12.3557,31,31,2026-10-06T11:43:39+02:00
znver4,simde,512,main_scan_int,30,"and 1",0.10,22.7122,8.8834,31,31,2026-10-06T11:43:39+02:00
znver4,simde,512,main_scan_int,30,"and 1",0.10,26.4088,23.3702,31,31,2026-10-06T11:43:39+02:00
znver4,simde,512,main_scan_int,30,"and 2",0.32,9.1598,17.3018,31,31,2026-10-06T11:43:39+02:00
znver4,simde,512,main_scan_int,30,"and 2",0.32,16.9449,17.0829,31,31,2026-10-06T11:43:39+02:00
znver4,simde,512,main_scan_int,30,"and 2",0.32,16.5015,10.4627,31,31,2026-10-06T11:43:39+02:00
znver4,simde,512,main_scan_int,30,"and 2",0.32,8.3942,17.5555,31,31,2026-10-06T11:43:39+02:00
znver4,simde,512,main_scan_int,30,"and 2",0.32,7.7272,13.8587,31,31,2026-10-06T11:43:39+02:00
znver4,simde,512,main_scan_int,30,"and 3",0.46,6.5743,10.0202,31,31,2026-10-06T11:43:39+02:00
znver4,simde,512,main_scan_int,30,"and 3",0.46,6.9167,9.8993,31,31,2026-10-06T11:43:39+02:00
znver4,simde,512,main_scan_int,30,"and 3",0.46,6.8629,10.0892,31,31,2026-10-06T11:43:39+02:00
znver4,simde,512,main_scan_int,30,"and 3",0.46,8.2606,12.3843,31,31,2026-10-06T11:43:39+02:00
znver4,simde,512,main_scan_int,30,"and 3",0.46,6.1635,8.5342,31,31,2026-10-06T11:43:39+02:00
znver4,simde,512,main_scan_int,30,"and 1",0.20,23.8525,13.5974,31,31,2026-10-06T11:43:39+02:00
znver4,simde,512,main_scan_int,30,"and 1",0.20,23.7584,13.4668,31,31,2026-10-06T11:43:39+02:00
znver4,simde,512,main_scan_int,30,"and 1",0.20,15.6939,10.6743,31,31,2026-10-06T11:43:39+02:00
znver4,simde,512,main_scan_int,30,"and 1",0.20,21.3896,21.6508,31,31,2026-10-06T11:43:39+02:00
znver4,simde,512,main_scan_int,30,"and 1",0.20,16.0188,20.8546,31,31,2026-10-06T11:43:39+02:00
znver4,simde,512,main_scan_int,30,"and 2",0.45,11.2618,17.1350,31,31,2026-10-06T11:43:39+02:00
znver4,simde,512,main_scan_int,30,"and 2",0.45,6.6872,9.0641,31,31,2026-10-06T11:43:39+02:00
znver4,simde,512,main_scan_int,30,"and 2",0.45,6.7124,11.3993,31,31,2026-10-06T11:43:39+02:00
znver4,simde,512,main_scan_int,30,"and 2",0.45,6.7059,9.7696,31,31,2026-10-06T11:43:39+02:00
znver4,simde,512,main_scan_int,30,"and 2",0.45,7.6584,11.0715,31,31,2026-10-06T11:43:39+02:00
znver4,simde,512,main_scan_int,30,"and 3",0.58,7.0284,9.2786,31,31,2026-10-06T11:43:39+02:00
znver4,simde,512,main_scan_int,30,"and 3",0.58,6.0544,9.3321,31,31,2026-10-06T11:43:39+02:00
znver4,simde,512,main_scan_int,30,"and 3",0.58,6.2387,9.7568,31,31,2026-10-06T11:43:39+02:00
znver4,simde,512,main_scan_int,30,"and 3",0.58,4.6037,11.4798,31,31,2026-10-06T11:43:39+02:00
znver4,simde,512,main_scan_int,30,"and 3",0.58,7.4597,11.0678,31,31,2026-10-06T11:43:39+02:00
znver4,simde,512,main_scan_int,30,"and 1",0.50,17.0167,8.9693,31,31,2026-10-06T11:43:39+02:00
znver4,simde,512,main_scan_int,30,"and 1",0.50,16.4692,12.5053,31,31,2026-10-06T11:43:39+02:00
znver4,simde,512,main_scan_int,30,"and 1",0.50,16.3486,9.1783,31,31,2026-10-06T11:43:39+02:00
znver4,simde,512,main_scan_int,30,"and 1",0.50,16.5907,19.1406,31,31,2026-10-06T11:43:39+02:00
znver4,simde,512,main_scan_int,30,"and 1",0.50,16.7052,14.1509,31,31,2026-10-06T11:43:39+02:00
znver4,simde,512,main_scan_int,30,"and 2",0.71,8.7067,14.5649,31,31,2026-10-06T11:43:39+02:00
znver4,simde,512,main_scan_int,30,"and 2",0.71,7.9585,8.8244,31,31,2026-10-06T11:43:39+02:00
znver4,simde,512,main_scan_int,30,"and 2",0.71,13.5113,13.9072,31,31,2026-10-06T11:43:39+02:00
znver4,simde,512,main_scan_int,30,"and 2",0.71,7.6961,12.5704,31,31,2026-10-06T11:43:39+02:00
znver4,simde,512,main_scan_int,30,"and 2",0.71,12.1395,10.4475,31,31,2026-10-06T11:43:39+02:00
znver4,simde,512,main_scan_int,30,"and 3",0.79,9.4125,12.2569,31,31,2026-10-06T11:43:39+02:00
znver4,simde,512,main_scan_int,30,"and 3",0.79,8.2393,12.4098,31,31,2026-10-06T11:43:39+02:00
znver4,simde,512,main_scan_int,30,"and 3",0.79,10.4141,10.6581,31,31,2026-10-06T11:43:39+02:00
znver4,simde,512,main_scan_int,30,"and 3",0.79,7.4940,8.4751,31,31,2026-10-06T11:43:39+02:00
znver4,simde,512,main_scan_int,30,"and 3",0.79,9.0586,10.4717,31,31,2026-10-06T11:43:39+02:00
znver4,simde,512,main_scan_int,30,"and 1",1.00,14.8563,20.8231,31,31,2026-10-06T11:43:39+02:00
znver4,simde,512,main_scan_int,30,"and 1",1.00,15.6946,20.1613,31,31,2026-10-06T11:43:39+02:00
znver4,simde,512,main_scan_int,30,"and 1",1.00,15.6148,19.3343,31,31,2026-10-06T11:43:39+02:00
znver4,simde,512,main_scan_int,30,"and 1",1.00,15.5886,20.9605,31,31,2026-10-06T11:43:39+02:00
znver4,simde,512,main_scan_int,30,"and 1",1.00,15.4300,20.2285,31,31,2026-10-06T11:43:39+02:00
znver4,simde,512,main_scan_int,30,"and 2",1.00,11.6904,12.1340,31,31,2026-10-06T11:43:39+02:00
znver4,simde,512,main_scan_int,30,"and 2",1.00,12.0447,15.1601,31,31,2026-10-06T11:43:39+02:00
znver4,simde,512,main_scan_int,30,"and 2",1.00,6.6467,14.3542,31,31,2026-10-06T11:43:39+02:00
znver4,simde,512,main_scan_int,30,"and 2",1.00,10.9798,14.7257,31,31,2026-10-06T11:43:39+02:00
znver4,simde,512,main_scan_int,30,"and 2",1.00,11.7020,14.7990,31,31,2026-10-06T11:43:39+02:00
znver4,simde,512,main_scan_int,30,"and 3",1.00,9.6460,11.3454,31,31,2026-10-06T11:43:39+02:00
znver4,simde,512,main_scan_int,30,"and 3",1.00,5.7996,11.7558,31,31,2026-10-06T11:43:39+02:00
znver4,simde,512,main_scan_int,30,"and 3",1.00,10.1053,10.9959,31,31,2026-10-06T11:43:39+02:00
znver4,simde,512,main_scan_int,30,"and 3",1.00,10.0075,10.5927,31,31,2026-10-06T11:43:39+02:00
znver4,simde,512,main_scan_int,30,"and 3",1.00,9.3029,11.5735,31,31,2026-10-06T11:43:39+02:00
znver4,simde,512,main_scan_enc,30,"and 1",0.00,11.2298,13.2559,31,31,2026-10-06T11:43:55+02:00
znver4,simde,512,main_scan_enc,30,"and 1",0.00,60.1667,13.9632,31,31,2026-10-06T11:43:55+02:00
znver4,simde,512,main_scan_enc,30,"and 1",0.00,63.4736,277.7299,31,31,2026-10-06T11:43:55+02:00
znver4,simde,512,main_scan_enc,30,"and 1",0.00,64.0790,281.3589,31,31,2026-10-06T11:43:55+02:00
znver4,simde,512,main_scan_enc,30,"and 1",0.00,60.6956,282.6184,31,31,2026-10-06T11:43:55+02:00
znver4,simde,512,main_scan_enc,30,"and 2",0.03,26.4630,36.8050,31,31,2026-10-06T11:43:55+02:00
znver4,simde,512,main_scan_enc,30,"and 2",0.03,41.2855,103.0477,31,31,2026-10-06T11:43:55+02:00
znver4,simde,512,main_scan_enc,30,"and 2",0.03,18.7361,97.2848,31,31,2026-10-06T11:43:55+02:00
znver4,simde,512,main_scan_enc,30,"and 2",0.03,40.9792,35.3388,31,31,2026-10-06T11:43:55+02:00
znver4,simde,512,main_scan_enc,30,"and 2",0.03,30.4935,78.6152,31,31,2026-10-06T11:43:55+02:00
znver4,simde,512,main_scan_enc,30,"and 3",0.10,20.7359,39.6057,31,31,2026-10-06T11:43:55+02:00
znver4,simde,512,main_scan_enc,30,"and 3",0.10,16.3059,30.7569,31,31,2026-10-06T11:43:55+02:00
znver4,simde,512,main_scan_enc,30,"and 3",0.10,20.0909,50.4610,31,31,2026-10-06T11:43:55+02:00
znver4,simde,512,main_scan_enc,30,"and 3",0.10,21.5790,51.3437,31,31,2026-10-06T11:43:55+02:00
znver4,simde,512,main_scan_enc,30,"and 3",0.10,20.7121,53.4232,31,31,2026-10-06T11:43:55+02:00
znver4,simde,512,main_scan_enc,30,"and 1",0.00,35.4072,38.6386,31,31,2026-10-06T11:43:55+02:00
znver4,simde,512,main_scan_enc,30,"and 1",0.00,50.7931,113.6586,31,31,2026-10-06T11:43:55+02:00
znver4,simde,512,main_scan_enc,30,"and 1",0.00,11.6789,36.7600,31,31,2026-10-06T11:43:55+02:00
znver4,simde,512,main_scan_enc,30,"and 1",0.00,59.5354,13.7764,31,31,2026-10-06T11:43:55+02:00
znver4,simde,512,main_scan_enc,30,"and 1",0.00,38.4218,12.8112,31,31,2026-10-06T11:43:55+02:00
znver4,simde,512,main_scan_enc,30,"and 2",0.04,13.1370,22.8125,31,31,2026-10-06T11:43:55+02:00
znver4,simde,512,main_scan_enc,30,"and 2",0.04,11.4719,22.9268,31,31,2026-10-06T11:43:55+02:00
znver4,simde,512,main_scan_enc,30,"and 2",0.04,11.3484,49.2843,31,31,2026-10-06T11:43:55+02:00
znver4,simde,512,main_scan_enc,30,"and 2",0.04,16.2572,12.0353,31,31,2026-10-06T11:43:55+02:00
znver4,simde,512,main_scan_enc,30,"and 2",0.04,9.8531,56.9811,31,31,2026-10-06T11:43:55+02:00
znver4,simde,512,main_scan_enc,30,"and 3",0.13,19.6580,36.7208,31,31,2026-10-06T11:43:55+02:00
znver4,simde,512,main_scan_enc,30,"and 3",0.13,20.8284,40.7794,31,31,2026-10-06T11:43:55+02:00
znver4,simde,512,main_scan_enc,30,"and 3",0.13,11.2048,8.3083,31,31,2026-10-06T11:43:55+02:00
znver4,simde,512,main_scan_enc,30,"and 3",0.13,21.1624,44.2127,31,31,2026-10-06T11:43:55+02:00
znver4,simde,512,main_scan_enc,30,"and 3",0.13,8.8816,42.7539,31,31,2026-10-06T11:43:55+02:00
znver4,simde,512,main_scan_enc,30,"and 1",0.01,13.4540,65.3848,31,31,2026-10-06T11:43:55+02:00
znver4,simde,512,main_scan_enc,30,"and 1",0.01,13.6152,17.0656,31,31,2026-10-06T11:43:55+02:00
znver4,simde,512,main_scan_enc,30,"and 1",0.01,33.8318,98.0373,31,31,2026-10-06T11:43:55+02:00
znver4,simde,512,main_scan_enc,30,"and 1",0.01,49.4934,13.7331,31,31,2026-10-06T11:43:55+02:00
znver4,simde,512,main_scan_enc,30,"and 1",0.01,54.2623,13.5482,31,31,2026-10-06T11:43:55+02:00
znver4,simde,512,main_scan_enc,30,"and 2",0.07,19.3264,23.7824,31,31,2026-10-06T11:43:55+02:00
znver4,simde,512,main_scan_enc,30,"and 2",0.07,12.5031,14.1441,31,31,2026-10-06T11:43:55+02:00
znver4,simde,512,main_scan_enc,30,"and 2",0.07,12.9967,18.6982,31,31,2026-10-06T11:43:55+02:00
znver4,simde,512,main_scan_enc,30,"and 2",0.07,27.4034,91.5592,31,31,2026-10-06T11:43:55+02:00
znver4,simde,512,main_scan_enc,30,"and 2",0.07,15.4074,84.4605,31,31,2026-10-06T11:43:55+02:00
znver4,simde,512,main_scan_enc,30,"and 3",0.17,17.9524,42.0644,31,31,2026-10-06T11:43:55+02:00
znver4,simde,512,main_scan_enc,30,"and 3",0.17,16.5508,17.4662,31,31,2026-10-06T11:43:55+02:00
znver4,simde,512,main_scan_enc,30,"and 3",0.17,17.7791,35.0672,31,31,2026-10-06T11:43:55+02:00
znver4,simde,512,main_scan_enc,30,"and 3",0.17,9.0291,19.9778,31,31,2026-10-06T11:43:55+02:00
znver4,simde,512,main_scan_enc,30,"and 3",0.17,10.4531,34.8991,31,31,2026-10-06T11:43:55+02:00
znver4,simde,512,main_scan_enc,30,"and 1",0.01,17.6323,37.4888,31,31,2026-10-06T11:43:55+02:00
znver4,simde,512,main_scan_enc,30,"and 1",0.01,9.7328,14.5143,31,31,2026-10-06T11:43:55+02:00
znver4,simde,512,main_scan_enc,30,"and 1",0.01,36.1644,12.7239,31,31,2026-10-06T11:43:55+02:00
znver4,simde,512,main_scan_enc,30,"and 1",0.01,38.6090,8.1835,31,31,2026-10-06T11:43:55+02:00
znver4,simde,512,main_scan_enc,30,"and 1",0.01,18.5749,29.0284,31,31,2026-10-06T11:43:55+02:00
znver4,simde,512,main_scan_enc,30,"and 2",0.10,10.1033,58.8629,31,31,2026-10-06T11:43:55+02:00
znver4,simde,512,main_scan_enc,30,"and 2",0.10,16.4459,26.8228,31,31,2026-10-06T11:43:55+02:00
znver4,simde,512,main_scan_enc,30,"and 2",0.10,9.8503,14.6635,31,31,2026-10-06T11:43:55+02:00
znver4,simde,512,main_scan_enc,30,"and 2",0.10,10.7374,45.3773,31,31,2026-10-06T11:43:55+02:00
znver4,simde,512,main_scan_enc,30,"and 2",0.10,9.7332,45.5690,31,31,2026-10-06T11:43:55+02:00
znver4,simde,512,main_scan_enc,30,"and 3",0.22,9.8276,26.6890,31,31,2026-10-06T11:43:55+02:00
znver4,simde,512,main_scan_enc,30,"and 3",0.22,9.4343,13.6047,31,31,2026-10-06T11:43:55+02:00
znver4,simde,512,main_scan_enc,30,"and 3",0.22,7.8420,16.3901,31,31,2026-10-06T11:43:55+02:00
znver4,simde,512,main_scan_enc,30,"and 3",0.22,7.4175,15.2654,31,31,2026-10-06T11:43:55+02:00
znver4,simde,512,main_scan_enc,30,"and 3",0.22,9.6396,27.9014,31,31,2026-10-06T11:43:55+02:00
znver4,simde,512,main_scan_enc,30,"and 1",0.02,17.7685,34.2959,31,31,2026-10-06T11:43:55+02:00
znver4,simde,512,main_scan_enc,30,"and 1",0.02,17.1434,34.4633,31,31,2026-10-06T11:43:55+02:00
znver4,simde,512,main_scan_enc,30,"and 1",0.02,30.2159,23.4578,31,31,2026-10-06T11:43:55+02:00
znver4,simde,512,main_scan_enc,30,"and 1",0.02,30.2848,14.9075,31,31,2026-10-06T11:43:55+02:00
znver4,simde,512,main_scan_enc,30,"and 1",0.02,19.0199,22.0405,31,31,2026-10-06T11:43:55+02:00
znver4,simde,512,main_scan_enc,30,"and 2",0.14,11.0492,15.2189,31,31,2026-10-06T11:43:55+02:00
znver4,simde,512,main_scan_enc,30,"and 2",0.14,18.8135,22.2449,31,31,2026-10-06T11:43:55+02:00
znver4,simde,512,main_scan_enc,30,"and 2",0.14,8.4949,16.3360,31,31,2026-10-06T11:43:55+02:00
znver4,simde,512,main_scan_enc,30,"and 2",0.14,12.4184,13.9688,31,31,2026-10-06T11:43:55+02:00
znver4,simde,512,main_scan_enc,30,"and 2",0.14,11.3698,12.6488,31,31,2026-10-06T11:43:55+02:00
znver4,simde,512,main_scan_enc,30,"and 3",0.27,8.6225,29.7397,31,31,2026-10-06T11:43:55+02:00
znver4,simde,512,main_scan_enc,30,"and 3",0.27,7.6637,23.5373,31,31,2026-10-06T11:43:55+02:00
znver4,simde,512,main_scan_enc,30,"and 3",0.27,7.7560,23.3081,31,31,2026-10-06T11:43:55+02:00
znver4,simde,512,main_scan_enc,30,"and 3",0.27,11.1311,18.6980,31,31,2026-10-06T11:43:55+02:00
znver4,simde,512,main_scan_enc,30,"and 3",0.27,11.4912,17.3791,31,31,2026-10-06T11:43:55+02:00
znver4,simde,512,main_scan_enc,30,"and 1",0.05,27.7275,10.2923,31,31,2026-10-06T11:43:55+02:00
znver4,simde,512,main_scan_enc,30,"and 1",0.05,42.5512,31.4323,31,31,2026-10-06T11:43:55+02:00
znver4,simde,512,main_scan_enc,30,"and 1",0.05,26.9979,11.7508,31,31,2026-10-06T11:43:55+02:00
znver4,simde,512,main_scan_enc,30,"and 1",0.05,37.7755,33.5566,31,31,2026-10-06T11:43:55+02:00
znver4,simde,512,main_scan_enc,30,"and 1",0.05,24.0300,32.8293,31,31,2026-10-06T11:43:55+02:00
znver4,simde,512,main_scan_enc,30,"and 2",0.22,18.3485,30.5366,31,31,2026-10-06T11:43:55+02:00
znver4,simde,512,main_scan_enc,30,"and 2",0.22,12.5547,26.7148,31,31,2026-10-06T11:43:55+02:00
znver4,simde,512,main_scan_enc,30,"and 2",0.22,17.1223,29.4989,31,31,2026-10-06T11:43:55+02:00
znver4,simde,512,main_scan_enc,30,"and 2",0.22,18.0746,15.2583,31,31,2026-10-06T11:43:55+02:00
znver4,simde,512,main_scan_enc,30,"and 2",0.22,9.1587,19.2376,31,31,2026-10-06T11:43:55+02:00
znver4,simde,512,main_scan_enc,30,"and 3",0.37,8.9019,11.2455,31,31,2026-10-06T11:43:55+02:00
znver4,simde,512,main_scan_enc,30,"and 3",0.37,6.6678,23.0774,31,31,2026-10-06T11:43:55+02:00
znver4,simde,512,main_scan_enc,30,"and 3",0.37,8.6959,14.8376,31,31,2026-10-06T11:43:55+02:00
znver4,simde,512,main_scan_enc,30,"and 3",0.37,9.6503,24.0136,31,31,2026-10-06T11:43:55+02:00
znver4,simde,512,main_scan_enc,30,"and 3",0.37,10.0935,23.8932,31,31,2026-10-06T11:43:55+02:00
znver4,simde,512,main_scan_enc,30,"and 1",0.10,34.3117,24.3875,31,31,2026-10-06T11:43:55+02:00
znver4,simde,512,main_scan_enc,30,"and 1",0.10,35.4163,24.7767,31,31,2026-10-06T11:43:55+02:00
znver4,simde,512,main_scan_enc,30,"and 1",0.10,36.0628,25.1294,31,31,2026-10-06T11:43:55+02:00
znver4,simde,512,main_scan_enc,30,"and 1",0.10,32.4955,24.4944,31,31,2026-10-06T11:43:55+02:00
znver4,simde,512,main_scan_enc,30,"and 1",0.10,36.2184,24.9188,31,31,2026-10-06T11:43:55+02:00
znver4,simde,512,main_scan_enc,30,"and 2",0.32,12.2304,23.0392,31,31,2026-10-06T11:43:55+02:00
znver4,simde,512,main_scan_enc,30,"and 2",0.32,13.2139,23.5728,31,31,2026-10-06T11:43:55+02:00
znver4,simde,512,main_scan_enc,30,"and 2",0.32,11.6957,23.3907,31,31,2026-10-06T11:43:55+02:00
znver4,simde,512,main_scan_enc,30,"and 2",0.32,8.4140,23.4557,31,31,2026-10-06T11:43:55+02:00
znver4,simde,512,main_scan_enc,30,"and 2",0.32,13.2835,23.7220,31,31,2026-10-06T11:43:55+02:00
znver4,simde,512,main_scan_enc,30,"and 3",0.46,8.1388,20.1983,31,31,2026-10-06T11:43:55+02:00
znver4,simde,512,main_scan_enc,30,"and 3",0.46,8.1123,20.5839,31,31,2026-10-06T11:43:55+02:00
znver4,simde,512,main_scan_enc,30,"and 3",0.46,8.0817,20.7768,31,31,2026-10-06T11:43:55+02:00
znver4,simde,512,main_scan_enc,30,"and 3",0.46,8.1260,18.9308,31,31,2026-10-06T11:43:55+02:00
znver4,simde,512,main_scan_enc,30,"and 3",0.46,8.0038,20.0220,31,31,2026-10-06T11:43:55+02:00
znver4,simde,512,main_scan_enc,30,"and 1",0.20,24.1897,20.4316,31,31,2026-10-06T11:43:55+02:00
znver4,simde,512,main_scan_enc,30,"and 1",0.20,15.2087,12.4240,31,31,2026-10-06T11:43:55+02:00
znver4,simde,512,main_scan_enc,30,"and 1",0.20,15.7843,17.8133,31,31,2026-10-06T11:43:55+02:00
znver4,simde,512,main_scan_enc,30,"and 1",0.20,19.2358,13.5793,31,31,2026-10-06T11:43:55+02:00
znver4,simde,512,main_scan_enc,30,"and 1",0.20,19.6704,19.6617,31,31,2026-10-06T11:43:55+02:00
znver4,simde,512,main_scan_enc,30,"and 2",0.45,8.4063,19.8526,31,31,2026-10-06T11:43:55+02:00
znver4,simde,512,main_scan_enc,30,"and 2",0.45,6.1973,18.3705,31,31,2026-10-06T11:43:55+02:00
znver4,simde,512,main_scan_enc,30,"and 2",0.45,8.3111,16.1200,31,31,2026-10-06T11:43:55+02:00
znver4,simde,512,main_scan_enc,30,"and 2",0.45,8.8830,19.8965,31,31,2026-10-06T11:43:55+02:00
znver4,simde,512,main_scan_enc,30,"and 2",0.45,5.5772,10.9641,31,31,2026-10-06T11:43:55+02:00
znver4,simde,512,main_scan_enc,30,"and 3",0.58,6.7031,17.5012,31,31,2026-10-06T11:43:55+02:00
znver4,simde,512,main_scan_enc,30,"and 3",0.58,4.7752,18.0618,31,31,2026-10-06T11:43:55+02:00
znver4,simde,512,main_scan_enc,30,"and 3",0.58,4.9297,15.0315,31,31,2026-10-06T11:43:55+02:00
znver4,simde,512,main_scan_enc,30,"and 3",0.58,5.1423,9.0847,31,31,2026-10-06T11:43:55+02:00
znver4,simde,512,main_scan_enc,30,"and 3",0.58,5.1106,9.7064,31,31,2026-10-06T11:43:55+02:00
znver4,simde,512,main_scan_enc,30,"and 1",0.50,12.4694,18.0337,31,31,2026-10-06T11:43:55+02:00
znver4,simde,512,main_scan_enc,30,"and 1",0.50,8.4044,11.2227,31,31,2026-10-06T11:43:55+02:00
znver4,simde,512,main_scan_enc,30,"and 1",0.50,8.6060,10.2149,31,31,2026-10-06T11:43:55+02:00
znver4,simde,512,main_scan_enc,30,"and 1",0.50,8.9647,18.3095,31,31,2026-10-06T11:43:55+02:00
znver4,simde,512,main_scan_enc,30,"and 1",0.50,7.2887,11.8310,31,31,2026-10-06T11:43:55+02:00
znver4,simde,512,main_scan_enc,30,"and 2",0.71,6.7939,16.3858,31,31,2026-10-06T11:43:55+02:00
znver4,simde,512,main_scan_enc,30,"and 2",0.71,6.3525,16.0870,31,31,2026-10-06T11:43:55+02:00
znver4,simde,512,main_scan_enc,30,"and 2",0.71,6.8606,8.9829,31,31,2026-10-06T11:43:55+02:00
znver4,simde,512,main_scan_enc,30,"and 2",0.71,9.3264,9.0600,31,31,2026-10-06T11:43:55+02:00
znver4,simde,512,main_scan_enc,30,"and 2",0.71,6.0465,11.2670,31,31,2026-10-06T11:43:55+02:00
znver4,simde,512,main_scan_enc,30,"and 3",0.79,4.9740,10.1968,31,31,2026-10-06T11:43:55+02:00
znver4,simde,512,main_scan_enc,30,"and 3",0.79,6.9114,8.2266,31,31,2026-10-06T11:43:55+02:00
znver4,simde,512,main_scan_enc,30,"and 3",0.79,4.5344,15.9651,31,31,2026-10-06T11:43:55+02:00
znver4,simde,512,main_scan_enc,30,"and 3",0.79,5.4787,13.6877,31,31,2026-10-06T11:43:55+02:00
znver4,simde,512,main_scan_enc,30,"and 3",0.79,4.0629,10.3773,31,31,2026-10-06T11:43:55+02:00
znver4,simde,512,main_scan_enc,30,"and 1",1.00,18.4233,8.8241,31,31,2026-10-06T11:43:55+02:00
znver4,simde,512,main_scan_enc,30,"and 1",1.00,16.1553,10.5604,31,31,2026-10-06T11:43:55+02:00
znver4,simde,512,main_scan_enc,30,"and 1",1.00,16.5713,15.1820,31,31,2026-10-06T11:43:55+02:00
znver4,simde,512,main_scan_enc,30,"and 1",1.00,13.4635,11.2403,31,31,2026-10-06T11:43:55+02:00
znver4,simde,512,main_scan_enc,30,"and 1",1.00,15.5327,15.0455,31,31,2026-10-06T11:43:55+02:00
znver4,simde,512,main_scan_enc,30,"and 2",1.00,16.0882,10.4284,31,31,2026-10-06T11:43:55+02:00
znver4,simde,512,main_scan_enc,30,"and 2",1.00,15.9549,15.6174,31,31,2026-10-06T11:43:55+02:00
znver4,simde,512,main_scan_enc,30,"and 2",1.00,15.5925,15.4930,31,31,2026-10-06T11:43:55+02:00
znver4,simde,512,main_scan_enc,30,"and 2",1.00,16.0159,15.8410,31,31,2026-10-06T11:43:55+02:00
znver4,simde,512,main_scan_enc,30,"and 2",1.00,14.5025,10.5490,31,31,2026-10-06T11:43:55+02:00
znver4,simde,512,main_scan_enc,30,"and 3",1.00,13.8788,9.0262,31,31,2026-10-06T11:43:55+02:00
znver4,simde,512,main_scan_enc,30,"and 3",1.00,11.3219,12.2021,31,31,2026-10-06T11:43:55+02:00
znver4,simde,512,main_scan_enc,30,"and 3",1.00,8.3549,8.6873,31,31,2026-10-06T11:43:55+02:00
znver4,simde,512,main_scan_enc,30,"and 3",1.00,9.2028,10.5202,31,31,2026-10-06T11:43:55+02:00
znver4,simde,512,main_scan_enc,30,"and 3",1.00,13.8712,14.3084,31,31,2026-10-06T11:43:55+02:00
znver4,simde,512,main_gather,30,"gather_byte",100.00,0.387867,0.387867,31,31,2026-10-06T11:45:00+02:00
znver4,simde,512,main_gather,30,"gather_short",100.00,0.295202,0.295202,31,31,2026-10-06T11:45:00+02:00
znver4,simde,512,main_gather,30,"gather_int",100.00,0.201115,0.201115,31,31,2026-10-06T11:45:00+02:00
znver4,simde,512,main_gather,30,"gather_long",100.00,0.172964,0.172964,31,31,2026-10-06T11:45:00+02:00
znver4,simde,512,main_gather,30,"gather_char",100.00,0.046349,0.046349,31,31,2026-10-06T11:45:00+02:00
znver4,simde,512,main_gather,30,"gather_encoded",100.00,0.347640,0.347640,31,31,2026-10-06T11:45:00+02:00
znver4,simde,512,main_gather,30,"copy_encoded",100.00,9.142751,9.142751,31,31,2026-10-06T11:45:00+02:00
znver4,simde,512,main_filter,30,"filter_byte_eq",100.00,0.151615,0.151615,31,31,2026-10-06T11:48:11+02:00
znver4,simde,512,main_filter,30,"filter_byte_lt",100.00,0.163959,0.163959,31,31,2026-10-06T11:48:11+02:00
znver4,simde,512,main_filter,30,"filter_byte_gt",100.00,0.159797,0.159797,31,31,2026-10-06T11:48:11+02:00
znver4,simde,512,main_filter,30,"filter_byte_ne",100.00,0.161200,0.161200,31,31,2026-10-06T11:48:11+02:00
znver4,simde,512,main_filter,30,"filter_byte_le",100.00,0.165729,0.165729,31,31,2026-10-06T11:48:11+02:00
znver4,simde,512,main_filter,30,"filter_byte_ge",100.00,0.165471,0.165471,31,31,2026-10-06T11:48:11+02:00
znver4,simde,512,main_filter,30,"filter_short_eq",100.00,0.077762,0.077762,31,31,2026-10-06T11:48:11+02:00
znver4,simde,512,main_filter,30,"filter_short_lt",100.00,0.078081,0.078081,31,31,2026-10-06T11:48:11+02:00
znver4,simde,512,main_filter,30,"filter_short_gt",100.00,0.077562,0.077562,31,31,2026-10-06T11:48:11+02:00
znver4,simde,512,main_filter,30,"filter_short_ne",100.00,0.075555,0.075555,31,31,2026-10-06T11:48:11+02:00
znver4,simde,512,main_filter,30,"filter_short_le",100.00,0.077836,0.077836,31,31,2026-10-06T11:48:11+02:00
znver4,simde,512,main_filter,30,"filter_short_ge",100.00,0.078476,0.078476,31,31,2026-10-06T11:48:11+02:00
znver4,simde,512,main_filter,30,"filter_int_eq",100.00,0.066144,0.066144,31,31,2026-10-06T11:48:11+02:00
znver4,simde,512,main_filter,30,"filter_int_lt",100.00,0.066186,0.066186,31,31,2026-10-06T11:48:11+02:00
znver4,simde,512,main_filter,30,"filter_int_gt",100.00,0.065918,0.065918,31,31,2026-10-06T11:48:11+02:00
znver4,simde,512,main_filter,30,"filter_int_ne",100.00,0.064853,0.064853,31,31,2026-10-06T11:48:11+02:00
znver4,simde,512,main_filter,30,"filter_int_le",100.00,0.064406,0.064406,31,31,2026-10-06T11:48:11+02:00
znver4,simde,512,main_filter,30,"filter_int_ge",100.00,0.065300,0.065300,31,31,2026-10-06T11:48:11+02:00
znver4,simde,512,main_filter,30,"filter_long_eq",100.00,0.055594,0.055594,31,31,2026-10-06T11:48:11+02:00
znver4,simde,512,main_filter,30,"filter_long_lt",100.00,0.054438,0.054438,31,31,2026-10-06T11:48:11+02:00
znver4,simde,512,main_filter,30,"filter_long_gt",100.00,0.054972,0.054972,31,31,2026-10-06T11:48:11+02:00
znver4,simde,512,main_filter,30,"filter_long_ne",100.00,0.054808,0.054808,31,31,2026-10-06T11:48:11+02:00
znver4,simde,512,main_filter,30,"filter_long_le",100.00,0.054929,0.054929,31,31,2026-10-06T11:48:11+02:00
znver4,simde,512,main_filter,30,"filter_long_ge",100.00,0.054474,0.054474,31,31,2026-10-06T11:48:11+02:00
znver4,simde,512,main_filter,30,"filter_float_eq",100.00,0.061955,0.061955,31,31,2026-10-06T11:48:11+02:00
znver4,simde,512,main_filter,30,"filter_float_lt",100.00,0.061304,0.061304,31,31,2026-10-06T11:48:11+02:00
znver4,simde,512,main_filter,30,"filter_float_gt",100.00,0.062521,0.062521,31,31,2026-10-06T11:48:11+02:00
znver4,simde,512,main_filter,30,"filter_float_ne",100.00,0.064752,0.064752,31,31,2026-10-06T11:48:11+02:00
znver4,simde,512,main_filter,30,"filter_float_le",100.00,0.064500,0.064500,31,31,2026-10-06T11:48:11+02:00
znver4,simde,512,main_filter,30,"filter_float_ge",100.00,0.062775,0.062775,31,31,2026-10-06T11:48:11+02:00
znver4,simde,512,main_filter,30,"filter_double_eq",100.00,0.053635,0.053635,31,31,2026-10-06T11:48:11+02:00
znver4,simde,512,main_filter,30,"filter_double_lt",100.00,0.052929,0.052929,31,31,2026-10-06T11:48:11+02:00
znver4,simde,512,main_filter,30,"filter_double_gt",100.00,0.052733,0.052733,31,31,2026-10-06T11:48:11+02:00
znver4,simde,512,main_filter,30,"filter_double_ne",100.00,0.052450,0.052450,31,31,2026-10-06T11:48:11+02:00
znver4,simde,512,main_filter,30,"filter_double_le",100.00,0.052948,0.052948,31,31,2026-10-06T11:48:11+02:00
znver4,simde,512,main_filter,30,"filter_double_ge",100.00,0.053130,0.053130,31,31,2026-10-06T11:48:11+02:00
znver4,simde,512,main_filter,30,"filter_char_eq",100.00,0.069285,0.069285,31,31,2026-10-06T11:48:11+02:00
znver4,simde,512,main_filter,30,"filter_char_lt",100.00,0.042297,0.042297,31,31,2026-10-06T11:48:11+02:00
znver4,simde,512,main_filter,30,"filter_char_gt",100.00,0.042212,0.042212,31,31,2026-10-06T11:48:11+02:00
znver4,simde,512,main_filter,30,"filter_char_ne",100.00,0.068911,0.068911,31,31,2026-10-06T11:48:11+02:00
znver4,simde,512,main_filter,30,"filter_char_le",100.00,0.041794,0.041794,31,31,2026-10-06T11:48:11+02:00
znver4,simde,512,main_filter,30,"filter_char_ge",100.00,0.042143,0.042143,31,31,2026-10-06T11:48:11+02:00
znver4,simde,512,main_shuffle,23,"shuffle_offset",100.00,1.159873,1.159873,31,31,2026-10-06T11:49:17+02:00
znver4,simde,512,main_shuffle,23,"shuffle_byte",100.00,1.608605,1.608605,31,31,2026-10-06T11:49:17+02:00
znver4,simde,512,main_shuffle,23,"flush_byte",100.00,2589.715979,2589.715979,31,31,2026-10-06T11:49:17+02:00
znver4,simde,512,main_shuffle,23,"shuffle_short",100.00,1.093165,1.093165,31,31,2026-10-06T11:49:17+02:00
znver4,simde,512,main_shuffle,23,"flush_short",100.00,3102.066415,3102.066415,31,31,2026-10-06T11:49:17+02:00
znver4,simde,512,main_shuffle,23,"shuffle_int",100.00,0.854365,0.854365,31,31,2026-10-06T11:49:17+02:00
znver4,simde,512,main_shuffle,23,"flush_int",100.00,3342.607587,3342.607587,31,31,2026-10-06T11:49:17+02:00
znver4,simde,512,main_shuffle,23,"shuffle_long",100.00,0.627205,0.627205,31,31,2026-10-06T11:49:17+02:00
znver4,simde,512,main_shuffle,23,"flush_long",100.00,4591.968469,4591.968469,31,31,2026-10-06T11:49:17+02:00
znver4,simde,512,main_shuffle,23,"shuffle_char",100.00,0.066283,0.066283,31,31,2026-10-06T11:49:17+02:00
znver4,simde,512,main_shuffle,23,"flush_char",100.00,2837.851516,2837.851516,31,31,2026-10-06T11:49:17+02:00
znver4,simde,512,main_part,30,"int * 1 | 2^4",,5.5632,5.5632,31,31,2026-10-06T11:50:16+02:00
znver4,simde,512,main_part,30,"int * 1 | 2^4",,5.5468,5.5468,31,31,2026-10-06T11:50:16+02:00
znver4,simde,512,main_part,30,"int * 1 | 2^4",,7.5059,7.5059,31,31,2026-10-06T11:50:16+02:00
znver4,simde,512,main_part,30,"int * 1 | 2^4",,7.4595,7.4595,31,31,2026-10-06T11:50:16+02:00
znver4,simde,512,main_part,30,"int * 1 | 2^4",,9.5174,9.5174,31,31,2026-10-06T11:50:16+02:00
znver4,simde,512,main_part,30,"int * 1 | 2^5",,7.4043,7.4043,31,31,2026-10-06T11:50:16+02:00
znver4,simde,512,main_part,30,"int * 1 | 2^5",,9.0539,9.0539,31,31,2026-10-06T11:50:16+02:00
znver4,simde,512,main_part,30,"int * 1 | 2^5",,7.8023,7.8023,31,31,2026-10-06T11:50:16+02:00
znver4,simde,512,main_part,30,"int * 1 | 2^5",,8.0399,8.0399,31,31,2026-10-06T11:50:16+02:00
znver4,simde,512,main_part,30,"int * 1 | 2^5",,8.0908,8.0908,31,31,2026-10-06T11:50:16+02:00
znver4,simde,512,main_part,30,"int * 1 | 2^6",,6.6334,6.6334,31,31,2026-10-06T11:50:16+02:00
znver4,simde,512,main_part,30,"int * 1 | 2^6",,5.7347,5.7347,31,31,2026-10-06T11:50:16+02:00
znver4,simde,512,main_part,30,"int * 1 | 2^6",,8.5152,8.5152,31,31,2026-10-06T11:50:16+02:00
znver4,simde,512,main_part,30,"int * 1 | 2^6",,7.6176,7.6176,31,31,2026-10-06T11:50:16+02:00
znver4,simde,512,main_part,30,"int * 1 | 2^6",,8.0623,8.0623,31,31,2026-10-06T11:50:16+02:00
znver4,simde,512,main_part,30,"int * 1 | 2^7",,7.6577,7.6577,31,31,2026-10-06T11:50:16+02:00
znver4,simde,512,main_part,30,"int * 1 | 2^7",,11.0806,11.0806,31,31,2026-10-06T11:50:16+02:00
znver4,simde,512,main_part,30,"int * 1 | 2^7",,10.2092,10.2092,31,31,2026-10-06T11:50:16+02:00
znver4,simde,512,main_part,30,"int * 1 | 2^7",,7.4411,7.4411,31,31,2026-10-06T11:50:16+02:00
znver4,simde,512,main_part,30,"int * 1 | 2^7",,7.5016,7.5016,31,31,2026-10-06T11:50:16+02:00
znver4,simde,512,main_part,30,"int * 1 | 2^8",,9.7932,9.7932,31,31,2026-10-06T11:50:16+02:00
znver4,simde,512,main_part,30,"int * 1 | 2^8",,8.7597,8.7597,31,31,2026-10-06T11:50:16+02:00
znver4,simde,512,main_part,30,"int * 1 | 2^8",,8.4374,8.4374,31,31,2026-10-06T11:50:16+02:00
znver4,simde,512,main_part,30,"int * 1 | 2^8",,7.8876,7.8876,31,31,2026-10-06T11:50:16+02:00
znver4,simde,512,main_part,30,"int * 1 | 2^8",,10.1424,10.1424,31,31,2026-10-06T11:50:16+02:00
znver4,simde,512,main_part,30,"int * 2 | 2^4",,6.0846,6.0846,31,31,2026-10-06T11:50:16+02:00
znver4,simde,512,main_part,30,"int * 2 | 2^4",,4.6638,4.6638,31,31,2026-10-06T11:50:16+02:00
znver4,simde,512,main_part,30,"int * 2 | 2^4",,6.3121,6.3121,31,31,2026-10-06T11:50:16+02:00
znver4,simde,512,main_part,30,"int * 2 | 2^4",,6.8464,6.8464,31,31,2026-10-06T11:50:16+02:00
znver4,simde,512,main_part,30,"int * 2 | 2^4",,6.6156,6.6156,31,31,2026-10-06T11:50:16+02:00
znver4,simde,512,main_part,30,"int * 2 | 2^5",,6.6502,6.6502,31,31,2026-10-06T11:50:16+02:00
znver4,simde,512,main_part,30,"int * 2 | 2^5",,7.2671,7.2671,31,31,2026-10-06T11:50:16+02:00
znver4,simde,512,main_part,30,"int * 2 | 2^5",,5.2383,5.2383,31,31,2026-10-06T11:50:16+02:00
znver4,simde,512,main_part,30,"int * 2 | 2^5",,6.0914,6.0914,31,31,2026-10-06T11:50:16+02:00
znver4,simde,512,main_part,30,"int * 2 | 2^5",,6.5872,6.5872,31,31,2026-10-06T11:50:16+02:00
znver4,simde,512,main_part,30,"int * 2 | 2^6",,6.8065,6.8065,31,31,2026-10-06T11:50:16+02:00
znver4,simde,512,main_part,30,"int * 2 | 2^6",,3.7323,3.7323,31,31,2026-10-06T11:50:16+02:00
znver4,simde,512,main_part,30,"int * 2 | 2^6",,6.0152,6.0152,31,31,2026-10-06T11:50:16+02:00
znver4,simde,512,main_part,30,"int * 2 | 2^6",,5.9207,5.9207,31,31,2026-10-06T11:50:16+02:00
znver4,simde,512,main_part,30,"int * 2 | 2^6",,6.0319,6.0319,31,31,2026-10-06T11:50:16+02:00
znver4,simde,512,main_part,30,"int * 2 | 2^7",,6.1571,6.1571,31,31,2026-10-06T11:50:16+02:00
znver4,simde,512,main_part,30,"int * 2 | 2^7",,5.3655,5.3655,31,31,2026-10-06T11:50:16+02:00
znver4,simde,512,main_part,30,"int * 2 | 2^7",,6.6022,6.6022,31,31,2026-10-06T11:50:16+02:00
znver4,simde,512,main_part,30,"int * 2 | 2^7",,6.8509,6.8509,31,31,2026-10-06T11:50:16+02:00
znver4,simde,512,main_part,30,"int * 2 | 2^7",,6.2646,6.2646,31,31,2026-10-06T11:50:16+02:00
znver4,simde,512,main_part,30,"int * 2 | 2^8",,6.9061,6.9061,31,31,2026-10-06T11:50:16+02:00
znver4,simde,512,main_part,30,"int * 2 | 2^8",,5.3819,5.3819,31,31,2026-10-06T11:50:16+02:00
znver4,simde,512,main_part,30,"int * 2 | 2^8",,6.0041,6.0041,31,31,2026-10-06T11:50:16+02:00
znver4,simde,512,main_part,30,"int * 2 | 2^8",,5.0380,5.0380,31,31,2026-10-06T11:50:16+02:00
znver4,simde,512,main_part,30,"int * 2 | 2^8",,5.0582,5.0582,31,31,2026-10-06T11:50:16+02:00
znver4,simde,512,main_part,30,"int * 3 | 2^4",,3.7773,3.7773,31,31,2026-10-06T11:50:16+02:00
znver4,simde,512,main_part,30,"int * 3 | 2^4",,5.0741,5.0741,31,31,2026-10-06T11:50:16+02:00
znver4,simde,512,main_part,30,"int * 3 | 2^4",,5.2365,5.2365,31,31,2026-10-06T11:50:16+02:00
znver4,simde,512,main_part,30,"int * 3 | 2^4",,5.1390,5.1390,31,31,2026-10-06T11:50:16+02:00
znver4,simde,512,main_part,30,"int * 3 | 2^4",,4.9026,4.9026,31,31,2026-10-06T11:50:16+02:00
znver4,simde,512,main_part,30,"int * 3 | 2^5",,5.4521,5.4521,31,31,2026-10-06T11:50:16+02:00
znver4,simde,512,main_part,30,"int * 3 | 2^5",,5.0417,5.0417,31,31,2026-10-06T11:50:16+02:00
znver4,simde,512,main_part,30,"int * 3 | 2^5",,5.3505,5.3505,31,31,2026-10-06T11:50:16+02:00
znver4,simde,512,main_part,30,"int * 3 | 2^5",,5.5008,5.5008,31,31,2026-10-06T11:50:16+02:00
znver4,simde,512,main_part,30,"int * 3 | 2^5",,5.4082,5.4082,31,31,2026-10-06T11:50:16+02:00
znver4,simde,512,main_part,30,"int * 3 | 2^6",,6.4256,6.4256,31,31,2026-10-06T11:50:16+02:00
znver4,simde,512,main_part,30,"int * 3 | 2^6",,5.3859,5.3859,31,31,2026-10-06T11:50:16+02:00
znver4,simde,512,main_part,30,"int * 3 | 2^6",,5.1942,5.1942,31,31,2026-10-06T11:50:16+02:00
znver4,simde,512,main_part,30,"int * 3 | 2^6",,4.7570,4.7570,31,31,2026-10-06T11:50:16+02:00
znver4,simde,512,main_part,30,"int * 3 | 2^6",,5.1581,5.1581,31,31,2026-10-06T11:50:16+02:00
znver4,simde,512,main_part,30,"int * 3 | 2^7",,5.5275,5.5275,31,31,2026-10-06T11:50:16+02:00
znver4,simde,512,main_part,30,"int * 3 | 2^7",,5.3899,5.3899,31,31,2026-10-06T11:50:16+02:00
znver4,simde,512,main_part,30,"int * 3 | 2^7",,5.2651,5.2651,31,31,2026-10-06T11:50:16+02:00
znver4,simde,512,main_part,30,"int * 3 | 2^7",,5.1303,5.1303,31,31,2026-10-06T11:50:16+02:00
znver4,simde,512,main_part,30,"int * 3 | 2^7",,5.0814,5.0814,31,31,2026-10-06T11:50:16+02:00
znver4,simde,512,main_part,30,"int * 3 | 2^8",,4.2110,4.2110,31,31,2026-10-06T11:50:16+02:00
znver4,simde,512,main_part,30,"int * 3 | 2^8",,5.1516,5.1516,31,31,2026-10-06T11:50:16+02:00
znver4,simde,512,main_part,30,"int * 3 | 2^8",,5.1877,5.1877,31,31,2026-10-06T11:50:16+02:00
znver4,simde,512,main_part,30,"int * 3 | 2^8",,6.0436,6.0436,31,31,2026-10-06T11:50:16+02:00
znver4,simde,512,main_part,30,"int * 3 | 2^8",,5.1707,5.1707,31,31,2026-10-06T11:50:16+02:00
znver4,simde,512,main_scan_int,31,"and 1",0.00,40.1261,48.3119,32,32,2026-10-06T11:50:28+02:00
znver4,simde,512,main_scan_int,31,"and 1",0.00,40.5772,31.4157,32,32,2026-10-06T11:50:28+02:00
znver4,simde,512,main_scan_int,31,"and 1",0.00,24.0136,61.9634,32,32,2026-10-06T11:50:28+02:00
znver4,simde,512,main_scan_int,31,"and 1",0.00,19.2072,55.8928,32,32,2026-10-06T11:50:28+02:00
znver4,simde,512,main_scan_int,31,"and 1",0.00,15.0438,23.4829,32,32,2026-10-06T11:50:28+02:00
znver4,simde,512,main_scan_int,31,"and 2",0.03,16.4508,27.5773,32,32,2026-10-06T11:50:28+02:00
znver4,simde,512,main_scan_int,31,"and 2",0.03,19.0613,13.7451,32,32,2026-10-06T11:50:28+02:00
znver4,simde,512,main_scan_int,31,"and 2",0.03,23.1249,30.5136,32,32,2026-10-06T11:50:28+02:00
znver4,simde,512,main_scan_int,31,"and 2",0.03,20.3254,29.0594,32,32,2026-10-06T11:50:28+02:00
znver4,simde,512,main_scan_int,31,"and 2",0.03,20.5582,21.6464,32,32,2026-10-06T11:50:28+02:00
znver4,simde,512,main_scan_int,31,"and 3",0.10,14.2251,21.0448,32,32,2026-10-06T11:50:28+02:00
znver4,simde,512,main_scan_int,31,"and 3",0.10,14.1784,11.0340,32,32,2026-10-06T11:50:28+02:00
znver4,simde,512,main_scan_int,31,"and 3",0.10,14.0627,23.7331,32,32,2026-10-06T11:50:28+02:00
znver4,simde,512,main_scan_int,31,"and 3",0.10,19.6250,21.9339,32,32,2026-10-06T11:50:28+02:00
znver4,simde,512,main_scan_int,31,"and 3",0.10,14.3170,21.8665,32,32,2026-10-06T11:50:28+02:00
znver4,simde,512,main_scan_int,31,"and 1",0.00,43.6770,44.0197,32,32,2026-10-06T11:50:28+02:00
znver4,simde,512,main_scan_int,31,"and 1",0.00,37.8070,23.8397,32,32,2026-10-06T11:50:28+02:00
znver4,simde,512,main_scan_int,31,"and 1",0.00,45.8095,44.5445,32,32,2026-10-06T11:50:28+02:00
znver4,simde,512,main_scan_int,31,"and 1",0.00,20.3042,56.8934,32,32,2026-10-06T11:50:28+02:00
znver4,simde,512,main_scan_int,31,"and 1",0.00,24.9564,48.8924,32,32,2026-10-06T11:50:28+02:00
znver4,simde,512,main_scan_int,31,"and 2",0.04,19.8810,16.2638,32,32,2026-10-06T11:50:28+02:00
znver4,simde,512,main_scan_int,31,"and 2",0.04,21.8640,27.6396,32,32,2026-10-06T11:50:28+02:00
znver4,simde,512,main_scan_int,31,"and 2",0.04,14.6886,17.7779,32,32,2026-10-06T11:50:28+02:00
znver4,simde,512,main_scan_int,31,"and 2",0.04,21.1469,30.5302,32,32,2026-10-06T11:50:28+02:00
znver4,simde,512,main_scan_int,31,"and 2",0.04,21.6482,28.6999,32,32,2026-10-06T11:50:28+02:00
znver4,simde,512,main_scan_int,31,"and 3",0.13,10.7977,15.0983,32,32,2026-10-06T11:50:28+02:00
znver4,simde,512,main_scan_int,31,"and 3",0.13,13.3017,12.2251,32,32,2026-10-06T11:50:28+02:00
znver4,simde,512,main_scan_int,31,"and 3",0.13,12.3393,21.6215,32,32,2026-10-06T11:50:28+02:00
znver4,simde,512,main_scan_int,31,"and 3",0.13,15.8018,21.6316,32,32,2026-10-06T11:50:28+02:00
znver4,simde,512,main_scan_int,31,"and 3",0.13,10.9954,21.3890,32,32,2026-10-06T11:50:28+02:00
znver4,simde,512,main_scan_int,31,"and 1",0.01,30.5639,49.8612,32,32,2026-10-06T11:50:28+02:00
znver4,simde,512,main_scan_int,31,"and 1",0.01,34.3940,43.6026,32,32,2026-10-06T11:50:28+02:00
znver4,simde,512,main_scan_int,31,"and 1",0.01,20.1583,11.9189,32,32,2026-10-06T11:50:28+02:00
znver4,simde,512,main_scan_int,31,"and 1",0.01,41.4532,39.2306,32,32,2026-10-06T11:50:28+02:00
znver4,simde,512,main_scan_int,31,"and 1",0.01,30.4425,25.8493,32,32,2026-10-06T11:50:28+02:00
znver4,simde,512,main_scan_int,31,"and 2",0.07,17.0728,23.3811,32,32,2026-10-06T11:50:28+02:00
znver4,simde,512,main_scan_int,31,"and 2",0.07,18.4584,22.2853,32,32,2026-10-06T11:50:28+02:00
znver4,simde,512,main_scan_int,31,"and 2",0.07,16.7872,26.3344,32,32,2026-10-06T11:50:28+02:00
znver4,simde,512,main_scan_int,31,"and 2",0.07,17.4960,11.7068,32,32,2026-10-06T11:50:28+02:00
znver4,simde,512,main_scan_int,31,"and 2",0.07,16.8114,26.8484,32,32,2026-10-06T11:50:28+02:00
znver4,simde,512,main_scan_int,31,"and 3",0.17,10.8793,16.8141,32,32,2026-10-06T11:50:28+02:00
znver4,simde,512,main_scan_int,31,"and 3",0.17,11.5660,14.2089,32,32,2026-10-06T11:50:28+02:00
znver4,simde,512,main_scan_int,31,"and 3",0.17,11.0788,13.0587,32,32,2026-10-06T11:50:28+02:00
znver4,simde,512,main_scan_int,31,"and 3",0.17,10.9507,18.3237,32,32,2026-10-06T11:50:28+02:00
znver4,simde,512,main_scan_int,31,"and 3",0.17,10.4117,17.2883,32,32,2026-10-06T11:50:28+02:00
znver4,simde,512,main_scan_int,31,"and 1",0.01,14.3130,16.1514,32,32,2026-10-06T11:50:28+02:00
znver4,simde,512,main_scan_int,31,"and 1",0.01,24.4050,29.4396,32,32,2026-10-06T11:50:28+02:00
znver4,simde,512,main_scan_int,31,"and 1",0.01,30.9569,41.1186,32,32,2026-10-06T11:50:28+02:00
znver4,simde,512,main_scan_int,31,"and 1",0.01,23.7964,39.5906,32,32,2026-10-06T11:50:28+02:00
znver4,simde,512,main_scan_int,31,"and 1",0.01,24.1760,40.4798,32,32,2026-10-06T11:50:28+02:00
znver4,simde,512,main_scan_int,31,"and 2",0.10,17.5867,23.8237,32,32,2026-10-06T11:50:28+02:00
znver4,simde,512,main_scan_int,31,"and 2",0.10,14.6344,23.4143,32,32,2026-10-06T11:50:28+02:00
znver4,simde,512,main_scan_int,31,"and 2",0.10,15.7891,20.7840,32,32,2026-10-06T11:50:28+02:00
znver4,simde,512,main_scan_int,31,"and 2",0.10,15.8589,21.0794,32,32,2026-10-06T11:50:28+02:00
znver4,simde,512,main_scan_int,31,"and 2",0.10,20.5992,15.5551,32,32,2026-10-06T11:50:28+02:00
znver4,simde,512,main_scan_int,31,"and 3",0.22,11.8861,10.6581,32,32,2026-10-06T11:50:28+02:00
znver4,simde,512,main_scan_int,31,"and 3",0.22,7.7625,15.0720,32,32,2026-10-06T11:50:28+02:00
znver4,simde,512,main_scan_int,31,"and 3",0.22,11.3139,14.5846,32,32,2026-10-06T11:50:28+02:00
znver4,simde,512,main_scan_int,31,"and 3",0.22,12.4726,15.8482,32,32,2026-10-06T11:50:28+02:00
znver4,simde,512,main_scan_int,31,"and 3",0.22,11.0529,14.6754,32,32,2026-10-06T11:50:28+02:00
znver4,simde,512,main_scan_int,31,"and 1",0.02,20.6841,17.9669,32,32,2026-10-06T11:50:28+02:00
znver4,simde,512,main_scan_int,31,"and 1",0.02,26.0455,14.0523,32,32,2026-10-06T11:50:28+02:00
znver4,simde,512,main_scan_int,31,"and 1",0.02,22.8847,26.6613,32,32,2026-10-06T11:50:28+02:00
znver4,simde,512,main_scan_int,31,"and 1",0.02,7.1584,16.2358,32,32,2026-10-06T11:50:28+02:00
znver4,simde,512,main_scan_int,31,"and 1",0.02,26.7090,28.4702,32,32,2026-10-06T11:50:28+02:00
znver4,simde,512,main_scan_int,31,"and 2",0.14,13.4116,21.1108,32,32,2026-10-06T11:50:28+02:00
znver4,simde,512,main_scan_int,31,"and 2",0.14,13.4712,18.9376,32,32,2026-10-06T11:50:28+02:00
znver4,simde,512,main_scan_int,31,"and 2",0.14,13.0149,17.9409,32,32,2026-10-06T11:50:28+02:00
znver4,simde,512,main_scan_int,31,"and 2",0.14,16.2214,19.5004,32,32,2026-10-06T11:50:28+02:00
znver4,simde,512,main_scan_int,31,"and 2",0.14,13.7483,17.7083,32,32,2026-10-06T11:50:28+02:00
znver4,simde,512,main_scan_int,31,"and 3",0.27,8.9112,14.9833,32,32,2026-10-06T11:50:28+02:00
znver4,simde,512,main_scan_int,31,"and 3",0.27,8.9395,12.4729,32,32,2026-10-06T11:50:28+02:00
znver4,simde,512,main_scan_int,31,"and 3",0.27,12.6949,15.6148,32,32,2026-10-06T11:50:28+02:00
znver4,simde,512,main_scan_int,31,"and 3",0.27,5.1602,15.4454,32,32,2026-10-06T11:50:28+02:00
znver4,simde,512,main_scan_int,31,"and 3",0.27,9.8664,13.4871,32,32,2026-10-06T11:50:28+02:00
znver4,simde,512,main_scan_int,31,"and 1",0.05,24.2926,15.7443,32,32,2026-10-06T11:50:28+02:00
znver4,simde,512,main_scan_int,31,"and 1",0.05,14.8039,20.9295,32,32,2026-10-06T11:50:28+02:00
znver4,simde,512,main_scan_int,31,"and 1",0.05,20.1708,10.1467,32,32,2026-10-06T11:50:28+02:00
znver4,simde,512,main_scan_int,31,"and 1",0.05,22.6780,20.2968,32,32,2026-10-06T11:50:28+02:00
znver4,simde,512,main_scan_int,31,"and 1",0.05,21.7253,10.2879,32,32,2026-10-06T11:50:28+02:00
znver4,simde,512,main_scan_int,31,"and 2",0.22,8.8741,12.8602,32,32,2026-10-06T11:50:28+02:00
znver4,simde,512,main_scan_int,31,"and 2",0.22,11.8399,16.7233,32,32,2026-10-06T11:50:28+02:00
znver4,simde,512,main_scan_int,31,"and 2",0.22,13.3501,12.5355,32,32,2026-10-06T11:50:28+02:00
znver4,simde,512,main_scan_int,31,"and 2",0.22,11.5162,14.5587,32,32,2026-10-06T11:50:28+02:00
znver4,simde,512,main_scan_int,31,"and 2",0.22,11.9023,18.5188,32,32,2026-10-06T11:50:28+02:00
znver4,simde,512,main_scan_int,31,"and 3",0.37,6.9552,8.1109,32,32,2026-10-06T11:50:28+02:00
znver4,simde,512,main_scan_int,31,"and 3",0.37,6.9677,10.8472,32,32,2026-10-06T11:50:28+02:00
znver4,simde,512,main_scan_int,31,"and 3",0.37,7.2202,5.5480,32,32,2026-10-06T11:50:28+02:00
znver4,simde,512,main_scan_int,31,"and 3",0.37,6.7762,10.0591,32,32,2026-10-06T11:50:28+02:00
znver4,simde,512,main_scan_int,31,"and 3",0.37,7.4869,11.6772,32,32,2026-10-06T11:50:28+02:00
znver4,simde,512,main_scan_int,31,"and 1",0.10,20.1624,19.1288,32,32,2026-10-06T11:50:28+02:00
znver4,simde,512,main_scan_int,31,"and 1",0.10,13.4942,19.1434,32,32,2026-10-06T11:50:28+02:00
znver4,simde,512,main_scan_int,31,"and 1",0.10,20.4570,21.4003,32,32,2026-10-06T11:50:28+02:00
znver4,simde,512,main_scan_int,31,"and 1",0.10,21.6358,15.8445,32,32,2026-10-06T11:50:28+02:00
znver4,simde,512,main_scan_int,31,"and 1",0.10,26.8168,14.5806,32,32,2026-10-06T11:50:28+02:00
znver4,simde,512,main_scan_int,31,"and 2",0.32,7.7384,15.5157,32,32,2026-10-06T11:50:28+02:00
znver4,simde,512,main_scan_int,31,"and 2",0.32,11.7672,11.4546,32,32,2026-10-06T11:50:28+02:00
znver4,simde,512,main_scan_int,31,"and 2",0.32,16.9086,13.4756,32,32,2026-10-06T11:50:28+02:00
znver4,simde,512,main_scan_int,31,"and 2",0.32,12.7167,16.4879,32,32,2026-10-06T11:50:28+02:00
znver4,simde,512,main_scan_int,31,"and 2",0.32,13.3448,12.3313,32,32,2026-10-06T11:50:28+02:00
znver4,simde,512,main_scan_int,31,"and 3",0.46,6.1036,9.4186,32,32,2026-10-06T11:50:28+02:00
znver4,simde,512,main_scan_int,31,"and 3",0.46,6.4516,9.1139,32,32,2026-10-06T11:50:28+02:00
znver4,simde,512,main_scan_int,31,"and 3",0.46,5.9838,11.5898,32,32,2026-10-06T11:50:28+02:00
znver4,simde,512,main_scan_int,31,"and 3",0.46,7.6140,5.4405,32,32,2026-10-06T11:50:28+02:00
znver4,simde,512,main_scan_int,31,"and 3",0.46,6.1080,10.1248,32,32,2026-10-06T11:50:28+02:00
znver4,simde,512,main_scan_int,31,"and 1",0.20,13.3471,10.1864,32,32,2026-10-06T11:50:28+02:00
znver4,simde,512,main_scan_int,31,"and 1",0.20,23.8319,13.0419,32,32,2026-10-06T11:50:28+02:00
znver4,simde,512,main_scan_int,31,"and 1",0.20,11.9597,12.5738,32,32,2026-10-06T11:50:28+02:00
znver4,simde,512,main_scan_int,31,"and 1",0.20,15.9293,15.6697,32,32,2026-10-06T11:50:28+02:00
znver4,simde,512,main_scan_int,31,"and 1",0.20,14.4144,21.4011,32,32,2026-10-06T11:50:28+02:00
znver4,simde,512,main_scan_int,31,"and 2",0.45,5.6118,12.5534,32,32,2026-10-06T11:50:28+02:00
znver4,simde,512,main_scan_int,31,"and 2",0.45,8.9811,15.2048,32,32,2026-10-06T11:50:28+02:00
znver4,simde,512,main_scan_int,31,"and 2",0.45,7.1834,11.2166,32,32,2026-10-06T11:50:28+02:00
znver4,simde,512,main_scan_int,31,"and 2",0.45,5.9255,11.1930,32,32,2026-10-06T11:50:28+02:00
znver4,simde,512,main_scan_int,31,"and 2",0.45,6.6209,9.3000,32,32,2026-10-06T11:50:28+02:00
znver4,simde,512,main_scan_int,31,"and 3",0.58,5.8137,8.6049,32,32,2026-10-06T11:50:28+02:00
znver4,simde,512,main_scan_int,31,"and 3",0.58,7.4200,8.2359,32,32,2026-10-06T11:50:28+02:00
znver4,simde,512,main_scan_int,31,"and 3",0.58,6.6232,9.0667,32,32,2026-10-06T11:50:28+02:00
znver4,simde,512,main_scan_int,31,"and 3",0.58,6.2348,9.2082,32,32,2026-10-06T11:50:28+02:00
znver4,simde,512,main_scan_int,31,"and 3",0.58,6.4174,8.2094,32,32,2026-10-06T11:50:28+02:00
znver4,simde,512,main_scan_int,31,"and 1",0.50,14.5133,16.9536,32,32,2026-10-06T11:50:28+02:00
znver4,simde,512,main_scan_int,31,"and 1",0.50,13.0581,12.8498,32,32,2026-10-06T11:50:28+02:00
znver4,simde,512,main_scan_int,31,"and 1",0.50,12.5032,12.9607,32,32,2026-10-06T11:50:28+02:00
znver4,simde,512,main_scan_int,31,"and 1",0.50,10.3755,16.6848,32,32,2026-10-06T11:50:28+02:00
znver4,simde,512,main_scan_int,31,"and 1",0.50,14.0332,19.3798,32,32,2026-10-06T11:50:28+02:00
znver4,simde,512,main_scan_int,31,"and 2",0.71,7.6023,15.3124,32,32,2026-10-06T11:50:28+02:00
znver4,simde,512,main_scan_int,31,"and 2",0.71,13.1298,15.4649,32,32,2026-10-06T11:50:28+02:00
znver4,simde,512,main_scan_int,31,"and 2",0.71,13.5095,15.5467,32,32,2026-10-06T11:50:28+02:00
znver4,simde,512,main_scan_int,31,"and 2",0.71,13.3001,13.0385,32,32,2026-10-06T11:50:28+02:00
znver4,simde,512,main_scan_int,31,"and 2",0.71,13.3517,15.6927,32,32,2026-10-06T11:50:28+02:00
znver4,simde,512,main_scan_int,31,"and 3",0.79,9.1212,9.2717,32,32,2026-10-06T11:50:28+02:00
znver4,simde,512,main_scan_int,31,"and 3",0.79,9.1863,8.7700,32,32,2026-10-06T11:50:28+02:00
znver4,simde,512,main_scan_int,31,"and 3",0.79,7.1633,11.2138,32,32,2026-10-06T11:50:28+02:00
znver4,simde,512,main_scan_int,31,"and 3",0.79,7.3582,10.6063,32,32,2026-10-06T11:50:28+02:00
znver4,simde,512,main_scan_int,31,"and 3",0.79,8.7527,9.9219,32,32,2026-10-06T11:50:28+02:00
znver4,simde,512,main_scan_int,31,"and 1",1.00,15.8368,19.9464,32,32,2026-10-06T11:50:28+02:00
znver4,simde,512,main_scan_int,31,"and 1",1.00,14.0678,20.7461,32,32,2026-10-06T11:50:28+02:00
znver4,simde,512,main_scan_int,31,"and 1",1.00,15.1602,19.5973,32,32,2026-10-06T11:50:28+02:00
znver4,simde,512,main_scan_int,31,"and 1",1.00,15.4147,20.1465,32,32,2026-10-06T11:50:28+02:00
znver4,simde,512,main_scan_int,31,"and 1",1.00,14.5722,19.6193,32,32,2026-10-06T11:50:28+02:00
znver4,simde,512,main_scan_int,31,"and 2",1.00,11.4267,15.4413,32,32,2026-10-06T11:50:28+02:00
znver4,simde,512,main_scan_int,31,"and 2",1.00,12.2798,14.6757,32,32,2026-10-06T11:50:28+02:00
znver4,simde,512,main_scan_int,31,"and 2",1.00,12.1793,12.5027,32,32,2026-10-06T11:50:28+02:00
znver4,simde,512,main_scan_int,31,"and 2",1.00,11.4626,13.0479,32,32,2026-10-06T11:50:28+02:00
znver4,simde,512,main_scan_int,31,"and 2",1.00,11.8152,14.4778,32,32,2026-10-06T11:50:28+02:00
znver4,simde,512,main_scan_int,31,"and 3",1.00,9.5391,10.4802,32,32,2026-10-06T11:50:28+02:00
znver4,simde,512,main_scan_int,31,"and 3",1.00,8.9776,11.6738,32,32,2026-10-06T11:50:28+02:00
znver4,simde,512,main_scan_int,31,"and 3",1.00,9.5276,10.1624,32,32,2026-10-06T11:50:28+02:00
znver4,simde,512,main_scan_int,31,"and 3",1.00,9.5938,10.9072,32,32,2026-10-06T11:50:28+02:00
znver4,simde,512,main_scan_int,31,"and 3",1.00,9.8982,11.9260,32,32,2026-10-06T11:50:28+02:00
znver4,simde,512,main_scan_enc,31,"and 1",0.00,35.2318,55.0862,32,32,2026-10-06T11:50:44+02:00
znver4,simde,512,main_scan_enc,31,"and 1",0.00,37.7199,148.0828,32,32,2026-10-06T11:50:44+02:00
znver4,simde,512,main_scan_enc,31,"and 1",0.00,40.7182,69.7017,32,32,2026-10-06T11:50:44+02:00
znver4,simde,512,main_scan_enc,31,"and 1",0.00,39.5736,171.0331,32,32,2026-10-06T11:50:44+02:00
znver4,simde,512,main_scan_enc,31,"and 1",0.00,15.8153,155.5234,32,32,2026-10-06T11:50:44+02:00
znver4,simde,512,main_scan_enc,31,"and 2",0.03,22.5164,15.2911,32,32,2026-10-06T11:50:44+02:00
znver4,simde,512,main_scan_enc,31,"and 2",0.03,9.9403,62.6045,32,32,2026-10-06T11:50:44+02:00
znver4,simde,512,main_scan_enc,31,"and 2",0.03,15.1266,75.1954,32,32,2026-10-06T11:50:44+02:00
znver4,simde,512,main_scan_enc,31,"and 2",0.03,11.9356,15.4313,32,32,2026-10-06T11:50:44+02:00
znver4,simde,512,main_scan_enc,31,"and 2",0.03,26.6809,11.8642,32,32,2026-10-06T11:50:44+02:00
znver4,simde,512,main_scan_enc,31,"and 3",0.10,8.5728,34.7106,32,32,2026-10-06T11:50:44+02:00
znver4,simde,512,main_scan_enc,31,"and 3",0.10,11.2222,34.2449,32,32,2026-10-06T11:50:44+02:00
znver4,simde,512,main_scan_enc,31,"and 3",0.10,10.7800,11.6860,32,32,2026-10-06T11:50:44+02:00
znver4,simde,512,main_scan_enc,31,"and 3",0.10,13.6401,36.3156,32,32,2026-10-06T11:50:44+02:00
znver4,simde,512,main_scan_enc,31,"and 3",0.10,21.3376,13.6197,32,32,2026-10-06T11:50:44+02:00
znver4,simde,512,main_scan_enc,31,"and 1",0.00,44.2562,120.2250,32,32,2026-10-06T11:50:44+02:00
znver4,simde,512,main_scan_enc,31,"and 1",0.00,53.9731,13.5616,32,32,2026-10-06T11:50:44+02:00
znver4,simde,512,main_scan_enc,31,"and 1",0.00,18.2476,17.5971,32,32,2026-10-06T11:50:44+02:00
znver4,simde,512,main_scan_enc,31,"and 1",0.00,21.4326,17.9971,32,32,2026-10-06T11:50:44+02:00
znver4,simde,512,main_scan_enc,31,"and 1",0.00,60.2903,110.3889,32,32,2026-10-06T11:50:44+02:00
znver4,simde,512,main_scan_enc,31,"and 2",0.04,33.4669,12.9082,32,32,2026-10-06T11:50:44+02:00
znver4,simde,512,main_scan_enc,31,"and 2",0.04,13.2291,76.0198,32,32,2026-10-06T11:50:44+02:00
znver4,simde,512,main_scan_enc,31,"and 2",0.04,16.7117,59.2971,32,32,2026-10-06T11:50:44+02:00
znver4,simde,512,main_scan_enc,31,"and 2",0.04,23.0683,86.2582,32,32,2026-10-06T11:50:44+02:00
znver4,simde,512,main_scan_enc,31,"and 2",0.04,34.4056,68.6333,32,32,2026-10-06T11:50:44+02:00
znver4,simde,512,main_scan_enc,31,"and 3",0.13,15.8246,22.0868,32,32,2026-10-06T11:50:44+02:00
znver4,simde,512,main_scan_enc,31,"and 3",0.13,8.4635,35.2142,32,32,2026-10-06T11:50:44+02:00
znver4,simde,512,main_scan_enc,31,"and 3",0.13,21.0479,44.0765,32,32,2026-10-06T11:50:44+02:00
znver4,simde,512,main_scan_enc,31,"and 3",0.13,21.4923,46.1563,32,32,2026-10-06T11:50:44+02:00
znver4,simde,512,main_scan_enc,31,"and 3",0.13,21.5499,49.3174,32,32,2026-10-06T11:50:44+02:00
znver4,simde,512,main_scan_enc,31,"and 1",0.01,36.2737,143.9661,32,32,2026-10-06T11:50:44+02:00
znver4,simde,512,main_scan_enc,31,"and 1",0.01,42.4103,160.4101,32,32,2026-10-06T11:50:44+02:00
znver4,simde,512,main_scan_enc,31,"and 1",0.01,47.5065,164.9523,32,32,2026-10-06T11:50:44+02:00
znver4,simde,512,main_scan_enc,31,"and 1",0.01,52.0633,170.2806,32,32,2026-10-06T11:50:44+02:00
znver4,simde,512,main_scan_enc,31,"and 1",0.01,54.8604,173.7770,32,32,2026-10-06T11:50:44+02:00
znver4,simde,512,main_scan_enc,31,"and 2",0.07,25.2314,81.2746,32,32,2026-10-06T11:50:44+02:00
znver4,simde,512,main_scan_enc,31,"and 2",0.07,28.1449,89.8862,32,32,2026-10-06T11:50:44+02:00
znver4,simde,512,main_scan_enc,31,"and 2",0.07,27.3321,93.9668,32,32,2026-10-06T11:50:44+02:00
znver4,simde,512,main_scan_enc,31,"and 2",0.07,28.0682,97.7399,32,32,2026-10-06T11:50:44+02:00
znver4,simde,512,main_scan_enc,31,"and 2",0.07,28.1753,100.5975,32,32,2026-10-06T11:50:44+02:00
znver4,simde,512,main_scan_enc,31,"and 3",0.17,16.4998,39.7878,32,32,2026-10-06T11:50:44+02:00
znver4,simde,512,main_scan_enc,31,"and 3",0.17,18.1677,44.8635,32,32,2026-10-06T11:50:44+02:00
znver4,simde,512,main_scan_enc,31,"and 3",0.17,18.2659,43.5038,32,32,2026-10-06T11:50:44+02:00
znver4,simde,512,main_scan_enc,31,"and 3",0.17,17.9728,47.1102,32,32,2026-10-06T11:50:44+02:00
znver4,simde,512,main_scan_enc,31,"and 3",0.17,18.2708,47.1671,32,32,2026-10-06T11:50:44+02:00
znver4,simde,512,main_scan_enc,31,"and 1",0.01,29.7260,96.2512,32,32,2026-10-06T11:50:44+02:00
znver4,simde,512,main_scan_enc,31,"and 1",0.01,33.8267,93.7356,32,32,2026-10-06T11:50:44+02:00
znver4,simde,512,main_scan_enc,31,"and 1",0.01,36.1898,111.4189,32,32,2026-10-06T11:50:44+02:00
znver4,simde,512,main_scan_enc,31,"and 1",0.01,42.8268,115.6626,32,32,2026-10-06T11:50:44+02:00
znver4,simde,512,main_scan_enc,31,"and 1",0.01,45.9804,49.1640,32,32,2026-10-06T11:50:44+02:00
znver4,simde,512,main_scan_enc,31,"and 2",0.10,15.9233,57.9911,32,32,2026-10-06T11:50:44+02:00
znver4,simde,512,main_scan_enc,31,"and 2",0.10,12.5874,22.8072,32,32,2026-10-06T11:50:44+02:00
znver4,simde,512,main_scan_enc,31,"and 2",0.10,9.7786,24.1415,32,32,2026-10-06T11:50:44+02:00
znver4,simde,512,main_scan_enc,31,"and 2",0.10,11.5890,35.4971,32,32,2026-10-06T11:50:44+02:00
znver4,simde,512,main_scan_enc,31,"and 2",0.10,9.7941,44.2684,32,32,2026-10-06T11:50:44+02:00
znver4,simde,512,main_scan_enc,31,"and 3",0.22,7.8811,19.9068,32,32,2026-10-06T11:50:44+02:00
znver4,simde,512,main_scan_enc,31,"and 3",0.22,5.9921,26.6237,32,32,2026-10-06T11:50:44+02:00
znver4,simde,512,main_scan_enc,31,"and 3",0.22,6.8823,15.7992,32,32,2026-10-06T11:50:44+02:00
znver4,simde,512,main_scan_enc,31,"and 3",0.22,8.2794,23.3591,32,32,2026-10-06T11:50:44+02:00
znver4,simde,512,main_scan_enc,31,"and 3",0.22,6.8999,26.2849,32,32,2026-10-06T11:50:44+02:00
znver4,simde,512,main_scan_enc,31,"and 1",0.02,23.7736,35.7211,32,32,2026-10-06T11:50:44+02:00
znver4,simde,512,main_scan_enc,31,"and 1",0.02,13.5623,14.5199,32,32,2026-10-06T11:50:44+02:00
znver4,simde,512,main_scan_enc,31,"and 1",0.02,17.9488,34.9943,32,32,2026-10-06T11:50:44+02:00
znver4,simde,512,main_scan_enc,31,"and 1",0.02,9.9150,33.2250,32,32,2026-10-06T11:50:44+02:00
znver4,simde,512,main_scan_enc,31,"and 1",0.02,20.4873,38.8050,32,32,2026-10-06T11:50:44+02:00
znver4,simde,512,main_scan_enc,31,"and 2",0.14,10.4545,28.0672,32,32,2026-10-06T11:50:44+02:00
znver4,simde,512,main_scan_enc,31,"and 2",0.14,10.5728,12.8039,32,32,2026-10-06T11:50:44+02:00
znver4,simde,512,main_scan_enc,31,"and 2",0.14,9.9074,10.5704,32,32,2026-10-06T11:50:44+02:00
znver4,simde,512,main_scan_enc,31,"and 2",0.14,9.6893,28.0809,32,32,2026-10-06T11:50:44+02:00
znver4,simde,512,main_scan_enc,31,"and 2",0.14,10.4207,21.5688,32,32,2026-10-06T11:50:44+02:00
znver4,simde,512,main_scan_enc,31,"and 3",0.27,8.9236,10.4507,32,32,2026-10-06T11:50:44+02:00
znver4,simde,512,main_scan_enc,31,"and 3",0.27,6.8500,17.2413,32,32,2026-10-06T11:50:44+02:00
znver4,simde,512,main_scan_enc,31,"and 3",0.27,7.1354,18.4737,32,32,2026-10-06T11:50:44+02:00
znver4,simde,512,main_scan_enc,31,"and 3",0.27,6.9116,10.4455,32,32,2026-10-06T11:50:44+02:00
znver4,simde,512,main_scan_enc,31,"and 3",0.27,6.6024,22.0623,32,32,2026-10-06T11:50:44+02:00
znver4,simde,512,main_scan_enc,31,"and 1",0.05,9.8852,21.6486,32,32,2026-10-06T11:50:44+02:00
znver4,simde,512,main_scan_enc,31,"and 1",0.05,11.7787,19.0530,32,32,2026-10-06T11:50:44+02:00
znver4,simde,512,main_scan_enc,31,"and 1",0.05,26.7483,13.0090,32,32,2026-10-06T11:50:44+02:00
znver4,simde,512,main_scan_enc,31,"and 1",0.05,26.8737,24.4683,32,32,2026-10-06T11:50:44+02:00
znver4,simde,512,main_scan_enc,31,"and 1",0.05,27.9094,21.6741,32,32,2026-10-06T11:50:44+02:00
znver4,simde,512,main_scan_enc,31,"and 2",0.22,10.2843,14.3546,32,32,2026-10-06T11:50:44+02:00
znver4,simde,512,main_scan_enc,31,"and 2",0.22,9.1740,9.5718,32,32,2026-10-06T11:50:44+02:00
znver4,simde,512,main_scan_enc,31,"and 2",0.22,14.4582,13.3223,32,32,2026-10-06T11:50:44+02:00
znver4,simde,512,main_scan_enc,31,"and 2",0.22,9.0924,15.6823,32,32,2026-10-06T11:50:44+02:00
znver4,simde,512,main_scan_enc,31,"and 2",0.22,9.8257,16.2254,32,32,2026-10-06T11:50:44+02:00
znver4,simde,512,main_scan_enc,31,"and 3",0.37,6.0007,10.9574,32,32,2026-10-06T11:50:44+02:00
znver4,simde,512,main_scan_enc,31,"and 3",0.37,5.9410,12.8269,32,32,2026-10-06T11:50:44+02:00
znver4,simde,512,main_scan_enc,31,"and 3",0.37,7.7868,12.1386,32,32,2026-10-06T11:50:44+02:00
znver4,simde,512,main_scan_enc,31,"and 3",0.37,5.9721,12.7971,32,32,2026-10-06T11:50:44+02:00
znver4,simde,512,main_scan_enc,31,"and 3",0.37,7.1963,21.6971,32,32,2026-10-06T11:50:44+02:00
znver4,simde,512,main_scan_enc,31,"and 1",0.10,20.6535,12.3653,32,32,2026-10-06T11:50:44+02:00
znver4,simde,512,main_scan_enc,31,"and 1",0.10,18.3871,11.7756,32,32,2026-10-06T11:50:44+02:00
znver4,simde,512,main_scan_enc,31,"and 1",0.10,20.6732,7.3567,32,32,2026-10-06T11:50:44+02:00
znver4,simde,512,main_scan_enc,31,"and 1",0.10,20.8498,10.0808,32,32,2026-10-06T11:50:44+02:00
znver4,simde,512,main_scan_enc,31,"and 1",0.10,18.8839,9.4681,32,32,2026-10-06T11:50:44+02:00
znver4,simde,512,main_scan_enc,31,"and 2",0.32,7.7823,14.1865,32,32,2026-10-06T11:50:44+02:00
znver4,simde,512,main_scan_enc,31,"and 2",0.32,7.8359,12.3765,32,32,2026-10-06T11:50:44+02:00
znver4,simde,512,main_scan_enc,31,"and 2",0.32,7.2482,10.4572,32,32,2026-10-06T11:50:44+02:00
znver4,simde,512,main_scan_enc,31,"and 2",0.32,8.4773,10.4356,32,32,2026-10-06T11:50:44+02:00
znver4,simde,512,main_scan_enc,31,"and 2",0.32,7.2665,18.3704,32,32,2026-10-06T11:50:44+02:00
znver4,simde,512,main_scan_enc,31,"and 3",0.46,5.1227,16.8800,32,32,2026-10-06T11:50:44+02:00
znver4,simde,512,main_scan_enc,31,"and 3",0.46,3.5461,13.2427,32,32,2026-10-06T11:50:44+02:00
znver4,simde,512,main_scan_enc,31,"and 3",0.46,4.0532,12.0705,32,32,2026-10-06T11:50:44+02:00
znver4,simde,512,main_scan_enc,31,"and 3",0.46,5.1793,12.7770,32,32,2026-10-06T11:50:44+02:00
znver4,simde,512,main_scan_enc,31,"and 3",0.46,4.0890,14.0005,32,32,2026-10-06T11:50:44+02:00
znver4,simde,512,main_scan_enc,31,"and 1",0.20,14.1582,11.2184,32,32,2026-10-06T11:50:44+02:00
znver4,simde,512,main_scan_enc,31,"and 1",0.20,17.6575,8.9770,32,32,2026-10-06T11:50:44+02:00
znver4,simde,512,main_scan_enc,31,"and 1",0.20,18.1084,10.8511,32,32,2026-10-06T11:50:44+02:00
znver4,simde,512,main_scan_enc,31,"and 1",0.20,14.1236,20.3300,32,32,2026-10-06T11:50:44+02:00
znver4,simde,512,main_scan_enc,31,"and 1",0.20,14.2298,15.5348,32,32,2026-10-06T11:50:44+02:00
znver4,simde,512,main_scan_enc,31,"and 2",0.45,5.3366,12.0037,32,32,2026-10-06T11:50:44+02:00
znver4,simde,512,main_scan_enc,31,"and 2",0.45,5.8037,10.8749,32,32,2026-10-06T11:50:44+02:00
znver4,simde,512,main_scan_enc,31,"and 2",0.45,6.6110,8.6582,32,32,2026-10-06T11:50:44+02:00
znver4,simde,512,main_scan_enc,31,"and 2",0.45,5.6387,8.7114,32,32,2026-10-06T11:50:44+02:00
znver4,simde,512,main_scan_enc,31,"and 2",0.45,5.5799,5.6892,32,32,2026-10-06T11:50:44+02:00
znver4,simde,512,main_scan_enc,31,"and 3",0.58,3.9959,11.3192,32,32,2026-10-06T11:50:44+02:00
znver4,simde,512,main_scan_enc,31,"and 3",0.58,4.9293,10.0433,32,32,2026-10-06T11:50:44+02:00
znver4,simde,512,main_scan_enc,31,"and 3",0.58,3.2154,10.4492,32,32,2026-10-06T11:50:44+02:00
znver4,simde,512,main_scan_enc,31,"and 3",0.58,4.8431,9.0234,32,32,2026-10-06T11:50:44+02:00
znver4,simde,512,main_scan_enc,31,"and 3",0.58,5.0677,14.7201,32,32,2026-10-06T11:50:44+02:00
znver4,simde,512,main_scan_enc,31,"and 1",0.50,7.7987,15.9408,32,32,2026-10-06T11:50:44+02:00
znver4,simde,512,main_scan_enc,31,"and 1",0.50,8.6391,11.8547,32,32,2026-10-06T11:50:44+02:00
znver4,simde,512,main_scan_enc,31,"and 1",0.50,8.2384,13.1775,32,32,2026-10-06T11:50:44+02:00
znver4,simde,512,main_scan_enc,31,"and 1",0.50,9.8816,8.6848,32,32,2026-10-06T11:50:44+02:00
znver4,simde,512,main_scan_enc,31,"and 1",0.50,7.5876,10.2464,32,32,2026-10-06T11:50:44+02:00
znver4,simde,512,main_scan_enc,31,"and 2",0.71,8.7471,9.2272,32,32,2026-10-06T11:50:44+02:00
znver4,simde,512,main_scan_enc,31,"and 2",0.71,5.6246,14.1514,32,32,2026-10-06T11:50:44+02:00
znver4,simde,512,main_scan_enc,31,"and 2",0.71,5.0485,11.3719,32,32,2026-10-06T11:50:44+02:00
znver4,simde,512,main_scan_enc,31,"and 2",0.71,4.5431,8.6745,32,32,2026-10-06T11:50:44+02:00
znver4,simde,512,main_scan_enc,31,"and 2",0.71,8.5187,9.5946,32,32,2026-10-06T11:50:44+02:00
znver4,simde,512,main_scan_enc,31,"and 3",0.79,6.4301,11.4481,32,32,2026-10-06T11:50:44+02:00
znver4,simde,512,main_scan_enc,31,"and 3",0.79,6.4062,11.0520,32,32,2026-10-06T11:50:44+02:00
znver4,simde,512,main_scan_enc,31,"and 3",0.79,6.4766,10.1326,32,32,2026-10-06T11:50:44+02:00
znver4,simde,512,main_scan_enc,31,"and 3",0.79,5.7632,10.0949,32,32,2026-10-06T11:50:44+02:00
znver4,simde,512,main_scan_enc,31,"and 3",0.79,6.0007,8.3382,32,32,2026-10-06T11:50:44+02:00
znver4,simde,512,main_scan_enc,31,"and 1",1.00,16.1808,12.8543,32,32,2026-10-06T11:50:44+02:00
znver4,simde,512,main_scan_enc,31,"and 1",1.00,11.1991,10.3684,32,32,2026-10-06T11:50:44+02:00
znver4,simde,512,main_scan_enc,31,"and 1",1.00,15.9751,14.2520,32,32,2026-10-06T11:50:44+02:00
znver4,simde,512,main_scan_enc,31,"and 1",1.00,17.4415,11.6979,32,32,2026-10-06T11:50:44+02:00
znver4,simde,512,main_scan_enc,31,"and 1",1.00,17.0315,9.7878,32,32,2026-10-06T11:50:44+02:00
znver4,simde,512,main_scan_enc,31,"and 2",1.00,12.8803,9.9846,32,32,2026-10-06T11:50:44+02:00
znver4,simde,512,main_scan_enc,31,"and 2",1.00,13.9569,15.2210,32,32,2026-10-06T11:50:44+02:00
znver4,simde,512,main_scan_enc,31,"and 2",1.00,15.9574,13.2874,32,32,2026-10-06T11:50:44+02:00
znver4,simde,512,main_scan_enc,31,"and 2",1.00,14.3648,9.3549,32,32,2026-10-06T11:50:44+02:00
znver4,simde,512,main_scan_enc,31,"and 2",1.00,15.1014,9.9321,32,32,2026-10-06T11:50:44+02:00
znver4,simde,512,main_scan_enc,31,"and 3",1.00,10.3558,8.9945,32,32,2026-10-06T11:50:44+02:00
znver4,simde,512,main_scan_enc,31,"and 3",1.00,10.1324,13.4878,32,32,2026-10-06T11:50:44+02:00
znver4,simde,512,main_scan_enc,31,"and 3",1.00,9.2468,9.3753,32,32,2026-10-06T11:50:44+02:00
znver4,simde,512,main_scan_enc,31,"and 3",1.00,11.6962,9.0235,32,32,2026-10-06T11:50:44+02:00
znver4,simde,512,main_scan_enc,31,"and 3",1.00,12.0546,7.8633,32,32,2026-10-06T11:50:44+02:00
znver4,simde,512,main_gather,31,"gather_byte",100.00,0.397439,0.397439,32,32,2026-10-06T11:51:53+02:00
znver4,simde,512,main_gather,31,"gather_short",100.00,0.290535,0.290535,32,32,2026-10-06T11:51:53+02:00
znver4,simde,512,main_gather,31,"gather_int",100.00,0.203778,0.203778,32,32,2026-10-06T11:51:53+02:00
znver4,simde,512,main_gather,31,"gather_long",100.00,0.170687,0.170687,32,32,2026-10-06T11:51:53+02:00
znver4,simde,512,main_gather,31,"gather_char",100.00,0.032320,0.032320,32,32,2026-10-06T11:51:53+02:00
znver4,simde,512,main_gather,31,"gather_encoded",100.00,0.351709,0.351709,32,32,2026-10-06T11:51:53+02:00
znver4,simde,512,main_gather,31,"copy_encoded",100.00,9.059892,9.059892,32,32,2026-10-06T11:51:53+02:00
znver4,simde,512,main_filter,32,"filter_byte_eq",100.00,0.131356,0.131356,33,33,2026-10-06T12:01:54+02:00
znver4,simde,512,main_filter,32,"filter_byte_lt",100.00,0.128569,0.128569,33,33,2026-10-06T12:01:54+02:00
znver4,simde,512,main_filter,32,"filter_byte_gt",100.00,0.157572,0.157572,33,33,2026-10-06T12:01:54+02:00
znver4,simde,512,main_filter,32,"filter_byte_ne",100.00,0.166104,0.166104,33,33,2026-10-06T12:01:54+02:00
znver4,simde,512,main_filter,32,"filter_byte_le",100.00,0.142116,0.142116,33,33,2026-10-06T12:01:54+02:00
znver4,simde,512,main_filter,32,"filter_byte_ge",100.00,0.135169,0.135169,33,33,2026-10-06T12:01:54+02:00
znver4,simde,512,main_filter,32,"filter_short_eq",100.00,0.080393,0.080393,33,33,2026-10-06T12:01:54+02:00
znver4,simde,512,main_filter,32,"filter_short_lt",100.00,0.078083,0.078083,33,33,2026-10-06T12:01:54+02:00
znver4,simde,512,main_filter,32,"filter_short_gt",100.00,0.073300,0.073300,33,33,2026-10-06T12:01:54+02:00
znver4,simde,512,main_filter,32,"filter_short_ne",100.00,0.077874,0.077874,33,33,2026-10-06T12:01:54+02:00
znver4,simde,512,main_filter,32,"filter_short_le",100.00,0.079825,0.079825,33,33,2026-10-06T12:01:54+02:00
znver4,simde,512,main_filter,32,"filter_short_ge",100.00,0.081044,0.081044,33,33,2026-10-06T12:01:54+02:00
znver4,simde,512,main_filter,32,"filter_int_eq",100.00,0.067019,0.067019,33,33,2026-10-06T12:01:54+02:00
znver4,simde,512,main_filter,32,"filter_int_lt",100.00,0.063031,0.063031,33,33,2026-10-06T12:01:54+02:00
znver4,simde,512,main_filter,32,"filter_int_gt",100.00,0.064729,0.064729,33,33,2026-10-06T12:01:54+02:00
znver4,simde,512,main_filter,32,"filter_int_ne",100.00,0.066259,0.066259,33,33,2026-10-06T12:01:54+02:00
znver4,simde,512,main_filter,32,"filter_int_le",100.00,0.063244,0.063244,33,33,2026-10-06T12:01:54+02:00
znver4,simde,512,main_filter,32,"filter_int_ge",100.00,0.065435,0.065435,33,33,2026-10-06T12:01:54+02:00
znver4,simde,512,main_filter,32,"filter_long_eq",100.00,0.056110,0.056110,33,33,2026-10-06T12:01:54+02:00
znver4,simde,512,main_filter,32,"filter_long_lt",100.00,0.054894,0.054894,33,33,2026-10-06T12:01:54+02:00
znver4,simde,512,main_filter,32,"filter_long_gt",100.00,0.054431,0.054431,33,33,2026-10-06T12:01:54+02:00
znver4,simde,512,main_filter,32,"filter_long_ne",100.00,0.055038,0.055038,33,33,2026-10-06T12:01:54+02:00
znver4,simde,512,main_filter,32,"filter_long_le",100.00,0.054575,0.054575,33,33,2026-10-06T12:01:54+02:00
znver4,simde,512,main_filter,32,"filter_long_ge",100.00,0.054651,0.054651,33,33,2026-10-06T12:01:54+02:00
znver4,simde,512,main_filter,32,"filter_float_eq",100.00,0.059294,0.059294,33,33,2026-10-06T12:01:54+02:00
znver4,simde,512,main_filter,32,"filter_float_lt",100.00,0.058853,0.058853,33,33,2026-10-06T12:01:54+02:00
znver4,simde,512,main_filter,32,"filter_float_gt",100.00,0.058493,0.058493,33,33,2026-10-06T12:01:54+02:00
znver4,simde,512,main_filter,32,"filter_float_ne",100.00,0.059815,0.059815,33,33,2026-10-06T12:01:54+02:00
znver4,simde,512,main_filter,32,"filter_float_le",100.00,0.057937,0.057937,33,33,2026-10-06T12:01:54+02:00
znver4,simde,512,main_filter,32,"filter_float_ge",100.00,0.057621,0.057621,33,33,2026-10-06T12:01:54+02:00
znver4,simde,512,main_filter,32,"filter_double_eq",100.00,0.054284,0.054284,33,33,2026-10-06T12:01:54+02:00
znver4,simde,512,main_filter,32,"filter_double_lt",100.00,0.053442,0.053442,33,33,2026-10-06T12:01:54+02:00
znver4,simde,512,main_filter,32,"filter_double_gt",100.00,0.053907,0.053907,33,33,2026-10-06T12:01:54+02:00
znver4,simde,512,main_filter,32,"filter_double_ne",100.00,0.052525,0.052525,33,33,2026-10-06T12:01:54+02:00
znver4,simde,512,main_filter,32,"filter_double_le",100.00,0.052022,0.052022,33,33,2026-10-06T12:01:54+02:00
znver4,simde,512,main_filter,32,"filter_double_ge",100.00,0.052448,0.052448,33,33,2026-10-06T12:01:54+02:00
znver4,simde,512,main_filter,32,"filter_char_eq",100.00,0.069142,0.069142,33,33,2026-10-06T12:01:54+02:00
znver4,simde,512,main_filter,32,"filter_char_lt",100.00,0.042459,0.042459,33,33,2026-10-06T12:01:54+02:00
znver4,simde,512,main_filter,32,"filter_char_gt",100.00,0.042385,0.042385,33,33,2026-10-06T12:01:54+02:00
znver4,simde,512,main_filter,32,"filter_char_ne",100.00,0.069151,0.069151,33,33,2026-10-06T12:01:54+02:00
znver4,simde,512,main_filter,32,"filter_char_le",100.00,0.042763,0.042763,33,33,2026-10-06T12:01:54+02:00
znver4,simde,512,main_filter,32,"filter_char_ge",100.00,0.042676,0.042676,33,33,2026-10-06T12:01:54+02:00
znver4,simde,512,main_shuffle,25,"shuffle_offset",100.00,1.205588,1.205588,33,33,2026-10-06T12:02:59+02:00
znver4,simde,512,main_shuffle,25,"shuffle_byte",100.00,1.540248,1.540248,33,33,2026-10-06T12:02:59+02:00
znver4,simde,512,main_shuffle,25,"flush_byte",100.00,2601.118760,2601.118760,33,33,2026-10-06T12:02:59+02:00
znver4,simde,512,main_shuffle,25,"shuffle_short",100.00,1.069639,1.069639,33,33,2026-10-06T12:02:59+02:00
znver4,simde,512,main_shuffle,25,"flush_short",100.00,2928.574221,2928.574221,33,33,2026-10-06T12:02:59+02:00
znver4,simde,512,main_shuffle,25,"shuffle_int",100.00,0.930434,0.930434,33,33,2026-10-06T12:02:59+02:00
znver4,simde,512,main_shuffle,25,"flush_int",100.00,3366.485272,3366.485272,33,33,2026-10-06T12:02:59+02:00
znver4,simde,512,main_shuffle,25,"shuffle_long",100.00,0.616157,0.616157,33,33,2026-10-06T12:02:59+02:00
znver4,simde,512,main_shuffle,25,"flush_long",100.00,5057.643796,5057.643796,33,33,2026-10-06T12:02:59+02:00
znver4,simde,512,main_shuffle,25,"shuffle_char",100.00,0.067450,0.067450,33,33,2026-10-06T12:02:59+02:00
znver4,simde,512,main_shuffle,25,"flush_char",100.00,3252.551070,3252.551070,33,33,2026-10-06T12:02:59+02:00
znver4,simde,512,main_part,32,"int * 1 | 2^4",,8.5051,8.5051,33,33,2026-10-06T12:03:55+02:00
znver4,simde,512,main_part,32,"int * 1 | 2^4",,9.4797,9.4797,33,33,2026-10-06T12:03:55+02:00
znver4,simde,512,main_part,32,"int * 1 | 2^4",,12.3443,12.3443,33,33,2026-10-06T12:03:55+02:00
znver4,simde,512,main_part,32,"int * 1 | 2^4",,8.7102,8.7102,33,33,2026-10-06T12:03:55+02:00
znver4,simde,512,main_part,32,"int * 1 | 2^4",,4.8303,4.8303,33,33,2026-10-06T12:03:55+02:00
znver4,simde,512,main_part,32,"int * 1 | 2^5",,7.5640,7.5640,33,33,2026-10-06T12:03:55+02:00
znver4,simde,512,main_part,32,"int * 1 | 2^5",,7.2541,7.2541,33,33,2026-10-06T12:03:55+02:00
znver4,simde,512,main_part,32,"int * 1 | 2^5",,8.7107,8.7107,33,33,2026-10-06T12:03:55+02:00
znver4,simde,512,main_part,32,"int * 1 | 2^5",,8.3680,8.3680,33,33,2026-10-06T12:03:55+02:00
znver4,simde,512,main_part,32,"int * 1 | 2^5",,5.7787,5.7787,33,33,2026-10-06T12:03:55+02:00
znver4,simde,512,main_part,32,"int * 1 | 2^6",,7.1326,7.1326,33,33,2026-10-06T12:03:55+02:00
znver4,simde,512,main_part,32,"int * 1 | 2^6",,6.0704,6.0704,33,33,2026-10-06T12:03:55+02:00
znver4,simde,512,main_part,32,"int * 1 | 2^6",,7.4563,7.4563,33,33,2026-10-06T12:03:55+02:00
znver4,simde,512,main_part,32,"int * 1 | 2^6",,5.2069,5.2069,33,33,2026-10-06T12:03:55+02:00
znver4,simde,512,main_part,32,"int * 1 | 2^6",,7.4240,7.4240,33,33,2026-10-06T12:03:55+02:00
znver4,simde,512,main_part,32,"int * 1 | 2^7",,8.9709,8.9709,33,33,2026-10-06T12:03:55+02:00
znver4,simde,512,main_part,32,"int * 1 | 2^7",,7.5821,7.5821,33,33,2026-10-06T12:03:55+02:00
znver4,simde,512,main_part,32,"int * 1 | 2^7",,7.6051,7.6051,33,33,2026-10-06T12:03:55+02:00
znver4,simde,512,main_part,32,"int * 1 | 2^7",,7.4246,7.4246,33,33,2026-10-06T12:03:55+02:00
znver4,simde,512,main_part,32,"int * 1 | 2^7",,5.5924,5.5924,33,33,2026-10-06T12:03:55+02:00
znver4,simde,512,main_part,32,"int * 1 | 2^8",,7.5570,7.5570,33,33,2026-10-06T12:03:55+02:00
znver4,simde,512,main_part,32,"int * 1 | 2^8",,6.9844,6.9844,33,33,2026-10-06T12:03:55+02:00
znver4,simde,512,main_part,32,"int * 1 | 2^8",,7.9113,7.9113,33,33,2026-10-06T12:03:55+02:00
znver4,simde,512,main_part,32,"int * 1 | 2^8",,8.0312,8.0312,33,33,2026-10-06T12:03:55+02:00
znver4,simde,512,main_part,32,"int * 1 | 2^8",,8.0159,8.0159,33,33,2026-10-06T12:03:55+02:00
znver4,simde,512,main_part,32,"int * 2 | 2^4",,6.7897,6.7897,33,33,2026-10-06T12:03:55+02:00
znver4,simde,512,main_part,32,"int * 2 | 2^4",,6.4835,6.4835,33,33,2026-10-06T12:03:55+02:00
znver4,simde,512,main_part,32,"int * 2 | 2^4",,6.6987,6.6987,33,33,2026-10-06T12:03:55+02:00
znver4,simde,512,main_part,32,"int * 2 | 2^4",,7.1524,7.1524,33,33,2026-10-06T12:03:55+02:00
znver4,simde,512,main_part,32,"int * 2 | 2^4",,4.2426,4.2426,33,33,2026-10-06T12:03:55+02:00
znver4,simde,512,main_part,32,"int * 2 | 2^5",,6.2593,6.2593,33,33,2026-10-06T12:03:55+02:00
znver4,simde,512,main_part,32,"int * 2 | 2^5",,6.7818,6.7818,33,33,2026-10-06T12:03:55+02:00
znver4,simde,512,main_part,32,"int * 2 | 2^5",,7.2202,7.2202,33,33,2026-10-06T12:03:55+02:00
znver4,simde,512,main_part,32,"int * 2 | 2^5",,6.7526,6.7526,33,33,2026-10-06T12:03:55+02:00
znver4,simde,512,main_part,32,"int * 2 | 2^5",,7.3164,7.3164,33,33,2026-10-06T12:03:55+02:00
znver4,simde,512,main_part,32,"int * 2 | 2^6",,6.4995,6.4995,33,33,2026-10-06T12:03:55+02:00
znver4,simde,512,main_part,32,"int * 2 | 2^6",,6.5513,6.5513,33,33,2026-10-06T12:03:55+02:00
znver4,simde,512,main_part,32,"int * 2 | 2^6",,4.0966,4.0966,33,33,2026-10-06T12:03:55+02:00
znver4,simde,512,main_part,32,"int * 2 | 2^6",,4.2674,4.2674,33,33,2026-10-06T12:03:55+02:00
znver4,simde,512,main_part,32,"int * 2 | 2^6",,5.1217,5.1217,33,33,2026-10-06T12:03:55+02:00
znver4,simde,512,main_part,32,"int * 2 | 2^7",,6.3115,6.3115,33,33,2026-10-06T12:03:55+02:00
znver4,simde,512,main_part,32,"int * 2 | 2^7",,4.4655,4.4655,33,33,2026-10-06T12:03:55+02:00
znver4,simde,512,main_part,32,"int * 2 | 2^7",,6.3193,6.3193,33,33,2026-10-06T12:03:55+02:00
znver4,simde,512,main_part,32,"int * 2 | 2^7",,4.2490,4.2490,33,33,2026-10-06T12:03:55+02:00
znver4,simde,512,main_part,32,"int * 2 | 2^7",,5.3294,5.3294,33,33,2026-10-06T12:03:55+02:00
znver4,simde,512,main_part,32,"int * 2 | 2^8",,5.8611,5.8611,33,33,2026-10-06T12:03:55+02:00
znver4,simde,512,main_part,32,"int * 2 | 2^8",,6.3774,6.3774,33,33,2026-10-06T12:03:55+02:00
znver4,simde,512,main_part,32,"int * 2 | 2^8",,6.5698,6.5698,33,33,2026-10-06T12:03:55+02:00
znver4,simde,512,main_part,32,"int * 2 | 2^8",,5.7775,5.7775,33,33,2026-10-06T12:03:55+02:00
znver4,simde,512,main_part,32,"int * 2 | 2^8",,2.9809,2.9809,33,33,2026-10-06T12:03:55+02:00
znver4,simde,512,main_part,32,"int * 3 | 2^4",,3.4458,3.4458,33,33,2026-10-06T12:03:55+02:00
znver4,simde,512,main_part,32,"int * 3 | 2^4",,3.8383,3.8383,33,33,2026-10-06T12:03:55+02:00
znver4,simde,512,main_part,32,"int * 3 | 2^4",,4.3674,4.3674,33,33,2026-10-06T12:03:55+02:00
znver4,simde,512,main_part,32,"int * 3 | 2^4",,5.3390,5.3390,33,33,2026-10-06T12:03:55+02:00
znver4,simde,512,main_part,32,"int * 3 | 2^4",,3.8770,3.8770,33,33,2026-10-06T12:03:55+02:00
znver4,simde,512,main_part,32,"int * 3 | 2^5",,4.5493,4.5493,33,33,2026-10-06T12:03:55+02:00
znver4,simde,512,main_part,32,"int * 3 | 2^5",,5.2252,5.2252,33,33,2026-10-06T12:03:55+02:00
znver4,simde,512,main_part,32,"int * 3 | 2^5",,5.3169,5.3169,33,33,2026-10-06T12:03:55+02:00
znver4,simde,512,main_part,32,"int * 3 | 2^5",,5.3096,5.3096,33,33,2026-10-06T12:03:55+02:00
znver4,simde,512,main_part,32,"int * 3 | 2^5",,4.5743,4.5743,33,33,2026-10-06T12:03:55+02:00
znver4,simde,512,main_part,32,"int * 3 | 2^6",,3.6647,3.6647,33,33,2026-10-06T12:03:55+02:00
znver4,simde,512,main_part,32,"int * 3 | 2^6",,5.5216,5.5216,33,33,2026-10-06T12:03:55+02:00
znver4,simde,512,main_part,32,"int * 3 | 2^6",,5.6193,5.6193,33,33,2026-10-06T12:03:55+02:00
znver4,simde,512,main_part,32,"int * 3 | 2^6",,3.7071,3.7071,33,33,2026-10-06T12:03:55+02:00
znver4,simde,512,main_part,32,"int * 3 | 2^6",,4.6628,4.6628,33,33,2026-10-06T12:03:55+02:00
znver4,simde,512,main_part,32,"int * 3 | 2^7",,3.6473,3.6473,33,33,2026-10-06T12:03:55+02:00
znver4,simde,512,main_part,32,"int * 3 | 2^7",,5.0609,5.0609,33,33,2026-10-06T12:03:55+02:00
znver4,simde,512,main_part,32,"int * 3 | 2^7",,4.8015,4.8015,33,33,2026-10-06T12:03:55+02:00
znver4,simde,512,main_part,32,"int * 3 | 2^7",,5.0343,5.0343,33,33,2026-10-06T12:03:55+02:00
znver4,simde,512,main_part,32,"int * 3 | 2^7",,3.8210,3.8210,33,33,2026-10-06T12:03:55+02:00
znver4,simde,512,main_part,32,"int * 3 | 2^8",,3.5682,3.5682,33,33,2026-10-06T12:03:55+02:00
znver4,simde,512,main_part,32,"int * 3 | 2^8",,4.4658,4.4658,33,33,2026-10-06T12:03:55+02:00
znver4,simde,512,main_part,32,"int * 3 | 2^8",,3.4003,3.4003,33,33,2026-10-06T12:03:55+02:00
znver4,simde,512,main_part,32,"int * 3 | 2^8",,3.5348,3.5348,33,33,2026-10-06T12:03:55+02:00
znver4,simde,512,main_part,32,"int * 3 | 2^8",,3.3696,3.3696,33,33,2026-10-06T12:03:55+02:00
znver4,simde,512,main_scan_int,33,"and 1",0.00,44.9820,48.0409,34,34,2026-10-06T12:04:05+02:00
znver4,simde,512,main_scan_int,33,"and 1",0.00,44.2335,62.4338,34,34,2026-10-06T12:04:05+02:00
znver4,simde,512,main_scan_int,33,"and 1",0.00,52.9676,44.6721,34,34,2026-10-06T12:04:05+02:00
znver4,simde,512,main_scan_int,33,"and 1",0.00,51.3643,12.3207,34,34,2026-10-06T12:04:05+02:00
znver4,simde,512,main_scan_int,33,"and 1",0.00,53.1984,45.9406,34,34,2026-10-06T12:04:05+02:00
znver4,simde,512,main_scan_int,33,"and 2",0.03,19.4234,30.4741,34,34,2026-10-06T12:04:05+02:00
znver4,simde,512,main_scan_int,33,"and 2",0.03,18.5072,32.6256,34,34,2026-10-06T12:04:05+02:00
znver4,simde,512,main_scan_int,33,"and 2",0.03,23.9152,12.4437,34,34,2026-10-06T12:04:05+02:00
znver4,simde,512,main_scan_int,33,"and 2",0.03,19.7017,13.9318,34,34,2026-10-06T12:04:05+02:00
znver4,simde,512,main_scan_int,33,"and 2",0.03,18.9397,30.6455,34,34,2026-10-06T12:04:05+02:00
znver4,simde,512,main_scan_int,33,"and 3",0.10,13.9110,18.2006,34,34,2026-10-06T12:04:05+02:00
znver4,simde,512,main_scan_int,33,"and 3",0.10,18.9315,22.9207,34,34,2026-10-06T12:04:05+02:00
znver4,simde,512,main_scan_int,33,"and 3",0.10,13.7331,23.3296,34,34,2026-10-06T12:04:05+02:00
znver4,simde,512,main_scan_int,33,"and 3",0.10,21.3477,23.2694,34,34,2026-10-06T12:04:05+02:00
znver4,simde,512,main_scan_int,33,"and 3",0.10,14.3742,12.8051,34,34,2026-10-06T12:04:05+02:00
znver4,simde,512,main_scan_int,33,"and 1",0.00,47.0210,62.4432,34,34,2026-10-06T12:04:05+02:00
znver4,simde,512,main_scan_int,33,"and 1",0.00,47.5536,55.5452,34,34,2026-10-06T12:04:05+02:00
znver4,simde,512,main_scan_int,33,"and 1",0.00,44.3845,58.5873,34,34,2026-10-06T12:04:05+02:00
znver4,simde,512,main_scan_int,33,"and 1",0.00,50.5668,66.7656,34,34,2026-10-06T12:04:05+02:00
znver4,simde,512,main_scan_int,33,"and 1",0.00,13.9531,55.2666,34,34,2026-10-06T12:04:05+02:00
znver4,simde,512,main_scan_int,33,"and 2",0.04,18.3199,19.1103,34,34,2026-10-06T12:04:05+02:00
znver4,simde,512,main_scan_int,33,"and 2",0.04,19.1716,29.1532,34,34,2026-10-06T12:04:05+02:00
znver4,simde,512,main_scan_int,33,"and 2",0.04,22.9031,30.6798,34,34,2026-10-06T12:04:05+02:00
znver4,simde,512,main_scan_int,33,"and 2",0.04,23.9782,30.8266,34,34,2026-10-06T12:04:05+02:00
znver4,simde,512,main_scan_int,33,"and 2",0.04,24.2827,31.1454,34,34,2026-10-06T12:04:05+02:00
znver4,simde,512,main_scan_int,33,"and 3",0.13,18.7657,15.6093,34,34,2026-10-06T12:04:05+02:00
znver4,simde,512,main_scan_int,33,"and 3",0.13,13.5093,21.8702,34,34,2026-10-06T12:04:05+02:00
znver4,simde,512,main_scan_int,33,"and 3",0.13,12.1671,10.9698,34,34,2026-10-06T12:04:05+02:00
znver4,simde,512,main_scan_int,33,"and 3",0.13,18.7766,20.8286,34,34,2026-10-06T12:04:05+02:00
znver4,simde,512,main_scan_int,33,"and 3",0.13,17.6989,19.1190,34,34,2026-10-06T12:04:05+02:00
znver4,simde,512,main_scan_int,33,"and 1",0.01,30.9875,51.0607,34,34,2026-10-06T12:04:05+02:00
znver4,simde,512,main_scan_int,33,"and 1",0.01,34.6347,46.7410,34,34,2026-10-06T12:04:05+02:00
znver4,simde,512,main_scan_int,33,"and 1",0.01,30.1568,47.7044,34,34,2026-10-06T12:04:05+02:00
znver4,simde,512,main_scan_int,33,"and 1",0.01,37.8972,57.0391,34,34,2026-10-06T12:04:05+02:00
znver4,simde,512,main_scan_int,33,"and 1",0.01,43.9934,32.8121,34,34,2026-10-06T12:04:05+02:00
znver4,simde,512,main_scan_int,33,"and 2",0.07,17.5378,27.6940,34,34,2026-10-06T12:04:05+02:00
znver4,simde,512,main_scan_int,33,"and 2",0.07,17.7653,25.5473,34,34,2026-10-06T12:04:05+02:00
znver4,simde,512,main_scan_int,33,"and 2",0.07,21.1593,23.3819,34,34,2026-10-06T12:04:05+02:00
znver4,simde,512,main_scan_int,33,"and 2",0.07,18.0842,24.0893,34,34,2026-10-06T12:04:05+02:00
znver4,simde,512,main_scan_int,33,"and 2",0.07,22.2125,26.7171,34,34,2026-10-06T12:04:05+02:00
znver4,simde,512,main_scan_int,33,"and 3",0.17,11.4217,19.2473,34,34,2026-10-06T12:04:05+02:00
znver4,simde,512,main_scan_int,33,"and 3",0.17,11.6952,17.3132,34,34,2026-10-06T12:04:05+02:00
znver4,simde,512,main_scan_int,33,"and 3",0.17,11.7556,19.8481,34,34,2026-10-06T12:04:05+02:00
znver4,simde,512,main_scan_int,33,"and 3",0.17,14.7225,18.3756,34,34,2026-10-06T12:04:05+02:00
znver4,simde,512,main_scan_int,33,"and 3",0.17,14.7335,18.2830,34,34,2026-10-06T12:04:05+02:00
znver4,simde,512,main_scan_int,33,"and 1",0.01,24.1450,43.1668,34,34,2026-10-06T12:04:05+02:00
znver4,simde,512,main_scan_int,33,"and 1",0.01,31.1814,52.2158,34,34,2026-10-06T12:04:05+02:00
znver4,simde,512,main_scan_int,33,"and 1",0.01,13.2648,53.6206,34,34,2026-10-06T12:04:05+02:00
znver4,simde,512,main_scan_int,33,"and 1",0.01,24.0747,48.7007,34,34,2026-10-06T12:04:05+02:00
znver4,simde,512,main_scan_int,33,"and 1",0.01,30.9885,52.8711,34,34,2026-10-06T12:04:05+02:00
znver4,simde,512,main_scan_int,33,"and 2",0.10,20.6090,24.1650,34,34,2026-10-06T12:04:05+02:00
znver4,simde,512,main_scan_int,33,"and 2",0.10,20.4175,26.3495,34,34,2026-10-06T12:04:05+02:00
znver4,simde,512,main_scan_int,33,"and 2",0.10,21.4030,27.1394,34,34,2026-10-06T12:04:05+02:00
znver4,simde,512,main_scan_int,33,"and 2",0.10,21.0201,22.9625,34,34,2026-10-06T12:04:05+02:00
znver4,simde,512,main_scan_int,33,"and 2",0.10,15.8500,22.5481,34,34,2026-10-06T12:04:05+02:00
znver4,simde,512,main_scan_int,33,"and 3",0.22,9.9548,15.2076,34,34,2026-10-06T12:04:05+02:00
znver4,simde,512,main_scan_int,33,"and 3",0.22,8.3756,14.2939,34,34,2026-10-06T12:04:05+02:00
znver4,simde,512,main_scan_int,33,"and 3",0.22,10.3354,15.7421,34,34,2026-10-06T12:04:05+02:00
znver4,simde,512,main_scan_int,33,"and 3",0.22,11.0513,15.8582,34,34,2026-10-06T12:04:05+02:00
znver4,simde,512,main_scan_int,33,"and 3",0.22,10.6244,17.3563,34,34,2026-10-06T12:04:05+02:00
znver4,simde,512,main_scan_int,33,"and 1",0.02,13.0427,29.5111,34,34,2026-10-06T12:04:05+02:00
znver4,simde,512,main_scan_int,33,"and 1",0.02,22.6234,17.6711,34,34,2026-10-06T12:04:05+02:00
znver4,simde,512,main_scan_int,33,"and 1",0.02,26.8495,29.7554,34,34,2026-10-06T12:04:05+02:00
znver4,simde,512,main_scan_int,33,"and 1",0.02,21.4598,29.7831,34,34,2026-10-06T12:04:05+02:00
znver4,simde,512,main_scan_int,33,"and 1",0.02,20.6806,29.8025,34,34,2026-10-06T12:04:05+02:00
znver4,simde,512,main_scan_int,33,"and 2",0.14,13.4544,21.0779,34,34,2026-10-06T12:04:05+02:00
znver4,simde,512,main_scan_int,33,"and 2",0.14,13.5866,21.3422,34,34,2026-10-06T12:04:05+02:00
znver4,simde,512,main_scan_int,33,"and 2",0.14,17.9992,21.6361,34,34,2026-10-06T12:04:05+02:00
znver4,simde,512,main_scan_int,33,"and 2",0.14,18.3632,22.4844,34,34,2026-10-06T12:04:05+02:00
znver4,simde,512,main_scan_int,33,"and 2",0.14,19.0253,19.9813,34,34,2026-10-06T12:04:05+02:00
znver4,simde,512,main_scan_int,33,"and 3",0.27,12.6439,15.7023,34,34,2026-10-06T12:04:05+02:00
znver4,simde,512,main_scan_int,33,"and 3",0.27,12.5180,14.8645,34,34,2026-10-06T12:04:05+02:00
znver4,simde,512,main_scan_int,33,"and 3",0.27,12.4408,15.9180,34,34,2026-10-06T12:04:05+02:00
znver4,simde,512,main_scan_int,33,"and 3",0.27,12.5546,15.9731,34,34,2026-10-06T12:04:05+02:00
znver4,simde,512,main_scan_int,33,"and 3",0.27,12.2744,15.6838,34,34,2026-10-06T12:04:05+02:00
znver4,simde,512,main_scan_int,33,"and 1",0.05,28.4670,14.6114,34,34,2026-10-06T12:04:05+02:00
znver4,simde,512,main_scan_int,33,"and 1",0.05,28.4816,29.2772,34,34,2026-10-06T12:04:05+02:00
znver4,simde,512,main_scan_int,33,"and 1",0.05,28.8877,30.9775,34,34,2026-10-06T12:04:05+02:00
znver4,simde,512,main_scan_int,33,"and 1",0.05,29.5026,31.4989,34,34,2026-10-06T12:04:05+02:00
znver4,simde,512,main_scan_int,33,"and 1",0.05,29.4563,30.6951,34,34,2026-10-06T12:04:05+02:00
znver4,simde,512,main_scan_int,33,"and 2",0.22,14.8480,19.1846,34,34,2026-10-06T12:04:05+02:00
znver4,simde,512,main_scan_int,33,"and 2",0.22,17.6347,19.2629,34,34,2026-10-06T12:04:05+02:00
znver4,simde,512,main_scan_int,33,"and 2",0.22,17.5905,19.0816,34,34,2026-10-06T12:04:05+02:00
znver4,simde,512,main_scan_int,33,"and 2",0.22,16.4569,19.5716,34,34,2026-10-06T12:04:05+02:00
znver4,simde,512,main_scan_int,33,"and 2",0.22,17.7957,19.6926,34,34,2026-10-06T12:04:05+02:00
znver4,simde,512,main_scan_int,33,"and 3",0.37,11.3341,14.0028,34,34,2026-10-06T12:04:05+02:00
znver4,simde,512,main_scan_int,33,"and 3",0.37,11.4121,13.9618,34,34,2026-10-06T12:04:05+02:00
znver4,simde,512,main_scan_int,33,"and 3",0.37,11.3117,13.8883,34,34,2026-10-06T12:04:05+02:00
znver4,simde,512,main_scan_int,33,"and 3",0.37,11.2795,13.8790,34,34,2026-10-06T12:04:05+02:00
znver4,simde,512,main_scan_int,33,"and 3",0.37,11.3493,13.6582,34,34,2026-10-06T12:04:05+02:00
znver4,simde,512,main_scan_int,33,"and 1",0.10,27.1300,24.8968,34,34,2026-10-06T12:04:05+02:00
znver4,simde,512,main_scan_int,33,"and 1",0.10,27.0175,25.2502,34,34,2026-10-06T12:04:05+02:00
znver4,simde,512,main_scan_int,33,"and 1",0.10,28.4599,24.9693,34,34,2026-10-06T12:04:05+02:00
znver4,simde,512,main_scan_int,33,"and 1",0.10,21.7296,24.2707,34,34,2026-10-06T12:04:05+02:00
znver4,simde,512,main_scan_int,33,"and 1",0.10,17.3844,16.0890,34,34,2026-10-06T12:04:05+02:00
znver4,simde,512,main_scan_int,33,"and 2",0.32,14.2975,12.4248,34,34,2026-10-06T12:04:05+02:00
znver4,simde,512,main_scan_int,33,"and 2",0.32,13.0033,13.4547,34,34,2026-10-06T12:04:05+02:00
znver4,simde,512,main_scan_int,33,"and 2",0.32,11.9356,12.1662,34,34,2026-10-06T12:04:05+02:00
znver4,simde,512,main_scan_int,33,"and 2",0.32,16.8355,17.4193,34,34,2026-10-06T12:04:05+02:00
znver4,simde,512,main_scan_int,33,"and 2",0.32,16.5161,17.5577,34,34,2026-10-06T12:04:05+02:00
znver4,simde,512,main_scan_int,33,"and 3",0.46,8.4046,9.7929,34,34,2026-10-06T12:04:05+02:00
znver4,simde,512,main_scan_int,33,"and 3",0.46,6.0549,11.5971,34,34,2026-10-06T12:04:05+02:00
znver4,simde,512,main_scan_int,33,"and 3",0.46,6.1370,9.3169,34,34,2026-10-06T12:04:05+02:00
znver4,simde,512,main_scan_int,33,"and 3",0.46,4.8783,9.4360,34,34,2026-10-06T12:04:05+02:00
znver4,simde,512,main_scan_int,33,"and 3",0.46,7.8282,12.6233,34,34,2026-10-06T12:04:05+02:00
znver4,simde,512,main_scan_int,33,"and 1",0.20,15.3517,17.8238,34,34,2026-10-06T12:04:05+02:00
znver4,simde,512,main_scan_int,33,"and 1",0.20,13.2197,18.0819,34,34,2026-10-06T12:04:05+02:00
znver4,simde,512,main_scan_int,33,"and 1",0.20,15.1210,9.1458,34,34,2026-10-06T12:04:05+02:00
znver4,simde,512,main_scan_int,33,"and 1",0.20,12.5649,13.1124,34,34,2026-10-06T12:04:05+02:00
znver4,simde,512,main_scan_int,33,"and 1",0.20,22.8637,21.1933,34,34,2026-10-06T12:04:05+02:00
znver4,simde,512,main_scan_int,33,"and 2",0.45,12.5167,11.8228,34,34,2026-10-06T12:04:05+02:00
znver4,simde,512,main_scan_int,33,"and 2",0.45,12.6784,16.9969,34,34,2026-10-06T12:04:05+02:00
znver4,simde,512,main_scan_int,33,"and 2",0.45,12.6484,16.9562,34,34,2026-10-06T12:04:05+02:00
znver4,simde,512,main_scan_int,33,"and 2",0.45,12.4862,16.8433,34,34,2026-10-06T12:04:05+02:00
znver4,simde,512,main_scan_int,33,"and 2",0.45,12.4725,17.1551,34,34,2026-10-06T12:04:05+02:00
znver4,simde,512,main_scan_int,33,"and 3",0.58,8.1518,13.1935,34,34,2026-10-06T12:04:05+02:00
znver4,simde,512,main_scan_int,33,"and 3",0.58,5.6762,12.7289,34,34,2026-10-06T12:04:05+02:00
znver4,simde,512,main_scan_int,33,"and 3",0.58,8.1584,12.8056,34,34,2026-10-06T12:04:05+02:00
znver4,simde,512,main_scan_int,33,"and 3",0.58,8.1957,12.7650,34,34,2026-10-06T12:04:05+02:00
znver4,simde,512,main_scan_int,33,"and 3",0.58,8.0791,13.1733,34,34,2026-10-06T12:04:05+02:00
znver4,simde,512,main_scan_int,33,"and 1",0.50,16.1371,19.6366,34,34,2026-10-06T12:04:05+02:00
znver4,simde,512,main_scan_int,33,"and 1",0.50,16.4568,18.9278,34,34,2026-10-06T12:04:05+02:00
znver4,simde,512,main_scan_int,33,"and 1",0.50,16.5666,19.2089,34,34,2026-10-06T12:04:05+02:00
znver4,simde,512,main_scan_int,33,"and 1",0.50,16.9659,19.2605,34,34,2026-10-06T12:04:05+02:00
znver4,simde,512,main_scan_int,33,"and 1",0.50,9.6458,19.2165,34,34,2026-10-06T12:04:05+02:00
znver4,simde,512,main_scan_int,33,"and 2",0.71,13.5612,15.7527,34,34,2026-10-06T12:04:05+02:00
znver4,simde,512,main_scan_int,33,"and 2",0.71,13.6797,15.5727,34,34,2026-10-06T12:04:05+02:00
znver4,simde,512,main_scan_int,33,"and 2",0.71,10.7204,15.3036,34,34,2026-10-06T12:04:05+02:00
znver4,simde,512,main_scan_int,33,"and 2",0.71,13.8785,15.5873,34,34,2026-10-06T12:04:05+02:00
znver4,simde,512,main_scan_int,33,"and 2",0.71,13.7957,15.6942,34,34,2026-10-06T12:04:05+02:00
znver4,simde,512,main_scan_int,33,"and 3",0.79,8.5771,9.1382,34,34,2026-10-06T12:04:05+02:00
znver4,simde,512,main_scan_int,33,"and 3",0.79,8.7144,11.9702,34,34,2026-10-06T12:04:05+02:00
znver4,simde,512,main_scan_int,33,"and 3",0.79,7.4342,8.6319,34,34,2026-10-06T12:04:05+02:00
znver4,simde,512,main_scan_int,33,"and 3",0.79,7.2376,10.5613,34,34,2026-10-06T12:04:05+02:00
znver4,simde,512,main_scan_int,33,"and 3",0.79,7.3339,11.9905,34,34,2026-10-06T12:04:05+02:00
znver4,simde,512,main_scan_int,33,"and 1",1.00,15.8975,19.6674,34,34,2026-10-06T12:04:05+02:00
znver4,simde,512,main_scan_int,33,"and 1",1.00,15.0323,14.3544,34,34,2026-10-06T12:04:05+02:00
znver4,simde,512,main_scan_int,33,"and 1",1.00,14.6062,20.4986,34,34,2026-10-06T12:04:05+02:00
znver4,simde,512,main_scan_int,33,"and 1",1.00,13.5799,19.6386,34,34,2026-10-06T12:04:05+02:00
znver4,simde,512,main_scan_int,33,"and 1",1.00,14.4442,19.1458,34,34,2026-10-06T12:04:05+02:00
znver4,simde,512,main_scan_int,33,"and 2",1.00,11.8746,14.4868,34,34,2026-10-06T12:04:05+02:00
znver4,simde,512,main_scan_int,33,"and 2",1.00,10.2479,13.5456,34,34,2026-10-06T12:04:05+02:00
znver4,simde,512,main_scan_int,33,"and 2",1.00,11.5154,14.5456,34,34,2026-10-06T12:04:05+02:00
znver4,simde,512,main_scan_int,33,"and 2",1.00,12.1081,11.2695,34,34,2026-10-06T12:04:05+02:00
znver4,simde,512,main_scan_int,33,"and 2",1.00,11.8809,14.5022,34,34,2026-10-06T12:04:05+02:00
znver4,simde,512,main_scan_int,33,"and 3",1.00,6.0143,11.7744,34,34,2026-10-06T12:04:05+02:00
znver4,simde,512,main_scan_int,33,"and 3",1.00,6.6362,11.5759,34,34,2026-10-06T12:04:05+02:00
znver4,simde,512,main_scan_int,33,"and 3",1.00,9.3498,8.9589,34,34,2026-10-06T12:04:05+02:00
znver4,simde,512,main_scan_int,33,"and 3",1.00,9.9011,11.9339,34,34,2026-10-06T12:04:05+02:00
znver4,simde,512,main_scan_int,33,"and 3",1.00,5.3050,11.0228,34,34,2026-10-06T12:04:05+02:00
znver4,simde,512,main_scan_enc,33,"and 1",0.00,55.3070,193.7767,34,34,2026-10-06T12:04:21+02:00
znver4,simde,512,main_scan_enc,33,"and 1",0.00,22.6311,257.7027,34,34,2026-10-06T12:04:21+02:00
znver4,simde,512,main_scan_enc,33,"and 1",0.00,47.3336,89.9883,34,34,2026-10-06T12:04:21+02:00
znver4,simde,512,main_scan_enc,33,"and 1",0.00,42.6750,231.0899,34,34,2026-10-06T12:04:21+02:00
znver4,simde,512,main_scan_enc,33,"and 1",0.00,59.1586,154.2786,34,34,2026-10-06T12:04:21+02:00
znver4,simde,512,main_scan_enc,33,"and 2",0.03,38.2385,69.7163,34,34,2026-10-06T12:04:21+02:00
znver4,simde,512,main_scan_enc,33,"and 2",0.03,36.2948,76.5926,34,34,2026-10-06T12:04:21+02:00
znver4,simde,512,main_scan_enc,33,"and 2",0.03,10.7526,72.3052,34,34,2026-10-06T12:04:21+02:00
znver4,simde,512,main_scan_enc,33,"and 2",0.03,13.9562,17.2463,34,34,2026-10-06T12:04:21+02:00
znver4,simde,512,main_scan_enc,33,"and 2",0.03,21.9967,12.5279,34,34,2026-10-06T12:04:21+02:00
znver4,simde,512,main_scan_enc,33,"and 3",0.10,20.1716,14.9309,34,34,2026-10-06T12:04:21+02:00
znver4,simde,512,main_scan_enc,33,"and 3",0.10,21.2526,21.3325,34,34,2026-10-06T12:04:21+02:00
znver4,simde,512,main_scan_enc,33,"and 3",0.10,11.0099,21.3351,34,34,2026-10-06T12:04:21+02:00
znver4,simde,512,main_scan_enc,33,"and 3",0.10,11.0113,13.8950,34,34,2026-10-06T12:04:21+02:00
znver4,simde,512,main_scan_enc,33,"and 3",0.10,21.0444,52.7243,34,34,2026-10-06T12:04:21+02:00
znver4,simde,512,main_scan_enc,33,"and 1",0.00,19.5836,31.6754,34,34,2026-10-06T12:04:21+02:00
znver4,simde,512,main_scan_enc,33,"and 1",0.00,53.6985,213.1160,34,34,2026-10-06T12:04:21+02:00
znver4,simde,512,main_scan_enc,33,"and 1",0.00,56.4170,23.6607,34,34,2026-10-06T12:04:21+02:00
znver4,simde,512,main_scan_enc,33,"and 1",0.00,59.5112,217.4225,34,34,2026-10-06T12:04:21+02:00
znver4,simde,512,main_scan_enc,33,"and 1",0.00,45.8436,12.1599,34,34,2026-10-06T12:04:21+02:00
znver4,simde,512,main_scan_enc,33,"and 2",0.04,34.1526,85.9864,34,34,2026-10-06T12:04:21+02:00
znver4,simde,512,main_scan_enc,33,"and 2",0.04,9.7203,53.9772,34,34,2026-10-06T12:04:21+02:00
znver4,simde,512,main_scan_enc,33,"and 2",0.04,32.5947,75.0915,34,34,2026-10-06T12:04:21+02:00
znver4,simde,512,main_scan_enc,33,"and 2",0.04,22.6360,77.0607,34,34,2026-10-06T12:04:21+02:00
znver4,simde,512,main_scan_enc,33,"and 2",0.04,29.7602,111.6832,34,34,2026-10-06T12:04:21+02:00
znver4,simde,512,main_scan_enc,33,"and 3",0.13,12.0459,13.3651,34,34,2026-10-06T12:04:21+02:00
znver4,simde,512,main_scan_enc,33,"and 3",0.13,21.3182,35.8641,34,34,2026-10-06T12:04:21+02:00
znver4,simde,512,main_scan_enc,33,"and 3",0.13,21.5489,12.0052,34,34,2026-10-06T12:04:21+02:00
znver4,simde,512,main_scan_enc,33,"and 3",0.13,11.2491,45.1749,34,34,2026-10-06T12:04:21+02:00
znver4,simde,512,main_scan_enc,33,"and 3",0.13,9.5421,44.2857,34,34,2026-10-06T12:04:21+02:00
znver4,simde,512,main_scan_enc,33,"and 1",0.01,37.9346,11.9870,34,34,2026-10-06T12:04:21+02:00
znver4,simde,512,main_scan_enc,33,"and 1",0.01,22.5835,12.0447,34,34,2026-10-06T12:04:21+02:00
znver4,simde,512,main_scan_enc,33,"and 1",0.01,45.9571,23.0676,34,34,2026-10-06T12:04:21+02:00
znver4,simde,512,main_scan_enc,33,"and 1",0.01,53.3006,91.8964,34,34,2026-10-06T12:04:21+02:00
znver4,simde,512,main_scan_enc,33,"and 1",0.01,35.1179,15.6896,34,34,2026-10-06T12:04:21+02:00
znver4,simde,512,main_scan_enc,33,"and 2",0.07,27.3808,17.1470,34,34,2026-10-06T12:04:21+02:00
znver4,simde,512,main_scan_enc,33,"and 2",0.07,27.7166,11.8093,34,34,2026-10-06T12:04:21+02:00
znver4,simde,512,main_scan_enc,33,"and 2",0.07,28.2673,98.8605,34,34,2026-10-06T12:04:21+02:00
znver4,simde,512,main_scan_enc,33,"and 2",0.07,9.5830,61.3565,34,34,2026-10-06T12:04:21+02:00
znver4,simde,512,main_scan_enc,33,"and 2",0.07,10.9302,95.5112,34,34,2026-10-06T12:04:21+02:00
znver4,simde,512,main_scan_enc,33,"and 3",0.17,16.8693,33.7511,34,34,2026-10-06T12:04:21+02:00
znver4,simde,512,main_scan_enc,33,"and 3",0.17,18.0543,33.7167,34,34,2026-10-06T12:04:21+02:00
znver4,simde,512,main_scan_enc,33,"and 3",0.17,18.0382,45.0238,34,34,2026-10-06T12:04:21+02:00
znver4,simde,512,main_scan_enc,33,"and 3",0.17,18.1976,33.1722,34,34,2026-10-06T12:04:21+02:00
znver4,simde,512,main_scan_enc,33,"and 3",0.17,18.2440,43.0681,34,34,2026-10-06T12:04:21+02:00
znver4,simde,512,main_scan_enc,33,"and 1",0.01,16.6510,65.6703,34,34,2026-10-06T12:04:21+02:00
znver4,simde,512,main_scan_enc,33,"and 1",0.01,32.4354,67.4493,34,34,2026-10-06T12:04:21+02:00
znver4,simde,512,main_scan_enc,33,"and 1",0.01,37.4477,23.0423,34,34,2026-10-06T12:04:21+02:00
znver4,simde,512,main_scan_enc,33,"and 1",0.01,38.2887,17.6394,34,34,2026-10-06T12:04:21+02:00
znver4,simde,512,main_scan_enc,33,"and 1",0.01,36.3376,71.7709,34,34,2026-10-06T12:04:21+02:00
znver4,simde,512,main_scan_enc,33,"and 2",0.10,10.4180,42.9770,34,34,2026-10-06T12:04:21+02:00
znver4,simde,512,main_scan_enc,33,"and 2",0.10,21.4985,44.8502,34,34,2026-10-06T12:04:21+02:00
znver4,simde,512,main_scan_enc,33,"and 2",0.10,8.5717,73.3872,34,34,2026-10-06T12:04:21+02:00
znver4,simde,512,main_scan_enc,33,"and 2",0.10,14.0366,48.4728,34,34,2026-10-06T12:04:21+02:00
znver4,simde,512,main_scan_enc,33,"and 2",0.10,13.8903,50.0001,34,34,2026-10-06T12:04:21+02:00
znver4,simde,512,main_scan_enc,33,"and 3",0.22,8.0331,28.9354,34,34,2026-10-06T12:04:21+02:00
znver4,simde,512,main_scan_enc,33,"and 3",0.22,8.5473,34.1849,34,34,2026-10-06T12:04:21+02:00
znver4,simde,512,main_scan_enc,33,"and 3",0.22,9.7014,37.7690,34,34,2026-10-06T12:04:21+02:00
znver4,simde,512,main_scan_enc,33,"and 3",0.22,14.3461,41.3499,34,34,2026-10-06T12:04:21+02:00
znver4,simde,512,main_scan_enc,33,"and 3",0.22,11.8279,29.1248,34,34,2026-10-06T12:04:21+02:00
znver4,simde,512,main_scan_enc,33,"and 1",0.02,27.7347,60.2103,34,34,2026-10-06T12:04:21+02:00
znver4,simde,512,main_scan_enc,33,"and 1",0.02,26.3433,62.7359,34,34,2026-10-06T12:04:21+02:00
znver4,simde,512,main_scan_enc,33,"and 1",0.02,11.4375,42.7378,34,34,2026-10-06T12:04:21+02:00
znver4,simde,512,main_scan_enc,33,"and 1",0.02,9.3059,19.8672,34,34,2026-10-06T12:04:21+02:00
znver4,simde,512,main_scan_enc,33,"and 1",0.02,15.5403,13.2164,34,34,2026-10-06T12:04:21+02:00
znver4,simde,512,main_scan_enc,33,"and 2",0.14,19.3746,31.1243,34,34,2026-10-06T12:04:21+02:00
znver4,simde,512,main_scan_enc,33,"and 2",0.14,11.1786,13.6160,34,34,2026-10-06T12:04:21+02:00
znver4,simde,512,main_scan_enc,33,"and 2",0.14,9.4194,28.6439,34,34,2026-10-06T12:04:21+02:00
znver4,simde,512,main_scan_enc,33,"and 2",0.14,20.0058,10.9600,34,34,2026-10-06T12:04:21+02:00
znver4,simde,512,main_scan_enc,33,"and 2",0.14,18.0693,34.3672,34,34,2026-10-06T12:04:21+02:00
znver4,simde,512,main_scan_enc,33,"and 3",0.27,6.9099,31.0749,34,34,2026-10-06T12:04:21+02:00
znver4,simde,512,main_scan_enc,33,"and 3",0.27,10.3621,21.3828,34,34,2026-10-06T12:04:21+02:00
znver4,simde,512,main_scan_enc,33,"and 3",0.27,7.3946,10.2338,34,34,2026-10-06T12:04:21+02:00
znver4,simde,512,main_scan_enc,33,"and 3",0.27,6.9857,32.3782,34,34,2026-10-06T12:04:21+02:00
znver4,simde,512,main_scan_enc,33,"and 3",0.27,9.0696,32.6746,34,34,2026-10-06T12:04:21+02:00
znver4,simde,512,main_scan_enc,33,"and 1",0.05,29.2799,22.5797,34,34,2026-10-06T12:04:21+02:00
znver4,simde,512,main_scan_enc,33,"and 1",0.05,27.1783,13.6130,34,34,2026-10-06T12:04:21+02:00
znver4,simde,512,main_scan_enc,33,"and 1",0.05,10.9746,23.3595,34,34,2026-10-06T12:04:21+02:00
znver4,simde,512,main_scan_enc,33,"and 1",0.05,44.7935,23.3690,34,34,2026-10-06T12:04:21+02:00
znver4,simde,512,main_scan_enc,33,"and 1",0.05,27.1869,10.9119,34,34,2026-10-06T12:04:21+02:00
znver4,simde,512,main_scan_enc,33,"and 2",0.22,12.1800,16.4837,34,34,2026-10-06T12:04:21+02:00
znver4,simde,512,main_scan_enc,33,"and 2",0.22,18.0937,10.4998,34,34,2026-10-06T12:04:21+02:00
znver4,simde,512,main_scan_enc,33,"and 2",0.22,18.0239,29.8143,34,34,2026-10-06T12:04:21+02:00
znver4,simde,512,main_scan_enc,33,"and 2",0.22,14.7862,18.6630,34,34,2026-10-06T12:04:21+02:00
znver4,simde,512,main_scan_enc,33,"and 2",0.22,18.0386,20.3361,34,34,2026-10-06T12:04:21+02:00
znver4,simde,512,main_scan_enc,33,"and 3",0.37,7.6204,15.5130,34,34,2026-10-06T12:04:21+02:00
znver4,simde,512,main_scan_enc,33,"and 3",0.37,6.4628,15.6372,34,34,2026-10-06T12:04:21+02:00
znver4,simde,512,main_scan_enc,33,"and 3",0.37,7.6908,13.2546,34,34,2026-10-06T12:04:21+02:00
znver4,simde,512,main_scan_enc,33,"and 3",0.37,6.1839,22.5753,34,34,2026-10-06T12:04:21+02:00
znver4,simde,512,main_scan_enc,33,"and 3",0.37,6.8377,15.6923,34,34,2026-10-06T12:04:21+02:00
znver4,simde,512,main_scan_enc,33,"and 1",0.10,36.1003,23.9473,34,34,2026-10-06T12:04:21+02:00
znver4,simde,512,main_scan_enc,33,"and 1",0.10,34.7224,24.6583,34,34,2026-10-06T12:04:21+02:00
znver4,simde,512,main_scan_enc,33,"and 1",0.10,36.0636,24.6197,34,34,2026-10-06T12:04:21+02:00
znver4,simde,512,main_scan_enc,33,"and 1",0.10,15.3767,14.4577,34,34,2026-10-06T12:04:21+02:00
znver4,simde,512,main_scan_enc,33,"and 1",0.10,36.1087,16.7202,34,34,2026-10-06T12:04:21+02:00
znver4,simde,512,main_scan_enc,33,"and 2",0.32,11.5871,14.7915,34,34,2026-10-06T12:04:21+02:00
znver4,simde,512,main_scan_enc,33,"and 2",0.32,7.7940,21.1388,34,34,2026-10-06T12:04:21+02:00
znver4,simde,512,main_scan_enc,33,"and 2",0.32,7.5439,11.1346,34,34,2026-10-06T12:04:21+02:00
znver4,simde,512,main_scan_enc,33,"and 2",0.32,6.8735,8.8108,34,34,2026-10-06T12:04:21+02:00
znver4,simde,512,main_scan_enc,33,"and 2",0.32,11.3146,14.1505,34,34,2026-10-06T12:04:21+02:00
znver4,simde,512,main_scan_enc,33,"and 3",0.46,5.5970,14.0941,34,34,2026-10-06T12:04:21+02:00
znver4,simde,512,main_scan_enc,33,"and 3",0.46,5.6062,20.4100,34,34,2026-10-06T12:04:21+02:00
znver4,simde,512,main_scan_enc,33,"and 3",0.46,4.1404,13.2464,34,34,2026-10-06T12:04:21+02:00
znver4,simde,512,main_scan_enc,33,"and 3",0.46,5.5287,9.8056,34,34,2026-10-06T12:04:21+02:00
znver4,simde,512,main_scan_enc,33,"and 3",0.46,5.6066,12.1168,34,34,2026-10-06T12:04:21+02:00
znver4,simde,512,main_scan_enc,33,"and 1",0.20,24.2412,20.7084,34,34,2026-10-06T12:04:21+02:00
znver4,simde,512,main_scan_enc,33,"and 1",0.20,14.1644,10.6152,34,34,2026-10-06T12:04:21+02:00
znver4,simde,512,main_scan_enc,33,"and 1",0.20,9.0891,9.4104,34,34,2026-10-06T12:04:21+02:00
znver4,simde,512,main_scan_enc,33,"and 1",0.20,24.8818,13.7206,34,34,2026-10-06T12:04:21+02:00
znver4,simde,512,main_scan_enc,33,"and 1",0.20,24.9943,20.5847,34,34,2026-10-06T12:04:21+02:00
znver4,simde,512,main_scan_enc,33,"and 2",0.45,7.2338,18.5210,34,34,2026-10-06T12:04:21+02:00
znver4,simde,512,main_scan_enc,33,"and 2",0.45,7.2209,20.1079,34,34,2026-10-06T12:04:21+02:00
znver4,simde,512,main_scan_enc,33,"and 2",0.45,4.2097,11.4757,34,34,2026-10-06T12:04:21+02:00
znver4,simde,512,main_scan_enc,33,"and 2",0.45,7.1576,10.0365,34,34,2026-10-06T12:04:21+02:00
znver4,simde,512,main_scan_enc,33,"and 2",0.45,6.8803,11.8458,34,34,2026-10-06T12:04:21+02:00
znver4,simde,512,main_scan_enc,33,"and 3",0.58,3.5008,11.6381,34,34,2026-10-06T12:04:21+02:00
znver4,simde,512,main_scan_enc,33,"and 3",0.58,4.8734,9.0562,34,34,2026-10-06T12:04:21+02:00
znver4,simde,512,main_scan_enc,33,"and 3",0.58,4.9418,17.5455,34,34,2026-10-06T12:04:21+02:00
znver4,simde,512,main_scan_enc,33,"and 3",0.58,5.4532,17.3578,34,34,2026-10-06T12:04:21+02:00
znver4,simde,512,main_scan_enc,33,"and 3",0.58,5.1360,11.3551,34,34,2026-10-06T12:04:21+02:00
znver4,simde,512,main_scan_enc,33,"and 1",0.50,9.1193,10.2847,34,34,2026-10-06T12:04:21+02:00
znver4,simde,512,main_scan_enc,33,"and 1",0.50,7.5351,12.2526,34,34,2026-10-06T12:04:21+02:00
znver4,simde,512,main_scan_enc,33,"and 1",0.50,7.5638,18.4902,34,34,2026-10-06T12:04:21+02:00
znver4,simde,512,main_scan_enc,33,"and 1",0.50,12.5037,18.5054,34,34,2026-10-06T12:04:21+02:00
znver4,simde,512,main_scan_enc,33,"and 1",0.50,13.4979,18.4722,34,34,2026-10-06T12:04:21+02:00
znver4,simde,512,main_scan_enc,33,"and 2",0.71,6.6409,9.5101,34,34,2026-10-06T12:04:21+02:00
znver4,simde,512,main_scan_enc,33,"and 2",0.71,4.8200,11.2741,34,34,2026-10-06T12:04:21+02:00
znver4,simde,512,main_scan_enc,33,"and 2",0.71,6.6103,8.9142,34,34,2026-10-06T12:04:21+02:00
znver4,simde,512,main_scan_enc,33,"and 2",0.71,6.2837,10.3854,34,34,2026-10-06T12:04:21+02:00
znver4,simde,512,main_scan_enc,33,"and 2",0.71,6.7345,10.6615,34,34,2026-10-06T12:04:21+02:00
znver4,simde,512,main_scan_enc,33,"and 3",0.79,5.1193,16.3269,34,34,2026-10-06T12:04:21+02:00
znver4,simde,512,main_scan_enc,33,"and 3",0.79,8.0972,10.5187,34,34,2026-10-06T12:04:21+02:00
znver4,simde,512,main_scan_enc,33,"and 3",0.79,9.4185,16.2555,34,34,2026-10-06T12:04:21+02:00
znver4,simde,512,main_scan_enc,33,"and 3",0.79,9.2648,13.0309,34,34,2026-10-06T12:04:21+02:00
znver4,simde,512,main_scan_enc,33,"and 3",0.79,9.3681,16.5653,34,34,2026-10-06T12:04:21+02:00
znver4,simde,512,main_scan_enc,33,"and 1",1.00,19.5623,15.0055,34,34,2026-10-06T12:04:21+02:00
znver4,simde,512,main_scan_enc,33,"and 1",1.00,17.2422,15.5761,34,34,2026-10-06T12:04:21+02:00
znver4,simde,512,main_scan_enc,33,"and 1",1.00,18.0985,12.9354,34,34,2026-10-06T12:04:21+02:00
znver4,simde,512,main_scan_enc,33,"and 1",1.00,15.3135,8.6810,34,34,2026-10-06T12:04:21+02:00
znver4,simde,512,main_scan_enc,33,"and 1",1.00,14.0507,9.7963,34,34,2026-10-06T12:04:21+02:00
znver4,simde,512,main_scan_enc,33,"and 2",1.00,10.1134,9.7620,34,34,2026-10-06T12:04:21+02:00
znver4,simde,512,main_scan_enc,33,"and 2",1.00,12.6946,8.4793,34,34,2026-10-06T12:04:21+02:00
znver4,simde,512,main_scan_enc,33,"and 2",1.00,11.1251,10.1436,34,34,2026-10-06T12:04:21+02:00
znver4,simde,512,main_scan_enc,33,"and 2",1.00,15.4846,8.3752,34,34,2026-10-06T12:04:21+02:00
znver4,simde,512,main_scan_enc,33,"and 2",1.00,11.9491,10.2483,34,34,2026-10-06T12:04:21+02:00
znver4,simde,512,main_scan_enc,33,"and 3",1.00,10.5708,10.9420,34,34,2026-10-06T12:04:21+02:00
znver4,simde,512,main_scan_enc,33,"and 3",1.00,13.3833,8.8007,34,34,2026-10-06T12:04:21+02:00
znver4,simde,512,main_scan_enc,33,"and 3",1.00,8.1843,9.3371,34,34,2026-10-06T12:04:21+02:00
znver4,simde,512,main_scan_enc,33,"and 3",1.00,9.5163,8.9578,34,34,2026-10-06T12:04:21+02:00
znver4,simde,512,main_scan_enc,33,"and 3",1.00,5.9061,13.6616,34,34,2026-10-06T12:04:21+02:00
znver4,simde,512,main_gather,33,"gather_byte",100.00,0.379873,0.379873,34,34,2026-10-06T12:05:25+02:00
znver4,simde,512,main_gather,33,"gather_short",100.00,0.287014,0.287014,34,34,2026-10-06T12:05:25+02:00
znver4,simde,512,main_gather,33,"gather_int",100.00,0.204604,0.204604,34,34,2026-10-06T12:05:25+02:00
znver4,simde,512,main_gather,33,"gather_long",100.00,0.171721,0.171721,34,34,2026-10-06T12:05:25+02:00
znver4,simde,512,main_gather,33,"gather_char",100.00,0.046229,0.046229,34,34,2026-10-06T12:05:25+02:00
znver4,simde,512,main_gather,33,"gather_encoded",100.00,0.344665,0.344665,34,34,2026-10-06T12:05:25+02:00
znver4,simde,512,main_gather,33,"copy_encoded",100.00,9.056059,9.056059,34,34,2026-10-06T12:05:25+02:00
znver4,simde,512,main_part,37,"int * 1 | 2^4",,7.8687,7.8687,38,38,2026-10-06T12:35:34+02:00
znver4,simde,512,main_part,37,"int * 1 | 2^4",,7.0919,7.0919,38,38,2026-10-06T12:35:34+02:00
znver4,simde,512,main_part,37,"int * 1 | 2^4",,5.6021,5.6021,38,38,2026-10-06T12:35:34+02:00
znver4,simde,512,main_part,37,"int * 1 | 2^4",,9.9953,9.9953,38,38,2026-10-06T12:35:34+02:00
znver4,simde,512,main_part,37,"int * 1 | 2^4",,7.1157,7.1157,38,38,2026-10-06T12:35:34+02:00
znver4,simde,512,main_part,37,"int * 1 | 2^5",,10.4922,10.4922,38,38,2026-10-06T12:35:34+02:00
znver4,simde,512,main_part,37,"int * 1 | 2^5",,7.7161,7.7161,38,38,2026-10-06T12:35:34+02:00
znver4,simde,512,main_part,37,"int * 1 | 2^5",,7.1571,7.1571,38,38,2026-10-06T12:35:34+02:00
znver4,simde,512,main_part,37,"int * 1 | 2^5",,8.6316,8.6316,38,38,2026-10-06T12:35:34+02:00
znver4,simde,512,main_part,37,"int * 1 | 2^5",,7.4713,7.4713,38,38,2026-10-06T12:35:34+02:00
znver4,simde,512,main_part,37,"int * 1 | 2^6",,5.8264,5.8264,38,38,2026-10-06T12:35:34+02:00
znver4,simde,512,main_part,37,"int * 1 | 2^6",,7.3416,7.3416,38,38,2026-10-06T12:35:34+02:00
znver4,simde,512,main_part,37,"int * 1 | 2^6",,8.0164,8.0164,38,38,2026-10-06T12:35:34+02:00
znver4,simde,512,main_part,37,"int * 1 | 2^6",,7.5583,7.5583,38,38,2026-10-06T12:35:34+02:00
znver4,simde,512,main_part,37,"int * 1 | 2^6",,8.1701,8.1701,38,38,2026-10-06T12:35:34+02:00
znver4,simde,512,main_part,37,"int * 1 | 2^7",,7.5033,7.5033,38,38,2026-10-06T12:35:34+02:00
znver4,simde,512,main_part,37,"int * 1 | 2^7",,12.3045,12.3045,38,38,2026-10-06T12:35:34+02:00
znver4,simde,512,main_part,37,"int * 1 | 2^7",,12.3821,12.3821,38,38,2026-10-06T12:35:34+02:00
znver4,simde,512,main_part,37,"int * 1 | 2^7",,5.6362,5.6362,38,38,2026-10-06T12:35:34+02:00
znver4,simde,512,main_part,37,"int * 1 | 2^7",,8.1924,8.1924,38,38,2026-10-06T12:35:34+02:00
znver4,simde,512,main_part,37,"int * 1 | 2^8",,8.0106,8.0106,38,38,2026-10-06T12:35:34+02:00
znver4,simde,512,main_part,37,"int * 1 | 2^8",,9.7943,9.7943,38,38,2026-10-06T12:35:34+02:00
znver4,simde,512,main_part,37,"int * 1 | 2^8",,8.4787,8.4787,38,38,2026-10-06T12:35:34+02:00
znver4,simde,512,main_part,37,"int * 1 | 2^8",,10.1803,10.1803,38,38,2026-10-06T12:35:34+02:00
znver4,simde,512,main_part,37,"int * 1 | 2^8",,6.5904,6.5904,38,38,2026-10-06T12:35:34+02:00
znver4,simde,512,main_part,37,"int * 2 | 2^4",,6.4765,6.4765,38,38,2026-10-06T12:35:34+02:00
znver4,simde,512,main_part,37,"int * 2 | 2^4",,5.0218,5.0218,38,38,2026-10-06T12:35:34+02:00
znver4,simde,512,main_part,37,"int * 2 | 2^4",,6.9128,6.9128,38,38,2026-10-06T12:35:34+02:00
znver4,simde,512,main_part,37,"int * 2 | 2^4",,6.3144,6.3144,38,38,2026-10-06T12:35:34+02:00
znver4,simde,512,main_part,37,"int * 2 | 2^4",,6.5908,6.5908,38,38,2026-10-06T12:35:34+02:00
znver4,simde,512,main_part,37,"int * 2 | 2^5",,6.5554,6.5554,38,38,2026-10-06T12:35:34+02:00
znver4,simde,512,main_part,37,"int * 2 | 2^5",,6.6866,6.6866,38,38,2026-10-06T12:35:34+02:00
znver4,simde,512,main_part,37,"int * 2 | 2^5",,6.4579,6.4579,38,38,2026-10-06T12:35:34+02:00
znver4,simde,512,main_part,37,"int * 2 | 2^5",,4.4824,4.4824,38,38,2026-10-06T12:35:34+02:00
znver4,simde,512,main_part,37,"int * 2 | 2^5",,6.8656,6.8656,38,38,2026-10-06T12:35:34+02:00
znver4,simde,512,main_part,37,"int * 2 | 2^6",,6.1172,6.1172,38,38,2026-10-06T12:35:34+02:00
znver4,simde,512,main_part,37,"int * 2 | 2^6",,6.5826,6.5826,38,38,2026-10-06T12:35:34+02:00
znver4,simde,512,main_part,37,"int * 2 | 2^6",,6.6450,6.6450,38,38,2026-10-06T12:35:34+02:00
znver4,simde,512,main_part,37,"int * 2 | 2^6",,6.2252,6.2252,38,38,2026-10-06T12:35:34+02:00
znver4,simde,512,main_part,37,"int * 2 | 2^6",,4.5735,4.5735,38,38,2026-10-06T12:35:34+02:00
znver4,simde,512,main_part,37,"int * 2 | 2^7",,6.2502,6.2502,38,38,2026-10-06T12:35:34+02:00
znver4,simde,512,main_part,37,"int * 2 | 2^7",,6.6117,6.6117,38,38,2026-10-06T12:35:34+02:00
znver4,simde,512,main_part,37,"int * 2 | 2^7",,6.1594,6.1594,38,38,2026-10-06T12:35:34+02:00
znver4,simde,512,main_part,37,"int * 2 | 2^7",,6.0279,6.0279,38,38,2026-10-06T12:35:34+02:00
znver4,simde,512,main_part,37,"int * 2 | 2^7",,7.1857,7.1857,38,38,2026-10-06T12:35:34+02:00
znver4,simde,512,main_part,37,"int * 2 | 2^8",,7.3866,7.3866,38,38,2026-10-06T12:35:34+02:00
znver4,simde,512,main_part,37,"int * 2 | 2^8",,6.2265,6.2265,38,38,2026-10-06T12:35:34+02:00
znver4,simde,512,main_part,37,"int * 2 | 2^8",,4.5192,4.5192,38,38,2026-10-06T12:35:34+02:00
znver4,simde,512,main_part,37,"int * 2 | 2^8",,4.1085,4.1085,38,38,2026-10-06T12:35:34+02:00
znver4,simde,512,main_part,37,"int * 2 | 2^8",,5.8413,5.8413,38,38,2026-10-06T12:35:34+02:00
znver4,simde,512,main_part,37,"int * 3 | 2^4",,5.4100,5.4100,38,38,2026-10-06T12:35:34+02:00
znver4,simde,512,main_part,37,"int * 3 | 2^4",,5.4136,5.4136,38,38,2026-10-06T12:35:34+02:00
znver4,simde,512,main_part,37,"int * 3 | 2^4",,5.4875,5.4875,38,38,2026-10-06T12:35:34+02:00
znver4,simde,512,main_part,37,"int * 3 | 2^4",,5.2565,5.2565,38,38,2026-10-06T12:35:34+02:00
znver4,simde,512,main_part,37,"int * 3 | 2^4",,3.3404,3.3404,38,38,2026-10-06T12:35:34+02:00
znver4,simde,512,main_part,37,"int * 3 | 2^5",,5.6408,5.6408,38,38,2026-10-06T12:35:34+02:00
znver4,simde,512,main_part,37,"int * 3 | 2^5",,5.1811,5.1811,38,38,2026-10-06T12:35:34+02:00
znver4,simde,512,main_part,37,"int * 3 | 2^5",,5.3263,5.3263,38,38,2026-10-06T12:35:34+02:00
znver4,simde,512,main_part,37,"int * 3 | 2^5",,5.6609,5.6609,38,38,2026-10-06T12:35:34+02:00
znver4,simde,512,main_part,37,"int * 3 | 2^5",,5.2887,5.2887,38,38,2026-10-06T12:35:34+02:00
znver4,simde,512,main_part,37,"int * 3 | 2^6",,5.1553,5.1553,38,38,2026-10-06T12:35:34+02:00
znver4,simde,512,main_part,37,"int * 3 | 2^6",,5.1020,5.1020,38,38,2026-10-06T12:35:34+02:00
znver4,simde,512,main_part,37,"int * 3 | 2^6",,5.3292,5.3292,38,38,2026-10-06T12:35:34+02:00
znver4,simde,512,main_part,37,"int * 3 | 2^6",,5.0810,5.0810,38,38,2026-10-06T12:35:34+02:00
znver4,simde,512,main_part,37,"int * 3 | 2^6",,5.3027,5.3027,38,38,2026-10-06T12:35:34+02:00
znver4,simde,512,main_part,37,"int * 3 | 2^7",,6.3912,6.3912,38,38,2026-10-06T12:35:34+02:00
znver4,simde,512,main_part,37,"int * 3 | 2^7",,5.2828,5.2828,38,38,2026-10-06T12:35:34+02:00
znver4,simde,512,main_part,37,"int * 3 | 2^7",,5.3714,5.3714,38,38,2026-10-06T12:35:34+02:00
znver4,simde,512,main_part,37,"int * 3 | 2^7",,5.2340,5.2340,38,38,2026-10-06T12:35:34+02:00
znver4,simde,512,main_part,37,"int * 3 | 2^7",,5.1138,5.1138,38,38,2026-10-06T12:35:34+02:00
znver4,simde,512,main_part,37,"int * 3 | 2^8",,5.2027,5.2027,38,38,2026-10-06T12:35:34+02:00
znver4,simde,512,main_part,37,"int * 3 | 2^8",,5.3558,5.3558,38,38,2026-10-06T12:35:34+02:00
znver4,simde,512,main_part,37,"int * 3 | 2^8",,5.9835,5.9835,38,38,2026-10-06T12:35:34+02:00
znver4,simde,512,main_part,37,"int * 3 | 2^8",,5.2076,5.2076,38,38,2026-10-06T12:35:34+02:00
znver4,simde,512,main_part,37,"int * 3 | 2^8",,6.2282,6.2282,38,38,2026-10-06T12:35:34+02:00
znver4,simde,512,main_scan_int,38,"and 1",0.00,45.9469,60.3427,39,39,2026-10-06T12:35:45+02:00
znver4,simde,512,main_scan_int,38,"and 1",0.00,52.7583,71.6175,39,39,2026-10-06T12:35:45+02:00
znver4,simde,512,main_scan_int,38,"and 1",0.00,49.0529,44.6054,39,39,2026-10-06T12:35:45+02:00
znver4,simde,512,main_scan_int,38,"and 1",0.00,54.3960,77.2480,39,39,2026-10-06T12:35:45+02:00
znver4,simde,512,main_scan_int,38,"and 1",0.00,59.5744,77.7569,39,39,2026-10-06T12:35:45+02:00
znver4,simde,512,main_scan_int,38,"and 2",0.03,23.9639,33.6016,39,39,2026-10-06T12:35:45+02:00
znver4,simde,512,main_scan_int,38,"and 2",0.03,23.5217,35.0877,39,39,2026-10-06T12:35:45+02:00
znver4,simde,512,main_scan_int,38,"and 2",0.03,24.1993,32.2658,39,39,2026-10-06T12:35:45+02:00
znver4,simde,512,main_scan_int,38,"and 2",0.03,24.0634,35.0291,39,39,2026-10-06T12:35:45+02:00
znver4,simde,512,main_scan_int,38,"and 2",0.03,23.7097,30.5963,39,39,2026-10-06T12:35:45+02:00
znver4,simde,512,main_scan_int,38,"and 3",0.10,21.4669,26.5099,39,39,2026-10-06T12:35:45+02:00
znver4,simde,512,main_scan_int,38,"and 3",0.10,21.5155,26.3518,39,39,2026-10-06T12:35:45+02:00
znver4,simde,512,main_scan_int,38,"and 3",0.10,21.9975,26.5826,39,39,2026-10-06T12:35:45+02:00
znver4,simde,512,main_scan_int,38,"and 3",0.10,22.0098,26.5204,39,39,2026-10-06T12:35:45+02:00
znver4,simde,512,main_scan_int,38,"and 3",0.10,21.1468,26.2512,39,39,2026-10-06T12:35:45+02:00
znver4,simde,512,main_scan_int,38,"and 1",0.00,49.6905,66.8155,39,39,2026-10-06T12:35:45+02:00
znver4,simde,512,main_scan_int,38,"and 1",0.00,39.0683,12.1452,39,39,2026-10-06T12:35:45+02:00
znver4,simde,512,main_scan_int,38,"and 1",0.00,42.1724,64.9603,39,39,2026-10-06T12:35:45+02:00
znver4,simde,512,main_scan_int,38,"and 1",0.00,51.5105,69.7622,39,39,2026-10-06T12:35:45+02:00
znver4,simde,512,main_scan_int,38,"and 1",0.00,51.1030,51.4984,39,39,2026-10-06T12:35:45+02:00
znver4,simde,512,main_scan_int,38,"and 2",0.04,24.0949,28.9315,39,39,2026-10-06T12:35:45+02:00
znver4,simde,512,main_scan_int,38,"and 2",0.04,24.8077,31.4070,39,39,2026-10-06T12:35:45+02:00
znver4,simde,512,main_scan_int,38,"and 2",0.04,20.5662,30.9786,39,39,2026-10-06T12:35:45+02:00
znver4,simde,512,main_scan_int,38,"and 2",0.04,23.0753,30.9027,39,39,2026-10-06T12:35:45+02:00
znver4,simde,512,main_scan_int,38,"and 2",0.04,22.7486,30.9610,39,39,2026-10-06T12:35:45+02:00
znver4,simde,512,main_scan_int,38,"and 3",0.13,17.8348,23.5935,39,39,2026-10-06T12:35:45+02:00
znver4,simde,512,main_scan_int,38,"and 3",0.13,17.1345,11.9667,39,39,2026-10-06T12:35:45+02:00
znver4,simde,512,main_scan_int,38,"and 3",0.13,17.8700,23.4137,39,39,2026-10-06T12:35:45+02:00
znver4,simde,512,main_scan_int,38,"and 3",0.13,19.1365,23.5383,39,39,2026-10-06T12:35:45+02:00
znver4,simde,512,main_scan_int,38,"and 3",0.13,18.4565,13.2781,39,39,2026-10-06T12:35:45+02:00
znver4,simde,512,main_scan_int,38,"and 1",0.01,25.5464,56.4011,39,39,2026-10-06T12:35:45+02:00
znver4,simde,512,main_scan_int,38,"and 1",0.01,34.5164,56.1670,39,39,2026-10-06T12:35:45+02:00
znver4,simde,512,main_scan_int,38,"and 1",0.01,38.1060,43.0432,39,39,2026-10-06T12:35:45+02:00
znver4,simde,512,main_scan_int,38,"and 1",0.01,45.1818,57.8715,39,39,2026-10-06T12:35:45+02:00
znver4,simde,512,main_scan_int,38,"and 1",0.01,42.0361,51.3960,39,39,2026-10-06T12:35:45+02:00
znver4,simde,512,main_scan_int,38,"and 2",0.07,19.4459,26.9253,39,39,2026-10-06T12:35:45+02:00
znver4,simde,512,main_scan_int,38,"and 2",0.07,22.5682,25.2680,39,39,2026-10-06T12:35:45+02:00
znver4,simde,512,main_scan_int,38,"and 2",0.07,18.7746,27.3176,39,39,2026-10-06T12:35:45+02:00
znver4,simde,512,main_scan_int,38,"and 2",0.07,17.3141,16.9985,39,39,2026-10-06T12:35:45+02:00
znver4,simde,512,main_scan_int,38,"and 2",0.07,22.6689,26.1989,39,39,2026-10-06T12:35:45+02:00
znver4,simde,512,main_scan_int,38,"and 3",0.17,16.0727,19.0654,39,39,2026-10-06T12:35:45+02:00
znver4,simde,512,main_scan_int,38,"and 3",0.17,16.0457,19.9789,39,39,2026-10-06T12:35:45+02:00
znver4,simde,512,main_scan_int,38,"and 3",0.17,15.7642,19.8906,39,39,2026-10-06T12:35:45+02:00
znver4,simde,512,main_scan_int,38,"and 3",0.17,15.3490,20.1021,39,39,2026-10-06T12:35:45+02:00
znver4,simde,512,main_scan_int,38,"and 3",0.17,15.5345,19.7775,39,39,2026-10-06T12:35:45+02:00
znver4,simde,512,main_scan_int,38,"and 1",0.01,35.1854,53.4684,39,39,2026-10-06T12:35:45+02:00
znver4,simde,512,main_scan_int,38,"and 1",0.01,31.6740,56.7498,39,39,2026-10-06T12:35:45+02:00
znver4,simde,512,main_scan_int,38,"and 1",0.01,37.3276,56.5493,39,39,2026-10-06T12:35:45+02:00
znver4,simde,512,main_scan_int,38,"and 1",0.01,37.1833,53.7089,39,39,2026-10-06T12:35:45+02:00
znver4,simde,512,main_scan_int,38,"and 1",0.01,36.2418,56.5698,39,39,2026-10-06T12:35:45+02:00
znver4,simde,512,main_scan_int,38,"and 2",0.10,22.2140,25.7548,39,39,2026-10-06T12:35:45+02:00
znver4,simde,512,main_scan_int,38,"and 2",0.10,21.7794,25.9532,39,39,2026-10-06T12:35:45+02:00
znver4,simde,512,main_scan_int,38,"and 2",0.10,14.4932,25.2934,39,39,2026-10-06T12:35:45+02:00
znver4,simde,512,main_scan_int,38,"and 2",0.10,21.6161,26.3655,39,39,2026-10-06T12:35:45+02:00
znver4,simde,512,main_scan_int,38,"and 2",0.10,20.5623,26.4789,39,39,2026-10-06T12:35:45+02:00
znver4,simde,512,main_scan_int,38,"and 3",0.22,15.0764,17.6599,39,39,2026-10-06T12:35:45+02:00
znver4,simde,512,main_scan_int,38,"and 3",0.22,14.8932,17.7174,39,39,2026-10-06T12:35:45+02:00
znver4,simde,512,main_scan_int,38,"and 3",0.22,14.8253,17.9075,39,39,2026-10-06T12:35:45+02:00
znver4,simde,512,main_scan_int,38,"and 3",0.22,14.6976,17.8348,39,39,2026-10-06T12:35:45+02:00
znver4,simde,512,main_scan_int,38,"and 3",0.22,14.1372,18.0247,39,39,2026-10-06T12:35:45+02:00
znver4,simde,512,main_scan_int,38,"and 1",0.02,27.8704,40.2887,39,39,2026-10-06T12:35:45+02:00
znver4,simde,512,main_scan_int,38,"and 1",0.02,23.4726,41.1494,39,39,2026-10-06T12:35:45+02:00
znver4,simde,512,main_scan_int,38,"and 1",0.02,30.6344,43.4698,39,39,2026-10-06T12:35:45+02:00
znver4,simde,512,main_scan_int,38,"and 1",0.02,31.3484,37.8517,39,39,2026-10-06T12:35:45+02:00
znver4,simde,512,main_scan_int,38,"and 1",0.02,26.3776,42.3161,39,39,2026-10-06T12:35:45+02:00
znver4,simde,512,main_scan_int,38,"and 2",0.14,19.4080,20.9675,39,39,2026-10-06T12:35:45+02:00
znver4,simde,512,main_scan_int,38,"and 2",0.14,13.1935,23.1423,39,39,2026-10-06T12:35:45+02:00
znver4,simde,512,main_scan_int,38,"and 2",0.14,20.0531,21.0216,39,39,2026-10-06T12:35:45+02:00
znver4,simde,512,main_scan_int,38,"and 2",0.14,19.9609,23.4719,39,39,2026-10-06T12:35:45+02:00
znver4,simde,512,main_scan_int,38,"and 2",0.14,20.4983,22.6499,39,39,2026-10-06T12:35:45+02:00
znver4,simde,512,main_scan_int,38,"and 3",0.27,12.8620,15.8395,39,39,2026-10-06T12:35:45+02:00
znver4,simde,512,main_scan_int,38,"and 3",0.27,12.8662,16.0333,39,39,2026-10-06T12:35:45+02:00
znver4,simde,512,main_scan_int,38,"and 3",0.27,13.1125,16.0299,39,39,2026-10-06T12:35:45+02:00
znver4,simde,512,main_scan_int,38,"and 3",0.27,13.4541,16.0467,39,39,2026-10-06T12:35:45+02:00
znver4,simde,512,main_scan_int,38,"and 3",0.27,13.3986,16.1138,39,39,2026-10-06T12:35:45+02:00
znver4,simde,512,main_scan_int,38,"and 1",0.05,27.0610,30.6583,39,39,2026-10-06T12:35:45+02:00
znver4,simde,512,main_scan_int,38,"and 1",0.05,28.2881,23.9707,39,39,2026-10-06T12:35:45+02:00
znver4,simde,512,main_scan_int,38,"and 1",0.05,27.6604,21.0467,39,39,2026-10-06T12:35:45+02:00
znver4,simde,512,main_scan_int,38,"and 1",0.05,26.7870,30.5056,39,39,2026-10-06T12:35:45+02:00
znver4,simde,512,main_scan_int,38,"and 1",0.05,29.0396,31.9356,39,39,2026-10-06T12:35:45+02:00
znver4,simde,512,main_scan_int,38,"and 2",0.22,16.9490,18.9375,39,39,2026-10-06T12:35:45+02:00
znver4,simde,512,main_scan_int,38,"and 2",0.22,14.4850,18.6545,39,39,2026-10-06T12:35:45+02:00
znver4,simde,512,main_scan_int,38,"and 2",0.22,16.5422,14.3490,39,39,2026-10-06T12:35:45+02:00
znver4,simde,512,main_scan_int,38,"and 2",0.22,12.9064,16.3279,39,39,2026-10-06T12:35:45+02:00
znver4,simde,512,main_scan_int,38,"and 2",0.22,12.8693,18.9604,39,39,2026-10-06T12:35:45+02:00
znver4,simde,512,main_scan_int,38,"and 3",0.37,7.9882,11.4882,39,39,2026-10-06T12:35:45+02:00
znver4,simde,512,main_scan_int,38,"and 3",0.37,12.0251,13.9168,39,39,2026-10-06T12:35:45+02:00
znver4,simde,512,main_scan_int,38,"and 3",0.37,10.3346,11.1654,39,39,2026-10-06T12:35:45+02:00
znver4,simde,512,main_scan_int,38,"and 3",0.37,10.1235,13.0902,39,39,2026-10-06T12:35:45+02:00
znver4,simde,512,main_scan_int,38,"and 3",0.37,7.2151,13.7402,39,39,2026-10-06T12:35:45+02:00
znver4,simde,512,main_scan_int,38,"and 1",0.10,12.1563,15.7599,39,39,2026-10-06T12:35:45+02:00
znver4,simde,512,main_scan_int,38,"and 1",0.10,16.6586,24.4986,39,39,2026-10-06T12:35:45+02:00
znver4,simde,512,main_scan_int,38,"and 1",0.10,21.3673,22.7824,39,39,2026-10-06T12:35:45+02:00
znver4,simde,512,main_scan_int,38,"and 1",0.10,21.2063,24.1283,39,39,2026-10-06T12:35:45+02:00
znver4,simde,512,main_scan_int,38,"and 1",0.10,26.4522,23.5739,39,39,2026-10-06T12:35:45+02:00
znver4,simde,512,main_scan_int,38,"and 2",0.32,9.1682,11.1321,39,39,2026-10-06T12:35:45+02:00
znver4,simde,512,main_scan_int,38,"and 2",0.32,10.1780,11.4979,39,39,2026-10-06T12:35:45+02:00
znver4,simde,512,main_scan_int,38,"and 2",0.32,15.8220,17.8796,39,39,2026-10-06T12:35:45+02:00
znver4,simde,512,main_scan_int,38,"and 2",0.32,15.6821,12.8537,39,39,2026-10-06T12:35:45+02:00
znver4,simde,512,main_scan_int,38,"and 2",0.32,7.8720,12.9587,39,39,2026-10-06T12:35:45+02:00
znver4,simde,512,main_scan_int,38,"and 3",0.46,8.3191,11.0891,39,39,2026-10-06T12:35:45+02:00
znver4,simde,512,main_scan_int,38,"and 3",0.46,8.8935,10.0346,39,39,2026-10-06T12:35:45+02:00
znver4,simde,512,main_scan_int,38,"and 3",0.46,8.3665,11.9339,39,39,2026-10-06T12:35:45+02:00
znver4,simde,512,main_scan_int,38,"and 3",0.46,8.1426,12.0374,39,39,2026-10-06T12:35:45+02:00
znver4,simde,512,main_scan_int,38,"and 3",0.46,6.6846,10.6192,39,39,2026-10-06T12:35:45+02:00
znver4,simde,512,main_scan_int,38,"and 1",0.20,15.9085,19.6834,39,39,2026-10-06T12:35:45+02:00
znver4,simde,512,main_scan_int,38,"and 1",0.20,16.4491,20.3436,39,39,2026-10-06T12:35:45+02:00
znver4,simde,512,main_scan_int,38,"and 1",0.20,17.2049,21.1885,39,39,2026-10-06T12:35:45+02:00
znver4,simde,512,main_scan_int,38,"and 1",0.20,23.9601,20.8842,39,39,2026-10-06T12:35:45+02:00
znver4,simde,512,main_scan_int,38,"and 1",0.20,24.0892,22.1452,39,39,2026-10-06T12:35:45+02:00
znver4,simde,512,main_scan_int,38,"and 2",0.45,12.2219,16.7119,39,39,2026-10-06T12:35:45+02:00
znver4,simde,512,main_scan_int,38,"and 2",0.45,9.8171,16.0855,39,39,2026-10-06T12:35:45+02:00
znver4,simde,512,main_scan_int,38,"and 2",0.45,12.3081,16.7778,39,39,2026-10-06T12:35:45+02:00
znver4,simde,512,main_scan_int,38,"and 2",0.45,12.4952,16.9432,39,39,2026-10-06T12:35:45+02:00
znver4,simde,512,main_scan_int,38,"and 2",0.45,12.0257,16.6254,39,39,2026-10-06T12:35:45+02:00
znver4,simde,512,main_scan_int,38,"and 3",0.58,9.7231,13.0110,39,39,2026-10-06T12:35:45+02:00
znver4,simde,512,main_scan_int,38,"and 3",0.58,5.7206,9.1736,39,39,2026-10-06T12:35:45+02:00
znver4,simde,512,main_scan_int,38,"and 3",0.58,9.5481,13.1634,39,39,2026-10-06T12:35:45+02:00
znver4,simde,512,main_scan_int,38,"and 3",0.58,9.7591,13.1039,39,39,2026-10-06T12:35:45+02:00
znver4,simde,512,main_scan_int,38,"and 3",0.58,8.7158,11.5898,39,39,2026-10-06T12:35:45+02:00
znver4,simde,512,main_scan_int,38,"and 1",0.50,16.5021,19.1094,39,39,2026-10-06T12:35:45+02:00
znver4,simde,512,main_scan_int,38,"and 1",0.50,17.0427,18.1393,39,39,2026-10-06T12:35:45+02:00
znver4,simde,512,main_scan_int,38,"and 1",0.50,16.6690,16.0972,39,39,2026-10-06T12:35:45+02:00
znver4,simde,512,main_scan_int,38,"and 1",0.50,7.8354,18.8951,39,39,2026-10-06T12:35:45+02:00
znver4,simde,512,main_scan_int,38,"and 1",0.50,9.2520,11.8957,39,39,2026-10-06T12:35:45+02:00
znver4,simde,512,main_scan_int,38,"and 2",0.71,10.4469,10.3911,39,39,2026-10-06T12:35:45+02:00
znver4,simde,512,main_scan_int,38,"and 2",0.71,12.9418,14.6578,39,39,2026-10-06T12:35:45+02:00
znver4,simde,512,main_scan_int,38,"and 2",0.71,13.2163,13.7863,39,39,2026-10-06T12:35:45+02:00
znver4,simde,512,main_scan_int,38,"and 2",0.71,10.0156,11.4190,39,39,2026-10-06T12:35:45+02:00
znver4,simde,512,main_scan_int,38,"and 2",0.71,13.8395,14.7354,39,39,2026-10-06T12:35:45+02:00
znver4,simde,512,main_scan_int,38,"and 3",0.79,9.8632,12.4458,39,39,2026-10-06T12:35:45+02:00
znver4,simde,512,main_scan_int,38,"and 3",0.79,10.2420,12.4425,39,39,2026-10-06T12:35:45+02:00
znver4,simde,512,main_scan_int,38,"and 3",0.79,9.9942,8.5704,39,39,2026-10-06T12:35:45+02:00
znver4,simde,512,main_scan_int,38,"and 3",0.79,9.6370,9.7434,39,39,2026-10-06T12:35:45+02:00
znver4,simde,512,main_scan_int,38,"and 3",0.79,7.1785,10.0795,39,39,2026-10-06T12:35:45+02:00
znver4,simde,512,main_scan_int,38,"and 1",1.00,15.9513,19.9352,39,39,2026-10-06T12:35:45+02:00
znver4,simde,512,main_scan_int,38,"and 1",1.00,14.7564,20.7155,39,39,2026-10-06T12:35:45+02:00
znver4,simde,512,main_scan_int,38,"and 1",1.00,15.5083,17.3607,39,39,2026-10-06T12:35:45+02:00
znver4,simde,512,main_scan_int,38,"and 1",1.00,14.9033,20.1579,39,39,2026-10-06T12:35:45+02:00
znver4,simde,512,main_scan_int,38,"and 1",1.00,12.2593,19.9014,39,39,2026-10-06T12:35:45+02:00
znver4,simde,512,main_scan_int,38,"and 2",1.00,11.7740,15.5123,39,39,2026-10-06T12:35:45+02:00
znver4,simde,512,main_scan_int,38,"and 2",1.00,11.7651,15.7375,39,39,2026-10-06T12:35:45+02:00
znver4,simde,512,main_scan_int,38,"and 2",1.00,12.2122,15.0052,39,39,2026-10-06T12:35:45+02:00
znver4,simde,512,main_scan_int,38,"and 2",1.00,11.5379,14.1979,39,39,2026-10-06T12:35:45+02:00
znver4,simde,512,main_scan_int,38,"and 2",1.00,12.0268,15.5677,39,39,2026-10-06T12:35:45+02:00
znver4,simde,512,main_scan_int,38,"and 3",1.00,9.9117,11.3041,39,39,2026-10-06T12:35:45+02:00
znver4,simde,512,main_scan_int,38,"and 3",1.00,9.0183,11.9698,39,39,2026-10-06T12:35:45+02:00
znver4,simde,512,main_scan_int,38,"and 3",1.00,8.2902,11.9711,39,39,2026-10-06T12:35:45+02:00
znver4,simde,512,main_scan_int,38,"and 3",1.00,10.0768,12.0808,39,39,2026-10-06T12:35:45+02:00
znver4,simde,512,main_scan_int,38,"and 3",1.00,9.9373,11.6568,39,39,2026-10-06T12:35:45+02:00
znver4,simde,512,main_scan_enc,38,"and 1",0.00,11.0941,145.1252,39,39,2026-10-06T12:36:01+02:00
znver4,simde,512,main_scan_enc,38,"and 1",0.00,63.5909,269.3966,39,39,2026-10-06T12:36:01+02:00
znver4,simde,512,main_scan_enc,38,"and 1",0.00,62.4416,271.1232,39,39,2026-10-06T12:36:01+02:00
znver4,simde,512,main_scan_enc,38,"and 1",0.00,64.5989,277.4972,39,39,2026-10-06T12:36:01+02:00
znver4,simde,512,main_scan_enc,38,"and 1",0.00,62.5198,286.6430,39,39,2026-10-06T12:36:01+02:00
znver4,simde,512,main_scan_enc,38,"and 2",0.03,38.3958,99.1727,39,39,2026-10-06T12:36:01+02:00
znver4,simde,512,main_scan_enc,38,"and 2",0.03,39.4670,115.4537,39,39,2026-10-06T12:36:01+02:00
znver4,simde,512,main_scan_enc,38,"and 2",0.03,41.4208,124.8801,39,39,2026-10-06T12:36:01+02:00
znver4,simde,512,main_scan_enc,38,"and 2",0.03,43.3016,119.6255,39,39,2026-10-06T12:36:01+02:00
znver4,simde,512,main_scan_enc,38,"and 2",0.03,42.7038,127.1123,39,39,2026-10-06T12:36:01+02:00
znver4,simde,512,main_scan_enc,38,"and 3",0.10,20.4647,42.6298,39,39,2026-10-06T12:36:01+02:00
znver4,simde,512,main_scan_enc,38,"and 3",0.10,21.3775,48.0293,39,39,2026-10-06T12:36:01+02:00
znver4,simde,512,main_scan_enc,38,"and 3",0.10,21.7789,49.5107,39,39,2026-10-06T12:36:01+02:00
znver4,simde,512,main_scan_enc,38,"and 3",0.10,20.7709,55.2892,39,39,2026-10-06T12:36:01+02:00
znver4,simde,512,main_scan_enc,38,"and 3",0.10,21.2195,56.9324,39,39,2026-10-06T12:36:01+02:00
znver4,simde,512,main_scan_enc,38,"and 1",0.00,46.5506,200.3157,39,39,2026-10-06T12:36:01+02:00
znver4,simde,512,main_scan_enc,38,"and 1",0.00,37.0566,101.0865,39,39,2026-10-06T12:36:01+02:00
znver4,simde,512,main_scan_enc,38,"and 1",0.00,18.8709,208.8023,39,39,2026-10-06T12:36:01+02:00
znver4,simde,512,main_scan_enc,38,"and 1",0.00,57.2319,162.7053,39,39,2026-10-06T12:36:01+02:00
znver4,simde,512,main_scan_enc,38,"and 1",0.00,61.5456,233.8383,39,39,2026-10-06T12:36:01+02:00
znver4,simde,512,main_scan_enc,38,"and 2",0.04,35.8460,107.1940,39,39,2026-10-06T12:36:01+02:00
znver4,simde,512,main_scan_enc,38,"and 2",0.04,37.1429,98.7451,39,39,2026-10-06T12:36:01+02:00
znver4,simde,512,main_scan_enc,38,"and 2",0.04,37.7687,126.6897,39,39,2026-10-06T12:36:01+02:00
znver4,simde,512,main_scan_enc,38,"and 2",0.04,37.7642,128.3045,39,39,2026-10-06T12:36:01+02:00
znver4,simde,512,main_scan_enc,38,"and 2",0.04,37.1070,106.8936,39,39,2026-10-06T12:36:01+02:00
znver4,simde,512,main_scan_enc,38,"and 3",0.13,14.7833,38.4680,39,39,2026-10-06T12:36:01+02:00
znver4,simde,512,main_scan_enc,38,"and 3",0.13,17.4331,44.4710,39,39,2026-10-06T12:36:01+02:00
znver4,simde,512,main_scan_enc,38,"and 3",0.13,21.0311,45.3340,39,39,2026-10-06T12:36:01+02:00
znver4,simde,512,main_scan_enc,38,"and 3",0.13,18.0658,16.5288,39,39,2026-10-06T12:36:01+02:00
znver4,simde,512,main_scan_enc,38,"and 3",0.13,20.8589,46.7069,39,39,2026-10-06T12:36:01+02:00
znver4,simde,512,main_scan_enc,38,"and 1",0.01,37.4082,140.5888,39,39,2026-10-06T12:36:01+02:00
znver4,simde,512,main_scan_enc,38,"and 1",0.01,25.3874,145.4719,39,39,2026-10-06T12:36:01+02:00
znver4,simde,512,main_scan_enc,38,"and 1",0.01,41.2422,68.5523,39,39,2026-10-06T12:36:01+02:00
znver4,simde,512,main_scan_enc,38,"and 1",0.01,14.5100,67.4857,39,39,2026-10-06T12:36:01+02:00
znver4,simde,512,main_scan_enc,38,"and 1",0.01,30.1153,15.7644,39,39,2026-10-06T12:36:01+02:00
znver4,simde,512,main_scan_enc,38,"and 2",0.07,25.3035,55.2134,39,39,2026-10-06T12:36:01+02:00
znver4,simde,512,main_scan_enc,38,"and 2",0.07,25.5761,56.7350,39,39,2026-10-06T12:36:01+02:00
znver4,simde,512,main_scan_enc,38,"and 2",0.07,16.4540,43.3118,39,39,2026-10-06T12:36:01+02:00
znver4,simde,512,main_scan_enc,38,"and 2",0.07,20.2365,88.2651,39,39,2026-10-06T12:36:01+02:00
znver4,simde,512,main_scan_enc,38,"and 2",0.07,17.3039,82.8376,39,39,2026-10-06T12:36:01+02:00
znver4,simde,512,main_scan_enc,38,"and 3",0.17,17.4245,16.4980,39,39,2026-10-06T12:36:01+02:00
znver4,simde,512,main_scan_enc,38,"and 3",0.17,9.7466,39.6973,39,39,2026-10-06T12:36:01+02:00
znver4,simde,512,main_scan_enc,38,"and 3",0.17,18.2183,42.4348,39,39,2026-10-06T12:36:01+02:00
znver4,simde,512,main_scan_enc,38,"and 3",0.17,17.6957,47.0299,39,39,2026-10-06T12:36:01+02:00
znver4,simde,512,main_scan_enc,38,"and 3",0.17,18.2800,48.5813,39,39,2026-10-06T12:36:01+02:00
znver4,simde,512,main_scan_enc,38,"and 1",0.01,28.4814,95.6134,39,39,2026-10-06T12:36:01+02:00
znver4,simde,512,main_scan_enc,38,"and 1",0.01,34.1169,101.8973,39,39,2026-10-06T12:36:01+02:00
znver4,simde,512,main_scan_enc,38,"and 1",0.01,37.4984,109.3661,39,39,2026-10-06T12:36:01+02:00
znver4,simde,512,main_scan_enc,38,"and 1",0.01,41.0983,110.1992,39,39,2026-10-06T12:36:01+02:00
znver4,simde,512,main_scan_enc,38,"and 1",0.01,45.4869,115.4273,39,39,2026-10-06T12:36:01+02:00
znver4,simde,512,main_scan_enc,38,"and 2",0.10,21.5706,66.8236,39,39,2026-10-06T12:36:01+02:00
znver4,simde,512,main_scan_enc,38,"and 2",0.10,21.2611,73.5309,39,39,2026-10-06T12:36:01+02:00
znver4,simde,512,main_scan_enc,38,"and 2",0.10,18.7405,73.6393,39,39,2026-10-06T12:36:01+02:00
znver4,simde,512,main_scan_enc,38,"and 2",0.10,22.8634,69.6357,39,39,2026-10-06T12:36:01+02:00
znver4,simde,512,main_scan_enc,38,"and 2",0.10,22.1189,78.2345,39,39,2026-10-06T12:36:01+02:00
znver4,simde,512,main_scan_enc,38,"and 3",0.22,13.6367,41.4897,39,39,2026-10-06T12:36:01+02:00
znver4,simde,512,main_scan_enc,38,"and 3",0.22,13.4595,30.1508,39,39,2026-10-06T12:36:01+02:00
znver4,simde,512,main_scan_enc,38,"and 3",0.22,13.2167,30.5073,39,39,2026-10-06T12:36:01+02:00
znver4,simde,512,main_scan_enc,38,"and 3",0.22,14.6268,41.7464,39,39,2026-10-06T12:36:01+02:00
znver4,simde,512,main_scan_enc,38,"and 3",0.22,14.9059,42.5716,39,39,2026-10-06T12:36:01+02:00
znver4,simde,512,main_scan_enc,38,"and 1",0.02,16.4202,59.1250,39,39,2026-10-06T12:36:01+02:00
znver4,simde,512,main_scan_enc,38,"and 1",0.02,29.1535,59.3542,39,39,2026-10-06T12:36:01+02:00
znver4,simde,512,main_scan_enc,38,"and 1",0.02,30.4095,61.4698,39,39,2026-10-06T12:36:01+02:00
znver4,simde,512,main_scan_enc,38,"and 1",0.02,31.6963,64.9519,39,39,2026-10-06T12:36:01+02:00
znver4,simde,512,main_scan_enc,38,"and 1",0.02,30.5760,67.4146,39,39,2026-10-06T12:36:01+02:00
znver4,simde,512,main_scan_enc,38,"and 2",0.14,19.1360,46.1086,39,39,2026-10-06T12:36:01+02:00
znver4,simde,512,main_scan_enc,38,"and 2",0.14,19.8429,47.7962,39,39,2026-10-06T12:36:01+02:00
znver4,simde,512,main_scan_enc,38,"and 2",0.14,20.0022,50.5924,39,39,2026-10-06T12:36:01+02:00
znver4,simde,512,main_scan_enc,38,"and 2",0.14,19.8913,17.8149,39,39,2026-10-06T12:36:01+02:00
znver4,simde,512,main_scan_enc,38,"and 2",0.14,19.9386,51.3992,39,39,2026-10-06T12:36:01+02:00
znver4,simde,512,main_scan_enc,38,"and 3",0.27,9.2098,22.8628,39,39,2026-10-06T12:36:01+02:00
znver4,simde,512,main_scan_enc,38,"and 3",0.27,10.6990,27.0124,39,39,2026-10-06T12:36:01+02:00
znver4,simde,512,main_scan_enc,38,"and 3",0.27,12.2476,32.4080,39,39,2026-10-06T12:36:01+02:00
znver4,simde,512,main_scan_enc,38,"and 3",0.27,12.5074,33.4151,39,39,2026-10-06T12:36:01+02:00
znver4,simde,512,main_scan_enc,38,"and 3",0.27,12.7654,33.6131,39,39,2026-10-06T12:36:01+02:00
znver4,simde,512,main_scan_enc,38,"and 1",0.05,34.4676,31.3289,39,39,2026-10-06T12:36:01+02:00
znver4,simde,512,main_scan_enc,38,"and 1",0.05,31.6708,32.4964,39,39,2026-10-06T12:36:01+02:00
znver4,simde,512,main_scan_enc,38,"and 1",0.05,44.1006,32.4677,39,39,2026-10-06T12:36:01+02:00
znver4,simde,512,main_scan_enc,38,"and 1",0.05,44.1482,32.8631,39,39,2026-10-06T12:36:01+02:00
znver4,simde,512,main_scan_enc,38,"and 1",0.05,45.2047,33.0672,39,39,2026-10-06T12:36:01+02:00
znver4,simde,512,main_scan_enc,38,"and 2",0.22,17.8828,30.8116,39,39,2026-10-06T12:36:01+02:00
znver4,simde,512,main_scan_enc,38,"and 2",0.22,18.2156,30.6042,39,39,2026-10-06T12:36:01+02:00
znver4,simde,512,main_scan_enc,38,"and 2",0.22,17.4070,30.9806,39,39,2026-10-06T12:36:01+02:00
znver4,simde,512,main_scan_enc,38,"and 2",0.22,18.2401,19.2288,39,39,2026-10-06T12:36:01+02:00
znver4,simde,512,main_scan_enc,38,"and 2",0.22,10.2255,21.8791,39,39,2026-10-06T12:36:01+02:00
znver4,simde,512,main_scan_enc,38,"and 3",0.37,9.9932,23.1268,39,39,2026-10-06T12:36:01+02:00
znver4,simde,512,main_scan_enc,38,"and 3",0.37,9.9937,24.1720,39,39,2026-10-06T12:36:01+02:00
znver4,simde,512,main_scan_enc,38,"and 3",0.37,7.9206,21.7319,39,39,2026-10-06T12:36:01+02:00
znver4,simde,512,main_scan_enc,38,"and 3",0.37,8.8942,19.8069,39,39,2026-10-06T12:36:01+02:00
znver4,simde,512,main_scan_enc,38,"and 3",0.37,8.5182,22.1223,39,39,2026-10-06T12:36:01+02:00
znver4,simde,512,main_scan_enc,38,"and 1",0.10,22.2867,24.0735,39,39,2026-10-06T12:36:01+02:00
znver4,simde,512,main_scan_enc,38,"and 1",0.10,34.9050,20.0856,39,39,2026-10-06T12:36:01+02:00
znver4,simde,512,main_scan_enc,38,"and 1",0.10,21.1784,24.6274,39,39,2026-10-06T12:36:01+02:00
znver4,simde,512,main_scan_enc,38,"and 1",0.10,33.8488,23.3218,39,39,2026-10-06T12:36:01+02:00
znver4,simde,512,main_scan_enc,38,"and 1",0.10,29.0875,24.3456,39,39,2026-10-06T12:36:01+02:00
znver4,simde,512,main_scan_enc,38,"and 2",0.32,9.0311,19.1913,39,39,2026-10-06T12:36:01+02:00
znver4,simde,512,main_scan_enc,38,"and 2",0.32,10.8561,10.5777,39,39,2026-10-06T12:36:01+02:00
znver4,simde,512,main_scan_enc,38,"and 2",0.32,10.9015,23.0911,39,39,2026-10-06T12:36:01+02:00
znver4,simde,512,main_scan_enc,38,"and 2",0.32,10.1156,22.7606,39,39,2026-10-06T12:36:01+02:00
znver4,simde,512,main_scan_enc,38,"and 2",0.32,12.4244,22.3022,39,39,2026-10-06T12:36:01+02:00
znver4,simde,512,main_scan_enc,38,"and 3",0.46,6.4616,19.4528,39,39,2026-10-06T12:36:01+02:00
znver4,simde,512,main_scan_enc,38,"and 3",0.46,6.2543,17.6565,39,39,2026-10-06T12:36:01+02:00
znver4,simde,512,main_scan_enc,38,"and 3",0.46,5.7993,16.1220,39,39,2026-10-06T12:36:01+02:00
znver4,simde,512,main_scan_enc,38,"and 3",0.46,6.3077,20.3300,39,39,2026-10-06T12:36:01+02:00
znver4,simde,512,main_scan_enc,38,"and 3",0.46,5.6517,20.1518,39,39,2026-10-06T12:36:01+02:00
znver4,simde,512,main_scan_enc,38,"and 1",0.20,25.1664,10.2696,39,39,2026-10-06T12:36:01+02:00
znver4,simde,512,main_scan_enc,38,"and 1",0.20,13.1231,11.0158,39,39,2026-10-06T12:36:01+02:00
znver4,simde,512,main_scan_enc,38,"and 1",0.20,10.5742,13.8684,39,39,2026-10-06T12:36:01+02:00
znver4,simde,512,main_scan_enc,38,"and 1",0.20,14.0736,8.8755,39,39,2026-10-06T12:36:01+02:00
znver4,simde,512,main_scan_enc,38,"and 1",0.20,24.9067,20.2516,39,39,2026-10-06T12:36:01+02:00
znver4,simde,512,main_scan_enc,38,"and 2",0.45,7.4508,11.5616,39,39,2026-10-06T12:36:01+02:00
znver4,simde,512,main_scan_enc,38,"and 2",0.45,5.7968,11.1296,39,39,2026-10-06T12:36:01+02:00
znver4,simde,512,main_scan_enc,38,"and 2",0.45,5.6330,12.9364,39,39,2026-10-06T12:36:01+02:00
znver4,simde,512,main_scan_enc,38,"and 2",0.45,5.6293,11.6060,39,39,2026-10-06T12:36:01+02:00
znver4,simde,512,main_scan_enc,38,"and 2",0.45,6.5718,18.0272,39,39,2026-10-06T12:36:01+02:00
znver4,simde,512,main_scan_enc,38,"and 3",0.58,7.3711,15.9484,39,39,2026-10-06T12:36:01+02:00
znver4,simde,512,main_scan_enc,38,"and 3",0.58,5.5758,11.0689,39,39,2026-10-06T12:36:01+02:00
znver4,simde,512,main_scan_enc,38,"and 3",0.58,4.0122,10.7288,39,39,2026-10-06T12:36:01+02:00
znver4,simde,512,main_scan_enc,38,"and 3",0.58,5.1354,14.9192,39,39,2026-10-06T12:36:01+02:00
znver4,simde,512,main_scan_enc,38,"and 3",0.58,5.3126,17.9565,39,39,2026-10-06T12:36:01+02:00
znver4,simde,512,main_scan_enc,38,"and 1",0.50,8.8540,11.8931,39,39,2026-10-06T12:36:01+02:00
znver4,simde,512,main_scan_enc,38,"and 1",0.50,12.5840,18.0906,39,39,2026-10-06T12:36:01+02:00
znver4,simde,512,main_scan_enc,38,"and 1",0.50,8.5365,14.3707,39,39,2026-10-06T12:36:01+02:00
znver4,simde,512,main_scan_enc,38,"and 1",0.50,7.5857,17.9278,39,39,2026-10-06T12:36:01+02:00
znver4,simde,512,main_scan_enc,38,"and 1",0.50,5.1467,16.8759,39,39,2026-10-06T12:36:01+02:00
znver4,simde,512,main_scan_enc,38,"and 2",0.71,6.8688,14.1143,39,39,2026-10-06T12:36:01+02:00
znver4,simde,512,main_scan_enc,38,"and 2",0.71,6.8132,17.7571,39,39,2026-10-06T12:36:01+02:00
znver4,simde,512,main_scan_enc,38,"and 2",0.71,3.4150,11.6895,39,39,2026-10-06T12:36:01+02:00
znver4,simde,512,main_scan_enc,38,"and 2",0.71,6.9246,13.8188,39,39,2026-10-06T12:36:01+02:00
znver4,simde,512,main_scan_enc,38,"and 2",0.71,6.3195,10.8965,39,39,2026-10-06T12:36:01+02:00
znver4,simde,512,main_scan_enc,38,"and 3",0.79,7.0665,10.3777,39,39,2026-10-06T12:36:01+02:00
znver4,simde,512,main_scan_enc,38,"and 3",0.79,7.0295,12.7184,39,39,2026-10-06T12:36:01+02:00
znver4,simde,512,main_scan_enc,38,"and 3",0.79,6.3355,12.0583,39,39,2026-10-06T12:36:01+02:00
znver4,simde,512,main_scan_enc,38,"and 3",0.79,5.8292,16.0598,39,39,2026-10-06T12:36:01+02:00
znver4,simde,512,main_scan_enc,38,"and 3",0.79,6.8642,10.1983,39,39,2026-10-06T12:36:01+02:00
znver4,simde,512,main_scan_enc,38,"and 1",1.00,18.4161,15.0583,39,39,2026-10-06T12:36:01+02:00
znver4,simde,512,main_scan_enc,38,"and 1",1.00,13.4265,10.2241,39,39,2026-10-06T12:36:01+02:00
znver4,simde,512,main_scan_enc,38,"and 1",1.00,17.7485,10.9930,39,39,2026-10-06T12:36:01+02:00
znver4,simde,512,main_scan_enc,38,"and 1",1.00,15.9675,15.2808,39,39,2026-10-06T12:36:01+02:00
znver4,simde,512,main_scan_enc,38,"and 1",1.00,17.1512,10.8209,39,39,2026-10-06T12:36:01+02:00
znver4,simde,512,main_scan_enc,38,"and 2",1.00,14.6156,13.8850,39,39,2026-10-06T12:36:01+02:00
znver4,simde,512,main_scan_enc,38,"and 2",1.00,16.0440,9.6246,39,39,2026-10-06T12:36:01+02:00
znver4,simde,512,main_scan_enc,38,"and 2",1.00,13.3390,13.6493,39,39,2026-10-06T12:36:01+02:00
znver4,simde,512,main_scan_enc,38,"and 2",1.00,13.2533,9.4322,39,39,2026-10-06T12:36:01+02:00
znver4,simde,512,main_scan_enc,38,"and 2",1.00,14.9360,10.2879,39,39,2026-10-06T12:36:01+02:00
znver4,simde,512,main_scan_enc,38,"and 3",1.00,10.1426,13.6599,39,39,2026-10-06T12:36:01+02:00
znver4,simde,512,main_scan_enc,38,"and 3",1.00,13.8173,9.5338,39,39,2026-10-06T12:36:01+02:00
znver4,simde,512,main_scan_enc,38,"and 3",1.00,13.5921,13.5276,39,39,2026-10-06T12:36:01+02:00
znver4,simde,512,main_scan_enc,38,"and 3",1.00,8.4115,9.6109,39,39,2026-10-06T12:36:01+02:00
znver4,simde,512,main_scan_enc,38,"and 3",1.00,9.6558,9.4802,39,39,2026-10-06T12:36:01+02:00
znver4,simde,512,main_hash,24,"jenkins_hash",100.00,0.036071,0.036071,39,39,2026-10-06T12:39:39+02:00
znver4,simde,512,main_hash,24,"fnv_hash",100.00,0.042952,0.042952,39,39,2026-10-06T12:39:39+02:00
znver4,simde,512,main_hash,24,"murmur_hash",100.00,0.077196,0.077196,39,39,2026-10-06T12:39:39+02:00
znver4,simde-portable,256,main_hash,26,"jenkins_hash",100.00,0.022155,0.022155,30,30,2026-10-06T13:22:50+02:00
znver4,simde-portable,256,main_hash,26,"fnv_hash",100.00,0.024220,0.024220,30,30,2026-10-06T13:22:50+02:00
znver4,simde-portable,256,main_hash,26,"murmur_hash",100.00,0.044095,0.044095,30,30,2026-10-06T13:22:50+02:00
znver4,simde-portable,128,main_filter,30,"filter_byte_eq",100.00,0.231656,0.231656,30,30,2026-10-06T13:23:09+02:00
znver4,simde-portable,128,main_filter,30,"filter_byte_lt",100.00,0.124833,0.124833,30,30,2026-10-06T13:23:09+02:00
znver4,simde-portable,128,main_filter,30,"filter_byte_gt",100.00,0.124208,0.124208,30,30,2026-10-06T13:23:09+02:00
znver4,simde-portable,128,main_filter,30,"filter_byte_ne",100.00,0.098229,0.098229,30,30,2026-10-06T13:23:09+02:00
znver4,simde-portable,128,main_filter,30,"filter_byte_le",100.00,0.125737,0.125737,30,30,2026-10-06T13:23:09+02:00
znver4,simde-portable,128,main_filter,30,"filter_byte_ge",100.00,0.126102,0.126102,30,30,2026-10-06T13:23:09+02:00
znver4,simde-portable,128,main_filter,30,"filter_short_eq",100.00,0.092313,0.092313,30,30,2026-10-06T13:23:09+02:00
znver4,simde-portable,128,main_filter,30,"filter_short_lt",100.00,0.062108,0.062108,30,30,2026-10-06T13:23:09+02:00
znver4,simde-portable,128,main_filter,30,"filter_short_gt",100.00,0.062969,0.062969,30,30,2026-10-06T13:23:09+02:00
znver4,simde-portable,128,main_filter,30,"filter_short_ne",100.00,0.060426,0.060426,30,30,2026-10-06T13:23:09+02:00
znver4,simde-portable,128,main_filter,30,"filter_short_le",100.00,0.066812,0.066812,30,30,2026-10-06T13:23:09+02:00
znver4,simde-portable,128,main_filter,30,"filter_short_ge",100.00,0.066809,0.066809,30,30,2026-10-06T13:23:09+02:00
znver4,simde-portable,128,main_filter,30,"filter_int_eq",100.00,0.073466,0.073466,30,30,2026-10-06T13:23:09+02:00
znver4,simde-portable,128,main_filter,30,"filter_int_lt",100.00,0.055943,0.055943,30,30,2026-10-06T13:23:09+02:00
znver4,simde-portable,128,main_filter,30,"filter_int_gt",100.00,0.056271,0.056271,30,30,2026-10-06T13:23:09+02:00
znver4,simde-portable,128,main_filter,30,"filter_int_ne",100.00,0.047565,0.047565,30,30,2026-10-06T13:23:09+02:00
znver4,simde-portable,128,main_filter,30,"filter_int_le",100.00,0.056162,0.056162,30,30,2026-10-06T13:23:09+02:00
znver4,simde-portable,128,main_filter,30,"filter_int_ge",100.00,0.056286,0.056286,30,30,2026-10-06T13:23:09+02:00
znver4,simde-portable,128,main_filter,30,"filter_long_eq",100.00,0.057438,0.057438,30,30,2026-10-06T13:23:09+02:00
znver4,simde-portable,128,main_filter,30,"filter_long_lt",100.00,0.046229,0.046229,30,30,2026-10-06T13:23:09+02:00
znver4,simde-portable,128,main_filter,30,"filter_long_gt",100.00,0.046626,0.046626,30,30,2026-10-06T13:23:09+02:00
znver4,simde-portable,128,main_filter,30,"filter_long_ne",100.00,0.043162,0.043162,30,30,2026-10-06T13:23:09+02:00
znver4,simde-portable,128,main_filter,30,"filter_long_le",100.00,0.047257,0.047257,30,30,2026-10-06T13:23:09+02:00
znver4,simde-portable,128,main_filter,30,"filter_long_ge",100.00,0.046923,0.046923,30,30,2026-10-06T13:23:09+02:00
znver4,simde-portable,128,main_filter,30,"filter_float_eq",100.00,0.067656,0.067656,30,30,2026-10-06T13:23:09+02:00
znver4,simde-portable,128,main_filter,30,"filter_float_lt",100.00,0.051896,0.051896,30,30,2026-10-06T13:23:09+02:00
znver4,simde-portable,128,main_filter,30,"filter_float_gt",100.00,0.056191,0.056191,30,30,2026-10-06T13:23:09+02:00
znver4,simde-portable,128,main_filter,30,"filter_float_ne",100.00,0.050712,0.050712,30,30,2026-10-06T13:23:09+02:00
znver4,simde-portable,128,main_filter,30,"filter_float_le",100.00,0.051702,0.051702,30,30,2026-10-06T13:23:09+02:00
znver4,simde-portable,128,main_filter,30,"filter_float_ge",100.00,0.056615,0.056615,30,30,2026-10-06T13:23:09+02:00
znver4,simde-portable,128,main_filter,30,"filter_double_eq",100.00,0.057850,0.057850,30,30,2026-10-06T13:23:09+02:00
znver4,simde-portable,128,main_filter,30,"filter_double_lt",100.00,0.046712,0.046712,30,30,2026-10-06T13:23:09+02:00
znver4,simde-portable,128,main_filter,30,"filter_double_gt",100.00,0.047278,0.047278,30,30,2026-10-06T13:23:09+02:00
znver4,simde-portable,128,main_filter,30,"filter_double_ne",100.00,0.043638,0.043638,30,30,2026-10-06T13:23:09+02:00
znver4,simde-portable,128,main_filter,30,"filter_double_le",100.00,0.047593,0.047593,30,30,2026-10-06T13:23:09+02:00
znver4,simde-portable,128,main_filter,30,"filter_double_ge",100.00,0.047097,0.047097,30,30,2026-10-06T13:23:09+02:00
znver4,simde-portable,128,main_filter,30,"filter_char_eq",100.00,0.054285,0.054285,30,30,2026-10-06T13:23:09+02:00
znver4,simde-portable,128,main_filter,30,"filter_char_lt",100.00,0.033032,0.033032,30,30,2026-10-06T13:23:09+02:00
znver4,simde-portable,128,main_filter,30,"filter_char_gt",100.00,0.033119,0.033119,30,30,2026-10-06T13:23:09+02:00
znver4,simde-portable,128,main_filter,30,"filter_char_ne",100.00,0.049395,0.049395,30,30,2026-10-06T13:23:09+02:00
znver4,simde-portable,128,main_filter,30,"filter_char_le",100.00,0.032970,0.032970,30,30,2026-10-06T13:23:09+02:00
znver4,simde-portable,128,main_filter,30,"filter_char_ge",100.00,0.033159,0.033159,30,30,2026-10-06T13:23:09+02:00
znver4,simde-portable,256,main_filter,30,"filter_byte_eq",100.00,0.222136,0.222136,30,30,2026-10-06T13:23:26+02:00
znver4,simde-portable,256,main_filter,30,"filter_byte_lt",100.00,0.126851,0.126851,30,30,2026-10-06T13:23:26+02:00
znver4,simde-portable,256,main_filter,30,"filter_byte_gt",100.00,0.125785,0.125785,30,30,2026-10-06T13:23:26+02:00
znver4,simde-portable,256,main_filter,30,"filter_byte_ne",100.00,0.099589,0.099589,30,30,2026-10-06T13:23:26+02:00
znver4,simde-portable,256,main_filter,30,"filter_byte_le",100.00,0.125783,0.125783,30,30,2026-10-06T13:23:26+02:00
znver4,simde-portable,256,main_filter,30,"filter_byte_ge",100.00,0.125679,0.125679,30,30,2026-10-06T13:23:26+02:00
znver4,simde-portable,256,main_filter,30,"filter_short_eq",100.00,0.091162,0.091162,30,30,2026-10-06T13:23:26+02:00
znver4,simde-portable,256,main_filter,30,"filter_short_lt",100.00,0.066044,0.066044,30,30,2026-10-06T13:23:26+02:00
znver4,simde-portable,256,main_filter,30,"filter_short_gt",100.00,0.066714,0.066714,30,30,2026-10-06T13:23:26+02:00
znver4,simde-portable,256,main_filter,30,"filter_short_ne",100.00,0.064269,0.064269,30,30,2026-10-06T13:23:26+02:00
znver4,simde-portable,256,main_filter,30,"filter_short_le",100.00,0.066379,0.066379,30,30,2026-10-06T13:23:26+02:00
znver4,simde-portable,256,main_filter,30,"filter_short_ge",100.00,0.066279,0.066279,30,30,2026-10-06T13:23:26+02:00
znver4,simde-portable,256,main_filter,30,"filter_int_eq",100.00,0.067729,0.067729,30,30,2026-10-06T13:23:26+02:00
znver4,simde-portable,256,main_filter,30,"filter_int_lt",100.00,0.052043,0.052043,30,30,2026-10-06T13:23:26+02:00
znver4,simde-portable,256,main_filter,30,"filter_int_gt",100.00,0.056731,0.056731,30,30,2026-10-06T13:23:26+02:00
znver4,simde-portable,256,main_filter,30,"filter_int_ne",100.00,0.055285,0.055285,30,30,2026-10-06T13:23:26+02:00
znver4,simde-portable,256,main_filter,30,"filter_int_le",100.00,0.056788,0.056788,30,30,2026-10-06T13:23:26+02:00
znver4,simde-portable,256,main_filter,30,"filter_int_ge",100.00,0.056748,0.056748,30,30,2026-10-06T13:23:26+02:00
znver4,simde-portable,256,main_filter,30,"filter_long_eq",100.00,0.058383,0.058383,30,30,2026-10-06T13:23:26+02:00
znver4,simde-portable,256,main_filter,30,"filter_long_lt",100.00,0.047960,0.047960,30,30,2026-10-06T13:23:26+02:00
znver4,simde-portable,256,main_filter,30,"filter_long_gt",100.00,0.048055,0.048055,30,30,2026-10-06T13:23:26+02:00
znver4,simde-portable,256,main_filter,30,"filter_long_ne",100.00,0.045936,0.045936,30,30,2026-10-06T13:23:26+02:00
znver4,simde-portable,256,main_filter,30,"filter_long_le",100.00,0.047040,0.047040,30,30,2026-10-06T13:23:26+02:00
znver4,simde-portable,256,main_filter,30,"filter_long_ge",100.00,0.047266,0.047266,30,30,2026-10-06T13:23:26+02:00
znver4,simde-portable,256,main_filter,30,"filter_float_eq",100.00,0.072425,0.072425,30,30,2026-10-06T13:23:26+02:00
znver4,simde-portable,256,main_filter,30,"filter_float_lt",100.00,0.056725,0.056725,30,30,2026-10-06T13:23:26+02:00
znver4,simde-portable,256,main_filter,30,"filter_float_gt",100.00,0.056737,0.056737,30,30,2026-10-06T13:23:26+02:00
znver4,simde-portable,256,main_filter,30,"filter_float_ne",100.00,0.054340,0.054340,30,30,2026-10-06T13:23:26+02:00
znver4,simde-portable,256,main_filter,30,"filter_float_le",100.00,0.056798,0.056798,30,30,2026-10-06T13:23:26+02:00
znver4,simde-portable,256,main_filter,30,"filter_float_ge",100.00,0.056758,0.056758,30,30,2026-10-06T13:23:26+02:00
znver4,simde-portable,256,main_filter,30,"filter_double_eq",100.00,0.058180,0.058180,30,30,2026-10-06T13:23:26+02:00
znver4,simde-portable,256,main_filter,30,"filter_double_lt",100.00,0.047873,0.047873,30,30,2026-10-06T13:23:26+02:00
znver4,simde-portable,256,main_filter,30,"filter_double_gt",100.00,0.047370,0.047370,30,30,2026-10-06T13:23:26+02:00
znver4,simde-portable,256,main_filter,30,"filter_double_ne",100.00,0.046261,0.046261,30,30,2026-10-06T13:23:26+02:00
znver4,simde-portable,256,main_filter,30,"filter_double_le",100.00,0.047339,0.047339,30,30,2026-10-06T13:23:26+02:00
znver4,simde-portable,256,main_filter,30,"filter_double_ge",100.00,0.047400,0.047400,30,30,2026-10-06T13:23:26+02:00
znver4,simde-portable,256,main_filter,30,"filter_char_eq",100.00,0.068763,0.068763,30,30,2026-10-06T13:23:26+02:00
znver4,simde-portable,256,main_filter,30,"filter_char_lt",100.00,0.034479,0.034479,30,30,2026-10-06T13:23:26+02:00
znver4,simde-portable,256,main_filter,30,"filter_char_gt",100.00,0.034417,0.034417,30,30,2026-10-06T13:23:26+02:00
znver4,simde-portable,256,main_filter,30,"filter_char_ne",100.00,0.063659,0.063659,30,30,2026-10-06T13:23:26+02:00
znver4,simde-portable,256,main_filter,30,"filter_char_le",100.00,0.034920,0.034920,30,30,2026-10-06T13:23:26+02:00
znver4,simde-portable,256,main_filter,30,"filter_char_ge",100.00,0.034778,0.034778,30,30,2026-10-06T13:23:26+02:00
znver4,simde-portable,128,main_expr,30,"expr_float/+",100.00,6.880680,6.880680,30,30,2026-10-06T13:23:44+02:00
znver4,simde-portable,128,main_expr,30,"expr_float/-",100.00,10.721196,10.721196,30,30,2026-10-06T13:23:44+02:00
znver4,simde-portable,128,main_expr,30,"expr_float/*",100.00,10.974776,10.974776,30,30,2026-10-06T13:23:44+02:00
znver4,simde-portable,128,main_expr,30,"expr_float//",100.00,6.617665,6.617665,30,30,2026-10-06T13:23:44+02:00
znver4,simde-portable,128,main_expr,30,"expr_double/+",100.00,2.437557,2.437557,30,30,2026-10-06T13:23:44+02:00
znver4,simde-portable,128,main_expr,30,"expr_double/-",100.00,3.618194,3.618194,30,30,2026-10-06T13:23:44+02:00
znver4,simde-portable,128,main_expr,30,"expr_double/*",100.00,3.705936,3.705936,30,30,2026-10-06T13:23:44+02:00
znver4,simde-portable,128,main_expr,30,"expr_double//",100.00,2.111107,2.111107,30,30,2026-10-06T13:23:44+02:00
znver4,simde-portable,128,main_expr,30,"expr_decimal/+",100.00,2.363581,2.363581,30,30,2026-10-06T13:23:44+02:00
znver4,simde-portable,128,main_expr,30,"expr_decimal/-",100.00,3.264426,3.264426,30,30,2026-10-06T13:23:44+02:00
znver4,simde-portable,128,main_expr,30,"expr_decimal/*",100.00,0.523763,0.523763,30,30,2026-10-06T13:23:44+02:00
znver4,simde-portable,128,main_expr,30,"expr_decimal//",100.00,0.406425,0.406425,30,30,2026-10-06T13:23:44+02:00
znver4,simde-portable,256,main_expr,24,"expr_float/+",100.00,7.554941,7.554941,30,30,2026-10-06T13:23:46+02:00
znver4,simde-portable,256,main_expr,24,"expr_float/-",100.00,11.698103,11.698103,30,30,2026-10-06T13:23:46+02:00
znver4,simde-portable,256,main_expr,24,"expr_float/*",100.00,12.215952,12.215952,30,30,2026-10-06T13:23:46+02:00
znver4,simde-portable,256,main_expr,24,"expr_float//",100.00,11.453974,11.453974,30,30,2026-10-06T13:23:46+02:00
znver4,simde-portable,256,main_expr,24,"expr_double/+",100.00,2.641150,2.641150,30,30,2026-10-06T13:23:46+02:00
znver4,simde-portable,256,main_expr,24,"expr_double/-",100.00,4.199419,4.199419,30,30,2026-10-06T13:23:46+02:00
znver4,simde-portable,256,main_expr,24,"expr_double/*",100.00,4.409076,4.409076,30,30,2026-10-06T13:23:46+02:00
znver4,simde-portable,256,main_expr,24,"expr_double//",100.00,3.775028,3.775028,30,30,2026-10-06T13:23:46+02:00
znver4,simde-portable,256,main_expr,24,"expr_decimal/+",100.00,2.492188,2.492188,30,30,2026-10-06T13:23:46+02:00
znver4,simde-portable,256,main_expr,24,"expr_decimal/-",100.00,3.659228,3.659228,30,30,2026-10-06T13:23:46+02:00
znver4,simde-portable,256,main_expr,24,"expr_decimal/*",100.00,0.713966,0.713966,30,30,2026-10-06T13:23:46+02:00
znver4,simde-portable,256,main_expr,24,"expr_decimal//",100.00,0.579275,0.579275,30,30,2026-10-06T13:23:46+02:00
znver4,simde-portable,128,main_scan_int,31,"and 1",0.00,47.6084,61.5229,31,31,2026-10-06T13:23:48+02:00
znver4,simde-portable,128,main_scan_int,31,"and 1",0.00,51.1030,72.4752,31,31,2026-10-06T13:23:48+02:00
znver4,simde-portable,128,main_scan_int,31,"and 1",0.00,50.9772,74.1656,31,31,2026-10-06T13:23:48+02:00
znver4,simde-portable,128,main_scan_int,31,"and 1",0.00,53.1062,74.9731,31,31,2026-10-06T13:23:48+02:00
znver4,simde-portable,128,main_scan_int,31,"and 1",0.00,53.2324,33.6723,31,31,2026-10-06T13:23:48+02:00
znver4,simde-portable,128,main_scan_int,31,"and 2",0.03,22.6456,28.8323,31,31,2026-10-06T13:23:48+02:00
znver4,simde-portable,128,main_scan_int,31,"and 2",0.03,23.0458,29.0575,31,31,2026-10-06T13:23:48+02:00
znver4,simde-portable,128,main_scan_int,31,"and 2",0.03,22.9031,29.5790,31,31,2026-10-06T13:23:48+02:00
znver4,simde-portable,128,main_scan_int,31,"and 2",0.03,22.4886,29.2521,31,31,2026-10-06T13:23:48+02:00
znver4,simde-portable,128,main_scan_int,31,"and 2",0.03,21.4332,29.0587,31,31,2026-10-06T13:23:48+02:00
znver4,simde-portable,128,main_scan_int,31,"and 3",0.10,19.9433,24.7661,31,31,2026-10-06T13:23:48+02:00
znver4,simde-portable,128,main_scan_int,31,"and 3",0.10,20.4543,24.5298,31,31,2026-10-06T13:23:48+02:00
znver4,simde-portable,128,main_scan_int,31,"and 3",0.10,19.9666,24.5287,31,31,2026-10-06T13:23:48+02:00
znver4,simde-portable,128,main_scan_int,31,"and 3",0.10,20.3235,24.6781,31,31,2026-10-06T13:23:48+02:00
znver4,simde-portable,128,main_scan_int,31,"and 3",0.10,20.8741,24.7465,31,31,2026-10-06T13:23:48+02:00
znver4,simde-portable,128,main_scan_int,31,"and 1",0.00,47.0889,68.3328,31,31,2026-10-06T13:23:48+02:00
znver4,simde-portable,128,main_scan_int,31,"and 1",0.00,49.4312,67.3746,31,31,2026-10-06T13:23:48+02:00
znver4,simde-portable,128,main_scan_int,31,"and 1",0.00,50.5468,67.9079,31,31,2026-10-06T13:23:48+02:00
znver4,simde-portable,128,main_scan_int,31,"and 1",0.00,45.7163,67.8840,31,31,2026-10-06T13:23:48+02:00
znver4,simde-portable,128,main_scan_int,31,"and 1",0.00,51.8266,72.1829,31,31,2026-10-06T13:23:48+02:00
znver4,simde-portable,128,main_scan_int,31,"and 2",0.04,22.0220,28.5247,31,31,2026-10-06T13:23:48+02:00
znver4,simde-portable,128,main_scan_int,31,"and 2",0.04,20.5994,28.9671,31,31,2026-10-06T13:23:48+02:00
znver4,simde-portable,128,main_scan_int,31,"and 2",0.04,20.8692,29.0658,31,31,2026-10-06T13:23:48+02:00
znver4,simde-portable,128,main_scan_int,31,"and 2",0.04,21.6880,29.0091,31,31,2026-10-06T13:23:48+02:00
znver4,simde-portable,128,main_scan_int,31,"and 2",0.04,22.2209,27.9889,31,31,2026-10-06T13:23:48+02:00
znver4,simde-portable,128,main_scan_int,31,"and 3",0.13,18.4951,21.4322,31,31,2026-10-06T13:23:48+02:00
znver4,simde-portable,128,main_scan_int,31,"and 3",0.13,15.2932,14.9573,31,31,2026-10-06T13:23:48+02:00
znver4,simde-portable,128,main_scan_int,31,"and 3",0.13,18.4399,22.2631,31,31,2026-10-06T13:23:48+02:00
znver4,simde-portable,128,main_scan_int,31,"and 3",0.13,18.6811,22.3647,31,31,2026-10-06T13:23:48+02:00
znver4,simde-portable,128,main_scan_int,31,"and 3",0.13,13.6237,19.1101,31,31,2026-10-06T13:23:48+02:00
znver4,simde-portable,128,main_scan_int,31,"and 1",0.01,30.3117,58.6968,31,31,2026-10-06T13:23:48+02:00
znver4,simde-portable,128,main_scan_int,31,"and 1",0.01,39.2866,16.9689,31,31,2026-10-06T13:23:48+02:00
znver4,simde-portable,128,main_scan_int,31,"and 1",0.01,32.3165,57.2707,31,31,2026-10-06T13:23:48+02:00
znver4,simde-portable,128,main_scan_int,31,"and 1",0.01,41.3807,62.2610,31,31,2026-10-06T13:23:48+02:00
znver4,simde-portable,128,main_scan_int,31,"and 1",0.01,43.0993,63.4462,31,31,2026-10-06T13:23:48+02:00
znver4,simde-portable,128,main_scan_int,31,"and 2",0.07,21.1898,28.4867,31,31,2026-10-06T13:23:48+02:00
znver4,simde-portable,128,main_scan_int,31,"and 2",0.07,21.0593,28.2753,31,31,2026-10-06T13:23:48+02:00
znver4,simde-portable,128,main_scan_int,31,"and 2",0.07,21.8957,28.7005,31,31,2026-10-06T13:23:48+02:00
znver4,simde-portable,128,main_scan_int,31,"and 2",0.07,21.3367,28.4407,31,31,2026-10-06T13:23:48+02:00
znver4,simde-portable,128,main_scan_int,31,"and 2",0.07,21.9992,28.7405,31,31,2026-10-06T13:23:48+02:00
znver4,simde-portable,128,main_scan_int,31,"and 3",0.17,15.2461,18.0241,31,31,2026-10-06T13:23:48+02:00
znver4,simde-portable,128,main_scan_int,31,"and 3",0.17,15.3676,18.3782,31,31,2026-10-06T13:23:48+02:00
znver4,simde-portable,128,main_scan_int,31,"and 3",0.17,15.4636,18.6559,31,31,2026-10-06T13:23:48+02:00
znver4,simde-portable,128,main_scan_int,31,"and 3",0.17,15.6022,18.6582,31,31,2026-10-06T13:23:48+02:00
znver4,simde-portable,128,main_scan_int,31,"and 3",0.17,15.2873,18.5399,31,31,2026-10-06T13:23:48+02:00
znver4,simde-portable,128,main_scan_int,31,"and 1",0.01,32.5352,48.6509,31,31,2026-10-06T13:23:48+02:00
znver4,simde-portable,128,main_scan_int,31,"and 1",0.01,34.1813,53.0768,31,31,2026-10-06T13:23:48+02:00
znver4,simde-portable,128,main_scan_int,31,"and 1",0.01,34.5327,52.6464,31,31,2026-10-06T13:23:48+02:00
znver4,simde-portable,128,main_scan_int,31,"and 1",0.01,35.0665,53.3947,31,31,2026-10-06T13:23:48+02:00
znver4,simde-portable,128,main_scan_int,31,"and 1",0.01,34.3360,54.9117,31,31,2026-10-06T13:23:48+02:00
znver4,simde-portable,128,main_scan_int,31,"and 2",0.10,20.9755,26.3896,31,31,2026-10-06T13:23:48+02:00
znver4,simde-portable,128,main_scan_int,31,"and 2",0.10,20.8104,27.7026,31,31,2026-10-06T13:23:48+02:00
znver4,simde-portable,128,main_scan_int,31,"and 2",0.10,20.7598,27.6704,31,31,2026-10-06T13:23:48+02:00
znver4,simde-portable,128,main_scan_int,31,"and 2",0.10,20.7676,27.7262,31,31,2026-10-06T13:23:48+02:00
znver4,simde-portable,128,main_scan_int,31,"and 2",0.10,21.1063,27.9763,31,31,2026-10-06T13:23:48+02:00
znver4,simde-portable,128,main_scan_int,31,"and 3",0.22,14.1159,17.2404,31,31,2026-10-06T13:23:48+02:00
znver4,simde-portable,128,main_scan_int,31,"and 3",0.22,14.6754,17.5201,31,31,2026-10-06T13:23:48+02:00
znver4,simde-portable,128,main_scan_int,31,"and 3",0.22,14.7318,17.4098,31,31,2026-10-06T13:23:48+02:00
znver4,simde-portable,128,main_scan_int,31,"and 3",0.22,14.9537,17.6532,31,31,2026-10-06T13:23:48+02:00
znver4,simde-portable,128,main_scan_int,31,"and 3",0.22,14.7575,17.6276,31,31,2026-10-06T13:23:48+02:00
znver4,simde-portable,128,main_scan_int,31,"and 1",0.02,26.4862,41.3660,31,31,2026-10-06T13:23:48+02:00
znver4,simde-portable,128,main_scan_int,31,"and 1",0.02,26.7814,43.0923,31,31,2026-10-06T13:23:48+02:00
znver4,simde-portable,128,main_scan_int,31,"and 1",0.02,30.5650,44.3849,31,31,2026-10-06T13:23:48+02:00
znver4,simde-portable,128,main_scan_int,31,"and 1",0.02,30.1701,42.7612,31,31,2026-10-06T13:23:48+02:00
znver4,simde-portable,128,main_scan_int,31,"and 1",0.02,21.5112,43.2188,31,31,2026-10-06T13:23:48+02:00
znver4,simde-portable,128,main_scan_int,31,"and 2",0.14,19.4148,22.0566,31,31,2026-10-06T13:23:48+02:00
znver4,simde-portable,128,main_scan_int,31,"and 2",0.14,19.7184,23.2464,31,31,2026-10-06T13:23:48+02:00
znver4,simde-portable,128,main_scan_int,31,"and 2",0.14,18.9822,23.4357,31,31,2026-10-06T13:23:48+02:00
znver4,simde-portable,128,main_scan_int,31,"and 2",0.14,19.7132,22.8074,31,31,2026-10-06T13:23:48+02:00
znver4,simde-portable,128,main_scan_int,31,"and 2",0.14,19.4862,23.3608,31,31,2026-10-06T13:23:48+02:00
znver4,simde-portable,128,main_scan_int,31,"and 3",0.27,12.2878,15.4108,31,31,2026-10-06T13:23:48+02:00
znver4,simde-portable,128,main_scan_int,31,"and 3",0.27,12.4342,15.7024,31,31,2026-10-06T13:23:48+02:00
znver4,simde-portable,128,main_scan_int,31,"and 3",0.27,12.5989,15.7482,31,31,2026-10-06T13:23:48+02:00
znver4,simde-portable,128,main_scan_int,31,"and 3",0.27,12.4229,15.3659,31,31,2026-10-06T13:23:48+02:00
znver4,simde-portable,128,main_scan_int,31,"and 3",0.27,11.9698,15.8220,31,31,2026-10-06T13:23:48+02:00
znver4,simde-portable,128,main_scan_int,31,"and 1",0.05,28.4066,29.8921,31,31,2026-10-06T13:23:48+02:00
znver4,simde-portable,128,main_scan_int,31,"and 1",0.05,29.7909,28.7552,31,31,2026-10-06T13:23:48+02:00
znver4,simde-portable,128,main_scan_int,31,"and 1",0.05,29.7556,30.2828,31,31,2026-10-06T13:23:48+02:00
znver4,simde-portable,128,main_scan_int,31,"and 1",0.05,29.8002,28.2820,31,31,2026-10-06T13:23:48+02:00
znver4,simde-portable,128,main_scan_int,31,"and 1",0.05,28.7891,28.8970,31,31,2026-10-06T13:23:48+02:00
znver4,simde-portable,128,main_scan_int,31,"and 2",0.22,14.4433,19.3991,31,31,2026-10-06T13:23:48+02:00
znver4,simde-portable,128,main_scan_int,31,"and 2",0.22,13.9857,19.5250,31,31,2026-10-06T13:23:48+02:00
znver4,simde-portable,128,main_scan_int,31,"and 2",0.22,13.8638,18.9065,31,31,2026-10-06T13:23:48+02:00
znver4,simde-portable,128,main_scan_int,31,"and 2",0.22,13.3948,19.1047,31,31,2026-10-06T13:23:48+02:00
znver4,simde-portable,128,main_scan_int,31,"and 2",0.22,14.5467,19.4636,31,31,2026-10-06T13:23:48+02:00
znver4,simde-portable,128,main_scan_int,31,"and 3",0.37,10.3490,13.9694,31,31,2026-10-06T13:23:48+02:00
znver4,simde-portable,128,main_scan_int,31,"and 3",0.37,10.2726,13.8992,31,31,2026-10-06T13:23:48+02:00
znver4,simde-portable,128,main_scan_int,31,"and 3",0.37,10.3826,13.9122,31,31,2026-10-06T13:23:48+02:00
znver4,simde-portable,128,main_scan_int,31,"and 3",0.37,10.3897,13.7384,31,31,2026-10-06T13:23:48+02:00
znver4,simde-portable,128,main_scan_int,31,"and 3",0.37,10.3959,13.8423,31,31,2026-10-06T13:23:48+02:00
znver4,simde-portable,128,main_scan_int,31,"and 1",0.10,28.3764,29.5391,31,31,2026-10-06T13:23:48+02:00
znver4,simde-portable,128,main_scan_int,31,"and 1",0.10,26.7680,29.8146,31,31,2026-10-06T13:23:48+02:00
znver4,simde-portable,128,main_scan_int,31,"and 1",0.10,28.0721,27.2254,31,31,2026-10-06T13:23:48+02:00
znver4,simde-portable,128,main_scan_int,31,"and 1",0.10,28.5799,28.5927,31,31,2026-10-06T13:23:48+02:00
znver4,simde-portable,128,main_scan_int,31,"and 1",0.10,28.7091,29.4967,31,31,2026-10-06T13:23:48+02:00
znver4,simde-portable,128,main_scan_int,31,"and 2",0.32,12.7221,18.3631,31,31,2026-10-06T13:23:48+02:00
znver4,simde-portable,128,main_scan_int,31,"and 2",0.32,13.0829,18.7821,31,31,2026-10-06T13:23:48+02:00
znver4,simde-portable,128,main_scan_int,31,"and 2",0.32,13.2032,19.1051,31,31,2026-10-06T13:23:48+02:00
znver4,simde-portable,128,main_scan_int,31,"and 2",0.32,13.2344,18.7642,31,31,2026-10-06T13:23:48+02:00
znver4,simde-portable,128,main_scan_int,31,"and 2",0.32,12.9105,18.4095,31,31,2026-10-06T13:23:48+02:00
znver4,simde-portable,128,main_scan_int,31,"and 3",0.46,8.5642,13.5631,31,31,2026-10-06T13:23:48+02:00
znver4,simde-portable,128,main_scan_int,31,"and 3",0.46,8.5561,13.6165,31,31,2026-10-06T13:23:48+02:00
znver4,simde-portable,128,main_scan_int,31,"and 3",0.46,8.5277,13.5676,31,31,2026-10-06T13:23:48+02:00
znver4,simde-portable,128,main_scan_int,31,"and 3",0.46,8.5026,13.5968,31,31,2026-10-06T13:23:48+02:00
znver4,simde-portable,128,main_scan_int,31,"and 3",0.46,8.4959,13.6229,31,31,2026-10-06T13:23:48+02:00
znver4,simde-portable,128,main_scan_int,31,"and 1",0.20,25.2879,23.3325,31,31,2026-10-06T13:23:48+02:00
znver4,simde-portable,128,main_scan_int,31,"and 1",0.20,22.9629,22.9249,31,31,2026-10-06T13:23:48+02:00
znver4,simde-portable,128,main_scan_int,31,"and 1",0.20,23.9866,23.0233,31,31,2026-10-06T13:23:48+02:00
znver4,simde-portable,128,main_scan_int,31,"and 1",0.20,24.0149,23.6829,31,31,2026-10-06T13:23:48+02:00
znver4,simde-portable,128,main_scan_int,31,"and 1",0.20,23.7983,23.4523,31,31,2026-10-06T13:23:48+02:00
znver4,simde-portable,128,main_scan_int,31,"and 2",0.45,9.7212,17.0119,31,31,2026-10-06T13:23:48+02:00
znver4,simde-portable,128,main_scan_int,31,"and 2",0.45,9.6163,17.6315,31,31,2026-10-06T13:23:48+02:00
znver4,simde-portable,128,main_scan_int,31,"and 2",0.45,9.6330,17.4723,31,31,2026-10-06T13:23:48+02:00
znver4,simde-portable,128,main_scan_int,31,"and 2",0.45,9.5985,17.3300,31,31,2026-10-06T13:23:48+02:00
znver4,simde-portable,128,main_scan_int,31,"and 2",0.45,9.6418,17.4536,31,31,2026-10-06T13:23:48+02:00
znver4,simde-portable,128,main_scan_int,31,"and 3",0.58,7.9589,13.0247,31,31,2026-10-06T13:23:48+02:00
znver4,simde-portable,128,main_scan_int,31,"and 3",0.58,8.0178,13.1881,31,31,2026-10-06T13:23:48+02:00
znver4,simde-portable,128,main_scan_int,31,"and 3",0.58,7.9074,13.3470,31,31,2026-10-06T13:23:48+02:00
znver4,simde-portable,128,main_scan_int,31,"and 3",0.58,7.9199,13.2033,31,31,2026-10-06T13:23:48+02:00
znver4,simde-portable,128,main_scan_int,31,"and 3",0.58,8.0225,12.9864,31,31,2026-10-06T13:23:48+02:00
znver4,simde-portable,128,main_scan_int,31,"and 1",0.50,16.7243,13.0864,31,31,2026-10-06T13:23:48+02:00
znver4,simde-portable,128,main_scan_int,31,"and 1",0.50,16.7734,13.8454,31,31,2026-10-06T13:23:48+02:00
znver4,simde-portable,128,main_scan_int,31,"and 1",0.50,16.6270,13.6078,31,31,2026-10-06T13:23:48+02:00
znver4,simde-portable,128,main_scan_int,31,"and 1",0.50,16.3868,13.6022,31,31,2026-10-06T13:23:48+02:00
znver4,simde-portable,128,main_scan_int,31,"and 1",0.50,16.0683,13.6450,31,31,2026-10-06T13:23:48+02:00
znver4,simde-portable,128,main_scan_int,31,"and 2",0.71,10.8234,12.0170,31,31,2026-10-06T13:23:48+02:00
znver4,simde-portable,128,main_scan_int,31,"and 2",0.71,10.7106,12.1068,31,31,2026-10-06T13:23:48+02:00
znver4,simde-portable,128,main_scan_int,31,"and 2",0.71,10.8728,12.0384,31,31,2026-10-06T13:23:48+02:00
znver4,simde-portable,128,main_scan_int,31,"and 2",0.71,10.8572,12.0560,31,31,2026-10-06T13:23:48+02:00
znver4,simde-portable,128,main_scan_int,31,"and 2",0.71,11.0760,12.1361,31,31,2026-10-06T13:23:48+02:00
znver4,simde-portable,128,main_scan_int,31,"and 3",0.79,9.2669,9.2413,31,31,2026-10-06T13:23:48+02:00
znver4,simde-portable,128,main_scan_int,31,"and 3",0.79,8.6778,10.8275,31,31,2026-10-06T13:23:48+02:00
znver4,simde-portable,128,main_scan_int,31,"and 3",0.79,8.9544,10.7274,31,31,2026-10-06T13:23:48+02:00
znver4,simde-portable,128,main_scan_int,31,"and 3",0.79,9.0725,10.6385,31,31,2026-10-06T13:23:48+02:00
znver4,simde-portable,128,main_scan_int,31,"and 3",0.79,9.0792,10.7463,31,31,2026-10-06T13:23:48+02:00
znver4,simde-portable,128,main_scan_int,31,"and 1",1.00,16.4112,21.0818,31,31,2026-10-06T13:23:48+02:00
znver4,simde-portable,128,main_scan_int,31,"and 1",1.00,15.4469,20.9420,31,31,2026-10-06T13:23:48+02:00
znver4,simde-portable,128,main_scan_int,31,"and 1",1.00,15.7132,20.0109,31,31,2026-10-06T13:23:48+02:00
znver4,simde-portable,128,main_scan_int,31,"and 1",1.00,14.6609,20.0018,31,31,2026-10-06T13:23:48+02:00
znver4,simde-portable,128,main_scan_int,31,"and 1",1.00,15.6319,20.3830,31,31,2026-10-06T13:23:48+02:00
znver4,simde-portable,128,main_scan_int,31,"and 2",1.00,12.0341,15.2823,31,31,2026-10-06T13:23:48+02:00
znver4,simde-portable,128,main_scan_int,31,"and 2",1.00,12.0781,15.3746,31,31,2026-10-06T13:23:48+02:00
znver4,simde-portable,128,main_scan_int,31,"and 2",1.00,12.2112,15.2200,31,31,2026-10-06T13:23:48+02:00
znver4,simde-portable,128,main_scan_int,31,"and 2",1.00,12.2164,15.5211,31,31,2026-10-06T13:23:48+02:00
znver4,simde-portable,128,main_scan_int,31,"and 2",1.00,12.2821,15.4543,31,31,2026-10-06T13:23:48+02:00
znver4,simde-portable,128,main_scan_int,31,"and 3",1.00,9.8044,8.3015,31,31,2026-10-06T13:23:48+02:00
znver4,simde-portable,128,main_scan_int,31,"and 3",1.00,9.8430,12.0104,31,31,2026-10-06T13:23:48+02:00
znver4,simde-portable,128,main_scan_int,31,"and 3",1.00,9.9766,11.9750,31,31,2026-10-06T13:23:48+02:00
znver4,simde-portable,128,main_scan_int,31,"and 3",1.00,10.0591,12.0050,31,31,2026-10-06T13:23:48+02:00
znver4,simde-portable,128,main_scan_int,31,"and 3",1.00,9.8705,12.0852,31,31,2026-10-06T13:23:48+02:00
znver4,simde-portable,256,main_scan_int,31,"and 1",0.00,45.3258,61.5707,31,31,2026-10-06T13:23:50+02:00
znver4,simde-portable,256,main_scan_int,31,"and 1",0.00,65.9837,79.6029,31,31,2026-10-06T13:23:50+02:00
znver4,simde-portable,256,main_scan_int,31,"and 1",0.00,72.1589,80.4314,31,31,2026-10-06T13:23:50+02:00
znver4,simde-portable,256,main_scan_int,31,"and 1",0.00,71.8298,78.6485,31,31,2026-10-06T13:23:50+02:00
znver4,simde-portable,256,main_scan_int,31,"and 1",0.00,71.5026,66.8934,31,31,2026-10-06T13:23:50+02:00
znver4,simde-portable,256,main_scan_int,31,"and 2",0.03,26.6908,28.4733,31,31,2026-10-06T13:23:50+02:00
znver4,simde-portable,256,main_scan_int,31,"and 2",0.03,28.3177,30.3544,31,31,2026-10-06T13:23:50+02:00
znver4,simde-portable,256,main_scan_int,31,"and 2",0.03,26.1783,29.6773,31,31,2026-10-06T13:23:50+02:00
znver4,simde-portable,256,main_scan_int,31,"and 2",0.03,26.7269,30.0535,31,31,2026-10-06T13:23:50+02:00
znver4,simde-portable,256,main_scan_int,31,"and 2",0.03,26.4615,30.5043,31,31,2026-10-06T13:23:50+02:00
znver4,simde-portable,256,main_scan_int,31,"and 3",0.10,20.7564,25.0707,31,31,2026-10-06T13:23:50+02:00
znver4,simde-portable,256,main_scan_int,31,"and 3",0.10,22.6363,25.4273,31,31,2026-10-06T13:23:50+02:00
znver4,simde-portable,256,main_scan_int,31,"and 3",0.10,22.0959,25.1786,31,31,2026-10-06T13:23:50+02:00
znver4,simde-portable,256,main_scan_int,31,"and 3",0.10,22.4121,25.5950,31,31,2026-10-06T13:23:50+02:00
znver4,simde-portable,256,main_scan_int,31,"and 3",0.10,22.5357,25.8333,31,31,2026-10-06T13:23:50+02:00
znver4,simde-portable,256,main_scan_int,31,"and 1",0.00,50.4024,72.0018,31,31,2026-10-06T13:23:50+02:00
znver4,simde-portable,256,main_scan_int,31,"and 1",0.00,52.2502,73.2655,31,31,2026-10-06T13:23:50+02:00
znver4,simde-portable,256,main_scan_int,31,"and 1",0.00,52.2147,73.3322,31,31,2026-10-06T13:23:50+02:00
znver4,simde-portable,256,main_scan_int,31,"and 1",0.00,52.7081,70.9982,31,31,2026-10-06T13:23:50+02:00
znver4,simde-portable,256,main_scan_int,31,"and 1",0.00,53.1168,74.2217,31,31,2026-10-06T13:23:50+02:00
znver4,simde-portable,256,main_scan_int,31,"and 2",0.04,24.2145,27.3411,31,31,2026-10-06T13:23:50+02:00
znver4,simde-portable,256,main_scan_int,31,"and 2",0.04,25.5791,30.0026,31,31,2026-10-06T13:23:50+02:00
znver4,simde-portable,256,main_scan_int,31,"and 2",0.04,25.2848,28.5308,31,31,2026-10-06T13:23:50+02:00
znver4,simde-portable,256,main_scan_int,31,"and 2",0.04,25.3628,28.9858,31,31,2026-10-06T13:23:50+02:00
znver4,simde-portable,256,main_scan_int,31,"and 2",0.04,25.9474,29.3127,31,31,2026-10-06T13:23:50+02:00
znver4,simde-portable,256,main_scan_int,31,"and 3",0.13,19.4744,22.3058,31,31,2026-10-06T13:23:50+02:00
znver4,simde-portable,256,main_scan_int,31,"and 3",0.13,19.5801,22.5128,31,31,2026-10-06T13:23:50+02:00
znver4,simde-portable,256,main_scan_int,31,"and 3",0.13,19.6011,22.8829,31,31,2026-10-06T13:23:50+02:00
znver4,simde-portable,256,main_scan_int,31,"and 3",0.13,19.6693,22.5888,31,31,2026-10-06T13:23:50+02:00
znver4,simde-portable,256,main_scan_int,31,"and 3",0.13,19.4893,22.6526,31,31,2026-10-06T13:23:50+02:00
znver4,simde-portable,256,main_scan_int,31,"and 1",0.01,42.7821,61.8185,31,31,2026-10-06T13:23:50+02:00
znver4,simde-portable,256,main_scan_int,31,"and 1",0.01,40.2199,65.1306,31,31,2026-10-06T13:23:50+02:00
znver4,simde-portable,256,main_scan_int,31,"and 1",0.01,41.8704,68.6380,31,31,2026-10-06T13:23:50+02:00
znver4,simde-portable,256,main_scan_int,31,"and 1",0.01,41.5063,67.0237,31,31,2026-10-06T13:23:50+02:00
znver4,simde-portable,256,main_scan_int,31,"and 1",0.01,46.4799,69.3243,31,31,2026-10-06T13:23:50+02:00
znver4,simde-portable,256,main_scan_int,31,"and 2",0.07,23.8328,26.5418,31,31,2026-10-06T13:23:50+02:00
znver4,simde-portable,256,main_scan_int,31,"and 2",0.07,25.6902,28.4534,31,31,2026-10-06T13:23:50+02:00
znver4,simde-portable,256,main_scan_int,31,"and 2",0.07,24.2653,29.3351,31,31,2026-10-06T13:23:50+02:00
znver4,simde-portable,256,main_scan_int,31,"and 2",0.07,24.1246,28.7045,31,31,2026-10-06T13:23:50+02:00
znver4,simde-portable,256,main_scan_int,31,"and 2",0.07,22.9526,28.6771,31,31,2026-10-06T13:23:50+02:00
znver4,simde-portable,256,main_scan_int,31,"and 3",0.17,16.7222,18.7574,31,31,2026-10-06T13:23:50+02:00
znver4,simde-portable,256,main_scan_int,31,"and 3",0.17,16.4219,18.9483,31,31,2026-10-06T13:23:50+02:00
znver4,simde-portable,256,main_scan_int,31,"and 3",0.17,16.5344,19.0659,31,31,2026-10-06T13:23:50+02:00
znver4,simde-portable,256,main_scan_int,31,"and 3",0.17,17.1987,19.3669,31,31,2026-10-06T13:23:50+02:00
znver4,simde-portable,256,main_scan_int,31,"and 3",0.17,18.1527,19.3105,31,31,2026-10-06T13:23:50+02:00
znver4,simde-portable,256,main_scan_int,31,"and 1",0.01,30.2680,49.2518,31,31,2026-10-06T13:23:50+02:00
znver4,simde-portable,256,main_scan_int,31,"and 1",0.01,35.0660,56.3934,31,31,2026-10-06T13:23:50+02:00
znver4,simde-portable,256,main_scan_int,31,"and 1",0.01,36.7087,59.8666,31,31,2026-10-06T13:23:50+02:00
znver4,simde-portable,256,main_scan_int,31,"and 1",0.01,37.6542,61.7993,31,31,2026-10-06T13:23:50+02:00
znver4,simde-portable,256,main_scan_int,31,"and 1",0.01,38.4781,63.0639,31,31,2026-10-06T13:23:50+02:00
znver4,simde-portable,256,main_scan_int,31,"and 2",0.10,24.2404,27.3691,31,31,2026-10-06T13:23:50+02:00
znver4,simde-portable,256,main_scan_int,31,"and 2",0.10,24.6146,28.1078,31,31,2026-10-06T13:23:50+02:00
znver4,simde-portable,256,main_scan_int,31,"and 2",0.10,25.6921,27.3409,31,31,2026-10-06T13:23:50+02:00
znver4,simde-portable,256,main_scan_int,31,"and 2",0.10,25.0989,27.3685,31,31,2026-10-06T13:23:50+02:00
znver4,simde-portable,256,main_scan_int,31,"and 2",0.10,24.3859,28.2824,31,31,2026-10-06T13:23:50+02:00
znver4,simde-portable,256,main_scan_int,31,"and 3",0.22,16.5544,17.1686,31,31,2026-10-06T13:23:50+02:00
znver4,simde-portable,256,main_scan_int,31,"and 3",0.22,16.1420,17.5783,31,31,2026-10-06T13:23:50+02:00
znver4,simde-portable,256,main_scan_int,31,"and 3",0.22,16.8161,17.6460,31,31,2026-10-06T13:23:50+02:00
znver4,simde-portable,256,main_scan_int,31,"and 3",0.22,16.8797,17.6346,31,31,2026-10-06T13:23:50+02:00
znver4,simde-portable,256,main_scan_int,31,"and 3",0.22,17.0675,18.0169,31,31,2026-10-06T13:23:50+02:00
znver4,simde-portable,256,main_scan_int,31,"and 1",0.02,25.9414,42.8339,31,31,2026-10-06T13:23:50+02:00
znver4,simde-portable,256,main_scan_int,31,"and 1",0.02,28.8140,44.7638,31,31,2026-10-06T13:23:50+02:00
znver4,simde-portable,256,main_scan_int,31,"and 1",0.02,29.2974,43.1739,31,31,2026-10-06T13:23:50+02:00
znver4,simde-portable,256,main_scan_int,31,"and 1",0.02,30.1861,44.1392,31,31,2026-10-06T13:23:50+02:00
znver4,simde-portable,256,main_scan_int,31,"and 1",0.02,29.7492,45.5172,31,31,2026-10-06T13:23:50+02:00
znver4,simde-portable,256,main_scan_int,31,"and 2",0.14,20.0670,22.2931,31,31,2026-10-06T13:23:50+02:00
znver4,simde-portable,256,main_scan_int,31,"and 2",0.14,20.2884,23.6648,31,31,2026-10-06T13:23:50+02:00
znver4,simde-portable,256,main_scan_int,31,"and 2",0.14,20.9542,24.0792,31,31,2026-10-06T13:23:50+02:00
znver4,simde-portable,256,main_scan_int,31,"and 2",0.14,21.3091,24.4380,31,31,2026-10-06T13:23:50+02:00
znver4,simde-portable,256,main_scan_int,31,"and 2",0.14,21.3525,24.2308,31,31,2026-10-06T13:23:50+02:00
znver4,simde-portable,256,main_scan_int,31,"and 3",0.27,13.0199,15.9084,31,31,2026-10-06T13:23:50+02:00
znver4,simde-portable,256,main_scan_int,31,"and 3",0.27,13.2524,16.1222,31,31,2026-10-06T13:23:50+02:00
znver4,simde-portable,256,main_scan_int,31,"and 3",0.27,13.2621,15.9530,31,31,2026-10-06T13:23:50+02:00
znver4,simde-portable,256,main_scan_int,31,"and 3",0.27,13.2633,16.2620,31,31,2026-10-06T13:23:50+02:00
znver4,simde-portable,256,main_scan_int,31,"and 3",0.27,13.3313,16.2600,31,31,2026-10-06T13:23:50+02:00
znver4,simde-portable,256,main_scan_int,31,"and 1",0.05,26.4718,29.7138,31,31,2026-10-06T13:23:50+02:00
znver4,simde-portable,256,main_scan_int,31,"and 1",0.05,29.0053,31.5252,31,31,2026-10-06T13:23:50+02:00
znver4,simde-portable,256,main_scan_int,31,"and 1",0.05,27.9508,32.1217,31,31,2026-10-06T13:23:50+02:00
znver4,simde-portable,256,main_scan_int,31,"and 1",0.05,28.9361,31.4305,31,31,2026-10-06T13:23:50+02:00
znver4,simde-portable,256,main_scan_int,31,"and 1",0.05,29.9202,30.2823,31,31,2026-10-06T13:23:50+02:00
znver4,simde-portable,256,main_scan_int,31,"and 2",0.22,17.2528,18.7231,31,31,2026-10-06T13:23:50+02:00
znver4,simde-portable,256,main_scan_int,31,"and 2",0.22,18.6820,19.3248,31,31,2026-10-06T13:23:50+02:00
znver4,simde-portable,256,main_scan_int,31,"and 2",0.22,17.8415,19.4513,31,31,2026-10-06T13:23:50+02:00
znver4,simde-portable,256,main_scan_int,31,"and 2",0.22,17.1464,19.4746,31,31,2026-10-06T13:23:50+02:00
znver4,simde-portable,256,main_scan_int,31,"and 2",0.22,18.7356,19.5629,31,31,2026-10-06T13:23:50+02:00
znver4,simde-portable,256,main_scan_int,31,"and 3",0.37,12.9240,13.8126,31,31,2026-10-06T13:23:50+02:00
znver4,simde-portable,256,main_scan_int,31,"and 3",0.37,12.7891,14.0019,31,31,2026-10-06T13:23:50+02:00
znver4,simde-portable,256,main_scan_int,31,"and 3",0.37,13.0375,13.7021,31,31,2026-10-06T13:23:50+02:00
znver4,simde-portable,256,main_scan_int,31,"and 3",0.37,12.8775,13.9407,31,31,2026-10-06T13:23:50+02:00
znver4,simde-portable,256,main_scan_int,31,"and 3",0.37,12.7653,11.8739,31,31,2026-10-06T13:23:50+02:00
znver4,simde-portable,256,main_scan_int,31,"and 1",0.10,27.9655,28.0090,31,31,2026-10-06T13:23:50+02:00
znver4,simde-portable,256,main_scan_int,31,"and 1",0.10,27.8223,30.3565,31,31,2026-10-06T13:23:50+02:00
znver4,simde-portable,256,main_scan_int,31,"and 1",0.10,27.3459,29.9988,31,31,2026-10-06T13:23:50+02:00
znver4,simde-portable,256,main_scan_int,31,"and 1",0.10,27.9109,30.2178,31,31,2026-10-06T13:23:50+02:00
znver4,simde-portable,256,main_scan_int,31,"and 1",0.10,28.0126,30.1633,31,31,2026-10-06T13:23:50+02:00
znver4,simde-portable,256,main_scan_int,31,"and 2",0.32,17.0667,18.0359,31,31,2026-10-06T13:23:50+02:00
znver4,simde-portable,256,main_scan_int,31,"and 2",0.32,16.7544,18.5497,31,31,2026-10-06T13:23:50+02:00
znver4,simde-portable,256,main_scan_int,31,"and 2",0.32,17.0679,18.9819,31,31,2026-10-06T13:23:50+02:00
znver4,simde-portable,256,main_scan_int,31,"and 2",0.32,14.1771,18.7696,31,31,2026-10-06T13:23:50+02:00
znver4,simde-portable,256,main_scan_int,31,"and 2",0.32,16.7969,18.9474,31,31,2026-10-06T13:23:50+02:00
znver4,simde-portable,256,main_scan_int,31,"and 3",0.46,10.6066,13.3933,31,31,2026-10-06T13:23:50+02:00
znver4,simde-portable,256,main_scan_int,31,"and 3",0.46,10.6154,13.7186,31,31,2026-10-06T13:23:50+02:00
znver4,simde-portable,256,main_scan_int,31,"and 3",0.46,10.5908,13.6645,31,31,2026-10-06T13:23:50+02:00
znver4,simde-portable,256,main_scan_int,31,"and 3",0.46,10.5394,13.5060,31,31,2026-10-06T13:23:50+02:00
znver4,simde-portable,256,main_scan_int,31,"and 3",0.46,10.5773,13.4326,31,31,2026-10-06T13:23:50+02:00
znver4,simde-portable,256,main_scan_int,31,"and 1",0.20,25.4694,23.3081,31,31,2026-10-06T13:23:50+02:00
znver4,simde-portable,256,main_scan_int,31,"and 1",0.20,24.5565,23.3473,31,31,2026-10-06T13:23:50+02:00
znver4,simde-portable,256,main_scan_int,31,"and 1",0.20,24.0893,23.8971,31,31,2026-10-06T13:23:50+02:00
znver4,simde-portable,256,main_scan_int,31,"and 1",0.20,24.9459,24.0725,31,31,2026-10-06T13:23:50+02:00
znver4,simde-portable,256,main_scan_int,31,"and 1",0.20,24.2271,23.5423,31,31,2026-10-06T13:23:50+02:00
znver4,simde-portable,256,main_scan_int,31,"and 2",0.45,12.4787,17.9585,31,31,2026-10-06T13:23:50+02:00
znver4,simde-portable,256,main_scan_int,31,"and 2",0.45,12.4967,17.8345,31,31,2026-10-06T13:23:50+02:00
znver4,simde-portable,256,main_scan_int,31,"and 2",0.45,12.4470,17.4681,31,31,2026-10-06T13:23:50+02:00
znver4,simde-portable,256,main_scan_int,31,"and 2",0.45,12.5318,18.0664,31,31,2026-10-06T13:23:50+02:00
znver4,simde-portable,256,main_scan_int,31,"and 2",0.45,12.4756,17.6894,31,31,2026-10-06T13:23:50+02:00
znver4,simde-portable,256,main_scan_int,31,"and 3",0.58,9.7340,13.4794,31,31,2026-10-06T13:23:50+02:00
znver4,simde-portable,256,main_scan_int,31,"and 3",0.58,9.7593,12.7813,31,31,2026-10-06T13:23:50+02:00
znver4,simde-portable,256,main_scan_int,31,"and 3",0.58,9.7983,13.0995,31,31,2026-10-06T13:23:50+02:00
znver4,simde-portable,256,main_scan_int,31,"and 3",0.58,9.8026,13.3663,31,31,2026-10-06T13:23:50+02:00
znver4,simde-portable,256,main_scan_int,31,"and 3",0.58,9.7998,13.1489,31,31,2026-10-06T13:23:50+02:00
znver4,simde-portable,256,main_scan_int,31,"and 1",0.50,16.8142,14.2079,31,31,2026-10-06T13:23:50+02:00
znver4,simde-portable,256,main_scan_int,31,"and 1",0.50,17.1283,14.0545,31,31,2026-10-06T13:23:50+02:00
znver4,simde-portable,256,main_scan_int,31,"and 1",0.50,16.9008,14.0121,31,31,2026-10-06T13:23:50+02:00
znver4,simde-portable,256,main_scan_int,31,"and 1",0.50,17.3387,14.2495,31,31,2026-10-06T13:23:50+02:00
znver4,simde-portable,256,main_scan_int,31,"and 1",0.50,17.2884,13.9625,31,31,2026-10-06T13:23:50+02:00
znver4,simde-portable,256,main_scan_int,31,"and 2",0.71,14.1199,12.4353,31,31,2026-10-06T13:23:50+02:00
znver4,simde-portable,256,main_scan_int,31,"and 2",0.71,14.1613,12.4737,31,31,2026-10-06T13:23:50+02:00
znver4,simde-portable,256,main_scan_int,31,"and 2",0.71,14.1191,12.5159,31,31,2026-10-06T13:23:50+02:00
znver4,simde-portable,256,main_scan_int,31,"and 2",0.71,14.4331,12.6063,31,31,2026-10-06T13:23:50+02:00
znver4,simde-portable,256,main_scan_int,31,"and 2",0.71,13.8533,12.7671,31,31,2026-10-06T13:23:50+02:00
znver4,simde-portable,256,main_scan_int,31,"and 3",0.79,9.9381,10.8615,31,31,2026-10-06T13:23:50+02:00
znver4,simde-portable,256,main_scan_int,31,"and 3",0.79,9.8866,10.7307,31,31,2026-10-06T13:23:50+02:00
znver4,simde-portable,256,main_scan_int,31,"and 3",0.79,7.5577,10.4599,31,31,2026-10-06T13:23:50+02:00
znver4,simde-portable,256,main_scan_int,31,"and 3",0.79,10.3112,11.0362,31,31,2026-10-06T13:23:50+02:00
znver4,simde-portable,256,main_scan_int,31,"and 3",0.79,10.1613,6.5416,31,31,2026-10-06T13:23:50+02:00
znver4,simde-portable,256,main_scan_int,31,"and 1",1.00,15.9378,20.3936,31,31,2026-10-06T13:23:50+02:00
znver4,simde-portable,256,main_scan_int,31,"and 1",1.00,14.4773,19.8106,31,31,2026-10-06T13:23:50+02:00
znver4,simde-portable,256,main_scan_int,31,"and 1",1.00,14.9159,20.5149,31,31,2026-10-06T13:23:50+02:00
znver4,simde-portable,256,main_scan_int,31,"and 1",1.00,15.1467,20.5844,31,31,2026-10-06T13:23:50+02:00
znver4,simde-portable,256,main_scan_int,31,"and 1",1.00,15.2259,20.5121,31,31,2026-10-06T13:23:50+02:00
znver4,simde-portable,256,main_scan_int,31,"and 2",1.00,12.1926,15.4196,31,31,2026-10-06T13:23:50+02:00
znver4,simde-portable,256,main_scan_int,31,"and 2",1.00,12.1817,15.5337,31,31,2026-10-06T13:23:50+02:00
znver4,simde-portable,256,main_scan_int,31,"and 2",1.00,12.2055,15.4811,31,31,2026-10-06T13:23:50+02:00
znver4,simde-portable,256,main_scan_int,31,"and 2",1.00,12.3287,15.6528,31,31,2026-10-06T13:23:50+02:00
znver4,simde-portable,256,main_scan_int,31,"and 2",1.00,12.3983,15.4960,31,31,2026-10-06T13:23:50+02:00
znver4,simde-portable,256,main_scan_int,31,"and 3",1.00,9.9944,12.0677,31,31,2026-10-06T13:23:50+02:00
znver4,simde-portable,256,main_scan_int,31,"and 3",1.00,9.9795,12.0259,31,31,2026-10-06T13:23:50+02:00
znver4,simde-portable,256,main_scan_int,31,"and 3",1.00,9.9833,12.0362,31,31,2026-10-06T13:23:50+02:00
znver4,simde-portable,256,main_scan_int,31,"and 3",1.00,9.9788,12.0811,31,31,2026-10-06T13:23:50+02:00
znver4,simde-portable,256,main_scan_int,31,"and 3",1.00,9.9820,12.0705,31,31,2026-10-06T13:23:50+02:00
znver4,simde-portable,256,main_scan_enc,31,"and 1",0.00,17.9706,67.2457,31,31,2026-10-06T13:23:53+02:00
znver4,simde-portable,256,main_scan_enc,31,"and 1",0.00,41.0598,68.6070,31,31,2026-10-06T13:23:53+02:00
znver4,simde-portable,256,main_scan_enc,31,"and 1",0.00,42.1315,23.2289,31,31,2026-10-06T13:23:53+02:00
znver4,simde-portable,256,main_scan_enc,31,"and 1",0.00,21.7097,70.5368,31,31,2026-10-06T13:23:53+02:00
znver4,simde-portable,256,main_scan_enc,31,"and 1",0.00,48.3784,16.9188,31,31,2026-10-06T13:23:53+02:00
znver4,simde-portable,256,main_scan_enc,31,"and 2",0.03,13.9938,59.7270,31,31,2026-10-06T13:23:53+02:00
znver4,simde-portable,256,main_scan_enc,31,"and 2",0.03,17.9730,40.7824,31,31,2026-10-06T13:23:53+02:00
znver4,simde-portable,256,main_scan_enc,31,"and 2",0.03,37.9729,13.4048,31,31,2026-10-06T13:23:53+02:00
znver4,simde-portable,256,main_scan_enc,31,"and 2",0.03,43.1597,66.8639,31,31,2026-10-06T13:23:53+02:00
znver4,simde-portable,256,main_scan_enc,31,"and 2",0.03,12.2382,41.2931,31,31,2026-10-06T13:23:53+02:00
znver4,simde-portable,256,main_scan_enc,31,"and 3",0.10,17.0144,25.5665,31,31,2026-10-06T13:23:53+02:00
znver4,simde-portable,256,main_scan_enc,31,"and 3",0.10,20.8062,31.7404,31,31,2026-10-06T13:23:53+02:00
znver4,simde-portable,256,main_scan_enc,31,"and 3",0.10,21.0327,32.1089,31,31,2026-10-06T13:23:53+02:00
znver4,simde-portable,256,main_scan_enc,31,"and 3",0.10,13.0866,21.1176,31,31,2026-10-06T13:23:53+02:00
znver4,simde-portable,256,main_scan_enc,31,"and 3",0.10,12.5610,32.6160,31,31,2026-10-06T13:23:53+02:00
znver4,simde-portable,256,main_scan_enc,31,"and 1",0.00,43.6637,99.0409,31,31,2026-10-06T13:23:53+02:00
znver4,simde-portable,256,main_scan_enc,31,"and 1",0.00,54.3604,99.5425,31,31,2026-10-06T13:23:53+02:00
znver4,simde-portable,256,main_scan_enc,31,"and 1",0.00,57.2464,65.0933,31,31,2026-10-06T13:23:53+02:00
znver4,simde-portable,256,main_scan_enc,31,"and 1",0.00,58.9310,24.2973,31,31,2026-10-06T13:23:53+02:00
znver4,simde-portable,256,main_scan_enc,31,"and 1",0.00,40.8404,36.0576,31,31,2026-10-06T13:23:53+02:00
znver4,simde-portable,256,main_scan_enc,31,"and 2",0.04,33.3517,20.5461,31,31,2026-10-06T13:23:53+02:00
znver4,simde-portable,256,main_scan_enc,31,"and 2",0.04,35.6339,59.5169,31,31,2026-10-06T13:23:53+02:00
znver4,simde-portable,256,main_scan_enc,31,"and 2",0.04,37.0470,58.7175,31,31,2026-10-06T13:23:53+02:00
znver4,simde-portable,256,main_scan_enc,31,"and 2",0.04,18.2348,52.0064,31,31,2026-10-06T13:23:53+02:00
znver4,simde-portable,256,main_scan_enc,31,"and 2",0.04,37.7567,60.5036,31,31,2026-10-06T13:23:53+02:00
znver4,simde-portable,256,main_scan_enc,31,"and 3",0.13,20.7652,32.7776,31,31,2026-10-06T13:23:53+02:00
znver4,simde-portable,256,main_scan_enc,31,"and 3",0.13,8.8302,20.8492,31,31,2026-10-06T13:23:53+02:00
znver4,simde-portable,256,main_scan_enc,31,"and 3",0.13,11.1096,29.1464,31,31,2026-10-06T13:23:53+02:00
znver4,simde-portable,256,main_scan_enc,31,"and 3",0.13,20.5222,31.5992,31,31,2026-10-06T13:23:53+02:00
znver4,simde-portable,256,main_scan_enc,31,"and 3",0.13,21.3690,33.3173,31,31,2026-10-06T13:23:53+02:00
znver4,simde-portable,256,main_scan_enc,31,"and 1",0.01,38.8216,86.0575,31,31,2026-10-06T13:23:53+02:00
znver4,simde-portable,256,main_scan_enc,31,"and 1",0.01,41.6862,21.7392,31,31,2026-10-06T13:23:53+02:00
znver4,simde-portable,256,main_scan_enc,31,"and 1",0.01,47.6466,91.0982,31,31,2026-10-06T13:23:53+02:00
znver4,simde-portable,256,main_scan_enc,31,"and 1",0.01,16.7755,43.7820,31,31,2026-10-06T13:23:53+02:00
znver4,simde-portable,256,main_scan_enc,31,"and 1",0.01,49.8568,85.9124,31,31,2026-10-06T13:23:53+02:00
znver4,simde-portable,256,main_scan_enc,31,"and 2",0.07,16.6224,22.4082,31,31,2026-10-06T13:23:53+02:00
znver4,simde-portable,256,main_scan_enc,31,"and 2",0.07,12.1638,47.4952,31,31,2026-10-06T13:23:53+02:00
znver4,simde-portable,256,main_scan_enc,31,"and 2",0.07,28.1854,11.4923,31,31,2026-10-06T13:23:53+02:00
znver4,simde-portable,256,main_scan_enc,31,"and 2",0.07,13.7195,47.8278,31,31,2026-10-06T13:23:53+02:00
znver4,simde-portable,256,main_scan_enc,31,"and 2",0.07,18.8456,36.0846,31,31,2026-10-06T13:23:53+02:00
znver4,simde-portable,256,main_scan_enc,31,"and 3",0.17,17.9039,28.2979,31,31,2026-10-06T13:23:53+02:00
znver4,simde-portable,256,main_scan_enc,31,"and 3",0.17,18.1473,25.4233,31,31,2026-10-06T13:23:53+02:00
znver4,simde-portable,256,main_scan_enc,31,"and 3",0.17,18.2175,33.2558,31,31,2026-10-06T13:23:53+02:00
znver4,simde-portable,256,main_scan_enc,31,"and 3",0.17,18.1500,33.1142,31,31,2026-10-06T13:23:53+02:00
znver4,simde-portable,256,main_scan_enc,31,"and 3",0.17,10.4366,21.8831,31,31,2026-10-06T13:23:53+02:00
znver4,simde-portable,256,main_scan_enc,31,"and 1",0.01,17.5950,38.2514,31,31,2026-10-06T13:23:53+02:00
znver4,simde-portable,256,main_scan_enc,31,"and 1",0.01,17.5084,73.7492,31,31,2026-10-06T13:23:53+02:00
znver4,simde-portable,256,main_scan_enc,31,"and 1",0.01,36.5576,77.3726,31,31,2026-10-06T13:23:53+02:00
znver4,simde-portable,256,main_scan_enc,31,"and 1",0.01,26.3435,80.6340,31,31,2026-10-06T13:23:53+02:00
znver4,simde-portable,256,main_scan_enc,31,"and 1",0.01,35.7975,35.9498,31,31,2026-10-06T13:23:53+02:00
znver4,simde-portable,256,main_scan_enc,31,"and 2",0.10,11.9798,26.3857,31,31,2026-10-06T13:23:53+02:00
znver4,simde-portable,256,main_scan_enc,31,"and 2",0.10,12.6304,26.6796,31,31,2026-10-06T13:23:53+02:00
znver4,simde-portable,256,main_scan_enc,31,"and 2",0.10,12.9932,17.0890,31,31,2026-10-06T13:23:53+02:00
znver4,simde-portable,256,main_scan_enc,31,"and 2",0.10,10.0608,20.4189,31,31,2026-10-06T13:23:53+02:00
znver4,simde-portable,256,main_scan_enc,31,"and 2",0.10,12.2175,26.6650,31,31,2026-10-06T13:23:53+02:00
znver4,simde-portable,256,main_scan_enc,31,"and 3",0.22,8.1846,19.8386,31,31,2026-10-06T13:23:53+02:00
znver4,simde-portable,256,main_scan_enc,31,"and 3",0.22,8.5594,14.4453,31,31,2026-10-06T13:23:53+02:00
znver4,simde-portable,256,main_scan_enc,31,"and 3",0.22,8.1325,28.7528,31,31,2026-10-06T13:23:53+02:00
znver4,simde-portable,256,main_scan_enc,31,"and 3",0.22,9.2950,19.4539,31,31,2026-10-06T13:23:53+02:00
znver4,simde-portable,256,main_scan_enc,31,"and 3",0.22,6.7998,19.7663,31,31,2026-10-06T13:23:53+02:00
znver4,simde-portable,256,main_scan_enc,31,"and 1",0.02,27.2635,32.7922,31,31,2026-10-06T13:23:53+02:00
znver4,simde-portable,256,main_scan_enc,31,"and 1",0.02,17.2471,31.6579,31,31,2026-10-06T13:23:53+02:00
znver4,simde-portable,256,main_scan_enc,31,"and 1",0.02,10.2813,19.9033,31,31,2026-10-06T13:23:53+02:00
znver4,simde-portable,256,main_scan_enc,31,"and 1",0.02,12.3341,11.0937,31,31,2026-10-06T13:23:53+02:00
znver4,simde-portable,256,main_scan_enc,31,"and 1",0.02,10.4376,57.4149,31,31,2026-10-06T13:23:53+02:00
znver4,simde-portable,256,main_scan_enc,31,"and 2",0.14,13.7545,12.7603,31,31,2026-10-06T13:23:53+02:00
znver4,simde-portable,256,main_scan_enc,31,"and 2",0.14,18.7799,33.9863,31,31,2026-10-06T13:23:53+02:00
znver4,simde-portable,256,main_scan_enc,31,"and 2",0.14,5.7028,34.0464,31,31,2026-10-06T13:23:53+02:00
znver4,simde-portable,256,main_scan_enc,31,"and 2",0.14,11.0582,21.5214,31,31,2026-10-06T13:23:53+02:00
znver4,simde-portable,256,main_scan_enc,31,"and 2",0.14,10.6220,19.6539,31,31,2026-10-06T13:23:53+02:00
znver4,simde-portable,256,main_scan_enc,31,"and 3",0.27,9.1574,12.1474,31,31,2026-10-06T13:23:53+02:00
znver4,simde-portable,256,main_scan_enc,31,"and 3",0.27,11.2010,26.0802,31,31,2026-10-06T13:23:53+02:00
znver4,simde-portable,256,main_scan_enc,31,"and 3",0.27,11.1272,9.8357,31,31,2026-10-06T13:23:53+02:00
znver4,simde-portable,256,main_scan_enc,31,"and 3",0.27,13.1236,22.4089,31,31,2026-10-06T13:23:53+02:00
znver4,simde-portable,256,main_scan_enc,31,"and 3",0.27,7.5640,16.8592,31,31,2026-10-06T13:23:53+02:00
znver4,simde-portable,256,main_scan_enc,31,"and 1",0.05,27.7524,14.6379,31,31,2026-10-06T13:23:53+02:00
znver4,simde-portable,256,main_scan_enc,31,"and 1",0.05,11.7486,22.7465,31,31,2026-10-06T13:23:53+02:00
znver4,simde-portable,256,main_scan_enc,31,"and 1",0.05,24.5706,10.7048,31,31,2026-10-06T13:23:53+02:00
znver4,simde-portable,256,main_scan_enc,31,"and 1",0.05,26.9516,15.5524,31,31,2026-10-06T13:23:53+02:00
znver4,simde-portable,256,main_scan_enc,31,"and 1",0.05,26.9883,20.9390,31,31,2026-10-06T13:23:53+02:00
znver4,simde-portable,256,main_scan_enc,31,"and 2",0.22,10.4289,15.8218,31,31,2026-10-06T13:23:53+02:00
znver4,simde-portable,256,main_scan_enc,31,"and 2",0.22,18.8620,20.0691,31,31,2026-10-06T13:23:53+02:00
znver4,simde-portable,256,main_scan_enc,31,"and 2",0.22,18.4357,12.1188,31,31,2026-10-06T13:23:53+02:00
znver4,simde-portable,256,main_scan_enc,31,"and 2",0.22,8.1645,18.4397,31,31,2026-10-06T13:23:53+02:00
znver4,simde-portable,256,main_scan_enc,31,"and 2",0.22,10.3898,11.7818,31,31,2026-10-06T13:23:53+02:00
znver4,simde-portable,256,main_scan_enc,31,"and 3",0.37,6.8033,16.0275,31,31,2026-10-06T13:23:53+02:00
znver4,simde-portable,256,main_scan_enc,31,"and 3",0.37,9.0075,20.3040,31,31,2026-10-06T13:23:53+02:00
znver4,simde-portable,256,main_scan_enc,31,"and 3",0.37,6.1725,9.3217,31,31,2026-10-06T13:23:53+02:00
znver4,simde-portable,256,main_scan_enc,31,"and 3",0.37,9.2028,12.7984,31,31,2026-10-06T13:23:53+02:00
znver4,simde-portable,256,main_scan_enc,31,"and 3",0.37,6.5185,14.6380,31,31,2026-10-06T13:23:53+02:00
znver4,simde-portable,256,main_scan_enc,31,"and 1",0.10,21.0914,23.4862,31,31,2026-10-06T13:23:53+02:00
znver4,simde-portable,256,main_scan_enc,31,"and 1",0.10,32.1621,9.8899,31,31,2026-10-06T13:23:53+02:00
znver4,simde-portable,256,main_scan_enc,31,"and 1",0.10,13.6436,12.7821,31,31,2026-10-06T13:23:53+02:00
znver4,simde-portable,256,main_scan_enc,31,"and 1",0.10,9.4927,22.2451,31,31,2026-10-06T13:23:53+02:00
znver4,simde-portable,256,main_scan_enc,31,"and 1",0.10,28.6371,15.5202,31,31,2026-10-06T13:23:53+02:00
znver4,simde-portable,256,main_scan_enc,31,"and 2",0.32,7.3678,13.2224,31,31,2026-10-06T13:23:53+02:00
znver4,simde-portable,256,main_scan_enc,31,"and 2",0.32,7.4186,19.5730,31,31,2026-10-06T13:23:53+02:00
znver4,simde-portable,256,main_scan_enc,31,"and 2",0.32,5.7930,10.7906,31,31,2026-10-06T13:23:53+02:00
znver4,simde-portable,256,main_scan_enc,31,"and 2",0.32,9.3775,10.7348,31,31,2026-10-06T13:23:53+02:00
znver4,simde-portable,256,main_scan_enc,31,"and 2",0.32,7.3957,9.9891,31,31,2026-10-06T13:23:53+02:00
znver4,simde-portable,256,main_scan_enc,31,"and 3",0.46,5.2411,9.6773,31,31,2026-10-06T13:23:53+02:00
znver4,simde-portable,256,main_scan_enc,31,"and 3",0.46,5.9391,11.0488,31,31,2026-10-06T13:23:53+02:00
znver4,simde-portable,256,main_scan_enc,31,"and 3",0.46,5.3205,17.8648,31,31,2026-10-06T13:23:53+02:00
znver4,simde-portable,256,main_scan_enc,31,"and 3",0.46,5.7393,16.8902,31,31,2026-10-06T13:23:53+02:00
znver4,simde-portable,256,main_scan_enc,31,"and 3",0.46,5.7583,12.0916,31,31,2026-10-06T13:23:53+02:00
znver4,simde-portable,256,main_scan_enc,31,"and 1",0.20,11.3408,12.8165,31,31,2026-10-06T13:23:53+02:00
znver4,simde-portable,256,main_scan_enc,31,"and 1",0.20,24.5486,20.1883,31,31,2026-10-06T13:23:53+02:00
znver4,simde-portable,256,main_scan_enc,31,"and 1",0.20,14.7746,11.2947,31,31,2026-10-06T13:23:53+02:00
znver4,simde-portable,256,main_scan_enc,31,"and 1",0.20,14.2049,13.1297,31,31,2026-10-06T13:23:53+02:00
znver4,simde-portable,256,main_scan_enc,31,"and 1",0.20,25.1579,13.1473,31,31,2026-10-06T13:23:53+02:00
znver4,simde-portable,256,main_scan_enc,31,"and 2",0.45,7.2376,9.7835,31,31,2026-10-06T13:23:53+02:00
znver4,simde-portable,256,main_scan_enc,31,"and 2",0.45,6.4780,17.0276,31,31,2026-10-06T13:23:53+02:00
znver4,simde-portable,256,main_scan_enc,31,"and 2",0.45,6.8660,13.0598,31,31,2026-10-06T13:23:53+02:00
znver4,simde-portable,256,main_scan_enc,31,"and 2",0.45,6.4625,16.5806,31,31,2026-10-06T13:23:53+02:00
znver4,simde-portable,256,main_scan_enc,31,"and 2",0.45,6.4221,11.0938,31,31,2026-10-06T13:23:53+02:00
znver4,simde-portable,256,main_scan_enc,31,"and 3",0.58,7.5155,14.4960,31,31,2026-10-06T13:23:53+02:00
znver4,simde-portable,256,main_scan_enc,31,"and 3",0.58,7.1584,13.3129,31,31,2026-10-06T13:23:53+02:00
znver4,simde-portable,256,main_scan_enc,31,"and 3",0.58,4.9922,9.2721,31,31,2026-10-06T13:23:53+02:00
znver4,simde-portable,256,main_scan_enc,31,"and 3",0.58,5.1834,11.9404,31,31,2026-10-06T13:23:53+02:00
znver4,simde-portable,256,main_scan_enc,31,"and 3",0.58,4.4774,7.9069,31,31,2026-10-06T13:23:53+02:00
znver4,simde-portable,256,main_scan_enc,31,"and 1",0.50,12.8974,7.6063,31,31,2026-10-06T13:23:53+02:00
znver4,simde-portable,256,main_scan_enc,31,"and 1",0.50,13.5485,7.2573,31,31,2026-10-06T13:23:53+02:00
znver4,simde-portable,256,main_scan_enc,31,"and 1",0.50,8.9035,10.5737,31,31,2026-10-06T13:23:53+02:00
znver4,simde-portable,256,main_scan_enc,31,"and 1",0.50,9.5495,9.1156,31,31,2026-10-06T13:23:53+02:00
znver4,simde-portable,256,main_scan_enc,31,"and 1",0.50,7.7239,8.7055,31,31,2026-10-06T13:23:53+02:00
znver4,simde-portable,256,main_scan_enc,31,"and 2",0.71,10.1184,7.4312,31,31,2026-10-06T13:23:53+02:00
znver4,simde-portable,256,main_scan_enc,31,"and 2",0.71,10.3508,6.9804,31,31,2026-10-06T13:23:53+02:00
znver4,simde-portable,256,main_scan_enc,31,"and 2",0.71,9.6456,5.9692,31,31,2026-10-06T13:23:53+02:00
znver4,simde-portable,256,main_scan_enc,31,"and 2",0.71,6.5237,8.0651,31,31,2026-10-06T13:23:53+02:00
znver4,simde-portable,256,main_scan_enc,31,"and 2",0.71,10.4726,10.6581,31,31,2026-10-06T13:23:53+02:00
znver4,simde-portable,256,main_scan_enc,31,"and 3",0.79,7.9903,8.3708,31,31,2026-10-06T13:23:53+02:00
znver4,simde-portable,256,main_scan_enc,31,"and 3",0.79,9.2422,10.2333,31,31,2026-10-06T13:23:53+02:00
znver4,simde-portable,256,main_scan_enc,31,"and 3",0.79,8.6551,9.2077,31,31,2026-10-06T13:23:53+02:00
znver4,simde-portable,256,main_scan_enc,31,"and 3",0.79,8.3057,6.3840,31,31,2026-10-06T13:23:53+02:00
znver4,simde-portable,256,main_scan_enc,31,"and 3",0.79,7.1293,6.6448,31,31,2026-10-06T13:23:53+02:00
znver4,simde-portable,256,main_scan_enc,31,"and 1",1.00,16.3443,5.0440,31,31,2026-10-06T13:23:53+02:00
znver4,simde-portable,256,main_scan_enc,31,"and 1",1.00,16.8319,5.0334,31,31,2026-10-06T13:23:53+02:00
znver4,simde-portable,256,main_scan_enc,31,"and 1",1.00,10.8016,5.5583,31,31,2026-10-06T13:23:53+02:00
znver4,simde-portable,256,main_scan_enc,31,"and 1",1.00,16.8702,5.0771,31,31,2026-10-06T13:23:53+02:00
znver4,simde-portable,256,main_scan_enc,31,"and 1",1.00,17.3967,5.2669,31,31,2026-10-06T13:23:53+02:00
znver4,simde-portable,256,main_scan_enc,31,"and 2",1.00,14.3851,5.2020,31,31,2026-10-06T13:23:53+02:00
znver4,simde-portable,256,main_scan_enc,31,"and 2",1.00,15.0929,3.3791,31,31,2026-10-06T13:23:53+02:00
znver4,simde-portable,256,main_scan_enc,31,"and 2",1.00,13.2123,4.2457,31,31,2026-10-06T13:23:53+02:00
znver4,simde-portable,256,main_scan_enc,31,"and 2",1.00,14.3676,4.7840,31,31,2026-10-06T13:23:53+02:00
znver4,simde-portable,256,main_scan_enc,31,"and 2",1.00,15.6628,3.5741,31,31,2026-10-06T13:23:53+02:00
znver4,simde-portable,256,main_scan_enc,31,"and 3",1.00,14.0251,4.6917,31,31,2026-10-06T13:23:53+02:00
znver4,simde-portable,256,main_scan_enc,31,"and 3",1.00,11.0498,4.6209,31,31,2026-10-06T13:23:53+02:00
znver4,simde-portable,256,main_scan_enc,31,"and 3",1.00,8.9258,3.6161,31,31,2026-10-06T13:23:53+02:00
znver4,simde-portable,256,main_scan_enc,31,"and 3",1.00,11.6675,3.3415,31,31,2026-10-06T13:23:53+02:00
znver4,simde-portable,256,main_scan_enc,31,"and 3",1.00,8.9731,3.1391,31,31,2026-10-06T13:23:53+02:00
znver4,simde-portable,256,main_gather,31,"gather_byte",100.00,0.256292,0.256292,31,31,2026-10-06T13:23:56+02:00
znver4,simde-portable,256,main_gather,31,"gather_short",100.00,0.248655,0.248655,31,31,2026-10-06T13:23:56+02:00
znver4,simde-portable,256,main_gather,31,"gather_int",100.00,0.211059,0.211059,31,31,2026-10-06T13:23:56+02:00
znver4,simde-portable,256,main_gather,31,"gather_long",100.00,0.179697,0.179697,31,31,2026-10-06T13:23:56+02:00
znver4,simde-portable,256,main_gather,31,"gather_char",100.00,0.030726,0.030726,31,31,2026-10-06T13:23:56+02:00
znver4,simde-portable,256,main_gather,31,"gather_encoded",100.00,0.197130,0.197130,31,31,2026-10-06T13:23:56+02:00
znver4,simde-portable,256,main_gather,31,"copy_encoded",100.00,3.917357,3.917357,31,31,2026-10-06T13:23:56+02:00
znver4,simde-portable,128,main_filter,31,"filter_byte_eq",100.00,0.223710,0.223710,31,31,2026-10-06T13:24:48+02:00
znver4,simde-portable,128,main_filter,31,"filter_byte_lt",100.00,0.121249,0.121249,31,31,2026-10-06T13:24:48+02:00
znver4,simde-portable,128,main_filter,31,"filter_byte_gt",100.00,0.120856,0.120856,31,31,2026-10-06T13:24:48+02:00
znver4,simde-portable,128,main_filter,31,"filter_byte_ne",100.00,0.096841,0.096841,31,31,2026-10-06T13:24:48+02:00
znver4,simde-portable,128,main_filter,31,"filter_byte_le",100.00,0.119704,0.119704,31,31,2026-10-06T13:24:48+02:00
znver4,simde-portable,128,main_filter,31,"filter_byte_ge",100.00,0.119806,0.119806,31,31,2026-10-06T13:24:48+02:00
znver4,simde-portable,128,main_filter,31,"filter_short_eq",100.00,0.091920,0.091920,31,31,2026-10-06T13:24:48+02:00
znver4,simde-portable,128,main_filter,31,"filter_short_lt",100.00,0.062215,0.062215,31,31,2026-10-06T13:24:48+02:00
znver4,simde-portable,128,main_filter,31,"filter_short_gt",100.00,0.062922,0.062922,31,31,2026-10-06T13:24:48+02:00
znver4,simde-portable,128,main_filter,31,"filter_short_ne",100.00,0.060020,0.060020,31,31,2026-10-06T13:24:48+02:00
znver4,simde-portable,128,main_filter,31,"filter_short_le",100.00,0.066393,0.066393,31,31,2026-10-06T13:24:48+02:00
znver4,simde-portable,128,main_filter,31,"filter_short_ge",100.00,0.066474,0.066474,31,31,2026-10-06T13:24:48+02:00
znver4,simde-portable,128,main_filter,31,"filter_int_eq",100.00,0.071721,0.071721,31,31,2026-10-06T13:24:48+02:00
znver4,simde-portable,128,main_filter,31,"filter_int_lt",100.00,0.054787,0.054787,31,31,2026-10-06T13:24:48+02:00
znver4,simde-portable,128,main_filter,31,"filter_int_gt",100.00,0.055622,0.055622,31,31,2026-10-06T13:24:48+02:00
znver4,simde-portable,128,main_filter,31,"filter_int_ne",100.00,0.046949,0.046949,31,31,2026-10-06T13:24:48+02:00
znver4,simde-portable,128,main_filter,31,"filter_int_le",100.00,0.056658,0.056658,31,31,2026-10-06T13:24:48+02:00
znver4,simde-portable,128,main_filter,31,"filter_int_ge",100.00,0.056243,0.056243,31,31,2026-10-06T13:24:48+02:00
znver4,simde-portable,128,main_filter,31,"filter_long_eq",100.00,0.058504,0.058504,31,31,2026-10-06T13:24:48+02:00
znver4,simde-portable,128,main_filter,31,"filter_long_lt",100.00,0.047370,0.047370,31,31,2026-10-06T13:24:48+02:00
znver4,simde-portable,128,main_filter,31,"filter_long_gt",100.00,0.047822,0.047822,31,31,2026-10-06T13:24:48+02:00
znver4,simde-portable,128,main_filter,31,"filter_long_ne",100.00,0.043750,0.043750,31,31,2026-10-06T13:24:48+02:00
znver4,simde-portable,128,main_filter,31,"filter_long_le",100.00,0.047408,0.047408,31,31,2026-10-06T13:24:48+02:00
znver4,simde-portable,128,main_filter,31,"filter_long_ge",100.00,0.047680,0.047680,31,31,2026-10-06T13:24:48+02:00
znver4,simde-portable,128,main_filter,31,"filter_float_eq",100.00,0.068142,0.068142,31,31,2026-10-06T13:24:48+02:00
znver4,simde-portable,128,main_filter,31,"filter_float_lt",100.00,0.051765,0.051765,31,31,2026-10-06T13:24:48+02:00
znver4,simde-portable,128,main_filter,31,"filter_float_gt",100.00,0.056502,0.056502,31,31,2026-10-06T13:24:48+02:00
znver4,simde-portable,128,main_filter,31,"filter_float_ne",100.00,0.051087,0.051087,31,31,2026-10-06T13:24:48+02:00
znver4,simde-portable,128,main_filter,31,"filter_float_le",100.00,0.051917,0.051917,31,31,2026-10-06T13:24:48+02:00
znver4,simde-portable,128,main_filter,31,"filter_float_ge",100.00,0.056067,0.056067,31,31,2026-10-06T13:24:48+02:00
znver4,simde-portable,128,main_filter,31,"filter_double_eq",100.00,0.058294,0.058294,31,31,2026-10-06T13:24:48+02:00
znver4,simde-portable,128,main_filter,31,"filter_double_lt",100.00,0.047234,0.047234,31,31,2026-10-06T13:24:48+02:00
znver4,simde-portable,128,main_filter,31,"filter_double_gt",100.00,0.047156,0.047156,31,31,2026-10-06T13:24:48+02:00
znver4,simde-portable,128,main_filter,31,"filter_double_ne",100.00,0.043118,0.043118,31,31,2026-10-06T13:24:48+02:00
znver4,simde-portable,128,main_filter,31,"filter_double_le",100.00,0.046880,0.046880,31,31,2026-10-06T13:24:48+02:00
znver4,simde-portable,128,main_filter,31,"filter_double_ge",100.00,0.047141,0.047141,31,31,2026-10-06T13:24:48+02:00
znver4,simde-portable,128,main_filter,31,"filter_char_eq",100.00,0.053592,0.053592,31,31,2026-10-06T13:24:48+02:00
znver4,simde-portable,128,main_filter,31,"filter_char_lt",100.00,0.032641,0.032641,31,31,2026-10-06T13:24:48+02:00
znver4,simde-portable,128,main_filter,31,"filter_char_gt",100.00,0.032827,0.032827,31,31,2026-10-06T13:24:48+02:00
znver4,simde-portable,128,main_filter,31,"filter_char_ne",100.00,0.049201,0.049201,31,31,2026-10-06T13:24:48+02:00
znver4,simde-portable,128,main_filter,31,"filter_char_le",100.00,0.033067,0.033067,31,31,2026-10-06T13:24:48+02:00
znver4,simde-portable,128,main_filter,31,"filter_char_ge",100.00,0.032992,0.032992,31,31,2026-10-06T13:24:48+02:00
